id,name,country,age,height,role,bat_style,bowl_style,t20_no,t20_runs,t20_avg,t20_sr,t20_50,t20_4s,t20_6s,ipl_no,ipl_runs,ipl_avg,ipl_sr,ipl_50,ipl_4s,ipl_6s,t20_wkts,t20_bowl_econ,t20_bowl_avg,t20_bowl_sr,ipl_wkts,ipl_bowl_econ,ipl_bowl_avg,ipl_bowl_sr,team,year,price
465,A Dananjaya,sri lanka,25.0,,bowler,left-handed-bat,right-arm-offbreak,8,65,8.13,90.28,0,7,0,1,4,0.0,80.0,0,0,0,30,8.26,32.17,23.37,0,11.75,0.0,0.0,Mumbai Indians,2018,5000000
4,A Dananjaya,sri lanka,20.0,,bowler,left-handed-bat,right-arm-offbreak,8,65,8.13,90.28,0,7,0,1,4,0.0,80.0,0,0,0,30,8.26,32.17,23.37,0,11.75,0.0,0.0,Chennai Super Kings,2013,1160000
921,JO Holder,west indies,32.0,,bowling-allrounder,right-handed-bat,right-arm-fast-medium,14,491,16.37,129.22,0,31,27,6,259,12.33,123.34,0,13,18,66,8.58,28.88,20.2,53,8.81,27.57,18.77,Rajasthan Royals,2023,57500000
780,JO Holder,west indies,31.0,,bowling-allrounder,right-handed-bat,right-arm-fast-medium,14,491,16.37,129.22,0,31,27,6,259,12.33,123.34,0,13,18,66,8.58,28.88,20.2,53,8.81,27.57,18.77,Lucknow Super Giants,2022,87500000
278,JO Holder,west indies,25.0,,bowling-allrounder,right-handed-bat,right-arm-fast-medium,14,491,16.37,129.22,0,31,27,6,259,12.33,123.34,0,13,18,66,8.58,28.88,20.2,53,8.81,27.57,18.77,Kolkata Knight Riders,2016,7000000
162,JO Holder,west indies,23.0,,bowling-allrounder,right-handed-bat,right-arm-fast-medium,14,491,16.37,129.22,0,31,27,6,259,12.33,123.34,0,13,18,66,8.58,28.88,20.2,53,8.81,27.57,18.77,Sunrisers Hyderabad,2014,7500000
5,JO Holder,west indies,22.0,,bowling-allrounder,right-handed-bat,right-arm-fast-medium,14,491,16.37,129.22,0,31,27,6,259,12.33,123.34,0,13,18,66,8.58,28.88,20.2,53,8.81,27.57,18.77,Chennai Super Kings,2013,1160000
6,J Botha,south africa,31.0,,bowling-allrounder,right-handed-bat,right-arm-offbreak,9,201,18.27,121.82,0,15,9,8,409,20.45,113.93,1,39,5,37,6.38,22.24,20.92,25,6.92,32.0,27.76,Delhi Capitals,2013,26100000
333,MS Gony,india,33.0,,bowler,right-handed-bat,right-arm-fast-medium,0,0,0.0,0.0,0,0,0,7,99,9.9,139.44,0,6,8,0,0.0,0.0,0.0,37,8.7,34.78,24.0,Gujarat Titans,2017,6000000
9,MS Gony,india,29.0,,bowler,right-handed-bat,right-arm-fast-medium,0,0,0.0,0.0,0,0,0,7,99,9.9,139.44,0,6,8,0,0.0,0.0,0.0,37,8.7,34.78,24.0,Punjab Kings,2013,29000000
10,LA Pomersbach,australia,29.0,5.84018,batsman,left-handed-bat,right-arm-offbreak,0,15,15.0,214.29,0,1,1,5,302,27.45,122.77,1,25,13,0,0.0,0.0,0.0,0,0.0,0.0,0.0,Punjab Kings,2013,17400000
11,SMSM Senanayake,sri lanka,28.0,,bowler,right-handed-bat,right-arm-offbreak,6,56,9.33,84.85,0,3,1,3,10,10.0,58.83,0,0,0,25,6.78,21.96,19.44,9,6.53,23.22,21.33,Kolkata Knight Riders,2013,36250000
12,R McLaren,south africa,30.0,,bowling-allrounder,left-handed-bat,right-arm-fast-medium,3,9,9.0,69.24,0,0,0,5,159,19.88,92.99,1,14,1,17,7.57,19.53,15.47,12,9.19,45.17,29.5,Kolkata Knight Riders,2013,2900000
827,NM Coulter-Nile,australia,35.0,,bowler,right-handed-bat,right-arm-fast,4,150,13.64,125.0,0,10,10,6,82,6.83,113.89,0,7,4,34,8.27,23.59,17.12,48,7.7,22.92,17.85,Rajasthan Royals,2022,20000000
657,NM Coulter-Nile,australia,34.0,,bowler,right-handed-bat,right-arm-fast,4,150,13.64,125.0,0,10,10,6,82,6.83,113.89,0,7,4,34,8.27,23.59,17.12,48,7.7,22.92,17.85,Mumbai Indians,2021,50000000
607,NM Coulter-Nile,australia,33.0,,bowler,right-handed-bat,right-arm-fast,4,150,13.64,125.0,0,10,10,6,82,6.83,113.89,0,7,4,34,8.27,23.59,17.12,48,7.7,22.92,17.85,Mumbai Indians,2020,80000000
499,NM Coulter-Nile,australia,31.0,,bowler,right-handed-bat,right-arm-fast,4,150,13.64,125.0,0,10,10,6,82,6.83,113.89,0,7,4,34,8.27,23.59,17.12,48,7.7,22.92,17.85,Royal Challengers Bengaluru,2018,22000000
348,NM Coulter-Nile,australia,30.0,,bowler,right-handed-bat,right-arm-fast,4,150,13.64,125.0,0,10,10,6,82,6.83,113.89,0,7,4,34,8.27,23.59,17.12,48,7.7,22.92,17.85,Kolkata Knight Riders,2017,35000000
53,NM Coulter-Nile,australia,27.0,,bowler,right-handed-bat,right-arm-fast,4,150,13.64,125.0,0,10,10,6,82,6.83,113.89,0,7,4,34,8.27,23.59,17.12,48,7.7,22.92,17.85,Delhi Capitals,2014,42500000
13,NM Coulter-Nile,australia,26.0,,bowler,right-handed-bat,right-arm-fast,4,150,13.64,125.0,0,10,10,6,82,6.83,113.89,0,7,4,34,8.27,23.59,17.12,48,7.7,22.92,17.85,Mumbai Indians,2013,26100000
14,RT Ponting,australia,39.0,5.84018,batsman,right-handed-bat,right-arm-medium,2,401,28.64,132.79,2,41,11,0,91,10.11,71.1,0,5,2,0,0.0,0.0,0.0,0,0.0,0.0,0.0,Mumbai Indians,2013,23200000
16,JDP Oram,new zealand,35.0,6.49638,bowling-allrounder,left-handed-bat,right-arm-fast-medium,7,474,20.61,139.83,2,38,22,4,106,13.25,98.15,0,6,5,19,8.73,41.79,28.74,9,8.84,38.78,26.33,Mumbai Indians,2013,2900000
623,KW Richardson,australia,29.0,,bowler,right-handed-bat,right-arm-fast-medium,3,17,4.25,100.0,0,0,0,1,36,12.0,92.31,0,2,1,45,8.4,23.53,16.8,19,8.45,24.84,17.63,Royal Challengers Bengaluru,2020,40000000
307,KW Richardson,australia,25.0,,bowler,right-handed-bat,right-arm-fast-medium,3,17,4.25,100.0,0,0,0,1,36,12.0,92.31,0,2,1,45,8.4,23.53,16.8,19,8.45,24.84,17.63,Royal Challengers Bengaluru,2016,20000000
123,KW Richardson,australia,23.0,,bowler,right-handed-bat,right-arm-fast-medium,3,17,4.25,100.0,0,0,0,1,36,12.0,92.31,0,2,1,45,8.4,23.53,16.8,19,8.45,24.84,17.63,Rajasthan Royals,2014,10000000
18,KW Richardson,australia,22.0,,bowler,right-handed-bat,right-arm-fast-medium,3,17,4.25,100.0,0,0,0,1,36,12.0,92.31,0,2,1,45,8.4,23.53,16.8,19,8.45,24.84,17.63,Lucknow Super Giants,2013,40600000
122,AM Nayar,india,31.0,,batting-allrounder,left-handed-bat,right-arm-medium,0,0,0.0,0.0,0,0,0,12,672,17.68,116.47,0,55,20,0,0.0,0.0,0.0,9,8.44,35.78,25.44,Rajasthan Royals,2014,10000000
19,AM Nayar,india,30.0,,batting-allrounder,left-handed-bat,right-arm-medium,0,0,0.0,0.0,0,0,0,12,672,17.68,116.47,0,55,20,0,0.0,0.0,0.0,9,8.44,35.78,25.44,Lucknow Super Giants,2013,39150000
21,JP Faulkner,australia,23.0,6.10266,bowling-allrounder,right-handed-bat,left-arm-fast-medium,7,159,14.45,115.22,0,7,5,20,527,21.08,135.83,0,36,23,36,7.97,19.0,14.31,59,8.69,30.14,20.8,Rajasthan Royals,2013,23200000
1178,JD Unadkat,india,34.0,,bowler,right-handed-bat,left-arm-fast-medium,0,0,0.0,0.0,0,0,0,16,197,12.31,118.68,0,16,7,14,8.68,21.5,14.86,99,8.98,32.21,21.53,Sunrisers Hyderabad,2025,10000000
1013,JD Unadkat,india,33.0,,bowler,right-handed-bat,left-arm-fast-medium,0,0,0.0,0.0,0,0,0,16,197,12.31,118.68,0,16,7,14,8.68,21.5,14.86,99,8.98,32.21,21.53,Sunrisers Hyderabad,2024,16000000
908,JD Unadkat,india,32.0,,bowler,right-handed-bat,left-arm-fast-medium,0,0,0.0,0.0,0,0,0,16,197,12.31,118.68,0,16,7,14,8.68,21.5,14.86,99,8.98,32.21,21.53,Lucknow Super Giants,2023,5000000
786,JD Unadkat,india,31.0,,bowler,right-handed-bat,left-arm-fast-medium,0,0,0.0,0.0,0,0,0,16,197,12.31,118.68,0,16,7,14,8.68,21.5,14.86,99,8.98,32.21,21.53,Mumbai Indians,2022,13000000
612,JD Unadkat,india,29.0,,bowler,right-handed-bat,left-arm-fast-medium,0,0,0.0,0.0,0,0,0,16,197,12.31,118.68,0,16,7,14,8.68,21.5,14.86,99,8.98,32.21,21.53,Rajasthan Royals,2020,30000000
565,JD Unadkat,india,28.0,,bowler,right-handed-bat,left-arm-fast-medium,0,0,0.0,0.0,0,0,0,16,197,12.31,118.68,0,16,7,14,8.68,21.5,14.86,99,8.98,32.21,21.53,Rajasthan Royals,2019,84000000
473,JD Unadkat,india,27.0,,bowler,right-handed-bat,left-arm-fast-medium,0,0,0.0,0.0,0,0,0,16,197,12.31,118.68,0,16,7,14,8.68,21.5,14.86,99,8.98,32.21,21.53,Rajasthan Royals,2018,115000000
365,JD Unadkat,india,26.0,,bowler,right-handed-bat,left-arm-fast-medium,0,0,0.0,0.0,0,0,0,16,197,12.31,118.68,0,16,7,14,8.68,21.5,14.86,99,8.98,32.21,21.53,Lucknow Super Giants,2017,3000000
275,JD Unadkat,india,25.0,,bowler,right-handed-bat,left-arm-fast-medium,0,0,0.0,0.0,0,0,0,16,197,12.31,118.68,0,16,7,14,8.68,21.5,14.86,99,8.98,32.21,21.53,Kolkata Knight Riders,2016,16000000
186,JD Unadkat,india,24.0,,bowler,right-handed-bat,left-arm-fast-medium,0,0,0.0,0.0,0,0,0,16,197,12.31,118.68,0,16,7,14,8.68,21.5,14.86,99,8.98,32.21,21.53,Delhi Capitals,2015,11000000
56,JD Unadkat,india,23.0,,bowler,right-handed-bat,left-arm-fast-medium,0,0,0.0,0.0,0,0,0,16,197,12.31,118.68,0,16,7,14,8.68,21.5,14.86,99,8.98,32.21,21.53,Delhi Capitals,2014,28000000
24,JD Unadkat,india,22.0,,bowler,right-handed-bat,left-arm-fast-medium,0,0,0.0,0.0,0,0,0,16,197,12.31,118.68,0,16,7,14,8.68,21.5,14.86,99,8.98,32.21,21.53,Royal Challengers Bengaluru,2013,30450000
666,MC Henriques,australia,34.0,6.135470000000001,batting-allrounder,right-handed-bat,right-arm-fast-medium,4,355,20.88,124.57,2,17,15,18,1000,27.78,126.91,5,87,28,7,8.43,27.71,19.71,42,8.14,30.69,22.62,Punjab Kings,2021,42000000
545,MC Henriques,australia,32.0,6.135470000000001,batting-allrounder,right-handed-bat,right-arm-fast-medium,4,355,20.88,124.57,2,17,15,18,1000,27.78,126.91,5,87,28,7,8.43,27.71,19.71,42,8.14,30.69,22.62,Punjab Kings,2019,10000000
159,MC Henriques,australia,27.0,6.135470000000001,batting-allrounder,right-handed-bat,right-arm-fast-medium,4,355,20.88,124.57,2,17,15,18,1000,27.78,126.91,5,87,28,7,8.43,27.71,19.71,42,8.14,30.69,22.62,Sunrisers Hyderabad,2014,10000000
25,MC Henriques,australia,26.0,6.135470000000001,batting-allrounder,right-handed-bat,right-arm-fast-medium,4,355,20.88,124.57,2,17,15,18,1000,27.78,126.91,5,87,28,7,8.43,27.71,19.71,42,8.14,30.69,22.62,Royal Challengers Bengaluru,2013,17400000
26,P Simran Singh,india,28.0,,bowler,right-handed-bat,right-arm-fast-medium,0,0,0.0,0.0,0,0,0,3,7,3.5,58.34,0,0,0,0,0.0,0.0,0.0,11,9.36,42.55,27.27,Royal Challengers Bengaluru,2013,8700000
680,DT Christian,australia,38.0,,bowling-allrounder,right-handed-bat,right-arm-fast-medium,6,118,14.75,126.89,0,7,6,9,460,14.38,115.58,0,23,19,13,8.56,30.62,21.46,38,8.1,31.37,23.24,Royal Challengers Bengaluru,2021,48000000
408,DT Christian,australia,35.0,,bowling-allrounder,right-handed-bat,right-arm-fast-medium,6,118,14.75,126.89,0,7,6,9,460,14.38,115.58,0,23,19,13,8.56,30.62,21.46,38,8.1,31.37,23.24,Delhi Capitals,2018,15000000
362,DT Christian,australia,34.0,,bowling-allrounder,right-handed-bat,right-arm-fast-medium,6,118,14.75,126.89,0,7,6,9,460,14.38,115.58,0,23,19,13,8.56,30.62,21.46,38,8.1,31.37,23.24,Lucknow Super Giants,2017,10000000
27,DT Christian,australia,30.0,,bowling-allrounder,right-handed-bat,right-arm-fast-medium,6,118,14.75,126.89,0,7,6,9,460,14.38,115.58,0,23,19,13,8.56,30.62,21.46,38,8.1,31.37,23.24,Royal Challengers Bengaluru,2013,5800000
293,NLTC Perera,sri lanka,27.0,6.1,bowling-allrounder,left-handed-bat,right-arm-fast-medium,22,1204,23.15,151.64,3,88,64,8,422,19.18,137.46,0,23,26,51,9.35,33.67,21.61,31,8.73,32.77,22.52,Lucknow Super Giants,2016,10000000
78,NLTC Perera,sri lanka,25.0,6.1,bowling-allrounder,left-handed-bat,right-arm-fast-medium,22,1204,23.15,151.64,3,88,64,8,422,19.18,137.46,0,23,26,51,9.35,33.67,21.61,31,8.73,32.77,22.52,Punjab Kings,2014,16000000
29,NLTC Perera,sri lanka,24.0,6.1,bowling-allrounder,left-handed-bat,right-arm-fast-medium,22,1204,23.15,151.64,3,88,64,8,422,19.18,137.46,0,23,26,51,9.35,33.67,21.61,31,8.73,32.77,22.52,Sunrisers Hyderabad,2013,39150000
344,DJG Sammy,west indies,34.0,,batting-allrounder,right-handed-bat,right-arm-medium,18,587,17.26,147.49,0,45,31,5,295,19.67,122.41,1,15,18,44,7.31,25.36,20.82,11,8.9,31.82,21.45,Punjab Kings,2017,3000000
219,DJG Sammy,west indies,32.0,,batting-allrounder,right-handed-bat,right-arm-medium,18,587,17.26,147.49,0,45,31,5,295,19.67,122.41,1,15,18,44,7.31,25.36,20.82,11,8.9,31.82,21.45,Royal Challengers Bengaluru,2015,28000000
156,DJG Sammy,west indies,31.0,,batting-allrounder,right-handed-bat,right-arm-medium,18,587,17.26,147.49,0,45,31,5,295,19.67,122.41,1,15,18,44,7.31,25.36,20.82,11,8.9,31.82,21.45,Sunrisers Hyderabad,2014,35000000
30,DJG Sammy,west indies,30.0,,batting-allrounder,right-handed-bat,right-arm-medium,18,587,17.26,147.49,0,45,31,5,295,19.67,122.41,1,15,18,44,7.31,25.36,20.82,11,8.9,31.82,21.45,Sunrisers Hyderabad,2013,24650000
31,Kartik Tyagi,india,26.0,,bowler,right-handed-bat,right-arm-fast-medium,0,0,0.0,0.0,0,0,0,2,3,3.0,75.0,0,0,0,0,10.5,0.0,0.0,6,8.47,49.17,34.83,Sunrisers Hyderabad,2013,5800000
33,BB McCullum,new zealand,33.0,,bowling-allrounder,right-handed-bat,right-arm-offbreak,15,299,11.5,100.68,0,19,8,1,26,26.0,118.19,0,0,1,58,6.83,22.03,19.36,0,6.8,0.0,0.0,Sunrisers Hyderabad,2013,5800000
1073,Q de Kock,south africa,33.0,,wk-batsman,left-handed-bat,,9,2584,31.51,138.33,16,264,103,6,3157,31.26,134.23,23,316,123,0,0.0,0.0,0.0,0,0.0,0.0,0.0,Kolkata Knight Riders,2025,36000000
766,Q de Kock,south africa,30.0,,wk-batsman,left-handed-bat,,9,2584,31.51,138.33,16,264,103,6,3157,31.26,134.23,23,316,123,0,0.0,0.0,0.0,0,0.0,0.0,0.0,Lucknow Super Giants,2022,67500000
498,Q de Kock,south africa,26.0,,wk-batsman,left-handed-bat,,9,2584,31.51,138.33,16,264,103,6,3157,31.26,134.23,23,316,123,0,0.0,0.0,0.0,0,0.0,0.0,0.0,Royal Challengers Bengaluru,2018,28000000
54,Q de Kock,south africa,22.0,,wk-batsman,left-handed-bat,,9,2584,31.51,138.33,16,264,103,6,3157,31.26,134.23,23,316,123,0,0.0,0.0,0.0,0,0.0,0.0,0.0,Delhi Capitals,2014,35000000
34,Q de Kock,south africa,21.0,,wk-batsman,left-handed-bat,,9,2584,31.51,138.33,16,264,103,6,3157,31.26,134.23,23,316,123,0,0.0,0.0,0.0,0,0.0,0.0,0.0,Sunrisers Hyderabad,2013,1160000
1041,F du Plessis,south africa,41.0,,batsman,right-handed-bat,right-arm-legbreak,7,1528,35.53,134.39,10,140,50,11,4571,35.99,136.37,37,421,166,0,2.25,0.0,0.0,0,16.0,0.0,0.0,Delhi Capitals,2025,20000000
838,F du Plessis,south africa,38.0,,batsman,right-handed-bat,right-arm-legbreak,7,1528,35.53,134.39,10,140,50,11,4571,35.99,136.37,37,421,166,0,2.25,0.0,0.0,0,16.0,0.0,0.0,Royal Challengers Bengaluru,2022,70000000
387,F du Plessis,south africa,34.0,,batsman,right-handed-bat,right-arm-legbreak,7,1528,35.53,134.39,10,140,50,11,4571,35.99,136.37,37,421,166,0,2.25,0.0,0.0,0,16.0,0.0,0.0,Chennai Super Kings,2018,16000000
35,F du Plessis,south africa,30.0,,batsman,right-handed-bat,right-arm-legbreak,7,1528,35.53,134.39,10,140,50,11,4571,35.99,136.37,37,421,166,0,2.25,0.0,0.0,0,16.0,0.0,0.0,Chennai Super Kings,2014,47500000
251,DR Smith,west indies,33.0,,batting-allrounder,right-handed-bat,right-arm-medium,0,582,18.19,122.27,3,62,31,5,2385,28.39,135.21,17,245,117,7,8.96,30.29,20.29,26,9.02,31.15,20.73,Gujarat Titans,2016,23000000
841,KD Karthik,india,37.0,,wk-batsman,right-handed-bat,,22,686,26.38,142.62,1,71,28,50,4842,26.32,135.37,22,466,161,0,18.0,0.0,0.0,0,0.0,0.0,0.0,Royal Challengers Bengaluru,2022,55000000
36,DR Smith,west indies,31.0,,batting-allrounder,right-handed-bat,right-arm-medium,0,582,18.19,122.27,3,62,31,5,2385,28.39,135.21,17,245,117,7,8.96,30.29,20.29,26,9.02,31.15,20.73,Chennai Super Kings,2014,45000000
317,A Nehra,india,37.0,,bowler,right-handed-bat,left-arm-fast-medium,0,28,5.6,71.8,0,1,2,15,41,5.86,66.13,0,3,1,34,7.73,22.29,17.29,106,7.85,23.54,18.0,Sunrisers Hyderabad,2016,55000000
37,A Nehra,india,35.0,,bowler,right-handed-bat,left-arm-fast-medium,0,28,5.6,71.8,0,1,2,15,41,5.86,66.13,0,3,1,34,7.73,22.29,17.29,106,7.85,23.54,18.0,Chennai Super Kings,2014,20000000
1040,MM Sharma,india,37.0,,bowler,right-handed-bat,right-arm-fast-medium,2,3,0.0,42.86,0,0,0,14,124,7.29,93.24,0,8,4,6,8.04,30.83,23.0,132,8.67,24.67,17.07,Delhi Capitals,2025,22000000
888,MM Sharma,india,35.0,,bowler,right-handed-bat,right-arm-fast-medium,2,3,0.0,42.86,0,0,0,14,124,7.29,93.24,0,8,4,6,8.04,30.83,23.0,132,8.67,24.67,17.07,Gujarat Titans,2023,5000000
591,MM Sharma,india,32.0,,bowler,right-handed-bat,right-arm-fast-medium,2,3,0.0,42.86,0,0,0,14,124,7.29,93.24,0,8,4,6,8.04,30.83,23.0,132,8.67,24.67,17.07,Delhi Capitals,2020,5000000
529,MM Sharma,india,31.0,,bowler,right-handed-bat,right-arm-fast-medium,2,3,0.0,42.86,0,0,0,14,124,7.29,93.24,0,8,4,6,8.04,30.83,23.0,132,8.67,24.67,17.07,Chennai Super Kings,2019,50000000
427,MM Sharma,india,30.0,,bowler,right-handed-bat,right-arm-fast-medium,2,3,0.0,42.86,0,0,0,14,124,7.29,93.24,0,8,4,6,8.04,30.83,23.0,132,8.67,24.67,17.07,Punjab Kings,2018,24000000
267,MM Sharma,india,28.0,,bowler,right-handed-bat,right-arm-fast-medium,2,3,0.0,42.86,0,0,0,14,124,7.29,93.24,0,8,4,6,8.04,30.83,23.0,132,8.67,24.67,17.07,Punjab Kings,2016,65000000
38,MM Sharma,india,26.0,,bowler,right-handed-bat,right-arm-fast-medium,2,3,0.0,42.86,0,0,0,14,124,7.29,93.24,0,8,4,6,8.04,30.83,23.0,132,8.67,24.67,17.07,Chennai Super Kings,2014,20000000
299,IC Pandey,india,27.0,,bowler,right-handed-bat,right-arm-fast-medium,0,0,0.0,0.0,0,0,0,0,0,0.0,0.0,0,0,0,0,0.0,0.0,0.0,18,7.68,32.83,25.67,Lucknow Super Giants,2016,2000000
39,IC Pandey,india,25.0,,bowler,right-handed-bat,right-arm-fast-medium,0,0,0.0,0.0,0,0,0,0,0,0.0,0.0,0,0,0,0,0.0,0.0,0.0,18,7.68,32.83,25.67,Chennai Super Kings,2014,15000000
40,BW Hilfenhaus,australia,31.0,6.10266,bowler,right-handed-bat,right-arm-fast-medium,1,2,1.0,20.0,0,0,0,1,0,0.0,0.0,0,0,0,9,6.19,17.89,17.33,22,7.73,21.77,16.91,Chennai Super Kings,2014,10000000
277,JW Hastings,australia,31.0,6.39795,bowling-allrounder,right-handed-bat,right-arm-fast-medium,2,46,11.5,124.33,0,3,1,0,0,0.0,0.0,0,0,0,7,7.97,35.29,26.57,3,6.83,22.0,19.33,Kolkata Knight Riders,2016,13000000
41,JW Hastings,australia,29.0,6.39795,bowling-allrounder,right-handed-bat,right-arm-fast-medium,2,46,11.5,124.33,0,3,1,0,0,0.0,0.0,0,0,0,7,7.97,35.29,26.57,3,6.83,22.0,19.33,Chennai Super Kings,2014,5000000
308,S Badree,west indies,35.0,,bowler,right-handed-bat,right-arm-legbreak,10,43,7.17,66.16,0,1,1,0,13,2.6,56.53,0,0,0,56,6.18,21.07,20.46,11,7.42,29.0,23.45,Royal Challengers Bengaluru,2016,5000000
42,S Badree,west indies,33.0,,bowler,right-handed-bat,right-arm-legbreak,10,43,7.17,66.16,0,1,1,0,13,2.6,56.53,0,0,0,56,6.18,21.07,20.46,11,7.42,29.0,23.45,Chennai Super Kings,2014,3000000
343,MJ Henry,new zealand,26.0,,bowler,right-handed-bat,right-arm-fast-medium,3,24,6.0,88.89,0,2,1,0,0,0.0,0.0,0,0,0,27,8.3,23.67,17.11,2,10.65,90.5,51.0,Punjab Kings,2017,5000000
43,MJ Henry,new zealand,23.0,,bowler,right-handed-bat,right-arm-fast-medium,3,24,6.0,88.89,0,2,1,0,0,0.0,0.0,0,0,0,27,8.3,23.67,17.11,2,10.65,90.5,51.0,Chennai Super Kings,2014,3000000
44,M Manhas,india,35.0,,batting-allrounder,right-handed-bat,right-arm-offbreak,0,0,0.0,0.0,0,0,0,15,514,22.35,109.37,0,43,10,0,0.0,0.0,0.0,0,6.0,0.0,0.0,Chennai Super Kings,2014,3000000
1027,V Shankar,india,34.0,,batting-allrounder,right-handed-bat,right-arm-medium,0,101,25.25,138.36,0,11,5,16,1115,25.34,129.81,6,80,45,5,9.1,38.2,25.2,9,8.67,38.22,26.44,Chennai Super Kings,2025,12000000
737,V Shankar,india,31.0,,batting-allrounder,right-handed-bat,right-arm-medium,0,101,25.25,138.36,0,11,5,16,1115,25.34,129.81,6,80,45,5,9.1,38.2,25.2,9,8.67,38.22,26.44,Gujarat Titans,2022,14000000
403,V Shankar,india,27.0,,batting-allrounder,right-handed-bat,right-arm-medium,0,101,25.25,138.36,0,11,5,16,1115,25.34,129.81,6,80,45,5,9.1,38.2,25.2,9,8.67,38.22,26.44,Delhi Capitals,2018,32000000
320,V Shankar,india,25.0,,batting-allrounder,right-handed-bat,right-arm-medium,0,101,25.25,138.36,0,11,5,16,1115,25.34,129.81,6,80,45,5,9.1,38.2,25.2,9,8.67,38.22,26.44,Sunrisers Hyderabad,2016,3500000
45,V Shankar,india,23.0,,batting-allrounder,right-handed-bat,right-arm-medium,0,101,25.25,138.36,0,11,5,16,1115,25.34,129.81,6,80,45,5,9.1,38.2,25.2,9,8.67,38.22,26.44,Chennai Super Kings,2014,1000000
46,RG More,india,22.0,,bowler,right-handed-bat,right-arm-medium,0,0,0.0,0.0,0,0,0,1,2,0.0,100.0,0,0,0,0,0.0,0.0,0.0,1,10.11,59.0,35.0,Chennai Super Kings,2014,1000000
653,P Negi,india,28.0,,bowling-allrounder,left-handed-bat,left-arm-orthodox,0,0,0.0,0.0,0,0,0,9,365,14.04,126.3,0,27,16,1,5.33,16.0,18.0,34,7.87,27.62,21.06,Kolkata Knight Riders,2021,5000000
506,P Negi,india,25.0,,bowling-allrounder,left-handed-bat,left-arm-orthodox,0,0,0.0,0.0,0,0,0,9,365,14.04,126.3,0,27,16,1,5.33,16.0,18.0,34,7.87,27.62,21.06,Royal Challengers Bengaluru,2018,10000000
372,P Negi,india,24.0,,bowling-allrounder,left-handed-bat,left-arm-orthodox,0,0,0.0,0.0,0,0,0,9,365,14.04,126.3,0,27,16,1,5.33,16.0,18.0,34,7.87,27.62,21.06,Royal Challengers Bengaluru,2017,10000000
234,P Negi,india,23.0,,bowling-allrounder,left-handed-bat,left-arm-orthodox,0,0,0.0,0.0,0,0,0,9,365,14.04,126.3,0,27,16,1,5.33,16.0,18.0,34,7.87,27.62,21.06,Delhi Capitals,2016,85000000
48,P Negi,india,21.0,,bowling-allrounder,left-handed-bat,left-arm-orthodox,0,0,0.0,0.0,0,0,0,9,365,14.04,126.3,0,27,16,1,5.33,16.0,18.0,34,7.87,27.62,21.06,Chennai Super Kings,2014,1000000
218,KD Karthik,india,30.0,,wk-batsman,right-handed-bat,,22,686,26.38,142.62,1,71,28,50,4842,26.32,135.37,22,466,161,0,18.0,0.0,0.0,0,0.0,0.0,0.0,Royal Challengers Bengaluru,2015,105000000
291,KP Pietersen,england,36.0,6.4,batsman,right-handed-bat,right-arm-offbreak,5,1176,37.94,141.52,7,119,32,8,1001,35.75,134.73,4,91,40,1,10.6,53.0,30.0,7,7.41,30.71,24.86,Lucknow Super Giants,2016,35000000
227,KP Pietersen,england,35.0,6.4,batsman,right-handed-bat,right-arm-offbreak,5,1176,37.94,141.52,7,119,32,8,1001,35.75,134.73,4,91,40,1,10.6,53.0,30.0,7,7.41,30.71,24.86,Sunrisers Hyderabad,2015,20000000
50,KP Pietersen,england,34.0,6.4,batsman,right-handed-bat,right-arm-offbreak,5,1176,37.94,141.52,7,119,32,8,1001,35.75,134.73,4,91,40,1,10.6,53.0,30.0,7,7.41,30.71,24.86,Delhi Capitals,2014,90000000
385,M Vijay,india,34.0,,batsman,right-handed-bat,right-arm-offbreak,0,169,18.78,109.75,0,13,8,5,2619,25.93,121.88,13,247,91,0,4.5,0.0,0.0,0,8.17,0.0,0.0,Chennai Super Kings,2018,20000000
194,M Vijay,india,31.0,,batsman,right-handed-bat,right-arm-offbreak,0,169,18.78,109.75,0,13,8,5,2619,25.93,121.88,13,247,91,0,4.5,0.0,0.0,0,8.17,0.0,0.0,Punjab Kings,2015,30000000
51,M Vijay,india,30.0,,batsman,right-handed-bat,right-arm-offbreak,0,169,18.78,109.75,0,13,8,5,2619,25.93,121.88,13,247,91,0,4.5,0.0,0.0,0,8.17,0.0,0.0,Delhi Capitals,2014,50000000
1170,Mohammed Shami,india,35.0,,bowler,right-handed-bat,right-arm-fast,3,7,3.5,70.0,0,0,1,12,74,5.69,93.68,0,6,2,27,8.95,28.19,18.89,127,8.44,26.86,19.1,Sunrisers Hyderabad,2025,100000000
127,DH Yagnik,india,31.0,,wk-batsman,left-handed-bat,,0,0,0.0,0.0,0,0,0,7,170,17.0,124.09,0,23,2,0,0.0,0.0,0.0,0,0.0,0.0,0.0,Rajasthan Royals,2014,3000000
727,Mohammed Shami,india,32.0,,bowler,right-handed-bat,right-arm-fast,3,7,3.5,70.0,0,0,1,12,74,5.69,93.68,0,6,2,27,8.95,28.19,18.89,127,8.44,26.86,19.1,Gujarat Titans,2022,62500000
543,Mohammed Shami,india,29.0,,bowler,right-handed-bat,right-arm-fast,3,7,3.5,70.0,0,0,1,12,74,5.69,93.68,0,6,2,27,8.95,28.19,18.89,127,8.44,26.86,19.1,Punjab Kings,2019,48000000
405,Mohammed Shami,india,28.0,,bowler,right-handed-bat,right-arm-fast,3,7,3.5,70.0,0,0,1,12,74,5.69,93.68,0,6,2,27,8.95,28.19,18.89,127,8.44,26.86,19.1,Delhi Capitals,2018,30000000
52,Mohammed Shami,india,24.0,,bowler,right-handed-bat,right-arm-fast,3,7,3.5,70.0,0,0,1,12,74,5.69,93.68,0,6,2,27,8.95,28.19,18.89,127,8.44,26.86,19.1,Delhi Capitals,2014,42500000
432,MK Tiwary,india,33.0,,batsman,right-handed-bat,right-arm-legbreak,0,15,15.0,88.24,0,0,0,26,1695,28.73,116.98,7,156,40,0,0.0,0.0,0.0,1,11.86,83.0,42.0,Punjab Kings,2018,10000000
363,MK Tiwary,india,32.0,,batsman,right-handed-bat,right-arm-legbreak,0,15,15.0,88.24,0,0,0,26,1695,28.73,116.98,7,156,40,0,0.0,0.0,0.0,1,11.86,83.0,42.0,Lucknow Super Giants,2017,5000000
55,MK Tiwary,india,29.0,,batsman,right-handed-bat,right-arm-legbreak,0,15,15.0,88.24,0,0,0,26,1695,28.73,116.98,7,156,40,0,0.0,0.0,0.0,1,11.86,83.0,42.0,Delhi Capitals,2014,28000000
463,JP Duminy,south africa,34.0,,batting-allrounder,left-handed-bat,right-arm-offbreak,25,1934,38.68,126.25,11,138,71,26,2029,39.78,124.03,14,126,79,21,7.76,28.52,22.05,23,7.38,36.26,29.48,Mumbai Indians,2018,10000000
57,JP Duminy,south africa,30.0,,batting-allrounder,left-handed-bat,right-arm-offbreak,25,1934,38.68,126.25,11,138,71,26,2029,39.78,124.03,14,126,79,21,7.76,28.52,22.05,23,7.38,36.26,29.48,Delhi Capitals,2014,22000000
58,LRPL Taylor,new zealand,30.0,,batsman,right-handed-bat,right-arm-offbreak,19,1909,25.45,122.38,7,122,71,14,1017,25.43,123.73,3,66,46,0,0.0,0.0,0.0,0,12.0,0.0,0.0,Delhi Capitals,2014,20000000
175,RG Sharma,india,29.0,,bowler,right-handed-bat,right-arm-legbreak,0,0,0.0,0.0,0,0,0,6,66,4.71,88.0,0,5,3,3,7.64,18.67,14.67,40,7.02,27.15,23.2,Chennai Super Kings,2015,3000000
59,RG Sharma,india,28.0,,bowler,right-handed-bat,right-arm-legbreak,0,0,0.0,0.0,0,0,0,6,66,4.71,88.0,0,5,3,3,7.64,18.67,14.67,40,7.02,27.15,23.2,Delhi Capitals,2014,19000000
946,MA Agarwal,india,32.0,,batsman,right-handed-bat,right-arm-offbreak,0,0,0.0,0.0,0,0,0,4,2665,22.78,133.25,13,264,98,0,0.0,0.0,0.0,0,0.0,0.0,0.0,Sunrisers Hyderabad,2023,82500000
433,MA Agarwal,india,27.0,,batsman,right-handed-bat,right-arm-offbreak,0,0,0.0,0.0,0,0,0,4,2665,22.78,133.25,13,264,98,0,0.0,0.0,0.0,0,0.0,0.0,0.0,Punjab Kings,2018,10000000
60,MA Agarwal,india,23.0,,batsman,right-handed-bat,right-arm-offbreak,0,0,0.0,0.0,0,0,0,4,2665,22.78,133.25,13,264,98,0,0.0,0.0,0.0,0,0.0,0.0,0.0,Delhi Capitals,2014,16000000
230,LR Shukla,india,34.0,,batting-allrounder,right-handed-bat,right-arm-medium,0,0,0.0,0.0,0,0,0,7,405,15.0,115.72,0,33,15,0,0.0,0.0,0.0,15,8.54,29.8,20.93,Sunrisers Hyderabad,2015,3000000
61,LR Shukla,india,33.0,,batting-allrounder,right-handed-bat,right-arm-medium,0,0,0.0,0.0,0,0,0,7,405,15.0,115.72,0,33,15,0,0.0,0.0,0.0,15,8.54,29.8,20.93,Delhi Capitals,2014,15000000
826,JDS Neesham,new zealand,32.0,,batting-allrounder,left-handed-bat,right-arm-fast-medium,21,944,22.48,154.51,0,72,51,1,92,10.22,98.93,0,6,2,39,9.1,27.64,18.23,8,9.28,41.75,27.0,Rajasthan Royals,2022,15000000
659,JDS Neesham,new zealand,31.0,,batting-allrounder,left-handed-bat,right-arm-fast-medium,21,944,22.48,154.51,0,72,51,1,92,10.22,98.93,0,6,2,39,9.1,27.64,18.23,8,9.28,41.75,27.0,Mumbai Indians,2021,5000000
596,JDS Neesham,new zealand,30.0,,batting-allrounder,left-handed-bat,right-arm-fast-medium,21,944,22.48,154.51,0,72,51,1,92,10.22,98.93,0,6,2,39,9.1,27.64,18.23,8,9.28,41.75,27.0,Punjab Kings,2020,5000000
198,JDS Neesham,new zealand,25.0,,batting-allrounder,left-handed-bat,right-arm-fast-medium,21,944,22.48,154.51,0,72,51,1,92,10.22,98.93,0,6,2,39,9.1,27.64,18.23,8,9.28,41.75,27.0,Kolkata Knight Riders,2015,5000000
62,JDS Neesham,new zealand,24.0,,batting-allrounder,left-handed-bat,right-arm-fast-medium,21,944,22.48,154.51,0,72,51,1,92,10.22,98.93,0,6,2,39,9.1,27.64,18.23,8,9.28,41.75,27.0,Delhi Capitals,2014,10000000
63,WD Parnell,south africa,25.0,,bowler,left-handed-bat,left-arm-fast-medium,13,174,17.4,96.67,0,13,4,4,65,6.5,81.25,0,4,1,59,8.3,25.64,18.54,35,7.78,26.77,20.66,Delhi Capitals,2014,10000000
772,S Nadeem,india,33.0,,bowler,right-handed-bat,left-arm-orthodox,0,0,0.0,0.0,0,0,0,8,39,2.79,44.83,0,2,0,0,0.0,0.0,0.0,48,7.56,37.17,29.48,Lucknow Super Giants,2022,5000000
402,S Nadeem,india,29.0,,bowler,right-handed-bat,left-arm-orthodox,0,0,0.0,0.0,0,0,0,8,39,2.79,44.83,0,2,0,0,0.0,0.0,0.0,48,7.56,37.17,29.48,Delhi Capitals,2018,32000000
64,S Nadeem,india,25.0,,bowler,right-handed-bat,left-arm-orthodox,0,0,0.0,0.0,0,0,0,8,39,2.79,44.83,0,2,0,0,0.0,0.0,0.0,48,7.56,37.17,29.48,Delhi Capitals,2014,8500000
850,S Kaul,india,32.0,,bowler,right-handed-bat,right-arm-fast-medium,0,0,0.0,0.0,0,0,0,8,20,5.0,55.56,0,1,0,4,8.69,21.0,14.5,58,8.63,29.98,20.84,Royal Challengers Bengaluru,2022,7500000
514,S Kaul,india,28.0,,bowler,right-handed-bat,right-arm-fast-medium,0,0,0.0,0.0,0,0,0,8,20,5.0,55.56,0,1,0,4,8.69,21.0,14.5,58,8.63,29.98,20.84,Sunrisers Hyderabad,2018,38000000
233,S Kaul,india,25.0,,bowler,right-handed-bat,right-arm-fast-medium,0,0,0.0,0.0,0,0,0,8,20,5.0,55.56,0,1,0,4,8.69,21.0,14.5,58,8.63,29.98,20.84,Sunrisers Hyderabad,2015,1000000
65,S Kaul,india,24.0,,bowler,right-handed-bat,right-arm-fast-medium,0,0,0.0,0.0,0,0,0,8,20,5.0,55.56,0,1,0,4,8.69,21.0,14.5,58,8.63,29.98,20.84,Delhi Capitals,2014,4500000
66,R Shukla,india,24.0,,bowler,right-handed-bat,right-arm-fast-medium,0,0,0.0,0.0,0,0,0,3,19,19.0,82.61,0,2,0,0,0.0,0.0,0.0,5,10.4,41.6,24.0,Delhi Capitals,2014,4000000
1064,J Yadav,india,35.0,,bowling-allrounder,right-handed-bat,right-arm-offbreak,0,0,0.0,0.0,0,0,0,1,40,10.0,111.12,0,2,1,0,0.0,0.0,0.0,8,6.85,55.63,48.75,Gujarat Titans,2025,7500000
738,J Yadav,india,32.0,,bowling-allrounder,right-handed-bat,right-arm-offbreak,0,0,0.0,0.0,0,0,0,1,40,10.0,111.12,0,2,1,0,0.0,0.0,0.0,8,6.85,55.63,48.75,Gujarat Titans,2022,17000000
414,J Yadav,india,28.0,,bowling-allrounder,right-handed-bat,right-arm-offbreak,0,0,0.0,0.0,0,0,0,1,40,10.0,111.12,0,2,1,0,0.0,0.0,0.0,8,6.85,55.63,48.75,Delhi Capitals,2018,5000000
67,J Yadav,india,24.0,,bowling-allrounder,right-handed-bat,right-arm-offbreak,0,0,0.0,0.0,0,0,0,1,40,10.0,111.12,0,2,1,0,0.0,0.0,0.0,8,6.85,55.63,48.75,Delhi Capitals,2014,1000000
68,BR Sharath,india,21.0,,bowler,right-handed-bat,right-arm-medium,0,0,0.0,0.0,0,0,0,0,0,0.0,0.0,0,0,0,0,0.0,0.0,0.0,0,0.0,0.0,0.0,Delhi Capitals,2014,1000000
580,Mukesh Kumar,united states of america,28.0,,batting-allrounder,right-handed-bat,right-arm-offbreak,4,172,24.57,96.09,0,12,0,0,0,0.0,0.0,0,0,0,6,8.64,20.17,14.0,0,0.0,0.0,0.0,Royal Challengers Bengaluru,2019,2000000
69,Mukesh Kumar,united states of america,23.0,,batting-allrounder,right-handed-bat,right-arm-offbreak,4,172,24.57,96.09,0,12,0,0,0,0.0,0.0,0,0,0,6,8.64,20.17,14.0,0,0.0,0.0,0.0,Delhi Capitals,2014,1000000
444,MG Johnson,australia,37.0,6.20109,bowler,left-handed-bat,left-arm-fast,7,109,10.9,114.74,0,8,3,17,167,12.85,101.83,0,10,7,38,7.29,20.97,17.26,61,8.29,27.9,20.2,Kolkata Knight Riders,2018,20000000
357,MG Johnson,australia,36.0,6.20109,bowler,left-handed-bat,left-arm-fast,7,109,10.9,114.74,0,8,3,17,167,12.85,101.83,0,10,7,38,7.29,20.97,17.26,61,8.29,27.9,20.2,Mumbai Indians,2017,20000000
70,MG Johnson,australia,33.0,6.20109,bowler,left-handed-bat,left-arm-fast,7,109,10.9,114.74,0,8,3,17,167,12.85,101.83,0,10,7,38,7.29,20.97,17.26,61,8.29,27.9,20.2,Punjab Kings,2014,65000000
71,GJ Bailey,australia,32.0,5.84018,batsman,right-handed-bat,right-arm-medium,7,473,24.89,136.71,2,37,20,10,663,24.56,121.88,2,59,19,0,0.0,0.0,0.0,0,0.0,0.0,0.0,Punjab Kings,2014,32500000
72,V Sehwag,india,36.0,,batsman,right-handed-bat,right-arm-offbreak,0,394,21.89,145.39,2,43,16,5,2728,27.56,155.45,16,334,106,0,20.0,0.0,0.0,6,10.37,39.17,22.67,Punjab Kings,2014,32000000
810,R Dhawan,india,32.0,,bowling-allrounder,right-handed-bat,right-arm-fast-medium,1,1,0.0,50.0,0,0,0,13,210,19.09,112.3,0,18,7,1,10.5,42.0,24.0,25,8.08,35.64,26.48,Punjab Kings,2022,5500000
349,R Dhawan,india,27.0,,bowling-allrounder,right-handed-bat,right-arm-fast-medium,1,1,0.0,50.0,0,0,0,13,210,19.09,112.3,0,18,7,1,10.5,42.0,24.0,25,8.08,35.64,26.48,Kolkata Knight Riders,2017,5500000
73,R Dhawan,india,24.0,,bowling-allrounder,right-handed-bat,right-arm-fast-medium,1,1,0.0,50.0,0,0,0,13,210,19.09,112.3,0,18,7,1,10.5,42.0,24.0,25,8.08,35.64,26.48,Punjab Kings,2014,30000000
730,WP Saha,india,38.0,,wk-batsman,right-handed-bat,,0,0,0.0,0.0,0,0,0,24,2934,24.25,127.57,13,296,87,0,0.0,0.0,0.0,0,0.0,0.0,0.0,Gujarat Titans,2022,19000000
582,WP Saha,india,35.0,,wk-batsman,right-handed-bat,,0,0,0.0,0.0,0,0,0,24,2934,24.25,127.57,13,296,87,0,0.0,0.0,0.0,0,0.0,0.0,0.0,Sunrisers Hyderabad,2019,12000000
513,WP Saha,india,34.0,,wk-batsman,right-handed-bat,,0,0,0.0,0.0,0,0,0,24,2934,24.25,127.57,13,296,87,0,0.0,0.0,0.0,0,0.0,0.0,0.0,Sunrisers Hyderabad,2018,50000000
74,WP Saha,india,30.0,,wk-batsman,right-handed-bat,,0,0,0.0,0.0,0,0,0,24,2934,24.25,127.57,13,296,87,0,0.0,0.0,0.0,0,0.0,0.0,0.0,Punjab Kings,2014,22000000
638,CA Pujara,india,33.0,,batsman,right-handed-bat,right-arm-legbreak,0,0,0.0,0.0,0,0,0,3,390,20.53,99.75,1,50,4,0,0.0,0.0,0.0,0,0.0,0.0,0.0,Chennai Super Kings,2021,5000000
75,CA Pujara,india,26.0,,batsman,right-handed-bat,right-arm-legbreak,0,0,0.0,0.0,0,0,0,3,390,20.53,99.75,1,50,4,0,0.0,0.0,0.0,0,0.0,0.0,0.0,Punjab Kings,2014,19000000
76,BE Hendricks,south africa,24.0,,bowler,left-handed-bat,left-arm-fast-medium,2,18,6.0,78.27,0,0,1,2,1,1.0,33.34,0,0,0,25,9.2,25.08,16.36,9,9.4,26.11,16.67,Punjab Kings,2014,18000000
77,L Balaji,india,33.0,,bowler,right-handed-bat,right-arm-fast-medium,0,0,0.0,0.0,0,0,0,7,36,4.5,73.47,0,2,1,10,7.56,12.1,9.6,76,8.05,26.7,19.91,Punjab Kings,2014,18000000
808,Sandeep Sharma,india,29.0,,bowler,right-handed-bat,right-arm-fast-medium,1,1,0.0,100.0,0,0,0,21,54,9.0,77.15,0,4,0,1,10.43,73.0,42.0,137,7.89,27.07,20.6,Punjab Kings,2022,5000000
516,Sandeep Sharma,india,25.0,,bowler,right-handed-bat,right-arm-fast-medium,1,1,0.0,100.0,0,0,0,21,54,9.0,77.15,0,4,0,1,10.43,73.0,42.0,137,7.89,27.07,20.6,Sunrisers Hyderabad,2018,30000000
80,Sandeep Sharma,india,21.0,,bowler,right-handed-bat,right-arm-fast-medium,1,1,0.0,100.0,0,0,0,21,54,9.0,77.15,0,4,0,1,10.43,73.0,42.0,137,7.89,27.07,20.6,Punjab Kings,2014,8500000
896,Mandeep Singh,india,32.0,,batsman,right-handed-bat,right-arm-medium,1,87,43.5,119.18,1,11,1,16,1706,20.8,122.92,6,176,38,0,0.0,0.0,0.0,0,13.0,0.0,0.0,Kolkata Knight Riders,2023,5000000
716,Mandeep Singh,india,31.0,,batsman,right-handed-bat,right-arm-medium,1,87,43.5,119.18,1,11,1,16,1706,20.8,122.92,6,176,38,0,0.0,0.0,0.0,0,13.0,0.0,0.0,Delhi Capitals,2022,11000000
504,Mandeep Singh,india,27.0,,batsman,right-handed-bat,right-arm-medium,1,87,43.5,119.18,1,11,1,16,1706,20.8,122.92,6,176,38,0,0.0,0.0,0.0,0,13.0,0.0,0.0,Royal Challengers Bengaluru,2018,14000000
81,Mandeep Singh,india,23.0,,batsman,right-handed-bat,right-arm-medium,1,87,43.5,119.18,1,11,1,16,1706,20.8,122.92,6,176,38,0,0.0,0.0,0.0,0,13.0,0.0,0.0,Punjab Kings,2014,8000000
532,AR Patel,india,25.0,,bowling-allrounder,left-handed-bat,left-arm-orthodox,15,535,18.45,139.33,1,41,23,36,1653,21.47,130.88,3,107,79,71,7.3,22.13,18.18,123,7.28,30.55,25.2,Delhi Capitals,2019,50000000
82,AR Patel,india,20.0,,bowling-allrounder,left-handed-bat,left-arm-orthodox,15,535,18.45,139.33,1,41,23,36,1653,21.47,130.88,3,107,79,71,7.3,22.13,18.18,123,7.28,30.55,25.2,Punjab Kings,2014,7500000
952,SN Thakur,india,33.0,,bowling-allrounder,right-handed-bat,right-arm-fast-medium,3,69,23.0,181.58,0,5,4,12,307,12.28,138.92,1,27,13,33,9.15,23.39,15.33,94,9.23,30.52,19.85,Chennai Super Kings,2024,40000000
710,SN Thakur,india,31.0,,bowling-allrounder,right-handed-bat,right-arm-fast-medium,3,69,23.0,181.58,0,5,4,12,307,12.28,138.92,1,27,13,33,9.15,23.39,15.33,94,9.23,30.52,19.85,Delhi Capitals,2022,107500000
384,SN Thakur,india,27.0,,bowling-allrounder,right-handed-bat,right-arm-fast-medium,3,69,23.0,181.58,0,5,4,12,307,12.28,138.92,1,27,13,33,9.15,23.39,15.33,94,9.23,30.52,19.85,Chennai Super Kings,2018,26000000
83,SN Thakur,india,23.0,,bowling-allrounder,right-handed-bat,right-arm-fast-medium,3,69,23.0,181.58,0,5,4,12,307,12.28,138.92,1,27,13,33,9.15,23.39,15.33,94,9.23,30.52,19.85,Punjab Kings,2014,2000000
485,Arshdeep Singh,india,30.0,,bowler,right-handed-bat,right-arm-medium,0,0,0.0,0.0,0,0,0,4,36,9.0,76.6,0,2,1,0,0.0,0.0,0.0,18,9.07,34.61,22.89,Rajasthan Royals,2018,3000000
84,Arshdeep Singh,india,26.0,,bowler,right-handed-bat,right-arm-medium,0,0,0.0,0.0,0,0,0,4,36,9.0,76.6,0,2,1,0,0.0,0.0,0.0,18,9.07,34.61,22.89,Punjab Kings,2014,2000000
85,Sandeep Sharma,india,21.0,,bowler,right-handed-bat,right-arm-offbreak,0,0,0.0,0.0,0,0,0,1,5,5.0,166.67,0,1,0,0,0.0,0.0,0.0,4,8.68,41.25,28.5,Punjab Kings,2014,1000000
86,JH Kallis,south africa,39.0,5.11,batting-allrounder,right-handed-bat,right-arm-fast-medium,4,666,35.05,119.36,5,56,20,11,2427,28.55,109.23,17,255,44,12,7.24,27.75,23.0,65,7.9,35.28,26.8,Kolkata Knight Riders,2014,55000000
688,RV Uthappa,india,37.0,,wk-batsman,right-handed-bat,right-arm-medium,2,249,24.9,118.01,1,26,6,17,4952,27.51,130.36,27,481,182,0,0.0,0.0,0.0,0,0.0,0.0,0.0,Chennai Super Kings,2022,20000000
611,RV Uthappa,india,35.0,,wk-batsman,right-handed-bat,right-arm-medium,2,249,24.9,118.01,1,26,6,17,4952,27.51,130.36,27,481,182,0,0.0,0.0,0.0,0,0.0,0.0,0.0,Rajasthan Royals,2020,30000000
439,RV Uthappa,india,33.0,,wk-batsman,right-handed-bat,right-arm-medium,2,249,24.9,118.01,1,26,6,17,4952,27.51,130.36,27,481,182,0,0.0,0.0,0.0,0,0.0,0.0,0.0,Kolkata Knight Riders,2018,64000000
87,RV Uthappa,india,29.0,,wk-batsman,right-handed-bat,right-arm-medium,2,249,24.9,118.01,1,26,6,17,4952,27.51,130.36,27,481,182,0,0.0,0.0,0.0,0,0.0,0.0,0.0,Kolkata Knight Riders,2014,50000000
519,YK Pathan,india,36.0,,batting-allrounder,right-handed-bat,right-arm-offbreak,5,236,18.15,146.59,0,11,17,44,3204,29.13,142.98,13,262,158,13,8.62,33.69,23.46,42,7.4,33.69,27.31,Sunrisers Hyderabad,2018,19000000
88,YK Pathan,india,32.0,,batting-allrounder,right-handed-bat,right-arm-offbreak,5,236,18.15,146.59,0,11,17,44,3204,29.13,142.98,13,262,158,13,8.62,33.69,23.46,42,7.4,33.69,27.31,Kolkata Knight Riders,2014,32500000
892,Shakib Al Hasan,bangladesh,36.0,,batting-allrounder,left-handed-bat,left-arm-orthodox,16,2551,23.19,121.25,13,258,53,12,793,19.83,124.49,2,73,21,149,6.81,20.91,18.42,63,7.44,29.19,23.56,Kolkata Knight Riders,2023,15000000
649,Shakib Al Hasan,bangladesh,34.0,,batting-allrounder,left-handed-bat,left-arm-orthodox,16,2551,23.19,121.25,13,258,53,12,793,19.83,124.49,2,73,21,149,6.81,20.91,18.42,63,7.44,29.19,23.56,Kolkata Knight Riders,2021,32000000
518,Shakib Al Hasan,bangladesh,31.0,,batting-allrounder,left-handed-bat,left-arm-orthodox,16,2551,23.19,121.25,13,258,53,12,793,19.83,124.49,2,73,21,149,6.81,20.91,18.42,63,7.44,29.19,23.56,Sunrisers Hyderabad,2018,20000000
89,Shakib Al Hasan,bangladesh,27.0,,batting-allrounder,left-handed-bat,left-arm-orthodox,16,2551,23.19,121.25,13,258,53,12,793,19.83,124.49,2,73,21,149,6.81,20.91,18.42,63,7.44,29.19,23.56,Kolkata Knight Riders,2014,28000000
90,M Morkel,south africa,30.0,,bowler,left-handed-bat,right-arm-fast,5,22,7.33,122.23,0,3,1,12,126,11.45,140.0,0,11,5,47,7.51,25.34,20.26,77,7.69,27.13,21.16,Kolkata Knight Riders,2014,28000000
446,Ashwani Kumar,india,34.0,,bowler,right-handed-bat,right-arm-fast-medium,1,2,0.0,50.0,0,0,0,18,310,11.07,113.14,0,21,9,10,7.84,24.7,18.9,105,8.39,28.25,20.2,Kolkata Knight Riders,2018,10000000
91,Ashwani Kumar,india,30.0,,bowler,right-handed-bat,right-arm-fast-medium,1,2,0.0,50.0,0,0,0,18,310,11.07,113.14,0,21,9,10,7.84,24.7,18.9,105,8.39,28.25,20.2,Kolkata Knight Riders,2014,28000000
969,UT Yadav,india,37.0,,bowler,right-handed-bat,right-arm-fast,1,22,22.0,104.77,0,2,0,31,208,9.9,103.49,0,16,9,12,9.33,23.33,15.0,144,8.49,29.98,21.18,Gujarat Titans,2024,58000000
750,UT Yadav,india,35.0,,bowler,right-handed-bat,right-arm-fast,1,22,22.0,104.77,0,2,0,31,208,9.9,103.49,0,16,9,12,9.33,23.33,15.0,144,8.49,29.98,21.18,Kolkata Knight Riders,2022,20000000
645,UT Yadav,india,34.0,,bowler,right-handed-bat,right-arm-fast,1,22,22.0,104.77,0,2,0,31,208,9.9,103.49,0,16,9,12,9.33,23.33,15.0,144,8.49,29.98,21.18,Delhi Capitals,2021,10000000
495,UT Yadav,india,31.0,,bowler,right-handed-bat,right-arm-fast,1,22,22.0,104.77,0,2,0,31,208,9.9,103.49,0,16,9,12,9.33,23.33,15.0,144,8.49,29.98,21.18,Royal Challengers Bengaluru,2018,42000000
92,UT Yadav,india,27.0,,bowler,right-handed-bat,right-arm-fast,1,22,22.0,104.77,0,2,0,31,208,9.9,103.49,0,16,9,12,9.33,23.33,15.0,144,8.49,29.98,21.18,Kolkata Knight Riders,2014,26000000
608,CA Lynn,australia,30.0,,batsman,right-handed-bat,left-arm-orthodox,1,291,19.4,131.68,0,28,14,3,1329,34.08,140.64,10,132,66,0,0.0,0.0,0.0,0,0.0,0.0,0.0,Mumbai Indians,2020,20000000
437,CA Lynn,australia,28.0,,batsman,right-handed-bat,left-arm-orthodox,1,291,19.4,131.68,0,28,14,3,1329,34.08,140.64,10,132,66,0,0.0,0.0,0.0,0,0.0,0.0,0.0,Kolkata Knight Riders,2018,96000000
93,CA Lynn,australia,24.0,,batsman,right-handed-bat,left-arm-orthodox,1,291,19.4,131.68,0,28,14,3,1329,34.08,140.64,10,132,66,0,0.0,0.0,0.0,0,0.0,0.0,0.0,Kolkata Knight Riders,2014,13000000
1015,PJ Cummins,australia,31.0,6.29952,bowler,right-handed-bat,right-arm-fast,12,158,10.53,118.8,0,11,7,15,515,19.81,149.71,3,33,34,66,7.44,23.58,19.0,63,8.75,30.52,20.94,Sunrisers Hyderabad,2024,205000000
746,PJ Cummins,australia,29.0,6.29952,bowler,right-handed-bat,right-arm-fast,12,158,10.53,118.8,0,11,7,15,515,19.81,149.71,3,33,34,66,7.44,23.58,19.0,63,8.75,30.52,20.94,Kolkata Knight Riders,2022,72500000
599,PJ Cummins,australia,27.0,6.29952,bowler,right-handed-bat,right-arm-fast,12,158,10.53,118.8,0,11,7,15,515,19.81,149.71,3,33,34,66,7.44,23.58,19.0,63,8.75,30.52,20.94,Kolkata Knight Riders,2020,155000000
455,PJ Cummins,australia,25.0,6.29952,bowler,right-handed-bat,right-arm-fast,12,158,10.53,118.8,0,11,7,15,515,19.81,149.71,3,33,34,66,7.44,23.58,19.0,63,8.75,30.52,20.94,Mumbai Indians,2018,54000000
324,PJ Cummins,australia,24.0,6.29952,bowler,right-handed-bat,right-arm-fast,12,158,10.53,118.8,0,11,7,15,515,19.81,149.71,3,33,34,66,7.44,23.58,19.0,63,8.75,30.52,20.94,Delhi Capitals,2017,45000000
94,PJ Cummins,australia,21.0,6.29952,bowler,right-handed-bat,right-arm-fast,12,158,10.53,118.8,0,11,7,15,515,19.81,149.71,3,33,34,66,7.44,23.58,19.0,63,8.75,30.52,20.94,Kolkata Knight Riders,2014,10000000
95,RN ten Doeschate,netherlands,34.0,5.11,batting-allrounder,right-handed-bat,right-arm-fast-medium,10,533,41.0,132.92,3,27,19,8,326,23.29,138.73,1,26,15,13,7.0,18.85,16.15,2,7.23,47.0,39.0,Kolkata Knight Riders,2014,10000000
457,SA Yadav,india,28.0,,batsman,right-handed-bat,right-arm-offbreak,11,2598,38.21,167.08,21,237,146,23,3594,32.09,145.33,24,385,130,2,5.0,2.5,3.0,0,8.0,0.0,0.0,Mumbai Indians,2018,32000000
96,SA Yadav,india,24.0,,batsman,right-handed-bat,right-arm-offbreak,11,2598,38.21,167.08,21,237,146,23,3594,32.09,145.33,24,385,130,2,5.0,2.5,3.0,0,8.0,0.0,0.0,Kolkata Knight Riders,2014,7000000
97,AD Russell,west indies,26.0,,bowling-allrounder,right-handed-bat,right-arm-fast,24,1063,22.15,164.05,3,63,89,20,2484,29.22,174.93,11,170,209,60,9.27,30.68,19.85,115,9.36,23.01,14.76,Kolkata Knight Riders,2014,6000000
98,MS Bisla,india,30.0,,wk-batsman,right-handed-bat,,0,0,0.0,0.0,0,0,0,1,798,21.0,113.68,4,93,23,0,0.0,0.0,0.0,0,0.0,0.0,0.0,Kolkata Knight Riders,2014,6000000
99,Virat Singh,india,22.0,,bowler,right-handed-bat,right-arm-medium,0,0,0.0,0.0,0,0,0,0,0,0.0,0.0,0,0,0,0,0.0,0.0,0.0,10,8.71,29.6,20.4,Kolkata Knight Riders,2014,4000000
440,Kuldeep Yadav,india,22.0,,bowler,left-handed-bat,left-arm-fast-medium,0,0,0.0,0.0,0,0,0,1,0,0.0,0.0,0,0,0,0,0.0,0.0,0.0,2,9.33,42.0,27.0,Kolkata Knight Riders,2018,58000000
100,Kuldeep Yadav,india,18.0,,bowler,left-handed-bat,left-arm-fast-medium,0,0,0.0,0.0,0,0,0,1,0,0.0,0.0,0,0,0,0,0.0,0.0,0.0,2,9.33,42.0,27.0,Kolkata Knight Riders,2014,4000000
101,DB Das,india,28.0,,batsman,right-handed-bat,right-arm-legbreak,0,0,0.0,0.0,0,0,0,8,304,21.71,116.48,0,23,16,0,0.0,0.0,0.0,0,0.0,0.0,0.0,Kolkata Knight Riders,2014,2000000
173,MEK Hussey,australia,40.0,5.9058,batsman,left-handed-bat,right-arm-medium,11,721,37.95,136.3,4,58,25,7,1977,38.76,122.65,15,198,52,0,5.0,0.0,0.0,0,0.0,0.0,0.0,Chennai Super Kings,2015,15000000
102,MEK Hussey,australia,39.0,5.9058,batsman,left-handed-bat,right-arm-medium,11,721,37.95,136.3,4,58,25,7,1977,38.76,122.65,15,198,52,0,5.0,0.0,0.0,0,0.0,0.0,0.0,Mumbai Indians,2014,50000000
326,CJ Anderson,united states of america,27.0,,batting-allrounder,left-handed-bat,left-arm-fast-medium,6,697,24.03,126.04,3,40,35,7,538,24.45,127.19,3,40,31,16,8.13,36.56,27.0,11,10.46,47.09,27.0,Delhi Capitals,2017,10000000
103,CJ Anderson,united states of america,24.0,,batting-allrounder,left-handed-bat,left-arm-fast-medium,6,697,24.03,126.04,3,40,35,7,538,24.45,127.19,3,40,31,16,8.13,36.56,27.0,11,10.46,47.09,27.0,Mumbai Indians,2014,45000000
204,PP Ojha,india,29.0,,bowler,left-handed-bat,left-arm-orthodox,1,10,0.0,166.67,0,0,1,11,16,1.33,35.56,0,0,0,10,6.29,13.2,12.6,89,7.37,26.2,21.34,Mumbai Indians,2015,5000000
104,PP Ojha,india,28.0,,bowler,left-handed-bat,left-arm-orthodox,1,10,0.0,166.67,0,0,1,11,16,1.33,35.56,0,0,0,10,6.29,13.2,12.6,89,7.37,26.2,21.34,Mumbai Indians,2014,32500000
183,Z Khan,india,37.0,,bowler,right-handed-bat,left-arm-fast-medium,2,13,6.5,130.0,0,0,1,18,117,8.36,82.98,0,11,2,17,7.64,26.35,20.71,102,7.59,27.27,21.57,Delhi Capitals,2015,40000000
105,Z Khan,india,36.0,,bowler,right-handed-bat,left-arm-fast-medium,2,13,6.5,130.0,0,0,1,18,117,8.36,82.98,0,11,2,17,7.64,26.35,20.71,102,7.59,27.27,21.57,Mumbai Indians,2014,26000000
106,JJ Bumrah,india,21.0,,bowler,right-handed-bat,right-arm-fast,5,8,2.67,57.15,0,1,0,23,68,9.71,87.18,0,5,1,89,6.28,17.74,16.96,165,7.3,22.52,18.5,Mumbai Indians,2014,12000000
669,Jalaj S Saxena,india,35.0,,batting-allrounder,right-handed-bat,right-arm-offbreak,0,0,0.0,0.0,0,0,0,0,0,0.0,0.0,0,0,0,0,0.0,0.0,0.0,0,9.0,0.0,0.0,Punjab Kings,2021,3000000
537,Jalaj S Saxena,india,33.0,,batting-allrounder,right-handed-bat,right-arm-offbreak,0,0,0.0,0.0,0,0,0,0,0,0.0,0.0,0,0,0,0,0.0,0.0,0.0,0,9.0,0.0,0.0,Delhi Capitals,2019,2000000
224,Jalaj S Saxena,india,29.0,,batting-allrounder,right-handed-bat,right-arm-offbreak,0,0,0.0,0.0,0,0,0,0,0,0.0,0.0,0,0,0,0,0.0,0.0,0.0,0,9.0,0.0,0.0,Royal Challengers Bengaluru,2015,1000000
107,Jalaj S Saxena,india,28.0,,batting-allrounder,right-handed-bat,right-arm-offbreak,0,0,0.0,0.0,0,0,0,0,0,0.0,0.0,0,0,0,0,0.0,0.0,0.0,0,9.0,0.0,0.0,Mumbai Indians,2014,9000000
1150,JR Hazlewood,australia,34.0,6.43076,bowler,left-handed-bat,right-arm-fast-medium,7,29,9.67,107.41,0,2,1,6,19,0.0,67.86,0,1,0,67,7.49,22.1,17.7,35,8.06,23.14,17.23,Royal Challengers Bengaluru,2025,125000000
842,JR Hazlewood,australia,31.0,6.43076,bowler,left-handed-bat,right-arm-fast-medium,7,29,9.67,107.41,0,2,1,6,19,0.0,67.86,0,1,0,67,7.49,22.1,17.7,35,8.06,23.14,17.23,Royal Challengers Bengaluru,2022,77500000
584,JR Hazlewood,australia,29.0,6.43076,bowler,left-handed-bat,right-arm-fast-medium,7,29,9.67,107.41,0,2,1,6,19,0.0,67.86,0,1,0,67,7.49,22.1,17.7,35,8.06,23.14,17.23,Chennai Super Kings,2020,20000000
108,JR Hazlewood,australia,23.0,6.43076,bowler,left-handed-bat,right-arm-fast-medium,7,29,9.67,107.41,0,2,1,6,19,0.0,67.86,0,1,0,67,7.49,22.1,17.7,35,8.06,23.14,17.23,Mumbai Indians,2014,5000000
109,M de Lange,south africa,24.0,,bowler,right-handed-bat,right-arm-fast,0,0,0.0,0.0,0,0,0,0,1,1.0,50.0,0,0,0,7,9.77,32.57,20.0,5,9.39,33.8,21.6,Mumbai Indians,2014,3000000
110,K Santokie,west indies,30.0,,bowler,left-handed-bat,left-arm-medium,1,0,0.0,0.0,0,0,0,0,0,0.0,0.0,0,0,0,18,6.81,15.44,13.61,3,11.25,30.0,16.0,Mumbai Indians,2014,3000000
111,BR Dunk,australia,27.0,,wk-batsman,left-handed-bat,right-arm-offbreak,0,99,19.8,143.48,0,8,6,0,40,13.33,114.29,0,7,0,0,0.0,0.0,0.0,0,0.0,0.0,0.0,Mumbai Indians,2014,2000000
191,CM Gautam,india,29.0,,wk-batsman,right-handed-bat,,0,0,0.0,0.0,0,0,0,3,169,16.9,112.67,0,17,6,0,0.0,0.0,0.0,0,0.0,0.0,0.0,Delhi Capitals,2015,2000000
112,CM Gautam,india,28.0,,wk-batsman,right-handed-bat,,0,0,0.0,0.0,0,0,0,3,169,16.9,112.67,0,17,6,0,0.0,0.0,0.0,0,0.0,0.0,0.0,Mumbai Indians,2014,2000000
247,P Suyal,india,27.0,,bowler,right-handed-bat,left-arm-medium,0,0,0.0,0.0,0,0,0,0,0,0.0,0.0,0,0,0,0,0.0,0.0,0.0,2,9.44,75.5,48.0,Delhi Capitals,2016,1000000
114,P Suyal,india,25.0,,bowler,right-handed-bat,left-arm-medium,0,0,0.0,0.0,0,0,0,0,0,0.0,0.0,0,0,0,0,0.0,0.0,0.0,2,9.44,75.5,48.0,Mumbai Indians,2014,1000000
1030,S Gopal,india,32.0,,bowler,right-handed-bat,right-arm-legbreak,0,0,0.0,0.0,0,0,0,8,180,12.86,106.51,0,19,2,0,0.0,0.0,0.0,52,8.16,25.92,19.06,Chennai Super Kings,2025,3000000
985,S Gopal,india,31.0,,bowler,right-handed-bat,right-arm-legbreak,0,0,0.0,0.0,0,0,0,8,180,12.86,106.51,0,19,2,0,0.0,0.0,0.0,52,8.16,25.92,19.06,Mumbai Indians,2024,2000000
863,S Gopal,india,29.0,,bowler,right-handed-bat,right-arm-legbreak,0,0,0.0,0.0,0,0,0,8,180,12.86,106.51,0,19,2,0,0.0,0.0,0.0,52,8.16,25.92,19.06,Sunrisers Hyderabad,2022,7500000
488,S Gopal,india,25.0,,bowler,right-handed-bat,right-arm-legbreak,0,0,0.0,0.0,0,0,0,8,180,12.86,106.51,0,19,2,0,0.0,0.0,0.0,52,8.16,25.92,19.06,Rajasthan Royals,2018,2000000
116,S Gopal,india,21.0,,bowler,right-handed-bat,right-arm-legbreak,0,0,0.0,0.0,0,0,0,8,180,12.86,106.51,0,19,2,0,0.0,0.0,0.0,52,8.16,25.92,19.06,Mumbai Indians,2014,1000000
643,SPD Smith,australia,32.0,,batsman,right-handed-bat,right-arm-legbreak,11,1094,24.86,125.46,5,96,26,21,2485,34.51,128.1,11,225,60,17,7.79,22.24,17.12,0,0.0,0.0,0.0,Delhi Capitals,2021,22000000
117,SPD Smith,australia,25.0,,batsman,right-handed-bat,right-arm-legbreak,11,1094,24.86,125.46,5,96,26,21,2485,34.51,128.1,11,225,60,17,7.79,22.24,17.12,0,0.0,0.0,0.0,Rajasthan Royals,2014,40000000
118,BJ Hodge,australia,40.0,5.84018,batting-allrounder,right-handed-bat,right-arm-offbreak,4,183,26.14,127.09,0,9,7,21,1400,33.33,125.23,6,122,43,1,8.6,43.0,30.0,17,7.77,17.82,13.76,Rajasthan Royals,2014,24000000
294,R Bhatia,india,37.0,,bowling-allrounder,right-handed-bat,right-arm-medium,0,0,0.0,0.0,0,0,0,19,342,11.4,120.43,0,24,13,0,0.0,0.0,0.0,71,7.41,28.45,23.04,Lucknow Super Giants,2016,6000000
119,R Bhatia,india,35.0,,bowling-allrounder,right-handed-bat,right-arm-medium,0,0,0.0,0.0,0,0,0,19,342,11.4,120.43,0,24,13,0,0.0,0.0,0.0,71,7.41,28.45,23.04,Rajasthan Royals,2014,17000000
758,TG Southee,new zealand,34.0,,bowler,right-handed-bat,right-arm-fast-medium,23,303,11.22,139.0,0,20,18,7,120,9.23,112.15,0,8,4,164,8.0,22.38,16.79,47,8.67,37.06,25.66,Kolkata Knight Riders,2022,15000000
507,TG Southee,new zealand,30.0,,bowler,right-handed-bat,right-arm-fast-medium,23,303,11.22,139.0,0,20,18,7,120,9.23,112.15,0,8,4,164,8.0,22.38,16.79,47,8.67,37.06,25.66,Royal Challengers Bengaluru,2018,10000000
283,TG Southee,new zealand,28.0,,bowler,right-handed-bat,right-arm-fast-medium,23,303,11.22,139.0,0,20,18,7,120,9.23,112.15,0,8,4,164,8.0,22.38,16.79,47,8.67,37.06,25.66,Mumbai Indians,2016,25000000
120,TG Southee,new zealand,26.0,,bowler,right-handed-bat,right-arm-fast-medium,23,303,11.22,139.0,0,20,18,7,120,9.23,112.15,0,8,4,164,8.0,22.38,16.79,47,8.67,37.06,25.66,Rajasthan Royals,2014,12000000
480,DS Kulkarni,india,30.0,,bowler,right-handed-bat,right-arm-fast-medium,1,1,0.0,100.0,0,0,0,14,104,11.56,96.3,0,7,2,3,6.88,18.33,16.0,86,8.31,28.77,20.78,Rajasthan Royals,2018,7500000
252,DS Kulkarni,india,28.0,,bowler,right-handed-bat,right-arm-fast-medium,1,1,0.0,100.0,0,0,0,14,104,11.56,96.3,0,7,2,3,6.88,18.33,16.0,86,8.31,28.77,20.78,Gujarat Titans,2016,20000000
121,DS Kulkarni,india,26.0,,bowler,right-handed-bat,right-arm-fast-medium,1,1,0.0,100.0,0,0,0,14,104,11.56,96.3,0,7,2,3,6.88,18.33,16.0,86,8.31,28.77,20.78,Rajasthan Royals,2014,11000000
651,BCJ Cutting,australia,34.0,6.29952,bowling-allrounder,right-handed-bat,right-arm-fast-medium,1,40,10.0,148.15,0,2,3,6,238,21.64,168.8,0,15,19,3,10.24,71.67,42.0,10,9.16,42.9,28.1,Kolkata Knight Riders,2021,7500000
458,BCJ Cutting,australia,31.0,6.29952,bowling-allrounder,right-handed-bat,right-arm-fast-medium,1,40,10.0,148.15,0,2,3,6,238,21.64,168.8,0,15,19,3,10.24,71.67,42.0,10,9.16,42.9,28.1,Mumbai Indians,2018,22000000
319,BCJ Cutting,australia,29.0,6.29952,bowling-allrounder,right-handed-bat,right-arm-fast-medium,1,40,10.0,148.15,0,2,3,6,238,21.64,168.8,0,15,19,3,10.24,71.67,42.0,10,9.16,42.9,28.1,Sunrisers Hyderabad,2016,5000000
124,BCJ Cutting,australia,27.0,6.29952,bowling-allrounder,right-handed-bat,right-arm-fast-medium,1,40,10.0,148.15,0,2,3,6,238,21.64,168.8,0,15,19,3,10.24,71.67,42.0,10,9.16,42.9,28.1,Rajasthan Royals,2014,8000000
1046,KK Nair,india,34.0,,batsman,right-handed-bat,right-arm-offbreak,0,0,0.0,0.0,0,0,0,5,1496,23.75,127.76,10,161,39,0,0.0,0.0,0.0,0,0.0,0.0,0.0,Delhi Capitals,2025,5000000
829,KK Nair,india,31.0,,batsman,right-handed-bat,right-arm-offbreak,0,0,0.0,0.0,0,0,0,5,1496,23.75,127.76,10,161,39,0,0.0,0.0,0.0,0,0.0,0.0,0.0,Rajasthan Royals,2022,14000000
652,KK Nair,india,30.0,,batsman,right-handed-bat,right-arm-offbreak,0,0,0.0,0.0,0,0,0,5,1496,23.75,127.76,10,161,39,0,0.0,0.0,0.0,0,0.0,0.0,0.0,Kolkata Knight Riders,2021,5000000
423,KK Nair,india,27.0,,batsman,right-handed-bat,right-arm-offbreak,0,0,0.0,0.0,0,0,0,5,1496,23.75,127.76,10,161,39,0,0.0,0.0,0.0,0,0.0,0.0,0.0,Punjab Kings,2018,56000000
238,KK Nair,india,25.0,,batsman,right-handed-bat,right-arm-offbreak,0,0,0.0,0.0,0,0,0,5,1496,23.75,127.76,10,161,39,0,0.0,0.0,0.0,0,0.0,0.0,0.0,Delhi Capitals,2016,40000000
125,KK Nair,india,23.0,,batsman,right-handed-bat,right-arm-offbreak,0,0,0.0,0.0,0,0,0,5,1496,23.75,127.76,10,161,39,0,0.0,0.0,0.0,0,0.0,0.0,0.0,Rajasthan Royals,2014,7500000
313,Iqbal Abdulla,india,27.0,,bowler,left-handed-bat,left-arm-orthodox,0,0,0.0,0.0,0,0,0,11,88,44.0,104.77,0,9,1,0,0.0,0.0,0.0,40,7.23,27.73,23.0,Royal Challengers Bengaluru,2016,1000000
126,Iqbal Abdulla,india,25.0,,bowler,left-handed-bat,left-arm-orthodox,0,0,0.0,0.0,0,0,0,11,88,44.0,104.77,0,9,1,0,0.0,0.0,0.0,40,7.23,27.73,23.0,Rajasthan Royals,2014,6500000
128,KK Cooper,west indies,25.0,,bowling-allrounder,right-handed-bat,right-arm-fast-medium,0,0,0.0,0.0,0,0,0,5,116,12.89,170.59,0,9,8,0,0.0,0.0,0.0,33,7.89,22.94,17.45,Rajasthan Royals,2014,3000000
311,VS Malik,india,33.0,,bowler,right-handed-bat,right-arm-medium,0,0,0.0,0.0,0,0,0,1,7,7.0,100.0,0,1,0,0,0.0,0.0,0.0,6,7.64,43.5,34.17,Royal Challengers Bengaluru,2016,2000000
129,VS Malik,india,31.0,,bowler,right-handed-bat,right-arm-medium,0,0,0.0,0.0,0,0,0,1,7,7.0,100.0,0,1,0,0,0.0,0.0,0.0,6,7.64,43.5,34.17,Rajasthan Royals,2014,2000000
491,Abhishek Sharma,india,27.0,,bowler,left-handed-bat,left-arm-orthodox,0,0,0.0,0.0,0,0,0,3,87,12.43,129.86,0,7,4,0,0.0,0.0,0.0,12,7.36,37.5,30.58,Rajasthan Royals,2018,2000000
304,Abhishek Sharma,india,25.0,,bowler,left-handed-bat,left-arm-orthodox,0,0,0.0,0.0,0,0,0,3,87,12.43,129.86,0,7,4,0,0.0,0.0,0.0,12,7.36,37.5,30.58,Lucknow Super Giants,2016,1000000
130,Abhishek Sharma,india,23.0,,bowler,left-handed-bat,left-arm-orthodox,0,0,0.0,0.0,0,0,0,3,87,12.43,129.86,0,7,4,0,0.0,0.0,0.0,12,7.36,37.5,30.58,Rajasthan Royals,2014,1000000
734,R Tewatia,india,29.0,,batting-allrounder,left-handed-bat,right-arm-legbreak,0,0,0.0,0.0,0,0,0,25,1013,25.33,134.71,1,84,47,0,0.0,0.0,0.0,32,7.91,34.72,26.34,Gujarat Titans,2022,90000000
404,R Tewatia,india,25.0,,batting-allrounder,left-handed-bat,right-arm-legbreak,0,0,0.0,0.0,0,0,0,25,1013,25.33,134.71,1,84,47,0,0.0,0.0,0.0,32,7.91,34.72,26.34,Delhi Capitals,2018,30000000
345,R Tewatia,india,24.0,,batting-allrounder,left-handed-bat,right-arm-legbreak,0,0,0.0,0.0,0,0,0,25,1013,25.33,134.71,1,84,47,0,0.0,0.0,0.0,32,7.91,34.72,26.34,Punjab Kings,2017,2500000
131,R Tewatia,india,21.0,,batting-allrounder,left-handed-bat,right-arm-legbreak,0,0,0.0,0.0,0,0,0,25,1013,25.33,134.71,1,84,47,0,0.0,0.0,0.0,32,7.91,34.72,26.34,Rajasthan Royals,2014,1000000
899,A Mishra,india,41.0,,bowler,right-handed-bat,right-arm-legbreak,0,0,0.0,0.0,0,0,0,25,381,11.91,90.94,0,31,5,16,6.32,15.0,14.25,174,7.38,23.82,19.37,Lucknow Super Giants,2023,5000000
401,A Mishra,india,36.0,,bowler,right-handed-bat,right-arm-legbreak,0,0,0.0,0.0,0,0,0,25,381,11.91,90.94,0,31,5,16,6.32,15.0,14.25,174,7.38,23.82,19.37,Delhi Capitals,2018,40000000
261,A Mishra,india,34.0,,bowler,right-handed-bat,right-arm-legbreak,0,0,0.0,0.0,0,0,0,25,381,11.91,90.94,0,31,5,16,6.32,15.0,14.25,174,7.38,23.82,19.37,Gujarat Titans,2016,1000000
184,A Mishra,india,33.0,,bowler,right-handed-bat,right-arm-legbreak,0,0,0.0,0.0,0,0,0,25,381,11.91,90.94,0,31,5,16,6.32,15.0,14.25,174,7.38,23.82,19.37,Delhi Capitals,2015,35000000
152,A Mishra,india,32.0,,bowler,right-handed-bat,right-arm-legbreak,0,0,0.0,0.0,0,0,0,25,381,11.91,90.94,0,31,5,16,6.32,15.0,14.25,174,7.38,23.82,19.37,Sunrisers Hyderabad,2014,47500000
133,A Mishra,india,32.0,,bowler,right-handed-bat,right-arm-legbreak,0,0,0.0,0.0,0,0,0,25,381,11.91,90.94,0,31,5,16,6.32,15.0,14.25,174,7.38,23.82,19.37,Rajasthan Royals,2014,1000000
605,PV Tambe,india,49.0,,bowler,right-handed-bat,right-arm-legbreak,0,0,0.0,0.0,0,0,0,4,18,9.0,46.16,0,1,0,0,0.0,0.0,0.0,28,7.75,30.46,23.57,Kolkata Knight Riders,2020,2000000
379,PV Tambe,india,46.0,,bowler,right-handed-bat,right-arm-legbreak,0,0,0.0,0.0,0,0,0,4,18,9.0,46.16,0,1,0,0,0.0,0.0,0.0,28,7.75,30.46,23.57,Sunrisers Hyderabad,2017,1000000
259,PV Tambe,india,45.0,,bowler,right-handed-bat,right-arm-legbreak,0,0,0.0,0.0,0,0,0,4,18,9.0,46.16,0,1,0,0,0.0,0.0,0.0,28,7.75,30.46,23.57,Gujarat Titans,2016,2000000
134,PV Tambe,india,43.0,,bowler,right-handed-bat,right-arm-legbreak,0,0,0.0,0.0,0,0,0,4,18,9.0,46.16,0,1,0,0,0.0,0.0,0.0,28,7.75,30.46,23.57,Rajasthan Royals,2014,1000000
561,Yuvraj Singh,india,38.0,,batting-allrounder,left-handed-bat,left-arm-orthodox,9,1177,28.02,136.39,8,77,74,15,2750,24.77,129.72,13,217,149,28,7.06,17.82,15.14,36,7.44,29.92,24.14,Mumbai Indians,2019,10000000
428,Yuvraj Singh,india,37.0,,batting-allrounder,left-handed-bat,left-arm-orthodox,9,1177,28.02,136.39,8,77,74,15,2750,24.77,129.72,13,217,149,28,7.06,17.82,15.14,36,7.44,29.92,24.14,Punjab Kings,2018,20000000
953,RK Bhui,india,28.0,,batsman,right-handed-bat,right-arm-legbreak,0,0,0.0,0.0,0,0,0,0,10,2.5,38.47,0,0,0,0,0.0,0.0,0.0,0,0.0,0.0,0.0,Delhi Capitals,2024,2000000
316,Yuvraj Singh,india,35.0,,batting-allrounder,left-handed-bat,left-arm-orthodox,9,1177,28.02,136.39,8,77,74,15,2750,24.77,129.72,13,217,149,28,7.06,17.82,15.14,36,7.44,29.92,24.14,Sunrisers Hyderabad,2016,70000000
181,Yuvraj Singh,india,34.0,,batting-allrounder,left-handed-bat,left-arm-orthodox,9,1177,28.02,136.39,8,77,74,15,2750,24.77,129.72,13,217,149,28,7.06,17.82,15.14,36,7.44,29.92,24.14,Delhi Capitals,2015,160000000
135,Yuvraj Singh,india,33.0,,batting-allrounder,left-handed-bat,left-arm-orthodox,9,1177,28.02,136.39,8,77,74,15,2750,24.77,129.72,13,217,149,28,7.06,17.82,15.14,36,7.44,29.92,24.14,Royal Challengers Bengaluru,2014,140000000
744,VR Aaron,india,33.0,,bowler,right-handed-bat,right-arm-fast,0,0,0.0,0.0,0,0,0,8,50,10.0,69.45,0,2,2,0,0.0,0.0,0.0,44,8.94,33.66,22.59,Gujarat Titans,2022,5000000
566,VR Aaron,india,30.0,,bowler,right-handed-bat,right-arm-fast,0,0,0.0,0.0,0,0,0,8,50,10.0,69.45,0,2,2,0,0.0,0.0,0.0,44,8.94,33.66,22.59,Rajasthan Royals,2019,24000000
341,VR Aaron,india,28.0,,bowler,right-handed-bat,right-arm-fast,0,0,0.0,0.0,0,0,0,8,50,10.0,69.45,0,2,2,0,0.0,0.0,0.0,44,8.94,33.66,22.59,Punjab Kings,2017,28000000
137,VR Aaron,india,25.0,,bowler,right-handed-bat,right-arm-fast,0,0,0.0,0.0,0,0,0,8,50,10.0,69.45,0,2,2,0,0.0,0.0,0.0,44,8.94,33.66,22.59,Royal Challengers Bengaluru,2014,20000000
295,AB Dinda,india,32.0,,bowler,right-handed-bat,right-arm-fast-medium,1,22,22.0,91.67,0,1,0,7,26,2.6,54.17,0,2,0,17,8.17,14.41,10.59,69,8.2,30.04,21.97,Lucknow Super Giants,2016,5000000
138,AB Dinda,india,30.0,,bowler,right-handed-bat,right-arm-fast-medium,1,22,22.0,91.67,0,1,0,7,26,2.6,54.17,0,2,0,17,8.17,14.41,10.59,69,8.2,30.04,21.97,Royal Challengers Bengaluru,2014,15000000
502,PA Patel,india,33.0,,wk-batsman,left-handed-bat,,0,36,18.0,112.5,0,4,1,11,2848,22.6,120.79,13,365,49,0,0.0,0.0,0.0,0,0.0,0.0,0.0,Royal Challengers Bengaluru,2018,17000000
139,PA Patel,india,29.0,,wk-batsman,left-handed-bat,,0,36,18.0,112.5,0,4,1,11,2848,22.6,120.79,13,365,49,0,0.0,0.0,0.0,0,0.0,0.0,0.0,Royal Challengers Bengaluru,2014,14000000
140,M Muralitharan,sri lanka,42.0,5.7,bowler,right-handed-bat,right-arm-offbreak,0,1,0.5,20.0,0,0,0,3,20,3.33,66.67,0,1,0,13,6.32,22.85,21.69,63,6.68,26.92,24.19,Royal Challengers Bengaluru,2014,10000000
141,R Rampaul,west indies,30.0,,bowler,left-handed-bat,right-arm-fast-medium,5,15,7.5,51.73,0,0,0,2,51,10.2,102.0,0,3,2,31,8.38,25.9,18.55,14,6.82,21.29,18.71,Royal Challengers Bengaluru,2014,9000000
142,NJ Maddinson,australia,23.0,,batsman,left-handed-bat,left-arm-orthodox,0,45,11.25,128.58,0,6,1,0,20,6.67,95.24,0,4,0,0,0.0,0.0,0.0,0,0.0,0.0,0.0,Royal Challengers Bengaluru,2014,5000000
1171,HV Patel,india,35.0,,bowler,right-handed-bat,right-arm-fast-medium,4,77,12.83,135.09,0,9,3,15,249,9.22,122.67,0,16,15,29,9.18,26.55,17.34,135,8.74,23.33,16.01,Sunrisers Hyderabad,2025,80000000
999,HV Patel,india,34.0,,bowler,right-handed-bat,right-arm-fast-medium,4,77,12.83,135.09,0,9,3,15,249,9.22,122.67,0,16,15,29,9.18,26.55,17.34,135,8.74,23.33,16.01,Punjab Kings,2024,117500000
840,HV Patel,india,32.0,,bowler,right-handed-bat,right-arm-fast-medium,4,77,12.83,135.09,0,9,3,15,249,9.22,122.67,0,16,15,29,9.18,26.55,17.34,135,8.74,23.33,16.01,Royal Challengers Bengaluru,2022,107500000
415,HV Patel,india,28.0,,bowler,right-handed-bat,right-arm-fast-medium,4,77,12.83,135.09,0,9,3,15,249,9.22,122.67,0,16,15,29,9.18,26.55,17.34,135,8.74,23.33,16.01,Delhi Capitals,2018,2000000
143,HV Patel,india,24.0,,bowler,right-handed-bat,right-arm-fast-medium,4,77,12.83,135.09,0,9,3,15,249,9.22,122.67,0,16,15,29,9.18,26.55,17.34,135,8.74,23.33,16.01,Royal Challengers Bengaluru,2014,4000000
145,S Rana,india,30.0,,batting-allrounder,right-handed-bat,,0,0,0.0,0.0,0,0,0,4,91,22.75,112.35,0,9,1,0,0.0,0.0,0.0,0,6.75,0.0,0.0,Royal Challengers Bengaluru,2014,2000000
258,SB Jakati,india,36.0,,bowler,left-handed-bat,left-arm-orthodox,0,0,0.0,0.0,0,0,0,7,28,28.0,96.56,0,3,0,0,0.0,0.0,0.0,47,8.02,30.87,23.09,Gujarat Titans,2016,2000000
146,SB Jakati,india,34.0,,bowler,left-handed-bat,left-arm-orthodox,0,0,0.0,0.0,0,0,0,7,28,28.0,96.56,0,3,0,0,0.0,0.0,0.0,47,8.02,30.87,23.09,Royal Challengers Bengaluru,2014,2000000
147,S Sandeep Warrier,india,23.0,,bowler,right-handed-bat,right-arm-fast-medium,0,0,0.0,0.0,0,0,0,0,0,0.0,0.0,0,0,0,0,7.67,0.0,0.0,8,9.04,31.63,21.0,Royal Challengers Bengaluru,2014,1000000
148,A Mishra,india,28.0,,batsman,right-handed-bat,right-arm-fast-medium,0,227,15.13,86.32,0,15,4,0,0,0.0,0.0,0,0,0,3,6.8,11.33,10.0,0,0.0,0.0,0.0,Royal Challengers Bengaluru,2014,1000000
149,YV Takawale,india,30.0,,wk-batsman,right-handed-bat,,0,0,0.0,0.0,0,0,0,2,192,24.0,107.87,0,26,3,0,0.0,0.0,0.0,0,0.0,0.0,0.0,Royal Challengers Bengaluru,2014,1000000
1121,YS Chahal,india,35.0,,bowler,right-handed-bat,right-arm-legbreak,4,6,3.0,46.16,0,0,0,13,37,5.29,43.03,0,0,0,96,8.19,25.09,18.38,205,7.84,22.45,17.18,Punjab Kings,2025,180000000
823,YS Chahal,india,32.0,,bowler,right-handed-bat,right-arm-legbreak,4,6,3.0,46.16,0,0,0,13,37,5.29,43.03,0,0,0,96,8.19,25.09,18.38,205,7.84,22.45,17.18,Rajasthan Royals,2022,65000000
494,YS Chahal,india,28.0,,bowler,right-handed-bat,right-arm-legbreak,4,6,3.0,46.16,0,0,0,13,37,5.29,43.03,0,0,0,96,8.19,25.09,18.38,205,7.84,22.45,17.18,Royal Challengers Bengaluru,2018,60000000
150,YS Chahal,india,24.0,,bowler,right-handed-bat,right-arm-legbreak,4,6,3.0,46.16,0,0,0,13,37,5.29,43.03,0,0,0,96,8.19,25.09,18.38,205,7.84,22.45,17.18,Royal Challengers Bengaluru,2014,1000000
707,DA Warner,australia,36.0,5.5777,batsman,left-handed-bat,,12,3277,33.44,142.48,28,338,122,22,6565,40.52,139.78,62,664,235,0,0.0,0.0,0.0,0,0.0,0.0,0.0,Delhi Capitals,2022,62500000
151,DA Warner,australia,28.0,5.5777,batsman,left-handed-bat,,12,3277,33.44,142.48,28,338,122,22,6565,40.52,139.78,62,664,235,0,0.0,0.0,0.0,0,0.0,0.0,0.0,Sunrisers Hyderabad,2014,55000000
195,NS Naik,india,21.0,,batsman,right-handed-bat,right-arm-offbreak,0,0,0.0,0.0,0,0,0,0,31,7.75,62.0,0,2,0,0,0.0,0.0,0.0,0,0.0,0.0,0.0,Punjab Kings,2015,3000000
1153,B Kumar,india,35.0,,bowler,right-handed-bat,right-arm-fast-medium,13,67,8.38,71.28,0,0,0,33,306,8.74,93.87,0,30,3,90,6.96,23.1,19.9,181,7.56,27.23,21.6,Royal Challengers Bengaluru,2025,107500000
858,B Kumar,india,32.0,,bowler,right-handed-bat,right-arm-fast-medium,13,67,8.38,71.28,0,0,0,33,306,8.74,93.87,0,30,3,90,6.96,23.1,19.9,181,7.56,27.23,21.6,Sunrisers Hyderabad,2022,42000000
153,B Kumar,india,24.0,,bowler,right-handed-bat,right-arm-fast-medium,13,67,8.38,71.28,0,0,0,33,306,8.74,93.87,0,30,3,90,6.96,23.1,19.9,181,7.56,27.23,21.6,Sunrisers Hyderabad,2014,42500000
622,AJ Finch,australia,34.0,5.70894,batsman,right-handed-bat,left-arm-orthodox,12,3120,34.29,142.54,19,309,125,6,2091,24.89,128.21,15,214,78,0,13.5,0.0,0.0,1,9.35,67.0,43.0,Royal Challengers Bengaluru,2020,44000000
421,AJ Finch,australia,32.0,5.70894,batsman,right-handed-bat,left-arm-orthodox,12,3120,34.29,142.54,19,309,125,6,2091,24.89,128.21,15,214,78,0,13.5,0.0,0.0,1,9.35,67.0,43.0,Punjab Kings,2018,62000000
253,AJ Finch,australia,30.0,5.70894,batsman,right-handed-bat,left-arm-orthodox,12,3120,34.29,142.54,19,309,125,6,2091,24.89,128.21,15,214,78,0,13.5,0.0,0.0,1,9.35,67.0,43.0,Gujarat Titans,2016,10000000
203,AJ Finch,australia,29.0,5.70894,batsman,right-handed-bat,left-arm-orthodox,12,3120,34.29,142.54,19,309,125,6,2091,24.89,128.21,15,214,78,0,13.5,0.0,0.0,1,9.35,67.0,43.0,Mumbai Indians,2015,32000000
154,AJ Finch,australia,28.0,5.70894,batsman,right-handed-bat,left-arm-orthodox,12,3120,34.29,142.54,19,309,125,6,2091,24.89,128.21,15,214,78,0,13.5,0.0,0.0,1,9.35,67.0,43.0,Sunrisers Hyderabad,2014,40000000
1113,KV Sharma,india,38.0,,bowler,left-handed-bat,right-arm-legbreak,0,0,0.0,0.0,0,0,0,14,351,13.5,119.39,0,20,17,1,7.0,28.0,24.0,76,8.38,27.46,19.67,Mumbai Indians,2025,5000000
846,KV Sharma,india,35.0,,bowler,left-handed-bat,right-arm-legbreak,0,0,0.0,0.0,0,0,0,14,351,13.5,119.39,0,20,17,1,7.0,28.0,24.0,76,8.38,27.46,19.67,Royal Challengers Bengaluru,2022,5000000
779,KV Sharma,india,35.0,,bowler,left-handed-bat,right-arm-legbreak,0,0,0.0,0.0,0,0,0,14,351,13.5,119.39,0,20,17,1,7.0,28.0,24.0,76,8.38,27.46,19.67,Lucknow Super Giants,2022,2000000
382,KV Sharma,india,31.0,,bowler,left-handed-bat,right-arm-legbreak,0,0,0.0,0.0,0,0,0,14,351,13.5,119.39,0,20,17,1,7.0,28.0,24.0,76,8.38,27.46,19.67,Chennai Super Kings,2018,50000000
355,KV Sharma,india,30.0,,bowler,left-handed-bat,right-arm-legbreak,0,0,0.0,0.0,0,0,0,14,351,13.5,119.39,0,20,17,1,7.0,28.0,24.0,76,8.38,27.46,19.67,Mumbai Indians,2017,32000000
155,KV Sharma,india,27.0,,bowler,left-handed-bat,right-arm-legbreak,0,0,0.0,0.0,0,0,0,14,351,13.5,119.39,0,20,17,1,7.0,28.0,24.0,76,8.38,27.46,19.67,Sunrisers Hyderabad,2014,37500000
1065,I Sharma,india,37.0,,bowler,right-handed-bat,right-arm-fast-medium,2,8,8.0,88.89,0,1,0,22,57,9.5,82.61,0,4,2,8,8.63,50.0,34.75,92,8.24,34.48,25.1,Gujarat Titans,2025,7500000
882,I Sharma,india,35.0,,bowler,right-handed-bat,right-arm-fast-medium,2,8,8.0,88.89,0,1,0,22,57,9.5,82.61,0,4,2,8,8.63,50.0,34.75,92,8.24,34.48,25.1,Delhi Capitals,2023,5000000
535,I Sharma,india,31.0,,bowler,right-handed-bat,right-arm-fast-medium,2,8,8.0,88.89,0,1,0,22,57,9.5,82.61,0,4,2,8,8.63,50.0,34.75,92,8.24,34.48,25.1,Delhi Capitals,2019,11000000
290,I Sharma,india,28.0,,bowler,right-handed-bat,right-arm-fast-medium,2,8,8.0,88.89,0,1,0,22,57,9.5,82.61,0,4,2,8,8.63,50.0,34.75,92,8.24,34.48,25.1,Lucknow Super Giants,2016,38000000
157,I Sharma,india,26.0,,bowler,right-handed-bat,right-arm-fast-medium,2,8,8.0,88.89,0,1,0,22,57,9.5,82.61,0,4,2,8,8.63,50.0,34.75,92,8.24,34.48,25.1,Sunrisers Hyderabad,2014,26000000
292,IK Pathan,india,32.0,,bowling-allrounder,left-handed-bat,left-arm-fast-medium,7,172,24.57,119.45,0,9,7,29,1139,21.49,120.41,1,87,37,28,8.03,22.07,16.5,80,7.78,33.11,25.54,Lucknow Super Giants,2016,10000000
174,IK Pathan,india,31.0,,bowling-allrounder,left-handed-bat,left-arm-fast-medium,7,172,24.57,119.45,0,9,7,29,1139,21.49,120.41,1,87,37,28,8.03,22.07,16.5,80,7.78,33.11,25.54,Chennai Super Kings,2015,15000000
158,IK Pathan,india,30.0,,bowling-allrounder,left-handed-bat,left-arm-fast-medium,7,172,24.57,119.45,0,9,7,29,1139,21.49,120.41,1,87,37,28,8.03,22.07,16.5,80,7.78,33.11,25.54,Sunrisers Hyderabad,2014,24000000
1035,KL Rahul,india,33.0,,wk-batsman,right-handed-bat,,8,2265,37.75,139.13,22,191,99,20,4683,45.47,134.61,37,400,187,0,0.0,0.0,0.0,0,0.0,0.0,0.0,Delhi Capitals,2025,140000000
418,KL Rahul,india,26.0,,wk-batsman,right-handed-bat,,8,2265,37.75,139.13,22,191,99,20,4683,45.47,134.61,37,400,187,0,0.0,0.0,0.0,0,0.0,0.0,0.0,Punjab Kings,2018,110000000
160,KL Rahul,india,22.0,,wk-batsman,right-handed-bat,,8,2265,37.75,139.13,22,191,99,20,4683,45.47,134.61,37,400,187,0,0.0,0.0,0.0,0,0.0,0.0,0.0,Sunrisers Hyderabad,2014,10000000
161,Parvez Rasool,india,25.0,,bowling-allrounder,right-handed-bat,right-arm-offbreak,0,5,5.0,83.34,0,0,0,3,17,8.5,85.0,0,1,0,1,8.0,32.0,24.0,4,8.21,67.75,49.5,Sunrisers Hyderabad,2014,9500000
163,Y Venugopal Rao,india,32.0,,batsman,right-handed-bat,right-arm-offbreak,0,0,0.0,0.0,0,0,0,10,985,22.39,117.83,3,77,37,0,0.0,0.0,0.0,6,9.36,56.17,36.0,Sunrisers Hyderabad,2014,5500000
410,NV Ojha,india,35.0,,wk-batsman,right-handed-bat,,0,12,6.0,44.45,0,2,0,19,1554,20.72,118.36,6,121,79,0,0.0,0.0,0.0,0,0.0,0.0,0.0,Delhi Capitals,2018,14000000
164,NV Ojha,india,31.0,,wk-batsman,right-handed-bat,,0,12,6.0,44.45,0,2,0,19,1554,20.72,118.36,6,121,79,0,0.0,0.0,0.0,0,0.0,0.0,0.0,Sunrisers Hyderabad,2014,5000000
165,LRPL Taylor,zimbabwe,28.0,,wk-batsman,right-handed-bat,right-arm-offbreak,6,934,23.95,118.23,6,93,24,0,0,0.0,0.0,0,0,0,1,3.4,17.0,30.0,0,0.0,0.0,0.0,Sunrisers Hyderabad,2014,3000000
168,A Ashish Reddy,india,23.0,,bowling-allrounder,right-handed-bat,right-arm-medium,0,0,0.0,0.0,0,0,0,8,280,18.67,145.08,0,17,14,0,0.0,0.0,0.0,18,9.07,22.0,14.56,Sunrisers Hyderabad,2014,2000000
169,S Anirudha,india,27.0,,batsman,right-handed-bat,,0,0,0.0,0.0,0,0,0,3,130,16.25,118.19,1,8,7,0,0.0,0.0,0.0,0,0.0,0.0,0.0,Sunrisers Hyderabad,2014,2000000
527,RK Bhui,india,22.0,,batsman,right-handed-bat,right-arm-legbreak,0,0,0.0,0.0,0,0,0,0,10,2.5,38.47,0,0,0,0,0.0,0.0,0.0,0,0.0,0.0,0.0,Sunrisers Hyderabad,2018,2000000
170,RK Bhui,india,18.0,,batsman,right-handed-bat,right-arm-legbreak,0,0,0.0,0.0,0,0,0,0,10,2.5,38.47,0,0,0,0,0.0,0.0,0.0,0,0.0,0.0,0.0,Sunrisers Hyderabad,2014,1000000
172,MC Juneja,india,24.0,,batting-allrounder,right-handed-bat,right-arm-offbreak,0,0,0.0,0.0,0,0,0,0,125,17.86,97.66,0,11,1,0,0.0,0.0,0.0,0,0.0,0.0,0.0,Sunrisers Hyderabad,2014,1000000
268,KJ Abbott,south africa,29.0,,bowler,right-handed-bat,right-arm-fast-medium,4,23,11.5,115.0,0,2,0,2,13,13.0,162.5,0,0,1,26,7.97,22.27,16.77,2,11.06,88.5,48.0,Punjab Kings,2016,21000000
176,KJ Abbott,south africa,28.0,,bowler,right-handed-bat,right-arm-fast-medium,4,23,11.5,115.0,0,2,0,2,13,13.0,162.5,0,0,1,26,7.97,22.27,16.77,2,11.06,88.5,48.0,Chennai Super Kings,2015,3000000
616,AJ Tye,australia,34.0,,bowler,right-handed-bat,right-arm-fast-medium,7,83,10.38,109.22,0,5,4,4,91,10.11,119.74,0,6,5,47,8.76,21.21,14.53,42,8.59,23.31,16.29,Rajasthan Royals,2020,10000000
438,KD Karthik,india,33.0,,wk-batsman,right-handed-bat,,22,686,26.38,142.62,1,71,28,50,4842,26.32,135.37,22,466,161,0,18.0,0.0,0.0,0,0.0,0.0,0.0,Kolkata Knight Riders,2018,74000000
420,AJ Tye,australia,32.0,,bowler,right-handed-bat,right-arm-fast-medium,7,83,10.38,109.22,0,5,4,4,91,10.11,119.74,0,6,5,47,8.76,21.21,14.53,42,8.59,23.31,16.29,Punjab Kings,2018,72000000
255,AJ Tye,australia,30.0,,bowler,right-handed-bat,right-arm-fast-medium,7,83,10.38,109.22,0,5,4,4,91,10.11,119.74,0,6,5,47,8.76,21.21,14.53,42,8.59,23.31,16.29,Gujarat Titans,2016,5000000
177,AJ Tye,australia,29.0,,bowler,right-handed-bat,right-arm-fast-medium,7,83,10.38,109.22,0,5,4,4,91,10.11,119.74,0,6,5,47,8.76,21.21,14.53,42,8.59,23.31,16.29,Chennai Super Kings,2015,2000000
243,P Simran Singh,india,22.0,,bowler,right-handed-bat,right-arm-legbreak,0,0,0.0,0.0,0,0,0,0,0,0.0,0.0,0,0,0,0,0.0,0.0,0.0,0,0.0,0.0,0.0,Delhi Capitals,2016,1000000
178,P Simran Singh,india,21.0,,bowler,right-handed-bat,right-arm-legbreak,0,0,0.0,0.0,0,0,0,0,0,0.0,0.0,0,0,0,0,0.0,0.0,0.0,0,0.0,0.0,0.0,Chennai Super Kings,2015,1000000
375,ER Dwivedi,india,29.0,,wk-batsman,right-handed-bat,,0,0,0.0,0.0,0,0,0,0,24,12.0,171.43,0,2,2,0,0.0,0.0,0.0,0,0.0,0.0,0.0,Sunrisers Hyderabad,2017,7500000
254,ER Dwivedi,india,28.0,,wk-batsman,right-handed-bat,,0,0,0.0,0.0,0,0,0,0,24,12.0,171.43,0,2,2,0,0.0,0.0,0.0,0,0.0,0.0,0.0,Gujarat Titans,2016,10000000
180,ER Dwivedi,india,27.0,,wk-batsman,right-handed-bat,,0,0,0.0,0.0,0,0,0,0,24,12.0,171.43,0,2,2,0,0.0,0.0,0.0,0,0.0,0.0,0.0,Chennai Super Kings,2015,1000000
325,AD Mathews,sri lanka,30.0,,batting-allrounder,right-handed-bat,right-arm-fast-medium,22,1416,27.76,120.52,6,92,50,11,724,23.35,125.92,1,44,29,45,7.13,30.87,25.98,27,8.18,39.96,29.3,Delhi Capitals,2017,20000000
182,AD Mathews,sri lanka,28.0,,batting-allrounder,right-handed-bat,right-arm-fast-medium,22,1416,27.76,120.52,6,92,50,11,724,23.35,125.92,1,44,29,45,7.13,30.87,25.98,27,8.18,39.96,29.3,Delhi Capitals,2015,75000000
185,GS Sandhu,australia,22.0,,bowler,left-handed-bat,right-arm-fast-medium,0,0,0.0,0.0,0,0,0,0,0,0.0,0.0,0,0,0,0,0.0,0.0,0.0,1,10.25,82.0,48.0,Delhi Capitals,2015,17000000
187,DJ Muthuswami,india,34.0,,bowler,right-handed-bat,right-arm-medium,0,0,0.0,0.0,0,0,0,1,1,1.0,33.34,0,0,0,0,0.0,0.0,0.0,4,7.21,25.25,21.0,Delhi Capitals,2015,7500000
1016,TM Head,australia,31.0,,batsman,left-handed-bat,right-arm-offbreak,4,1093,33.12,160.5,5,114,53,4,772,36.76,173.88,5,76,40,1,9.33,56.0,36.0,2,11.69,56.5,29.0,Sunrisers Hyderabad,2024,68000000
309,TM Head,australia,23.0,,batsman,left-handed-bat,right-arm-offbreak,4,1093,33.12,160.5,5,114,53,4,772,36.76,173.88,5,76,40,1,9.33,56.0,36.0,2,11.69,56.5,29.0,Royal Challengers Bengaluru,2016,5000000
189,TM Head,australia,22.0,,batsman,left-handed-bat,right-arm-offbreak,4,1093,33.12,160.5,5,114,53,4,772,36.76,173.88,5,76,40,1,9.33,56.0,36.0,2,11.69,56.5,29.0,Delhi Capitals,2015,3000000
1123,MP Stoinis,australia,36.0,,batting-allrounder,right-handed-bat,right-arm-medium,22,1245,31.92,148.57,5,99,63,22,1866,28.27,142.01,9,150,91,45,8.73,24.24,16.67,43,9.52,29.63,18.67,Punjab Kings,2025,110000000
587,MP Stoinis,australia,31.0,,batting-allrounder,right-handed-bat,right-arm-medium,22,1245,31.92,148.57,5,99,63,22,1866,28.27,142.01,9,150,91,45,8.73,24.24,16.67,43,9.52,29.63,18.67,Delhi Capitals,2020,48000000
422,MP Stoinis,australia,29.0,,batting-allrounder,right-handed-bat,right-arm-medium,22,1245,31.92,148.57,5,99,63,22,1866,28.27,142.01,9,150,91,45,8.73,24.24,16.67,43,9.52,29.63,18.67,Punjab Kings,2018,62000000
270,MP Stoinis,australia,27.0,,batting-allrounder,right-handed-bat,right-arm-medium,22,1245,31.92,148.57,5,99,63,22,1866,28.27,142.01,9,150,91,45,8.73,24.24,16.67,43,9.52,29.63,18.67,Punjab Kings,2016,5500000
190,MP Stoinis,australia,26.0,,batting-allrounder,right-handed-bat,right-arm-medium,22,1245,31.92,148.57,5,99,63,22,1866,28.27,142.01,9,150,91,45,8.73,24.24,16.67,43,9.52,29.63,18.67,Delhi Capitals,2015,2500000
975,KS Bharat,india,31.0,,wk-batsman,right-handed-bat,,0,0,0.0,0.0,0,0,0,2,199,28.43,122.09,1,12,8,0,0.0,0.0,0.0,0,0.0,0.0,0.0,Kolkata Knight Riders,2024,5000000
886,KS Bharat,india,30.0,,wk-batsman,right-handed-bat,,0,0,0.0,0.0,0,0,0,2,199,28.43,122.09,1,12,8,0,0.0,0.0,0.0,0,0.0,0.0,0.0,Gujarat Titans,2023,12000000
715,KS Bharat,india,29.0,,wk-batsman,right-handed-bat,,0,0,0.0,0.0,0,0,0,2,199,28.43,122.09,1,12,8,0,0.0,0.0,0.0,0,0.0,0.0,0.0,Delhi Capitals,2022,20000000
685,KS Bharat,india,28.0,,wk-batsman,right-handed-bat,,0,0,0.0,0.0,0,0,0,2,199,28.43,122.09,1,12,8,0,0.0,0.0,0.0,0,0.0,0.0,0.0,Royal Challengers Bengaluru,2021,2000000
192,KS Bharat,india,22.0,,wk-batsman,right-handed-bat,,0,0,0.0,0.0,0,0,0,2,199,28.43,122.09,1,12,8,0,0.0,0.0,0.0,0,0.0,0.0,0.0,Delhi Capitals,2015,1000000
604,NS Naik,india,26.0,,batsman,right-handed-bat,right-arm-offbreak,0,0,0.0,0.0,0,0,0,0,31,7.75,62.0,0,2,0,0,0.0,0.0,0.0,0,0.0,0.0,0.0,Kolkata Knight Riders,2020,2000000
556,NS Naik,india,25.0,,batsman,right-handed-bat,right-arm-offbreak,0,0,0.0,0.0,0,0,0,0,31,7.75,62.0,0,2,0,0,0.0,0.0,0.0,0,0.0,0.0,0.0,Kolkata Knight Riders,2019,2000000
825,KC Cariappa,india,28.0,,bowler,right-handed-bat,right-arm-legbreak,0,0,0.0,0.0,0,0,0,2,24,8.0,114.29,0,0,2,0,0.0,0.0,0.0,8,9.67,43.5,27.0,Rajasthan Royals,2022,3000000
676,KC Cariappa,india,27.0,,bowler,right-handed-bat,right-arm-legbreak,0,0,0.0,0.0,0,0,0,2,24,8.0,114.29,0,0,2,0,0.0,0.0,0.0,8,9.67,43.5,27.0,Rajasthan Royals,2021,2000000
269,KC Cariappa,india,22.0,,bowler,right-handed-bat,right-arm-legbreak,0,0,0.0,0.0,0,0,0,2,24,8.0,114.29,0,0,2,0,0.0,0.0,0.0,8,9.67,43.5,27.0,Punjab Kings,2016,8000000
197,KC Cariappa,india,21.0,,bowler,right-handed-bat,right-arm-legbreak,0,0,0.0,0.0,0,0,0,2,24,8.0,114.29,0,0,2,0,0.0,0.0,0.0,8,9.67,43.5,27.0,Kolkata Knight Riders,2015,24000000
199,GB Hogg,australia,44.0,6.004230000000001,bowler,left-handed-bat,left-arm-wrist-spin,0,55,13.75,141.03,0,3,3,3,22,7.33,100.0,0,1,0,7,7.61,53.29,42.0,23,7.47,24.78,19.91,Kolkata Knight Riders,2015,5000000
752,SP Jackson,india,36.0,,wk-batsman,right-handed-bat,,0,0,0.0,0.0,0,0,0,2,61,10.17,107.02,0,5,1,0,0.0,0.0,0.0,0,0.0,0.0,0.0,Kolkata Knight Riders,2022,6000000
200,SP Jackson,india,29.0,,wk-batsman,right-handed-bat,,0,0,0.0,0.0,0,0,0,2,61,10.17,107.02,0,5,1,0,0.0,0.0,0.0,0,0.0,0.0,0.0,Kolkata Knight Riders,2015,1500000
201,S Narwal,india,33.0,,batting-allrounder,left-handed-bat,right-arm-medium,0,0,0.0,0.0,0,0,0,1,37,12.33,137.04,0,6,0,0,0.0,0.0,0.0,5,11.43,40.4,21.2,Kolkata Knight Riders,2015,1000000
321,A Mithun,india,27.0,,bowler,right-handed-bat,right-arm-medium,0,0,0.0,0.0,0,0,0,3,34,6.8,130.77,0,4,1,0,0.0,0.0,0.0,7,9.83,67.43,41.14,Sunrisers Hyderabad,2016,3000000
205,A Mithun,india,26.0,,bowler,right-handed-bat,right-arm-medium,0,0,0.0,0.0,0,0,0,3,34,6.8,130.77,0,4,1,0,0.0,0.0,0.0,7,9.83,67.43,41.14,Mumbai Indians,2015,3000000
206,MJ McClenaghan,new zealand,29.0,,bowler,left-handed-bat,left-arm-fast-medium,4,24,6.0,104.35,0,1,2,11,85,6.54,121.43,0,5,7,30,7.79,26.3,20.27,71,8.49,25.39,17.94,Mumbai Indians,2015,3000000
208,HH Pandya,india,22.0,,batting-allrounder,right-handed-bat,right-arm-fast-medium,25,1812,27.88,141.68,5,135,95,40,2525,28.69,145.62,10,189,136,94,8.21,26.44,19.33,64,9.1,33.59,22.16,Mumbai Indians,2015,1000000
1141,N Rana,india,32.0,,batsman,left-handed-bat,right-arm-offbreak,0,15,7.5,55.56,0,0,0,8,2636,28.34,135.05,18,234,132,0,0.0,0.0,0.0,10,8.4,25.2,18.0,Rajasthan Royals,2025,42000000
748,N Rana,india,29.0,,batsman,left-handed-bat,right-arm-offbreak,0,15,7.5,55.56,0,0,0,8,2636,28.34,135.05,18,234,132,0,0.0,0.0,0.0,10,8.4,25.2,18.0,Kolkata Knight Riders,2022,80000000
441,N Rana,india,25.0,,batsman,left-handed-bat,right-arm-offbreak,0,15,7.5,55.56,0,0,0,8,2636,28.34,135.05,18,234,132,0,0.0,0.0,0.0,10,8.4,25.2,18.0,Kolkata Knight Riders,2018,34000000
210,N Rana,india,22.0,,batsman,left-handed-bat,right-arm-offbreak,0,15,7.5,55.56,0,0,0,8,2636,28.34,135.05,18,234,132,0,0.0,0.0,0.0,10,8.4,25.2,18.0,Mumbai Indians,2015,1000000
467,SD Lad,india,26.0,,batsman,right-handed-bat,right-arm-offbreak,0,0,0.0,0.0,0,0,0,0,15,15.0,115.39,0,1,1,0,0.0,0.0,0.0,0,0.0,0.0,0.0,Mumbai Indians,2018,2000000
211,SD Lad,india,23.0,,batsman,right-handed-bat,right-arm-offbreak,0,0,0.0,0.0,0,0,0,0,15,15.0,115.39,0,1,1,0,0.0,0.0,0.0,0,0.0,0.0,0.0,Mumbai Indians,2015,1000000
864,J Suchith,india,28.0,,bowler,left-handed-bat,left-arm-orthodox,0,0,0.0,0.0,0,0,0,6,70,17.5,114.76,0,6,3,0,0.0,0.0,0.0,19,8.6,31.68,22.11,Sunrisers Hyderabad,2022,2000000
687,J Suchith,india,27.0,,bowler,left-handed-bat,left-arm-orthodox,0,0,0.0,0.0,0,0,0,6,70,17.5,114.76,0,6,3,0,0.0,0.0,0.0,19,8.6,31.68,22.11,Sunrisers Hyderabad,2021,3000000
212,J Suchith,india,21.0,,bowler,left-handed-bat,left-arm-orthodox,0,0,0.0,0.0,0,0,0,6,70,17.5,114.76,0,6,3,0,0.0,0.0,0.0,19,8.6,31.68,22.11,Mumbai Indians,2015,1000000
214,J Theron,united states of america,30.0,,bowler,right-handed-bat,right-arm-fast-medium,7,41,0.0,151.86,0,4,1,2,10,5.0,83.34,0,1,0,24,7.64,19.83,15.58,9,8.14,32.56,24.0,Rajasthan Royals,2015,3000000
216,SK Trivedi,india,24.0,,bowler,left-handed-bat,right-arm-medium,0,0,0.0,0.0,0,0,0,0,0,0.0,0.0,0,0,0,0,0.0,0.0,0.0,0,0.0,0.0,0.0,Rajasthan Royals,2015,1000000
435,P Sahu,india,33.0,,batting-allrounder,right-handed-bat,right-arm-legbreak,0,0,0.0,0.0,0,0,0,1,19,19.0,146.16,0,1,1,0,0.0,0.0,0.0,3,8.34,48.67,35.0,Punjab Kings,2018,2000000
272,P Sahu,india,31.0,,batting-allrounder,right-handed-bat,right-arm-legbreak,0,0,0.0,0.0,0,0,0,1,19,19.0,146.16,0,1,1,0,0.0,0.0,0.0,3,8.34,48.67,35.0,Punjab Kings,2016,1000000
217,P Sahu,india,30.0,,batting-allrounder,right-handed-bat,right-arm-legbreak,0,0,0.0,0.0,0,0,0,1,19,19.0,146.16,0,1,1,0,0.0,0.0,0.0,3,8.34,48.67,35.0,Rajasthan Royals,2015,1000000
895,D Wiese,namibia,38.0,,batting-allrounder,right-handed-bat,right-arm-fast-medium,14,624,24.0,127.87,3,35,30,6,148,29.6,146.54,0,12,7,59,7.19,22.02,18.37,16,8.92,27.5,18.5,Kolkata Knight Riders,2023,10000000
220,D Wiese,namibia,30.0,,batting-allrounder,right-handed-bat,right-arm-fast-medium,14,624,24.0,127.87,3,35,30,6,148,29.6,146.54,0,12,7,59,7.19,22.02,18.37,16,8.92,27.5,18.5,Royal Challengers Bengaluru,2015,28000000
870,SA Abbott,australia,30.0,,bowler,right-handed-bat,right-arm-fast-medium,2,25,5.0,92.6,0,1,1,0,22,7.33,122.23,0,1,2,26,8.91,20.96,14.12,1,11.56,104.0,54.0,Sunrisers Hyderabad,2022,24000000
221,SA Abbott,australia,23.0,,bowler,right-handed-bat,right-arm-fast-medium,2,25,5.0,92.6,0,1,1,0,22,7.33,122.23,0,1,2,26,8.91,20.96,14.12,1,11.56,104.0,54.0,Royal Challengers Bengaluru,2015,10000000
702,AF Milne,new zealand,30.0,,bowler,right-handed-bat,right-arm-fast,11,83,8.3,96.52,0,1,6,2,23,5.75,79.32,0,0,1,61,8.43,25.0,17.79,7,9.48,46.71,29.57,Chennai Super Kings,2022,19000000
658,AF Milne,new zealand,29.0,,bowler,right-handed-bat,right-arm-fast,11,83,8.3,96.52,0,1,6,2,23,5.75,79.32,0,0,1,61,8.43,25.0,17.79,7,9.48,46.71,29.57,Mumbai Indians,2021,32000000
222,AF Milne,new zealand,23.0,,bowler,right-handed-bat,right-arm-fast,11,83,8.3,96.52,0,1,6,2,23,5.75,79.32,0,0,1,61,8.43,25.0,17.79,7,9.48,46.71,29.57,Royal Challengers Bengaluru,2015,7000000
713,SN Khan,india,25.0,,batsman,right-handed-bat,right-arm-legbreak,0,0,0.0,0.0,0,0,0,11,585,22.5,130.59,1,63,14,0,0.0,0.0,0.0,0,0.0,0.0,0.0,Delhi Capitals,2022,2000000
548,SN Khan,india,22.0,,batsman,right-handed-bat,right-arm-legbreak,0,0,0.0,0.0,0,0,0,11,585,22.5,130.59,1,63,14,0,0.0,0.0,0.0,0,0.0,0.0,0.0,Punjab Kings,2019,2500000
223,SN Khan,india,18.0,,batsman,right-handed-bat,right-arm-legbreak,0,0,0.0,0.0,0,0,0,11,585,22.5,130.59,1,63,14,0,0.0,0.0,0.0,0,0.0,0.0,0.0,Royal Challengers Bengaluru,2015,5000000
248,P Kumar,india,30.0,,bowler,right-handed-bat,right-arm-fast-medium,0,7,2.33,43.75,0,0,0,21,340,8.95,108.29,0,22,17,8,7.42,24.13,19.5,90,7.73,36.12,28.04,Gujarat Titans,2016,35000000
226,P Kumar,india,29.0,,bowler,right-handed-bat,right-arm-fast-medium,0,7,2.33,43.75,0,0,0,21,340,8.95,108.29,0,22,17,8,7.42,24.13,19.5,90,7.73,36.12,28.04,Sunrisers Hyderabad,2015,22000000
600,EJG Morgan,england,34.0,5.9,batsman,left-handed-bat,right-arm-medium,20,2458,28.58,136.18,14,186,120,13,1405,22.66,122.61,5,112,64,0,0.0,0.0,0.0,0,0.0,0.0,0.0,Kolkata Knight Riders,2020,52500000
342,EJG Morgan,england,31.0,5.9,batsman,left-handed-bat,right-arm-medium,20,2458,28.58,136.18,14,186,120,13,1405,22.66,122.61,5,112,64,0,0.0,0.0,0.0,0,0.0,0.0,0.0,Punjab Kings,2017,20000000
228,EJG Morgan,england,29.0,5.9,batsman,left-handed-bat,right-arm-medium,20,2458,28.58,136.18,14,186,120,13,1405,22.66,122.61,5,112,64,0,0.0,0.0,0.0,0,0.0,0.0,0.0,Sunrisers Hyderabad,2015,15000000
229,RS Bopara,england,30.0,5.1,batting-allrounder,right-handed-bat,right-arm-medium,10,711,28.44,118.7,3,54,17,4,531,29.5,117.22,3,39,16,16,7.21,24.19,20.13,11,8.5,26.55,18.73,Sunrisers Hyderabad,2015,10000000
533,GH Vihari,india,26.0,,batting-allrounder,right-handed-bat,right-arm-offbreak,0,0,0.0,0.0,0,0,0,3,284,14.2,88.48,0,23,1,0,0.0,0.0,0.0,1,6.71,47.0,42.0,Delhi Capitals,2019,20000000
232,GH Vihari,india,22.0,,batting-allrounder,right-handed-bat,right-arm-offbreak,0,0,0.0,0.0,0,0,0,3,284,14.2,88.48,0,23,1,0,0.0,0.0,0.0,1,6.71,47.0,42.0,Sunrisers Hyderabad,2015,1000000
474,SV Samson,india,24.0,,wk-batsman,right-handed-bat,,4,861,25.32,152.39,2,71,49,19,4419,30.69,138.97,25,352,206,0,0.0,0.0,0.0,0,0.0,0.0,0.0,Rajasthan Royals,2018,80000000
236,SV Samson,india,22.0,,wk-batsman,right-handed-bat,,4,861,25.32,152.39,2,71,49,19,4419,30.69,138.97,25,352,206,0,0.0,0.0,0.0,0,0.0,0.0,0.0,Delhi Capitals,2016,42000000
552,CR Brathwaite,west indies,31.0,,bowling-allrounder,right-handed-bat,right-arm-fast-medium,6,310,14.76,113.14,0,13,22,1,181,13.92,163.07,0,10,16,31,8.57,32.68,22.87,13,8.95,29.15,19.54,Kolkata Knight Riders,2019,50000000
517,CR Brathwaite,west indies,30.0,,bowling-allrounder,right-handed-bat,right-arm-fast-medium,6,310,14.76,113.14,0,13,22,1,181,13.92,163.07,0,10,16,31,8.57,32.68,22.87,13,8.95,29.15,19.54,Sunrisers Hyderabad,2018,20000000
237,CR Brathwaite,west indies,28.0,,bowling-allrounder,right-handed-bat,right-arm-fast-medium,6,310,14.76,113.14,0,13,22,1,181,13.92,163.07,0,10,16,31,8.57,32.68,22.87,13,8.95,29.15,19.54,Delhi Capitals,2016,42000000
1085,RR Pant,india,28.0,,wk-batsman,left-handed-bat,,14,1209,23.25,127.4,3,111,44,17,3284,35.31,148.94,18,296,154,0,0.0,0.0,0.0,0,0.0,0.0,0.0,Lucknow Super Giants,2025,270000000
239,RR Pant,india,19.0,,wk-batsman,left-handed-bat,,14,1209,23.25,127.4,3,111,44,17,3284,35.31,148.94,18,296,154,0,0.0,0.0,0.0,0,0.0,0.0,0.0,Delhi Capitals,2016,19000000
749,SW Billings,england,31.0,,wk-batsman,right-handed-bat,,5,478,17.07,129.9,2,41,16,1,503,19.35,129.64,3,40,20,0,0.0,0.0,0.0,0,0.0,0.0,0.0,Kolkata Knight Riders,2022,20000000
644,SW Billings,england,30.0,,wk-batsman,right-handed-bat,,5,478,17.07,129.9,2,41,16,1,503,19.35,129.64,3,40,20,0,0.0,0.0,0.0,0,0.0,0.0,0.0,Delhi Capitals,2021,20000000
388,SW Billings,england,27.0,,wk-batsman,right-handed-bat,,5,478,17.07,129.9,2,41,16,1,503,19.35,129.64,3,40,20,0,0.0,0.0,0.0,0,0.0,0.0,0.0,Chennai Super Kings,2018,10000000
241,SW Billings,england,25.0,,wk-batsman,right-handed-bat,,5,478,17.07,129.9,2,41,16,1,503,19.35,129.64,3,40,20,0,0.0,0.0,0.0,0,0.0,0.0,0.0,Delhi Capitals,2016,3000000
1060,MK Lomror,india,26.0,,batting-allrounder,left-handed-bat,left-arm-orthodox,0,0,0.0,0.0,0,0,0,6,527,18.17,141.29,1,33,30,0,0.0,0.0,0.0,1,8.47,127.0,90.0,Gujarat Titans,2025,17000000
847,MK Lomror,india,23.0,,batting-allrounder,left-handed-bat,left-arm-orthodox,0,0,0.0,0.0,0,0,0,6,527,18.17,141.29,1,33,30,0,0.0,0.0,0.0,1,8.47,127.0,90.0,Royal Challengers Bengaluru,2022,9500000
492,MK Lomror,india,19.0,,batting-allrounder,left-handed-bat,left-arm-orthodox,0,0,0.0,0.0,0,0,0,6,527,18.17,141.29,1,33,30,0,0.0,0.0,0.0,1,8.47,127.0,90.0,Rajasthan Royals,2018,2000000
244,MK Lomror,india,17.0,,batting-allrounder,left-handed-bat,left-arm-orthodox,0,0,0.0,0.0,0,0,0,6,527,18.17,141.29,1,33,30,0,0.0,0.0,0.0,1,8.47,127.0,90.0,Delhi Capitals,2016,1000000
1019,KK Ahmed,india,28.0,,bowler,right-handed-bat,left-arm-fast-medium,2,1,0.0,50.0,0,0,0,0,1,0.2,14.29,0,0,0,16,8.52,35.13,24.75,74,8.84,25.42,17.24,Chennai Super Kings,2025,48000000
717,KK Ahmed,india,25.0,,bowler,right-handed-bat,left-arm-fast-medium,2,1,0.0,50.0,0,0,0,0,1,0.2,14.29,0,0,0,16,8.52,35.13,24.75,74,8.84,25.42,17.24,Delhi Capitals,2022,52500000
515,KK Ahmed,india,21.0,,bowler,right-handed-bat,left-arm-fast-medium,2,1,0.0,50.0,0,0,0,0,1,0.2,14.29,0,0,0,16,8.52,35.13,24.75,74,8.84,25.42,17.24,Sunrisers Hyderabad,2018,30000000
245,KK Ahmed,india,19.0,,bowler,right-handed-bat,left-arm-fast-medium,2,1,0.0,50.0,0,0,0,0,1,0.2,14.29,0,0,0,16,8.52,35.13,24.75,74,8.84,25.42,17.24,Delhi Capitals,2016,1000000
624,DW Steyn,south africa,37.0,,bowler,right-handed-bat,right-arm-fast,6,21,3.5,80.77,0,2,0,15,167,7.59,104.38,0,14,3,64,6.95,18.36,15.86,97,6.92,25.86,22.43,Royal Challengers Bengaluru,2020,20000000
249,DW Steyn,south africa,33.0,,bowler,right-handed-bat,right-arm-fast,6,21,3.5,80.77,0,2,0,15,167,7.59,104.38,0,14,3,64,6.95,18.36,15.86,97,6.92,25.86,22.43,Gujarat Titans,2016,23000000
1169,Ishan Kishan,india,27.0,,wk-batsman,left-handed-bat,,1,796,25.68,124.38,6,79,36,6,2644,28.43,135.87,16,255,119,0,0.0,0.0,0.0,0,0.0,0.0,0.0,Sunrisers Hyderabad,2025,112500000
781,Ishan Kishan,india,24.0,,wk-batsman,left-handed-bat,,1,796,25.68,124.38,6,79,36,6,2644,28.43,135.87,16,255,119,0,0.0,0.0,0.0,0,0.0,0.0,0.0,Mumbai Indians,2022,152500000
453,Ishan Kishan,india,20.0,,wk-batsman,left-handed-bat,,1,796,25.68,124.38,6,79,36,6,2644,28.43,135.87,16,255,119,0,0.0,0.0,0.0,0,0.0,0.0,0.0,Mumbai Indians,2018,62000000
256,Ishan Kishan,india,18.0,,wk-batsman,left-handed-bat,,1,796,25.68,124.38,6,79,36,6,2644,28.43,135.87,16,255,119,0,0.0,0.0,0.0,0,0.0,0.0,0.0,Gujarat Titans,2016,3500000
257,OA Shah,india,33.0,,batsman,left-handed-bat,right-arm-offbreak,0,0,0.0,0.0,0,0,0,0,0,0.0,0.0,0,0,0,0,0.0,0.0,0.0,0,0.0,0.0,0.0,Gujarat Titans,2016,2000000
745,PJ Sangwan,india,32.0,,bowler,right-handed-bat,left-arm-fast-medium,0,0,0.0,0.0,0,0,0,7,26,3.25,59.1,0,1,0,0,0.0,0.0,0.0,38,8.69,32.63,22.53,Gujarat Titans,2022,2000000
461,PJ Sangwan,india,28.0,,bowler,right-handed-bat,left-arm-fast-medium,0,0,0.0,0.0,0,0,0,7,26,3.25,59.1,0,1,0,0,0.0,0.0,0.0,38,8.69,32.63,22.53,Mumbai Indians,2018,15000000
260,PJ Sangwan,india,26.0,,bowler,right-handed-bat,left-arm-fast-medium,0,0,0.0,0.0,0,0,0,7,26,3.25,59.1,0,1,0,0,0.0,0.0,0.0,38,8.69,32.63,22.53,Gujarat Titans,2016,2000000
574,AD Nath,india,26.0,,batting-allrounder,right-handed-bat,right-arm-fast-medium,0,0,0.0,0.0,0,0,0,0,90,9.0,91.84,0,7,2,0,0.0,0.0,0.0,0,0.0,0.0,0.0,Royal Challengers Bengaluru,2019,36000000
431,AD Nath,india,25.0,,batting-allrounder,right-handed-bat,right-arm-fast-medium,0,0,0.0,0.0,0,0,0,0,90,9.0,91.84,0,7,2,0,0.0,0.0,0.0,0,0.0,0.0,0.0,Punjab Kings,2018,10000000
336,AD Nath,india,24.0,,batting-allrounder,right-handed-bat,right-arm-fast-medium,0,0,0.0,0.0,0,0,0,0,90,9.0,91.84,0,7,2,0,0.0,0.0,0.0,0,0.0,0.0,0.0,Gujarat Titans,2017,1000000
263,AD Nath,india,23.0,,batting-allrounder,right-handed-bat,right-arm-fast-medium,0,0,0.0,0.0,0,0,0,0,90,9.0,91.84,0,7,2,0,0.0,0.0,0.0,0,0.0,0.0,0.0,Gujarat Titans,2016,1000000
264,S Ladda,india,30.0,,bowler,right-handed-bat,right-arm-legbreak,0,0,0.0,0.0,0,0,0,1,0,0.0,0.0,0,0,0,0,0.0,0.0,0.0,5,9.74,44.8,27.6,Gujarat Titans,2016,1000000
265,MM Sharma,india,27.0,,batsman,right-handed-bat,right-arm-offbreak,0,0,0.0,0.0,0,0,0,0,0,0.0,0.0,0,0,0,0,0.0,0.0,0.0,0,0.0,0.0,0.0,Gujarat Titans,2016,1000000
266,P Dogra,india,32.0,,batsman,right-handed-bat,right-arm-legbreak,0,0,0.0,0.0,0,0,0,1,127,11.55,92.03,0,4,5,0,0.0,0.0,0.0,0,0.0,0.0,0.0,Gujarat Titans,2016,1000000
271,F Behardien,south africa,33.0,,batting-allrounder,right-handed-bat,right-arm-fast-medium,14,518,32.38,128.22,1,37,16,1,14,7.0,107.7,0,2,0,3,5.4,9.0,10.0,0,0.0,0.0,0.0,Punjab Kings,2016,3000000
1164,Simarjeet Singh,india,34.0,,bowling-allrounder,right-handed-bat,left-arm-orthodox,0,0,0.0,0.0,0,0,0,4,51,10.2,113.34,0,3,3,0,0.0,0.0,0.0,7,8.93,34.43,23.14,Royal Challengers Bengaluru,2025,5000000
1009,Simarjeet Singh,india,33.0,,bowling-allrounder,right-handed-bat,left-arm-orthodox,0,0,0.0,0.0,0,0,0,4,51,10.2,113.34,0,3,3,0,0.0,0.0,0.0,7,8.93,34.43,23.14,Royal Challengers Bengaluru,2024,2000000
903,Simarjeet Singh,india,32.0,,bowling-allrounder,right-handed-bat,left-arm-orthodox,0,0,0.0,0.0,0,0,0,4,51,10.2,113.34,0,3,3,0,0.0,0.0,0.0,7,8.93,34.43,23.14,Lucknow Super Giants,2023,2000000
274,Simarjeet Singh,india,25.0,,bowling-allrounder,right-handed-bat,left-arm-orthodox,0,0,0.0,0.0,0,0,0,4,51,10.2,113.34,0,3,3,0,0.0,0.0,0.0,7,8.93,34.43,23.14,Punjab Kings,2016,1000000
769,Arshdeep Singh,india,,,bowler,right-handed-bat,right-arm-offbreak,0,0,0.0,0.0,0,0,0,0,0,0.0,0.0,0,0,0,0,0.0,0.0,0.0,0,0.0,0.0,0.0,Lucknow Super Giants,2022,5000000
425,Arshdeep Singh,india,,,bowler,right-handed-bat,right-arm-offbreak,0,0,0.0,0.0,0,0,0,0,0,0.0,0.0,0,0,0,0,0.0,0.0,0.0,0,0.0,0.0,0.0,Punjab Kings,2018,30000000
276,Arshdeep Singh,india,,,bowler,right-handed-bat,right-arm-offbreak,0,0,0.0,0.0,0,0,0,0,0,0.0,0.0,0,0,0,0,0.0,0.0,0.0,0,0.0,0.0,0.0,Kolkata Knight Riders,2016,15000000
279,R Sathish,india,35.0,,batsman,right-handed-bat,right-arm-medium,0,0,0.0,0.0,0,0,0,8,270,15.88,116.89,0,22,6,0,0.0,0.0,0.0,3,10.01,77.33,46.33,Kolkata Knight Riders,2016,2000000
280,MM Sharma,india,25.0,,bowling-allrounder,left-handed-bat,left-arm-orthodox,0,0,0.0,0.0,0,0,0,0,0,0.0,0.0,0,0,0,0,0.0,0.0,0.0,0,0.0,0.0,0.0,Kolkata Knight Riders,2016,1000000
1052,JC Buttler,england,35.0,,wk-batsman,right-handed-bat,,23,3535,35.35,146.62,26,322,152,12,3582,38.11,147.53,19,355,161,0,0.0,0.0,0.0,0,0.0,0.0,0.0,Gujarat Titans,2025,157500000
476,JC Buttler,england,28.0,,wk-batsman,right-handed-bat,,23,3535,35.35,146.62,26,322,152,12,3582,38.11,147.53,19,355,161,0,0.0,0.0,0.0,0,0.0,0.0,0.0,Rajasthan Royals,2018,44000000
281,JC Buttler,england,26.0,,wk-batsman,right-handed-bat,,23,3535,35.35,146.62,26,322,152,12,3582,38.11,147.53,19,355,161,0,0.0,0.0,0.0,0,0.0,0.0,0.0,Mumbai Indians,2016,38000000
539,NB Singh,india,24.0,,bowler,right-handed-bat,right-arm-fast-medium,0,0,0.0,0.0,0,0,0,0,0,0.0,0.0,0,0,0,0,0.0,0.0,0.0,1,3.75,15.0,24.0,Delhi Capitals,2019,2000000
334,NB Singh,india,22.0,,bowler,right-handed-bat,right-arm-fast-medium,0,0,0.0,0.0,0,0,0,0,0,0.0,0.0,0,0,0,0,0.0,0.0,0.0,1,3.75,15.0,24.0,Gujarat Titans,2017,5000000
282,NB Singh,india,21.0,,bowler,right-handed-bat,right-arm-fast-medium,0,0,0.0,0.0,0,0,0,0,0,0.0,0.0,0,0,0,0,0.0,0.0,0.0,1,3.75,15.0,24.0,Mumbai Indians,2016,32000000
1156,KH Pandya,india,34.0,,batting-allrounder,left-handed-bat,left-arm-orthodox,5,124,24.8,130.53,0,8,6,36,1647,21.96,132.83,1,144,61,15,8.11,36.93,27.33,76,7.37,34.29,27.92,Royal Challengers Bengaluru,2025,57500000
767,KH Pandya,india,31.0,,batting-allrounder,left-handed-bat,left-arm-orthodox,5,124,24.8,130.53,0,8,6,36,1647,21.96,132.83,1,144,61,15,8.11,36.93,27.33,76,7.37,34.29,27.92,Lucknow Super Giants,2022,82500000
452,KH Pandya,india,27.0,,batting-allrounder,left-handed-bat,left-arm-orthodox,5,124,24.8,130.53,0,8,6,36,1647,21.96,132.83,1,144,61,15,8.11,36.93,27.33,76,7.37,34.29,27.92,Mumbai Indians,2018,88000000
284,KH Pandya,india,25.0,,batting-allrounder,left-handed-bat,left-arm-orthodox,5,124,24.8,130.53,0,8,6,36,1647,21.96,132.83,1,144,61,15,8.11,36.93,27.33,76,7.37,34.29,27.92,Mumbai Indians,2016,20000000
1152,JM Sharma,india,32.0,,wk-batsman,right-handed-bat,,0,100,14.29,147.06,0,11,4,4,730,22.81,151.14,0,53,45,0,0.0,0.0,0.0,0,0.0,0.0,0.0,Royal Challengers Bengaluru,2025,110000000
804,JM Sharma,india,29.0,,wk-batsman,right-handed-bat,,0,100,14.29,147.06,0,11,4,4,730,22.81,151.14,0,53,45,0,0.0,0.0,0.0,0,0.0,0.0,0.0,Punjab Kings,2022,2000000
287,JM Sharma,india,23.0,,wk-batsman,right-handed-bat,,0,100,14.29,147.06,0,11,4,4,730,22.81,151.14,0,53,45,0,0.0,0.0,0.0,0,0.0,0.0,0.0,Mumbai Indians,2016,1000000
1090,MR Marsh,australia,34.0,,batting-allrounder,right-handed-bat,right-arm-fast-medium,11,1629,31.94,135.42,9,139,76,2,665,19.56,127.64,3,48,38,17,7.74,22.76,17.65,37,8.52,21.49,15.14,Lucknow Super Giants,2025,34000000
708,MR Marsh,australia,31.0,,batting-allrounder,right-handed-bat,right-arm-fast-medium,11,1629,31.94,135.42,9,139,76,2,665,19.56,127.64,3,48,38,17,7.74,22.76,17.65,37,8.52,21.49,15.14,Delhi Capitals,2022,65000000
629,MR Marsh,australia,29.0,,batting-allrounder,right-handed-bat,right-arm-fast-medium,11,1629,31.94,135.42,9,139,76,2,665,19.56,127.64,3,48,38,17,7.74,22.76,17.65,37,8.52,21.49,15.14,Sunrisers Hyderabad,2020,20000000
288,MR Marsh,australia,25.0,,batting-allrounder,right-handed-bat,right-arm-fast-medium,11,1629,31.94,135.42,9,139,76,2,665,19.56,127.64,3,48,38,17,7.74,22.76,17.65,37,8.52,21.49,15.14,Lucknow Super Giants,2016,48000000
927,M Ashwin,india,33.0,,bowler,right-handed-bat,right-arm-legbreak,0,0,0.0,0.0,0,0,0,4,35,3.89,70.0,0,2,1,0,0.0,0.0,0.0,35,8.01,33.2,24.86,Rajasthan Royals,2023,2000000
785,M Ashwin,india,32.0,,bowler,right-handed-bat,right-arm-legbreak,0,0,0.0,0.0,0,0,0,4,35,3.89,70.0,0,2,1,0,0.0,0.0,0.0,35,8.01,33.2,24.86,Mumbai Indians,2022,16000000
551,M Ashwin,india,29.0,,bowler,right-handed-bat,right-arm-legbreak,0,0,0.0,0.0,0,0,0,4,35,3.89,70.0,0,2,1,0,0.0,0.0,0.0,35,8.01,33.2,24.86,Punjab Kings,2019,2000000
501,M Ashwin,india,28.0,,bowler,right-handed-bat,right-arm-legbreak,0,0,0.0,0.0,0,0,0,4,35,3.89,70.0,0,2,1,0,0.0,0.0,0.0,35,8.01,33.2,24.86,Royal Challengers Bengaluru,2018,22000000
327,M Ashwin,india,27.0,,bowler,right-handed-bat,right-arm-legbreak,0,0,0.0,0.0,0,0,0,4,35,3.89,70.0,0,2,1,0,0.0,0.0,0.0,35,8.01,33.2,24.86,Delhi Capitals,2017,10000000
289,M Ashwin,india,26.0,,bowler,right-handed-bat,right-arm-legbreak,0,0,0.0,0.0,0,0,0,4,35,3.89,70.0,0,2,1,0,0.0,0.0,0.0,35,8.01,33.2,24.86,Lucknow Super Giants,2016,45000000
296,SM Boland,australia,27.0,,bowler,right-handed-bat,right-arm-fast-medium,0,0,0.0,0.0,0,0,0,0,0,0.0,0.0,0,0,0,3,8.18,30.0,22.0,2,7.71,27.0,21.0,Lucknow Super Giants,2016,5000000
297,PSP Handscomb,australia,25.0,,wk-batsman,right-handed-bat,,1,33,33.0,100.0,0,1,0,0,6,6.0,50.0,0,0,0,0,0.0,0.0,0.0,0,0.0,0.0,0.0,Lucknow Super Giants,2016,3000000
1174,A Zampa,australia,33.0,,bowler,right-handed-bat,right-arm-legbreak,10,68,5.67,89.48,0,7,0,0,15,3.0,62.5,0,1,0,117,7.17,21.01,17.58,29,7.99,19.24,14.45,Sunrisers Hyderabad,2025,24000000
922,A Zampa,australia,31.0,,bowler,right-handed-bat,right-arm-legbreak,10,68,5.67,89.48,0,7,0,0,15,3.0,62.5,0,1,0,117,7.17,21.01,17.58,29,7.99,19.24,14.45,Rajasthan Royals,2023,15000000
298,A Zampa,australia,24.0,,bowler,right-handed-bat,right-arm-legbreak,10,68,5.67,89.48,0,7,0,0,15,3.0,62.5,0,1,0,117,7.17,21.01,17.58,29,7.99,19.24,14.45,Lucknow Super Giants,2016,3000000
1104,DL Chahar,india,33.0,,bowler,right-handed-bat,right-arm-fast-medium,5,53,26.5,189.29,0,4,4,6,80,11.43,135.6,0,2,6,31,8.3,24.1,17.42,77,7.98,28.84,21.68,Mumbai Indians,2025,92500000
690,DL Chahar,india,30.0,,bowler,right-handed-bat,right-arm-fast-medium,5,53,26.5,189.29,0,4,4,6,80,11.43,135.6,0,2,6,31,8.3,24.1,17.42,77,7.98,28.84,21.68,Chennai Super Kings,2022,140000000
250,KD Karthik,india,31.0,,wk-batsman,right-handed-bat,,22,686,26.38,142.62,1,71,28,50,4842,26.32,135.37,22,466,161,0,18.0,0.0,0.0,0,0.0,0.0,0.0,Gujarat Titans,2016,23000000
390,DL Chahar,india,26.0,,bowler,right-handed-bat,right-arm-fast-medium,5,53,26.5,189.29,0,4,4,6,80,11.43,135.6,0,2,6,31,8.3,24.1,17.42,77,7.98,28.84,21.68,Chennai Super Kings,2018,8000000
300,DL Chahar,india,24.0,,bowler,right-handed-bat,right-arm-fast-medium,5,53,26.5,189.29,0,4,4,6,80,11.43,135.6,0,2,6,31,8.3,24.1,17.42,77,7.98,28.84,21.68,Lucknow Super Giants,2016,1000000
301,Arshdeep Singh,india,27.0,,bowler,right-handed-bat,,0,0,0.0,0.0,0,0,0,4,8,8.0,72.73,0,0,0,0,0.0,0.0,0.0,6,10.06,28.5,17.0,Lucknow Super Giants,2016,1000000
383,SR Watson,australia,37.0,6.004230000000001,batting-allrounder,right-handed-bat,right-arm-fast-medium,6,1462,29.24,145.33,10,115,83,16,3874,30.99,137.92,21,376,190,48,7.66,24.73,19.38,92,7.93,29.15,22.05,Chennai Super Kings,2018,40000000
305,SR Watson,australia,35.0,6.004230000000001,batting-allrounder,right-handed-bat,right-arm-fast-medium,6,1462,29.24,145.33,10,115,83,16,3874,30.99,137.92,21,376,190,48,7.66,24.73,19.38,92,7.93,29.15,22.05,Royal Challengers Bengaluru,2016,95000000
483,STR Binny,india,34.0,,batting-allrounder,right-handed-bat,right-arm-medium,0,35,17.5,120.69,0,2,1,22,880,19.13,128.85,0,66,35,1,10.8,54.0,30.0,22,7.66,34.45,27.0,Rajasthan Royals,2018,5000000
306,STR Binny,india,32.0,,batting-allrounder,right-handed-bat,right-arm-medium,0,35,17.5,120.69,0,2,1,22,880,19.13,128.85,0,66,35,1,10.8,54.0,30.0,22,7.66,34.45,27.0,Royal Challengers Bengaluru,2016,20000000
1134,P Dubey,india,32.0,,bowling-allrounder,right-handed-bat,right-arm-legbreak,0,0,0.0,0.0,0,0,0,1,23,23.0,69.7,0,2,0,0,0.0,0.0,0.0,1,8.27,91.0,66.0,Punjab Kings,2025,3000000
726,P Dubey,india,29.0,,bowling-allrounder,right-handed-bat,right-arm-legbreak,0,0,0.0,0.0,0,0,0,1,23,23.0,69.7,0,2,0,0,0.0,0.0,0.0,1,8.27,91.0,66.0,Delhi Capitals,2022,5000000
373,P Dubey,india,24.0,,bowling-allrounder,right-handed-bat,right-arm-legbreak,0,0,0.0,0.0,0,0,0,1,23,23.0,69.7,0,2,0,0,0.0,0.0,0.0,1,8.27,91.0,66.0,Royal Challengers Bengaluru,2017,1000000
310,P Dubey,india,23.0,,bowling-allrounder,right-handed-bat,right-arm-legbreak,0,0,0.0,0.0,0,0,0,1,23,23.0,69.7,0,2,0,0,0.0,0.0,0.0,1,8.27,91.0,66.0,Royal Challengers Bengaluru,2016,3500000
1181,Sachin Baby,india,37.0,,batsman,left-handed-bat,right-arm-offbreak,0,0,0.0,0.0,0,0,0,2,144,16.0,122.04,0,11,5,0,0.0,0.0,0.0,2,4.8,4.0,5.0,Sunrisers Hyderabad,2025,3000000
681,Sachin Baby,india,33.0,,batsman,left-handed-bat,right-arm-offbreak,0,0,0.0,0.0,0,0,0,2,144,16.0,122.04,0,11,5,0,0.0,0.0,0.0,2,4.8,4.0,5.0,Royal Challengers Bengaluru,2021,2000000
524,Sachin Baby,india,30.0,,batsman,left-handed-bat,right-arm-offbreak,0,0,0.0,0.0,0,0,0,2,144,16.0,122.04,0,11,5,0,0.0,0.0,0.0,2,4.8,4.0,5.0,Sunrisers Hyderabad,2018,2000000
314,Sachin Baby,india,28.0,,batsman,left-handed-bat,right-arm-offbreak,0,0,0.0,0.0,0,0,0,2,144,16.0,122.04,0,11,5,0,0.0,0.0,0.0,2,4.8,4.0,5.0,Royal Challengers Bengaluru,2016,1000000
948,Mujeeb Ur Rahman,bangladesh,29.0,,bowler,left-handed-bat,left-arm-fast-medium,13,87,4.58,74.36,0,3,5,8,13,13.0,56.53,0,0,1,132,7.52,21.62,17.26,61,8.14,28.89,21.28,Chennai Super Kings,2024,20000000
709,Mujeeb Ur Rahman,bangladesh,27.0,,bowler,left-handed-bat,left-arm-fast-medium,13,87,4.58,74.36,0,3,5,8,13,13.0,56.53,0,0,1,132,7.52,21.62,17.26,61,8.14,28.89,21.28,Delhi Capitals,2022,20000000
674,Mujeeb Ur Rahman,bangladesh,26.0,,bowler,left-handed-bat,left-arm-fast-medium,13,87,4.58,74.36,0,3,5,8,13,13.0,56.53,0,0,1,132,7.52,21.62,17.26,61,8.14,28.89,21.28,Rajasthan Royals,2021,10000000
459,Mujeeb Ur Rahman,bangladesh,23.0,,bowler,left-handed-bat,left-arm-fast-medium,13,87,4.58,74.36,0,3,5,8,13,13.0,56.53,0,0,1,132,7.52,21.62,17.26,61,8.14,28.89,21.28,Mumbai Indians,2018,22000000
318,Mujeeb Ur Rahman,bangladesh,21.0,,bowler,left-handed-bat,left-arm-fast-medium,13,87,4.58,74.36,0,3,5,8,13,13.0,56.53,0,0,1,132,7.52,21.62,17.26,61,8.14,28.89,21.28,Sunrisers Hyderabad,2016,14000000
322,TL Suman,india,33.0,,batsman,right-handed-bat,right-arm-offbreak,0,0,0.0,0.0,0,0,0,8,676,21.13,117.57,2,55,26,0,0.0,0.0,0.0,6,7.88,32.83,25.0,Sunrisers Hyderabad,2016,1000000
1053,K Rabada,south africa,30.0,,bowler,left-handed-bat,right-arm-fast,15,156,17.33,110.64,0,14,5,14,206,12.12,106.74,0,16,8,71,8.3,27.15,19.62,117,8.48,21.97,15.54,Gujarat Titans,2025,107500000
800,K Rabada,south africa,27.0,,bowler,left-handed-bat,right-arm-fast,15,156,17.33,110.64,0,14,5,14,206,12.12,106.74,0,16,8,71,8.3,27.15,19.62,117,8.48,21.97,15.54,Punjab Kings,2022,92500000
400,K Rabada,south africa,23.0,,bowler,left-handed-bat,right-arm-fast,15,156,17.33,110.64,0,14,5,14,206,12.12,106.74,0,16,8,71,8.3,27.15,19.62,117,8.48,21.97,15.54,Delhi Capitals,2018,42000000
323,K Rabada,south africa,22.0,,bowler,left-handed-bat,right-arm-fast,15,156,17.33,110.64,0,14,5,14,206,12.12,106.74,0,16,8,71,8.3,27.15,19.62,117,8.48,21.97,15.54,Delhi Capitals,2017,50000000
328,AR Bawne,india,25.0,,batsman,right-handed-bat,right-arm-offbreak,0,0,0.0,0.0,0,0,0,1,12,0.0,100.0,0,1,0,0,0.0,0.0,0.0,0,0.0,0.0,0.0,Delhi Capitals,2017,1000000
828,NA Saini,india,30.0,,bowler,right-handed-bat,right-arm-fast,3,12,0.0,109.1,0,2,0,3,33,8.25,89.19,0,3,0,13,7.16,18.08,15.15,23,8.88,42.35,28.61,Rajasthan Royals,2022,26000000
497,NA Saini,india,26.0,,bowler,right-handed-bat,right-arm-fast,3,12,0.0,109.1,0,2,0,3,33,8.25,89.19,0,3,0,13,7.16,18.08,15.15,23,8.88,42.35,28.61,Royal Challengers Bengaluru,2018,30000000
329,NA Saini,india,25.0,,bowler,right-handed-bat,right-arm-fast,3,12,0.0,109.1,0,2,0,3,33,8.25,89.19,0,3,0,13,7.16,18.08,15.15,23,8.88,42.35,28.61,Delhi Capitals,2017,1000000
996,Simarjeet Singh,india,33.0,,batting-allrounder,right-handed-bat,right-arm-medium,0,0,0.0,0.0,0,0,0,7,423,35.25,161.46,2,33,25,0,0.0,0.0,0.0,1,8.33,25.0,18.0,Punjab Kings,2024,2000000
872,Simarjeet Singh,india,31.0,,batting-allrounder,right-handed-bat,right-arm-medium,0,0,0.0,0.0,0,0,0,7,423,35.25,161.46,2,33,25,0,0.0,0.0,0.0,1,8.33,25.0,18.0,Sunrisers Hyderabad,2022,2000000
569,Simarjeet Singh,india,28.0,,batting-allrounder,right-handed-bat,right-arm-medium,0,0,0.0,0.0,0,0,0,7,423,35.25,161.46,2,33,25,0,0.0,0.0,0.0,1,8.33,25.0,18.0,Rajasthan Royals,2019,3000000
330,Simarjeet Singh,india,26.0,,batting-allrounder,right-handed-bat,right-arm-medium,0,0,0.0,0.0,0,0,0,7,423,35.25,161.46,2,33,25,0,0.0,0.0,0.0,1,8.33,25.0,18.0,Delhi Capitals,2017,1000000
729,JJ Roy,england,32.0,,batsman,right-handed-bat,,0,1522,23.78,137.62,8,153,69,2,614,32.32,138.61,4,75,21,0,0.0,0.0,0.0,0,0.0,0.0,0.0,Gujarat Titans,2022,20000000
589,JJ Roy,england,30.0,,batsman,right-handed-bat,,0,1522,23.78,137.62,8,153,69,2,614,32.32,138.61,4,75,21,0,0.0,0.0,0.0,0,0.0,0.0,0.0,Delhi Capitals,2020,15000000
409,JJ Roy,england,28.0,,batsman,right-handed-bat,,0,1522,23.78,137.62,8,153,69,2,614,32.32,138.61,4,75,21,0,0.0,0.0,0.0,0,0.0,0.0,0.0,Delhi Capitals,2018,15000000
331,JJ Roy,england,27.0,,batsman,right-handed-bat,,0,1522,23.78,137.62,8,153,69,2,614,32.32,138.61,4,75,21,0,0.0,0.0,0.0,0,0.0,0.0,0.0,Gujarat Titans,2017,10000000
784,Basil Thampi,india,29.0,,bowler,right-handed-bat,right-arm-fast-medium,0,0,0.0,0.0,0,0,0,7,32,32.0,91.43,0,1,1,0,0.0,0.0,0.0,22,9.74,38.45,23.68,Mumbai Indians,2022,3000000
523,Basil Thampi,india,25.0,,bowler,right-handed-bat,right-arm-fast-medium,0,0,0.0,0.0,0,0,0,7,32,32.0,91.43,0,1,1,0,0.0,0.0,0.0,22,9.74,38.45,23.68,Sunrisers Hyderabad,2018,9500000
332,Basil Thampi,india,24.0,,bowler,right-handed-bat,right-arm-fast-medium,0,0,0.0,0.0,0,0,0,7,32,32.0,91.43,0,1,1,0,0.0,0.0,0.0,22,9.74,38.45,23.68,Gujarat Titans,2017,8500000
335,MM Patel,india,34.0,,bowler,right-handed-bat,right-arm-fast-medium,0,0,0.0,0.0,0,0,0,9,39,6.5,95.13,0,5,0,4,8.6,21.5,15.0,74,7.52,22.95,18.31,Gujarat Titans,2017,3000000
337,SS Agarwal,india,24.0,,bowler,right-handed-bat,right-arm-legbreak,0,0,0.0,0.0,0,0,0,0,0,0.0,0.0,0,0,0,0,0.0,0.0,0.0,1,10.5,42.0,24.0,Gujarat Titans,2017,1000000
764,P Simran Singh,india,30.0,,batting-allrounder,left-handed-bat,right-arm-offbreak,0,0,0.0,0.0,0,0,0,0,0,0.0,0.0,0,0,0,0,0.0,0.0,0.0,0,0.0,0.0,0.0,Kolkata Knight Riders,2022,2000000
339,P Simran Singh,india,25.0,,batting-allrounder,left-handed-bat,right-arm-offbreak,0,0,0.0,0.0,0,0,0,0,0,0.0,0.0,0,0,0,0,0.0,0.0,0.0,0,0.0,0.0,0.0,Gujarat Titans,2017,1000000
754,RK Singh,india,25.0,,batsman,left-handed-bat,right-arm-offbreak,11,546,42.0,161.07,3,45,31,11,893,30.79,143.34,4,67,46,2,3.0,1.5,3.0,0,0.0,0.0,0.0,Kolkata Knight Riders,2022,5500000
447,RK Singh,india,21.0,,batsman,left-handed-bat,right-arm-offbreak,11,546,42.0,161.07,3,45,31,11,893,30.79,143.34,4,67,46,2,3.0,1.5,3.0,0,0.0,0.0,0.0,Kolkata Knight Riders,2018,8000000
346,RK Singh,india,20.0,,batsman,left-handed-bat,right-arm-offbreak,11,546,42.0,161.07,3,45,31,11,893,30.79,143.34,4,67,46,2,3.0,1.5,3.0,0,0.0,0.0,0.0,Punjab Kings,2017,1000000
992,CR Woakes,england,35.0,,bowling-allrounder,right-handed-bat,right-arm-fast-medium,8,146,16.22,124.79,0,9,7,6,78,13.0,101.3,0,7,2,31,8.07,26.52,19.71,30,8.97,21.93,14.67,Punjab Kings,2024,42000000
590,CR Woakes,england,31.0,,bowling-allrounder,right-handed-bat,right-arm-fast-medium,8,146,16.22,124.79,0,9,7,6,78,13.0,101.3,0,7,2,31,8.07,26.52,19.71,30,8.97,21.93,14.67,Delhi Capitals,2020,15000000
493,CR Woakes,england,29.0,,bowling-allrounder,right-handed-bat,right-arm-fast-medium,8,146,16.22,124.79,0,9,7,6,78,13.0,101.3,0,7,2,31,8.07,26.52,19.71,30,8.97,21.93,14.67,Royal Challengers Bengaluru,2018,74000000
347,CR Woakes,england,28.0,,bowling-allrounder,right-handed-bat,right-arm-fast-medium,8,146,16.22,124.79,0,9,7,6,78,13.0,101.3,0,7,2,31,8.07,26.52,19.71,30,8.97,21.93,14.67,Kolkata Knight Riders,2017,42000000
350,DM Bravo,west indies,28.0,,batsman,left-handed-bat,right-arm-fast-medium,3,405,21.32,106.87,0,32,14,1,6,0.0,120.0,0,1,0,0,0.0,0.0,0.0,0,0.0,0.0,0.0,Kolkata Knight Riders,2017,5000000
1080,R Powell,west indies,32.0,,batsman,right-handed-bat,right-arm-fast-medium,11,1747,25.69,140.33,8,99,117,3,360,18.95,147.55,1,21,28,5,9.94,43.4,26.2,1,11.67,35.0,18.0,Kolkata Knight Riders,2025,15000000
1001,R Powell,west indies,31.0,,batsman,right-handed-bat,right-arm-fast-medium,11,1747,25.69,140.33,8,99,117,3,360,18.95,147.55,1,21,28,5,9.94,43.4,26.2,1,11.67,35.0,18.0,Rajasthan Royals,2024,74000000
724,R Powell,west indies,29.0,,batsman,right-handed-bat,right-arm-fast-medium,11,1747,25.69,140.33,8,99,117,3,360,18.95,147.55,1,21,28,5,9.94,43.4,26.2,1,11.67,35.0,18.0,Delhi Capitals,2022,28000000
351,R Powell,west indies,24.0,,batsman,right-handed-bat,right-arm-fast-medium,11,1747,25.69,140.33,8,99,117,3,360,18.95,147.55,1,21,28,5,9.94,43.4,26.2,1,11.67,35.0,18.0,Kolkata Knight Riders,2017,3000000
655,SP Jackson,india,35.0,,wk-batsman,right-handed-bat,,0,0,0.0,0.0,0,0,0,2,61,10.17,107.02,0,5,1,0,0.0,0.0,0.0,0,0.0,0.0,0.0,Kolkata Knight Riders,2021,2000000
788,SA Yadav,india,27.0,,bowling-allrounder,left-handed-bat,left-arm-orthodox,0,0,0.0,0.0,0,0,0,0,0,0.0,0.0,0,0,0,0,0.0,0.0,0.0,0,11.5,0.0,0.0,Mumbai Indians,2022,5000000
634,SA Yadav,india,25.0,,bowling-allrounder,left-handed-bat,left-arm-orthodox,0,0,0.0,0.0,0,0,0,0,0,0.0,0.0,0,0,0,0,0.0,0.0,0.0,0,11.5,0.0,0.0,Sunrisers Hyderabad,2020,2000000
353,SA Yadav,india,22.0,,bowling-allrounder,left-handed-bat,left-arm-orthodox,0,0,0.0,0.0,0,0,0,0,0,0.0,0.0,0,0,0,0,0.0,0.0,0.0,0,11.5,0.0,0.0,Kolkata Knight Riders,2017,1000000
451,IR Jaggi,india,29.0,,batsman,right-handed-bat,right-arm-legbreak,0,0,0.0,0.0,0,0,0,2,76,15.2,78.36,0,6,0,0,0.0,0.0,0.0,0,0.0,0.0,0.0,Kolkata Knight Riders,2018,2000000
354,IR Jaggi,india,28.0,,batsman,right-handed-bat,right-arm-legbreak,0,0,0.0,0.0,0,0,0,2,76,15.2,78.36,0,6,0,0,0.0,0.0,0.0,0,0.0,0.0,0.0,Kolkata Knight Riders,2017,1000000
770,K Gowtham,india,34.0,,bowling-allrounder,right-handed-bat,right-arm-offbreak,0,0,0.0,0.0,0,0,0,9,247,13.72,166.9,0,15,17,0,0.0,0.0,0.0,21,8.24,38.48,28.0,Lucknow Super Giants,2022,9000000
636,K Gowtham,india,33.0,,bowling-allrounder,right-handed-bat,right-arm-offbreak,0,0,0.0,0.0,0,0,0,9,247,13.72,166.9,0,15,17,0,0.0,0.0,0.0,21,8.24,38.48,28.0,Chennai Super Kings,2021,92500000
475,K Gowtham,india,30.0,,bowling-allrounder,right-handed-bat,right-arm-offbreak,0,0,0.0,0.0,0,0,0,9,247,13.72,166.9,0,15,17,0,0.0,0.0,0.0,21,8.24,38.48,28.0,Rajasthan Royals,2018,62000000
356,K Gowtham,india,29.0,,bowling-allrounder,right-handed-bat,right-arm-offbreak,0,0,0.0,0.0,0,0,0,9,247,13.72,166.9,0,15,17,0,0.0,0.0,0.0,21,8.24,38.48,28.0,Mumbai Indians,2017,20000000
900,N Pooran,west indies,28.0,,wk-batsman,left-handed-bat,right-arm-offbreak,10,2275,26.15,136.4,13,152,149,18,1769,32.16,162.3,9,112,127,0,0.0,0.0,0.0,0,0.0,0.0,0.0,Lucknow Super Giants,2023,160000000
857,N Pooran,west indies,27.0,,wk-batsman,left-handed-bat,right-arm-offbreak,10,2275,26.15,136.4,13,152,149,18,1769,32.16,162.3,9,112,127,0,0.0,0.0,0.0,0,0.0,0.0,0.0,Sunrisers Hyderabad,2022,107500000
544,N Pooran,west indies,24.0,,wk-batsman,left-handed-bat,right-arm-offbreak,10,2275,26.15,136.4,13,152,149,18,1769,32.16,162.3,9,112,127,0,0.0,0.0,0.0,0,0.0,0.0,0.0,Punjab Kings,2019,42000000
359,N Pooran,west indies,22.0,,wk-batsman,left-handed-bat,right-arm-offbreak,10,2275,26.15,136.4,13,152,149,18,1769,32.16,162.3,9,112,127,0,0.0,0.0,0.0,0,0.0,0.0,0.0,Mumbai Indians,2017,3000000
1067,K Khejroliya,india,33.0,,bowler,left-handed-bat,left-arm-fast-medium,0,0,0.0,0.0,0,0,0,0,0,0.0,0.0,0,0,0,0,0.0,0.0,0.0,5,10.76,43.4,24.2,Gujarat Titans,2025,3000000
891,K Khejroliya,india,31.0,,bowler,left-handed-bat,left-arm-fast-medium,0,0,0.0,0.0,0,0,0,0,0,0.0,0.0,0,0,0,0,0.0,0.0,0.0,5,10.76,43.4,24.2,Kolkata Knight Riders,2023,2000000
508,K Khejroliya,india,26.0,,bowler,left-handed-bat,left-arm-fast-medium,0,0,0.0,0.0,0,0,0,0,0,0.0,0.0,0,0,0,0,0.0,0.0,0.0,5,10.76,43.4,24.2,Royal Challengers Bengaluru,2018,8500000
360,K Khejroliya,india,25.0,,bowler,left-handed-bat,left-arm-fast-medium,0,0,0.0,0.0,0,0,0,0,0,0.0,0.0,0,0,0,0,0.0,0.0,0.0,5,10.76,43.4,24.2,Mumbai Indians,2017,1000000
880,BA Stokes,england,32.0,,batting-allrounder,left-handed-bat,right-arm-fast-medium,9,585,21.67,128.01,1,42,22,6,935,24.61,133.96,2,81,32,26,8.39,32.92,23.54,28,8.64,35.43,24.61,Chennai Super Kings,2023,162500000
472,BA Stokes,england,27.0,,batting-allrounder,left-handed-bat,right-arm-fast-medium,9,585,21.67,128.01,1,42,22,6,935,24.61,133.96,2,81,32,26,8.39,32.92,23.54,28,8.64,35.43,24.61,Rajasthan Royals,2018,125000000
361,BA Stokes,england,26.0,,batting-allrounder,left-handed-bat,right-arm-fast-medium,9,585,21.67,128.01,1,42,22,6,935,24.61,133.96,2,81,32,26,8.39,32.92,23.54,28,8.64,35.43,24.61,Lucknow Super Giants,2017,145000000
1128,LH Ferguson,new zealand,34.0,,bowler,right-handed-bat,right-arm-fast,7,29,3.63,80.56,0,0,2,7,68,22.67,147.83,0,6,2,64,7.1,16.98,14.36,46,8.96,31.0,20.76,Punjab Kings,2025,20000000
1005,LH Ferguson,new zealand,33.0,,bowler,right-handed-bat,right-arm-fast,7,29,3.63,80.56,0,0,2,7,68,22.67,147.83,0,6,2,64,7.1,16.98,14.36,46,8.96,31.0,20.76,Royal Challengers Bengaluru,2024,20000000
732,LH Ferguson,new zealand,31.0,,bowler,right-handed-bat,right-arm-fast,7,29,3.63,80.56,0,0,2,7,68,22.67,147.83,0,6,2,64,7.1,16.98,14.36,46,8.96,31.0,20.76,Gujarat Titans,2022,100000000
553,LH Ferguson,new zealand,28.0,,bowler,right-handed-bat,right-arm-fast,7,29,3.63,80.56,0,0,2,7,68,22.67,147.83,0,6,2,64,7.1,16.98,14.36,46,8.96,31.0,20.76,Kolkata Knight Riders,2019,16000000
364,LH Ferguson,new zealand,26.0,,bowler,right-handed-bat,right-arm-fast,7,29,3.63,80.56,0,0,2,7,68,22.67,147.83,0,6,2,64,7.1,16.98,14.36,46,8.96,31.0,20.76,Lucknow Super Giants,2017,5000000
1173,RD Chahar,india,26.0,,bowler,right-handed-bat,right-arm-legbreak,0,5,5.0,100.0,0,1,0,8,129,8.06,104.04,0,13,5,7,7.59,23.86,18.86,75,7.72,28.55,22.19,Sunrisers Hyderabad,2025,32000000
802,RD Chahar,india,23.0,,bowler,right-handed-bat,right-arm-legbreak,0,5,5.0,100.0,0,1,0,8,129,8.06,104.04,0,13,5,7,7.59,23.86,18.86,75,7.72,28.55,22.19,Punjab Kings,2022,52500000
460,RD Chahar,india,19.0,,bowler,right-handed-bat,right-arm-legbreak,0,5,5.0,100.0,0,1,0,8,129,8.06,104.04,0,13,5,7,7.59,23.86,18.86,75,7.72,28.55,22.19,Mumbai Indians,2018,19000000
366,RD Chahar,india,18.0,,bowler,right-handed-bat,right-arm-legbreak,0,5,5.0,100.0,0,1,0,8,129,8.06,104.04,0,13,5,7,7.59,23.86,18.86,75,7.72,28.55,22.19,Lucknow Super Giants,2017,1000000
670,Sumit Kumar,india,28.0,,bowling-allrounder,left-handed-bat,left-arm-orthodox,0,0,0.0,0.0,0,0,0,0,0,0.0,0.0,0,0,0,0,0.0,0.0,0.0,0,0.0,0.0,0.0,Punjab Kings,2021,2000000
367,Sumit Kumar,india,24.0,,bowling-allrounder,left-handed-bat,left-arm-orthodox,0,0,0.0,0.0,0,0,0,0,0,0.0,0.0,0,0,0,0,0.0,0.0,0.0,0,0.0,0.0,0.0,Lucknow Super Giants,2017,1000000
1022,RA Tripathi,india,34.0,,batsman,right-handed-bat,right-arm-medium,0,97,19.4,144.78,0,11,5,10,2236,26.94,139.32,12,223,84,0,0.0,0.0,0.0,0,12.0,0.0,0.0,Chennai Super Kings,2025,34000000
860,RA Tripathi,india,31.0,,batsman,right-handed-bat,right-arm-medium,0,97,19.4,144.78,0,11,5,10,2236,26.94,139.32,12,223,84,0,0.0,0.0,0.0,0,12.0,0.0,0.0,Sunrisers Hyderabad,2022,85000000
602,RA Tripathi,india,29.0,,batsman,right-handed-bat,right-arm-medium,0,97,19.4,144.78,0,11,5,10,2236,26.94,139.32,12,223,84,0,0.0,0.0,0.0,0,12.0,0.0,0.0,Kolkata Knight Riders,2020,6000000
479,RA Tripathi,india,27.0,,batsman,right-handed-bat,right-arm-medium,0,97,19.4,144.78,0,11,5,10,2236,26.94,139.32,12,223,84,0,0.0,0.0,0.0,0,12.0,0.0,0.0,Rajasthan Royals,2018,34000000
369,RA Tripathi,india,26.0,,batsman,right-handed-bat,right-arm-medium,0,97,19.4,144.78,0,11,5,10,2236,26.94,139.32,12,223,84,0,0.0,0.0,0.0,0,12.0,0.0,0.0,Lucknow Super Giants,2017,1000000
790,TS Mills,england,30.0,,bowler,right-handed-bat,left-arm-fast,2,8,2.0,66.67,0,0,1,1,8,2.0,57.15,0,0,1,14,8.83,33.86,23.0,11,9.85,31.18,19.0,Mumbai Indians,2022,15000000
370,TS Mills,england,25.0,,bowler,right-handed-bat,left-arm-fast,2,8,2.0,66.67,0,0,1,1,8,2.0,57.15,0,0,1,14,8.83,33.86,23.0,11,9.85,31.18,19.0,Royal Challengers Bengaluru,2017,120000000
509,A Choudhary,india,28.0,,bowler,right-handed-bat,left-arm-fast-medium,0,0,0.0,0.0,0,0,0,2,25,25.0,125.0,0,1,1,0,0.0,0.0,0.0,5,8.55,28.8,20.2,Royal Challengers Bengaluru,2018,3000000
371,A Choudhary,india,27.0,,bowler,right-handed-bat,left-arm-fast-medium,0,0,0.0,0.0,0,0,0,2,25,25.0,125.0,0,1,1,0,0.0,0.0,0.0,5,8.55,28.8,20.2,Royal Challengers Bengaluru,2017,20000000
512,Rashid Khan,afghanistan,20.0,,bowling-allrounder,right-handed-bat,right-arm-legbreak,25,467,13.74,126.22,0,31,28,23,545,14.73,161.73,1,39,38,161,6.08,13.8,13.61,149,6.82,21.83,19.19,Sunrisers Hyderabad,2018,90000000
374,Rashid Khan,afghanistan,19.0,,bowling-allrounder,right-handed-bat,right-arm-legbreak,25,467,13.74,126.22,0,31,28,23,545,14.73,161.73,1,39,38,161,6.08,13.8,13.61,149,6.82,21.83,19.19,Sunrisers Hyderabad,2017,40000000
695,CJ Jordan,england,34.0,6.2,bowler,right-handed-bat,right-arm-fast-medium,25,439,13.72,129.12,0,31,21,3,81,8.1,105.2,0,3,3,108,8.74,26.35,18.08,30,9.61,35.67,22.27,Chennai Super Kings,2022,36000000
595,CJ Jordan,england,32.0,6.2,bowler,right-handed-bat,right-arm-fast-medium,25,439,13.72,129.12,0,31,21,3,81,8.1,105.2,0,3,3,108,8.74,26.35,18.08,30,9.61,35.67,22.27,Punjab Kings,2020,30000000
522,CJ Jordan,england,30.0,6.2,bowler,right-handed-bat,right-arm-fast-medium,25,439,13.72,129.12,0,31,21,3,81,8.1,105.2,0,3,3,108,8.74,26.35,18.08,30,9.61,35.67,22.27,Sunrisers Hyderabad,2018,10000000
376,CJ Jordan,england,29.0,6.2,bowler,right-handed-bat,right-arm-fast-medium,25,439,13.72,129.12,0,31,21,3,81,8.1,105.2,0,3,3,108,8.74,26.35,18.08,30,9.61,35.67,22.27,Sunrisers Hyderabad,2017,5000000
988,Mohammad Nabi,afghanistan,39.0,,bowling-allrounder,right-handed-bat,right-arm-offbreak,25,2237,22.6,136.24,6,156,109,3,215,13.44,143.34,0,18,11,97,7.31,28.14,23.11,15,7.44,34.47,27.8,Mumbai Indians,2024,15000000
747,Mohammad Nabi,afghanistan,37.0,,bowling-allrounder,right-handed-bat,right-arm-offbreak,25,2237,22.6,136.24,6,156,109,3,215,13.44,143.34,0,18,11,97,7.31,28.14,23.11,15,7.44,34.47,27.8,Kolkata Knight Riders,2022,10000000
521,Mohammad Nabi,afghanistan,33.0,,bowling-allrounder,right-handed-bat,right-arm-offbreak,25,2237,22.6,136.24,6,156,109,3,215,13.44,143.34,0,18,11,97,7.31,28.14,23.11,15,7.44,34.47,27.8,Sunrisers Hyderabad,2018,10000000
377,Mohammad Nabi,afghanistan,32.0,,bowling-allrounder,right-handed-bat,right-arm-offbreak,25,2237,22.6,136.24,6,156,109,3,215,13.44,143.34,0,18,11,97,7.31,28.14,23.11,15,7.44,34.47,27.8,Sunrisers Hyderabad,2017,3000000
528,MA Agarwal,india,23.0,,batsman,left-handed-bat,right-arm-legbreak,0,0,0.0,0.0,0,0,0,0,0,0.0,0.0,0,0,0,0,0.0,0.0,0.0,0,0.0,0.0,0.0,Sunrisers Hyderabad,2018,2000000
380,MA Agarwal,india,22.0,,batsman,left-handed-bat,right-arm-legbreak,0,0,0.0,0.0,0,0,0,0,0,0.0,0.0,0,0,0,0,0.0,0.0,0.0,0,0.0,0.0,0.0,Sunrisers Hyderabad,2017,1000000
689,DM Bravo,west indies,39.0,,batting-allrounder,right-handed-bat,right-arm-fast-medium,17,1255,22.02,115.14,4,73,55,44,1560,22.61,129.57,5,121,66,78,8.12,26.1,19.29,183,8.39,23.83,17.04,Chennai Super Kings,2022,44000000
381,DM Bravo,west indies,35.0,,batting-allrounder,right-handed-bat,right-arm-fast-medium,17,1255,22.02,115.14,4,73,55,44,1560,22.61,129.57,5,121,66,78,8.12,26.1,19.29,183,8.39,23.83,17.04,Chennai Super Kings,2018,64000000
650,Harmeet Singh,india,41.0,,bowler,right-handed-bat,right-arm-offbreak,5,108,13.5,124.14,0,11,4,35,833,15.15,137.92,1,79,42,25,6.21,25.32,24.48,150,7.08,26.87,22.77,Kolkata Knight Riders,2021,20000000
386,Harmeet Singh,india,38.0,,bowler,right-handed-bat,right-arm-offbreak,5,108,13.5,124.14,0,11,4,35,833,15.15,137.92,1,79,42,25,6.21,25.32,24.48,150,7.08,26.87,22.77,Chennai Super Kings,2018,20000000
389,Imran Tahir,south africa,39.0,,bowler,right-handed-bat,right-arm-legbreak,3,19,19.0,105.56,0,1,1,5,33,8.25,89.19,0,5,0,63,6.73,15.05,13.41,82,7.76,20.77,16.05,Chennai Super Kings,2018,10000000
1108,MJ Santner,new zealand,33.0,,bowling-allrounder,left-handed-bat,left-arm-orthodox,31,725,16.86,120.24,1,55,24,5,70,11.67,98.6,0,4,3,120,7.04,22.18,18.9,15,6.92,28.13,24.4,Mumbai Indians,2025,20000000
701,MJ Santner,new zealand,30.0,,bowling-allrounder,left-handed-bat,left-arm-orthodox,31,725,16.86,120.24,1,55,24,5,70,11.67,98.6,0,4,3,120,7.04,22.18,18.9,15,6.92,28.13,24.4,Chennai Super Kings,2022,19000000
391,MJ Santner,new zealand,26.0,,bowling-allrounder,left-handed-bat,left-arm-orthodox,31,725,16.86,120.24,1,55,24,5,70,11.67,98.6,0,4,3,120,7.04,22.18,18.9,15,6.92,28.13,24.4,Chennai Super Kings,2018,5000000
1163,L Ngidi,south africa,29.0,,bowler,right-handed-bat,right-arm-fast,8,41,8.2,78.85,0,4,0,0,0,0.0,0.0,0,0,0,63,9.24,20.95,13.6,25,8.3,17.92,12.96,Royal Challengers Bengaluru,2025,10000000
718,L Ngidi,south africa,26.0,,bowler,right-handed-bat,right-arm-fast,8,41,8.2,78.85,0,4,0,0,0,0.0,0.0,0,0,0,63,9.24,20.95,13.6,25,8.3,17.92,12.96,Delhi Capitals,2022,5000000
392,L Ngidi,south africa,22.0,,bowler,right-handed-bat,right-arm-fast,8,41,8.2,78.85,0,4,0,0,0,0.0,0.0,0,0,0,63,9.24,20.95,13.6,25,8.3,17.92,12.96,Chennai Super Kings,2018,5000000
928,KM Asif,india,30.0,,bowler,right-handed-bat,right-arm-fast-medium,0,0,0.0,0.0,0,0,0,0,0,0.0,0.0,0,0,0,0,0.0,0.0,0.0,7,10.42,33.0,19.0,Rajasthan Royals,2023,3000000
693,KM Asif,india,29.0,,bowler,right-handed-bat,right-arm-fast-medium,0,0,0.0,0.0,0,0,0,0,0,0.0,0.0,0,0,0,0,0.0,0.0,0.0,7,10.42,33.0,19.0,Chennai Super Kings,2022,2000000
393,KM Asif,india,25.0,,bowler,right-handed-bat,right-arm-fast-medium,0,0,0.0,0.0,0,0,0,0,0,0.0,0.0,0,0,0,0,0.0,0.0,0.0,7,10.42,33.0,19.0,Chennai Super Kings,2018,4000000
894,N Jagadeesan,india,28.0,,wk-batsman,right-handed-bat,,0,0,0.0,0.0,0,0,0,1,162,18.0,110.21,0,21,2,0,0.0,0.0,0.0,0,0.0,0.0,0.0,Kolkata Knight Riders,2023,9000000
692,N Jagadeesan,india,27.0,,wk-batsman,right-handed-bat,,0,0,0.0,0.0,0,0,0,1,162,18.0,110.21,0,21,2,0,0.0,0.0,0.0,0,0.0,0.0,0.0,Chennai Super Kings,2022,2000000
394,N Jagadeesan,india,23.0,,wk-batsman,right-handed-bat,,0,0,0.0,0.0,0,0,0,1,162,18.0,110.21,0,21,2,0,0.0,0.0,0.0,0,0.0,0.0,0.0,Chennai Super Kings,2018,2000000
396,Mandeep Singh,india,28.0,,wk-batsman,right-handed-bat,,0,0,0.0,0.0,0,0,0,0,0,0.0,0.0,0,0,0,0,0.0,0.0,0.0,0,0.0,0.0,0.0,Chennai Super Kings,2018,2000000
397,DR Shorey,india,26.0,,batsman,right-handed-bat,right-arm-offbreak,0,0,0.0,0.0,0,0,0,0,13,6.5,76.48,0,0,1,0,0.0,0.0,0.0,0,0.0,0.0,0.0,Chennai Super Kings,2018,2000000
398,KV Sharma,india,28.0,,batsman,right-handed-bat,right-arm-medium,0,0,0.0,0.0,0,0,0,0,0,0.0,0.0,0,0,0,0,0.0,0.0,0.0,0,0.0,0.0,0.0,Chennai Super Kings,2018,2000000
399,Ravi Bishnoi,united states of america,24.0,,batting-allrounder,left-handed-bat,left-arm-orthodox,0,0,0.0,0.0,0,0,0,0,0,0.0,0.0,0,0,0,0,0.0,0.0,0.0,0,0.0,0.0,0.0,Chennai Super Kings,2018,2000000
406,G Gambhir,india,37.0,,batsman,left-handed-bat,right-arm-legbreak,2,932,27.41,119.03,7,109,10,16,4218,31.01,123.92,36,491,59,0,0.0,0.0,0.0,0,0.0,0.0,0.0,Delhi Capitals,2018,28000000
407,C Munro,new zealand,31.0,,batsman,left-handed-bat,right-arm-medium,7,1724,31.35,156.45,11,132,107,0,177,14.75,125.54,0,19,8,4,9.46,46.5,29.5,0,7.5,0.0,0.0,Delhi Capitals,2018,19000000
411,PP Shaw,india,19.0,,batsman,right-handed-bat,right-arm-offbreak,0,0,0.0,0.0,0,0,0,0,1892,23.95,147.47,14,238,61,0,0.0,0.0,0.0,0,0.0,0.0,0.0,Delhi Capitals,2018,12000000
1086,Arshad Khan,india,29.0,,bowler,right-handed-bat,right-arm-fast,3,27,13.5,135.0,0,3,1,8,41,20.5,164.0,0,3,3,27,9.04,27.85,18.48,74,8.87,26.68,18.04,Lucknow Super Giants,2025,97500000
768,Arshad Khan,india,26.0,,bowler,right-handed-bat,right-arm-fast,3,27,13.5,135.0,0,3,1,8,41,20.5,164.0,0,3,3,27,9.04,27.85,18.48,74,8.87,26.68,18.04,Lucknow Super Giants,2022,100000000
413,Arshad Khan,india,22.0,,bowler,right-handed-bat,right-arm-fast,3,27,13.5,135.0,0,3,1,8,41,20.5,164.0,0,3,3,27,9.04,27.85,18.48,74,8.87,26.68,18.04,Delhi Capitals,2018,7000000
416,S Lamichhane,nepal,18.0,,bowler,right-handed-bat,right-arm-legbreak,9,74,6.17,90.25,0,3,2,0,0,0.0,0.0,0,0,0,108,6.15,12.52,12.21,13,8.34,22.46,16.15,Delhi Capitals,2018,2000000
1017,R Ashwin,india,39.0,,bowling-allrounder,right-handed-bat,right-arm-offbreak,12,184,26.29,115.0,0,17,4,34,800,13.33,118.52,1,61,28,72,6.91,23.22,20.17,180,7.12,29.83,25.13,Chennai Super Kings,2025,97500000
819,R Ashwin,india,36.0,,bowling-allrounder,right-handed-bat,right-arm-offbreak,12,184,26.29,115.0,0,17,4,34,800,13.33,118.52,1,61,28,72,6.91,23.22,20.17,180,7.12,29.83,25.13,Rajasthan Royals,2022,50000000
419,R Ashwin,india,32.0,,bowling-allrounder,right-handed-bat,right-arm-offbreak,12,184,26.29,115.0,0,17,4,34,800,13.33,118.52,1,61,28,72,6.91,23.22,20.17,180,7.12,29.83,25.13,Punjab Kings,2018,76000000
970,Mujeeb Ur Rahman,afghanistan,23.0,,bowler,right-handed-bat,right-arm-offbreak,8,54,9.0,122.73,0,6,3,4,12,4.0,80.0,0,2,0,63,6.34,18.11,17.14,19,8.18,31.16,22.84,Kolkata Knight Riders,2024,20000000
686,Mujeeb Ur Rahman,afghanistan,20.0,,bowler,right-handed-bat,right-arm-offbreak,8,54,9.0,122.73,0,6,3,4,12,4.0,80.0,0,2,0,63,6.34,18.11,17.14,19,8.18,31.16,22.84,Sunrisers Hyderabad,2021,15000000
424,Mujeeb Ur Rahman,afghanistan,17.0,,bowler,right-handed-bat,right-arm-offbreak,8,54,9.0,122.73,0,6,3,4,12,4.0,80.0,0,2,0,63,6.34,18.11,17.14,19,8.18,31.16,22.84,Punjab Kings,2018,40000000
1088,DA Miller,south africa,36.0,,batsman,left-handed-bat,,36,2593,33.24,140.78,8,168,130,43,2924,36.1,139.24,13,207,134,0,0.0,0.0,0.0,0,0.0,0.0,0.0,Lucknow Super Giants,2025,75000000
728,DA Miller,south africa,33.0,,batsman,left-handed-bat,,36,2593,33.24,140.78,8,168,130,43,2924,36.1,139.24,13,207,134,0,0.0,0.0,0.0,0,0.0,0.0,0.0,Gujarat Titans,2022,30000000
618,DA Miller,south africa,31.0,,batsman,left-handed-bat,,36,2593,33.24,140.78,8,168,130,43,2924,36.1,139.24,13,207,134,0,0.0,0.0,0.0,0,0.0,0.0,0.0,Rajasthan Royals,2020,7500000
426,DA Miller,south africa,29.0,,batsman,left-handed-bat,,36,2593,33.24,140.78,8,168,130,43,2924,36.1,139.24,13,207,134,0,0.0,0.0,0.0,0,0.0,0.0,0.0,Punjab Kings,2018,30000000
429,CH Gayle,west indies,39.0,,batsman,left-handed-bat,right-arm-offbreak,7,1899,27.93,137.51,14,158,124,16,4965,39.72,148.97,31,405,357,20,6.93,22.0,19.05,18,7.9,40.5,30.78,Punjab Kings,2018,20000000
434,RM Patidar,india,25.0,,batsman,right-handed-bat,right-arm-medium,0,0,0.0,0.0,0,0,0,0,0,0.0,0.0,0,0,0,0,0.0,0.0,0.0,0,0.0,0.0,0.0,Punjab Kings,2018,2000000
947,Mayank Dagar,india,27.0,,bowling-allrounder,right-handed-bat,left-arm-orthodox,0,0,0.0,0.0,0,0,0,0,0,0.0,0.0,0,0,0,0,0.0,0.0,0.0,2,8.89,101.5,68.5,Sunrisers Hyderabad,2023,18000000
436,Mayank Dagar,india,22.0,,bowling-allrounder,right-handed-bat,left-arm-orthodox,0,0,0.0,0.0,0,0,0,0,0,0.0,0.0,0,0,0,0,0.0,0.0,0.0,2,8.89,101.5,68.5,Punjab Kings,2018,2000000
1032,KL Nagarkoti,india,26.0,,bowler,right-handed-bat,right-arm-fast,0,0,0.0,0.0,0,0,0,3,22,5.5,66.67,0,1,0,0,0.0,0.0,0.0,5,9.5,57.0,36.0,Chennai Super Kings,2025,3000000
714,KL Nagarkoti,india,23.0,,bowler,right-handed-bat,right-arm-fast,0,0,0.0,0.0,0,0,0,3,22,5.5,66.67,0,1,0,0,0.0,0.0,0.0,5,9.5,57.0,36.0,Delhi Capitals,2022,11000000
442,KL Nagarkoti,india,19.0,,bowler,right-handed-bat,right-arm-fast,0,0,0.0,0.0,0,0,0,3,22,5.5,66.67,0,1,0,0,0.0,0.0,0.0,5,9.5,57.0,36.0,Kolkata Knight Riders,2018,32000000
981,Shivam Mavi,india,26.0,,bowler,right-handed-bat,right-arm-fast-medium,0,28,14.0,155.56,0,2,2,3,51,5.67,91.08,0,4,2,7,8.79,17.57,12.0,30,8.71,31.4,21.63,Lucknow Super Giants,2024,64000000
885,Shivam Mavi,india,25.0,,bowler,right-handed-bat,right-arm-fast-medium,0,28,14.0,155.56,0,2,2,3,51,5.67,91.08,0,4,2,7,8.79,17.57,12.0,30,8.71,31.4,21.63,Gujarat Titans,2023,60000000
751,Shivam Mavi,india,24.0,,bowler,right-handed-bat,right-arm-fast-medium,0,28,14.0,155.56,0,2,2,3,51,5.67,91.08,0,4,2,7,8.79,17.57,12.0,30,8.71,31.4,21.63,Kolkata Knight Riders,2022,72500000
443,Shivam Mavi,india,20.0,,bowler,right-handed-bat,right-arm-fast-medium,0,28,14.0,155.56,0,2,2,3,51,5.67,91.08,0,4,2,7,8.79,17.57,12.0,30,8.71,31.4,21.63,Kolkata Knight Riders,2018,30000000
445,Shubman Gill,india,19.0,,batsman,right-handed-bat,right-arm-offbreak,2,578,30.42,139.28,3,60,22,15,3216,37.84,135.7,20,310,95,0,0.0,0.0,0.0,0,0.0,0.0,0.0,Kolkata Knight Riders,2018,18000000
449,JPR Scantlebury-Searles,west indies,32.0,,bowling-allrounder,right-handed-bat,right-arm-fast-medium,0,0,0.0,0.0,0,0,0,1,8,8.0,133.34,0,0,1,0,0.0,0.0,0.0,2,12.71,44.5,21.0,Kolkata Knight Riders,2018,3000000
454,KA Pollard,west indies,31.0,,batting-allrounder,right-handed-bat,right-arm-medium,21,1569,25.31,135.15,6,94,99,52,3412,28.67,147.33,16,218,223,42,8.33,28.29,20.38,69,8.79,31.59,21.57,Mumbai Indians,2018,54000000
774,E Lewis,west indies,31.0,,batsman,left-handed-bat,,3,1643,28.82,151.99,12,125,124,2,654,27.25,137.11,4,62,36,0,0.0,0.0,0.0,0,0.0,0.0,0.0,Lucknow Super Giants,2022,20000000
456,E Lewis,west indies,27.0,,batsman,left-handed-bat,,3,1643,28.82,151.99,12,125,124,2,654,27.25,137.11,4,62,36,0,0.0,0.0,0.0,0,0.0,0.0,0.0,Mumbai Indians,2018,38000000
849,JP Behrendorff,australia,32.0,,bowler,right-handed-bat,left-arm-fast-medium,1,7,7.0,77.78,0,0,0,2,6,0.0,66.67,0,0,0,18,8.36,24.61,17.67,19,9.05,29.05,19.26,Royal Challengers Bengaluru,2022,7500000
462,JP Behrendorff,australia,28.0,,bowler,right-handed-bat,left-arm-fast-medium,1,7,7.0,77.78,0,0,0,2,6,0.0,66.67,0,0,0,18,8.36,24.61,17.67,19,9.05,29.05,19.26,Mumbai Indians,2018,15000000
1084,M Markande,india,28.0,,bowler,right-handed-bat,right-arm-legbreak,0,0,0.0,0.0,0,0,0,8,48,16.0,114.29,0,5,1,0,7.75,0.0,0.0,37,8.91,28.89,19.46,Kolkata Knight Riders,2025,3000000
940,M Markande,india,26.0,,bowler,right-handed-bat,right-arm-legbreak,0,0,0.0,0.0,0,0,0,8,48,16.0,114.29,0,5,1,0,7.75,0.0,0.0,37,8.91,28.89,19.46,Sunrisers Hyderabad,2023,5000000
787,M Markande,india,25.0,,bowler,right-handed-bat,right-arm-legbreak,0,0,0.0,0.0,0,0,0,8,48,16.0,114.29,0,5,1,0,7.75,0.0,0.0,37,8.91,28.89,19.46,Mumbai Indians,2022,6500000
468,M Markande,india,21.0,,bowler,right-handed-bat,right-arm-legbreak,0,0,0.0,0.0,0,0,0,8,48,16.0,114.29,0,5,1,0,7.75,0.0,0.0,37,8.91,28.89,19.46,Mumbai Indians,2018,2000000
1082,AS Roy,india,27.0,,batting-allrounder,left-handed-bat,left-arm-orthodox,0,0,0.0,0.0,0,0,0,3,26,8.67,108.34,0,3,0,0,0.0,0.0,0.0,5,8.43,38.2,27.2,Kolkata Knight Riders,2025,4000000
755,AS Roy,india,24.0,,batting-allrounder,left-handed-bat,left-arm-orthodox,0,0,0.0,0.0,0,0,0,3,26,8.67,108.34,0,3,0,0,0.0,0.0,0.0,5,8.43,38.2,27.2,Kolkata Knight Riders,2022,2000000
470,AS Roy,india,20.0,,batting-allrounder,left-handed-bat,left-arm-orthodox,0,0,0.0,0.0,0,0,0,3,26,8.67,108.34,0,3,0,0,0.0,0.0,0.0,5,8.43,38.2,27.2,Mumbai Indians,2018,2000000
775,M Shahrukh Khan,india,24.0,,bowler,left-handed-bat,left-arm-fast-medium,0,0,0.0,0.0,0,0,0,2,25,8.33,104.17,0,2,1,0,0.0,0.0,0.0,27,8.51,25.52,18.0,Lucknow Super Giants,2022,2000000
610,M Shahrukh Khan,india,22.0,,bowler,left-handed-bat,left-arm-fast-medium,0,0,0.0,0.0,0,0,0,2,25,8.33,104.17,0,2,1,0,0.0,0.0,0.0,27,8.51,25.52,18.0,Mumbai Indians,2020,2000000
471,M Shahrukh Khan,india,20.0,,bowler,left-handed-bat,left-arm-fast-medium,0,0,0.0,0.0,0,0,0,2,25,8.33,104.17,0,2,1,0,0.0,0.0,0.0,27,8.51,25.52,18.0,Mumbai Indians,2018,2000000
1079,AM Rahane,india,37.0,,batsman,right-handed-bat,right-arm-medium,2,375,20.83,113.3,1,32,6,17,4642,30.14,123.43,30,478,103,0,0.0,0.0,0.0,1,5.0,5.0,6.0,Kolkata Knight Riders,2025,15000000
874,AM Rahane,india,35.0,,batsman,right-handed-bat,right-arm-medium,2,375,20.83,113.3,1,32,6,17,4642,30.14,123.43,30,478,103,0,0.0,0.0,0.0,1,5.0,5.0,6.0,Chennai Super Kings,2023,5000000
753,AM Rahane,india,34.0,,batsman,right-handed-bat,right-arm-medium,2,375,20.83,113.3,1,32,6,17,4642,30.14,123.43,30,478,103,0,0.0,0.0,0.0,1,5.0,5.0,6.0,Kolkata Knight Riders,2022,10000000
477,AM Rahane,india,30.0,,batsman,right-handed-bat,right-arm-medium,2,375,20.83,113.3,1,32,6,17,4642,30.14,123.43,30,478,103,0,0.0,0.0,0.0,1,5.0,5.0,6.0,Rajasthan Royals,2018,40000000
478,DJM Short,australia,28.0,,batsman,left-handed-bat,left-arm-wrist-spin,2,642,30.57,118.89,4,71,15,0,115,16.43,116.17,0,11,5,3,7.95,50.33,38.0,1,6.33,19.0,18.0,Rajasthan Royals,2018,40000000
481,Z Khan,afghanistan,20.0,,bowler,left-handed-bat,left-arm-wrist-spin,0,0,0.0,0.0,0,0,0,0,0,0.0,0.0,0,0,0,3,6.25,16.67,16.0,0,0.0,0.0,0.0,Rajasthan Royals,2018,6000000
1044,PVD Chameera,sri lanka,33.0,,bowler,right-handed-bat,right-arm-fast,13,101,6.73,89.39,0,9,1,4,43,10.75,153.58,0,3,3,55,8.09,28.87,21.42,9,9.19,48.0,31.33,Delhi Capitals,2025,7500000
771,PVD Chameera,sri lanka,30.0,,bowler,right-handed-bat,right-arm-fast,13,101,6.73,89.39,0,9,1,4,43,10.75,153.58,0,3,3,55,8.09,28.87,21.42,9,9.19,48.0,31.33,Lucknow Super Giants,2022,20000000
484,PVD Chameera,sri lanka,26.0,,bowler,right-handed-bat,right-arm-fast,13,101,6.73,89.39,0,9,1,4,43,10.75,153.58,0,3,3,55,8.09,28.87,21.42,9,9.19,48.0,31.33,Rajasthan Royals,2018,5000000
486,UA Birla,india,21.0,,batsman,left-handed-bat,left-arm-orthodox,0,0,0.0,0.0,0,0,0,0,0,0.0,0.0,0,0,0,0,0.0,0.0,0.0,0,0.0,0.0,0.0,Rajasthan Royals,2018,3000000
487,S Midhun,india,24.0,,bowler,right-handed-bat,right-arm-legbreak,0,0,0.0,0.0,0,0,0,0,0,0.0,0.0,0,0,0,0,0.0,0.0,0.0,0,13.5,0.0,0.0,Rajasthan Royals,2018,2000000
489,P Chopra,india,26.0,,wk-batsman,right-handed-bat,right-arm-legbreak,0,0,0.0,0.0,0,0,0,0,8,8.0,133.34,0,2,0,0,0.0,0.0,0.0,0,0.0,0.0,0.0,Rajasthan Royals,2018,2000000
490,Jalaj S Saxena,india,36.0,,batting-allrounder,right-handed-bat,right-arm-legbreak,0,0,0.0,0.0,0,0,0,0,0,0.0,0.0,0,0,0,0,0.0,0.0,0.0,0,0.0,0.0,0.0,Rajasthan Royals,2018,2000000
1055,Washington Sundar,india,26.0,,bowling-allrounder,left-handed-bat,right-arm-offbreak,8,193,13.79,121.39,1,16,9,13,378,14.0,116.31,0,32,9,48,6.94,23.5,20.31,37,7.54,35.81,28.49,Gujarat Titans,2025,32000000
856,Washington Sundar,india,23.0,,bowling-allrounder,left-handed-bat,right-arm-offbreak,8,193,13.79,121.39,1,16,9,13,378,14.0,116.31,0,32,9,48,6.94,23.5,20.31,37,7.54,35.81,28.49,Sunrisers Hyderabad,2022,87500000
496,Washington Sundar,india,19.0,,bowling-allrounder,left-handed-bat,right-arm-offbreak,8,193,13.79,121.39,1,16,9,13,378,14.0,116.31,0,32,9,48,6.94,23.5,20.31,37,7.54,35.81,28.49,Royal Challengers Bengaluru,2018,32000000
500,C de Grandhomme,new zealand,32.0,,batting-allrounder,right-handed-bat,right-arm-fast-medium,7,503,15.72,137.81,3,27,30,5,303,18.94,134.67,0,18,18,12,8.62,38.42,26.75,6,8.86,53.17,36.0,Royal Challengers Bengaluru,2018,22000000
1076,MM Ali,england,38.0,,batting-allrounder,left-handed-bat,right-arm-offbreak,17,1229,21.19,142.42,7,88,68,6,1162,22.78,141.54,6,95,67,51,8.31,27.14,19.59,35,7.07,25.51,21.66,Kolkata Knight Riders,2025,20000000
637,MM Ali,england,34.0,,batting-allrounder,left-handed-bat,right-arm-offbreak,17,1229,21.19,142.42,7,88,68,6,1162,22.78,141.54,6,95,67,51,8.31,27.14,19.59,35,7.07,25.51,21.66,Chennai Super Kings,2021,70000000
503,MM Ali,england,31.0,,batting-allrounder,left-handed-bat,right-arm-offbreak,17,1229,21.19,142.42,7,88,68,6,1162,22.78,141.54,6,95,67,51,8.31,27.14,19.59,35,7.07,25.51,21.66,Royal Challengers Bengaluru,2018,17000000
773,M Vohra,india,29.0,,batsman,right-handed-bat,right-arm-medium,0,0,0.0,0.0,0,0,0,2,1083,22.1,130.64,3,104,43,0,0.0,0.0,0.0,0,0.0,0.0,0.0,Lucknow Super Giants,2022,2000000
571,M Vohra,india,26.0,,batsman,right-handed-bat,right-arm-medium,0,0,0.0,0.0,0,0,0,2,1083,22.1,130.64,3,104,43,0,0.0,0.0,0.0,0,0.0,0.0,0.0,Rajasthan Royals,2019,2000000
505,M Vohra,india,25.0,,batsman,right-handed-bat,right-arm-medium,0,0,0.0,0.0,0,0,0,2,1083,22.1,130.64,3,104,43,0,0.0,0.0,0.0,0,0.0,0.0,0.0,Royal Challengers Bengaluru,2018,11000000
628,TU Deshpande,india,31.0,,batting-allrounder,left-handed-bat,right-arm-offbreak,0,0,0.0,0.0,0,0,0,0,0,0.0,0.0,0,0,0,0,0.0,0.0,0.0,0,0.0,0.0,0.0,Royal Challengers Bengaluru,2020,2000000
510,TU Deshpande,india,29.0,,batting-allrounder,left-handed-bat,right-arm-offbreak,0,0,0.0,0.0,0,0,0,0,0,0.0,0.0,0,0,0,0,0.0,0.0,0.0,0,0.0,0.0,0.0,Royal Challengers Bengaluru,2018,2000000
520,SP Goswami,india,29.0,,wk-batsman,left-handed-bat,,0,0,0.0,0.0,0,0,0,1,293,14.65,99.33,1,32,3,0,0.0,0.0,0.0,0,0.0,0.0,0.0,Sunrisers Hyderabad,2018,10000000
525,Bipul Sharma,india,35.0,,bowler,left-handed-bat,left-arm-orthodox,0,0,0.0,0.0,0,0,0,9,187,23.38,152.04,0,11,9,0,0.0,0.0,0.0,17,8.06,33.65,25.06,Sunrisers Hyderabad,2018,2000000
526,Shakib Al Hasan,bangladesh,24.0,,batting-allrounder,right-handed-bat,right-arm-offbreak,10,362,12.93,101.69,0,27,11,0,0,0.0,0.0,0,0,0,46,6.53,25.61,23.52,0,0.0,0.0,0.0,Sunrisers Hyderabad,2018,2000000
530,RD Gaikwad,india,22.0,,batsman,right-handed-bat,right-arm-offbreak,4,633,39.56,143.54,4,65,24,8,2380,41.75,136.87,18,217,91,0,0.0,0.0,0.0,0,0.0,0.0,0.0,Chennai Super Kings,2019,2000000
531,CA Ingram,south africa,34.0,,batsman,left-handed-bat,right-arm-legbreak,1,210,26.25,129.63,1,23,7,3,205,17.08,113.89,0,22,5,0,0.0,0.0,0.0,0,0.0,0.0,0.0,Delhi Capitals,2019,64000000
1056,SE Rutherford,west indies,27.0,,batting-allrounder,left-handed-bat,right-arm-fast-medium,6,428,25.18,143.15,2,26,29,2,106,15.14,101.93,0,3,8,1,10.29,72.0,42.0,1,8.63,59.0,41.0,Gujarat Titans,2025,26000000
973,SE Rutherford,west indies,26.0,,batting-allrounder,left-handed-bat,right-arm-fast-medium,6,428,25.18,143.15,2,26,29,2,106,15.14,101.93,0,3,8,1,10.29,72.0,42.0,1,8.63,59.0,41.0,Kolkata Knight Riders,2024,15000000
848,SE Rutherford,west indies,24.0,,batting-allrounder,left-handed-bat,right-arm-fast-medium,6,428,25.18,143.15,2,26,29,2,106,15.14,101.93,0,3,8,1,10.29,72.0,42.0,1,8.63,59.0,41.0,Royal Challengers Bengaluru,2022,10000000
534,SE Rutherford,west indies,21.0,,batting-allrounder,left-handed-bat,right-arm-fast-medium,6,428,25.18,143.15,2,26,29,2,106,15.14,101.93,0,3,8,1,10.29,72.0,42.0,1,8.63,59.0,41.0,Delhi Capitals,2019,20000000
536,KMA Paul,west indies,21.0,,bowling-allrounder,right-handed-bat,right-arm-fast-medium,8,187,20.78,112.66,0,10,11,1,18,3.6,75.0,0,1,1,25,9.09,28.0,18.48,9,8.72,26.33,18.11,Delhi Capitals,2019,5000000
601,CV Varun,india,29.0,,bowler,right-handed-bat,right-arm-legbreak,1,1,0.5,16.67,0,0,0,8,25,6.25,54.35,0,2,0,33,7.02,14.58,12.45,83,7.56,24.12,19.13,Kolkata Knight Riders,2020,40000000
541,CV Varun,india,28.0,,bowler,right-handed-bat,right-arm-legbreak,1,1,0.5,16.67,0,0,0,8,25,6.25,54.35,0,2,0,33,7.02,14.58,12.45,83,7.56,24.12,19.13,Punjab Kings,2019,84000000
1023,SM Curran,england,27.0,,bowling-allrounder,left-handed-bat,left-arm-fast-medium,9,356,14.24,124.48,1,21,15,13,883,25.23,136.48,5,74,37,54,8.41,27.07,19.31,58,9.65,32.76,20.36,Chennai Super Kings,2025,24000000
919,SM Curran,england,25.0,,bowling-allrounder,left-handed-bat,left-arm-fast-medium,9,356,14.24,124.48,1,21,15,13,883,25.23,136.48,5,74,37,54,8.41,27.07,19.31,58,9.65,32.76,20.36,Punjab Kings,2023,185000000
583,SM Curran,england,22.0,,bowling-allrounder,left-handed-bat,left-arm-fast-medium,9,356,14.24,124.48,1,21,15,13,883,25.23,136.48,5,74,37,54,8.41,27.07,19.31,58,9.65,32.76,20.36,Chennai Super Kings,2020,55000000
542,SM Curran,england,21.0,,bowling-allrounder,left-handed-bat,left-arm-fast-medium,9,356,14.24,124.48,1,21,15,13,883,25.23,136.48,5,74,37,54,8.41,27.07,19.31,58,9.65,32.76,20.36,Punjab Kings,2019,72000000
546,GC Viljoen,south africa,30.0,,bowler,right-handed-bat,right-arm-fast-medium,0,0,0.0,0.0,0,0,0,1,3,1.5,42.86,0,0,0,0,0.0,0.0,0.0,7,9.65,31.71,19.71,Punjab Kings,2019,7500000
1051,DG Nalkande,india,27.0,,bowling-allrounder,right-handed-bat,right-arm-fast-medium,0,0,0.0,0.0,0,0,0,0,12,6.0,100.0,0,0,1,0,0.0,0.0,0.0,6,10.57,24.67,14.0,Delhi Capitals,2025,3000000
739,DG Nalkande,india,24.0,,bowling-allrounder,right-handed-bat,right-arm-fast-medium,0,0,0.0,0.0,0,0,0,0,12,6.0,100.0,0,0,1,0,0.0,0.0,0.0,6,10.57,24.67,14.0,Gujarat Titans,2022,2000000
547,DG Nalkande,india,21.0,,bowling-allrounder,right-handed-bat,right-arm-fast-medium,0,0,0.0,0.0,0,0,0,0,12,6.0,100.0,0,0,1,0,0.0,0.0,0.0,6,10.57,24.67,14.0,Punjab Kings,2019,3000000
1122,Arshdeep Singh,india,26.0,,bowler,left-handed-bat,left-arm-fast-medium,13,71,8.88,116.4,0,6,3,7,29,5.8,72.5,0,4,0,99,8.3,18.3,13.23,76,9.03,27.0,17.95,Punjab Kings,2025,180000000
549,Arshdeep Singh,india,20.0,,bowler,left-handed-bat,left-arm-fast-medium,13,71,8.88,116.4,0,6,3,7,29,5.8,72.5,0,4,0,99,8.3,18.3,13.23,76,9.03,27.0,17.95,Punjab Kings,2019,2000000
554,JL Denly,england,33.0,6.0,batting-allrounder,right-handed-bat,right-arm-legbreak,2,125,12.5,105.94,0,15,1,0,0,0.0,0.0,0,0,0,7,7.75,13.29,10.29,0,0.0,0.0,0.0,Kolkata Knight Riders,2019,10000000
555,HF Gurney,england,33.0,,bowler,right-handed-bat,left-arm-fast-medium,0,0,0.0,0.0,0,0,0,1,1,0.0,20.0,0,0,0,3,6.88,18.33,16.0,7,8.81,34.0,23.14,Kolkata Knight Riders,2019,7500000
1072,A Nortje,south africa,32.0,,bowler,right-handed-bat,right-arm-fast,6,17,2.83,48.58,0,1,0,9,49,8.17,100.0,0,6,0,53,7.01,19.17,16.4,60,8.96,26.23,17.57,Kolkata Knight Riders,2025,65000000
559,A Nortje,south africa,26.0,,bowler,right-handed-bat,right-arm-fast,6,17,2.83,48.58,0,1,0,9,49,8.17,100.0,0,6,0,53,7.01,19.17,16.4,60,8.96,26.23,17.57,Kolkata Knight Riders,2019,2000000
560,SL Malinga,sri lanka,36.0,,bowler,right-handed-bat,right-arm-fast,12,136,6.48,84.48,0,9,5,9,88,5.5,88.89,0,6,5,107,7.42,20.79,16.81,170,7.14,19.79,16.63,Mumbai Indians,2019,20000000
942,Arshdeep Singh,india,25.0,,batsman,right-handed-bat,right-arm-offbreak,0,0,0.0,0.0,0,0,0,0,139,15.44,120.87,0,19,3,0,0.0,0.0,0.0,0,0.0,0.0,0.0,Sunrisers Hyderabad,2023,2000000
783,Arshdeep Singh,india,24.0,,batsman,right-handed-bat,right-arm-offbreak,0,0,0.0,0.0,0,0,0,0,139,15.44,120.87,0,19,3,0,0.0,0.0,0.0,0,0.0,0.0,0.0,Mumbai Indians,2022,2000000
562,Arshdeep Singh,india,21.0,,batsman,right-handed-bat,right-arm-offbreak,0,0,0.0,0.0,0,0,0,0,139,15.44,120.87,0,19,3,0,0.0,0.0,0.0,0,0.0,0.0,0.0,Mumbai Indians,2019,8000000
1155,Rasikh Salam,india,25.0,,bowler,right-handed-bat,right-arm-fast-medium,0,0,0.0,0.0,0,0,0,1,40,8.0,100.0,0,5,0,0,0.0,0.0,0.0,9,10.43,37.67,21.67,Royal Challengers Bengaluru,2025,60000000
958,Rasikh Salam,india,24.0,,bowler,right-handed-bat,right-arm-fast-medium,0,0,0.0,0.0,0,0,0,1,40,8.0,100.0,0,5,0,0,0.0,0.0,0.0,9,10.43,37.67,21.67,Delhi Capitals,2024,2000000
757,Rasikh Salam,india,22.0,,bowler,right-handed-bat,right-arm-fast-medium,0,0,0.0,0.0,0,0,0,1,40,8.0,100.0,0,5,0,0,0.0,0.0,0.0,9,10.43,37.67,21.67,Kolkata Knight Riders,2022,2000000
564,Rasikh Salam,india,19.0,,bowler,right-handed-bat,right-arm-fast-medium,0,0,0.0,0.0,0,0,0,1,40,8.0,100.0,0,5,0,0,0.0,0.0,0.0,9,10.43,37.67,21.67,Mumbai Indians,2019,2000000
978,AJ Turner,australia,31.0,,batting-allrounder,right-handed-bat,right-arm-offbreak,5,110,12.22,83.97,0,4,2,1,24,4.8,85.72,0,0,2,4,6.31,20.5,19.5,0,0.0,0.0,0.0,Lucknow Super Giants,2024,10000000
567,AJ Turner,australia,26.0,,batting-allrounder,right-handed-bat,right-arm-offbreak,5,110,12.22,83.97,0,4,2,1,24,4.8,85.72,0,0,2,4,6.31,20.5,19.5,0,0.0,0.0,0.0,Rajasthan Royals,2019,5000000
1154,LS Livingstone,england,32.0,,batting-allrounder,right-handed-bat,right-arm-legbreak,9,955,25.13,148.99,2,54,59,6,939,28.45,162.46,6,66,66,33,8.73,25.39,17.45,11,9.14,35.73,23.45,Royal Challengers Bengaluru,2025,87500000
806,LS Livingstone,england,29.0,,batting-allrounder,right-handed-bat,right-arm-legbreak,9,955,25.13,148.99,2,54,59,6,939,28.45,162.46,6,66,66,33,8.73,25.39,17.45,11,9.14,35.73,23.45,Punjab Kings,2022,115000000
675,LS Livingstone,england,28.0,,batting-allrounder,right-handed-bat,right-arm-legbreak,9,955,25.13,148.99,2,54,59,6,939,28.45,162.46,6,66,66,33,8.73,25.39,17.45,11,9.14,35.73,23.45,Rajasthan Royals,2021,7500000
568,LS Livingstone,england,26.0,,batting-allrounder,right-handed-bat,right-arm-legbreak,9,955,25.13,148.99,2,54,59,6,939,28.45,162.46,6,66,66,33,8.73,25.39,17.45,11,9.14,35.73,23.45,Rajasthan Royals,2019,5000000
824,R Parag,india,21.0,,batting-allrounder,right-handed-bat,right-arm-legbreak,0,106,17.67,151.43,0,3,9,10,1173,24.44,135.14,6,84,60,4,6.73,20.75,18.5,4,10.53,76.75,43.75,Rajasthan Royals,2022,38000000
570,R Parag,india,18.0,,batting-allrounder,right-handed-bat,right-arm-legbreak,0,106,17.67,151.43,0,3,9,10,1173,24.44,135.14,6,84,60,4,6.73,20.75,18.5,4,10.53,76.75,43.75,Rajasthan Royals,2019,2000000
820,SO Hetmyer,west indies,26.0,,batsman,left-handed-bat,,5,942,20.04,118.5,5,63,47,26,1243,31.08,153.08,4,76,82,0,0.0,0.0,0.0,0,0.0,0.0,0.0,Rajasthan Royals,2022,85000000
586,SO Hetmyer,west indies,24.0,,batsman,left-handed-bat,,5,942,20.04,118.5,5,63,47,26,1243,31.08,153.08,4,76,82,0,0.0,0.0,0.0,0,0.0,0.0,0.0,Delhi Capitals,2020,77500000
573,SO Hetmyer,west indies,23.0,,batsman,left-handed-bat,,5,942,20.04,118.5,5,63,47,26,1243,31.08,153.08,4,76,82,0,0.0,0.0,0.0,0,0.0,0.0,0.0,Royal Challengers Bengaluru,2019,42000000
575,P Ray Barman,india,17.0,,batsman,right-handed-bat,right-arm-offbreak,0,0,0.0,0.0,0,0,0,0,19,19.0,79.17,0,2,0,0,0.0,0.0,0.0,0,14.0,0.0,0.0,Royal Challengers Bengaluru,2019,15000000
1102,Harmeet Singh,india,29.0,,batsman,right-handed-bat,right-arm-offbreak,0,0,0.0,0.0,0,0,0,0,0,0.0,0.0,0,0,0,0,0.0,0.0,0.0,0,0.0,0.0,0.0,Lucknow Super Giants,2025,3000000
576,Harmeet Singh,india,23.0,,batsman,right-handed-bat,right-arm-offbreak,0,0,0.0,0.0,0,0,0,0,0,0.0,0.0,0,0,0,0,0.0,0.0,0.0,0,0.0,0.0,0.0,Royal Challengers Bengaluru,2019,6500000
938,H Klaasen,south africa,32.0,,wk-batsman,right-handed-bat,right-arm-offbreak,10,1000,23.26,141.85,5,72,52,6,993,38.19,168.31,6,56,64,0,14.0,0.0,0.0,0,0.0,0.0,0.0,Sunrisers Hyderabad,2023,52500000
578,H Klaasen,south africa,28.0,,wk-batsman,right-handed-bat,right-arm-offbreak,10,1000,23.26,141.85,5,72,52,6,993,38.19,168.31,6,56,64,0,14.0,0.0,0.0,0,0.0,0.0,0.0,Royal Challengers Bengaluru,2019,5000000
1160,D Padikkal,india,25.0,,batsman,left-handed-bat,right-arm-offbreak,0,38,19.0,100.0,0,2,1,2,1559,25.15,123.15,9,169,42,0,0.0,0.0,0.0,0,0.0,0.0,0.0,Royal Challengers Bengaluru,2025,20000000
821,D Padikkal,india,22.0,,batsman,left-handed-bat,right-arm-offbreak,0,38,19.0,100.0,0,2,1,2,1559,25.15,123.15,9,169,42,0,0.0,0.0,0.0,0,0.0,0.0,0.0,Rajasthan Royals,2022,77500000
579,D Padikkal,india,19.0,,batsman,left-handed-bat,right-arm-offbreak,0,38,19.0,100.0,0,2,1,2,1559,25.15,123.15,9,169,42,0,0.0,0.0,0.0,0,0.0,0.0,0.0,Royal Challengers Bengaluru,2019,2000000
801,JM Bairstow,england,33.0,,wk-batsman,right-handed-bat,right-arm-medium,16,1671,29.84,137.54,10,148,76,4,1589,34.54,144.46,9,166,69,0,0.0,0.0,0.0,0,0.0,0.0,0.0,Punjab Kings,2022,67500000
581,JM Bairstow,england,30.0,,wk-batsman,right-handed-bat,right-arm-medium,16,1671,29.84,137.54,10,148,76,4,1589,34.54,144.46,9,166,69,0,0.0,0.0,0.0,0,0.0,0.0,0.0,Sunrisers Hyderabad,2019,22000000
1059,R Sai Kishore,india,29.0,,bowling-allrounder,left-handed-bat,left-arm-orthodox,0,0,0.0,0.0,0,0,0,1,13,13.0,216.67,0,0,2,4,5.25,15.75,18.0,13,8.32,19.85,14.31,Gujarat Titans,2025,20000000
735,R Sai Kishore,india,26.0,,bowling-allrounder,left-handed-bat,left-arm-orthodox,0,0,0.0,0.0,0,0,0,1,13,13.0,216.67,0,0,2,4,5.25,15.75,18.0,13,8.32,19.85,14.31,Gujarat Titans,2022,30000000
585,R Sai Kishore,india,24.0,,bowling-allrounder,left-handed-bat,left-arm-orthodox,0,0,0.0,0.0,0,0,0,1,13,13.0,216.67,0,0,2,4,5.25,15.75,18.0,13,8.32,19.85,14.31,Chennai Super Kings,2020,2000000
588,AT Carey,australia,29.0,,wk-batsman,left-handed-bat,,5,233,11.1,108.38,0,19,7,1,32,16.0,110.35,0,0,1,0,0.0,0.0,0.0,0,0.0,0.0,0.0,Delhi Capitals,2020,24000000
1138,TU Deshpande,india,30.0,,bowler,left-handed-bat,right-arm-fast-medium,0,0,0.0,0.0,0,0,0,3,21,21.0,150.0,0,2,1,2,9.33,28.0,18.0,42,9.65,29.6,18.4,Rajasthan Royals,2025,65000000
694,TU Deshpande,india,27.0,,bowler,left-handed-bat,right-arm-fast-medium,0,0,0.0,0.0,0,0,0,3,21,21.0,150.0,0,2,1,2,9.33,28.0,18.0,42,9.65,29.6,18.4,Chennai Super Kings,2022,2000000
592,TU Deshpande,india,25.0,,bowler,left-handed-bat,right-arm-fast-medium,0,0,0.0,0.0,0,0,0,3,21,21.0,150.0,0,2,1,2,9.33,28.0,18.0,42,9.65,29.6,18.4,Delhi Capitals,2020,2000000
723,Lalit Yadav,india,25.0,,batting-allrounder,right-handed-bat,right-arm-offbreak,0,0,0.0,0.0,0,0,0,5,305,19.06,105.18,0,27,7,0,0.0,0.0,0.0,10,8.85,42.5,28.8,Delhi Capitals,2022,6500000
593,Lalit Yadav,india,23.0,,batting-allrounder,right-handed-bat,right-arm-offbreak,0,0,0.0,0.0,0,0,0,5,305,19.06,105.18,0,27,7,0,0.0,0.0,0.0,10,8.85,42.5,28.8,Delhi Capitals,2020,2000000
594,SS Cottrell,west indies,31.0,,bowler,right-handed-bat,left-arm-fast-medium,6,18,4.5,62.07,0,2,0,0,0,0.0,0.0,0,0,0,52,8.13,23.92,17.65,6,8.8,29.33,20.0,Punjab Kings,2020,85000000
805,IC Porel,india,24.0,,bowler,right-handed-bat,right-arm-fast-medium,0,0,0.0,0.0,0,0,0,0,0,0.0,0.0,0,0,0,0,0.0,0.0,0.0,1,9.75,39.0,24.0,Punjab Kings,2022,2500000
598,IC Porel,india,22.0,,bowler,right-handed-bat,right-arm-fast-medium,0,0,0.0,0.0,0,0,0,0,0,0.0,0.0,0,0,0,0,0.0,0.0,0.0,1,9.75,39.0,24.0,Punjab Kings,2020,2000000
603,CJ Green,australia,27.0,,bowling-allrounder,right-handed-bat,right-arm-offbreak,1,2,0.0,66.67,0,0,0,0,0,0.0,0.0,0,0,0,0,9.0,0.0,0.0,0,8.47,0.0,0.0,Kolkata Knight Riders,2020,2000000
1095,M Siddharth,india,27.0,,bowler,right-handed-bat,left-arm-orthodox,0,0,0.0,0.0,0,0,0,0,0,0.0,0.0,0,0,0,0,0.0,0.0,0.0,1,7.89,71.0,54.0,Lucknow Super Giants,2025,7500000
980,M Siddharth,india,26.0,,bowler,right-handed-bat,left-arm-orthodox,0,0,0.0,0.0,0,0,0,0,0,0.0,0.0,0,0,0,0,0.0,0.0,0.0,1,7.89,71.0,54.0,Lucknow Super Giants,2024,24000000
648,M Siddharth,india,23.0,,bowler,right-handed-bat,left-arm-orthodox,0,0,0.0,0.0,0,0,0,0,0,0.0,0.0,0,0,0,0,0.0,0.0,0.0,1,7.89,71.0,54.0,Delhi Capitals,2021,2000000
606,M Siddharth,india,22.0,,bowler,right-handed-bat,left-arm-orthodox,0,0,0.0,0.0,0,0,0,0,0,0.0,0.0,0,0,0,0,0.0,0.0,0.0,1,7.89,71.0,54.0,Kolkata Knight Riders,2020,2000000
613,YBK Jaiswal,india,19.0,,batsman,left-handed-bat,right-arm-legbreak,2,723,36.15,164.32,5,82,38,2,1607,32.14,150.61,9,198,64,0,11.0,0.0,0.0,0,0.0,0.0,0.0,Rajasthan Royals,2020,24000000
962,Kartik Tyagi,india,24.0,,bowler,right-handed-bat,right-arm-fast,0,0,0.0,0.0,0,0,0,3,13,3.25,81.25,0,1,0,0,0.0,0.0,0.0,15,10.14,47.53,28.13,Gujarat Titans,2024,6000000
862,Kartik Tyagi,india,22.0,,bowler,right-handed-bat,right-arm-fast,0,0,0.0,0.0,0,0,0,3,13,3.25,81.25,0,1,0,0,0.0,0.0,0.0,15,10.14,47.53,28.13,Sunrisers Hyderabad,2022,40000000
614,Kartik Tyagi,india,20.0,,bowler,right-handed-bat,right-arm-fast,0,0,0.0,0.0,0,0,0,3,13,3.25,81.25,0,1,0,0,0.0,0.0,0.0,15,10.14,47.53,28.13,Rajasthan Royals,2020,13000000
1006,TK Curran,england,29.0,,bowling-allrounder,right-handed-bat,right-arm-fast-medium,7,64,10.67,114.29,0,1,4,5,127,25.4,118.7,1,10,3,29,9.26,31.28,20.28,13,10.84,33.08,18.31,Royal Challengers Bengaluru,2024,15000000
642,TK Curran,england,26.0,,bowling-allrounder,right-handed-bat,right-arm-fast-medium,7,64,10.67,114.29,0,1,4,5,127,25.4,118.7,1,10,3,29,9.26,31.28,20.28,13,10.84,33.08,18.31,Delhi Capitals,2021,52500000
615,TK Curran,england,25.0,,bowling-allrounder,right-handed-bat,right-arm-fast-medium,7,64,10.67,114.29,0,1,4,5,127,25.4,118.7,1,10,3,29,9.26,31.28,20.28,13,10.84,33.08,18.31,Rajasthan Royals,2020,10000000
844,Anuj Rawat,india,23.0,,wk-batsman,left-handed-bat,,0,0,0.0,0.0,0,0,0,5,318,19.88,119.11,1,26,14,0,0.0,0.0,0.0,0,0.0,0.0,0.0,Royal Challengers Bengaluru,2022,34000000
617,Anuj Rawat,india,21.0,,wk-batsman,left-handed-bat,,0,0,0.0,0.0,0,0,0,5,318,19.88,119.11,1,26,14,0,0.0,0.0,0.0,0,0.0,0.0,0.0,Rajasthan Royals,2020,8000000
1100,Arshdeep Singh,india,23.0,,bowler,right-handed-bat,left-arm-fast-medium,0,0,0.0,0.0,0,0,0,0,0,0.0,0.0,0,0,0,0,0.0,0.0,0.0,5,9.87,45.4,27.6,Lucknow Super Giants,2025,3000000
1012,Arshdeep Singh,india,22.0,,bowler,right-handed-bat,left-arm-fast-medium,0,0,0.0,0.0,0,0,0,0,0,0.0,0.0,0,0,0,0,0.0,0.0,0.0,5,9.87,45.4,27.6,Sunrisers Hyderabad,2024,2000000
677,Arshdeep Singh,india,19.0,,bowler,right-handed-bat,left-arm-fast-medium,0,0,0.0,0.0,0,0,0,0,0,0.0,0.0,0,0,0,0,0.0,0.0,0.0,5,9.87,45.4,27.6,Rajasthan Royals,2021,2000000
620,Arshdeep Singh,india,18.0,,bowler,right-handed-bat,left-arm-fast-medium,0,0,0.0,0.0,0,0,0,0,0,0.0,0.0,0,0,0,0,0.0,0.0,0.0,5,9.87,45.4,27.6,Rajasthan Royals,2020,2000000
625,I Udana,sri lanka,32.0,,bowling-allrounder,right-handed-bat,left-arm-fast-medium,11,256,18.29,137.64,1,16,14,1,15,5.0,136.37,0,1,1,27,8.7,33.89,23.37,8,9.72,35.25,21.75,Royal Challengers Bengaluru,2020,5000000
1091,Shahbaz Ahmed,india,31.0,,bowling-allrounder,left-handed-bat,left-arm-orthodox,0,0,0.0,0.0,0,0,0,9,536,19.14,121.82,1,28,25,2,7.69,20.5,16.0,21,9.35,39.86,25.57,Lucknow Super Giants,2025,24000000
843,Shahbaz Ahmed,india,28.0,,bowling-allrounder,left-handed-bat,left-arm-orthodox,0,0,0.0,0.0,0,0,0,9,536,19.14,121.82,1,28,25,2,7.69,20.5,16.0,21,9.35,39.86,25.57,Royal Challengers Bengaluru,2022,24000000
626,Shahbaz Ahmed,india,26.0,,bowling-allrounder,left-handed-bat,left-arm-orthodox,0,0,0.0,0.0,0,0,0,9,536,19.14,121.82,1,28,25,2,7.69,20.5,16.0,21,9.35,39.86,25.57,Royal Challengers Bengaluru,2020,2000000
627,JR Philippe,australia,23.0,,wk-batsman,right-handed-bat,,0,150,12.5,109.49,0,11,5,1,78,19.5,101.3,0,9,1,0,0.0,0.0,0.0,0,0.0,0.0,0.0,Royal Challengers Bengaluru,2020,2000000
859,PK Garg,india,22.0,,batsman,right-handed-bat,right-arm-medium,0,0,0.0,0.0,0,0,0,1,273,15.17,113.28,1,16,9,0,0.0,0.0,0.0,0,0.0,0.0,0.0,Sunrisers Hyderabad,2022,2000000
630,PK Garg,india,20.0,,batsman,right-handed-bat,right-arm-medium,0,0,0.0,0.0,0,0,0,1,273,15.17,113.28,1,16,9,0,0.0,0.0,0.0,0,0.0,0.0,0.0,Sunrisers Hyderabad,2020,19000000
631,Virat Singh,india,23.0,,batsman,left-handed-bat,right-arm-offbreak,0,0,0.0,0.0,0,0,0,0,15,7.5,57.7,0,1,0,0,0.0,0.0,0.0,0,0.0,0.0,0.0,Sunrisers Hyderabad,2020,19000000
794,FA Allen,west indies,27.0,,batting-allrounder,right-handed-bat,left-arm-orthodox,9,272,15.11,136.69,0,16,21,2,14,7.0,73.69,0,1,0,24,7.55,30.46,24.21,2,9.07,68.0,45.0,Mumbai Indians,2022,7500000
668,FA Allen,west indies,26.0,,batting-allrounder,right-handed-bat,left-arm-orthodox,9,272,15.11,136.69,0,16,21,2,14,7.0,73.69,0,1,0,24,7.55,30.46,24.21,2,9.07,68.0,45.0,Punjab Kings,2021,7500000
632,FA Allen,west indies,25.0,,batting-allrounder,right-handed-bat,left-arm-orthodox,9,272,15.11,136.69,0,16,21,2,14,7.0,73.69,0,1,0,24,7.55,30.46,24.21,2,9.07,68.0,45.0,Sunrisers Hyderabad,2020,5000000
1089,Abdul Samad,india,24.0,,batting-allrounder,right-handed-bat,right-arm-legbreak,0,0,0.0,0.0,0,0,0,10,577,19.23,146.08,0,37,36,0,0.0,0.0,0.0,2,12.56,56.5,27.0,Lucknow Super Giants,2025,42000000
635,Abdul Samad,india,19.0,,batting-allrounder,right-handed-bat,right-arm-legbreak,0,0,0.0,0.0,0,0,0,10,577,19.23,146.08,0,37,36,0,0.0,0.0,0.0,2,12.56,56.5,27.0,Sunrisers Hyderabad,2020,2000000
875,Tilak Varma,india,25.0,,bowling-allrounder,right-handed-bat,right-arm-offbreak,0,0,0.0,0.0,0,0,0,0,0,0.0,0.0,0,0,0,0,0.0,0.0,0.0,0,0.0,0.0,0.0,Chennai Super Kings,2023,2000000
706,Tilak Varma,india,24.0,,bowling-allrounder,right-handed-bat,right-arm-offbreak,0,0,0.0,0.0,0,0,0,0,0,0.0,0.0,0,0,0,0,0.0,0.0,0.0,0,0.0,0.0,0.0,Chennai Super Kings,2022,2000000
639,Tilak Varma,india,23.0,,bowling-allrounder,right-handed-bat,right-arm-offbreak,0,0,0.0,0.0,0,0,0,0,0,0.0,0.0,0,0,0,0,0.0,0.0,0.0,0,0.0,0.0,0.0,Chennai Super Kings,2021,2000000
641,A Ashish Reddy,india,23.0,,bowler,right-handed-bat,right-arm-medium,0,0,0.0,0.0,0,0,0,0,0,0.0,0.0,0,0,0,0,0.0,0.0,0.0,0,0.0,0.0,0.0,Chennai Super Kings,2021,2000000
722,RV Patel,india,27.0,,batting-allrounder,right-handed-bat,right-arm-fast-medium,0,0,0.0,0.0,0,0,0,2,80,16.0,109.59,0,6,2,0,0.0,0.0,0.0,0,7.33,0.0,0.0,Delhi Capitals,2022,2000000
646,RV Patel,india,26.0,,batting-allrounder,right-handed-bat,right-arm-fast-medium,0,0,0.0,0.0,0,0,0,2,80,16.0,109.59,0,6,2,0,0.0,0.0,0.0,0,7.33,0.0,0.0,Delhi Capitals,2021,2000000
912,Vishnu Vinod,india,30.0,,wk-batsman,right-handed-bat,,0,0,0.0,0.0,0,0,0,0,56,9.33,98.25,0,3,3,0,0.0,0.0,0.0,0,0.0,0.0,0.0,Mumbai Indians,2023,2000000
861,Vishnu Vinod,india,29.0,,wk-batsman,right-handed-bat,,0,0,0.0,0.0,0,0,0,0,56,9.33,98.25,0,3,3,0,0.0,0.0,0.0,0,0.0,0.0,0.0,Sunrisers Hyderabad,2022,5000000
647,Vishnu Vinod,india,28.0,,wk-batsman,right-handed-bat,,0,0,0.0,0.0,0,0,0,0,56,9.33,98.25,0,3,3,0,0.0,0.0,0.0,0,0.0,0.0,0.0,Delhi Capitals,2021,2000000
1071,VR Iyer,india,31.0,,batting-allrounder,left-handed-bat,right-arm-medium,3,133,33.25,162.2,0,15,5,7,1326,31.57,137.13,11,121,61,5,8.18,15.0,11.0,3,10.59,47.67,27.0,Kolkata Knight Riders,2025,237500000
654,VR Iyer,india,27.0,,batting-allrounder,left-handed-bat,right-arm-medium,3,133,33.25,162.2,0,15,5,7,1326,31.57,137.13,11,121,61,5,8.18,15.0,11.0,3,10.59,47.67,27.0,Kolkata Knight Riders,2021,2000000
1078,VG Arora,india,28.0,,bowler,right-handed-bat,right-arm-fast-medium,0,0,0.0,0.0,0,0,0,6,9,4.5,56.25,0,0,0,0,0.0,0.0,0.0,19,9.18,30.84,20.16,Kolkata Knight Riders,2025,18000000
893,VG Arora,india,26.0,,bowler,right-handed-bat,right-arm-fast-medium,0,0,0.0,0.0,0,0,0,6,9,4.5,56.25,0,0,0,0,0.0,0.0,0.0,19,9.18,30.84,20.16,Kolkata Knight Riders,2023,6000000
814,VG Arora,india,25.0,,bowler,right-handed-bat,right-arm-fast-medium,0,0,0.0,0.0,0,0,0,6,9,4.5,56.25,0,0,0,0,0.0,0.0,0.0,19,9.18,30.84,20.16,Punjab Kings,2022,20000000
656,VG Arora,india,24.0,,bowler,right-handed-bat,right-arm-fast-medium,0,0,0.0,0.0,0,0,0,6,9,4.5,56.25,0,0,0,0,0.0,0.0,0.0,19,9.18,30.84,20.16,Kolkata Knight Riders,2021,2000000
1124,M Jansen,south africa,25.0,,bowling-allrounder,right-handed-bat,left-arm-fast,3,166,18.44,149.55,1,13,11,6,66,9.43,100.0,0,5,2,16,8.14,31.63,23.31,20,9.53,35.75,22.5,Punjab Kings,2025,70000000
866,M Jansen,south africa,22.0,,bowling-allrounder,right-handed-bat,left-arm-fast,3,166,18.44,149.55,1,13,11,6,66,9.43,100.0,0,5,2,16,8.14,31.63,23.31,20,9.53,35.75,22.5,Sunrisers Hyderabad,2022,42000000
661,M Jansen,south africa,21.0,,bowling-allrounder,right-handed-bat,left-arm-fast,3,166,18.44,149.55,1,13,11,6,66,9.43,100.0,0,5,2,16,8.14,31.63,23.31,20,9.53,35.75,22.5,Mumbai Indians,2021,2000000
1115,Arjun Tendulkar,india,26.0,,bowling-allrounder,left-handed-bat,left-arm-fast-medium,0,0,0.0,0.0,0,0,0,0,13,13.0,144.45,0,0,1,0,0.0,0.0,0.0,3,9.37,38.0,24.33,Mumbai Indians,2025,3000000
799,Arjun Tendulkar,india,23.0,,bowling-allrounder,left-handed-bat,left-arm-fast-medium,0,0,0.0,0.0,0,0,0,0,13,13.0,144.45,0,0,1,0,0.0,0.0,0.0,3,9.37,38.0,24.33,Mumbai Indians,2022,3000000
662,Arjun Tendulkar,india,22.0,,bowling-allrounder,left-handed-bat,left-arm-fast-medium,0,0,0.0,0.0,0,0,0,0,13,13.0,144.45,0,0,1,0,0.0,0.0,0.0,3,9.37,38.0,24.33,Mumbai Indians,2021,2000000
956,JA Richardson,australia,28.0,,bowler,right-handed-bat,right-arm-fast,5,45,15.0,88.24,0,3,1,0,17,5.67,65.39,0,2,0,19,8.42,29.26,20.84,3,10.47,52.33,30.0,Delhi Capitals,2024,50000000
909,JA Richardson,australia,27.0,,bowler,right-handed-bat,right-arm-fast,5,45,15.0,88.24,0,3,1,0,17,5.67,65.39,0,2,0,19,8.42,29.26,20.84,3,10.47,52.33,30.0,Mumbai Indians,2023,15000000
663,JA Richardson,australia,25.0,,bowler,right-handed-bat,right-arm-fast,5,45,15.0,88.24,0,3,1,0,17,5.67,65.39,0,2,0,19,8.42,29.26,20.84,3,10.47,52.33,30.0,Punjab Kings,2021,140000000
795,RP Meredith,australia,26.0,,bowler,right-handed-bat,right-arm-fast,0,0,0.0,0.0,0,0,0,3,0,0.0,0.0,0,0,0,9,9.72,24.67,15.22,19,9.46,32.21,20.42,Mumbai Indians,2022,10000000
664,RP Meredith,australia,25.0,,bowler,right-handed-bat,right-arm-fast,0,0,0.0,0.0,0,0,0,3,0,0.0,0.0,0,0,0,9,9.72,24.67,15.22,19,9.46,32.21,20.42,Punjab Kings,2021,80000000
968,SN Khan,india,29.0,,batting-allrounder,right-handed-bat,right-arm-offbreak,0,0,0.0,0.0,0,0,0,10,553,19.75,141.44,1,35,37,0,0.0,0.0,0.0,0,7.5,0.0,0.0,Gujarat Titans,2024,74000000
803,SN Khan,india,27.0,,batting-allrounder,right-handed-bat,right-arm-offbreak,0,0,0.0,0.0,0,0,0,10,553,19.75,141.44,1,35,37,0,0.0,0.0,0.0,0,7.5,0.0,0.0,Punjab Kings,2022,90000000
665,SN Khan,india,26.0,,batting-allrounder,right-handed-bat,right-arm-offbreak,0,0,0.0,0.0,0,0,0,10,553,19.75,141.44,1,35,37,0,0.0,0.0,0.0,0,7.5,0.0,0.0,Punjab Kings,2021,52500000
667,DJ Malan,england,34.0,6.0,batsman,left-handed-bat,right-arm-legbreak,8,1892,36.38,132.5,16,194,62,0,26,26.0,100.0,0,1,1,1,13.5,27.0,12.0,0,0.0,0.0,0.0,Punjab Kings,2021,15000000
671,Karanveer Singh,india,23.0,,bowling-allrounder,left-handed-bat,right-arm-offbreak,0,0,0.0,0.0,0,0,0,0,0,0.0,0.0,0,0,0,0,0.0,0.0,0.0,0,0.0,0.0,0.0,Punjab Kings,2021,2000000
976,C Sakariya,india,26.0,,bowler,left-handed-bat,left-arm-fast-medium,1,5,0.0,55.56,0,0,0,2,20,3.33,64.52,0,3,0,1,9.27,34.0,22.0,20,8.44,29.95,21.3,Kolkata Knight Riders,2024,5000000
719,C Sakariya,india,24.0,,bowler,left-handed-bat,left-arm-fast-medium,1,5,0.0,55.56,0,0,0,2,20,3.33,64.52,0,3,0,1,9.27,34.0,22.0,20,8.44,29.95,21.3,Delhi Capitals,2022,42000000
673,C Sakariya,india,23.0,,bowler,left-handed-bat,left-arm-fast-medium,1,5,0.0,55.56,0,0,0,2,20,3.33,64.52,0,3,0,1,9.27,34.0,22.0,20,8.44,29.95,21.3,Rajasthan Royals,2021,12000000
835,Kuldeep Yadav,india,28.0,,bowler,left-handed-bat,left-arm-wrist-spin,3,46,11.5,77.97,0,2,0,21,183,15.25,84.73,0,16,3,69,6.77,14.07,12.46,87,8.21,27.45,20.07,Rajasthan Royals,2022,2000000
711,Kuldeep Yadav,india,28.0,,bowler,left-handed-bat,left-arm-wrist-spin,3,46,11.5,77.97,0,2,0,21,183,15.25,84.73,0,16,3,69,6.77,14.07,12.46,87,8.21,27.45,20.07,Delhi Capitals,2022,20000000
678,Kuldeep Yadav,india,27.0,,bowler,left-handed-bat,left-arm-wrist-spin,3,46,11.5,77.97,0,2,0,21,183,15.25,84.73,0,16,3,69,6.77,14.07,12.46,87,8.21,27.45,20.07,Rajasthan Royals,2021,2000000
876,KA Jamieson,new zealand,29.0,,bowler,right-handed-bat,right-arm-fast-medium,3,49,24.5,148.49,0,7,0,3,65,16.25,118.19,0,5,3,10,9.29,41.2,26.6,9,9.61,29.89,18.67,Chennai Super Kings,2023,10000000
679,KA Jamieson,new zealand,27.0,,bowler,right-handed-bat,right-arm-fast-medium,3,49,24.5,148.49,0,7,0,3,65,16.25,118.19,0,5,3,10,9.29,41.2,26.6,9,9.61,29.89,18.67,Royal Challengers Bengaluru,2021,150000000
682,RM Patidar,india,28.0,,batsman,right-handed-bat,right-arm-offbreak,0,0,0.0,0.0,0,0,0,1,799,34.74,158.85,7,51,54,0,0.0,0.0,0.0,0,0.0,0.0,0.0,Royal Challengers Bengaluru,2021,2000000
851,SS Prabhudessai,india,25.0,,batting-allrounder,right-handed-bat,right-arm-medium,0,0,0.0,0.0,0,0,0,0,126,12.6,118.87,0,11,4,0,0.0,0.0,0.0,0,0.0,0.0,0.0,Royal Challengers Bengaluru,2022,3000000
684,SS Prabhudessai,india,24.0,,batting-allrounder,right-handed-bat,right-arm-medium,0,0,0.0,0.0,0,0,0,0,126,12.6,118.87,0,11,4,0,0.0,0.0,0.0,0,0.0,0.0,0.0,Royal Challengers Bengaluru,2021,2000000
1140,M Theekshana,sri lanka,25.0,,bowler,right-handed-bat,right-arm-offbreak,9,66,3.88,64.08,0,4,2,1,7,7.0,100.0,0,0,1,58,6.88,26.57,23.17,25,7.66,31.88,24.96,Rajasthan Royals,2025,44000000
696,M Theekshana,sri lanka,22.0,,bowler,right-handed-bat,right-arm-offbreak,9,66,3.88,64.08,0,4,2,1,7,7.0,100.0,0,0,1,58,6.88,26.57,23.17,25,7.66,31.88,24.96,Chennai Super Kings,2022,7000000
1097,RS Hangargekar,india,23.0,,bowling-allrounder,right-handed-bat,right-arm-fast-medium,0,0,0.0,0.0,0,0,0,0,0,0.0,0.0,0,0,0,0,0.0,0.0,0.0,3,10.0,20.0,12.0,Lucknow Super Giants,2025,3000000
697,RS Hangargekar,india,20.0,,bowling-allrounder,right-handed-bat,right-arm-fast-medium,0,0,0.0,0.0,0,0,0,0,0,0.0,0.0,0,0,0,0,0.0,0.0,0.0,3,10.0,20.0,12.0,Chennai Super Kings,2022,15000000
1175,Simarjeet Singh,india,27.0,,bowler,right-handed-bat,right-arm-fast-medium,0,0,0.0,0.0,0,0,0,2,7,7.0,87.5,0,0,0,0,0.0,0.0,0.0,9,8.63,28.78,20.0,Sunrisers Hyderabad,2025,15000000
698,Simarjeet Singh,india,24.0,,bowler,right-handed-bat,right-arm-fast-medium,0,0,0.0,0.0,0,0,0,2,7,7.0,87.5,0,0,0,0,0.0,0.0,0.0,9,8.63,28.78,20.0,Chennai Super Kings,2022,2000000
1018,DP Conway,new zealand,34.0,,wk-batsman,left-handed-bat,right-arm-medium,9,1408,38.05,127.77,10,135,37,3,924,48.63,141.29,9,99,30,0,0.0,0.0,0.0,0,0.0,0.0,0.0,Chennai Super Kings,2025,62500000
699,DP Conway,new zealand,31.0,,wk-batsman,left-handed-bat,right-arm-medium,9,1408,38.05,127.77,10,135,37,3,924,48.63,141.29,9,99,30,0,0.0,0.0,0.0,0,0.0,0.0,0.0,Chennai Super Kings,2022,10000000
700,D Pretorius,south africa,33.0,,bowling-allrounder,right-handed-bat,right-arm-fast-medium,5,261,21.75,164.16,1,22,15,1,44,11.0,157.15,0,3,3,35,8.29,19.89,14.4,6,9.52,39.67,25.0,Chennai Super Kings,2022,5000000
1033,Mukesh Choudhary,india,29.0,,bowler,left-handed-bat,left-arm-fast-medium,0,0,0.0,0.0,0,0,0,1,6,6.0,100.0,0,1,0,0,0.0,0.0,0.0,16,9.7,28.19,17.44,Chennai Super Kings,2025,3000000
704,Mukesh Choudhary,india,26.0,,bowler,left-handed-bat,left-arm-fast-medium,0,0,0.0,0.0,0,0,0,1,6,6.0,100.0,0,1,0,0,0.0,0.0,0.0,16,9.7,28.19,17.44,Chennai Super Kings,2022,2000000
705,PH Solanki,india,22.0,,bowler,right-handed-bat,right-arm-legbreak,0,0,0.0,0.0,0,0,0,0,0,0.0,0.0,0,0,0,0,0.0,0.0,0.0,2,6.33,19.0,18.0,Chennai Super Kings,2022,12000000
720,YV Dhull,india,20.0,,batsman,right-handed-bat,right-arm-offbreak,0,0,0.0,0.0,0,0,0,0,16,5.33,69.57,0,1,0,0,0.0,0.0,0.0,0,0.0,0.0,0.0,Delhi Capitals,2022,5000000
725,TL Seifert,new zealand,28.0,,wk-batsman,right-handed-bat,,7,1291,25.31,134.76,9,111,58,0,26,8.67,113.05,0,4,0,0,0.0,0.0,0.0,0,0.0,0.0,0.0,Delhi Capitals,2022,5000000
731,MS Wade,australia,35.0,5.5777,wk-batsman,left-handed-bat,,22,1202,26.13,134.16,3,95,46,0,183,13.07,103.39,0,23,2,0,0.0,0.0,0.0,0,0.0,0.0,0.0,Gujarat Titans,2022,24000000
1172,A Manohar,india,31.0,,batsman,right-handed-bat,right-arm-legbreak,0,0,0.0,0.0,0,0,0,1,231,16.5,132.76,0,21,10,0,0.0,0.0,0.0,0,0.0,0.0,0.0,Sunrisers Hyderabad,2025,32000000
733,A Manohar,india,28.0,,batsman,right-handed-bat,right-arm-legbreak,0,0,0.0,0.0,0,0,0,1,231,16.5,132.76,0,21,10,0,0.0,0.0,0.0,0,0.0,0.0,0.0,Gujarat Titans,2022,26000000
1010,Yash Dayal,india,27.0,,bowler,right-handed-bat,left-arm-fast-medium,0,0,0.0,0.0,0,0,0,0,0,0.0,0.0,0,0,0,0,0.0,0.0,0.0,28,9.57,32.86,20.61,Royal Challengers Bengaluru,2024,50000000
740,Yash Dayal,india,25.0,,bowler,right-handed-bat,left-arm-fast-medium,0,0,0.0,0.0,0,0,0,0,0,0.0,0.0,0,0,0,0,0.0,0.0,0.0,28,9.57,32.86,20.61,Gujarat Titans,2022,32000000
741,B Sai Sudharsan,india,21.0,,batsman,left-handed-bat,right-arm-legbreak,0,0,0.0,0.0,0,0,0,3,1034,47.0,139.17,6,95,31,0,0.0,0.0,0.0,0,0.0,0.0,0.0,Gujarat Titans,2022,2000000
1008,AS Joseph,west indies,28.0,,bowler,right-handed-bat,right-arm-fast,9,121,17.29,104.32,0,9,5,6,27,27.0,84.38,0,3,0,54,8.68,22.5,15.56,21,9.55,32.9,20.67,Royal Challengers Bengaluru,2024,115000000
743,AS Joseph,west indies,26.0,,bowler,right-handed-bat,right-arm-fast,9,121,17.29,104.32,0,9,5,6,27,27.0,84.38,0,3,0,54,8.68,22.5,15.56,21,9.55,32.9,20.67,Gujarat Titans,2022,24000000
756,AD Hales,england,33.0,,batsman,right-handed-bat,right-arm-medium,8,2074,30.96,138.36,12,226,69,0,148,24.67,125.43,0,13,6,0,0.0,0.0,0.0,0,0.0,0.0,0.0,Kolkata Knight Riders,2022,15000000
759,B Indrajith,india,28.0,,wk-batsman,right-handed-bat,right-arm-legbreak,0,0,0.0,0.0,0,0,0,0,21,7.0,70.0,0,2,0,0,0.0,0.0,0.0,0,0.0,0.0,0.0,Kolkata Knight Riders,2022,2000000
761,A Tomar,india,27.0,,batsman,right-handed-bat,right-arm-offbreak,0,0,0.0,0.0,0,0,0,0,4,4.0,50.0,0,1,0,0,0.0,0.0,0.0,0,0.0,0.0,0.0,Kolkata Knight Riders,2022,4000000
762,Arshad Khan,india,26.0,,bowling-allrounder,right-handed-bat,right-arm-fast-medium,0,0,0.0,0.0,0,0,0,1,115,12.78,110.58,1,8,6,0,0.0,0.0,0.0,0,13.0,0.0,0.0,Kolkata Knight Riders,2022,2000000
763,R Vinay Kumar,india,23.0,,batsman,left-handed-bat,,0,0,0.0,0.0,0,0,0,0,0,0.0,0.0,0,0,0,0,0.0,0.0,0.0,0,0.0,0.0,0.0,Kolkata Knight Riders,2022,2000000
1148,Abhishek Sharma,india,23.0,,bowler,right-handed-bat,right-arm-fast-medium,0,0,0.0,0.0,0,0,0,0,0,0.0,0.0,0,0,0,0,0.0,0.0,0.0,0,0.0,0.0,0.0,Rajasthan Royals,2025,3000000
765,Abhishek Sharma,india,20.0,,bowler,right-handed-bat,right-arm-fast-medium,0,0,0.0,0.0,0,0,0,0,0,0.0,0.0,0,0,0,0,0.0,0.0,0.0,0,0.0,0.0,0.0,Kolkata Knight Riders,2022,5500000
776,MP Yadav,india,20.0,,bowler,right-handed-bat,right-arm-fast,1,1,0.0,100.0,0,0,0,0,0,0.0,0.0,0,0,0,4,6.92,20.75,18.0,7,6.99,12.14,10.43,Lucknow Super Giants,2022,2000000
777,A Badoni,india,23.0,,batting-allrounder,right-handed-bat,right-arm-offbreak,0,0,0.0,0.0,0,0,0,9,634,24.38,134.04,4,46,24,0,0.0,0.0,0.0,2,8.64,18.0,12.5,Lucknow Super Giants,2022,2000000
778,KR Mayers,west indies,30.0,,batting-allrounder,left-handed-bat,right-arm-medium,2,762,21.77,138.3,3,68,51,0,379,29.15,144.11,4,38,22,0,9.5,0.0,0.0,0,8.43,0.0,0.0,Lucknow Super Giants,2022,5000000
782,D Brevis,south africa,19.0,,batsman,right-handed-bat,right-arm-legbreak,0,5,2.5,71.43,0,0,0,0,230,23.0,133.73,0,17,16,0,0.0,0.0,0.0,1,0.0,8.0,3.0,Mumbai Indians,2022,30000000
902,DR Sams,australia,31.0,,bowling-allrounder,right-handed-bat,left-arm-fast-medium,3,106,26.5,170.97,0,8,6,4,44,4.89,100.0,0,1,3,7,10.17,43.57,25.71,14,8.72,37.36,25.71,Lucknow Super Giants,2023,7500000
789,DR Sams,australia,30.0,,bowling-allrounder,right-handed-bat,left-arm-fast-medium,3,106,26.5,170.97,0,8,6,4,44,4.89,100.0,0,1,3,7,10.17,43.57,25.71,14,8.72,37.36,25.71,Mumbai Indians,2022,26000000
1157,TH David,australia,29.0,,batsman,right-handed-bat,right-arm-offbreak,12,1201,33.36,161.21,6,101,65,12,659,28.65,170.29,0,38,46,5,9.33,51.0,32.8,0,0.0,0.0,0.0,Royal Challengers Bengaluru,2025,30000000
791,TH David,australia,26.0,,batsman,right-handed-bat,right-arm-offbreak,12,1201,33.36,161.21,6,101,65,12,659,28.65,170.29,0,38,46,5,9.33,51.0,32.8,0,0.0,0.0,0.0,Mumbai Indians,2022,82500000
974,RK Singh,india,27.0,,batting-allrounder,right-handed-bat,right-arm-medium,0,15,15.0,250.0,0,1,1,7,170,28.33,166.67,0,8,13,1,12.6,42.0,20.0,6,9.45,10.5,6.67,Kolkata Knight Riders,2024,2000000
792,RK Singh,india,25.0,,batting-allrounder,right-handed-bat,right-arm-medium,0,15,15.0,250.0,0,1,1,7,170,28.33,166.67,0,8,13,1,12.6,42.0,20.0,6,9.45,10.5,6.67,Mumbai Indians,2022,2000000
797,HR Shokeen,india,22.0,,bowling-allrounder,right-handed-bat,right-arm-offbreak,0,0,0.0,0.0,0,0,0,3,66,22.0,101.54,0,9,0,0,0.0,0.0,0.0,5,9.24,62.8,40.8,Mumbai Indians,2022,2000000
1062,Arshad Khan,india,28.0,,bowling-allrounder,left-handed-bat,left-arm-medium,0,0,0.0,0.0,0,0,0,3,101,25.25,146.38,1,6,6,0,0.0,0.0,0.0,6,12.49,50.67,24.33,Gujarat Titans,2025,13000000
983,Arshad Khan,india,27.0,,bowling-allrounder,left-handed-bat,left-arm-medium,0,0,0.0,0.0,0,0,0,3,101,25.25,146.38,1,6,6,0,0.0,0.0,0.0,6,12.49,50.67,24.33,Lucknow Super Giants,2024,2000000
798,Arshad Khan,india,25.0,,bowling-allrounder,left-handed-bat,left-arm-medium,0,0,0.0,0.0,0,0,0,3,101,25.25,146.38,1,6,6,0,0.0,0.0,0.0,6,12.49,50.67,24.33,Mumbai Indians,2022,2000000
890,OF Smith,west indies,27.0,,bowling-allrounder,right-handed-bat,right-arm-medium,7,193,14.85,139.86,0,13,12,3,51,17.0,115.91,0,1,5,27,10.29,28.59,16.67,6,11.87,29.67,15.0,Gujarat Titans,2023,5000000
807,OF Smith,west indies,26.0,,bowling-allrounder,right-handed-bat,right-arm-medium,7,193,14.85,139.86,0,13,12,3,51,17.0,115.91,0,1,5,27,10.29,28.59,16.67,6,11.87,29.67,15.0,Punjab Kings,2022,60000000
1118,RA Bawa,india,23.0,,batting-allrounder,left-handed-bat,right-arm-fast-medium,0,0,0.0,0.0,0,0,0,0,11,5.5,78.58,0,1,0,0,0.0,0.0,0.0,0,0.0,0.0,0.0,Mumbai Indians,2025,3000000
809,RA Bawa,india,20.0,,batting-allrounder,left-handed-bat,right-arm-fast-medium,0,0,0.0,0.0,0,0,0,0,11,5.5,78.58,0,1,0,0,0.0,0.0,0.0,0,0.0,0.0,0.0,Punjab Kings,2022,20000000
1025,NT Ellis,australia,31.0,,bowler,right-handed-bat,right-arm-fast-medium,3,18,6.0,47.37,0,0,0,1,19,4.75,76.0,0,0,1,32,7.66,16.91,13.25,18,8.61,28.22,19.67,Chennai Super Kings,2025,20000000
811,NT Ellis,australia,28.0,,bowler,right-handed-bat,right-arm-fast-medium,3,18,6.0,47.37,0,0,0,1,19,4.75,76.0,0,0,1,32,7.66,16.91,13.25,18,8.61,28.22,19.67,Punjab Kings,2022,7500000
905,PN Mankad,india,29.0,,batting-allrounder,right-handed-bat,right-arm-medium,0,0,0.0,0.0,0,0,0,3,97,32.33,132.88,1,13,2,0,0.0,0.0,0.0,0,0.0,0.0,0.0,Lucknow Super Giants,2023,2000000
812,PN Mankad,india,28.0,,batting-allrounder,right-handed-bat,right-arm-medium,0,0,0.0,0.0,0,0,0,3,97,32.33,132.88,1,13,2,0,0.0,0.0,0.0,0,0.0,0.0,0.0,Punjab Kings,2022,2000000
1183,Atharva Taide,india,25.0,,batsman,left-handed-bat,left-arm-orthodox,0,0,0.0,0.0,0,0,0,0,247,27.44,147.03,2,27,8,0,0.0,0.0,0.0,0,0.0,0.0,0.0,Sunrisers Hyderabad,2025,3000000
813,Atharva Taide,india,22.0,,batsman,left-handed-bat,left-arm-orthodox,0,0,0.0,0.0,0,0,0,0,247,27.44,147.03,2,27,8,0,0.0,0.0,0.0,0,0.0,0.0,0.0,Punjab Kings,2022,2000000
815,PBB Rajapaksa,sri lanka,31.0,,wk-batsman,left-handed-bat,right-arm-medium,7,733,22.91,132.79,3,63,31,0,277,21.31,145.03,1,22,15,0,0.0,0.0,0.0,0,0.0,0.0,0.0,Punjab Kings,2022,5000000
818,AR Patel,india,20.0,,bowling-allrounder,right-handed-bat,left-arm-orthodox,0,0,0.0,0.0,0,0,0,0,0,0.0,0.0,0,0,0,0,11.0,0.0,0.0,0,0.0,0.0,0.0,Punjab Kings,2022,2000000
1054,M Prasidh Krishna,india,29.0,,bowler,right-handed-bat,right-arm-fast,0,0,0.0,0.0,0,0,0,7,9,3.0,37.5,0,0,0,8,11.0,27.5,15.0,49,8.92,34.76,23.37,Gujarat Titans,2025,95000000
822,M Prasidh Krishna,india,26.0,,bowler,right-handed-bat,right-arm-fast,0,0,0.0,0.0,0,0,0,7,9,3.0,37.5,0,0,0,8,11.0,27.5,15.0,49,8.92,34.76,23.37,Rajasthan Royals,2022,100000000
830,HE van der Dussen,south africa,33.0,,batsman,right-handed-bat,right-arm-legbreak,9,1257,33.97,129.46,9,73,60,1,22,11.0,91.67,0,2,0,0,0.0,0.0,0.0,0,0.0,0.0,0.0,Rajasthan Royals,2022,10000000
949,DJ Mitchell,new zealand,33.0,,batting-allrounder,right-handed-bat,right-arm-medium,13,1411,26.62,139.29,8,98,53,2,351,27.0,131.47,2,28,10,9,10.6,21.0,11.89,1,12.13,97.0,48.0,Chennai Super Kings,2024,140000000
831,DJ Mitchell,new zealand,31.0,,batting-allrounder,right-handed-bat,right-arm-medium,13,1411,26.62,139.29,8,98,53,2,351,27.0,131.47,2,28,10,9,10.6,21.0,11.89,1,12.13,97.0,48.0,Rajasthan Royals,2022,7500000
832,OC McCoy,west indies,25.0,,bowler,left-handed-bat,left-arm-fast-medium,6,68,9.71,106.25,0,7,4,0,8,8.0,160.0,0,0,1,52,8.72,22.4,15.42,11,9.32,22.73,14.64,Rajasthan Royals,2022,7500000
833,Dhruv Jurel,india,21.0,,wk-batsman,right-handed-bat,,0,12,4.0,52.18,0,1,0,7,347,23.13,151.53,2,29,16,0,0.0,0.0,0.0,0,0.0,0.0,0.0,Rajasthan Royals,2022,2000000
834,Tejas Baroka,india,26.0,,bowler,right-handed-bat,,0,0,0.0,0.0,0,0,0,0,0,0.0,0.0,0,0,0,0,0.0,0.0,0.0,0,9.43,0.0,0.0,Rajasthan Royals,2022,2000000
837,Arshdeep Singh,india,29.0,,bowling-allrounder,right-handed-bat,right-arm-medium,0,0,0.0,0.0,0,0,0,0,0,0.0,0.0,0,0,0,0,0.0,0.0,0.0,0,0.0,0.0,0.0,Rajasthan Royals,2022,2000000
1139,PWH de Silva,sri lanka,28.0,,bowling-allrounder,right-handed-bat,right-arm-legbreak,14,712,13.43,128.99,2,71,16,4,72,7.2,98.64,0,7,1,131,6.99,15.41,13.24,35,8.13,21.37,15.77,Rajasthan Royals,2025,52500000
1014,PWH de Silva,sri lanka,27.0,,bowling-allrounder,right-handed-bat,right-arm-legbreak,14,712,13.43,128.99,2,71,16,4,72,7.2,98.64,0,7,1,131,6.99,15.41,13.24,35,8.13,21.37,15.77,Sunrisers Hyderabad,2024,15000000
839,PWH de Silva,sri lanka,25.0,,bowling-allrounder,right-handed-bat,right-arm-legbreak,14,712,13.43,128.99,2,71,16,4,72,7.2,98.64,0,7,1,131,6.99,15.41,13.24,35,8.13,21.37,15.77,Royal Challengers Bengaluru,2022,107500000
1087,Akash Deep,india,29.0,,bowler,right-handed-bat,right-arm-fast-medium,0,0,0.0,0.0,0,0,0,1,19,9.5,158.34,0,2,1,0,0.0,0.0,0.0,7,11.67,45.57,23.43,Lucknow Super Giants,2025,80000000
845,Akash Deep,india,26.0,,bowler,right-handed-bat,right-arm-fast-medium,0,0,0.0,0.0,0,0,0,1,19,9.5,158.34,0,2,1,0,0.0,0.0,0.0,7,11.67,45.57,23.43,Royal Challengers Bengaluru,2022,2000000
854,CM Gautam,india,19.0,,batting-allrounder,left-handed-bat,left-arm-orthodox,0,0,0.0,0.0,0,0,0,0,0,0.0,0.0,0,0,0,0,0.0,0.0,0.0,0,0.0,0.0,0.0,Royal Challengers Bengaluru,2022,2000000
979,DJ Willey,england,34.0,,bowling-allrounder,left-handed-bat,left-arm-fast-medium,11,226,15.07,130.64,0,15,13,3,53,26.5,85.49,0,7,0,51,8.18,23.14,16.96,6,7.56,45.33,36.0,Lucknow Super Giants,2024,20000000
855,DJ Willey,england,32.0,,bowling-allrounder,left-handed-bat,left-arm-fast-medium,11,226,15.07,130.64,0,15,13,3,53,26.5,85.49,0,7,0,51,8.18,23.14,16.96,6,7.56,45.33,36.0,Royal Challengers Bengaluru,2022,20000000
1092,AK Markram,south africa,31.0,,batsman,right-handed-bat,right-arm-offbreak,8,1367,30.38,143.9,9,123,56,9,995,30.15,129.73,5,73,35,13,8.54,37.46,26.31,2,8.53,86.0,60.5,Lucknow Super Giants,2025,20000000
865,AK Markram,south africa,28.0,,batsman,right-handed-bat,right-arm-offbreak,8,1367,30.38,143.9,9,123,56,9,995,30.15,129.73,5,73,35,13,8.54,37.46,26.31,2,8.53,86.0,60.5,Sunrisers Hyderabad,2022,26000000
1162,R Shepherd,west indies,31.0,,bowling-allrounder,right-handed-bat,right-arm-fast-medium,14,537,26.85,139.12,0,25,39,4,115,23.0,182.54,0,7,10,56,9.8,27.54,16.86,4,12.24,64.25,31.5,Royal Challengers Bengaluru,2025,15000000
901,R Shepherd,west indies,29.0,,bowling-allrounder,right-handed-bat,right-arm-fast-medium,14,537,26.85,139.12,0,25,39,4,115,23.0,182.54,0,7,10,56,9.8,27.54,16.86,4,12.24,64.25,31.5,Lucknow Super Giants,2023,5000000
867,R Shepherd,west indies,28.0,,bowling-allrounder,right-handed-bat,right-arm-fast-medium,14,537,26.85,139.12,0,25,39,4,115,23.0,182.54,0,7,10,56,9.8,27.54,16.86,4,12.24,64.25,31.5,Sunrisers Hyderabad,2022,77500000
1058,GD Phillips,new zealand,29.0,,batting-allrounder,right-handed-bat,right-arm-offbreak,12,1928,31.1,140.53,10,138,91,1,65,9.29,118.19,0,3,6,6,7.36,26.17,21.33,2,8.0,20.0,15.0,Gujarat Titans,2025,20000000
868,GD Phillips,new zealand,26.0,,batting-allrounder,right-handed-bat,right-arm-offbreak,12,1928,31.1,140.53,10,138,91,1,65,9.29,118.19,0,3,6,6,7.36,26.17,21.33,2,8.0,20.0,15.0,Sunrisers Hyderabad,2022,15000000
1142,Fazalhaq Farooqi,afghanistan,25.0,,bowler,right-handed-bat,left-arm-fast-medium,9,12,4.0,63.16,0,1,0,2,3,0.0,23.08,0,0,0,54,6.71,19.09,17.07,6,8.96,37.83,25.33,Rajasthan Royals,2025,20000000
869,Fazalhaq Farooqi,afghanistan,22.0,,bowler,right-handed-bat,left-arm-fast-medium,9,12,4.0,63.16,0,1,0,2,3,0.0,23.08,0,0,0,54,6.71,19.09,17.07,6,8.96,37.83,25.33,Sunrisers Hyderabad,2022,5000000
879,SK Rasheed,india,19.0,,batsman,right-handed-bat,right-arm-legbreak,0,0,0.0,0.0,0,0,0,0,0,0.0,0.0,0,0,0,0,0.0,0.0,0.0,0,0.0,0.0,0.0,Chennai Super Kings,2023,2000000
1151,PD Salt,england,29.0,,wk-batsman,right-handed-bat,right-arm-offbreak,5,1193,34.09,164.33,5,116,61,2,653,34.37,175.54,6,74,34,0,0.0,0.0,0.0,0,0.0,0.0,0.0,Royal Challengers Bengaluru,2025,115000000
881,PD Salt,england,27.0,,wk-batsman,right-handed-bat,right-arm-offbreak,5,1193,34.09,164.33,5,116,61,2,653,34.37,175.54,6,74,34,0,0.0,0.0,0.0,0,0.0,0.0,0.0,Delhi Capitals,2023,20000000
997,RR Rossouw,south africa,35.0,,batsman,left-handed-bat,right-arm-offbreak,5,767,34.86,159.8,3,69,39,2,473,23.65,153.58,2,45,25,0,0.0,0.0,0.0,0,0.0,0.0,0.0,Punjab Kings,2024,80000000
883,RR Rossouw,south africa,34.0,,batsman,left-handed-bat,right-arm-offbreak,5,767,34.86,159.8,3,69,39,2,473,23.65,153.58,2,45,25,0,0.0,0.0,0.0,0,0.0,0.0,0.0,Delhi Capitals,2023,46000000
1037,Mukesh Kumar,india,32.0,,bowler,right-handed-bat,right-arm-fast-medium,3,5,5.0,100.0,0,1,0,4,10,10.0,55.56,0,0,0,20,9.02,24.35,16.2,24,10.44,28.92,16.63,Delhi Capitals,2025,80000000
884,Mukesh Kumar,india,30.0,,bowler,right-handed-bat,right-arm-fast-medium,3,5,5.0,100.0,0,1,0,4,10,10.0,55.56,0,0,0,20,9.02,24.35,16.2,24,10.44,28.92,16.63,Delhi Capitals,2023,55000000
887,Urvil Patel,india,25.0,,wk-batsman,right-handed-bat,,0,0,0.0,0.0,0,0,0,0,0,0.0,0.0,0,0,0,0,0.0,0.0,0.0,0,0.0,0.0,0.0,Gujarat Titans,2023,2000000
889,J Little,ireland,24.0,,bowler,right-handed-bat,left-arm-fast-medium,19,131,10.92,85.63,0,11,3,0,0,0.0,0.0,0,0,0,78,7.51,24.49,19.56,11,8.92,30.82,20.73,Gujarat Titans,2023,44000000
897,Liton Das,bangladesh,29.0,,wk-batsman,right-handed-bat,,3,2021,22.46,124.84,11,210,58,0,4,4.0,100.0,0,1,0,0,0.0,0.0,0.0,0,0.0,0.0,0.0,Kolkata Knight Riders,2023,5000000
1159,Sandeep Sharma,india,22.0,,bowler,right-handed-bat,right-arm-legbreak,0,0,0.0,0.0,0,0,0,0,0,0.0,0.0,0,0,0,0,0.0,0.0,0.0,10,8.65,37.2,25.8,Royal Challengers Bengaluru,2025,26000000
898,Sandeep Sharma,india,20.0,,bowler,right-handed-bat,right-arm-legbreak,0,0,0.0,0.0,0,0,0,0,0,0.0,0.0,0,0,0,0,0.0,0.0,0.0,10,8.65,37.2,25.8,Kolkata Knight Riders,2023,2000000
1130,Yash Thakur,india,27.0,,bowler,right-handed-bat,right-arm-fast-medium,0,0,0.0,0.0,0,0,0,0,0,0.0,0.0,0,0,0,0,0.0,0.0,0.0,24,10.26,28.79,16.83,Punjab Kings,2025,16000000
906,Yash Thakur,india,25.0,,bowler,right-handed-bat,right-arm-fast-medium,0,0,0.0,0.0,0,0,0,0,0,0.0,0.0,0,0,0,0,0.0,0.0,0.0,24,10.26,28.79,16.83,Lucknow Super Giants,2023,4500000
910,R Goyal,india,22.0,,bowler,left-handed-bat,left-arm-wrist-spin,0,0,0.0,0.0,0,0,0,0,0,0.0,0.0,0,0,0,0,0.0,0.0,0.0,0,8.25,0.0,0.0,Mumbai Indians,2023,2000000
911,CJ Green,australia,24.0,,batting-allrounder,right-handed-bat,right-arm-fast-medium,2,263,26.3,152.91,3,21,16,11,707,41.59,153.7,2,62,32,12,8.9,23.25,15.67,16,9.08,41.5,27.44,Mumbai Indians,2023,175000000
913,D Jansen,south africa,23.0,,bowler,right-handed-bat,left-arm-fast,0,0,0.0,0.0,0,0,0,0,0,0.0,0.0,0,0,0,0,0.0,0.0,0.0,1,13.25,53.0,24.0,Mumbai Indians,2023,2000000
914,SZ Mulani,india,26.0,,batting-allrounder,left-handed-bat,left-arm-orthodox,0,0,0.0,0.0,0,0,0,1,1,0.0,100.0,0,0,0,0,0.0,0.0,0.0,0,11.4,0.0,0.0,Mumbai Indians,2023,2000000
915,R Bhatia,india,32.0,,batsman,left-handed-bat,right-arm-medium,0,0,0.0,0.0,0,0,0,1,123,17.57,103.37,0,10,3,0,0.0,0.0,0.0,0,0.0,0.0,0.0,Punjab Kings,2023,4000000
916,Simarjeet Singh,india,27.0,,batsman,right-handed-bat,right-arm-offbreak,0,0,0.0,0.0,0,0,0,0,0,0.0,0.0,0,0,0,0,0.0,0.0,0.0,0,0.0,0.0,0.0,Punjab Kings,2023,2000000
917,V Kaverappa,india,24.0,,bowler,right-handed-bat,right-arm-fast-medium,0,0,0.0,0.0,0,0,0,0,0,0.0,0.0,0,0,0,0,0.0,0.0,0.0,2,9.0,18.0,12.0,Punjab Kings,2023,2000000
1165,Mohit Rathee,india,26.0,,bowling-allrounder,right-handed-bat,right-arm-legbreak,0,0,0.0,0.0,0,0,0,1,1,0.0,50.0,0,0,0,0,0.0,0.0,0.0,0,14.5,0.0,0.0,Royal Challengers Bengaluru,2025,3000000
918,Mohit Rathee,india,24.0,,bowling-allrounder,right-handed-bat,right-arm-legbreak,0,0,0.0,0.0,0,0,0,1,1,0.0,50.0,0,0,0,0,0.0,0.0,0.0,0,14.5,0.0,0.0,Punjab Kings,2023,2000000
920,Sikandar Raza,zimbabwe,37.0,,batting-allrounder,right-handed-bat,right-arm-offbreak,7,2347,26.08,137.18,14,176,115,2,182,26.0,133.83,1,12,8,79,6.89,22.78,19.85,3,10.07,47.0,28.0,Punjab Kings,2023,5000000
1043,D Ferreira,south africa,27.0,,wk-batsman,right-handed-bat,right-arm-offbreak,0,79,15.8,158.0,0,2,6,0,8,4.0,72.73,0,0,0,0,12.33,0.0,0.0,0,0.0,0.0,0.0,Delhi Capitals,2025,7500000
925,D Ferreira,south africa,25.0,,wk-batsman,right-handed-bat,right-arm-offbreak,0,79,15.8,158.0,0,2,6,0,8,4.0,72.73,0,0,0,0,12.33,0.0,0.0,0,0.0,0.0,0.0,Rajasthan Royals,2023,5000000
1149,KS Rathore,india,23.0,,wk-batsman,left-handed-bat,right-arm-offbreak,0,0,0.0,0.0,0,0,0,0,0,0.0,0.0,0,0,0,0,0.0,0.0,0.0,0,0.0,0.0,0.0,Rajasthan Royals,2025,3000000
926,KS Rathore,india,21.0,,wk-batsman,left-handed-bat,right-arm-offbreak,0,0,0.0,0.0,0,0,0,0,0,0.0,0.0,0,0,0,0,0.0,0.0,0.0,0,0.0,0.0,0.0,Rajasthan Royals,2023,2000000
929,SA Yadav,india,24.0,,bowling-allrounder,right-handed-bat,right-arm-fast-medium,0,0,0.0,0.0,0,0,0,0,0,0.0,0.0,0,0,0,0,0.0,0.0,0.0,0,0.0,0.0,0.0,Royal Challengers Bengaluru,2023,2000000
930,H Sharma,india,25.0,,bowler,right-handed-bat,right-arm-legbreak,0,0,0.0,0.0,0,0,0,0,0,0.0,0.0,0,0,0,0,0.0,0.0,0.0,0,11.4,0.0,0.0,Royal Challengers Bengaluru,2023,2000000
931,Arshdeep Singh,india,25.0,,bowler,right-handed-bat,right-arm-fast-medium,0,0,0.0,0.0,0,0,0,0,0,0.0,0.0,0,0,0,0,0.0,0.0,0.0,0,0.0,0.0,0.0,Royal Challengers Bengaluru,2023,6000000
1168,MS Bhandage,india,27.0,,batting-allrounder,left-handed-bat,right-arm-fast-medium,0,0,0.0,0.0,0,0,0,0,0,0.0,0.0,0,0,0,0,0.0,0.0,0.0,0,0.0,0.0,0.0,Royal Challengers Bengaluru,2025,3000000
932,MS Bhandage,india,25.0,,batting-allrounder,left-handed-bat,right-arm-fast-medium,0,0,0.0,0.0,0,0,0,0,0,0.0,0.0,0,0,0,0,0.0,0.0,0.0,0,0.0,0.0,0.0,Royal Challengers Bengaluru,2023,2000000
1105,WG Jacks,england,27.0,,batting-allrounder,right-handed-bat,right-arm-offbreak,0,383,18.24,136.79,0,40,15,1,230,32.86,175.58,1,16,18,1,13.67,41.0,18.0,2,11.11,50.0,27.0,Mumbai Indians,2025,52500000
933,WG Jacks,england,25.0,,batting-allrounder,right-handed-bat,right-arm-offbreak,0,383,18.24,136.79,0,40,15,1,230,32.86,175.58,1,16,18,1,13.67,41.0,18.0,2,11.11,50.0,27.0,Royal Challengers Bengaluru,2023,32000000
1111,RJW Topley,england,31.0,6.7,bowler,right-handed-bat,left-arm-fast-medium,8,17,8.5,85.0,0,1,0,1,3,0.0,50.0,0,0,0,33,8.31,29.64,21.39,5,10.71,36.4,20.4,Mumbai Indians,2025,7500000
934,RJW Topley,england,29.0,6.7,bowler,right-handed-bat,left-arm-fast-medium,8,17,8.5,85.0,0,1,0,1,3,0.0,50.0,0,0,0,33,8.31,29.64,21.39,5,10.71,36.4,20.4,Royal Challengers Bengaluru,2023,19000000
935,R Vinay Kumar,india,27.0,,bowler,left-handed-bat,left-arm-fast-medium,0,0,0.0,0.0,0,0,0,0,0,0.0,0.0,0,0,0,0,0.0,0.0,0.0,0,0.0,0.0,0.0,Royal Challengers Bengaluru,2023,7000000
936,Simarjeet Singh,india,27.0,,batting-allrounder,right-handed-bat,right-arm-medium,0,0,0.0,0.0,0,0,0,3,25,12.5,119.05,0,2,1,0,0.0,0.0,0.0,0,0.0,0.0,0.0,Sunrisers Hyderabad,2023,2000000
1038,HC Brook,england,26.0,,batsman,right-handed-bat,right-arm-medium,9,798,28.5,146.16,4,65,34,2,190,21.11,123.38,0,23,4,0,0.0,0.0,0.0,0,0.0,0.0,0.0,Delhi Capitals,2025,62500000
961,HC Brook,england,25.0,,batsman,right-handed-bat,right-arm-medium,9,798,28.5,146.16,4,65,34,2,190,21.11,123.38,0,23,4,0,0.0,0.0,0.0,0,0.0,0.0,0.0,Delhi Capitals,2024,40000000
937,HC Brook,england,24.0,,batsman,right-handed-bat,right-arm-medium,9,798,28.5,146.16,4,65,34,2,190,21.11,123.38,0,23,4,0,0.0,0.0,0.0,0,0.0,0.0,0.0,Sunrisers Hyderabad,2023,132500000
939,AJ Hosein,west indies,30.0,,bowler,left-handed-bat,left-arm-orthodox,13,244,15.25,107.97,0,14,12,1,16,0.0,160.0,0,1,1,60,7.16,26.98,22.6,1,10.0,40.0,24.0,Sunrisers Hyderabad,2023,10000000
941,AU Rashid,england,35.0,5.8,bowler,right-handed-bat,right-arm-legbreak,20,155,7.38,88.58,0,12,1,0,22,11.0,137.5,0,2,1,131,7.36,24.35,19.85,2,9.1,45.5,30.0,Sunrisers Hyderabad,2023,20000000
943,Vivrant Sharma,india,24.0,,batting-allrounder,left-handed-bat,right-arm-legbreak,0,0,0.0,0.0,0,0,0,0,69,69.0,146.81,1,9,2,0,0.0,0.0,0.0,0,12.33,0.0,0.0,Sunrisers Hyderabad,2023,26000000
945,Nithish Kumar Reddy,india,20.0,,batting-allrounder,right-handed-bat,right-arm-fast-medium,1,90,45.0,180.0,1,4,8,2,303,33.67,142.93,2,15,21,3,7.89,23.67,18.0,3,11.39,69.0,36.33,Sunrisers Hyderabad,2023,2000000
1042,Sameer Rizvi,india,22.0,,batsman,right-handed-bat,right-arm-offbreak,0,0,0.0,0.0,0,0,0,1,51,12.75,118.61,0,4,2,0,0.0,0.0,0.0,0,0.0,0.0,0.0,Delhi Capitals,2025,9500000
950,Sameer Rizvi,india,21.0,,batsman,right-handed-bat,right-arm-offbreak,0,0,0.0,0.0,0,0,0,1,51,12.75,118.61,0,4,2,0,0.0,0.0,0.0,0,0.0,0.0,0.0,Chennai Super Kings,2024,84000000
1020,R Ravindra,new zealand,26.0,,batting-allrounder,left-handed-bat,left-arm-orthodox,6,309,17.17,127.69,2,19,14,0,222,22.2,160.87,1,22,12,13,6.59,20.77,18.92,0,3.5,0.0,0.0,Chennai Super Kings,2025,40000000
951,R Ravindra,new zealand,25.0,,batting-allrounder,left-handed-bat,left-arm-orthodox,6,309,17.17,127.69,2,19,14,0,222,22.2,160.87,1,22,12,13,6.59,20.77,18.92,0,3.5,0.0,0.0,Chennai Super Kings,2024,18000000
954,Sumit Kumar,india,29.0,,wk-batsman,right-handed-bat,,0,0,0.0,0.0,0,0,0,0,0,0.0,0.0,0,0,0,0,0.0,0.0,0.0,0,0.0,0.0,0.0,Delhi Capitals,2024,10000000
957,SD Hope,west indies,31.0,,wk-batsman,right-handed-bat,,5,847,26.47,138.4,5,69,44,1,183,22.88,150.0,0,12,12,0,0.0,0.0,0.0,0,0.0,0.0,0.0,Delhi Capitals,2024,7500000
1066,Kumar Kushagra,india,21.0,,wk-batsman,right-handed-bat,,0,0,0.0,0.0,0,0,0,0,3,1.0,42.86,0,0,0,0,0.0,0.0,0.0,0,0.0,0.0,0.0,Gujarat Titans,2025,6500000
959,Kumar Kushagra,india,20.0,,wk-batsman,right-handed-bat,,0,0,0.0,0.0,0,0,0,0,3,1.0,42.86,0,0,0,0,0.0,0.0,0.0,0,0.0,0.0,0.0,Delhi Capitals,2024,72000000
960,T Stubbs,south africa,24.0,,wk-batsman,right-handed-bat,right-arm-offbreak,6,670,29.13,134.81,2,57,28,6,405,36.82,173.82,3,26,26,0,20.5,0.0,0.0,4,7.25,7.25,6.0,Delhi Capitals,2024,5000000
1075,SH Johnson,australia,30.0,,bowler,left-handed-bat,left-arm-fast,0,0,0.0,0.0,0,0,0,3,6,0.0,85.72,0,1,0,14,8.96,17.07,11.43,4,9.44,37.75,24.0,Kolkata Knight Riders,2025,28000000
963,SH Johnson,australia,29.0,,bowler,left-handed-bat,left-arm-fast,0,0,0.0,0.0,0,0,0,3,6,0.0,85.72,0,1,0,14,8.96,17.07,11.43,4,9.44,37.75,24.0,Gujarat Titans,2024,100000000
1068,MJ Suthar,india,23.0,,bowler,left-handed-bat,left-arm-orthodox,0,0,0.0,0.0,0,0,0,0,1,1.0,50.0,0,0,0,0,0.0,0.0,0.0,0,13.0,0.0,0.0,Gujarat Titans,2025,3000000
964,MJ Suthar,india,22.0,,bowler,left-handed-bat,left-arm-orthodox,0,0,0.0,0.0,0,0,0,0,1,1.0,50.0,0,0,0,0,0.0,0.0,0.0,0,13.0,0.0,0.0,Gujarat Titans,2024,2000000
1112,R Minz,india,23.0,,wk-batsman,left-handed-bat,right-arm-offbreak,0,0,0.0,0.0,0,0,0,0,0,0.0,0.0,0,0,0,0,0.0,0.0,0.0,0,0.0,0.0,0.0,Mumbai Indians,2025,6500000
965,R Minz,india,22.0,,wk-batsman,left-handed-bat,right-arm-offbreak,0,0,0.0,0.0,0,0,0,0,0,0.0,0.0,0,0,0,0,0.0,0.0,0.0,0,0.0,0.0,0.0,Gujarat Titans,2024,36000000
966,A Mishra,india,24.0,,bowler,left-handed-bat,left-arm-fast-medium,0,0,0.0,0.0,0,0,0,0,0,0.0,0.0,0,0,0,0,0.0,0.0,0.0,0,0.0,0.0,0.0,Gujarat Titans,2024,22000000
1127,Azmatullah Omarzai,afghanistan,25.0,,bowling-allrounder,right-handed-bat,right-arm-fast-medium,4,474,14.36,111.01,0,30,18,0,42,10.5,127.28,0,2,2,31,8.37,30.16,21.61,4,8.86,46.5,31.5,Punjab Kings,2025,24000000
967,Azmatullah Omarzai,afghanistan,24.0,,bowling-allrounder,right-handed-bat,right-arm-fast-medium,4,474,14.36,111.01,0,30,18,0,42,10.5,127.28,0,2,2,31,8.37,30.16,21.61,4,8.86,46.5,31.5,Gujarat Titans,2024,5000000
1074,A Raghuvanshi,india,21.0,,batsman,right-handed-bat,right-arm-offbreak,0,0,0.0,0.0,0,0,0,0,163,23.29,155.24,1,16,8,0,0.0,0.0,0.0,0,0.0,0.0,0.0,Kolkata Knight Riders,2025,30000000
972,A Raghuvanshi,india,20.0,,batsman,right-handed-bat,right-arm-offbreak,0,0,0.0,0.0,0,0,0,0,163,23.29,155.24,1,16,8,0,0.0,0.0,0.0,0,0.0,0.0,0.0,Kolkata Knight Riders,2024,2000000
1096,AA Kulkarni,india,20.0,,batting-allrounder,right-handed-bat,right-arm-fast-medium,0,0,0.0,0.0,0,0,0,0,9,4.5,112.5,0,2,0,0,0.0,0.0,0.0,0,0.0,0.0,0.0,Lucknow Super Giants,2025,3000000
982,AA Kulkarni,india,19.0,,batting-allrounder,right-handed-bat,right-arm-fast-medium,0,0,0.0,0.0,0,0,0,0,9,4.5,112.5,0,2,0,0,0.0,0.0,0.0,0,0.0,0.0,0.0,Lucknow Super Giants,2024,2000000
986,Sandeep Sharma,india,26.0,,batting-allrounder,left-handed-bat,right-arm-legbreak,0,0,0.0,0.0,0,0,0,0,0,0.0,0.0,0,0,0,0,0.0,0.0,0.0,0,0.0,0.0,0.0,Mumbai Indians,2024,2000000
1021,A Kamboj,india,25.0,,bowling-allrounder,right-handed-bat,right-arm-fast-medium,0,0,0.0,0.0,0,0,0,1,2,0.0,100.0,0,0,0,0,0.0,0.0,0.0,2,11.4,57.0,30.0,Chennai Super Kings,2025,34000000
987,A Kamboj,india,24.0,,bowling-allrounder,right-handed-bat,right-arm-fast-medium,0,0,0.0,0.0,0,0,0,1,2,0.0,100.0,0,0,0,0,0.0,0.0,0.0,2,11.4,57.0,30.0,Mumbai Indians,2024,2000000
1106,Naman Dhir,india,26.0,,batsman,right-handed-bat,right-arm-offbreak,0,0,0.0,0.0,0,0,0,1,140,23.33,177.22,1,12,10,0,0.0,0.0,0.0,0,11.79,0.0,0.0,Mumbai Indians,2025,52500000
989,Naman Dhir,india,25.0,,batsman,right-handed-bat,right-arm-offbreak,0,0,0.0,0.0,0,0,0,1,140,23.33,177.22,1,12,10,0,0.0,0.0,0.0,0,11.79,0.0,0.0,Mumbai Indians,2024,2000000
1161,N Thushara,sri lanka,31.0,,bowler,right-handed-bat,right-arm-fast-medium,5,9,4.5,52.95,0,1,0,0,0,0.0,0.0,0,0,0,26,7.65,16.73,13.12,8,9.88,32.13,19.5,Royal Challengers Bengaluru,2025,16000000
990,N Thushara,sri lanka,30.0,,bowler,right-handed-bat,right-arm-fast-medium,5,9,4.5,52.95,0,1,0,0,0,0.0,0.0,0,0,0,26,7.65,16.73,13.12,8,9.88,32.13,19.5,Mumbai Indians,2024,48000000
1057,G Coetzee,south africa,25.0,,bowler,right-handed-bat,right-arm-fast,2,81,11.57,135.0,0,4,6,1,14,3.5,63.64,0,0,1,12,10.57,30.25,17.17,13,10.18,26.23,15.46,Gujarat Titans,2025,24000000
991,G Coetzee,south africa,24.0,,bowler,right-handed-bat,right-arm-fast,2,81,11.57,135.0,0,4,6,1,14,3.5,63.64,0,0,1,12,10.57,30.25,17.17,13,10.18,26.23,15.46,Mumbai Indians,2024,50000000
994,Virat Singh,india,26.0,,batsman,right-handed-bat,right-arm-offbreak,0,0,0.0,0.0,0,0,0,0,0,0.0,0.0,0,0,0,0,0.0,0.0,0.0,0,0.0,0.0,0.0,Punjab Kings,2024,2000000
1039,Abhishek Sharma,india,27.0,,batting-allrounder,right-handed-bat,right-arm-medium,0,0,0.0,0.0,0,0,0,2,189,27.0,167.26,1,10,15,0,0.0,0.0,0.0,0,0.0,0.0,0.0,Delhi Capitals,2025,38000000
995,Abhishek Sharma,india,26.0,,batting-allrounder,right-handed-bat,right-arm-medium,0,0,0.0,0.0,0,0,0,2,189,27.0,167.26,1,10,15,0,0.0,0.0,0.0,0,0.0,0.0,0.0,Punjab Kings,2024,2000000
1146,SB Dubey,india,31.0,,batsman,left-handed-bat,right-arm-offbreak,0,0,0.0,0.0,0,0,0,1,33,16.5,173.69,0,3,2,0,0.0,0.0,0.0,0,0.0,0.0,0.0,Rajasthan Royals,2025,8000000
1000,SB Dubey,india,30.0,,batsman,left-handed-bat,right-arm-offbreak,0,0,0.0,0.0,0,0,0,1,33,16.5,173.69,0,3,2,0,0.0,0.0,0.0,0,0.0,0.0,0.0,Rajasthan Royals,2024,58000000
1003,N Burger,south africa,29.0,,bowler,left-handed-bat,left-arm-fast-medium,0,1,1.0,33.34,0,0,0,0,0,0.0,0.0,0,0,0,1,12.29,86.0,42.0,7,8.53,20.71,14.57,Rajasthan Royals,2024,5000000
1004,T Kohler-Cadmore,england,30.0,,wk-batsman,right-handed-bat,right-arm-offbreak,0,0,0.0,0.0,0,0,0,0,48,16.0,88.89,0,7,1,0,0.0,0.0,0.0,0,0.0,0.0,0.0,Rajasthan Royals,2024,4000000
1007,Saurav Chauhan,india,24.0,,wk-batsman,left-handed-bat,right-arm-offbreak,0,0,0.0,0.0,0,0,0,0,18,6.0,120.0,0,1,1,0,0.0,0.0,0.0,0,0.0,0.0,0.0,Royal Challengers Bengaluru,2024,2000000
1024,Gurkeerat Singh,india,27.0,,bowler,right-handed-bat,left-arm-fast-medium,0,0,0.0,0.0,0,0,0,0,0,0.0,0.0,0,0,0,0,0.0,0.0,0.0,0,0.0,0.0,0.0,Chennai Super Kings,2025,22000000
1026,J Overton,england,31.0,,bowler,right-handed-bat,right-arm-fast,2,50,8.33,106.39,0,3,1,0,0,0.0,0.0,0,0,0,11,8.21,16.91,12.36,0,0.0,0.0,0.0,Chennai Super Kings,2025,15000000
1029,MA Starc,india,19.0,,batsman,right-handed-bat,,0,0,0.0,0.0,0,0,0,0,0,0.0,0.0,0,0,0,0,0.0,0.0,0.0,0,0.0,0.0,0.0,Chennai Super Kings,2025,3000000
1036,J Fraser-McGurk,australia,23.0,,batsman,right-handed-bat,right-arm-legbreak,0,113,16.14,143.04,1,16,3,0,330,36.67,234.05,4,32,28,0,0.0,0.0,0.0,0,0.0,0.0,0.0,Delhi Capitals,2025,90000000
1045,V Nigam,india,21.0,,batting-allrounder,right-handed-bat,right-arm-legbreak,0,0,0.0,0.0,0,0,0,0,0,0.0,0.0,0,0,0,0,0.0,0.0,0.0,0,0.0,0.0,0.0,Delhi Capitals,2025,5000000
1047,M Tiwari,india,22.0,,bowling-allrounder,right-handed-bat,right-arm-fast-medium,0,0,0.0,0.0,0,0,0,0,0,0.0,0.0,0,0,0,0,0.0,0.0,0.0,0,0.0,0.0,0.0,Delhi Capitals,2025,4000000
1048,M Vijay,india,24.0,,batting-allrounder,right-handed-bat,right-arm-offbreak,0,0,0.0,0.0,0,0,0,0,0,0.0,0.0,0,0,0,0,0.0,0.0,0.0,0,0.0,0.0,0.0,Delhi Capitals,2025,3000000
1049,MJ Guptill,india,21.0,,bowling-allrounder,left-handed-bat,right-arm-fast-medium,0,0,0.0,0.0,0,0,0,0,0,0.0,0.0,0,0,0,0,0.0,0.0,0.0,0,0.0,0.0,0.0,Delhi Capitals,2025,3000000
1061,Gurnoor Brar,india,25.0,,bowler,left-handed-bat,right-arm-fast,0,0,0.0,0.0,0,0,0,0,0,0.0,0.0,0,0,0,0,0.0,0.0,0.0,0,14.0,0.0,0.0,Gujarat Titans,2025,13000000
1063,Karim Janat,afghanistan,27.0,,bowling-allrounder,right-handed-bat,right-arm-fast-medium,9,691,17.72,115.94,4,49,28,0,0,0.0,0.0,0,0,0,42,8.19,27.14,19.88,0,0.0,0.0,0.0,Gujarat Titans,2025,7500000
1077,Rahmanullah Gurbaz,afghanistan,24.0,,wk-batsman,right-handed-bat,,0,1683,25.5,134.43,10,128,95,0,289,22.23,133.8,2,24,19,0,0.0,0.0,0.0,0,0.0,0.0,0.0,Kolkata Knight Riders,2025,20000000
1125,Priyansh Arya,india,24.0,,batsman,left-handed-bat,right-arm-offbreak,0,0,0.0,0.0,0,0,0,0,0,0.0,0.0,0,0,0,0,0.0,0.0,0.0,0,0.0,0.0,0.0,Punjab Kings,2025,38000000
1126,JP Inglis,australia,30.0,,wk-batsman,right-handed-bat,,5,706,30.7,156.89,0,67,28,0,0,0.0,0.0,0,0,0,0,0.0,0.0,0.0,0,0.0,0.0,0.0,Punjab Kings,2025,26000000
1129,Vijaykumar Vyshak,india,28.0,,bowler,right-handed-bat,right-arm-medium,0,0,0.0,0.0,0,0,0,2,14,7.0,116.67,0,0,1,0,0.0,0.0,0.0,13,10.26,30.38,17.77,Punjab Kings,2025,18000000
1133,XC Bartlett,australia,27.0,,bowler,right-handed-bat,right-arm-fast-medium,0,5,2.5,50.0,0,1,0,0,0,0.0,0.0,0,0,0,11,6.85,14.73,12.91,0,0.0,0.0,0.0,Punjab Kings,2025,8000000
1136,Suryansh Shedge,india,22.0,,batting-allrounder,right-handed-bat,right-arm-fast-medium,0,0,0.0,0.0,0,0,0,0,0,0.0,0.0,0,0,0,0,0.0,0.0,0.0,0,0.0,0.0,0.0,Punjab Kings,2025,3000000
1137,M Shahrukh Khan,india,20.0,,batting-allrounder,right-handed-bat,left-arm-orthodox,0,0,0.0,0.0,0,0,0,0,0,0.0,0.0,0,0,0,0,0.0,0.0,0.0,0,0.0,0.0,0.0,Punjab Kings,2025,3000000
1143,KT Maphaka,south africa,19.0,,bowler,left-handed-bat,left-arm-fast-medium,3,16,0.0,84.22,0,2,0,0,0,0.0,0.0,0,0,0,3,9.98,56.0,33.67,1,14.83,89.0,36.0,Rajasthan Royals,2025,15000000
1144,Akash Madhwal,india,32.0,,bowler,right-handed-bat,right-arm-fast-medium,0,0,0.0,0.0,0,0,0,1,4,0.0,80.0,0,0,0,0,0.0,0.0,0.0,19,9.71,22.32,13.79,Rajasthan Royals,2025,12000000
1145,V Suryavanshi,india,14.0,,batsman,left-handed-bat,left-arm-orthodox,0,0,0.0,0.0,0,0,0,0,0,0.0,0.0,0,0,0,0,0.0,0.0,0.0,0,0.0,0.0,0.0,Rajasthan Royals,2025,11000000
1158,JG Bethell,england,22.0,,batting-allrounder,left-handed-bat,left-arm-orthodox,3,196,32.67,147.37,2,14,11,0,0,0.0,0.0,0,0,0,0,9.33,0.0,0.0,0,0.0,0.0,0.0,Royal Challengers Bengaluru,2025,26000000
1166,Arshdeep Singh,india,28.0,,bowler,right-handed-bat,right-arm-fast-medium,0,0,0.0,0.0,0,0,0,0,0,0.0,0.0,0,0,0,0,0.0,0.0,0.0,0,0.0,0.0,0.0,Royal Challengers Bengaluru,2025,3000000
1176,E Malinga,sri lanka,24.0,,bowler,left-handed-bat,right-arm-fast-medium,0,0,0.0,0.0,0,0,0,0,0,0.0,0.0,0,0,0,0,0.0,0.0,0.0,0,0.0,0.0,0.0,Sunrisers Hyderabad,2025,12000000
1180,Zeeshan Ansari,india,26.0,,bowler,right-handed-bat,right-arm-legbreak,0,0,0.0,0.0,0,0,0,0,0,0.0,0.0,0,0,0,0,0.0,0.0,0.0,0,0.0,0.0,0.0,Sunrisers Hyderabad,2025,4000000
1182,Aniket Verma,india,23.0,,batsman,right-handed-bat,right-arm-medium,0,0,0.0,0.0,0,0,0,0,0,0.0,0.0,0,0,0,0,0.0,0.0,0.0,0,0.0,0.0,0.0,Sunrisers Hyderabad,2025,3000000
672,CH Morris,south africa,34.0,,bowling-allrounder,right-handed-bat,right-arm-fast-medium,4,133,14.78,130.4,1,12,5,23,618,22.07,155.28,2,41,35,34,8.4,20.5,14.65,95,8.01,24.16,18.11,Rajasthan Royals,2021,162500000
621,CH Morris,south africa,33.0,,bowling-allrounder,right-handed-bat,right-arm-fast-medium,4,133,14.78,130.4,1,12,5,23,618,22.07,155.28,2,41,35,34,8.4,20.5,14.65,95,8.01,24.16,18.11,Royal Challengers Bengaluru,2020,100000000
235,CH Morris,south africa,29.0,,bowling-allrounder,right-handed-bat,right-arm-fast-medium,4,133,14.78,130.4,1,12,5,23,618,22.07,155.28,2,41,35,34,8.4,20.5,14.65,95,8.01,24.16,18.11,Delhi Capitals,2016,70000000
213,CH Morris,south africa,28.0,,bowling-allrounder,right-handed-bat,right-arm-fast-medium,4,133,14.78,130.4,1,12,5,23,618,22.07,155.28,2,41,35,34,8.4,20.5,14.65,95,8.01,24.16,18.11,Rajasthan Royals,2015,14000000
1,CH Morris,south africa,26.0,,bowling-allrounder,right-handed-bat,right-arm-fast-medium,4,133,14.78,130.4,1,12,5,23,618,22.07,155.28,2,41,35,34,8.4,20.5,14.65,95,8.01,24.16,18.11,Chennai Super Kings,2013,36250000
2,DP Nannes,australia,37.0,6.16828,bowler,right-handed-bat,left-arm-fast,3,22,11.0,122.23,0,1,1,2,4,4.0,30.77,0,0,0,28,7.52,16.39,13.07,28,7.3,28.04,23.04,Chennai Super Kings,2013,34800000
482,B Laughlin,australia,36.0,,bowler,right-handed-bat,right-arm-fast-medium,0,0,0.0,0.0,0,0,0,2,5,2.5,38.47,0,0,0,2,9.97,59.0,35.5,10,10.13,28.2,16.7,Rajasthan Royals,2018,5000000
378,B Laughlin,australia,35.0,,bowler,right-handed-bat,right-arm-fast-medium,0,0,0.0,0.0,0,0,0,2,5,2.5,38.47,0,0,0,2,9.97,59.0,35.5,10,10.13,28.2,16.7,Sunrisers Hyderabad,2017,3000000
3,B Laughlin,australia,31.0,,bowler,right-handed-bat,right-arm-fast-medium,0,0,0.0,0.0,0,0,0,2,5,2.5,38.47,0,0,0,2,9.97,59.0,35.5,10,10.13,28.2,16.7,Chennai Super Kings,2013,1160000
49,KD Karthik,india,29.0,,wk-batsman,right-handed-bat,,22,686,26.38,142.62,1,71,28,50,4842,26.32,135.37,22,466,161,0,18.0,0.0,0.0,0,0.0,0.0,0.0,Delhi Capitals,2014,125000000
1069,Anuj Rawat,india,26.0,,wk-batsman,left-handed-bat,,0,0,0.0,0.0,0,0,0,5,318,19.88,119.11,1,26,14,0,0.0,0.0,0.0,0,0.0,0.0,0.0,Gujarat Titans,2025,3000000
1132,Vishnu Vinod,india,32.0,,wk-batsman,right-handed-bat,,0,0,0.0,0.0,0,0,0,0,56,9.33,98.25,0,3,3,0,0.0,0.0,0.0,0,0.0,0.0,0.0,Punjab Kings,2025,9500000
873,SB Dubey,india,24.0,,bowler,right-handed-bat,left-arm-fast-medium,0,0,0.0,0.0,0,0,0,0,0,0.0,0.0,0,0,0,0,0.0,0.0,0.0,0,0.0,0.0,0.0,Sunrisers Hyderabad,2022,2000000
1034,SK Rasheed,india,21.0,,batsman,right-handed-bat,right-arm-legbreak,0,0,0.0,0.0,0,0,0,0,0,0.0,0.0,0,0,0,0,0.0,0.0,0.0,0,0.0,0.0,0.0,Chennai Super Kings,2025,3000000
1081,Umran Malik,india,26.0,,bowler,right-handed-bat,right-arm-fast,2,5,0.0,250.0,0,1,0,4,23,11.5,143.75,0,1,2,11,10.49,22.09,12.64,29,9.4,26.62,17.0,Kolkata Knight Riders,2025,7500000
1093,MP Breetzke,south africa,27.0,,wk-batsman,right-handed-bat,,1,151,16.78,122.77,1,13,6,0,0,0.0,0.0,0,0,0,0,0.0,0.0,0.0,0,0.0,0.0,0.0,Lucknow Super Giants,2025,7500000
1094,S Joseph,west indies,26.0,,bowler,left-handed-bat,right-arm-fast,3,5,0.0,125.0,0,1,0,0,0,0.0,0.0,0,0,0,10,9.68,27.1,16.8,0,11.75,0.0,0.0,Lucknow Super Giants,2025,7500000
1099,Prince Yadav,india,27.0,,bowler,right-handed-bat,right-arm-medium,0,0,0.0,0.0,0,0,0,0,0,0.0,0.0,0,0,0,0,0.0,0.0,0.0,0,0.0,0.0,0.0,Lucknow Super Giants,2025,3000000
1101,Gurkeerat Singh,india,26.0,,bowling-allrounder,right-handed-bat,right-arm-legbreak,0,0,0.0,0.0,0,0,0,0,0,0.0,0.0,0,0,0,0,0.0,0.0,0.0,0,0.0,0.0,0.0,Lucknow Super Giants,2025,3000000
1109,RD Rickelton,south africa,29.0,,wk-batsman,left-handed-bat,,0,263,20.23,134.88,1,18,16,0,0,0.0,0.0,0,0,0,0,0.0,0.0,0.0,0,0.0,0.0,0.0,Mumbai Indians,2025,10000000
1110,LB Williams,south africa,32.0,,bowler,left-handed-bat,right-arm-fast-medium,3,6,1.5,35.3,0,0,0,1,1,0.0,50.0,0,0,0,20,9.5,24.55,15.5,1,12.0,72.0,36.0,Mumbai Indians,2025,7500000
1114,V Puthur,india,24.0,,batting-allrounder,right-handed-bat,left-arm-wrist-spin,0,0,0.0,0.0,0,0,0,0,0,0.0,0.0,0,0,0,0,0.0,0.0,0.0,0,0.0,0.0,0.0,Mumbai Indians,2025,3000000
1117,PVSN Raju,india,26.0,,bowler,right-handed-bat,right-arm-fast-medium,0,0,0.0,0.0,0,0,0,0,0,0.0,0.0,0,0,0,0,0.0,0.0,0.0,0,0.0,0.0,0.0,Mumbai Indians,2025,3000000
1120,Ashwani Kumar,india,24.0,,bowler,left-handed-bat,left-arm-fast-medium,0,0,0.0,0.0,0,0,0,0,0,0.0,0.0,0,0,0,0,0.0,0.0,0.0,0,0.0,0.0,0.0,Mumbai Indians,2025,3000000
