season,player,team,runs,balls,strike_rate,fours,sixes,boundary_pct,dot_balls,dot_pct,runs_z,strike_rate_z,boundary_pct_z,dot_pct_z,impact_score,impact_score_pos,phase,name,year,adj_price,ROI
2018,DA Miller,Kings XI Punjab,14,10,140.0,1,1,20.0,4,40.0,0.04063152709661914,0.5206861344027173,0.3725046906708953,0.4624334156008443,0.32174537500030354,0.6023858692092672,powerplay,DA Miller,2018.0,44770384.88999999,0.7186567097665699
2021,S Dube,Rajasthan Royals,44,49,89.8,2,2,8.16,24,48.98,0.12661122901640953,0.4088815921536263,0.21349107631862307,0.47942667666861183,0.25797276063273766,0.5386132548417013,powerplay,,,,
2015,JA Morkel,Delhi Daredevils,20,15,133.33,3,0,20.0,5,33.33,0.06049623432957512,0.5366840052379203,0.3962674844514467,0.3764166889451783,0.3821343514022178,0.6627748456111815,powerplay,,,,
2024,A Raghuvanshi,Kolkata Knight Riders,82,55,149.09,10,3,23.64,19,34.55,0.1791463873891634,0.5137362940552218,0.3762725843083177,0.4042530102595026,0.4482320167998338,0.7288725110087975,powerplay,A Raghuvanshi,2024.0,2217593.5,20.212541964964895
2013,MK Tiwary,Kolkata Knight Riders,14,13,107.69,1,0,7.69,5,38.46,0.0640512186067966,0.4858320431129059,0.19627589449994454,0.3637670363977224,0.27335103804754857,0.5539915322565123,powerplay,,,,
2018,CH Gayle,Kings XI Punjab,239,148,161.49,28,15,29.05,68,45.95,0.5368035634840028,0.5987849308170713,0.5277715300390466,0.5108524925913595,0.8130767569359011,1.0937172511448647,powerplay,CH Gayle,2018.0,29846923.259999998,2.7241560205489037
2023,Vivrant Sharma,Sunrisers Hyderabad,24,20,120.0,4,0,20.0,6,30.0,0.07539562143669232,0.4603693300793444,0.36596469718451863,0.36687770170378686,0.3451219654109234,0.6257624596198871,powerplay,Vivrant Sharma,2023.0,30760239.439799998,1.1219742488882505
2014,V Sehwag,Kings XI Punjab,221,166,133.13,29,8,22.29,73,43.98,0.5817686803597448,0.583434464236785,0.5048194130371492,0.4128430306836708,0.8604480030678043,1.141088497276768,powerplay,V Sehwag,2014.0,61984588.2784,1.3881644243616729
2017,S Dhawan,Sunrisers Hyderabad,266,197,135.03,33,7,20.3,72,36.55,0.6406441780063084,0.537626584493447,0.39462414925807837,0.40194184477119654,0.8383269483865466,1.1189674425955103,powerplay,,,,
2013,MA Agarwal,Royal Challengers Bangalore,39,44,88.64,5,1,13.64,26,59.09,0.1267985853970312,0.4082112608157081,0.31210602623697353,0.5588922043874522,0.27832454921588146,0.5589650434248452,powerplay,,,,
2022,Lalit Yadav,Delhi Capitals,27,37,72.97,3,0,8.11,19,51.35,0.07472742870144065,0.3158224507391749,0.15819912948406836,0.4900514625126105,0.1418673378447876,0.4225078320537513,powerplay,Lalit Yadav,2022.0,8084559.9302,1.7547935703320097
2019,CH Gayle,Kings XI Punjab,255,167,152.69,23,20,25.75,83,49.7,0.5617955771595813,0.5554303110325839,0.42839327983896014,0.5280123465323951,0.7615248892117705,1.0421653834207343,powerplay,,,,
2022,DJ Mitchell,Rajasthan Royals,4,8,50.0,0,0,0.0,5,62.5,0.01827246796733849,0.23581117185712183,0.009906542420965473,0.581624649633438,-0.03750589049816522,0.24313460371079848,powerplay,DJ Mitchell,2022.0,9328338.381000001,-0.40206400075020193
2023,DA Warner,Delhi Capitals,290,180,161.11,47,7,30.0,75,41.67,0.6105144924810899,0.5990206852902825,0.5287993355018002,0.45690269465103683,0.8888108292105122,1.1694513234194759,powerplay,,,,
2017,AJ Finch,Gujarat Lions,85,55,154.55,7,6,23.64,24,43.64,0.20912976167434566,0.60897677151689,0.4566035093123007,0.4595431207516898,0.5394008380629499,0.8200413322719136,powerplay,,,,
2019,KM Jadhav,Chennai Super Kings,47,48,97.92,8,1,18.75,32,66.67,0.11348351272763284,0.3854741846907427,0.3306110941128335,0.6660921606919578,0.23247124667066535,0.5131117408796291,powerplay,,,,
2015,Q de Kock,Delhi Daredevils,78,47,165.96,14,1,31.91,17,36.17,0.19354983417769378,0.6529356533277844,0.6176130353561783,0.3979043139776125,0.6398622657230437,0.9205027599320075,powerplay,,,,
2021,RG Sharma,Mumbai Indians,237,180,131.67,24,9,18.33,68,37.78,0.5711878546930751,0.541334107949676,0.38724933584104376,0.391753232582256,0.784353569083091,1.0649940632920547,powerplay,,,,
2021,PK Garg,Sunrisers Hyderabad,3,9,33.33,0,0,0.0,6,66.67,0.03216748988302462,0.23024310237567241,0.07407441971066311,0.6179037504085794,-0.011182093158519507,0.26945840105044416,powerplay,,,,
2020,M Vijay,Chennai Super Kings,26,32,81.25,4,0,12.5,17,53.13,0.06271089497115116,0.34906200970698953,0.2713043813534429,0.5305199792105268,0.18763069867630697,0.46827119288527064,powerplay,,,,
2021,DA Miller,Rajasthan Royals,19,28,67.86,1,0,3.57,15,53.57,0.06902358320336996,0.33947609426575115,0.1350692069766456,0.5153571327718595,0.13113091700350427,0.41177141121246796,powerplay,,,,
2015,Gurkeerat Singh,Kings XI Punjab,6,6,100.0,1,0,16.67,3,50.0,0.028379848159339582,0.4179384511209981,0.3343799374730458,0.5025429950334451,0.2313811774408078,0.5120216716497715,powerplay,,,,
2023,AR Patel,Delhi Capitals,6,11,54.55,1,0,9.09,8,72.73,0.03918457001263533,0.2396266592314752,0.18831210678036436,0.6965064890761938,0.026949486954151697,0.3075899811631154,powerplay,,,,
2023,SV Samson,Rajasthan Royals,95,65,146.15,11,4,23.08,27,41.54,0.21822810205380594,0.5485652176679123,0.4161177657862413,0.45589984554365526,0.499348131417713,0.7799886256266767,powerplay,,,,
2022,SS Prabhudessai,Royal Challengers Bangalore,21,24,87.5,1,1,8.33,13,54.17,0.06000004764037051,0.36643472249173187,0.16222186304188377,0.5132116766543803,0.15025373473069595,0.4308942289396597,powerplay,SS Prabhudessai,2022.0,3731335.3524,4.02680864999316
2020,KD Karthik,Kolkata Knight Riders,25,35,71.43,4,0,11.43,19,54.29,0.06036719217885781,0.30993368523861453,0.25148804420850185,0.5414128135573953,0.15400637218900076,0.43464686639796446,powerplay,,,,
2013,DR Smith,Mumbai Indians,201,169,118.93,19,9,16.57,77,45.56,0.5334015221977514,0.5316303419591266,0.3691450658990735,0.43092111747998524,0.7293753331483519,1.0100158273573157,powerplay,,,,
2020,N Pooran,Kings XI Punjab,35,23,152.17,2,3,21.74,10,43.48,0.08380422010179132,0.6316466096354167,0.4424286385677002,0.43990286589390554,0.4499887084864349,0.7306292026953987,powerplay,,,,
2016,CA Lynn,Kolkata Knight Riders,15,12,125.0,0,1,8.33,4,33.33,0.05856659633444576,0.5279882356917641,0.19946652626946182,0.3472987545860792,0.29641770535887274,0.5770581995678364,powerplay,,,,
2014,AJ Finch,Sunrisers Hyderabad,118,109,108.26,15,2,15.6,47,43.12,0.31062762118755605,0.4744431390240694,0.35330564573259426,0.4048198649628971,0.5232652475528778,0.8039057417618416,powerplay,AJ Finch,2014.0,77480735.34799999,0.6753488402022308
2018,PA Patel,Royal Challengers Bangalore,116,68,170.59,16,4,29.41,23,33.82,0.2655628502588997,0.6318560823931821,0.5339478905001002,0.41214267681069583,0.6450120690855471,0.9256525632945107,powerplay,PA Patel,2018.0,25369884.770999998,2.5424320012003068
2016,Yuvraj Singh,Sunrisers Hyderabad,8,10,80.0,1,0,10.0,5,50.0,0.04302406373003335,0.36327092036949554,0.23275751887133847,0.499141446357298,0.17105316075368737,0.45169365496265107,powerplay,Yuvraj Singh,2016.0,114547047.99299999,0.14933004712975273
2013,G Gambhir,Kolkata Knight Riders,248,199,124.62,38,1,19.6,81,40.7,0.6513665717633925,0.5548147121045888,0.42813083046431677,0.38495367606311237,0.8756733843530172,1.1563138785619809,powerplay,,,,
2013,BJ Rohrer,Delhi Daredevils,1,1,100.0,0,0,0.0,0,0.0,0.03142258787587459,0.4544985094716748,0.046572749448221366,0.0,0.2733450622882367,0.5539855564972004,powerplay,,,,
2023,MK Lomror,Royal Challengers Bangalore,5,11,45.45,0,0,0.0,5,45.45,0.03717284493352106,0.20893516488899075,0.04029542054995537,0.4860624610041306,0.0065200593375529525,0.28716055354651665,powerplay,,,,
2025,S Dube,Chennai Super Kings,13,12,108.33,2,0,16.67,5,41.67,0.04172350128833696,0.3658196867294845,0.25738686365839,0.4727284135801601,0.1902942089676393,0.470934703176603,powerplay,,,,
2019,JC Buttler,Rajasthan Royals,158,116,136.21,23,5,24.14,56,48.28,0.352726970188913,0.5042914218210897,0.405903377121951,0.5164582312638872,0.5620463373873871,0.8426868315963507,powerplay,,,,
2021,N Pooran,Punjab Kings,1,3,33.33,0,0,0.0,2,66.67,0.027560478217981466,0.23024310237567241,0.07407441971066311,0.6179037504085794,-0.014867702490554024,0.2657727917184097,powerplay,,,,
2013,V Sehwag,Delhi Daredevils,192,152,126.32,28,3,20.39,66,43.42,0.510812470153267,0.5617415010759923,0.4435099571991492,0.4106803099425145,0.7658961144174726,1.0465366086264363,powerplay,,,,
2020,DA Warner,Sunrisers Hyderabad,256,183,139.89,31,6,20.22,66,36.07,0.6017625371986222,0.5827162812778154,0.41427832785712976,0.37032019131606475,0.8480973605386943,1.128737854747658,powerplay,,,,
2021,LS Livingstone,Rajasthan Royals,6,6,100.0,1,0,16.67,3,50.0,0.039078007380589384,0.44114850548344975,0.3588876140310912,0.4874112224693335,0.26711271821938737,0.5477532124283511,powerplay,LS Livingstone,2021.0,9945874.38225,2.685663501804252
2018,M Vohra,Royal Challengers Bangalore,38,29,131.03,2,2,13.79,10,34.48,0.0935565443112734,0.48808742784912235,0.2659624727177218,0.4175135324096437,0.31331800237366164,0.5939584965826253,powerplay,M Vohra,2018.0,16415807.793,1.9086359095119654
2023,JM Sharma,Punjab Kings,16,21,76.19,3,0,14.29,14,66.67,0.059301820803778105,0.3126117073162405,0.27298611870535083,0.6497582922244085,0.13166357605122808,0.4123040702601918,powerplay,,,,
2018,JC Archer,Rajasthan Royals,0,4,0.0,0,0,0.0,4,100.0,0.00975860038807082,0.01189918707793531,0.029373553945698887,0.9506930155051987,-0.2582333315265708,0.0224071626823929,powerplay,,,,
2018,M Vijay,Chennai Super Kings,11,7,157.14,0,1,14.29,2,28.57,0.03401589994478737,0.5829761935251941,0.2745407511358517,0.3694199618190648,0.3314181661838408,0.6120586603928044,powerplay,M Vijay,2018.0,29846923.259999998,1.110393065632993
2018,SW Billings,Chennai Super Kings,18,16,112.5,3,0,18.75,9,56.25,0.049452363299061525,0.42074584117820657,0.3510589946255705,0.5946703905749403,0.22951024163737715,0.5101507358463409,powerplay,SW Billings,2018.0,14923461.629999999,1.5379155810338434
2017,M Vohra,Kings XI Punjab,138,99,139.39,17,4,21.21,36,36.36,0.3354848117605005,0.5535634090540111,0.4115107413686599,0.40039822806650066,0.6102299191313527,0.8908704133403165,powerplay,,,,
2025,M Shahrukh Khan,Gujarat Titans,2,6,33.33,0,0,0.0,4,66.67,0.020127434121484926,0.15605119948877746,0.027648299799467854,0.6754432831556143,-0.09606370299534706,0.18457679121361664,powerplay,M Shahrukh Khan,2025.0,3148500.0000000005,-3.0510942669635392
2024,Mohammad Nabi,Mumbai Indians,22,15,146.67,2,1,20.0,4,26.67,0.05678310420880284,0.5059657568754163,0.3205930044170672,0.3325267111305564,0.34291820045326377,0.6235586946622275,powerplay,Mohammad Nabi,2024.0,16631951.25,2.061803785369223
2019,AM Rahane,Rajasthan Royals,205,139,147.48,27,5,23.02,49,35.25,0.45402825397882446,0.5392632228777364,0.3902582274057707,0.41043701862398735,0.6853393113673284,0.965979805576292,powerplay,,,,
2023,BA Stokes,Chennai Super Kings,2,3,66.67,0,0,0.0,1,33.33,0.031137669696178222,0.28050368246564134,0.04029542054995537,0.39256606730055993,0.0655250960470752,0.3461655902560389,powerplay,BA Stokes,2023.0,192251496.49875,0.0340830096204225
2023,Lalit Yadav,Delhi Capitals,4,6,66.67,0,0,0.0,3,50.0,0.03516111985440678,0.28050368246564134,0.04029542054995537,0.5211621797624842,0.030165022435080735,0.31080551664404443,powerplay,,,,
2013,S Badrinath,Chennai Super Kings,24,28,85.71,3,0,10.71,15,53.57,0.08915016532289045,0.39627273629440674,0.25506698657487353,0.5066822709263127,0.232231963086315,0.5128724572952787,powerplay,,,,
2018,CA Lynn,Kolkata Knight Riders,246,177,138.98,32,10,23.73,78,44.07,0.5522400268382769,0.5169792580722081,0.4364986476701444,0.4955536917943563,0.7480399344199836,1.0286804286289473,powerplay,CA Lynn,2018.0,143265231.648,0.5221364079862054
2015,KL Rahul,Sunrisers Hyderabad,14,24,58.33,1,0,4.17,14,58.33,0.0467320688280456,0.2694797880531269,0.10206932569226114,0.5655683177518172,0.04838625032497229,0.329026744533936,powerplay,,,,
2025,Dhruv Jurel,Rajasthan Royals,32,19,168.42,5,1,31.58,7,36.84,0.07902579912199051,0.533886198706739,0.4628698862820569,0.4335639007781824,0.40838601724443285,0.6890265114533966,powerplay,,,,
2017,KA Pollard,Mumbai Indians,19,22,86.36,1,1,9.09,10,45.45,0.05178196345385099,0.3597262974836636,0.18660360248926605,0.4742481009385294,0.16298591034352353,0.44362640455248725,powerplay,,,,
2015,AP Tare,Mumbai Indians,12,14,85.71,1,0,7.14,6,42.86,0.042144013660869103,0.3670271409400554,0.15726632705137553,0.4485212898462691,0.15344224161796127,0.43408273582692497,powerplay,,,,
2016,AM Rahane,Rising Pune Supergiants,179,149,120.13,23,3,17.45,59,39.6,0.422705931637822,0.5101621617891098,0.38127122838270444,0.40441055287075484,0.6434947131158031,0.9241352073247668,powerplay,,,,
2017,YK Pathan,Kolkata Knight Riders,31,19,163.16,4,1,26.32,6,31.58,0.0803906540393955,0.6404483447890132,0.5063354509126948,0.36156408149573094,0.5039184240880163,0.7845589182969801,powerplay,,,,
2025,MM Ali,Kolkata Knight Riders,5,6,83.33,0,0,0.0,1,16.67,0.02601727062153548,0.29589685764924883,0.027648299799467854,0.270013544004706,0.10019991703020152,0.38084041123916523,powerplay,MM Ali,2025.0,20990000.000000004,0.4773697809919081
2013,DT Christian,Royal Challengers Bangalore,1,3,33.33,0,0,0.0,2,66.67,0.03142258787587459,0.18284614434022178,0.046572749448221366,0.6305862796837272,-0.05165700418260796,0.22898349002635573,powerplay,DT Christian,2013.0,12313238.46188,-0.41952411091956476
2025,LS Livingstone,Royal Challengers Bengaluru,4,10,40.0,1,0,10.0,8,80.0,0.024053991788185312,0.17470661028738435,0.16546387499978105,0.7835308516132463,-0.054004013159832,0.2266364810491317,powerplay,LS Livingstone,2025.0,91831250.00000001,-0.058807882022548955
2019,C de Grandhomme,Royal Challengers Bangalore,0,1,0.0,0,0,0.0,1,100.0,0.012182228937721409,0.08161981384186394,0.06869452520356578,0.9372884014661607,-0.1997182940271345,0.08092220018182919,powerplay,,,,
2017,JC Buttler,Mumbai Indians,192,117,164.1,22,10,27.35,44,37.61,0.4642239193954507,0.643884265680511,0.5254488463785179,0.41055360112371037,0.8066071688898361,1.0872476630987997,powerplay,,,,
2019,BA Stokes,Rajasthan Royals,5,2,250.0,1,0,50.0,0,0.0,0.022958961255797095,0.8573917982395323,0.7671387089616131,0.12361831213461899,0.755189993516744,1.0358304877257076,powerplay,,,,
2013,A Mukund,Royal Challengers Bangalore,17,17,100.0,1,0,5.88,5,29.41,0.07158090262162475,0.4544985094716748,0.16104017375305,0.27816922882103523,0.2735312863756992,0.5541717805846629,powerplay,,,,
2018,R Ashwin,Kings XI Punjab,0,2,0.0,0,0,0.0,2,100.0,0.00975860038807082,0.01189918707793531,0.029373553945698887,0.9506930155051987,-0.2582333315265708,0.0224071626823929,powerplay,R Ashwin,2018.0,113418308.388,-0.22768222802544696
2022,VR Iyer,Kolkata Knight Riders,118,106,111.32,12,6,16.98,56,52.83,0.2980927081276709,0.44940680185483606,0.32038843247416987,0.5022064685160925,0.45669042148810346,0.7373309156970671,powerplay,,,,
2017,K Rabada,Delhi Daredevils,3,5,60.0,0,0,0.0,2,40.0,0.013637042673125021,0.26337430312208787,0.017923248329720705,0.4299706744090952,0.02167104512518972,0.30231153933415345,powerplay,K Rabada,2017.0,77990010.48,0.027786949882186652
2020,Ishan Kishan,Mumbai Indians,141,125,112.8,18,4,17.6,58,46.4,0.3322367160848866,0.47477470186353044,0.36575608176390967,0.46732275924981576,0.5275701328184892,0.8082106270274529,powerplay,,,,
2025,Shashank Singh,Punjab Kings,2,3,66.67,0,0,0.0,2,66.67,0.020127434121484926,0.2493002843501798,0.027648299799467854,0.6754432831556143,-0.049439160564645895,0.2312013336443178,powerplay,,,,
2020,MP Stoinis,Delhi Capitals,69,48,143.75,8,3,22.92,19,39.58,0.1634901150397653,0.5980966613641624,0.4642821692509063,0.4032804055897788,0.5177832771998676,0.7984237714088314,powerplay,MP Stoinis,2020.0,66689872.5744,0.7764046581768806
2025,R Parag,Rajasthan Royals,104,58,179.31,8,8,27.59,20,34.48,0.22038187512320387,0.5643445830540897,0.407881471777132,0.41442761709025944,0.5176961687982395,0.7983366630072033,powerplay,,,,
2014,KK Nair,Rajasthan Royals,154,112,137.5,19,4,20.54,49,43.75,0.40539537002443754,0.6025857344892808,0.4651857668812492,0.41069730031648716,0.7117335682658065,0.9923740624747701,powerplay,KK Nair,2014.0,14527637.87775,4.8991692541832395
2023,YBK Jaiswal,Rajasthan Royals,292,173,168.79,41,12,30.64,73,42.2,0.6145379426393184,0.624922957438665,0.5392207523541064,0.46099123331959224,0.9084438013942575,1.1890842956032213,powerplay,,,,
2023,WP Saha,Gujarat Titans,237,153,154.9,32,7,25.49,51,33.33,0.5038930632880332,0.5780762699203014,0.45536091362070624,0.39256606730055993,0.779295176529727,1.0599356707386907,powerplay,,,,
2017,RV Uthappa,Kolkata Knight Riders,124,93,133.33,16,3,20.43,33,35.48,0.3021080060773653,0.5314126850088234,0.39703651955959,0.39324884543422506,0.5680845275378521,0.8487250217468159,powerplay,,,,
2022,Q de Kock,Lucknow Super Giants,246,160,153.75,24,12,22.5,57,35.63,0.6122768374305004,0.5972029952795428,0.42132247447026455,0.36094558793508513,0.8697344047152653,1.150374898924229,powerplay,Q de Kock,2022.0,83955045.429,1.0359525151478735
2014,CA Lynn,Kolkata Knight Riders,32,25,128.0,3,2,20.0,12,48.0,0.08423799896611688,0.5609525382882032,0.4529559560674286,0.4503466657970545,0.41659284880822167,0.6972333430171853,powerplay,CA Lynn,2014.0,25181238.9881,1.6543778842855692
2020,D Padikkal,Royal Challengers Bangalore,267,197,135.53,36,3,19.8,67,34.01,0.627543267913849,0.565343623978211,0.406499952529209,0.3509760199759362,0.8623385989655479,1.1429790931745116,powerplay,,,,
2017,DA Miller,Kings XI Punjab,6,7,85.71,0,0,0.0,2,28.57,0.02078921531951115,0.3573503947395427,0.017923248329720705,0.33710994317397003,0.10223904842156359,0.38287954263052726,powerplay,,,,
2015,PA Patel,Mumbai Indians,223,157,142.04,33,2,22.29,58,36.94,0.5261838337979905,0.5677153216603141,0.43882678852968643,0.403730184144857,0.7811577274634511,1.0617982216724149,powerplay,,,,
2019,M Vijay,Chennai Super Kings,43,30,143.33,6,1,23.33,14,46.67,0.1048621268731723,0.5263854079367352,0.39458858134507063,0.5033581428256494,0.3736398242244924,0.654280318433456,powerplay,,,,
2016,STR Binny,Royal Challengers Bangalore,2,5,40.0,0,0,0.0,3,60.0,0.029701892926251295,0.21685552897192342,0.03341025778225664,0.5902288439405128,-0.0298447583531756,0.25079573585578807,powerplay,STR Binny,2016.0,32727727.998,-0.09119104862702176
2016,BB McCullum,Gujarat Lions,252,174,144.83,29,12,23.56,73,41.95,0.5847923430838371,0.6005736659771106,0.5030724049081334,0.42581609130281023,0.866758462273442,1.1473989564824056,powerplay,,,,
2013,KV Sharma,Sunrisers Hyderabad,10,14,71.43,1,0,7.14,9,64.29,0.05401163992035906,0.33808770893461754,0.18556890753265615,0.6080754750392504,0.11333653228151616,0.39397702649047983,powerplay,,,,
2015,SR Watson,Rajasthan Royals,161,144,111.81,20,4,16.67,74,51.39,0.3839541236155188,0.46001420852036357,0.3343799374730458,0.5130598255950942,0.5337234273369391,0.8143639215459029,powerplay,,,,
2014,Ankit Sharma,Rajasthan Royals,27,19,142.11,4,1,26.32,10,52.63,0.07107581162766113,0.6227887907510669,0.596090038184736,0.49354115101470797,0.48843321655638117,0.7690737107653449,powerplay,,,,
2025,Sameer Rizvi,Delhi Capitals,10,16,62.5,2,0,12.5,12,75.0,0.03583366478828643,0.23763715645959646,0.1999177687998594,0.7429878776981554,0.014552142710917482,0.2951926369198812,powerplay,Sameer Rizvi,2025.0,9970250.000000002,0.14595564515350648
2020,GJ Maxwell,Kings XI Punjab,6,10,60.0,0,0,0.0,5,50.0,0.015836839125284122,0.2643902281435508,0.03980511564151473,0.501128107222856,0.012438455243827556,0.2930789494527912,powerplay,,,,
2021,DT Christian,Royal Challengers Bangalore,1,4,25.0,0,0,0.0,3,75.0,0.027560478217981466,0.20389178982298328,0.07407441971066311,0.6831108744478064,-0.0476054959786667,0.233034998230297,powerplay,DT Christian,2021.0,63653596.0464,-0.07478838421628982
2016,KA Pollard,Mumbai Indians,3,13,23.08,0,0,0.0,9,69.23,0.031922254726881635,0.15492181841075042,0.03341025778225664,0.6743025119098198,-0.08425742458404993,0.19638306962491375,powerplay,,,,
2020,S Dhawan,Delhi Capitals,258,180,143.33,33,6,21.67,61,33.89,0.6064499427832087,0.5964231485050263,0.4411322426797134,0.3498491750435016,0.8769262851719006,1.1575667793808644,powerplay,,,,
2016,DR Smith,Gujarat Lions,155,103,150.49,17,7,23.3,41,39.81,0.3694172484226938,0.621291443859867,0.4978893761198173,0.4063233882200023,0.7083327234560056,0.9889732176649693,powerplay,DR Smith,2016.0,37636887.1977,1.8820172872832373
2013,PC Valthaty,Kings XI Punjab,4,12,33.33,0,0,0.0,8,66.67,0.038952271890702765,0.18284614434022178,0.046572749448221366,0.6305862796837272,-0.04563325697074541,0.2350072372382183,powerplay,,,,
2023,PBB Rajapaksa,Punjab Kings,36,27,133.33,3,2,18.52,11,40.74,0.09953632238606362,0.5053273102535553,0.34186517071356093,0.44972846642130737,0.3512134999303387,0.6318539941393024,powerplay,,,,
2025,MP Stoinis,Punjab Kings,15,19,78.95,1,1,10.53,12,63.16,0.04565005895503735,0.2836463779943916,0.17276810048539765,0.6469821154672204,0.06199424673948847,0.34263474094845214,powerplay,MP Stoinis,2025.0,115445000.00000001,0.05370024404650566
2019,E Lewis,Mumbai Indians,29,32,90.63,3,1,12.5,18,56.25,0.07468727638256038,0.36285267362570667,0.2433055711430776,0.5813077373836111,0.17627134371820327,0.45691183792716694,powerplay,,,,
2022,Anuj Rawat,Royal Challengers Bangalore,83,73,113.7,7,4,15.07,34,46.58,0.2121829852714285,0.4576970432017794,0.28546379113131826,0.45087620667706363,0.39179075382400663,0.6724312480329704,powerplay,Anuj Rawat,2022.0,42288467.3272,0.9264718694877038
2023,LS Livingstone,Punjab Kings,32,33,96.97,5,0,15.15,18,54.55,0.09148942206960652,0.38269624055105667,0.28698989760063703,0.5562618985208378,0.22680654229524888,0.5074470365042125,powerplay,,,,
2025,RK Singh,Kolkata Knight Riders,4,6,66.67,0,0,0.0,3,50.0,0.024053991788185312,0.2493002843501798,0.027648299799467854,0.5402730081227014,-0.0057468319214117325,0.27489366228755197,powerplay,,,,
2022,TL Seifert,Delhi Capitals,12,12,100.0,2,0,16.67,8,66.67,0.03790897604876532,0.4099759060366018,0.31472003518815733,0.615872200332438,0.19217748959225256,0.47281798380121626,powerplay,TL Seifert,2022.0,6218892.254000001,3.0902206010828333
2020,AB de Villiers,Royal Challengers Bangalore,45,41,109.76,5,1,14.63,17,41.46,0.10724124802472486,0.4626616564069255,0.3107518562307555,0.4209343095312553,0.3306818690677061,0.6113223632766698,powerplay,,,,
2016,Sachin Baby,Royal Challengers Bangalore,0,3,0.0,0,0,0.0,3,100.0,0.02526116932499061,0.07044013757435136,0.03341025778225664,0.9545784342733715,-0.2159099100328278,0.06473058417613589,powerplay,Sachin Baby,2016.0,1636386.3998999998,-13.19431095528673
2025,Urvil Patel,Chennai Super Kings,44,22,200.0,3,4,31.82,9,40.91,0.10258514512219272,0.6222127164008928,0.46617746008686445,0.4665658815450663,0.4629845668737697,0.7436250610827334,powerplay,,,,
2014,Mandeep Singh,Kings XI Punjab,24,24,100.0,2,0,8.33,11,45.83,0.06317849922458767,0.43824417053765874,0.188656155702084,0.4301021662458001,0.22552950484069734,0.5061699990496611,powerplay,Mandeep Singh,2014.0,15496147.0696,1.4553908389469028
2021,AR Patel,Delhi Capitals,6,5,120.0,1,0,20.0,2,40.0,0.039078007380589384,0.5044169629929075,0.4157819113968395,0.40913136167794434,0.3478333390261198,0.6284738332350834,powerplay,,,,
2023,DJ Hooda,Lucknow Super Giants,28,36,77.78,1,1,5.56,17,47.22,0.08344252175314941,0.31797428709696035,0.13083147945436394,0.4997166373123253,0.13470033551176594,0.4153408297207296,powerplay,,,,
2022,SN Khan,Delhi Capitals,38,23,165.22,5,2,30.43,11,47.83,0.10172762731340255,0.6371563853003155,0.5663237340769731,0.46114225904486944,0.5164632971220569,0.7971037913310206,powerplay,SN Khan,2022.0,2487556.9016,20.761868674837828
2022,SN Khan,Delhi Capitals,38,23,165.22,5,2,30.43,11,47.83,0.10172762731340255,0.6371563853003155,0.5663237340769731,0.46114225904486944,0.5164632971220569,0.7971037913310206,powerplay,SN Khan,2022.0,111940060.572,0.46137485944084067
2023,Shubman Gill,Gujarat Titans,389,253,153.75,57,6,24.9,85,33.6,0.8096752753134032,0.5741976744814159,0.44575366995998655,0.39464890775435235,1.0170335366471188,1.2976740308560826,powerplay,,,,
2022,RM Patidar,Royal Challengers Bangalore,112,92,121.74,14,3,18.48,41,44.57,0.28336532706660084,0.4857027324578397,0.3478161612774564,0.434368394469632,0.4957503821161663,0.7763908763251299,powerplay,,,,
2013,CL White,Sunrisers Hyderabad,42,49,85.71,5,0,10.2,23,46.94,0.13432826941185935,0.39627273629440674,0.24513868956884244,0.44397360084527004,0.282719313729089,0.5633598079380526,powerplay,,,,
2022,RD Gaikwad,Chennai Super Kings,179,142,126.06,19,7,18.31,61,42.96,0.4478210822485506,0.5007505654909468,0.34470768534641727,0.42114571901989817,0.6374068912442322,0.9180473854531959,powerplay,,,,
2024,WP Saha,Gujarat Titans,107,79,135.44,14,3,21.52,28,35.44,0.23013108871431362,0.46990661120218674,0.34384381799802893,0.41235407703929483,0.4500816715598688,0.7307221657688325,powerplay,,,,
2025,BKG Mendis,Gujarat Titans,18,8,225.0,1,2,37.5,3,37.5,0.05153989545508791,0.6921355454811284,0.5444567068006424,0.43891557333497433,0.5006305351644312,0.7812710293733949,powerplay,,,,
2025,Naman Dhir,Mumbai Indians,40,19,210.53,3,3,31.58,3,15.79,0.09473202978879199,0.6516642120094882,0.4628698862820569,0.26287798059565,0.5310457844840083,0.8116862786929719,powerplay,Naman Dhir,2025.0,55098750.00000001,0.963807317741343
2014,BB McCullum,Chennai Super Kings,205,161,127.33,20,9,18.01,68,42.24,0.5396496808766863,0.5580163023456008,0.4078868384387195,0.3966101139928032,0.7752939389737322,1.0559344331826959,powerplay,,,,
2025,MA Agarwal,Royal Challengers Bengaluru,32,27,118.52,3,1,14.81,12,44.44,0.07902579912199051,0.39432023186258863,0.23175316667113174,0.4951892211291204,0.21611291389215986,0.49675340810112356,powerplay,,,,
2024,Tanush Kotian,Rajasthan Royals,14,20,70.0,2,0,10.0,12,60.0,0.04046799978475476,0.2597810107697604,0.1676271255949501,0.6359071108726605,0.046924978468613376,0.3275654726775771,powerplay,,,,
2021,DJ Malan,Punjab Kings,3,4,75.0,0,0,0.0,1,25.0,0.03216748988302462,0.3620629335966276,0.07407441971066311,0.2917115704908606,0.15258547642727371,0.4332259706362374,powerplay,DJ Malan,2021.0,19891748.7645,0.7670792459413465
2019,CA Lynn,Kolkata Knight Riders,244,163,149.69,27,14,25.15,72,44.17,0.5380867660598148,0.5461210472198118,0.42001194963386357,0.4830163905923609,0.7476303966152881,1.0282708908242517,powerplay,,,,
2015,YK Pathan,Kolkata Knight Riders,27,20,135.0,3,1,20.0,8,40.0,0.07655442741469289,0.5426337524739017,0.3962674844514467,0.4268823435107896,0.3828160831186193,0.663456577327583,powerplay,,,,
2013,DPMD Jayawardene,Delhi Daredevils,136,129,105.43,20,2,17.05,69,53.49,0.3702583685431414,0.4766234883626872,0.3784893454341615,0.5059256052239773,0.5530609628940364,0.8337014571030001,powerplay,,,,
2016,GJ Bailey,Rising Pune Supergiants,42,56,75.0,7,0,12.5,34,60.71,0.11851636495146502,0.34496899644479906,0.28259433414360896,0.5966960491689209,0.21545622579751936,0.4960967200064831,powerplay,,,,
2024,KL Rahul,Lucknow Super Giants,277,207,133.82,24,13,17.87,74,35.75,0.5768270577253352,0.4647048466438045,0.28801127222795625,0.41517579692888534,0.6988664029260852,0.9795068971350489,powerplay,,,,
2021,Shubman Gill,Kolkata Knight Riders,253,204,124.02,28,6,16.67,80,39.22,0.6080439480134204,0.5171339229523085,0.3588876140310912,0.403025532536216,0.7855938864400168,1.0662343806489805,powerplay,,,,
2020,MM Ali,Royal Challengers Bangalore,5,5,100.0,1,0,20.0,3,60.0,0.013493136332990787,0.4237724052041414,0.41020394078059985,0.5950318515924118,0.2287629295420097,0.5094034237509734,powerplay,,,,
2020,Gurkeerat Singh,Royal Challengers Bangalore,0,4,0.0,0,0,0.0,4,100.0,0.00177462237152402,0.02531696255266476,0.03980511564151473,0.9706468290706348,-0.2592035675089572,0.02143692670000652,powerplay,,,,
2020,R Tewatia,Rajasthan Royals,4,8,50.0,0,0,0.0,4,50.0,0.01114943354069743,0.22454468387840307,0.03980511564151473,0.501128107222856,-0.01123424135641568,0.26940625285254804,powerplay,,,,
2025,AK Markram,Lucknow Super Giants,249,149,167.11,25,13,25.5,47,31.54,0.5050573059589808,0.5302222424629348,0.3790780165602666,0.39058834842818607,0.7225655689223162,1.0032060631312798,powerplay,AK Markram,2025.0,20990000.000000004,3.442427674713273
2023,SP Narine,Kolkata Knight Riders,0,1,0.0,0,0,0.0,1,100.0,0.02711421953794969,0.05564632776086771,0.04029542054995537,0.9068733749092278,-0.2044145337144948,0.07622596049446889,powerplay,,,,
2023,PD Salt,Delhi Capitals,120,71,169.01,15,5,28.17,24,33.8,0.26852122903166287,0.6256649496095822,0.49900059668973773,0.3961917525349393,0.6333422007800216,0.9139826949889853,powerplay,PD Salt,2023.0,23661722.645999998,2.676652965024454
2021,Q de Kock,Mumbai Indians,165,125,132.0,16,7,18.4,46,36.8,0.4053354347515211,0.5423780374985822,0.3884453120619454,0.3840818062246998,0.6550332151109736,0.9356737093199372,powerplay,,,,
2015,JP Duminy,Delhi Daredevils,128,116,110.34,11,5,13.79,49,42.24,0.3082512133571064,0.4547770058635416,0.2808555725187529,0.44383032945186446,0.4672253824153354,0.7478658766242992,powerplay,,,,
2019,SM Curran,Kings XI Punjab,20,10,200.0,3,1,40.0,5,50.0,0.055289158210024135,0.7022374013599986,0.6274498722100036,0.5304533568003897,0.5185664627024034,0.7992069569113671,powerplay,SM Curran,2019.0,103986183.81600001,0.49868784839723407
2018,KL Rahul,Kings XI Punjab,316,198,159.6,37,15,26.26,72,36.36,0.7066046603810187,0.5919163070281868,0.4799047364658818,0.4328123332066468,0.9473553132665611,1.2279958074755248,powerplay,KL Rahul,2018.0,164158077.92999998,0.5770994185680773
2024,Shahbaz Ahmed,Sunrisers Hyderabad,6,6,100.0,0,0,0.0,1,16.67,0.02415289536070668,0.3561099840731343,0.01466124677283308,0.24150348888570058,0.13152382270719723,0.41216431691616096,powerplay,,,,
2016,NV Ojha,Sunrisers Hyderabad,8,12,66.67,1,0,8.33,7,58.33,0.04302406373003335,0.3144779911862546,0.19946652626946182,0.5750172485441158,0.10891300883517704,0.3895535030441407,powerplay,,,,
2023,C Green,Mumbai Indians,199,119,167.23,23,8,26.05,36,30.25,0.4274475102816907,0.6196615584085248,0.464479653366474,0.3688062576795205,0.7501627541406722,1.0308032483496359,powerplay,,,,
2022,M Vohra,Lucknow Super Giants,19,11,172.73,1,2,27.27,4,36.36,0.0550909206200138,0.6633159283740734,0.5085426520647159,0.3669409625178837,0.4944926053568048,0.7751330995657685,powerplay,M Vohra,2022.0,2487556.9016,19.87864498853258
2013,AP Tare,Mumbai Indians,75,51,147.06,9,4,25.49,25,49.02,0.21715479357496903,0.6462483265271148,0.5427929272594597,0.4636469091059894,0.6020107426584926,0.8826512368674564,powerplay,,,,
2024,SP Narine,Kolkata Knight Riders,286,162,176.54,32,18,30.86,61,37.65,0.5951815502023893,0.6018773046278089,0.4867139488178862,0.43247020915540796,0.8663641066972423,1.147004600906206,powerplay,,,,
2021,SS Iyer,Delhi Capitals,28,47,59.57,1,0,2.13,25,53.19,0.0897551356960642,0.313251318628081,0.11046626757524093,0.5123824980617867,0.12442483886121428,0.405065333070178,powerplay,,,,
2015,RS Bopara,Sunrisers Hyderabad,2,2,100.0,0,0,0.0,0,0.0,0.019203737824986564,0.4179384511209981,0.024570505602191428,0.12423973742016742,0.1981170221154242,0.4787575163243879,powerplay,RS Bopara,2015.0,17455333.726999998,1.1349941812282616
2023,F du Plessis,Royal Challengers Bangalore,376,218,172.48,39,19,26.61,61,27.98,0.7835228492849177,0.6373681897599581,0.4735983931122418,0.35129496941985844,1.0532331603824645,1.3338736545914283,powerplay,,,,
2024,MA Agarwal,Sunrisers Hyderabad,55,43,127.91,7,1,18.6,18,41.86,0.12408290995800114,0.4457280389030398,0.2991777813819708,0.47079098572049216,0.31552305332366004,0.5961635475326237,powerplay,,,,
2017,CJ Anderson,Delhi Daredevils,12,15,80.0,2,0,13.33,9,60.0,0.03509356061228338,0.33647900294118926,0.2652839877077999,0.5924566433244499,0.1379551514315963,0.41859564564056,powerplay,CJ Anderson,2017.0,15598002.096,0.8844411648526059
2023,JC Buttler,Rajasthan Royals,200,142,140.85,25,7,22.54,58,40.85,0.429459235360805,0.5306899517321797,0.4073246953171082,0.4505770310506302,0.6570353677322434,0.9376758619412071,powerplay,,,,
2022,KS Williamson,Sunrisers Hyderabad,114,128,89.06,12,3,11.72,64,50.0,0.2882744540869575,0.3718686621981316,0.22420853013731148,0.47896412595538024,0.3737584951438078,0.6543989893527715,powerplay,,,,
2017,SV Samson,Delhi Daredevils,192,129,148.84,20,8,21.71,44,34.11,0.4642239193954507,0.5881053797185366,0.4207890886821662,0.3821185565635233,0.7401513483135467,1.0207918425225104,powerplay,,,,
2016,CH Gayle,Royal Challengers Bangalore,150,92,163.04,14,12,28.26,43,46.74,0.3583154394195421,0.6672292729108552,0.596765617620002,0.4694469547451701,0.7479774294965112,1.028617923705475,powerplay,,,,
2021,Ishan Kishan,Mumbai Indians,98,60,163.33,14,2,26.67,20,33.33,0.251000543972575,0.6414880761871476,0.5297413598741794,0.3569186945300878,0.6528524768559884,0.933492971064952,powerplay,,,,
2021,AK Markram,Punjab Kings,9,11,81.82,1,0,9.09,6,54.55,0.04598852487815412,0.3836374776073527,0.2293804746820303,0.5230285591294156,0.17492220457428864,0.45556269878325234,powerplay,,,,
2025,PD Salt,Royal Challengers Bengaluru,282,143,197.2,35,15,34.97,44,30.77,0.5698455074595369,0.6143813595439064,0.5095893662749631,0.38434473044526213,0.8770788814297374,1.1577193756387012,powerplay,PD Salt,2025.0,120692500.00000001,0.726705372272293
2016,G Gambhir,Kolkata Knight Riders,235,196,119.9,29,2,15.82,64,32.65,0.5470461924731213,0.5093202732885737,0.3487776248251841,0.3411048115504206,0.7469155783289905,1.0275560725379542,powerplay,,,,
2013,TL Suman,Pune Warriors,48,53,90.57,8,0,15.09,30,56.6,0.14938763744151565,0.416075203589125,0.340333537332552,0.5353409844022643,0.32009550822674415,0.6007360024357078,powerplay,,,,
2019,RG Sharma,Mumbai Indians,237,180,131.67,31,6,20.56,73,40.56,0.5229993408145088,0.49020340258442785,0.3558947735648748,0.4536429003674922,0.6875609519377671,0.9682014461467308,powerplay,,,,
2025,A Raghuvanshi,Kolkata Knight Riders,87,53,164.15,11,3,26.42,17,32.08,0.1870061349562507,0.5219433794998348,0.39175704947869533,0.39496698961101584,0.46837717309702603,0.7490176673059897,powerplay,A Raghuvanshi,2025.0,31485000.000000004,1.4876200511260156
2013,AB de Villiers,Royal Challengers Bangalore,19,15,126.67,2,1,20.0,6,40.0,0.07660069196484352,0.5631676046877518,0.4359177300768902,0.37833285116767795,0.42552747910004796,0.7061679733090116,powerplay,,,,
2025,SB Dubey,Rajasthan Royals,15,8,187.5,2,1,37.5,4,50.0,0.04565005895503735,0.5872513018607749,0.5444567068006424,0.5402730081227014,0.413069313717896,0.6937098079268598,powerplay,SB Dubey,2025.0,8396000.0,4.919834608359886
2025,MJ Owen,Punjab Kings,0,2,0.0,0,0,0.0,2,100.0,0.01620087645478456,0.0628300837590072,0.027648299799467854,0.9457027472736097,-0.2268933462289911,0.0537471479799726,powerplay,,,,
2014,SV Samson,Rajasthan Royals,144,120,120.0,14,8,18.33,60,50.0,0.37907099534752603,0.5258930046451905,0.41513413373579827,0.46900519072908625,0.6123121015629993,0.8929525957719631,powerplay,,,,
2023,Shahbaz Ahmed,Royal Challengers Bangalore,3,7,42.86,0,0,0.0,4,57.14,0.03314939477529251,0.20019989342228361,0.04029542054995537,0.5762417384294392,-0.028120119749975997,0.2525203744589877,powerplay,,,,
2019,S Dhawan,Delhi Capitals,330,222,148.65,41,10,22.97,75,33.78,0.7234465619307165,0.5428938357647176,0.3895597832220127,0.3984760683108137,0.9059632493835936,1.1866037435925574,powerplay,,,,
2023,KH Pandya,Lucknow Super Giants,36,37,97.3,5,0,13.51,21,56.76,0.09953632238606362,0.38380922880743257,0.2602850169166029,0.573310333346324,0.2166688299211413,0.497309324130105,powerplay,,,,
2015,LMP Simmons,Mumbai Indians,247,207,119.32,29,9,18.36,100,48.31,0.5812404958041085,0.48677025746780084,0.36578833218580775,0.48975634492611636,0.7260553713829658,1.0066958655919296,powerplay,,,,
2023,Rahmanullah Gurbaz,Kolkata Knight Riders,125,87,143.68,11,9,22.99,40,45.98,0.27857985442723426,0.5402346692035237,0.4146522540413858,0.49015099967268605,0.5325294325603671,0.8131699267693309,powerplay,,,,
2021,VR Iyer,Kolkata Knight Riders,204,164,124.39,21,7,17.07,67,40.85,0.4951721622198628,0.5183043894162335,0.3657217638648147,0.4157851498452124,0.6951291732696099,0.9757696674785736,powerplay,VR Iyer,2021.0,2652233.1686,26.209202927529134
2015,SPD Smith,Rajasthan Royals,78,61,127.87,10,0,16.39,17,27.87,0.19354983417769378,0.5172315382268673,0.32917617976915614,0.3351059732138084,0.4610531253875664,0.74169361959653,powerplay,,,,
2014,WP Saha,Kings XI Punjab,110,86,127.91,13,4,19.77,39,45.35,0.28956812144602684,0.5605581185347193,0.4477469625726532,0.42562412026211255,0.5857324535032413,0.8663729477122051,powerplay,WP Saha,2014.0,42614404.4414,1.3744940500311222
2018,SK Raina,Chennai Super Kings,168,127,132.28,25,2,21.26,52,40.94,0.3802337208906506,0.49263016845023644,0.39412195228458263,0.4700828159993458,0.5868320946658973,0.8674725888748609,powerplay,,,,
2023,JJ Roy,Kolkata Knight Riders,162,102,158.82,24,6,29.41,44,43.14,0.35301368235446245,0.5912972213293716,0.5191920918410806,0.46824260378835103,0.6712232167402368,0.9518637109492005,powerplay,,,,
2024,Abishek Porel,Delhi Capitals,165,106,155.66,19,8,25.47,47,44.34,0.34841559578866216,0.5348323392086607,0.40426534013276516,0.49336474483721643,0.5800586258438394,0.8606991200528031,powerplay,,,,
2014,DR Smith,Chennai Super Kings,290,217,133.64,26,18,20.28,89,41.01,0.7634068656304344,0.5856695095065271,0.45929733945237255,0.38513512115960374,0.9947035136632975,1.275344007872261,powerplay,DR Smith,2014.0,87165827.2665,1.1411622477029904
2024,H Klaasen,Sunrisers Hyderabad,17,12,141.67,1,1,16.67,4,33.33,0.04658616394377278,0.48991092799152064,0.2696553667693022,0.3931481771456302,0.2856248570532755,0.5662653512622392,powerplay,,,,
2013,AD Mathews,Pune Warriors,2,4,50.0,0,0,0.0,2,50.0,0.03393248254748399,0.2507694220774548,0.046572749448221366,0.47291606395959745,0.031613615140534956,0.31225410934949865,powerplay,,,,
2016,C Munro,Kolkata Knight Riders,26,25,104.0,3,0,12.0,9,36.0,0.08299057614137953,0.4511201552080387,0.27262697108915485,0.3716190897407975,0.3031489485850034,0.5837894427939672,powerplay,,,,
2019,MK Lomror,Rajasthan Royals,8,3,266.67,2,0,66.67,1,33.33,0.029425000646642514,0.9091202741591687,0.9999999998265462,0.3948145529088218,0.8096557716461977,1.0902962658551614,powerplay,,,,
2016,KS Williamson,Sunrisers Hyderabad,14,27,51.85,1,0,3.7,18,66.67,0.05634623453381542,0.2602310886734542,0.10716874438521694,0.6509841381285171,0.028123225498571935,0.30876371970753563,powerplay,,,,
2020,N Rana,Kolkata Knight Riders,129,120,107.5,17,4,17.5,62,51.67,0.3041122825773664,0.4536565634030022,0.36390408763821414,0.5168100325325717,0.4788319374408192,0.759472431649783,powerplay,,,,
2024,N Rana,Kolkata Knight Riders,15,17,88.24,2,0,11.76,7,41.18,0.042507387837760764,0.31834902653821173,0.19454912026764273,0.464601406607842,0.14134710567740114,0.4219875998863648,powerplay,,,,
2018,Mandeep Singh,Royal Challengers Bangalore,7,6,116.67,1,0,16.67,1,16.67,0.025195063742344977,0.4359004238235233,0.3153733564061501,0.27258180783803454,0.2982497309369948,0.5788902251459584,powerplay,Mandeep Singh,2018.0,20892846.281999998,1.4275208217750044
2018,Mandeep Singh,Royal Challengers Bangalore,7,6,116.67,1,0,16.67,1,16.67,0.025195063742344977,0.4359004238235233,0.3153733564061501,0.27258180783803454,0.2982497309369948,0.5788902251459584,powerplay,Mandeep Singh,2018.0,2984692.326,9.99264575242503
2016,KK Nair,Delhi Daredevils,143,123,116.26,22,1,18.7,58,47.15,0.3427729068151297,0.49599647267139463,0.4061896360188397,0.4731815380460818,0.5630474365824544,0.843687930791418,powerplay,KK Nair,2016.0,65455455.996,0.8601993951686202
2025,V Shankar,Chennai Super Kings,32,23,139.13,3,1,17.39,8,34.78,0.07902579912199051,0.45196461215633493,0.2673095850728125,0.41686019552516496,0.28443420000097597,0.5650746942099396,powerplay,V Shankar,2025.0,12594000.000000002,2.258489757034905
2013,PA Reddy,Sunrisers Hyderabad,52,50,104.0,5,0,10.0,17,34.0,0.15942721612795321,0.4707968364632125,0.24124523976255577,0.32158292349252626,0.37502567197936104,0.6556661661883247,powerplay,,,,
2025,SM Curran,Chennai Super Kings,28,29,96.55,3,0,10.34,11,37.93,0.07117268378858975,0.3328720496668775,0.1701496045565917,0.4424022690916722,0.16722081318727516,0.44786130739623886,powerplay,SM Curran,2025.0,25188000.000000004,0.6638907939783831
2020,HH Pandya,Mumbai Indians,1,1,100.0,0,0,0.0,0,0.0,0.004118325163817378,0.4237724052041414,0.03980511564151473,0.03160938537507706,0.2236103491592831,0.5042508433682468,powerplay,,,,
2013,UA Birla,Pune Warriors,7,13,53.85,1,0,7.69,9,69.23,0.04648195590553091,0.2664565618068097,0.19627589449994454,0.6547995821584587,0.06229812350526703,0.34293861771423073,powerplay,,,,
2023,PK Garg,Delhi Capitals,7,10,70.0,0,0,0.0,5,50.0,0.04119629509174962,0.2917347457799791,0.04029542054995537,0.5211621797624842,0.04060869428212388,0.3212491884910876,powerplay,,,,
2015,CM Gautam,Delhi Daredevils,4,5,80.0,0,0,0.0,2,40.0,0.023791792992163063,0.3466839932050532,0.024570505602191428,0.4268823435107896,0.07536745546400633,0.35600794967297,powerplay,CM Gautam,2015.0,3491066.7454,2.1588660704729916
2019,Gurkeerat Singh,Royal Challengers Bangalore,15,12,125.0,2,0,16.67,4,33.33,0.04451242589194847,0.4695058060406981,0.3015558160684988,0.3948145529088218,0.28761859509208576,0.5682590893010495,powerplay,,,,
2024,Tilak Varma,Mumbai Indians,63,62,101.61,3,3,9.68,26,41.94,0.1403980143820492,0.36127963897374876,0.16273221747264235,0.4715191714984511,0.22473197740566747,0.5053724716146312,powerplay,,,,
2017,SR Watson,Royal Challengers Bangalore,13,16,81.25,2,0,12.5,8,50.0,0.037477618161078766,0.34104804667988314,0.24988193116737933,0.5112136588667725,0.15958888923409356,0.4402293834430573,powerplay,,,,
2020,KL Rahul,Kings XI Punjab,301,228,132.02,32,8,17.54,82,35.96,0.7072291628518229,0.5513578379411442,0.36464488528849237,0.3692872501279996,0.8947662725934522,1.175406766802416,powerplay,,,,
2024,J Fraser-McGurk,Delhi Capitals,244,86,283.72,25,22,54.65,26,30.23,0.5095272519761368,0.9460286165829961,0.8506197745357026,0.3649309782497249,1.153935714938556,1.4345762091475198,powerplay,,,,
2013,DJ Hussey,Kings XI Punjab,79,56,141.07,10,2,21.43,22,39.29,0.2271943722614066,0.6218415818572872,0.46375589619184,0.37161744305945166,0.5898812091062614,0.870521703315225,powerplay,,,,
2025,JC Buttler,Gujarat Titans,108,79,136.71,10,5,18.99,33,41.77,0.22823499045660461,0.4451960823013681,0.2893600771048626,0.47353927305846194,0.39333628629561723,0.6739767805045809,powerplay,JC Buttler,2025.0,165296250.00000003,0.2379583845947002
2023,AM Rahane,Chennai Super Kings,141,74,190.54,13,7,27.03,13,17.57,0.31076745569306263,0.6982790016088889,0.4804374479215676,0.27098989859030637,0.7326533473465081,1.0132938415554718,powerplay,AM Rahane,2023.0,5915430.661499999,12.38546082730562
2025,Atharva Taide,Sunrisers Hyderabad,8,4,200.0,2,0,50.0,2,50.0,0.031907107121586044,0.6222127164008928,0.7167261758010338,0.5402730081227014,0.49707692057137,0.7777174147803336,powerplay,Atharva Taide,2025.0,3148500.0000000005,15.787737670997933
2022,JM Sharma,Punjab Kings,14,10,140.0,2,0,20.0,3,30.0,0.04281810306912203,0.5493076933801858,0.3756095931314536,0.314707288070488,0.38352045963339826,0.664160953842362,powerplay,JM Sharma,2022.0,2487556.9016,15.417555248152008
2025,D Padikkal,Royal Challengers Bengaluru,91,55,165.45,7,7,25.45,22,40.0,0.19485925028965145,0.525579366612007,0.37838893868426493,0.45918706029251977,0.45119598785788806,0.7318364820668517,powerplay,D Padikkal,2025.0,20990000.000000004,2.1495759307188567
2014,RG Sharma,Mumbai Indians,37,40,92.5,3,2,12.5,22,55.0,0.09740018630457264,0.4053758577473343,0.28309747254214285,0.5156515030591655,0.25330648964353997,0.5339469838525037,powerplay,RG Sharma,2014.0,36803349.2903,0.6882702105329913
2025,RM Patidar,Royal Challengers Bengaluru,46,42,109.52,4,1,11.9,14,33.33,0.1065117027888931,0.3691480133937038,0.19164883428784057,0.4051027330897886,0.23449452443055807,0.5151350186395218,powerplay,,,,
2018,CH Morris,Delhi Daredevils,17,7,242.86,2,1,42.86,1,14.29,0.047247154248450926,0.8944991729871964,0.7647035799477947,0.2532141770418284,0.7531996677563181,1.0338401619652817,powerplay,,,,
2016,F du Plessis,Rising Pune Supergiants,106,75,141.33,10,7,22.67,31,41.33,0.260619520191807,0.5877623192298229,0.4853304986712052,0.4201686726526509,0.5947248983746041,0.8753653925835678,powerplay,,,,
2014,AM Nayar,Rajasthan Royals,22,21,104.76,2,1,14.29,14,66.67,0.057913624289205365,0.4591045930552513,0.32363703061017773,0.6245239960375706,0.23416266092229882,0.5148031551312625,powerplay,AM Nayar,2014.0,19370183.836999997,1.2088819749609838
2018,H Klaasen,Rajasthan Royals,6,5,120.0,1,0,20.0,3,60.0,0.022989854691734403,0.4480022847848913,0.3725046906708953,0.6251866155689625,0.22246415227704736,0.503104646486011,powerplay,,,,
2025,KK Nair,Delhi Capitals,104,60,173.33,12,6,30.0,24,40.0,0.22038187512320387,0.5476190423380974,0.4410950254004075,0.45918706029251977,0.5108516646100393,0.7914921588190029,powerplay,KK Nair,2025.0,5247500.000000001,9.73514368003886
2015,GJ Maxwell,Kings XI Punjab,57,55,103.64,6,2,14.55,29,52.73,0.1453752549223405,0.43090676246170007,0.29498005771502467,0.5231983528991301,0.30753510527074446,0.5881755994797082,powerplay,,,,
2014,MA Agarwal,Delhi Daredevils,71,62,114.52,8,1,14.52,28,45.16,0.18690306020607186,0.5018772240997268,0.32884602410495317,0.42385156039356947,0.421286302943879,0.7019267971528427,powerplay,MA Agarwal,2014.0,30992294.1392,1.3593259700353166
2024,T Kohler-Cadmore,Rajasthan Royals,42,48,87.5,6,1,14.58,29,60.42,0.09757086526892302,0.3159729118633952,0.2376854980954797,0.6397300862069444,0.1510825964277186,0.4317230906366823,powerplay,T Kohler-Cadmore,2024.0,4435187.0,3.4064538074204895
2018,K Gowtham,Rajasthan Royals,8,6,133.33,0,1,16.67,3,50.0,0.027400272792955573,0.49644607055517237,0.3153733564061501,0.5438100155849034,0.24891825921924718,0.5295587534282109,powerplay,K Gowtham,2018.0,92525462.10599999,0.2690267668526517
2019,Q de Kock,Mumbai Indians,304,218,139.45,27,17,20.18,87,39.91,0.667407553876723,0.5143454267388833,0.35058659776831363,0.4483540447868372,0.81435651203051,1.0949970062394736,powerplay,,,,
2024,Shashank Singh,Punjab Kings,48,35,137.14,6,1,20.0,12,34.29,0.10980719358695909,0.47536525302271115,0.3205930044170672,0.40188640648113644,0.34922931142426217,0.6298698056332259,powerplay,,,,
2014,KL Rahul,Sunrisers Hyderabad,64,56,114.29,6,1,12.5,20,35.71,0.16847599793223378,0.5008692625074902,0.28309747254214285,0.33569003008971965,0.4119022832165805,0.6925427774255442,powerplay,KL Rahul,2014.0,19370183.836999997,2.126475859407098
2013,MC Henriques,Royal Challengers Bangalore,21,9,233.33,4,0,44.44,1,11.11,0.08162048130806228,0.9977624939171021,0.9116972964051234,0.10508194941182256,0.9429168305637596,1.2235573247727234,powerplay,MC Henriques,2013.0,36939715.38564,2.552582825070467
2022,Ishan Kishan,Mumbai Indians,227,191,118.85,29,4,17.28,83,43.46,0.5656401307371117,0.47563601082226575,0.32587397823482717,0.4252521399670205,0.7093977582163883,0.9900382524253519,powerplay,Ishan Kishan,2022.0,189676213.747,0.37400459667685054
2022,RA Bawa,Punjab Kings,1,5,20.0,0,0,0.0,4,80.0,0.010908777436803428,0.13131233134943385,0.009906542420965473,0.7253493827827188,-0.13876368312122148,0.14187681108774222,powerplay,RA Bawa,2022.0,24875569.016000003,-0.5578311918491934
2016,R Ashwin,Rising Pune Supergiants,2,8,25.0,0,0,0.0,6,75.0,0.029701892926251295,0.16194975719783386,0.03341025778225664,0.7268599403153347,-0.09828697315266698,0.1823535210562967,powerplay,,,,
2021,DJ Hooda,Punjab Kings,11,17,64.71,1,0,5.88,10,58.82,0.050595536543197296,0.3295113122080116,0.17453642226639896,0.5564540596873387,0.11683725745224155,0.39747775166120525,powerplay,,,,
2021,F du Plessis,Chennai Super Kings,310,215,144.19,36,11,21.86,74,34.42,0.7393437804671507,0.5809401623505966,0.44756070812365395,0.3654511993563492,0.9737120643977585,1.2543525586067221,powerplay,,,,
2019,SP Narine,Kolkata Knight Riders,109,60,181.67,15,6,35.0,28,46.67,0.2471149934717713,0.6453577994639615,0.5576054538341989,0.5033581428256494,0.6202859058870925,0.9009264000960562,powerplay,,,,
2013,RT Ponting,Mumbai Indians,42,47,89.36,3,1,8.51,20,42.55,0.13432826941185935,0.4111449596741848,0.21223903870571995,0.4024515704296174,0.2878071916552687,0.5684476858642324,powerplay,RT Ponting,2013.0,49252953.84752,0.5843450375510025
2020,N Jagadeesan,Chennai Super Kings,3,7,42.86,0,0,0.0,4,57.14,0.00880573074840407,0.19609496527308765,0.03980511564151473,0.5681753807027188,-0.047448244936866904,0.2331922492720968,powerplay,,,,
2017,SP Jackson,Kolkata Knight Riders,10,9,111.11,2,0,22.22,5,55.56,0.030325445514692635,0.45019336350980166,0.4302530029419427,0.5563847582252412,0.2760554620229568,0.5566959562319205,powerplay,,,,
2019,RA Tripathi,Rajasthan Royals,51,34,150.0,6,1,20.59,10,29.41,0.1221048985820934,0.547083004480465,0.3563138400751297,0.3629186854070253,0.42269104351760795,0.7033315377265716,powerplay,,,,
2018,MK Tiwary,Kings XI Punjab,9,13,69.23,0,0,0.0,5,38.46,0.02960548184356617,0.26349433253004007,0.029373553945698887,0.44990141920329924,0.03367922525444769,0.3143197194634114,powerplay,MK Tiwary,2018.0,14923461.629999999,0.22567971218382593
2022,M Shahrukh Khan,Punjab Kings,19,12,158.33,2,1,25.0,4,33.33,0.0550909206200138,0.6131564849303832,0.46703535580907557,0.34205605157832253,0.45820007360178994,0.7388405678107537,powerplay,M Shahrukh Khan,2022.0,2487556.9016,18.41968211087252
2021,CH Gayle,Punjab Kings,94,69,136.23,13,3,23.19,31,44.93,0.2417865206424887,0.5557593162618324,0.4702842563207847,0.44772333304809925,0.5486197900748304,0.8292602842837942,powerplay,,,,
2024,PD Salt,Kolkata Knight Riders,239,127,188.19,29,12,32.28,42,33.07,0.49933031171110676,0.6392850559272858,0.5084351036106268,0.390781573367264,0.8306681019471313,1.111308596156095,powerplay,,,,
2022,SE Rutherford,Royal Challengers Bangalore,5,15,33.33,0,0,0.0,10,66.67,0.020727031477516845,0.1777446494816832,0.009906542420965473,0.615872200332438,-0.07484976608744184,0.20579072812152185,powerplay,SE Rutherford,2022.0,12437784.508000001,-0.6017933984890828
2015,KA Pollard,Mumbai Indians,0,2,0.0,0,0,0.0,2,100.0,0.014615682657810063,0.06166616154127366,0.024570505602191428,0.880846252646723,-0.21067152137614586,0.06996897283281783,powerplay,,,,
2013,S Dhawan,Sunrisers Hyderabad,128,120,106.67,15,3,15.0,57,47.5,0.3501792111702664,0.4816759697300638,0.33858148491972295,0.4492702607616176,0.538561943786635,0.8192024379955987,powerplay,,,,
2018,KH Pandya,Mumbai Indians,7,9,77.78,0,0,0.0,2,22.22,0.025195063742344977,0.2945666782416606,0.029373553945698887,0.3177458208291873,0.08533374314151461,0.3659742373504783,powerplay,KH Pandya,2018.0,131326462.344,0.06497833080890365
2018,RA Tripathi,Rajasthan Royals,78,47,165.96,8,4,25.53,16,34.04,0.18176490633569714,0.6150297712066555,0.4673804499754121,0.41393296201034513,0.5390681245577174,0.8197086187666811,powerplay,RA Tripathi,2018.0,50739769.541999996,1.0624173689072478
2020,BA Stokes,Rajasthan Royals,142,104,136.54,21,3,23.08,44,42.31,0.33458041887717993,0.5693680239489909,0.4672453598520189,0.4289161278026676,0.6339339206688476,0.9145744148778112,powerplay,,,,
2022,KS Sharma,Lucknow Super Giants,4,4,100.0,1,0,25.0,3,75.0,0.01827246796733849,0.4099759060366018,0.46703535580907557,0.6842851733114956,0.224486285512807,0.5051267797217707,powerplay,,,,
2014,SA Yadav,Kolkata Knight Riders,3,5,60.0,0,0,0.0,4,80.0,0.00789731240307344,0.26294650232259525,0.0,0.7488830647095619,-0.08687381832911217,0.19376667587985152,powerplay,SA Yadav,2014.0,13559128.685899999,-0.64070354623488
2013,PA Patel,Sunrisers Hyderabad,192,150,128.0,28,3,20.67,62,41.33,0.510812470153267,0.5685867984124381,0.44896078692795066,0.39091241846900326,0.7777020039057096,1.0583424981146734,powerplay,,,,
2024,AA Kulkarni,Lucknow Super Giants,4,4,100.0,1,0,25.0,3,75.0,0.020074119254694666,0.3561099840731343,0.39707594382812567,0.7724419442399441,0.1410658788909962,0.4217063730999599,powerplay,AA Kulkarni,2024.0,2217593.5,6.361214482771356
2014,SPD Smith,Rajasthan Royals,1,3,33.33,0,0,0.0,2,66.67,0.0026324374676911537,0.14606678204020165,0.0,0.6245239960375706,-0.11221785781701742,0.16842263639194627,powerplay,SPD Smith,2014.0,77480735.34799999,-0.1448332379823162
2020,KH Pandya,Mumbai Indians,3,5,60.0,0,0,0.0,2,40.0,0.00880573074840407,0.2643902281435508,0.03980511564151473,0.40722436285330016,0.03498469185319024,0.31562518606215395,powerplay,,,,
2015,AT Rayudu,Mumbai Indians,6,19,31.58,0,0,0.0,14,73.68,0.028379848159339582,0.17417695059055063,0.024570505602191428,0.6817074178390936,-0.08366314400799495,0.19697735020096874,powerplay,,,,
2013,R Dravid,Rajasthan Royals,219,201,108.96,37,1,18.91,102,50.75,0.5785796262867203,0.491006761932719,0.41469842863262774,0.48000980491899137,0.7509784334047209,1.0316189276136847,powerplay,,,,
2024,SA Yadav,Mumbai Indians,111,70,158.57,13,6,27.14,30,42.86,0.23828864092633767,0.544176249619088,0.4298106418960588,0.47989330794497775,0.5121658340203472,0.792806328229311,powerplay,,,,
2013,UBT Chand,Delhi Daredevils,86,79,108.86,10,4,17.72,46,58.23,0.24476363496267228,0.49059930375793065,0.3915324022852219,0.5507580480873472,0.45207272645124885,0.7327132206602125,powerplay,,,,
2013,KC Sangakkara,Sunrisers Hyderabad,75,72,104.17,12,0,16.67,35,48.61,0.21715479357496903,0.47148951536035283,0.3710917908022169,0.4597689973815206,0.43852919918669314,0.7191696933956568,powerplay,,,,
2017,SP Narine,Kolkata Knight Riders,167,82,203.66,23,9,39.02,29,35.37,0.40462248067556633,0.7884853619226937,0.742005472675756,0.39235517260519065,0.934136576424333,1.2147770706332968,powerplay,,,,
2017,DR Smith,Gujarat Lions,97,68,142.65,15,2,25.0,27,39.71,0.23773845225989018,0.5654794751245247,0.48184061400503797,0.4276146278598226,0.5614743873144948,0.8421148815234585,powerplay,,,,
2020,V Kohli,Royal Challengers Bangalore,94,86,109.3,10,0,11.63,29,33.72,0.2220826848470991,0.46082876137072876,0.25519203245989275,0.3482528113892191,0.41844109975322963,0.6990815939621933,powerplay,,,,
2016,SS Iyer,Delhi Daredevils,27,33,81.82,2,1,9.09,17,51.52,0.08521093794200987,0.369932820678085,0.21461691811223205,0.5129867307899467,0.1958167546061708,0.4764572488151345,powerplay,,,,
2017,RG Sharma,Mumbai Indians,69,71,97.18,7,1,11.27,34,47.89,0.1709848408936197,0.39927594008579753,0.22705719677615374,0.4940713891462027,0.2903801645632029,0.5710206587721667,powerplay,,,,
2019,SO Hetmyer,Royal Challengers Bangalore,34,28,121.43,3,2,17.86,13,46.43,0.08546400870063607,0.45842778210349944,0.31817878764194024,0.5014053346112538,0.29034395206775554,0.5709844462767193,powerplay,SO Hetmyer,2019.0,60658607.226,0.4786525199729707
2016,PP Chawla,Kolkata Knight Riders,16,14,114.29,3,0,21.43,7,50.0,0.060786958135076105,0.4887855146450642,0.460611438296159,0.499141446357298,0.3505550371566752,0.6311955313656389,powerplay,,,,
2014,PA Patel,Royal Challengers Bangalore,108,104,103.85,17,1,17.31,54,51.92,0.28430324651064454,0.45511657110335857,0.39203337997635945,0.4869173746638367,0.4853406913504057,0.7659811855593694,powerplay,PA Patel,2014.0,27118257.371799998,1.7897193197049106
2016,LMP Simmons,Mumbai Indians,7,6,116.67,0,1,16.67,4,66.67,0.040803701929403004,0.4974972304332197,0.36572214201775616,0.6509841381285171,0.25067129922956743,0.5313117934385312,powerplay,,,,
2024,SM Curran,Punjab Kings,51,52,98.08,5,0,9.62,19,36.54,0.11592535774597712,0.3499449297817184,0.16181442219970965,0.42236663148622894,0.2138192516316416,0.49445974584060526,powerplay,,,,
2017,SW Billings,Delhi Daredevils,106,72,147.22,15,1,22.22,18,25.0,0.2591949701990485,0.5821838990331893,0.4302530029419427,0.30810619772257924,0.5996299176829339,0.8802704118918976,powerplay,,,,
2020,SN Khan,Kings XI Punjab,4,2,200.0,1,0,50.0,1,50.0,0.01114943354069743,0.822227847855618,0.9658021784892276,0.501128107222856,0.7043060189136625,0.9849465131226263,powerplay,,,,
2015,Yuvraj Singh,Delhi Daredevils,32,27,118.52,6,0,22.22,14,51.85,0.08802456533263414,0.4839200791511631,0.43752584910371406,0.5165402155651364,0.35430425926881925,0.634944753477783,powerplay,Yuvraj Singh,2015.0,279285339.63199997,0.12686103027665824
2020,SR Watson,Chennai Super Kings,140,130,107.69,14,8,16.92,70,53.85,0.32989301329259324,0.45441362874403995,0.3531625217091807,0.5372810488051348,0.4888600451336854,0.7695005393426491,powerplay,,,,
2018,SV Samson,Rajasthan Royals,134,102,131.37,13,3,15.69,36,35.29,0.3052566131698904,0.48932305329262543,0.29855993070661546,0.4241050370083525,0.49598727489769623,0.7766277691066599,powerplay,SV Samson,2018.0,119387693.03999999,0.4154425487822428
2022,Anmolpreet Singh,Mumbai Indians,5,4,125.0,1,0,25.0,2,50.0,0.020727031477516845,0.4970582731263418,0.46703535580907557,0.47896412595538024,0.3315874340726543,0.612227928281618,powerplay,,,,
2020,Washington Sundar,Royal Challengers Bangalore,1,3,33.33,0,0,0.0,2,66.67,0.004118325163817378,0.15812216158840195,0.03980511564151473,0.6576656490869054,-0.0970316517621351,0.1836088424468286,powerplay,,,,
2017,MS Dhoni,Rising Pune Supergiant,1,6,16.67,0,0,0.0,5,83.33,0.008868927575534279,0.10499297096400446,0.017923248329720705,0.7819965260642111,-0.16694186852845935,0.11369862568050434,powerplay,,,,
2020,R Parag,Rajasthan Royals,1,11,9.09,0,0,0.0,10,90.91,0.004118325163817378,0.06153656228968401,0.03980511564151473,0.8852883254387085,-0.21361125431703498,0.06702923989192872,powerplay,,,,
2023,SN Khan,Delhi Capitals,16,21,76.19,1,1,9.52,12,57.14,0.059301820803778105,0.3126117073162405,0.19531399622800746,0.5762417384294392,0.1187660870749144,0.39940658128387807,powerplay,,,,
2024,Q de Kock,Lucknow Super Giants,92,67,137.31,7,5,17.91,28,41.79,0.1995402679192235,0.4759111172047637,0.2886231357432447,0.4701538231647782,0.3864220370727874,0.6670625312817511,powerplay,,,,
2015,WP Saha,Kings XI Punjab,74,57,129.82,6,5,19.3,27,47.37,0.18437372384334078,0.524178847873672,0.3832580901917228,0.48264424368298675,0.4372612704928879,0.7179017647018515,powerplay,,,,
2019,V Shankar,Sunrisers Hyderabad,15,25,60.0,2,0,8.0,16,64.0,0.04451242589194847,0.26780509009730435,0.18044559460485335,0.6443671693068055,0.057402852542353305,0.338043346751317,powerplay,,,,
2015,RR Rossouw,Royal Challengers Bangalore,14,9,155.56,1,1,22.22,3,33.33,0.0467320688280456,0.615883335211493,0.43752584910371406,0.3764166889451783,0.42928894808130086,0.7099294422902646,powerplay,,,,
2016,AT Rayudu,Mumbai Indians,151,131,115.27,19,3,16.79,56,42.75,0.3605358012201724,0.4923726917343047,0.368114309150825,0.43310308310946743,0.5703355010283214,0.8509759952372851,powerplay,,,,
2017,SK Raina,Gujarat Lions,154,110,140.0,16,4,18.18,31,28.18,0.3736297325412265,0.5557931023984938,0.3552839566488114,0.3339414667801206,0.636495677690157,0.9171361718991207,powerplay,,,,
2020,SA Yadav,Mumbai Indians,175,117,149.57,28,3,26.5,43,36.75,0.4119226110228606,0.6212867681264783,0.5305835589508024,0.37670564593319456,0.7659323806294304,1.046572874838394,powerplay,SA Yadav,2020.0,2778744.6906,27.563970998143287
2019,KL Rahul,Kings XI Punjab,235,170,138.24,25,12,21.76,76,44.71,0.5186886478872785,0.5105906903343987,0.372657433975068,0.4874102090747512,0.6917190460433774,0.9723595402523411,powerplay,,,,
2018,AM Rahane,Rajasthan Royals,209,173,120.81,28,2,17.34,61,35.26,0.470647291965685,0.4509459806944132,0.32686824948644416,0.4238609072084003,0.6219232640261345,0.9025637582350983,powerplay,AM Rahane,2018.0,59693846.519999996,1.041854898423682
2014,MK Pandey,Kolkata Knight Riders,125,116,107.76,14,2,13.79,53,45.69,0.3290546834613941,0.47225191817138107,0.312313131708492,0.4287960695005579,0.5112717942734597,0.7919122884824235,powerplay,,,,
2017,PJ Cummins,Delhi Daredevils,1,5,20.0,0,0,0.0,4,80.0,0.008868927575534279,0.11716490348388489,0.017923248329720705,0.7549426122398045,-0.15273972812119718,0.12790076608776652,powerplay,PJ Cummins,2017.0,70191009.43200001,-0.21760582923254457
2018,AD Nath,Kings XI Punjab,2,7,28.57,0,0,0.0,5,71.43,0.014169018489292013,0.11572806625699983,0.029373553945698887,0.718200069350742,-0.13304267360972455,0.14759782059923915,powerplay,AD Nath,2018.0,14923461.629999999,-0.891500088305749
2013,Mandeep Singh,Kings XI Punjab,157,125,125.6,24,0,19.2,46,36.8,0.42296615664693854,0.5588078022175155,0.42034393085174343,0.34806622307426366,0.702511728387314,0.9831522225962777,powerplay,,,,
2019,H Klaasen,Royal Challengers Bangalore,6,6,100.0,0,0,0.0,1,16.67,0.02511430771941222,0.3919286076009313,0.06869452520356578,0.25925711602618695,0.16919115150974393,0.4498316457187076,powerplay,H Klaasen,2019.0,7221262.765000001,2.3429579703120513
2023,Anuj Rawat,Royal Challengers Bangalore,5,3,166.67,1,0,33.33,1,33.33,0.03717284493352106,0.617772851064372,0.583023270061455,0.39256606730055993,0.4832153528164896,0.7638558470254533,powerplay,,,,
2021,N Rana,Kolkata Knight Riders,111,89,124.72,15,4,21.35,41,46.07,0.2809461197953556,0.5193483189651394,0.4388471670856564,0.45664723717831757,0.5449181093539044,0.8255586035628681,powerplay,,,,
2025,MR Marsh,Lucknow Super Giants,297,179,165.92,25,20,25.14,65,36.31,0.5992946899597897,0.5268939157987155,0.37411665585305526,0.42926634554318277,0.7824553013381095,1.0630957955470732,powerplay,MR Marsh,2025.0,35683000.0,2.192795732808647
2014,F du Plessis,Chennai Super Kings,90,53,169.81,13,3,30.19,18,33.96,0.23691937209220376,0.7441824259899983,0.6837370156837835,0.31936382077419195,0.7734992214942072,1.0541397157031709,powerplay,F du Plessis,2014.0,92008373.22575,0.840683509963125
2024,AK Markram,Sunrisers Hyderabad,67,59,113.56,10,0,16.95,25,42.37,0.14855556659407326,0.39965068000625936,0.2739384113763214,0.4754331700549798,0.29931212738123897,0.5799526215902027,powerplay,,,,
2022,GJ Maxwell,Royal Challengers Bangalore,89,55,161.82,11,3,25.45,19,34.55,0.22691036633249867,0.6253131833761109,0.4752636744500615,0.35207571868930093,0.6024308226497918,0.8830713168587554,powerplay,,,,
2016,MC Henriques,Sunrisers Hyderabad,53,61,86.89,5,1,9.84,28,45.9,0.1429403447583988,0.38849097153772727,0.22956796269391316,0.46179561334818,0.2733646607833896,0.5540051549923533,powerplay,,,,
2013,A Ashish Reddy,Sunrisers Hyderabad,5,6,83.33,1,0,16.67,4,66.67,0.041462166562312136,0.38657523173444186,0.3710917908022169,0.6305862796837272,0.2042727710729501,0.4849132652819138,powerplay,,,,
2022,Mandeep Singh,Delhi Capitals,18,18,100.0,4,0,22.22,11,61.11,0.05263635710983545,0.4099759060366018,0.4162026317603177,0.5702087994004379,0.2633255831781809,0.5439660773871446,powerplay,Mandeep Singh,2022.0,13681562.958800001,1.9246747171441367
2013,MEK Hussey,Chennai Super Kings,286,243,117.7,40,4,18.11,107,44.03,0.7467425692845491,0.5266186064092288,0.39912462940748095,0.4164498859228215,0.9153744760887735,1.1960149702977372,powerplay,,,,
2019,V Kohli,Royal Challengers Bangalore,204,160,127.5,26,3,18.13,57,35.63,0.4518729075152093,0.4772635258846748,0.3219503862342337,0.41352896496344727,0.6209490732708759,0.9015895674798395,powerplay,,,,
2016,MK Pandey,Kolkata Knight Riders,60,46,130.43,6,2,17.39,17,36.96,0.1584828773628112,0.5478641250739845,0.38007514481617,0.3803634799087861,0.4576431356218819,0.7382836298308456,powerplay,,,,
2018,MP Stoinis,Kings XI Punjab,2,3,66.67,0,0,0.0,1,33.33,0.014169018489292013,0.2541907997789583,0.029373553945698887,0.40815522341147686,0.029202146933034218,0.3098426411419979,powerplay,MP Stoinis,2018.0,92525462.10599999,0.03156120085039872
2017,Yuvraj Singh,Sunrisers Hyderabad,5,8,62.5,1,0,12.5,6,75.0,0.018405157770715767,0.2725123905994755,0.24988193116737933,0.7143211200109658,0.04913085453834137,0.32977134874730507,powerplay,,,,
2013,KD Karthik,Mumbai Indians,168,164,102.44,19,4,14.02,78,47.56,0.45057499803464174,0.46444048893651274,0.31950358086891817,0.4498377600383691,0.6015055262754723,0.882146020484436,powerplay,,,,
2021,AD Russell,Kolkata Knight Riders,16,6,266.67,2,1,50.0,1,16.67,0.062113065705805215,0.9683961961385157,0.9283431489261043,0.22650444645163342,0.883691633715159,1.1643321279241228,powerplay,,,,
2025,YBK Jaiswal,Rajasthan Royals,323,180,179.44,36,20,31.11,69,38.33,0.6503399396268945,0.5647081817653069,0.45639255424764225,0.44564570700487943,0.8743089798941444,1.154949474103108,powerplay,,,,
2014,DA Miller,Kings XI Punjab,21,22,95.45,2,1,13.64,12,54.55,0.05528118682151421,0.4183040607781953,0.3089159620379863,0.5114533349494583,0.23895316227856536,0.5195936564875291,powerplay,,,,
2023,AS Roy,Kolkata Knight Riders,4,5,80.0,1,0,20.0,4,80.0,0.03516111985440678,0.32546166263985216,0.36596469718451863,0.7525888968505304,0.12976717188132578,0.41040766609028945,powerplay,,,,
2018,MA Agarwal,Kings XI Punjab,45,36,125.0,6,1,19.44,15,41.67,0.10899300766554755,0.4661732471893478,0.3628970188425898,0.4760233077981822,0.34077769586682266,0.6214181900757864,powerplay,MA Agarwal,2018.0,14923461.629999999,2.28350301234247
2018,MA Agarwal,Kings XI Punjab,45,36,125.0,6,1,19.44,15,41.67,0.10899300766554755,0.4661732471893478,0.3628970188425898,0.4760233077981822,0.34077769586682266,0.6214181900757864,powerplay,MA Agarwal,2018.0,2984692.326,11.41751506171235
2021,RD Gaikwad,Chennai Super Kings,253,209,121.05,26,9,16.75,89,42.58,0.6080439480134204,0.507738557012154,0.36025444399783585,0.4293275657621228,0.7736206669872027,1.0542611611961663,powerplay,,,,
2018,RK Singh,Kolkata Knight Riders,3,2,150.0,0,0,0.0,0,0.0,0.01637422753990261,0.5570280592116302,0.029373553945698887,0.13692701566460802,0.2637534062139193,0.544393900422883,powerplay,RK Singh,2018.0,11938769.304,2.2092177132993984
2013,B Chipli,Delhi Daredevils,16,16,100.0,1,1,12.5,7,43.75,0.06907100795001536,0.4544985094716748,0.2899133623411394,0.41380155596464774,0.28882660735996807,0.5694671015689318,powerplay,,,,
2021,SA Yadav,Mumbai Indians,100,81,123.46,16,1,20.99,36,44.44,0.25560755563761817,0.5153624061420436,0.4326964322353052,0.4438876198693211,0.5237143561262074,0.8043548503351712,powerplay,,,,
2015,Harbhajan Singh,Mumbai Indians,15,14,107.14,2,0,14.29,8,57.14,0.04902609641163384,0.44337629259699046,0.29014799698998434,0.5565647002206212,0.22450621200710888,0.5051467062160726,powerplay,,,,
2013,TM Dilshan,Royal Challengers Bangalore,44,61,72.13,8,0,13.11,41,67.21,0.1393480587550781,0.34093991615813657,0.30178838425031373,0.6356937731744908,0.2270450460434247,0.5076855402523884,powerplay,,,,
2014,Y Venugopal Rao,Sunrisers Hyderabad,11,9,122.22,2,0,22.22,4,44.44,0.028956812144602672,0.5356220252311266,0.5032340671909132,0.4171344914180381,0.3922914451417449,0.6729319393507086,powerplay,Y Venugopal Rao,2014.0,10653601.11035,3.682242662160805
2023,RD Gaikwad,Chennai Super Kings,341,215,158.6,29,17,21.4,66,30.7,0.713112471515918,0.5905552291584543,0.3887615465489381,0.3722776584358412,0.9290269902082314,1.209667484417195,powerplay,,,,
2015,SV Samson,Rajasthan Royals,68,66,103.03,8,0,12.12,30,45.45,0.17060955834181127,0.42873350149526374,0.2498188747848401,0.4681173985906369,0.3228376714970679,0.6034781657060315,powerplay,,,,
2023,Sanvir Singh,Sunrisers Hyderabad,7,6,116.67,0,1,16.67,4,66.67,0.04119629509174962,0.4491382667650066,0.3117407626248639,0.6497582922244085,0.2028820249697692,0.4835225191787329,powerplay,,,,
2013,STR Binny,Rajasthan Royals,8,9,88.89,1,0,11.11,4,44.44,0.04899185057714028,0.40922990625267913,0.2628538861874469,0.4203277976472902,0.23599434307821582,0.5166348372871795,powerplay,,,,
2022,MS Dhoni,Chennai Super Kings,6,7,85.71,1,0,14.29,5,71.43,0.0231815949876952,0.36019962500810637,0.2712013721536092,0.6549653277490425,0.12419610763862071,0.4048366018475844,powerplay,,,,
2022,A Tomar,Kolkata Knight Riders,4,8,50.0,1,0,12.5,7,87.5,0.01827246796733849,0.23581117185712183,0.2384709491150205,0.7869456969895533,0.0037517783073249267,0.2843922725162886,powerplay,A Tomar,2022.0,4975113.8032,0.07541090426739139
2025,Abhishek Sharma,Sunrisers Hyderabad,277,137,202.19,33,17,36.5,50,36.5,0.560029113292786,0.6283379562283214,0.5306751492806111,0.4308069785519562,0.8717539923590776,1.1523944865680413,powerplay,Abhishek Sharma,2025.0,3148500.0000000005,27.6879146374171
2025,Abhishek Sharma,Sunrisers Hyderabad,277,137,202.19,33,17,36.5,50,36.5,0.560029113292786,0.6283379562283214,0.5306751492806111,0.4308069785519562,0.8717539923590776,1.1523944865680413,powerplay,Abhishek Sharma,2025.0,39881000.00000001,2.185887997690824
2025,RD Gaikwad,Chennai Super Kings,79,49,161.22,10,3,26.53,19,38.78,0.17129990428944922,0.5137484239316312,0.3932730208058988,0.4492945746572376,0.4360986223628582,0.7167391165718219,powerplay,,,,
2021,Abhishek Sharma,Sunrisers Hyderabad,43,19,226.32,5,2,36.84,4,21.05,0.12430772318388794,0.8407520831131847,0.7034996193966002,0.2607910254782619,0.7581597411886942,1.038800235397658,powerplay,,,,
2018,AD Russell,Kolkata Knight Riders,1,1,100.0,0,0,0.0,0,0.0,0.011963809438681416,0.3753184351670653,0.029373553945698887,0.13692701566460802,0.1693702597106599,0.4500107539196236,powerplay,,,,
2016,YK Pathan,Kolkata Knight Riders,52,30,173.33,6,3,30.0,10,33.33,0.14071998295776844,0.7048946323478806,0.6314520410495021,0.3472987545860792,0.6449870946366073,0.925627588845571,powerplay,,,,
2015,G Gambhir,Kolkata Knight Riders,186,159,116.98,24,4,17.61,69,43.4,0.44130481320522513,0.4784334858916353,0.3518496954789607,0.4526069650284925,0.6148108669669824,0.895451361175946,powerplay,,,,
2014,VH Zol,Royal Challengers Bangalore,23,21,109.52,2,1,14.29,11,52.38,0.060546061756896516,0.4799650155728439,0.32363703061017773,0.49120883539820404,0.286693370347058,0.5673338645560217,powerplay,,,,
2014,SE Marsh,Kings XI Punjab,20,21,95.24,2,1,14.29,14,66.67,0.052648749353823056,0.4173837480200662,0.32363703061017773,0.6245239960375706,0.2090903384564004,0.4897308326653641,powerplay,,,,
2024,MP Stoinis,Lucknow Super Giants,156,111,140.54,23,3,23.42,46,41.44,0.3300611033116081,0.4862825366637602,0.3729073349742312,0.4669680103862082,0.5349080486037081,0.8155485428126719,powerplay,,,,
2018,PP Shaw,Delhi Daredevils,167,92,181.52,21,7,30.43,30,32.61,0.37802851184004005,0.6715778062093241,0.5514475784730852,0.4022961082126246,0.765674290425795,1.0463147846347587,powerplay,PP Shaw,2018.0,17908153.956,4.275562362860195
2025,Sediqullah Atal,Delhi Capitals,1,2,50.0,0,0,0.0,1,50.0,0.018164155288134753,0.20267574191947862,0.027648299799467854,0.5402730081227014,-0.03377097233680276,0.24686952187216094,powerplay,,,,
2024,RA Jadeja,Chennai Super Kings,15,16,93.75,2,0,12.5,7,43.75,0.042507387837760764,0.33604144796826474,0.20586859530047935,0.48799437472477,0.1482691897221257,0.4289096839310894,powerplay,,,,
2025,PHKD Mendis,Sunrisers Hyderabad,22,13,169.23,1,2,23.08,6,46.15,0.05939301078848864,0.5361516983689387,0.3457266473617907,0.5090549182080815,0.3184507736656417,0.5990912678746054,powerplay,,,,
2020,T Banton,Kolkata Knight Riders,16,18,88.89,1,1,11.11,11,61.11,0.039273867048217656,0.37950400552556235,0.24556166300627652,0.6054551672174324,0.15003729458895,0.4306777887979137,powerplay,,,,
2023,PP Shaw,Delhi Capitals,72,52,138.46,12,1,25.0,23,44.23,0.1719584252341776,0.5226292186026701,0.44738201634315944,0.47665110784255005,0.45720792449033393,0.7378484186992976,powerplay,,,,
2022,A Badoni,Lucknow Super Giants,2,8,25.0,0,0,0.0,6,75.0,0.013363340946981783,0.14872880476738184,0.009906542420965473,0.6842851733114956,-0.11577253276273788,0.1648679614462258,powerplay,A Badoni,2022.0,2487556.9016,-4.6540657095430795
2018,RG Sharma,Mumbai Indians,41,45,91.11,3,2,11.11,26,57.78,0.10017217146310517,0.34301046401194163,0.21998290039654544,0.6071210103725013,0.16849897124315,0.4491394654521137,powerplay,,,,
2019,SD Lad,Mumbai Indians,5,9,55.56,0,0,0.0,6,66.67,0.022958961255797095,0.2540273796544018,0.06869452520356578,0.6660921606919578,-0.023534253034144165,0.2571062411748195,powerplay,,,,
2017,MJ Guptill,Kings XI Punjab,87,54,161.11,10,4,25.93,20,37.04,0.21389787677193645,0.6329551130575554,0.4990983400081598,0.4059227510096228,0.590413285647112,0.8710537798560758,powerplay,,,,
2014,NJ Maddinson,Royal Challengers Bangalore,7,9,77.78,1,0,11.11,7,77.78,0.018427062273838054,0.340866315844191,0.25161703359545656,0.7281721020350067,0.0799508422486194,0.3605913364575831,powerplay,NJ Maddinson,2014.0,9685091.918499999,0.8255042174241127
2025,Ishan Kishan,Sunrisers Hyderabad,104,86,120.93,14,1,17.44,33,38.37,0.22038187512320387,0.4010607925859234,0.26799866294881414,0.44597005079620017,0.3636442794796311,0.6442847736885948,powerplay,Ishan Kishan,2025.0,118068750.00000001,0.30799367273696987
2020,KS Williamson,Sunrisers Hyderabad,49,44,111.36,6,1,15.91,19,43.18,0.11661605919389824,0.46903694348934916,0.33445738103965694,0.43708575356281887,0.34719141449879315,0.6278319087077568,powerplay,,,,
2022,PK Garg,Sunrisers Hyderabad,26,20,130.0,2,1,15.0,7,35.0,0.0722728651912623,0.5144747465442898,0.28418383045383155,0.355771497541711,0.3362069398668657,0.6168474340758294,powerplay,PK Garg,2022.0,2487556.9016,13.515547710712342
2021,M Vohra,Rajasthan Royals,37,34,108.82,4,2,17.65,20,58.82,0.11048668818875847,0.46904989524512064,0.37563128112371375,0.5564540596873387,0.32501215677303663,0.6056526509820004,powerplay,,,,
2023,SN Thakur,Kolkata Knight Riders,0,4,0.0,0,0,0.0,4,100.0,0.02711421953794969,0.05564632776086771,0.04029542054995537,0.9068733749092278,-0.2044145337144948,0.07622596049446889,powerplay,,,,
2019,RV Uthappa,Kolkata Knight Riders,119,88,135.23,17,3,22.73,36,40.91,0.26866845810792267,0.5012503956422507,0.3862072511399741,0.4564907456801526,0.5024060036164061,0.7830464978253697,powerplay,,,,
2024,D Brevis,Mumbai Indians,17,23,73.91,1,1,8.7,14,60.87,0.04658616394377278,0.2723358869569668,0.1477415613480749,0.643826131207963,0.04677273787774644,0.32741323208671014,powerplay,,,,
2022,RK Singh,Kolkata Knight Riders,14,10,140.0,1,1,20.0,4,40.0,0.04281810306912203,0.5493076933801858,0.3756095931314536,0.3968357070129341,0.3588819339506645,0.6395224281596281,powerplay,RK Singh,2022.0,6840781.479400001,5.246212512874212
2022,RK Singh,Kolkata Knight Riders,14,10,140.0,1,1,20.0,4,40.0,0.04281810306912203,0.5493076933801858,0.3756095931314536,0.3968357070129341,0.3588819339506645,0.6395224281596281,powerplay,RK Singh,2022.0,2487556.9016,14.427084410404085
2022,AD Russell,Kolkata Knight Riders,0,1,0.0,0,0,0.0,1,100.0,0.008454213926625074,0.061646437677641844,0.009906542420965473,0.889606220667611,-0.22483733213072782,0.05580316207823588,powerplay,,,,
2025,Shubman Gill,Gujarat Titans,302,199,151.76,34,9,21.61,63,31.66,0.6091110841265406,0.48728962540766996,0.32546775780734466,0.3915613798021482,0.7599257570777281,1.0405662512866918,powerplay,,,,
2019,MJ Guptill,Sunrisers Hyderabad,77,42,183.33,4,7,26.19,17,40.48,0.17814390663608695,0.6505089254403621,0.434539588656031,0.45299196429602695,0.5274148136354564,0.8080553078444201,powerplay,,,,
2015,SE Marsh,Kings XI Punjab,35,33,106.06,4,0,12.12,16,48.48,0.09490664808339891,0.43952855186952944,0.2498188747848401,0.4910425760020015,0.26079531525406147,0.5414358094630252,powerplay,,,,
2025,RG Sharma,Mumbai Indians,226,147,153.74,22,14,24.49,65,44.22,0.45990189279192645,0.4928275134708247,0.36515864346503485,0.4934053302768564,0.6306350614451623,0.9112755556541261,powerplay,,,,
2022,MA Agarwal,Punjab Kings,117,84,139.29,13,5,21.43,31,36.9,0.2956381446174926,0.5468345541548372,0.4017573612572534,0.3713758971407758,0.5793058361949439,0.8599463304039077,powerplay,,,,
2021,GJ Maxwell,Royal Challengers Bangalore,60,49,122.45,7,2,18.37,22,44.9,0.16346732233675487,0.512167349037816,0.38793275082441614,0.447488493465725,0.4271807222195817,0.7078212164285453,powerplay,,,,
2020,MK Pandey,Sunrisers Hyderabad,200,139,143.88,23,9,23.02,60,43.17,0.47051518083019434,0.5986146534396093,0.4661341633766017,0.4369918498184493,0.7543822899578961,1.0350227841668598,powerplay,,,,
2015,GH Vihari,Sunrisers Hyderabad,9,8,112.5,2,0,25.0,5,62.5,0.03526193091010434,0.4624724873184637,0.4891917291637606,0.5971188094367645,0.3004464236799782,0.581086917888942,powerplay,GH Vihari,2015.0,1745533.3727,17.21229902440915
2013,AM Rahane,Rajasthan Royals,229,220,104.09,23,5,12.73,98,44.55,0.6036785730028141,0.4711635488205221,0.29439082961836904,0.4213682129880013,0.724590042244378,1.0052305364533416,powerplay,,,,
2024,Rahmanullah Gurbaz,Kolkata Knight Riders,41,29,141.38,4,3,24.14,13,44.83,0.09553147721591701,0.4889797479162547,0.38392087824942356,0.4978248827272143,0.3443319861249373,0.624972480333901,powerplay,,,,
2015,RA Jadeja,Chennai Super Kings,1,1,100.0,0,0,0.0,0,0.0,0.016909710241398302,0.4179384511209981,0.024570505602191428,0.12423973742016742,0.1962818000485536,0.4769222942575173,powerplay,,,,
2019,N Rana,Kolkata Knight Riders,65,67,97.01,8,1,13.43,32,47.76,0.1522797490727053,0.3826503746675352,0.25629663296097727,0.5122271467993632,0.2748143273845627,0.5554548215935264,powerplay,,,,
2016,Gurkeerat Singh,Kings XI Punjab,6,5,120.0,1,0,20.0,2,40.0,0.03858334012877266,0.5096863117670676,0.43210477996042035,0.4080540487740834,0.3577407643365161,0.6383812585454798,powerplay,,,,
2024,N Pooran,Lucknow Super Giants,41,16,256.25,3,4,43.75,5,31.25,0.09553147721591701,0.8578233866948733,0.683886966619595,0.37421534691870023,0.700821406023378,0.9814619002323417,powerplay,,,,
2023,KS Sharma,Lucknow Super Giants,6,12,50.0,0,0,0.0,6,50.0,0.03918457001263533,0.224280912060233,0.04029542054995537,0.5211621797624842,0.005272397358959402,0.2859128915679231,powerplay,,,,
2019,AD Nath,Royal Challengers Bangalore,11,10,110.0,0,1,10.0,4,40.0,0.03589104003748791,0.42295948697683805,0.20838336195517523,0.4490863478672356,0.19923918403806756,0.47987967824703126,powerplay,AD Nath,2019.0,51993091.90800001,0.38320318474349335
2021,KS Williamson,Sunrisers Hyderabad,85,78,108.97,13,0,16.67,35,44.87,0.22105496814979445,0.4695244086764416,0.3588876140310912,0.4472536538833508,0.4389295090070422,0.719570003216006,powerplay,,,,
2023,Tilak Varma,Mumbai Indians,56,20,280.0,6,4,50.0,3,15.0,0.13977082396834914,0.9999999998373131,0.8544686121363635,0.25116434315976377,0.9209782316067703,1.201618725815734,powerplay,Tilak Varma,2023.0,2366172.2646,38.92270420820189
2022,KS Bharat,Delhi Capitals,8,5,160.0,2,0,40.0,3,60.0,0.028090722008051905,0.6189735870519778,0.7413126438419417,0.5610925448978265,0.4972222973919562,0.77786279160092,powerplay,KS Bharat,2022.0,24875569.016000003,1.9988378841591208
2025,Rahmanullah Gurbaz,Kolkata Knight Riders,57,29,196.55,7,3,34.48,9,31.03,0.12810776995574513,0.6125633659878204,0.5028364030901478,0.3864529650888468,0.5191083908224188,0.7997488850313825,powerplay,Rahmanullah Gurbaz,2025.0,20990000.000000004,2.4731223955332
2017,BA Stokes,Rising Pune Supergiant,33,28,117.86,3,1,14.29,11,39.29,0.08515876913698625,0.47486619969874844,0.28309841454973206,0.42420242251260015,0.3056936749525626,0.5863341691615263,powerplay,BA Stokes,2017.0,226171030.39200002,0.1351604024718523
2025,DP Conway,Chennai Super Kings,58,50,116.0,10,0,20.0,18,36.0,0.13007104878909534,0.38727201069130085,0.3032794502000943,0.4267526811604471,0.3061427926188349,0.5867832868277987,powerplay,DP Conway,2025.0,65593750.00000001,0.4667255533017016
2019,R Parag,Rajasthan Royals,2,7,28.57,0,0,0.0,5,71.43,0.01649292186495168,0.17027503621882953,0.06869452520356578,0.7048228569441392,-0.08220246514026103,0.19843802906870267,powerplay,R Parag,2019.0,2888505.106,-2.84584801216069
2019,DA Warner,Sunrisers Hyderabad,304,207,146.86,36,8,21.26,66,31.88,0.667407553876723,0.5373393083564303,0.3656729921374875,0.3830163366135145,0.8522436427574086,1.1328841369663722,powerplay,,,,
2013,CH Gayle,Royal Challengers Bangalore,277,184,150.54,26,20,25.0,85,46.2,0.7241535172400646,0.6604278710097524,0.5332539752340574,0.43697444309866806,1.0184087052226534,1.2990491994316171,powerplay,,,,
2023,D Padikkal,Rajasthan Royals,133,91,146.15,17,5,24.18,34,37.36,0.2946736550601485,0.5485652176679123,0.43402957600114234,0.42365438962938745,0.5782385251937727,0.8588790194027365,powerplay,,,,
2021,SP Narine,Kolkata Knight Riders,4,7,57.14,1,0,14.29,5,71.43,0.03447099571554621,0.3055642010406818,0.31822442252043615,0.6551649641452806,0.12701039798338998,0.4076508921923537,powerplay,,,,
2015,BB McCullum,Chennai Super Kings,238,160,148.75,30,12,26.25,77,48.13,0.5605942475518142,0.5916211922911138,0.512422790341839,0.48839445319870856,0.8283579138812234,1.1089984080901871,powerplay,,,,
2017,G Gambhir,Kolkata Knight Riders,277,216,128.24,41,5,21.3,90,41.67,0.6668688110430575,0.5128075389048621,0.4131808438850911,0.4435382528135274,0.8427687221911098,1.1234092164000735,powerplay,,,,
2018,AB de Villiers,Royal Challengers Bangalore,122,73,167.12,19,3,30.14,26,35.62,0.2787941045625633,0.6192454344844893,0.5464721769905698,0.42679046480782645,0.6505333410957038,0.9311738353046675,powerplay,,,,
2022,Ramandeep Singh,Mumbai Indians,4,5,80.0,0,0,0.0,1,20.0,0.01827246796733849,0.34031001236480984,0.009906542420965473,0.2325788691280418,0.11945726390729763,0.40009775811626136,powerplay,,,,
2023,RR Rossouw,Delhi Capitals,38,31,122.58,5,1,19.35,14,45.16,0.10355977254429218,0.4690708746291916,0.3553804456938953,0.48382533607227945,0.3321568550905986,0.6127973492995623,powerplay,RR Rossouw,2023.0,54421962.0858,0.6103360525056599
2025,N Rana,Rajasthan Royals,88,50,176.0,11,5,32.0,22,44.0,0.1889694137896009,0.5550868004838665,0.46865814044047016,0.4916214394245924,0.49212866264444777,0.7727691568534114,powerplay,N Rana,2025.0,44079000.00000001,1.1164696627519854
2024,RK Bhui,Delhi Capitals,0,2,0.0,0,0,0.0,2,100.0,0.011916567042670637,0.03501340639522133,0.01466124677283308,0.9999999998520835,-0.26636248207610297,0.014278012132860729,powerplay,RK Bhui,2024.0,2217593.5,-12.011330393785109
2024,N Wadhera,Mumbai Indians,5,8,62.5,1,0,12.5,5,62.5,0.02211350730770067,0.23569876744391696,0.20586859530047935,0.6586629164338745,0.03058218252317238,0.3112226767321361,powerplay,,,,
2013,Yuvraj Singh,Pune Warriors,35,31,112.9,5,0,16.13,12,38.71,0.11675900671059367,0.5070606140193836,0.36057947632524273,0.36613161671752037,0.3993587917092699,0.6799992859182336,powerplay,,,,
2021,CA Lynn,Mumbai Indians,25,18,138.89,2,2,22.22,9,50.0,0.08284461819849946,0.5641740211105902,0.4537114429740051,0.4874112224693335,0.4063094877115969,0.6869499819205607,powerplay,,,,
2017,RR Pant,Delhi Daredevils,73,55,132.73,6,4,18.18,22,40.0,0.18052107108880122,0.5292195440142503,0.3552839566488114,0.4299706744090952,0.43991320704740267,0.7205537012563663,powerplay,,,,
2021,RA Tripathi,Kolkata Knight Riders,134,107,125.23,17,2,17.76,39,36.45,0.33392675394335203,0.5209616646316307,0.3775106723279878,0.3813420110970012,0.5830994346889912,0.8637399288979548,powerplay,,,,
2024,MK Pandey,Kolkata Knight Riders,1,1,100.0,0,0,0.0,0,0.0,0.013955955095676644,0.3561099840731343,0.01466124677283308,0.08976777740352604,0.16888698393982557,0.44952747814878924,powerplay,,,,
2025,N Pooran,Lucknow Super Giants,150,82,182.93,14,12,31.71,36,43.9,0.31069270145731237,0.5744694087049079,0.46466148875966107,0.49081057994629057,0.5976433614762641,0.8782838556852277,powerplay,,,,
2015,V Kohli,Royal Challengers Bangalore,238,189,125.93,17,11,14.81,74,39.15,0.5605942475518142,0.5103198558090207,0.299812118440065,0.4204511881313639,0.7124154228045818,0.9930559170135456,powerplay,,,,
2018,BA Stokes,Rajasthan Royals,44,39,112.82,3,2,12.82,17,43.59,0.10678779861493697,0.42190878277209176,0.2493206125865498,0.4916476149951215,0.2610846214434064,0.5417251156523701,powerplay,BA Stokes,2018.0,186543270.375,0.13995928178945244
2015,SS Iyer,Delhi Daredevils,205,191,107.33,23,7,15.71,97,50.79,0.48489133729340195,0.4440532099471919,0.3165384824882815,0.508520186503735,0.5998259359769236,0.8804664301858873,powerplay,,,,
2013,LA Pomersbach,Kings XI Punjab,22,15,146.67,4,0,26.67,7,46.67,0.08413037597967167,0.6446592396454398,0.5657642811165513,0.44141985409988826,0.5118018908789389,0.7924423850879025,powerplay,LA Pomersbach,2013.0,36939715.38564,1.3855057775510027
2022,DP Conway,Chennai Super Kings,84,75,112.0,6,4,13.33,27,36.0,0.21463754878160685,0.451775442239677,0.2536476257195058,0.3639843394359557,0.40254388988811485,0.6831843840970786,powerplay,DP Conway,2022.0,12437784.508000001,3.236459753979481
2017,JJ Roy,Gujarat Lions,35,23,152.17,6,0,26.09,8,34.78,0.089926884234577,0.600277312238417,0.5020674111484817,0.3875618365221877,0.48174194756703054,0.7623824417759942,powerplay,JJ Roy,2017.0,15598002.096,3.0884849521245408
2017,KH Pandya,Mumbai Indians,7,6,116.67,1,0,16.67,3,50.0,0.023173272868306508,0.47051647005951186,0.32726334776202226,0.5112136588667725,0.24770126215727942,0.5283417563662431,powerplay,,,,
2017,SPD Smith,Rising Pune Supergiant,151,136,111.03,14,3,12.5,49,36.03,0.3664775598948404,0.4499009447105253,0.24988193116737933,0.3977172095793974,0.5112642264226366,0.7919047206316003,powerplay,,,,
2022,RG Sharma,Mumbai Indians,203,154,131.82,22,10,20.78,75,48.7,0.5067306064928311,0.5208143428684229,0.3898720121091626,0.4682874314928623,0.7007478326297407,0.9813883268387045,powerplay,,,,
2023,Dhruv Jurel,Rajasthan Royals,1,7,14.29,0,0,0.0,6,85.71,0.029125944617063956,0.10384209195362633,0.04029542054995537,0.7966371153362884,-0.1456363936829423,0.1350041005260214,powerplay,,,,
2015,KK Nair,Rajasthan Royals,15,24,62.5,0,1,4.17,13,54.17,0.04902609641163384,0.2843363425286014,0.10206932569226114,0.5340934867183925,0.06709219893960755,0.34773269314857125,powerplay,,,,
2016,DJ Bravo,Gujarat Lions,0,1,0.0,0,0,0.0,1,100.0,0.02526116932499061,0.07044013757435136,0.03341025778225664,0.9545784342733715,-0.2159099100328278,0.06473058417613589,powerplay,,,,
2017,Mandeep Singh,Royal Challengers Bangalore,91,80,113.75,14,2,20.0,45,56.25,0.22343410696711793,0.45984318388592305,0.38905714086997456,0.5619905241528209,0.4151474336622982,0.695787927871262,powerplay,,,,
2023,KR Mayers,Lucknow Super Giants,275,171,160.82,31,14,26.32,74,43.27,0.5803386162943757,0.5980426047013462,0.4688761886010407,0.4692454528957326,0.8335128443879223,1.114153338596886,powerplay,,,,
2021,KD Karthik,Kolkata Knight Riders,6,4,150.0,1,0,25.0,1,25.0,0.039078007380589384,0.5993196492570941,0.5012087843183836,0.2917115704908606,0.468952712329033,0.7495932065379967,powerplay,,,,
2015,CJ Anderson,Mumbai Indians,13,23,56.52,3,0,13.04,19,82.61,0.04443804124445734,0.2630312596117339,0.26691693581190584,0.7492723796488249,0.062396970022143006,0.3430374642311067,powerplay,,,,
2013,DA Miller,Kings XI Punjab,14,17,82.35,2,0,11.76,9,52.94,0.0640512186067966,0.3825821416215151,0.2755075980578786,0.5007235285204218,0.21629340626611374,0.49693390047507746,powerplay,,,,
2015,RV Uthappa,Kolkata Knight Riders,234,163,143.56,31,6,22.7,58,35.58,0.5514181372174612,0.5731306604619261,0.44644657659609616,0.39344033553777585,0.8105686988118426,1.0912091930208063,powerplay,,,,
2015,AM Rahane,Rajasthan Royals,254,170,149.41,32,6,22.35,52,30.59,0.5972986888892263,0.5939725894023399,0.4399418794662342,0.3556856704279708,0.8660933904439652,1.146733884652929,powerplay,,,,
2016,RV Uthappa,Kolkata Knight Riders,222,151,147.02,30,3,21.85,49,32.45,0.5181814890649268,0.6085899086561276,0.46898402326190053,0.3392830635987563,0.8280980369682336,1.1087385311771973,powerplay,,,,
2025,KL Rahul,Delhi Capitals,189,144,131.25,22,6,19.44,57,39.58,0.38726057595796964,0.42992493643024465,0.29556177798887673,0.4557814504836521,0.521039293931397,0.8016797881403608,powerplay,KL Rahul,2025.0,146930000.0,0.35461736468481386
2016,SPD Smith,Rising Pune Supergiants,107,62,172.58,16,2,29.03,19,30.65,0.26283988199243735,0.7021493437591763,0.6121153567238612,0.3228873320337776,0.7399322883891423,1.020572782598106,powerplay,,,,
2021,RA Jadeja,Chennai Super Kings,2,5,40.0,0,0,0.0,4,80.0,0.029863984050503032,0.2513431329550766,0.07407441971066311,0.722250804843501,-0.03377899886531119,0.2468614953436525,powerplay,,,,
2025,RD Rickelton,Mumbai Indians,268,166,161.45,33,13,27.71,65,39.16,0.5423596037926343,0.5143917139591694,0.4095352586795358,0.4523758406747845,0.7396616542170478,1.0203021484260115,powerplay,RD Rickelton,2025.0,10495000.000000002,7.047752779581207
2021,AM Rahane,Delhi Capitals,8,8,100.0,1,0,12.5,4,50.0,0.04368501904563254,0.44114850548344975,0.2876416020145234,0.4874112224693335,0.23873762214396638,0.5193781163529301,powerplay,,,,
2022,N Rana,Kolkata Knight Riders,94,83,113.25,12,4,19.28,46,55.42,0.23918318388339044,0.456129560594164,0.36244428330587597,0.5234777290221861,0.4254679361847828,0.7061084303937465,powerplay,N Rana,2022.0,99502276.06400001,0.42759618474568484
2015,MS Dhoni,Chennai Super Kings,1,4,25.0,0,0,0.0,3,75.0,0.016909710241398302,0.15073423393620475,0.024570505602191428,0.6916946238400841,-0.10755677446981805,0.17308371973914566,powerplay,,,,
2019,MA Agarwal,Kings XI Punjab,117,102,114.71,11,3,13.73,41,40.2,0.26435776518069243,0.4375750311628901,0.26048729806352555,0.4507136880458987,0.4122789054408159,0.6929193996497796,powerplay,,,,
2013,MS Dhoni,Chennai Super Kings,14,8,175.0,1,1,25.0,2,25.0,0.0640512186067966,0.7600921405630049,0.5332539752340574,0.23645803197979873,0.600313924428326,0.8809544186372897,powerplay,,,,
2022,N Pooran,Sunrisers Hyderabad,0,9,0.0,0,0,0.0,9,100.0,0.008454213926625074,0.061646437677641844,0.009906542420965473,0.889606220667611,-0.22483733213072782,0.05580316207823588,powerplay,N Pooran,2022.0,133706183.46100001,-0.1681577667620057
2022,MK Lomror,Royal Challengers Bangalore,6,3,200.0,0,1,33.33,2,66.67,0.0231815949876952,0.7583053743955618,0.6193506764299939,0.615872200332438,0.49164410748170295,0.7722846016906666,powerplay,MK Lomror,2022.0,11815895.2826,4.160870553801322
2022,MM Ali,Chennai Super Kings,123,74,166.22,15,7,29.73,33,44.59,0.3103655256785627,0.640639679983905,0.553524127302106,0.43453265130751695,0.6873383224284954,0.967978816637459,powerplay,,,,
2014,DJ Hussey,Chennai Super Kings,6,12,50.0,1,0,8.33,9,75.0,0.015794624806146903,0.21912208526882937,0.188656155702084,0.7022367523794827,-0.003579013168574785,0.2770614810403889,powerplay,,,,
2024,C Green,Royal Challengers Bengaluru,40,39,102.56,4,1,12.82,20,51.28,0.09349208916291102,0.3643300564616889,0.2107635034227871,0.5565348610751464,0.1848418177788836,0.4654823119878473,powerplay,,,,
2019,CA Ingram,Delhi Capitals,9,12,75.0,1,0,8.33,6,50.0,0.03158034711025764,0.31435140916116444,0.18505532621765644,0.5304533568003897,0.10657887202661684,0.3872193662355805,powerplay,CA Ingram,2019.0,92432163.392,0.11530496324598764
2018,YK Pathan,Sunrisers Hyderabad,20,18,111.11,3,0,16.67,7,38.89,0.053862781400282715,0.4156943136297676,0.3153733564061501,0.45340061300261375,0.25683520841709334,0.537475702626057,powerplay,YK Pathan,2018.0,28354577.097,0.905798057006702
2013,AJ Finch,Pune Warriors,227,176,128.98,32,6,21.59,80,45.45,0.5986587836595954,0.5725798885253648,0.46687065603686934,0.4298807021392741,0.8463445557651678,1.1269850499741314,powerplay,,,,
2025,Azmatullah Omarzai,Punjab Kings,6,2,300.0,0,1,50.0,1,50.0,0.027980549454885675,0.9019040327218355,0.7167261758010338,0.5402730081227014,0.6337813325984811,0.9144218268074449,powerplay,Azmatullah Omarzai,2025.0,25188000.000000004,2.5162034802226496
2020,AJ Finch,Royal Challengers Bangalore,185,155,119.35,21,5,16.77,65,41.94,0.43535963894579405,0.5008735333572021,0.35038453052063756,0.4254416892609939,0.628765009791225,0.9094055040001887,powerplay,AJ Finch,2020.0,61132383.1932,1.0285301781939444
2021,MM Ali,Chennai Super Kings,78,71,109.86,11,3,19.72,39,54.93,0.2049304273221434,0.4723398550356124,0.41099800651323304,0.5260031938394883,0.4272624141546293,0.707902908363593,powerplay,MM Ali,2021.0,92828160.90100001,0.4602724108800334
2020,SPD Smith,Rajasthan Royals,107,87,122.99,11,5,18.39,43,49.43,0.25255082114691263,0.5153773114697159,0.38038683535690354,0.49577559379379127,0.48217071042485726,0.7628112046338209,powerplay,,,,
2016,SE Marsh,Kings XI Punjab,45,49,91.84,5,0,10.2,22,44.9,0.12517745035335603,0.40660987622317685,0.23674446409312008,0.4526868735898586,0.27417584515921967,0.5548163393681833,powerplay,,,,
2024,MM Ali,Chennai Super Kings,25,15,166.67,3,1,26.67,5,33.33,0.06290126836782087,0.5701850724109989,0.4226212455914193,0.3931481771456302,0.40764865827220576,0.6882891524811694,powerplay,,,,
2017,CA Lynn,Kolkata Knight Riders,169,80,211.25,17,12,36.25,26,32.5,0.40939059577315706,0.8162285955040428,0.6906034285589308,0.3690384360658373,0.9356867864023147,1.2163272806112784,powerplay,,,,
2021,MS Dhoni,Chennai Super Kings,3,5,60.0,0,0,0.0,2,40.0,0.03216748988302462,0.3146115904645343,0.07407441971066311,0.40913136167794434,0.09363386750510194,0.37427436171406564,powerplay,,,,
2014,GJ Maxwell,Kings XI Punjab,126,82,153.66,13,5,21.95,23,28.05,0.33168712092908526,0.6734059924481663,0.49711916178400284,0.26422787960003824,0.7464879518901412,1.0271284460991048,powerplay,,,,
2013,EJG Morgan,Kolkata Knight Riders,23,29,79.31,3,0,10.34,17,58.62,0.08664027065128105,0.3701954131079466,0.24786410443324314,0.5544467933862319,0.199614732054088,0.4802552262630517,powerplay,,,,
2021,Anmolpreet Singh,Mumbai Indians,16,14,114.29,2,1,21.43,9,64.29,0.062113065705805215,0.48635381837395736,0.44021399705240116,0.5992731435402288,0.31118171736313477,0.5918222115720985,powerplay,,,,
2024,D Padikkal,Lucknow Super Giants,27,32,84.38,3,0,9.38,17,53.13,0.06698004447383288,0.3059546986398443,0.15814324110797887,0.5733741571904446,0.10571359624044557,0.38635409044940927,powerplay,,,,
2013,SE Marsh,Kings XI Punjab,122,113,107.96,20,1,18.58,55,48.67,0.33511984314061005,0.4869321801848347,0.40827423645225464,0.46033649665827214,0.5571844220109384,0.8378249162199021,powerplay,,,,
2024,Kumar Kushagra,Delhi Capitals,2,3,66.67,0,0,0.0,2,66.67,0.01599534314868265,0.24908849473308595,0.01466124677283308,0.6966196001099794,-0.06504779709972983,0.21559269710923387,powerplay,Kumar Kushagra,2024.0,79833366.0,-0.08147946198301326
2018,SS Iyer,Delhi Daredevils,128,119,107.56,13,3,13.45,49,41.18,0.2920253588662269,0.4027929303226035,0.26012924339339344,0.47203585439896323,0.4104641554616213,0.691104649670585,powerplay,,,,
2013,RG Sharma,Mumbai Indians,43,58,74.14,4,1,8.62,29,50.0,0.13683816408346874,0.3491298254713842,0.21438043609917762,0.47291606395959745,0.2386318210592178,0.5192723152681815,powerplay,,,,
2025,SA Yadav,Mumbai Indians,102,80,127.5,11,4,18.75,36,45.0,0.21645531745650348,0.41943651206820926,0.2860525033000551,0.4997300342076106,0.361687126222049,0.6423276204310127,powerplay,,,,
2016,SR Watson,Royal Challengers Bangalore,6,9,66.67,1,0,11.11,6,66.67,0.03858334012877266,0.3144779911862546,0.25488506485222656,0.6509841381285171,0.10750870544109228,0.388149199650056,powerplay,SR Watson,2016.0,155456707.9905,0.0691566847328725
2013,SPD Smith,Pune Warriors,20,23,86.96,2,0,8.7,10,43.48,0.0791105866364529,0.40136596347926223,0.21593781602169232,0.41124780921926596,0.23776912549277518,0.5184096197017389,powerplay,,,,
2025,SO Hetmyer,Rajasthan Royals,0,1,0.0,0,0,0.0,1,100.0,0.01620087645478456,0.0628300837590072,0.027648299799467854,0.9457027472736097,-0.2268933462289911,0.0537471479799726,powerplay,,,,
2013,KA Pollard,Mumbai Indians,0,5,0.0,0,0,0.0,5,100.0,0.028912693204265216,0.04704033468323473,0.046572749448221366,0.9458321279191949,-0.2161415792190293,0.0644989149899344,powerplay,,,,
2024,JM Sharma,Punjab Kings,1,1,100.0,0,0,0.0,0,0.0,0.013955955095676644,0.3561099840731343,0.01466124677283308,0.08976777740352604,0.16888698393982557,0.44952747814878924,powerplay,,,,
2025,AR Patel,Delhi Capitals,52,33,157.58,6,2,24.24,11,33.33,0.11829137578899422,0.5035676600175489,0.361713254085027,0.4051027330897886,0.38765707505129543,0.6682975692602591,powerplay,,,,
2019,NS Naik,Kolkata Knight Riders,2,13,15.38,0,0,0.0,11,84.62,0.01649292186495168,0.1293453063220085,0.06869452520356578,0.8121459417269695,-0.13486425552352066,0.14577623868544304,powerplay,NS Naik,2019.0,2888505.106,-4.668998342546834
2025,Washington Sundar,Gujarat Titans,30,14,214.29,3,2,35.71,3,21.43,0.07509924145529012,0.6621806055031554,0.5197877188397863,0.30861045517187247,0.5324910328421519,0.8131315270511157,powerplay,Washington Sundar,2025.0,33584000.0,1.5855497642989278
2024,SV Samson,Rajasthan Royals,168,115,146.09,23,5,24.35,46,40.0,0.35453375994768016,0.5041033967248845,0.38713316170468803,0.4538606663829491,0.5737304291728113,0.8543709233817749,powerplay,,,,
2024,RA Tripathi,Sunrisers Hyderabad,94,64,146.88,11,4,23.44,25,39.06,0.2036190440252355,0.50664005968854,0.37321326673187544,0.44530448349193263,0.4505698900462226,0.7312103842551863,powerplay,,,,
2020,SV Samson,Rajasthan Royals,121,90,134.44,10,7,18.89,41,45.56,0.28536266023901957,0.56100045965331,0.38964680598538065,0.4594348447227732,0.54630096729446,0.8269414615034236,powerplay,,,,
2018,RA Jadeja,Chennai Super Kings,1,1,100.0,0,0,0.0,0,0.0,0.011963809438681416,0.3753184351670653,0.029373553945698887,0.13692701566460802,0.1693702597106599,0.4500107539196236,powerplay,,,,
2018,Q de Kock,Royal Challengers Bangalore,132,106,124.53,14,5,17.92,42,39.62,0.3008461950686693,0.4644651767233289,0.33681905245147487,0.45934110480145,0.48667578657932864,0.7673162807882923,powerplay,Q de Kock,2018.0,41785692.563999996,1.1646947955545408
2016,DA Miller,Kings XI Punjab,13,15,86.67,1,0,6.67,7,46.67,0.05412587273318508,0.3876856868850407,0.16637488092867425,0.46880934296208754,0.1713694351583456,0.4520099293673093,powerplay,,,,
2015,DA Warner,Sunrisers Hyderabad,322,190,169.47,46,11,30.0,69,36.32,0.7532925645732275,0.6654408106920326,0.5821159738760744,0.39903922375045237,1.0775948781236961,1.35823537233266,powerplay,,,,
2024,SS Iyer,Kolkata Knight Riders,28,35,80.0,4,0,11.43,19,54.29,0.06901943252683888,0.2918906685375517,0.18950124626651285,0.5839328509708479,0.11125658581892336,0.39189708002788703,powerplay,,,,
2022,Shahbaz Ahmed,Royal Challengers Bangalore,5,11,45.45,0,0,0.0,7,63.64,0.020727031477516845,0.21996218104678916,0.009906542420965473,0.5909872893928768,-0.04627552702302054,0.23436496718594316,powerplay,Shahbaz Ahmed,2022.0,29850682.8192,-0.155023345038044
2017,R Tewatia,Kings XI Punjab,4,3,133.33,1,0,33.33,2,66.67,0.016021100221920406,0.5314126850088234,0.6364178802480536,0.6466457139577207,0.370917554606256,0.6515580488152197,powerplay,R Tewatia,2017.0,3899500.524,9.5119247278823
2022,DJ Hooda,Lucknow Super Giants,93,89,104.49,12,1,14.61,42,47.19,0.23672862037321207,0.42561589916591913,0.277052620964977,0.45588604023255286,0.39009871324600304,0.6707392074549667,powerplay,,,,
2023,Abishek Porel,Delhi Capitals,3,3,100.0,0,0,0.0,0,0.0,0.03314939477529251,0.39291549635959827,0.04029542054995537,0.13545098461574073,0.20047490786279085,0.4811154020717545,powerplay,,,,
2013,WP Saha,Chennai Super Kings,56,38,147.37,5,4,23.68,18,47.37,0.16946679481439073,0.647511446868959,0.5075572065125652,0.4480406789953226,0.5533176985180497,0.8339581927270134,powerplay,,,,
2016,MS Dhoni,Rising Pune Supergiants,10,15,66.67,1,0,6.67,8,53.33,0.04746478733129403,0.3144779911862546,0.16637488092867425,0.5294735497525086,0.11123745695031337,0.39187795115927704,powerplay,,,,
2022,V Shankar,Gujarat Titans,12,29,41.38,0,0,0.0,16,55.17,0.03790897604876532,0.20578517168457947,0.009906542420965473,0.5214245185486249,-0.01874964479385105,0.26189084941511265,powerplay,V Shankar,2022.0,17412898.3112,-0.10767676040347202
2016,UBT Chand,Mumbai Indians,0,3,0.0,0,0,0.0,3,100.0,0.02526116932499061,0.07044013757435136,0.03341025778225664,0.9545784342733715,-0.2159099100328278,0.06473058417613589,powerplay,,,,
2016,HM Amla,Kings XI Punjab,74,60,123.33,7,3,16.67,23,38.33,0.189567942571636,0.5218753931009155,0.36572214201775616,0.39284245337768653,0.4593142785024509,0.7399547727114146,powerplay,,,,
2025,SS Iyer,Punjab Kings,115,90,127.78,10,4,15.56,31,34.44,0.2419779422900559,0.42021964775390797,0.24208933481115522,0.41410327329893876,0.3884013963843369,0.6690418905933007,powerplay,,,,
2014,KD Karthik,Delhi Daredevils,92,76,121.05,11,2,17.11,34,44.74,0.24218424702758606,0.5304945684358359,0.38750382041568515,0.4199332701578429,0.5073914199796923,0.788031914188656,powerplay,KD Karthik,2014.0,242127297.96249998,0.20955564459248857
2018,WP Saha,Sunrisers Hyderabad,73,56,130.36,12,0,21.43,21,37.5,0.1707388610826442,0.48565251888692523,0.39703856694674683,0.4420892656048296,0.42545792375416513,0.7060984179631289,powerplay,WP Saha,2018.0,74617308.14999999,0.5701866420842805
2015,AR Patel,Kings XI Punjab,12,13,92.31,2,0,15.38,7,53.85,0.042144013660869103,0.39054111205231734,0.3104054823372688,0.5316723458696675,0.20916653024572465,0.4898070244546884,powerplay,,,,
2020,RA Jadeja,Chennai Super Kings,7,6,116.67,1,0,16.67,3,50.0,0.01818054191757748,0.49019492749414256,0.3485325363949422,0.501128107222856,0.2661431064920005,0.5467836007009642,powerplay,,,,
2024,YBK Jaiswal,Rajasthan Royals,245,148,165.54,40,6,31.08,58,39.19,0.5115666400291429,0.5665566810832384,0.49007919815197276,0.4464877853811157,0.7791209561189867,1.0597614503279504,powerplay,,,,
2020,WP Saha,Sunrisers Hyderabad,73,44,165.91,10,2,27.27,15,34.09,0.1728649262089387,0.6863943874557297,0.5448439137186573,0.3517272499308927,0.6211507208891437,0.9017912150981073,powerplay,,,,
2025,JP Inglis,Punjab Kings,141,91,154.95,10,11,23.08,42,46.15,0.29302319195716076,0.4962117783983081,0.3457266473617907,0.5090549182080815,0.4853849586152641,0.7660254528242278,powerplay,JP Inglis,2025.0,27287000.000000004,1.778813935629655
2025,P Simran Singh,Punjab Kings,352,233,151.07,39,16,23.61,86,36.91,0.7072750257940499,0.4853597553250555,0.35303087284740736,0.4341315024129936,0.8371243403552029,1.1177648345641666,powerplay,,,,
2018,SR Watson,Chennai Super Kings,233,166,140.36,13,19,19.28,76,45.78,0.5235723091803393,0.5219944436958383,0.3601519697487882,0.5094690903916305,0.6890827284616561,0.9697232226706198,powerplay,SR Watson,2018.0,59693846.519999996,1.1543614101510176
2015,F du Plessis,Chennai Super Kings,113,85,132.94,16,1,20.0,32,37.65,0.27384079960328267,0.5352945433085593,0.3962674844514467,0.4091020904029655,0.5423096522191672,0.8229501464281308,powerplay,,,,
2022,AJ Finch,Kolkata Knight Riders,53,41,129.27,7,1,19.51,17,41.46,0.13854607996607787,0.5119319414252694,0.3666498683890467,0.40882645617853125,0.4091473386070087,0.6897878328159723,powerplay,,,,
2020,RD Gaikwad,Chennai Super Kings,73,65,112.31,5,3,12.31,28,43.08,0.1728649262089387,0.4728222701945382,0.26778559251462164,0.4361467161191233,0.3643625778602629,0.6450030720692266,powerplay,,,,
2013,MN Samuels,Pune Warriors,2,9,22.22,0,0,0.0,7,77.78,0.03393248254748399,0.1375775411212261,0.046572749448221366,0.7356682290955497,-0.10380797487836504,0.17683251933059865,powerplay,,,,
2021,SK Raina,Chennai Super Kings,20,23,86.96,4,0,17.39,14,60.87,0.07132708903589155,0.39989747118728336,0.3711890837317935,0.5725014311495735,0.25229506515678995,0.5329355593657537,powerplay,,,,
2016,V Kohli,Royal Challengers Bangalore,283,231,122.51,28,7,15.15,81,35.06,0.6536235589033778,0.5188738775772653,0.33542135833221565,0.36305687436797535,0.8243583348504394,1.104998829059403,powerplay,,,,
2013,DJG Sammy,Sunrisers Hyderabad,14,9,155.56,3,0,33.33,4,44.44,0.0640512186067966,0.6808822713841323,0.695416159665898,0.4203277976472902,0.5785210431329704,0.8591615373419341,powerplay,DJG Sammy,2013.0,52331263.46299,1.105497946828888
2016,MA Agarwal,Delhi Daredevils,10,15,66.67,1,0,6.67,8,53.33,0.04746478733129403,0.3144779911862546,0.16637488092867425,0.5294735497525086,0.11123745695031337,0.39187795115927704,powerplay,,,,
2022,JO Holder,Lucknow Super Giants,4,10,40.0,1,0,10.0,9,90.0,0.01827246796733849,0.2009782250212258,0.1927580677762095,0.8074778017251648,-0.04039512313377144,0.24024537107519225,powerplay,JO Holder,2022.0,108830614.44500001,-0.03711742632325762
2023,SM Curran,Punjab Kings,25,19,131.58,2,1,15.79,5,26.32,0.0774073465158066,0.4994250998030774,0.29741131445294305,0.3384893577409865,0.34392671129571245,0.6245672055046761,powerplay,SM Curran,2023.0,218870934.4755,0.15713676743780292
2016,AB de Villiers,Royal Challengers Bangalore,177,122,145.08,21,6,22.13,40,32.79,0.4182652080365613,0.6014887621733453,0.47456574657239475,0.3423800351165856,0.7461971229385237,1.0268376171474873,powerplay,,,,
2017,N Rana,Mumbai Indians,108,96,112.5,8,4,12.5,38,39.58,0.26396308529663925,0.45527414014722917,0.24988193116737933,0.4265584690618728,0.4232868666176849,0.7039273608266485,powerplay,,,,
2022,AT Rayudu,Chennai Super Kings,52,69,75.36,6,2,11.59,46,66.67,0.13609151645589954,0.3241475250329541,0.22183146030769332,0.615872200332438,0.1860094727199273,0.466649966928891,powerplay,,,,
2021,Mandeep Singh,Punjab Kings,13,11,118.18,2,0,18.18,4,36.36,0.05520254820824045,0.4986595333595468,0.38468652965339745,0.3806374923498787,0.352409495885431,0.6330499900943947,powerplay,,,,
2024,M Shahrukh Khan,Gujarat Titans,18,12,150.0,3,0,25.0,4,33.33,0.04862555199677881,0.5166582729120909,0.39707594382812567,0.3931481771456302,0.35796929963243596,0.6386097938413997,powerplay,,,,
2023,Ishan Kishan,Mumbai Indians,318,214,148.6,36,15,23.83,86,40.19,0.6668427946962896,0.5568283122985813,0.42833036366003746,0.44548564327469314,0.8709913625709313,1.151631856779895,powerplay,,,,
2016,SV Samson,Delhi Daredevils,97,113,85.84,10,0,8.85,52,46.02,0.2406362639861339,0.38464756751354107,0.20983258384609407,0.4628886621191786,0.34039085904066646,0.6210313532496301,powerplay,SV Samson,2016.0,68728228.7958,0.4952708152162767
2018,Yuvraj Singh,Kings XI Punjab,14,21,66.67,3,0,14.29,16,76.19,0.04063152709661914,0.2541907997789583,0.2745407511358517,0.7569353309431541,0.056063360294961506,0.3367038545039252,powerplay,Yuvraj Singh,2018.0,29846923.259999998,0.18783631333316034
2020,RV Uthappa,Rajasthan Royals,106,78,135.9,13,4,21.79,33,42.31,0.2502071183546193,0.5668179091160216,0.44335463563054794,0.4289161278026676,0.5544093969346525,0.8350498911436162,powerplay,RV Uthappa,2020.0,41681170.359,1.330119553168789
2018,DJ Hooda,Sunrisers Hyderabad,1,7,14.29,0,0,0.0,6,85.71,0.011963809438681416,0.06383179762987204,0.029373553945698887,0.8344058541279783,-0.19561671059694782,0.08502378361201587,powerplay,,,,
2020,Q de Kock,Mumbai Indians,296,202,146.53,28,13,20.3,74,36.63,0.6955106488903562,0.6091737226698735,0.4157599231576861,0.37557880100075985,0.9354137055679526,1.2160541997769163,powerplay,,,,
2017,WP Saha,Kings XI Punjab,73,54,135.19,11,1,22.22,21,38.89,0.18052107108880122,0.5382114220919999,0.4302530029419427,0.42095270313429306,0.4808506083006272,0.761491102509591,powerplay,,,,
2015,MS Bisla,Royal Challengers Bangalore,29,23,126.09,4,1,21.74,13,56.52,0.0811424825818694,0.5108898914723482,0.42860512161133196,0.5518737398262166,0.3476691145789041,0.6283096087878678,powerplay,,,,
2025,B Sai Sudharsan,Gujarat Titans,388,230,168.7,51,11,26.96,64,27.83,0.7779530637946566,0.5346693343924377,0.3991990905395123,0.3605054617831887,0.9611850704397682,1.241825564648732,powerplay,,,,
2017,GJ Maxwell,Kings XI Punjab,10,15,66.67,2,0,13.33,11,73.33,0.030325445514692635,0.28775472051175816,0.2652839877077999,0.7007535416065338,0.07728944865418302,0.3579299428631467,powerplay,,,,
2022,B Sai Sudharsan,Gujarat Titans,37,30,123.33,4,1,16.67,10,33.33,0.09927306380322419,0.4912411710047472,0.31472003518815733,0.34205605157832253,0.3640462369061269,0.6446867311150906,powerplay,B Sai Sudharsan,2022.0,2487556.9016,14.634689830490787
2019,S Dube,Royal Challengers Bangalore,5,4,125.0,1,0,25.0,2,50.0,0.022958961255797095,0.4695058060406981,0.4179166170825894,0.5304533568003897,0.2820465426720351,0.5626870368809989,powerplay,,,,
2023,Mandeep Singh,Kolkata Knight Riders,5,9,55.56,0,0,0.0,5,55.56,0.03717284493352106,0.2430330778343224,0.04029542054995537,0.5640532646628021,0.00017177471261731192,0.280812268921581,powerplay,Mandeep Singh,2023.0,5915430.661499999,0.0029038411984995583
2020,SO Hetmyer,Delhi Capitals,23,26,88.46,4,0,15.38,15,57.69,0.05567978659427111,0.377790647122161,0.3246418121734712,0.5733400866430443,0.20752594232164615,0.48816643653060987,powerplay,SO Hetmyer,2020.0,107676356.76075,0.1927312072628493
2013,YK Pathan,Kolkata Knight Riders,61,51,119.61,7,2,17.65,24,47.06,0.18201626817243766,0.534401057547688,0.39016969485302155,0.4451085993987731,0.4548573261760218,0.7354978203849856,powerplay,,,,
2021,SN Khan,Punjab Kings,0,3,0.0,0,0,0.0,3,100.0,0.02525697238545988,0.12480621793616115,0.07407441971066311,0.8788105264262793,-0.1477009821816369,0.1329395120273268,powerplay,SN Khan,2021.0,69621120.67575,-0.2121496763453898
2015,MK Tiwary,Delhi Daredevils,19,25,76.0,3,0,12.0,13,52.0,0.05820220674598686,0.33243310162186424,0.24758869291174462,0.5176751253379762,0.16889069041661384,0.4495311846255775,powerplay,,,,
2019,MK Pandey,Sunrisers Hyderabad,94,65,144.62,13,2,23.08,25,38.46,0.21478479651754429,0.5303883913762272,0.39109636042628043,0.4365558284915299,0.48204864654651625,0.7626891407554799,powerplay,,,,
2022,Abhishek Sharma,Sunrisers Hyderabad,245,176,139.2,35,4,22.16,71,40.34,0.6098222739203221,0.5465210576333142,0.41510552260818623,0.39962807325697736,0.8280274111495054,1.1086679053584692,powerplay,Abhishek Sharma,2022.0,6840781.479400001,12.104280974958597
2017,SS Tiwary,Mumbai Indians,25,18,138.89,5,0,27.78,8,44.44,0.06608630874662325,0.5517357915585335,0.5334282250681333,0.4660425595083039,0.42896687620473406,0.7096073704136978,powerplay,,,,
2017,MN Samuels,Delhi Daredevils,1,4,25.0,0,0,0.0,3,75.0,0.008868927575534279,0.13544107843866027,0.017923248329720705,0.7143211200109658,-0.13141519297515786,0.14922530123380584,powerplay,,,,
2025,JG Bethell,Royal Challengers Bengaluru,40,21,190.48,4,3,33.33,8,38.1,0.09473202978879199,0.595586103087139,0.48698761194211176,0.44378073020478526,0.4595888816871178,0.7402293758960815,powerplay,JG Bethell,2025.0,27287000.000000004,1.684277794140498
2013,BB Samantray,Sunrisers Hyderabad,22,26,84.62,3,0,11.54,15,57.69,0.08413037597967167,0.39183144218921273,0.27122480327096327,0.5456505545965835,0.2215760169713021,0.5022165111802658,powerplay,,,,
2023,V Shankar,Gujarat Titans,60,43,139.53,9,1,23.26,17,39.53,0.14781772428480625,0.5262379987066764,0.41904878927595246,0.44039425549875616,0.437826857305735,0.7184673515146986,powerplay,,,,
2019,WP Saha,Sunrisers Hyderabad,68,40,170.0,11,1,30.0,11,27.5,0.1587457884635507,0.6091447632322784,0.4877610354583942,0.3473775867007929,0.5468482023330192,0.827488696541983,powerplay,WP Saha,2019.0,17331030.636,3.1553126517306285
2019,JM Bairstow,Sunrisers Hyderabad,195,137,142.34,28,4,23.36,54,39.42,0.4324747893426731,0.5233133508785204,0.3950076478553255,0.4443670613491127,0.6520798300435613,0.932720324252525,powerplay,JM Bairstow,2019.0,31773556.166,2.0522721052588184
2014,KA Pollard,Mumbai Indians,9,7,128.57,0,1,14.29,3,42.86,0.023691937209220363,0.5634505300602678,0.32363703061017773,0.40239425672173307,0.32559720155557026,0.6062376957645339,powerplay,,,,
2024,Shubman Gill,Gujarat Titans,177,140,126.43,17,5,15.71,49,35.0,0.3728882524247342,0.44097580955340676,0.25497064240237893,0.4083490552605212,0.511030579219405,0.7916710734283687,powerplay,,,,
2023,PN Mankad,Lucknow Super Giants,46,39,117.95,8,0,20.51,20,51.28,0.1196535731772064,0.4534553121230704,0.3742692637387,0.5310363863582409,0.331560767378243,0.6122012615872068,powerplay,PN Mankad,2023.0,2366172.2646,14.012537140202392
2014,KK Cooper,Rajasthan Royals,11,9,122.22,0,1,11.11,3,33.33,0.028956812144602672,0.5356220252311266,0.25161703359545656,0.3134863854206019,0.3101582118230203,0.5907987060319839,powerplay,KK Cooper,2014.0,5811055.151099999,5.3373820030654695
2014,Yuvraj Singh,Royal Challengers Bangalore,19,32,59.38,1,0,3.13,19,59.38,0.050016311886131905,0.2602293884652618,0.07088760712455253,0.556513672660315,0.035073065149490545,0.31571355935845424,powerplay,Yuvraj Singh,2014.0,271182573.718,0.012933377196265815
2021,V Kohli,Royal Challengers Bangalore,183,156,117.31,19,4,14.74,56,35.9,0.4467985397369096,0.4959073554578854,0.32591284108337515,0.3770366187534748,0.6389423023799468,0.9195827965889105,powerplay,,,,
2024,RR Pant,Delhi Capitals,48,32,150.0,3,4,21.88,13,40.63,0.10980719358695909,0.5166582729120909,0.3493505896356251,0.45959512938437497,0.3655041178463316,0.6461446120552953,powerplay,,,,
2016,UT Khawaja,Rising Pune Supergiants,100,71,140.85,12,3,21.13,26,36.62,0.24729734938802495,0.586005334533052,0.4546310204634865,0.37726650839095677,0.5822445534682279,0.8628850476771917,powerplay,,,,
2017,EJG Morgan,Kings XI Punjab,28,30,93.33,2,1,10.0,13,43.33,0.07323848139300937,0.38520328537062043,0.20349019459984763,0.4570245882335018,0.20565563889959862,0.48629613310856235,powerplay,EJG Morgan,2017.0,31196004.192,0.659237117785545
2019,P Negi,Royal Challengers Bangalore,4,3,133.33,1,0,33.33,1,33.33,0.02080361479218195,0.49535452856082846,0.5342774180966801,0.3948145529088218,0.38630062838501933,0.666941122593983,powerplay,,,,
2016,MJ Guptill,Mumbai Indians,26,28,92.86,2,1,10.71,15,53.57,0.08299057614137953,0.41034346870381494,0.24691117440866334,0.5316596472945058,0.22317632956055786,0.5038168237695215,powerplay,,,,
2024,DJ Mitchell,Chennai Super Kings,129,88,146.59,13,4,19.32,26,29.55,0.2749976258804458,0.505708879613274,0.3101913246571632,0.3587413991370748,0.5048162168655947,0.7854567110745585,powerplay,DJ Mitchell,2024.0,155231545.0,0.32520208238962944
2022,E Lewis,Lucknow Super Giants,10,11,90.91,2,0,18.18,7,63.64,0.032999849028408614,0.3783127573627723,0.3423306155167991,0.5909872893928768,0.19230884806880957,0.4729493422777733,powerplay,E Lewis,2022.0,24875569.016000003,0.7730832124688937
2022,SA Yadav,Mumbai Indians,55,35,157.14,7,1,22.86,11,31.43,0.1434552069864346,0.6090113642569115,0.4279051293830533,0.32645165197925774,0.5138916603462002,0.7945321545551638,powerplay,SA Yadav,2022.0,6218892.254000001,8.263395462683315
2017,HM Amla,Kings XI Punjab,156,117,133.33,17,5,18.8,41,35.04,0.37839784763881723,0.5314126850088234,0.3667891073175593,0.38967415411808726,0.6165774726729409,0.8972179668819047,powerplay,,,,
2022,Tilak Varma,Mumbai Indians,46,45,102.22,3,2,11.11,19,42.22,0.1213641353948294,0.4177088202341707,0.21305458709064157,0.41506821601815713,0.27729981781829044,0.5579403120272541,powerplay,Tilak Varma,2022.0,2487556.9016,11.147476370889478
2021,Virat Singh,Sunrisers Hyderabad,1,3,33.33,0,0,0.0,2,66.67,0.027560478217981466,0.23024310237567241,0.07407441971066311,0.6179037504085794,-0.014867702490554024,0.2657727917184097,powerplay,,,,
2022,B Indrajith,Kolkata Knight Riders,19,20,95.0,2,0,10.0,9,45.0,0.0550909206200138,0.39255943261865384,0.1927580677762095,0.4378999164841572,0.19572360835938507,0.47636410256834877,powerplay,B Indrajith,2022.0,2487556.9016,7.868105780153024
2014,KM Jadhav,Delhi Daredevils,0,4,0.0,0,0,0.0,4,100.0,0.0,0.0,0.0,0.9354683140298791,-0.2806404942089637,0.0,powerplay,,,,
2022,SV Samson,Rajasthan Royals,177,121,146.28,21,8,23.97,53,43.8,0.44291195522819393,0.5711827839931285,0.4482016486974854,0.42804450621106366,0.7131983462296689,0.9938388404386327,powerplay,,,,
2021,Shahbaz Ahmed,Royal Challengers Bangalore,14,10,140.0,0,1,10.0,2,20.0,0.05750605404076204,0.5676854205023651,0.24492816555375133,0.252571640095166,0.36429373595443054,0.6449342301633942,powerplay,,,,
2023,Harpreet Singh,Punjab Kings,20,19,105.26,2,1,15.79,9,47.37,0.06734872112023521,0.4106558546278915,0.29741131445294305,0.5008737708977655,0.24277986444462865,0.5234203586535924,powerplay,,,,
2024,R Tewatia,Gujarat Titans,5,3,166.67,1,0,33.33,1,33.33,0.02211350730770067,0.5701850724109989,0.5244965208869491,0.3931481771456302,0.42086232330709805,0.7015028175160618,powerplay,,,,
2024,WG Jacks,Royal Challengers Bengaluru,91,65,140.0,7,6,20.0,26,40.0,0.19750087986621748,0.48454861514429953,0.3205930044170672,0.4538606663829491,0.40838366353791933,0.689024157746883,powerplay,,,,
2024,HH Pandya,Mumbai Indians,23,14,164.29,4,0,28.57,5,35.71,0.05882249226180885,0.5625429738622646,0.4516847625676214,0.41481170403990597,0.4071441126840372,0.6877846068930009,powerplay,,,,
2024,RG Sharma,Mumbai Indians,262,159,164.78,25,19,27.67,71,44.65,0.546236236930245,0.5641163470928864,0.4379178334736309,0.49618646472680694,0.767254248735731,1.0478947429446948,powerplay,,,,
2013,DH Yagnik,Rajasthan Royals,0,2,0.0,0,0,0.0,2,100.0,0.028912693204265216,0.04704033468323473,0.046572749448221366,0.9458321279191949,-0.2161415792190293,0.0644989149899344,powerplay,,,,
2016,SA Yadav,Kolkata Knight Riders,42,36,116.67,4,2,16.67,18,50.0,0.11851636495146502,0.4974972304332197,0.36572214201775616,0.499141446357298,0.3583942371785828,0.6390347313875465,powerplay,,,,
2013,SR Watson,Rajasthan Royals,216,158,136.71,32,5,23.42,63,39.87,0.5710499422718922,0.6040764054365112,0.5024957217643925,0.37710326940138295,0.8718702505093312,1.152510744718295,powerplay,,,,
2024,F du Plessis,Royal Challengers Bengaluru,291,167,174.25,36,14,29.94,61,36.53,0.6053784904674193,0.5945241929989847,0.4726410879662515,0.4222756082639841,0.8675706959790458,1.1482111901880094,powerplay,,,,
2020,RR Pant,Delhi Capitals,43,60,71.67,2,1,5.0,31,51.67,0.10255384244013814,0.3108899783009781,0.13240482192628603,0.5168100325325717,0.14202722320965674,0.4226677174186204,powerplay,,,,
2020,MK Lomror,Rajasthan Royals,14,17,82.35,1,0,5.88,7,41.18,0.03458646146363094,0.35344501957615576,0.14870237023240576,0.41830500468890774,0.14581624415689293,0.4264567383658566,powerplay,,,,
2014,S Dhawan,Sunrisers Hyderabad,217,177,122.6,34,3,20.9,78,44.07,0.5712389304889802,0.5372873530791696,0.4733389740904629,0.41368266430561224,0.8145325599797937,1.0951730541887574,powerplay,,,,
2023,Atharva Taide,Punjab Kings,121,67,180.6,13,6,28.36,19,28.36,0.2705329541107771,0.6647544462501751,0.502094454817766,0.3542263745029736,0.668478178730812,0.9491186729397756,powerplay,,,,
2016,SK Raina,Gujarat Lions,199,136,146.32,20,10,22.06,53,38.97,0.46711316765042893,0.60602763930667,0.4731703157447712,0.39867204682301227,0.7700293818119215,1.0506698760208852,powerplay,,,,
2017,SE Marsh,Kings XI Punjab,122,101,120.79,18,1,18.81,40,39.6,0.29733989097977453,0.4855760382222468,0.3669746742638294,0.42672095503078816,0.5177822488044298,0.7984227430133934,powerplay,,,,
2016,RR Pant,Delhi Daredevils,49,39,125.64,7,0,17.95,14,35.9,0.1340588975558774,0.5303308819541253,0.3912385914371585,0.3707082157649654,0.4372574604389963,0.71789795464796,powerplay,RR Pant,2016.0,31091341.5981,1.4063640806857858
2018,S Dhawan,Sunrisers Hyderabad,276,187,147.59,35,8,22.99,57,30.48,0.6183962983565948,0.5482696553326822,0.42380279561131207,0.38496289241602005,0.8440742566519015,1.1247147508608653,powerplay,,,,
2018,AT Rayudu,Chennai Super Kings,234,158,148.1,23,14,23.42,65,41.14,0.5257775182309499,0.5501230934979369,0.43118011505090387,0.47171034799902706,0.748201508706927,1.0288420029158907,powerplay,,,,
2021,JA Richardson,Punjab Kings,0,4,0.0,0,0,0.0,4,100.0,0.02525697238545988,0.12480621793616115,0.07407441971066311,0.8788105264262793,-0.1477009821816369,0.1329395120273268,powerplay,JA Richardson,2021.0,185656321.80200002,-0.07955612862952118
2021,M Shahrukh Khan,Punjab Kings,0,5,0.0,0,0,0.0,5,100.0,0.02525697238545988,0.12480621793616115,0.07407441971066311,0.8788105264262793,-0.1477009821816369,0.1329395120273268,powerplay,,,,
2021,RV Uthappa,Chennai Super Kings,55,45,122.22,5,2,15.56,18,40.0,0.15194979317414695,0.5114397617764573,0.33992284824250835,0.40913136167794434,0.40750558863329167,0.6881460828422554,powerplay,,,,
2018,JP Duminy,Mumbai Indians,13,19,68.42,2,0,10.53,12,63.16,0.03842631804600856,0.2605506366205181,0.2100320974315148,0.650901621163925,0.06026033024207003,0.34090082445103376,powerplay,JP Duminy,2018.0,14923461.629999999,0.40379592708524986
2018,G Gambhir,Delhi Daredevils,55,56,98.21,6,1,12.5,24,42.86,0.1310450981716535,0.36881323062626986,0.24383051439894665,0.48570712319628523,0.25325428837109815,0.5338947825800618,powerplay,G Gambhir,2018.0,41785692.563999996,0.606078953898413
2024,Sikandar Raza,Punjab Kings,8,5,160.0,2,0,40.0,3,60.0,0.028231671466718716,0.548767930679882,0.6265247620613011,0.6359071108726605,0.38813331217910335,0.668773806388067,powerplay,,,,
2017,CH Morris,Delhi Daredevils,2,2,100.0,0,0,0.0,0,0.0,0.011252985124329639,0.40958370276029077,0.017923248329720705,0.10499873657838589,0.19036008025446766,0.47100057446343135,powerplay,,,,
2024,RR Rossouw,Punjab Kings,82,52,157.69,16,1,32.69,24,46.15,0.1791463873891634,0.5413505997355224,0.5147067046423336,0.5098399480635353,0.4926584424490814,0.7732989366580452,powerplay,RR Rossouw,2024.0,88703740.0,0.555397599299738
2013,NLTC Perera,Sunrisers Hyderabad,4,4,100.0,1,0,25.0,3,75.0,0.038952271890702765,0.4544985094716748,0.5332539752340574,0.709374095939396,0.28556313232190667,0.5662036265308703,powerplay,NLTC Perera,2013.0,83114359.61769001,0.3435785749122557
2014,DA Warner,Sunrisers Hyderabad,128,102,125.49,16,2,17.65,37,36.27,0.3369519958644676,0.549952609607708,0.39973363122950567,0.34091441707068854,0.622143710427499,0.9027842046364627,powerplay,DA Warner,2014.0,106536011.1035,0.583975037157234
2013,MR Marsh,Pune Warriors,0,3,0.0,0,0,0.0,3,100.0,0.028912693204265216,0.04704033468323473,0.046572749448221366,0.9458321279191949,-0.2161415792190293,0.0644989149899344,powerplay,,,,
2022,Shubman Gill,Gujarat Titans,219,185,118.38,26,4,16.22,73,39.46,0.5460036226556848,0.47399886232097865,0.3064917165471713,0.392400772390042,0.6940033700142517,0.9746438642232154,powerplay,,,,
2024,DJ Hooda,Lucknow Super Giants,60,40,150.0,7,2,22.5,14,35.0,0.13427985022303118,0.5166582729120909,0.35883447412259645,0.4083490552605212,0.40472381341148256,0.6853643076204463,powerplay,,,,
2020,SP Narine,Kolkata Knight Riders,24,26,92.31,2,2,15.38,15,57.69,0.05802348938656445,0.3931311816642428,0.3246418121734712,0.5733400866430443,0.21707117182652177,0.49771166603548544,powerplay,,,,
2025,Q de Kock,Kolkata Knight Riders,79,60,131.67,4,7,18.33,28,46.67,0.17129990428944922,0.4310996399587925,0.28026424914164194,0.5132713874952509,0.32472723927611924,0.6053677334850829,powerplay,Q de Kock,2025.0,37782000.0,0.8594760448788292
2014,RV Uthappa,Kolkata Knight Riders,302,210,143.81,39,8,22.38,75,35.71,0.7949961152427282,0.6302389416502071,0.5068577148394526,0.33569003008971965,1.0784953256701237,1.3591358198790875,powerplay,RV Uthappa,2014.0,96850919.185,1.1135623025012633
2024,P Simran Singh,Punjab Kings,232,136,170.59,27,13,29.41,55,40.44,0.48505459534006473,0.5827720582559731,0.46453389638867926,0.45786568816172263,0.7511102523264273,1.031750746535391,powerplay,,,,
2025,JM Sharma,Royal Challengers Bengaluru,8,11,72.73,1,0,9.09,7,63.64,0.031907107121586044,0.26624957811922895,0.15292265765655255,0.6508742409630692,0.032203398413411216,0.3128438926223749,powerplay,JM Sharma,2025.0,115445000.00000001,0.02789501356785587
2025,RA Jadeja,Chennai Super Kings,50,38,131.58,7,1,21.05,16,42.11,0.11436481812229383,0.43084791777410375,0.31775008559612716,0.4762961952846881,0.3070144933177378,0.5876549875267014,powerplay,,,,
2014,STR Binny,Rajasthan Royals,1,3,33.33,0,0,0.0,2,66.67,0.0026324374676911537,0.14606678204020165,0.0,0.6245239960375706,-0.11221785781701742,0.16842263639194627,powerplay,,,,
2022,JC Buttler,Rajasthan Royals,368,254,144.88,39,21,23.62,119,46.85,0.9117335856722597,0.5663061714361031,0.4418018453100519,0.45309367398850975,1.0754226824488298,1.3560631766577935,powerplay,,,,
2024,MR Marsh,Delhi Capitals,34,20,170.0,5,2,35.0,9,45.0,0.08125576084487494,0.5808775884476735,0.5500418226502427,0.4993722775053769,0.45315053984073284,0.7337910340496965,powerplay,,,,
2014,CA Pujara,Kings XI Punjab,64,63,101.59,11,0,17.46,32,50.79,0.16847599793223378,0.44521225284920757,0.39543054964686514,0.47637530807723877,0.3924180796883085,0.6730585738972722,powerplay,CA Pujara,2014.0,36803349.2903,1.0662564338722709
2021,RM Patidar,Royal Challengers Bangalore,23,27,85.19,2,0,7.41,9,33.33,0.07823760653345628,0.3942982126976963,0.2006770453803915,0.3569186945300878,0.24296825363776303,0.5236087478467267,powerplay,RM Patidar,2021.0,2652233.1686,9.160893412927775
2016,P Negi,Delhi Daredevils,1,5,20.0,0,0,0.0,4,80.0,0.02748153112562095,0.14364783327313738,0.03341025778225664,0.7724036391069421,-0.12287733419300167,0.15776316001596202,powerplay,P Negi,2016.0,139092843.9915,-0.08834195251663036
2018,E Lewis,Mumbai Indians,242,160,151.25,26,13,24.38,70,43.75,0.5434191906358345,0.5615707998127445,0.4476504096137133,0.49294964059486646,0.769078544562751,1.0497190387717148,powerplay,E Lewis,2018.0,56709154.194,1.3561805946386727
2015,RG Sharma,Mumbai Indians,111,76,146.05,12,5,22.37,30,39.47,0.26925274443610614,0.5820018404724613,0.4403135764450835,0.42287232898008886,0.5776825264913765,0.8583230207003403,powerplay,RG Sharma,2015.0,5236600.1181,11.031633377821823
2018,KS Williamson,Sunrisers Hyderabad,199,176,113.07,23,3,14.77,70,39.77,0.4485952014595791,0.4228173308923146,0.2827758984172564,0.46056175380121095,0.5593654547612228,0.8400059489701865,powerplay,,,,
2016,RA Jadeja,Gujarat Lions,22,20,110.0,2,1,15.0,8,40.0,0.07410912893885815,0.47308246391767456,0.3324311494158794,0.4080540487740834,0.3230063377148445,0.6036468319238082,powerplay,,,,
2021,AB de Villiers,Royal Challengers Bangalore,11,17,64.71,1,0,5.88,9,52.94,0.050595536543197296,0.3295113122080116,0.17453642226639896,0.5104255015420018,0.13064582489584262,0.4112863191048063,powerplay,,,,
2022,RR Pant,Delhi Capitals,75,51,147.06,12,1,25.49,20,39.22,0.1925464771900017,0.5738997538463284,0.4759950805514825,0.3904296903354233,0.5380559378227058,0.8186964320316694,powerplay,,,,
2013,RE van der Merwe,Delhi Daredevils,7,8,87.5,1,0,12.5,4,50.0,0.04648195590553091,0.4035662376231199,0.2899133623411394,0.47291606395959745,0.2275548774016182,0.5081953716105819,powerplay,,,,
2023,B Sai Sudharsan,Gujarat Titans,93,78,119.23,12,1,16.67,32,41.03,0.21420465189557739,0.45777235748113415,0.3117407626248639,0.45196559135315845,0.4049435660322702,0.685584060241234,powerplay,,,,
2025,SP Narine,Kolkata Knight Riders,184,107,171.96,20,13,30.84,45,42.06,0.37744418179121875,0.5437872713045006,0.4526715337172338,0.47589076554553716,0.6347839415943194,0.915424435803283,powerplay,,,,
2023,SA Yadav,Mumbai Indians,72,58,124.14,7,1,13.79,18,31.03,0.1719584252341776,0.47433227365933184,0.2648443867894867,0.37482335232380976,0.38146584537513406,0.6621063395840978,powerplay,SA Yadav,2023.0,2366172.2646,16.121643004704083
2018,SP Narine,Kolkata Knight Riders,245,129,189.92,27,16,33.33,53,41.09,0.5500348177876664,0.702105023048811,0.6012015932982386,0.4713034649991068,0.920230043239014,1.2008705374479778,powerplay,,,,
2014,G Gambhir,Kolkata Knight Riders,173,147,117.69,22,2,16.33,61,41.5,0.4554116819105694,0.5157695643057706,0.36983853812905537,0.3897064597679515,0.6717295319090303,0.9523700261179939,powerplay,,,,
2015,KD Karthik,Royal Challengers Bangalore,29,29,100.0,4,0,13.79,12,41.38,0.0811424825818694,0.4179384511209981,0.2808555725187529,0.4373235134209161,0.26907116523315855,0.5497116594421223,powerplay,KD Karthik,2015.0,183281004.1335,0.14680799382633775
2017,Ishan Kishan,Gujarat Lions,156,103,151.46,17,8,24.27,41,39.81,0.37839784763881723,0.5976820953948389,0.4682942269273187,0.4284270577043994,0.6837636106144468,0.9644041048234104,powerplay,,,,
2014,AR Patel,Kings XI Punjab,2,3,66.67,0,0,0.0,2,66.67,0.005264874935382307,0.2921773884974571,0.0,0.6245239960375706,-0.037056604614236766,0.24358388959472693,powerplay,AR Patel,2014.0,14527637.87775,-0.25507659900437984
2015,MA Agarwal,Delhi Daredevils,101,68,148.53,11,5,23.53,27,39.71,0.24631246860022363,0.5908373932540384,0.46187200121834027,0.4246881846166326,0.5729046166704614,0.8535451108794252,powerplay,,,,
2025,Priyansh Arya,Punjab Kings,318,164,193.9,39,16,33.54,52,31.71,0.6405235454601436,0.6051515461053153,0.4898817390213184,0.39196680954129914,0.9178513491179761,1.1984918433269398,powerplay,Priyansh Arya,2025.0,39881000.00000001,2.301475261698493
2023,KL Rahul,Lucknow Super Giants,143,110,130.0,18,2,18.18,38,34.55,0.31479090585129116,0.4940962469392174,0.33632879301077334,0.40197742046214047,0.5296355788668475,0.8102760730758112,powerplay,,,,
2019,SV Samson,Rajasthan Royals,111,77,144.16,8,6,18.18,24,31.17,0.2514256863990016,0.5289609709249354,0.32264883041799175,0.37723927897926046,0.49764122457598725,0.7782817187849509,powerplay,,,,
2018,N Rana,Kolkata Knight Riders,107,85,125.88,11,5,18.82,40,47.06,0.2457159688034044,0.4693713365725321,0.35225995360410867,0.51988529518959,0.43380983389396144,0.7144503281029251,powerplay,N Rana,2018.0,50739769.541999996,0.8549700517162856
2019,SN Khan,Kings XI Punjab,42,37,113.51,4,1,13.51,13,35.14,0.10270678040955718,0.43385132563778134,0.25741414365499016,0.4095419815257227,0.2920648573335652,0.5727053515425289,powerplay,SN Khan,2019.0,3610631.3825000003,8.08902450549631
2025,MP Breetzke,Lucknow Super Giants,9,9,100.0,0,1,11.11,5,55.56,0.03387038595493624,0.34252140007995,0.18076140384701583,0.5853567951162825,0.10409260200019638,0.3847330962091601,powerplay,MP Breetzke,2025.0,7871250.000000001,1.322440552646611
2024,RD Gaikwad,Chennai Super Kings,272,182,149.45,37,5,23.08,56,30.77,0.5666301174603051,0.5148922417348623,0.3677064950942791,0.36984623225094715,0.7652642679528168,1.0459047621617805,powerplay,,,,
2018,DJM Short,Rajasthan Royals,43,47,91.49,5,0,10.64,18,38.3,0.10458258956432637,0.34439145715468034,0.2119193186835034,0.4485993936035542,0.21664567555531153,0.4972861697642752,powerplay,DJM Short,2018.0,59693846.519999996,0.3629279870291588
2019,PP Shaw,Delhi Capitals,181,132,137.12,26,5,23.48,55,41.67,0.4022999388520612,0.5071152318442971,0.39668391389634483,0.46267463835907235,0.6151029367494311,0.8957434309583947,powerplay,,,,
2025,Tilak Varma,Mumbai Indians,55,39,141.03,4,3,17.95,14,35.9,0.12418121228904477,0.4572787471664328,0.27502725728403005,0.4259418216821452,0.3239640626876221,0.6046045568965859,powerplay,,,,
2024,R Ravindra,Chennai Super Kings,161,96,167.71,19,8,28.13,35,36.46,0.34025804357663814,0.5735244768188492,0.4449542638994483,0.42163844570827014,0.6327065583130058,0.9133470525219696,powerplay,R Ravindra,2024.0,19958341.5,3.1701359469823975
2022,V Kohli,Royal Challengers Bangalore,124,116,106.9,15,2,14.66,54,46.55,0.31282008918874105,0.4340106393533701,0.27796687859175323,0.45062982142023633,0.457157539967896,0.7377980341768597,powerplay,,,,
2019,Yuvraj Singh,Mumbai Indians,2,4,50.0,0,0,0.0,2,50.0,0.01649292186495168,0.23677421072139765,0.06869452520356578,0.5304533568003897,0.003357972154147848,0.28399846636311155,powerplay,Yuvraj Singh,2019.0,14442525.530000001,0.023250588321084644
2021,MP Stoinis,Delhi Capitals,10,14,71.43,1,0,7.14,7,50.0,0.04829203071067571,0.35076951393118944,0.1960639942426281,0.4874112224693335,0.15602381220251788,0.4366643064114816,powerplay,,,,
2014,YK Pathan,Kolkata Knight Riders,23,15,153.33,1,2,20.0,7,46.67,0.060546061756896516,0.6719597866853922,0.4529559560674286,0.4379387467172534,0.45686529896338024,0.7375057931723439,powerplay,YK Pathan,2014.0,62953097.470249996,0.7257233040507386
2023,MW Short,Punjab Kings,97,72,134.72,13,4,23.61,36,50.0,0.2222515522120345,0.5100153516970775,0.42474800161705734,0.5211621797624842,0.4675968644170968,0.7482373586260604,powerplay,,,,
2025,AM Rahane,Kolkata Knight Riders,266,154,172.73,31,15,29.87,60,38.96,0.5384330461259339,0.5459408944401717,0.4393034229228034,0.4507541217181809,0.7661771879206403,1.046817682129604,powerplay,AM Rahane,2025.0,15742500.000000002,4.866934654093316
2018,AD Hales,Sunrisers Hyderabad,107,64,167.19,10,6,25.0,21,32.81,0.2457159688034044,0.6194998279581517,0.4582874748521944,0.40392364021230587,0.5913749606415951,0.8720154548505588,powerplay,,,,
2017,RA Tripathi,Rising Pune Supergiant,290,179,162.01,35,12,26.26,62,34.64,0.6978615591773973,0.6362448245494149,0.5052220492350741,0.3864244347397802,0.9878342513504746,1.2684747455594383,powerplay,RA Tripathi,2017.0,1559800.2096000002,63.33081924663915
2016,Shakib Al Hasan,Kolkata Knight Riders,7,18,38.89,0,0,0.0,11,61.11,0.040803701929403004,0.2127925018606408,0.03341025778225664,0.6003395450722495,-0.026028035045816522,0.2546124591631472,powerplay,,,,
2013,SR Tendulkar,Mumbai Indians,187,147,127.21,30,3,22.45,71,48.3,0.4982629967952201,0.5653678788316094,0.48361249020390207,0.4568369177849711,0.7618688821082454,1.042509376317209,powerplay,,,,
2024,GJ Maxwell,Royal Challengers Bengaluru,0,3,0.0,0,0,0.0,3,100.0,0.011916567042670637,0.03501340639522133,0.01466124677283308,0.9999999998520835,-0.26636248207610297,0.014278012132860729,powerplay,,,,
2024,PP Shaw,Delhi Capitals,94,66,142.42,16,1,25.76,27,40.91,0.2036190440252355,0.49231915232410495,0.40870135061860663,0.4621437796072309,0.4543272852784446,0.7349677794874083,powerplay,,,,
2025,V Kohli,Royal Challengers Bengaluru,320,215,148.84,38,9,21.86,65,30.23,0.644450103126844,0.4791226389710985,0.32891314718735254,0.3799660892624323,0.7891424914426034,1.069782985651567,powerplay,,,,
2024,R Parag,Rajasthan Royals,71,62,114.52,7,2,14.52,25,40.32,0.1567131188060973,0.40273320715196725,0.236767702822547,0.4567734094947844,0.2962505420425723,0.576891036251536,powerplay,,,,
2025,J Fraser-McGurk,Delhi Capitals,22,20,110.0,2,1,15.0,11,55.0,0.05939301078848864,0.3704905317120443,0.23437166259993766,0.5808159820377922,0.16398212804544735,0.44462262225441107,powerplay,J Fraser-McGurk,2025.0,94455000.00000001,0.17360873224863407
2021,DA Warner,Sunrisers Hyderabad,97,77,125.97,10,2,15.58,27,35.06,0.24869703814005345,0.5233025975594806,0.3402645557341945,0.37046111044699814,0.5025896462380711,0.7832301404470348,powerplay,,,,
2016,PA Patel,Mumbai Indians,89,82,108.54,17,0,20.73,44,53.66,0.22287336958109114,0.46773830213166323,0.4466571300199233,0.5324794338727546,0.45341972507784356,0.7340602192868073,powerplay,,,,
2021,WP Saha,Sunrisers Hyderabad,66,62,106.45,5,4,14.52,32,51.61,0.1772883573318844,0.4615525830302499,0.32215405867482716,0.5000142800567472,0.3675720197672805,0.6482125139762442,powerplay,,,,
2018,JC Buttler,Rajasthan Royals,218,117,186.32,25,11,30.77,30,25.64,0.4904941734211803,0.6890219301176023,0.5572808077974135,0.3455766180237355,0.8840096818974609,1.1646501761064245,powerplay,JC Buttler,2018.0,65663231.172,1.3462780708763213
2025,N Wadhera,Punjab Kings,46,38,121.05,3,2,13.16,14,36.84,0.1065117027888931,0.40139642216550847,0.20901359676308004,0.4335639007781824,0.24989452162380005,0.5305350158327637,powerplay,,,,
2013,CM Gautam,Delhi Daredevils,2,3,66.67,0,0,0.0,2,66.67,0.03393248254748399,0.3186926998146878,0.046572749448221366,0.6305862796837272,0.018274189291912574,0.29891468350087624,powerplay,,,,
2018,MM Ali,Royal Challengers Bangalore,4,9,44.44,0,0,0.0,5,55.56,0.01857943659051321,0.17340270092874469,0.029373553945698887,0.5890554051760403,-0.06193362254046465,0.21870687166849906,powerplay,MM Ali,2018.0,25369884.770999998,-0.24412260086912266
2015,SK Raina,Chennai Super Kings,139,129,107.75,13,6,14.73,64,49.61,0.33348551677657723,0.44554955356342674,0.298325330524668,0.4995922296240616,0.47393192005185736,0.754572414260821,powerplay,,,,
2021,JM Bairstow,Sunrisers Hyderabad,153,93,164.52,12,12,25.81,38,40.86,0.3776933647612621,0.6452525494089605,0.5150479377316738,0.4158634297060038,0.731793509580942,1.0124340037899058,powerplay,,,,
2013,CA Pujara,Royal Challengers Bangalore,55,60,91.67,9,0,15.0,34,56.67,0.16695690014278136,0.4205572435117978,0.33858148491972295,0.5360030668918078,0.335404890016457,0.6160453842254208,powerplay,,,,
2022,SW Billings,Kolkata Knight Riders,9,11,81.82,1,0,9.09,7,63.64,0.03054528551823026,0.34664960868894285,0.1761185789688823,0.5909872893928768,0.09971820647718962,0.3803587006861533,powerplay,SW Billings,2022.0,24875569.016000003,0.40086804210609506
2019,SR Watson,Chennai Super Kings,176,153,115.03,20,8,18.3,78,50.98,0.3915232065339855,0.4385680193029191,0.3243250964590111,0.5384273236758389,0.5169206711824512,0.797561165391415,powerplay,,,,
2022,HE van der Dussen,Rajasthan Royals,1,1,100.0,0,0,0.0,0,0.0,0.010908777436803428,0.4099759060366018,0.009906542420965473,0.0683220312431495,0.19767630968423325,0.478316803893197,powerplay,HE van der Dussen,2022.0,12437784.508000001,1.5893209080530988
2023,HC Brook,Sunrisers Hyderabad,73,69,105.8,8,2,14.49,35,50.72,0.17397015031329185,0.4124771081383246,0.27624281147169644,0.5267164209725973,0.31170901319028,0.5923495073992437,powerplay,HC Brook,2023.0,156758912.52975,0.1988461186416583
2023,MK Pandey,Delhi Capitals,48,43,111.63,7,0,16.28,19,44.19,0.12367702333543493,0.43213990066763064,0.30539021173048986,0.47634253888643263,0.3095344026149539,0.5901748968239175,powerplay,,,,
2023,DP Conway,Chennai Super Kings,325,228,142.54,42,8,21.93,80,35.09,0.6809248702500895,0.5363898006814982,0.397391782379754,0.40614310136972537,0.8699181682007924,1.1505586624097561,powerplay,,,,
2014,NV Ojha,Sunrisers Hyderabad,39,35,111.43,5,2,20.0,19,54.29,0.10266506123995496,0.48833547923011317,0.4529559560674286,0.5090277267082942,0.3774216508248752,0.6580621450338389,powerplay,NV Ojha,2014.0,9685091.918499999,3.896934112767092
2015,M Vijay,Kings XI Punjab,182,150,121.33,21,7,18.67,71,47.33,0.4321287028708721,0.49393133048835336,0.37154963535797125,0.4823416010768961,0.6151634831288926,0.8958039773378563,powerplay,M Vijay,2015.0,52366001.181,1.1747383211534832
2025,A Badoni,Lucknow Super Giants,15,14,107.14,0,1,7.14,5,35.71,0.04565005895503735,0.36249136006526533,0.1260486204924915,0.42440118867337184,0.1471672498162722,0.4278077440252359,powerplay,,,,
2022,DR Sams,Mumbai Indians,1,5,20.0,0,0,0.0,4,80.0,0.010908777436803428,0.13131233134943385,0.009906542420965473,0.7253493827827188,-0.13876368312122148,0.14187681108774222,powerplay,DR Sams,2022.0,32338239.7208,-0.42910091680707185
2019,KA Pollard,Mumbai Indians,4,9,44.44,0,0,0.0,5,55.56,0.02080361479218195,0.2195210417883935,0.06869452520356578,0.5756934137672235,-0.015392075060620125,0.2652484191483436,powerplay,,,,
2019,SPD Smith,Rajasthan Royals,69,61,113.11,6,1,11.48,21,34.43,0.16090113492716585,0.432610090462745,0.22905730979441344,0.40376492389146873,0.3269722654131506,0.6076127596221144,powerplay,,,,
2014,AP Tare,Mumbai Indians,62,58,106.9,8,1,15.52,28,48.28,0.16321112299685148,0.46848301830475725,0.3514938219083246,0.452958859287539,0.38709496962234424,0.667735463831308,powerplay,,,,
2014,Q de Kock,Delhi Daredevils,98,85,115.29,11,4,17.65,45,52.94,0.25797887183373297,0.5052517042128668,0.39973363122950567,0.49643322237917287,0.4899591169129454,0.7705996111219091,powerplay,Q de Kock,2014.0,67795643.4295,0.7227000027257635
2013,J Botha,Delhi Daredevils,24,26,92.31,3,1,15.38,18,69.23,0.08915016532289045,0.4231649758304438,0.3459790395516677,0.6547995821584587,0.24215331332424717,0.5227938075332108,powerplay,J Botha,2013.0,55409573.07846001,0.437024326069717
2013,SS Tiwary,Royal Challengers Bangalore,13,17,76.47,1,0,5.88,8,47.06,0.06154132393518721,0.3586236009439549,0.16104017375305,0.4451085993987731,0.1674803579893678,0.44812085219833153,powerplay,,,,
2023,RK Singh,Kolkata Knight Riders,22,18,122.22,2,1,16.67,7,38.89,0.07137217127846376,0.4678567056222362,0.3117407626248639,0.4354571522008779,0.3006722873548145,0.5813127815637782,powerplay,,,,
2023,HH Pandya,Gujarat Titans,75,68,110.29,10,1,16.18,33,48.53,0.1779936004715204,0.42762049380840766,0.30376186534731703,0.5098222706251699,0.33995128550016185,0.6205917797091256,powerplay,,,,
2023,MG Bracewell,Royal Challengers Bangalore,4,6,66.67,0,0,0.0,2,33.33,0.03516111985440678,0.28050368246564134,0.04029542054995537,0.39256606730055993,0.06874385617365804,0.3493843503826217,powerplay,,,,
2024,DA Miller,Gujarat Titans,7,10,70.0,1,0,10.0,7,70.0,0.02619228341371271,0.2597810107697604,0.1676271255949501,0.7269303331175162,0.00819743869832304,0.28883793290728677,powerplay,,,,
2025,Nithish Kumar Reddy,Sunrisers Hyderabad,40,40,100.0,3,1,10.0,18,45.0,0.09473202978879199,0.34252140007995,0.16546387499978105,0.4997300342076106,0.17158605735862692,0.4522265515675906,powerplay,,,,
2023,YV Dhull,Delhi Capitals,9,13,69.23,1,0,7.69,7,53.85,0.045219745249978176,0.28913777318176886,0.16551525741594497,0.5508619417887836,0.08996796609140717,0.37060846030037087,powerplay,,,,
2016,DA Warner,Sunrisers Hyderabad,439,284,154.58,48,17,22.89,101,35.56,0.9999999998017112,0.6362624176302687,0.4897161384151649,0.3676112442471361,1.2282200976691866,1.5088605918781504,powerplay,,,,
2022,AM Rahane,Kolkata Knight Riders,81,74,109.46,7,4,14.86,34,45.95,0.20727385825107178,0.4429278737433594,0.2816239090988581,0.4457021162836896,0.38030314768191636,0.6609436418908801,powerplay,AM Rahane,2022.0,12437784.508000001,3.0576438065581923
2025,SE Rutherford,Gujarat Titans,0,4,0.0,0,0,0.0,4,100.0,0.01620087645478456,0.0628300837590072,0.027648299799467854,0.9457027472736097,-0.2268933462289911,0.0537471479799726,powerplay,SE Rutherford,2025.0,27287000.000000004,-0.8315071141165795
2014,M Vijay,Delhi Daredevils,89,108,82.41,9,1,9.26,54,50.0,0.23428693462451264,0.36115702094008456,0.2097186076592194,0.46900519072908625,0.3216798743975753,0.602320368606539,powerplay,M Vijay,2014.0,96850919.185,0.3321392064262371
2017,LMP Simmons,Mumbai Indians,86,64,134.38,6,6,18.75,27,42.19,0.21151381922314105,0.5352506817493262,0.36586127258620865,0.4477628880053266,0.46714510251537184,0.7477855967243355,powerplay,,,,
2017,IR Jaggi,Kolkata Knight Riders,6,13,46.15,0,0,0.0,6,46.15,0.02078921531951115,0.21274929849736005,0.017923248329720705,0.4799351098505668,-0.01290904970250678,0.2677314445064569,powerplay,IR Jaggi,2017.0,1559800.2096000002,-0.8276091786022529
2019,BCJ Cutting,Mumbai Indians,1,2,50.0,0,0,0.0,1,50.0,0.014337575401336533,0.23677421072139765,0.06869452520356578,0.5304533568003897,0.0016336949832557457,0.28227418919221947,powerplay,,,,
2024,RM Patidar,Royal Challengers Bengaluru,87,57,152.63,11,3,24.56,18,31.58,0.18934332765419343,0.5251031129050199,0.3903454451599525,0.3772191132527805,0.47651593492200917,0.7571564291309729,powerplay,,,,
2013,SV Samson,Rajasthan Royals,31,33,93.94,5,0,15.15,18,54.55,0.10671942802415613,0.4298065440794954,0.341501572274438,0.5159514257799208,0.29916909424859345,0.5798095884575571,powerplay,,,,
2016,MP Stoinis,Kings XI Punjab,45,32,140.63,5,1,18.75,9,28.13,0.12517745035335603,0.5852000498803654,0.40718637232428506,0.2999333078428075,0.48599586041595355,0.7666363546249173,powerplay,MP Stoinis,2016.0,9000125.19945,5.399878886636521
2016,KP Pietersen,Rising Pune Supergiants,31,24,129.17,3,1,16.67,7,29.17,0.09409238514453125,0.5432520402449609,0.36572214201775616,0.3094063971914619,0.4186529729886572,0.699293467197621,powerplay,KP Pietersen,2016.0,57273523.99649999,0.7309712128316763
2015,STR Binny,Rajasthan Royals,5,3,166.67,1,0,33.33,1,33.33,0.02608582057575132,0.6554651865838004,0.6440035208544754,0.3764166889451783,0.5254778274534617,0.8061183216624255,powerplay,,,,
2023,S Dube,Chennai Super Kings,1,1,100.0,0,0,0.0,0,0.0,0.029125944617063956,0.39291549635959827,0.04029542054995537,0.13545098461574073,0.197256147736208,0.4778966419451717,powerplay,,,,
2013,Azhar Mahmood,Kings XI Punjab,20,23,86.96,3,0,13.04,12,52.17,0.0791105866364529,0.40136596347926223,0.30042567681811344,0.493440621135444,0.2511308192763113,0.5317713134852751,powerplay,,,,
2019,F du Plessis,Chennai Super Kings,199,166,119.88,23,6,17.47,73,43.98,0.4410961751971337,0.4536179958002338,0.3127309230086275,0.4814704174226309,0.5759737281849171,0.8566142223938809,powerplay,,,,
2015,EJG Morgan,Sunrisers Hyderabad,23,37,62.16,2,0,5.41,22,59.46,0.06737831708033988,0.28312501674403034,0.12511453838091496,0.5741179713738773,0.07953131289553564,0.36017180710449936,powerplay,EJG Morgan,2015.0,26183000.5905,0.3037517133326272
2021,MK Pandey,Sunrisers Hyderabad,100,89,112.36,8,4,13.48,39,43.82,0.25560755563761817,0.48024841222429465,0.30438526910714603,0.43903426850025506,0.44987334117038114,0.7305138353793448,powerplay,,,,
2025,R Ravindra,Chennai Super Kings,103,77,133.77,13,0,16.88,23,29.87,0.21841859628985366,0.4369731576015324,0.26028099073759653,0.3770469951405458,0.39723380312240386,0.6778742973313676,powerplay,R Ravindra,2025.0,41980000.00000001,0.9462453623687561
2021,Lalit Yadav,Delhi Capitals,0,1,0.0,0,0,0.0,1,100.0,0.02525697238545988,0.12480621793616115,0.07407441971066311,0.8788105264262793,-0.1477009821816369,0.1329395120273268,powerplay,,,,
2015,DJ Bravo,Chennai Super Kings,3,6,50.0,0,0,0.0,2,33.33,0.021497765408574822,0.23980230633113586,0.024570505602191428,0.3764166889451783,0.03523108632986044,0.31587158053882414,powerplay,,,,
2017,MJ McClenaghan,Mumbai Indians,0,1,0.0,0,0,0.0,1,100.0,0.006484870026738895,0.04406020366478344,0.017923248329720705,0.9174285811551592,-0.2399451147443906,0.040695379464573106,powerplay,,,,
2019,DJ Hooda,Sunrisers Hyderabad,1,1,100.0,0,0,0.0,0,0.0,0.014337575401336533,0.3919286076009313,0.06869452520356578,0.12361831213461899,0.20126140682275379,0.4819019010317175,powerplay,,,,
2018,KM Jadhav,Chennai Super Kings,1,2,50.0,0,0,0.0,1,50.0,0.011963809438681416,0.1936088111225003,0.029373553945698887,0.5438100155849034,-0.04354945228771123,0.23709104192125247,powerplay,,,,
2013,DA Warner,Delhi Daredevils,124,116,106.9,18,2,17.24,60,51.72,0.34013963248382884,0.48261312353207725,0.3821881227501338,0.48918437655980757,0.5386476100227198,0.8192881042316835,powerplay,,,,
2023,A Manohar,Gujarat Titans,3,4,75.0,0,0,0.0,1,25.0,0.03314939477529251,0.3085982042099156,0.04029542054995537,0.3283065821891125,0.10045958251593799,0.3811000767249017,powerplay,,,,
2022,WP Saha,Gujarat Titans,191,132,144.7,25,6,23.48,47,35.61,0.47727584437069087,0.5656791783930569,0.4392419239550785,0.36078133109720023,0.7540847311437064,1.0347252253526702,powerplay,WP Saha,2022.0,23631790.5652,3.1909758554401124
2024,A Badoni,Lucknow Super Giants,13,20,65.0,1,0,5.0,11,55.0,0.03842861173174875,0.24372618188586478,0.09114418618389158,0.5903954997502326,0.016502214186012804,0.2971427083949765,powerplay,,,,
2015,MEK Hussey,Chennai Super Kings,31,31,100.0,3,1,12.9,13,41.94,0.0857305377490459,0.4179384511209981,0.2643150569599611,0.44156050990618473,0.26402727841986284,0.5446677726288265,powerplay,MEK Hussey,2015.0,26183000.5905,1.0083919813058404
2025,H Klaasen,Sunrisers Hyderabad,49,36,136.11,4,3,19.44,15,41.67,0.11240153928894366,0.4435179344034425,0.29556177798887673,0.4727284135801601,0.3028644746538227,0.5835049688627865,powerplay,,,,
2020,JC Buttler,Rajasthan Royals,106,86,123.26,11,4,17.44,36,41.86,0.2502071183546193,0.5164531411648748,0.36279289116279695,0.42469045930603755,0.4942419284975802,0.7748824227065438,powerplay,,,,
2020,SM Curran,Chennai Super Kings,45,32,140.63,4,3,21.88,15,46.88,0.10724124802472486,0.5856648515534364,0.4450214303436738,0.4718301389795545,0.4373360261572849,0.7179765203662486,powerplay,SM Curran,2020.0,76415478.9915,0.5723134002810235
2025,V Nigam,Delhi Capitals,20,7,285.71,3,1,57.14,1,14.29,0.05546645312178827,0.8619361436195729,0.8151264964940577,0.2507150884211227,0.7669336312032062,1.04757412541217,powerplay,V Nigam,2025.0,5247500.000000001,14.61521927018973
2014,LMP Simmons,Mumbai Indians,174,124,140.32,24,5,23.39,51,41.13,0.4580441193782606,0.6149442200984426,0.5297319906208579,0.3862546326555257,0.7964104115345582,1.0770509057435218,powerplay,,,,
2016,SW Billings,Delhi Daredevils,1,2,50.0,0,0,0.0,1,50.0,0.02748153112562095,0.2534593768213165,0.03341025778225664,0.499141446357298,0.014007095405981107,0.2946475896149448,powerplay,SW Billings,2016.0,4909159.1997,0.2853257520521454
2020,P Simran Singh,Kings XI Punjab,11,8,137.5,2,0,25.0,3,37.5,0.02755535308675089,0.5731931961984451,0.5028036470653711,0.38374842676091114,0.419777993719767,0.7004184879287307,powerplay,,,,
2013,RV Uthappa,Pune Warriors,251,203,123.65,29,5,16.75,81,39.9,0.6588962557782206,0.550862367809141,0.3726491707247315,0.37738701903975874,0.8570242096413486,1.1376647038503123,powerplay,,,,
2020,Mandeep Singh,Kings XI Punjab,32,32,100.0,2,1,9.38,17,53.13,0.07677311172491127,0.4237724052041414,0.21352216463174564,0.5305199792105268,0.21023367230312714,0.4908741665120908,powerplay,,,,
2013,M Vijay,Chennai Super Kings,226,189,119.58,22,7,15.34,84,44.44,0.596148888987986,0.5342788200952514,0.34520034959041035,0.4203277976472902,0.7733003392595121,1.053940833468476,powerplay,,,,
2020,DL Chahar,Chennai Super Kings,0,2,0.0,0,0,0.0,2,100.0,0.00177462237152402,0.02531696255266476,0.03980511564151473,0.9706468290706348,-0.2592035675089572,0.02143692670000652,powerplay,,,,
2021,MA Agarwal,Punjab Kings,202,152,132.89,22,6,18.42,57,37.5,0.4905651505548197,0.545193483857753,0.38878701955363165,0.389561396480097,0.7231346022278374,1.003775096436801,powerplay,,,,
2017,MC Henriques,Sunrisers Hyderabad,77,63,122.22,9,0,14.29,23,36.51,0.1900573012839827,0.4908030242593125,0.28309841454973206,0.40161687283336583,0.4043565778542122,0.684997072063176,powerplay,,,,
2024,TM Head,Sunrisers Hyderabad,395,174,227.01,46,24,40.23,41,23.56,0.8174748479800442,0.7639347473818515,0.6300429772742099,0.30421848901240617,1.2282010451446337,1.5088415393535974,powerplay,TM Head,2024.0,75398179.0,1.62895319414098
2022,JM Bairstow,Punjab Kings,148,85,174.12,19,8,31.76,36,42.35,0.3717296134330216,0.668157707984263,0.5906429869492206,0.41613588546440894,0.7724111232263754,1.053051617435339,powerplay,JM Bairstow,2022.0,83955045.429,0.9200294267955536
2015,GJ Bailey,Kings XI Punjab,71,52,136.54,11,0,21.15,17,32.69,0.177491641092576,0.5481203457334294,0.41764006073527893,0.3715744072477284,0.4925191908973325,0.7731596851062962,powerplay,,,,
2022,D Brevis,Mumbai Indians,75,55,136.36,10,3,23.64,27,49.09,0.1925464771900017,0.5366285007319197,0.44216754836076244,0.4714904398316177,0.479879696930819,0.7605201911397828,powerplay,D Brevis,2022.0,37313353.524000004,1.2860803214113674
2013,MC Juneja,Delhi Daredevils,26,27,96.3,3,0,11.11,11,40.74,0.09416995466610921,0.4394225570045026,0.2628538861874469,0.38533200891428,0.29773188834520575,0.5783723825541695,powerplay,,,,
2013,KK Nair,Royal Challengers Bangalore,9,8,112.5,0,0,0.0,4,50.0,0.05150174524874968,0.5054307813202299,0.046572749448221366,0.47291606395959745,0.17299970492293512,0.4536401991318988,powerplay,,,,
2023,S Dhawan,Punjab Kings,145,112,129.46,22,3,22.32,51,45.54,0.31881435600951974,0.4922749934287843,0.40374233327412795,0.4867567411553947,0.536846009148747,0.8174865033577108,powerplay,,,,
2024,JM Bairstow,Punjab Kings,156,116,134.48,21,4,21.55,43,37.07,0.3300611033116081,0.4668240840564787,0.34430271563449527,0.4271908622652063,0.5242398880334869,0.8048803822424506,powerplay,,,,
2023,Q de Kock,Lucknow Super Giants,83,48,172.92,7,5,25.0,12,25.0,0.19408740110443462,0.6388521741017925,0.44738201634315944,0.3283065821891125,0.577525940632132,0.8581664348410958,powerplay,,,,
2022,SS Iyer,Kolkata Knight Riders,182,141,129.08,25,2,19.15,54,38.3,0.45518477277908564,0.5112701154353874,0.36006721347625775,0.38287387579271825,0.6669509592674627,0.9475914534764265,powerplay,,,,
2023,SO Hetmyer,Rajasthan Royals,9,7,128.57,0,1,14.29,3,42.86,0.045219745249978176,0.4892732978282555,0.27298611870535083,0.4660826210955293,0.26383141220285944,0.5444719064118231,powerplay,,,,
2017,S Badree,Royal Challengers Bangalore,0,1,0.0,0,0,0.0,1,100.0,0.006484870026738895,0.04406020366478344,0.017923248329720705,0.9174285811551592,-0.2399451147443906,0.040695379464573106,powerplay,,,,
2015,HH Pandya,Mumbai Indians,0,5,0.0,0,0,0.0,5,100.0,0.014615682657810063,0.06166616154127366,0.024570505602191428,0.880846252646723,-0.21067152137614586,0.06996897283281783,powerplay,HH Pandya,2015.0,1745533.3727,-12.069177517372705
2019,MS Dhoni,Chennai Super Kings,12,19,63.16,1,0,5.26,12,63.16,0.03804638650110305,0.2776108479800909,0.14217085333491236,0.6375323405564206,0.041959715024712296,0.322600209233676,powerplay,,,,
2024,DA Warner,Delhi Capitals,122,81,150.62,11,9,24.69,37,45.68,0.26072190950940377,0.5186490716936939,0.3923340015846401,0.5055618566180271,0.49278380718204984,0.7734243013910136,powerplay,,,,
2021,KL Rahul,Punjab Kings,256,209,122.49,24,10,16.27,82,39.23,0.6149544655109852,0.5122938859528349,0.3520534641973676,0.4031038123970074,0.7856034305549189,1.0662439247638826,powerplay,,,,
2015,AB de Villiers,Royal Challengers Bangalore,98,82,119.51,18,0,21.95,37,45.12,0.23943038584945886,0.48744717481800237,0.4325079398892491,0.4656205970903892,0.49021028991161364,0.7708507841205774,powerplay,,,,
2025,Aniket Verma,Sunrisers Hyderabad,30,21,142.86,3,1,19.05,7,33.33,0.07509924145529012,0.4623970982551061,0.2901869705560645,0.4051027330897886,0.30033125911507763,0.5809717533240413,powerplay,Aniket Verma,2025.0,3148500.0000000005,9.53886800429022
2023,N Jagadeesan,Kolkata Knight Riders,73,60,121.67,12,1,21.67,31,51.67,0.17397015031329185,0.4660017251949432,0.3931580817835047,0.5340449336803855,0.3888846395465666,0.6695251337555304,powerplay,N Jagadeesan,2023.0,10647775.1907,3.652261928728801
2013,V Kohli,Royal Challengers Bangalore,170,151,112.58,24,3,17.88,73,48.34,0.4555947873778605,0.5057567478600606,0.39464716213025125,0.4572152506361388,0.6577808516000903,0.938421345809054,powerplay,,,,
2016,M Vijay,Kings XI Punjab,238,186,127.96,33,5,20.43,77,41.4,0.5537072778750123,0.5388229746551845,0.44067671218725085,0.4208062844357335,0.7844399447811449,1.0650804389901085,powerplay,,,,
2017,KK Nair,Delhi Daredevils,201,145,138.62,32,5,25.52,63,43.45,0.4856804373346091,0.5507488781109757,0.4914900952110846,0.4579995040469939,0.747689480554065,1.0283299747630288,powerplay,,,,
2024,Naman Dhir,Mumbai Indians,44,34,129.41,6,2,23.53,17,50.0,0.10164964137493504,0.4505444875682085,0.3745899596412745,0.5448838886278048,0.3116922721342844,0.592332766343248,powerplay,Naman Dhir,2024.0,2217593.5,14.055428649763106
2024,T Stubbs,Delhi Capitals,11,9,122.22,2,0,22.22,4,44.44,0.034349835625736735,0.4274576436331666,0.3545514295155771,0.49427497705966494,0.25247434048128287,0.5331148346902466,powerplay,T Stubbs,2024.0,5543983.75,4.554023818725711
2022,SP Narine,Kolkata Knight Riders,12,9,133.33,1,1,22.22,5,55.56,0.03790897604876532,0.5260741178406432,0.4162026317603177,0.5246275268873803,0.3232671659852627,0.6039076601942264,powerplay,,,,
2016,GJ Maxwell,Kings XI Punjab,20,20,100.0,3,0,15.0,7,35.0,0.06966840533759747,0.43647861606828153,0.3324311494158794,0.36251034998247605,0.3148149445466217,0.5954554387555854,powerplay,,,,
2022,RA Tripathi,Sunrisers Hyderabad,177,122,145.08,21,7,22.95,49,40.16,0.44291195522819393,0.5670028303728211,0.4295507931112505,0.39814976171601324,0.7116839077542245,0.9923244019631883,powerplay,RA Tripathi,2022.0,105721168.318,0.6731706800794537
2017,F du Plessis,Rising Pune Supergiant,8,7,114.29,1,0,14.29,2,28.57,0.025557330417101894,0.4618170107810388,0.28309841454973206,0.33710994317397003,0.2776156733193894,0.558256167528353,powerplay,,,,
2016,KL Rahul,Royal Challengers Bangalore,157,114,137.72,17,5,19.3,41,35.96,0.3738579720239545,0.574548330156192,0.41815047168418457,0.37125474015046467,0.6631518329100032,0.943792327118967,powerplay,,,,
2014,KP Pietersen,Delhi Daredevils,176,124,141.94,22,5,21.77,41,33.06,0.4633089943136429,0.6220437756611528,0.49304255817939596,0.3109674845547777,0.8102479890957857,1.0908884833047494,powerplay,KP Pietersen,2014.0,174331654.533,0.4647738767043081
2016,JC Buttler,Mumbai Indians,19,30,63.33,3,0,10.0,21,70.0,0.06744804353696714,0.3022523060045573,0.23275751887133847,0.6813162415237275,0.10543059886683642,0.3860710930758001,powerplay,JC Buttler,2016.0,62182683.1962,0.1695497740652004
2019,C Munro,Delhi Capitals,50,39,128.21,6,2,20.51,17,43.59,0.11994955211847826,0.4794667183203642,0.3551963293811168,0.47829710407423803,0.3520422178541958,0.6326827120631595,powerplay,,,,
2019,RR Pant,Delhi Capitals,26,25,104.0,2,2,16.0,15,60.0,0.06822123699171496,0.404340959351294,0.2921966640061409,0.6118203657335439,0.20468985835171924,0.4853303525606829,powerplay,,,,
2024,Sumit Kumar,Delhi Capitals,0,3,0.0,0,0,0.0,2,66.67,0.011916567042670637,0.03501340639522133,0.01466124677283308,0.6966196001099794,-0.17534836215347177,0.10529213205549193,powerplay,Sumit Kumar,2024.0,11087967.5,-1.5814292579182954
2017,STR Binny,Royal Challengers Bangalore,8,9,88.89,2,0,22.22,7,77.78,0.025557330417101894,0.3689740420107799,0.4302530029419427,0.7369066696902002,0.1774747357558856,0.4581152299648493,powerplay,,,,
2021,D Padikkal,Royal Challengers Bangalore,253,184,137.5,33,8,22.28,79,42.93,0.6080439480134204,0.559776863313683,0.4547365654490636,0.43206736088982134,0.8413348362527101,1.1219753304616737,powerplay,,,,
2018,SP Goswami,Sunrisers Hyderabad,44,30,146.67,6,1,23.33,9,30.0,0.10678779861493697,0.5449261982502622,0.42963602493564046,0.3810568156167853,0.4369125045530834,0.717552998762047,powerplay,SP Goswami,2018.0,14923461.629999999,2.9276887319144294
2016,HH Pandya,Mumbai Indians,17,30,56.67,2,0,6.67,18,60.0,0.06300731993570645,0.2778741433368616,0.16637488092867425,0.5902288439405128,0.08714297085274555,0.3677834650617092,powerplay,,,,
2022,HR Shokeen,Mumbai Indians,1,8,12.5,0,0,0.0,6,75.0,0.010908777436803428,0.10518762122251187,0.009906542420965473,0.6842851733114956,-0.13950677534331557,0.14113371886564813,powerplay,HR Shokeen,2022.0,2487556.9016,-5.608184289315537
2013,IK Pathan,Delhi Daredevils,1,7,14.29,0,0,0.0,6,85.71,0.03142258787587459,0.10526610786050282,0.046572749448221366,0.8106727168395419,-0.14447295356921186,0.13616754063975184,powerplay,,,,
2022,AK Markram,Sunrisers Hyderabad,42,49,85.71,3,1,8.16,23,46.94,0.11154588135411596,0.36019962500810637,0.1591133871108446,0.4538328297589917,0.20478769285952853,0.4854281870684922,powerplay,AK Markram,2022.0,32338239.7208,0.6332679039663647
2014,SK Raina,Chennai Super Kings,188,131,143.51,21,8,22.14,56,42.75,0.49489824392593673,0.628924209138594,0.5014222433666434,0.4013680378504713,0.8156102978698945,1.0962507920788582,powerplay,,,,
2022,KL Rahul,Lucknow Super Giants,205,190,107.89,15,9,12.63,85,44.74,0.5116397335131878,0.4374591010901238,0.24084801894463873,0.4357645775916536,0.6056935726032036,0.8863340668121673,powerplay,,,,
2016,EJG Morgan,Sunrisers Hyderabad,10,15,66.67,0,0,0.0,7,46.67,0.04746478733129403,0.3144779911862546,0.03341025778225664,0.46880934296208754,0.06960263857155174,0.35024313278051544,powerplay,,,,
2015,DR Smith,Chennai Super Kings,252,196,128.57,33,11,22.45,98,50.0,0.5927106337220498,0.5197254442539253,0.44180036436048054,0.5025429950334451,0.7820784945567851,1.0627189887657489,powerplay,,,,
2015,CH Gayle,Royal Challengers Bangalore,244,166,146.99,28,15,25.9,80,48.19,0.5743584130533438,0.5853507999945107,0.505918093211977,0.48884841710784444,0.8331707472529667,1.1138112414619303,powerplay,,,,
2025,KS Rathore,Rajasthan Royals,0,3,0.0,0,0,0.0,3,100.0,0.01620087645478456,0.0628300837590072,0.027648299799467854,0.9457027472736097,-0.2268933462289911,0.0537471479799726,powerplay,KS Rathore,2025.0,3148500.0000000005,-7.206394989010356
2013,KL Rahul,Royal Challengers Bangalore,11,7,157.14,2,0,28.57,3,42.86,0.05652153459196843,0.6873201105457895,0.6027520542762748,0.4053836500261669,0.5385006123629431,0.8191411065719068,powerplay,,,,
2020,V Shankar,Sunrisers Hyderabad,4,10,40.0,0,0,0.0,6,60.0,0.01114943354069743,0.18469913961325543,0.03980511564151473,0.5950318515924118,-0.059328136799856254,0.22131235740910743,powerplay,,,,
2016,KH Pandya,Mumbai Indians,22,15,146.67,3,1,26.67,8,53.33,0.07410912893885815,0.6073087739813988,0.565069403106838,0.5294735497525086,0.45838085661411043,0.7390213508230741,powerplay,KH Pandya,2016.0,32727727.998,1.400588689328273
2017,TM Head,Royal Challengers Bangalore,14,20,70.0,1,0,5.0,12,60.0,0.039861675709874145,0.29992665303163857,0.11070672146478415,0.5924566433244499,0.053933698745536496,0.3345741929545002,powerplay,,,,
2017,KD Karthik,Gujarat Lions,32,26,123.08,5,0,19.23,9,34.62,0.08277471158819086,0.4939465263515339,0.3747684860071748,0.38626194877086484,0.36596026651828883,0.6466007607272526,powerplay,,,,
2018,MK Pandey,Sunrisers Hyderabad,33,43,76.74,4,0,9.3,25,58.14,0.08253049905822044,0.2907871180615337,0.18892953252291522,0.6100505679719274,0.11342107752107686,0.3940615717300405,powerplay,,,,
2022,DA Miller,Gujarat Titans,18,14,128.57,3,0,21.43,5,35.71,0.05263635710983545,0.5094936351467567,0.4017573612572534,0.36160261528662474,0.36916593124102337,0.6498064254499871,powerplay,DA Miller,2022.0,37313353.524000004,0.9893667986812692
2020,EJG Morgan,Kolkata Knight Riders,48,46,104.35,8,1,19.57,28,60.87,0.11427235640160491,0.44110521695948063,0.4022403660401095,0.603201477352563,0.31201821511330463,0.5926587093222684,powerplay,EJG Morgan,2020.0,72942048.12825,0.4277617960009844
2023,P Simran Singh,Punjab Kings,192,122,157.38,26,8,27.87,50,40.98,0.4133654347278908,0.5864405453015498,0.4941155575402193,0.4515798801580117,0.7107906572787828,0.9914311514877465,powerplay,,,,
2024,AM Rahane,Chennai Super Kings,144,107,134.58,15,5,18.69,35,32.71,0.305588446675536,0.4671451806341567,0.30055447429136983,0.3875047373664492,0.4970414398786888,0.7776819340876525,powerplay,,,,
2024,S Dhawan,Punjab Kings,81,65,124.62,10,2,18.46,28,43.08,0.17710699933615737,0.4351639614974365,0.29703625907846115,0.4818958188343646,0.3483651511526423,0.629005645361606,powerplay,,,,
2022,MJ Santner,Chennai Super Kings,12,19,63.16,1,0,5.26,11,57.89,0.03790897604876532,0.28165132989316094,0.10608644475782382,0.5437634485009702,0.05576271137632238,0.3364032055852861,powerplay,MJ Santner,2022.0,23631790.5652,0.23596481706484881
2014,M Vohra,Kings XI Punjab,217,143,151.75,20,12,22.38,62,43.36,0.5712389304889802,0.6650355287908972,0.5068577148394526,0.407058887954741,0.8954772140779643,1.176117708286928,powerplay,,,,
2016,AP Tare,Sunrisers Hyderabad,8,12,66.67,1,0,8.33,8,66.67,0.04302406373003335,0.3144779911862546,0.19946652626946182,0.6509841381285171,0.08612294195985667,0.36676343616882034,powerplay,,,,
2014,CJ Anderson,Mumbai Indians,40,42,95.24,4,2,14.29,22,52.38,0.10529749870764611,0.4173837480200662,0.32363703061017773,0.49120883539820404,0.2912038861312688,0.5718443803402324,powerplay,CJ Anderson,2014.0,87165827.2665,0.3340803331573332
2015,M Vohra,Kings XI Punjab,57,54,105.56,4,3,12.96,27,50.0,0.1453752549223405,0.43774719042163074,0.2654301478965089,0.5025429950334451,0.3038544671920832,0.5844949614010468,powerplay,,,,
2022,HH Pandya,Gujarat Titans,104,93,111.83,12,3,16.13,45,48.39,0.263728818985174,0.4511832821434668,0.3048460528189741,0.46574145050564647,0.43403298487671704,0.7146734790856808,powerplay,,,,
2021,AT Rayudu,Chennai Super Kings,0,3,0.0,0,0,0.0,2,66.67,0.02525697238545988,0.12480621793616115,0.07407441971066311,0.6179037504085794,-0.06942894937632693,0.21121154483263677,powerplay,,,,
2017,AR Patel,Kings XI Punjab,10,15,66.67,1,0,6.67,8,53.33,0.030325445514692635,0.28775472051175816,0.14169640149189536,0.5382675726911791,0.0704208255316324,0.35106131974059607,powerplay,,,,
2025,A Mhatre,Chennai Super Kings,176,82,214.63,26,8,41.46,26,31.71,0.36173795112441726,0.6631315559786467,0.5990316745799664,0.39196680954129914,0.7729303495874523,1.053570843796416,powerplay,,,,
2024,Ishan Kishan,Mumbai Indians,226,120,188.33,27,13,33.33,43,35.83,0.47281826702202867,0.6397345911360349,0.5244965208869491,0.4159039827068442,0.8093741487727143,1.090014642981678,powerplay,,,,
2015,Mandeep Singh,Royal Challengers Bangalore,55,35,157.14,6,1,20.0,8,22.86,0.140787199755164,0.6215124373868526,0.3962674844514467,0.29719998680095794,0.5125463504604212,0.7931868446693848,powerplay,,,,
2019,Shubman Gill,Kolkata Knight Riders,97,91,106.59,11,0,12.09,35,38.46,0.22125083590838968,0.4123779571096538,0.2375783288362616,0.4365558284915299,0.3591331467103974,0.6397736409193611,powerplay,,,,
2023,A Badoni,Lucknow Super Giants,14,18,77.78,2,0,11.11,10,55.56,0.05527837064554955,0.31797428709696035,0.22120470372045525,0.5640532646628021,0.13353597734028405,0.41417647154924775,powerplay,,,,
2023,M Jansen,Sunrisers Hyderabad,1,1,100.0,0,0,0.0,0,0.0,0.029125944617063956,0.39291549635959827,0.04029542054995537,0.13545098461574073,0.197256147736208,0.4778966419451717,powerplay,,,,
2022,RA Jadeja,Chennai Super Kings,0,3,0.0,0,0,0.0,3,100.0,0.008454213926625074,0.061646437677641844,0.009906542420965473,0.889606220667611,-0.22483733213072782,0.05580316207823588,powerplay,,,,
2020,SS Iyer,Delhi Capitals,155,144,107.64,20,2,15.28,65,45.14,0.3650485551769935,0.45421440102271426,0.32278981804777573,0.4554908874592518,0.5277541965366754,0.8083946907456392,powerplay,,,,
2019,N Pooran,Kings XI Punjab,27,14,192.86,2,2,28.57,6,42.86,0.07037658345533011,0.6800813534856013,0.467785531802914,0.4723573124221177,0.4651382390917408,0.7457787333007044,powerplay,N Pooran,2019.0,60658607.226,0.7668132526662585
2018,Shubman Gill,Kolkata Knight Riders,25,18,138.89,5,0,27.78,8,44.44,0.06488882665333567,0.5166521807489279,0.5059827028569966,0.49856462599376655,0.38835998018465107,0.6690004743936148,powerplay,Shubman Gill,2018.0,26862230.933999997,1.4457473064647695
2019,DA Miller,Kings XI Punjab,7,4,175.0,1,0,25.0,0,0.0,0.027269654183027365,0.6246602029202318,0.4179166170825894,0.12361831213461899,0.4851228088533174,0.765763303062281,powerplay,,,,
2015,NJ Maddinson,Royal Challengers Bangalore,0,1,0.0,0,0,0.0,1,100.0,0.014615682657810063,0.06166616154127366,0.024570505602191428,0.880846252646723,-0.21067152137614586,0.06996897283281783,powerplay,,,,
2018,SA Yadav,Mumbai Indians,262,190,137.89,31,12,22.63,82,43.16,0.5875233716480465,0.5130179882680366,0.4176264351502586,0.4881484211958069,0.7680150609113298,1.0486555551202934,powerplay,SA Yadav,2018.0,47755077.216,1.6082375020304895
2016,AR Patel,Kings XI Punjab,13,7,185.71,1,1,28.57,2,28.57,0.05412587273318508,0.7502101959854293,0.6029453827137634,0.303941153336469,0.5985488723995156,0.8791893666084794,powerplay,,,,
2014,RR Rossouw,Royal Challengers Bangalore,6,11,54.55,1,0,9.09,8,72.73,0.015794624806146903,0.23906219502829285,0.20586848203264627,0.6810593265816267,0.020489816299266772,0.30113031050823047,powerplay,,,,
2023,AK Markram,Sunrisers Hyderabad,42,45,93.33,1,2,6.67,20,44.44,0.1116066728607493,0.3704196428140629,0.1489061243075822,0.47827109486216635,0.198021587175393,0.47866208138435673,powerplay,,,,
2021,PP Shaw,Delhi Capitals,290,173,167.63,36,12,27.75,60,34.68,0.6932736638167191,0.6550907945516811,0.5481935644252329,0.3674864757369253,1.018605489599493,1.2992459838084567,powerplay,,,,
2024,A Manohar,Gujarat Titans,2,9,22.22,0,0,0.0,8,88.89,0.01599534314868265,0.10636106595525362,0.01466124677283308,0.8988731999380488,-0.1970875914370668,0.08355290277189689,powerplay,,,,
2023,N Rana,Kolkata Knight Riders,120,101,118.81,13,4,16.83,42,41.58,0.26852122903166287,0.4563558269730195,0.3143461168379403,0.4562084144997727,0.4475881249389814,0.7282286191479451,powerplay,,,,
2023,Aman Hakim Khan,Delhi Capitals,4,5,80.0,1,0,20.0,4,80.0,0.03516111985440678,0.32546166263985216,0.36596469718451863,0.7525888968505304,0.12976717188132578,0.41040766609028945,powerplay,,,,
2014,Shakib Al Hasan,Kolkata Knight Riders,0,1,0.0,0,0,0.0,1,100.0,0.0,0.0,0.0,0.9354683140298791,-0.2806404942089637,0.0,powerplay,Shakib Al Hasan,2014.0,54236514.743599996,-0.51743828956502
2014,JP Duminy,Delhi Daredevils,28,28,100.0,1,1,7.14,15,53.57,0.07370824909535229,0.43824417053765874,0.16170527631607198,0.5023106577327628,0.20016286156751475,0.4808033557764785,powerplay,JP Duminy,2014.0,42614404.4414,0.46970704903963423
2013,SK Raina,Chennai Super Kings,97,83,116.87,13,1,16.87,34,40.96,0.2723724763503755,0.5232367035584847,0.3749852406085036,0.3874128395957022,0.5320358392546587,0.8126763334636224,powerplay,,,,
2020,JO Holder,Sunrisers Hyderabad,5,7,71.43,1,0,14.29,5,71.43,0.013493136332990787,0.30993368523861453,0.304455076203391,0.702363831406814,0.09205698655518166,0.37269748076414533,powerplay,,,,
2013,A Mishra,Sunrisers Hyderabad,10,12,83.33,2,0,16.67,8,66.67,0.05401163992035906,0.38657523173444186,0.3710917908022169,0.6305862796837272,0.21431234975938768,0.4949528439683514,powerplay,,,,
2022,PBB Rajapaksa,Punjab Kings,78,44,177.27,9,5,31.82,17,38.64,0.19991016772053674,0.6791300862375701,0.591740096101352,0.3856662420367614,0.6500763479297945,0.9307168421387582,powerplay,PBB Rajapaksa,2022.0,6218892.254000001,10.453249893687488
2020,MS Dhoni,Chennai Super Kings,18,19,94.74,2,1,15.79,12,63.16,0.043961272632804346,0.40281364892067373,0.3322349880888224,0.6247054348131912,0.19866995676259305,0.4793104509715568,powerplay,,,,
2013,Q de Kock,Sunrisers Hyderabad,1,5,20.0,0,0,0.0,4,80.0,0.03142258787587459,0.12853196964092276,0.046572749448221366,0.7566657023353559,-0.11663791832774609,0.1640025758812176,powerplay,Q de Kock,2013.0,2462647.6923760003,-4.736281145242177
2023,R Ashwin,Rajasthan Royals,1,4,25.0,0,0,0.0,3,75.0,0.029125944617063956,0.13996361991055037,0.04029542054995537,0.714017777335856,-0.10278982830435052,0.17785066590461318,powerplay,,,,
2023,MP Stoinis,Lucknow Super Giants,65,51,127.45,8,2,19.61,24,47.06,0.15787634968037764,0.48549588313994985,0.3596141462901446,0.49848236148785574,0.38133067869848547,0.6619711729074491,powerplay,,,,
2020,JR Philippe,Royal Challengers Bangalore,55,49,112.24,7,1,16.33,21,42.86,0.13067827594765835,0.4725433513846821,0.3422357563675777,0.4340808337429931,0.36459613669297974,0.6452366309019435,powerplay,JR Philippe,2020.0,2778744.6906,13.120893687223003
2025,TM Head,Sunrisers Hyderabad,223,131,170.23,30,10,30.53,48,36.64,0.45401205629187597,0.5389486115321481,0.4483992508860241,0.43194218182157873,0.7048809591518121,0.9855214533607759,powerplay,,,,
2018,F du Plessis,Chennai Super Kings,82,71,115.49,11,2,18.31,34,47.89,0.19058574253813954,0.43161207669607154,0.3435101096176162,0.5266395529882669,0.3648623158099946,0.6455028100189584,powerplay,F du Plessis,2018.0,23877538.608,1.5280566468762828
2019,MP Stoinis,Royal Challengers Bangalore,1,6,16.67,0,0,0.0,5,83.33,0.014337575401336533,0.1333482897615005,0.06869452520356578,0.8016495975745925,-0.13143813772895366,0.14920235648001004,powerplay,,,,
2014,UBT Chand,Rajasthan Royals,1,5,20.0,0,0,0.0,4,80.0,0.0026324374676911537,0.08764883410753176,0.0,0.7488830647095619,-0.17873455238494976,0.10190594182401394,powerplay,,,,
2022,P Simran Singh,Punjab Kings,13,10,130.0,2,0,20.0,5,50.0,0.04036353955894367,0.5144747465442898,0.3756095931314536,0.47896412595538024,0.3148632840418399,0.5955037782508036,powerplay,P Simran Singh,2022.0,2487556.9016,12.657530922782888
2017,AP Tare,Delhi Daredevils,17,15,113.33,3,0,20.0,8,53.33,0.04701384835626025,0.4583079851897219,0.38905714086997456,0.5382675726911791,0.280360512864004,0.5610010070729676,powerplay,,,,
2025,RR Pant,Lucknow Super Giants,90,71,126.76,11,4,21.13,36,50.7,0.19289597145630127,0.41736679632743434,0.31885261019772965,0.5459490244708142,0.34269914257649225,0.623339636785456,powerplay,RR Pant,2025.0,283365000.0,0.12093912183102791
2020,AM Rahane,Delhi Capitals,71,61,116.39,11,1,19.67,27,44.26,0.16817752062435198,0.48907925225471843,0.40409236016580496,0.4472273579547309,0.4267549973150338,0.7073954915239975,powerplay,,,,
2022,R Ashwin,Rajasthan Royals,49,33,148.48,7,2,27.27,15,45.45,0.12872782592536447,0.5788460322970256,0.5085426520647159,0.4415956953365673,0.4887707617169563,0.7694112559259201,powerplay,R Ashwin,2022.0,62188922.54,0.7859450554117227
2014,GJ Bailey,Kings XI Punjab,1,2,50.0,0,0,0.0,1,50.0,0.0026324374676911537,0.21912208526882937,0.0,0.46900519072908625,-0.02903456461015827,0.25160592959880546,powerplay,GJ Bailey,2014.0,62953097.470249996,-0.04612094682692818
2017,DA Warner,Sunrisers Hyderabad,283,187,151.34,32,12,23.53,69,36.9,0.6811731563358298,0.5972434671959244,0.45456227290332935,0.40478534922721526,0.9266776767049596,1.2073181709139233,powerplay,,,,
2018,V Shankar,Delhi Daredevils,3,4,75.0,0,0,0.0,2,50.0,0.01637422753990261,0.28446362314478285,0.029373553945698887,0.5438100155849034,0.005406288204407,0.28604678241337067,powerplay,V Shankar,2018.0,47755077.216,0.011320865800203674
2019,KS Williamson,Sunrisers Hyderabad,19,23,82.61,2,0,8.7,13,56.52,0.05313381174640901,0.3379659083662295,0.190223813177466,0.5835046466248063,0.12203932552265981,0.4026798197316235,powerplay,,,,
2024,VR Iyer,Kolkata Knight Riders,128,67,191.04,17,6,34.33,23,34.33,0.2729582378274398,0.6484363083911062,0.5397931087691608,0.4022504993701158,0.6648164935925925,0.9454569878015562,powerplay,,,,
2014,S Rana,Royal Challengers Bangalore,21,24,87.5,2,1,12.5,15,62.5,0.05528118682151421,0.3834636492204514,0.28309747254214285,0.5856209715542845,0.187664345245116,0.4683048394540797,powerplay,S Rana,2014.0,3874036.7674,4.844154986455227
2017,CH Gayle,Royal Challengers Bangalore,114,100,114.0,9,8,17.0,53,53.0,0.27826743058941156,0.4607569926336618,0.33338705698893645,0.5355865542040757,0.44234065017215896,0.7229811443811227,powerplay,,,,
2016,RG Sharma,Mumbai Indians,203,147,138.1,21,8,19.73,55,37.41,0.4759946148529503,0.575939276374469,0.4267224039110151,0.3844624128000307,0.7454516879895424,1.026092182198506,powerplay,,,,
2020,RA Tripathi,Kolkata Knight Riders,104,80,130.0,11,5,20.0,36,45.0,0.2455197127700326,0.5433090379995844,0.41020394078059985,0.45417623503807797,0.5164091920556648,0.7970496862646286,powerplay,RA Tripathi,2020.0,8336234.0718,6.194753981328157
2013,GJ Maxwell,Mumbai Indians,22,12,183.33,0,3,25.0,6,50.0,0.08413037597967167,0.794033406522882,0.5332539752340574,0.47291606395959745,0.5624104737126249,0.8430509679215885,powerplay,,,,
2022,A Manohar,Gujarat Titans,13,14,92.86,2,0,14.29,7,50.0,0.04036353955894367,0.3851051819957721,0.2712013721536092,0.47896412595538024,0.20319480232755105,0.48383529653651475,powerplay,A Manohar,2022.0,32338239.7208,0.628342185851433
2020,KM Jadhav,Chennai Super Kings,3,5,60.0,0,0,0.0,2,40.0,0.00880573074840407,0.2643902281435508,0.03980511564151473,0.40722436285330016,0.03498469185319024,0.31562518606215395,powerplay,,,,
2016,S Dhawan,Sunrisers Hyderabad,210,180,116.67,22,4,14.44,74,41.11,0.4915371474573626,0.4974972304332197,0.3212677027948908,0.41816474990582025,0.6610993744684548,0.9417398686774185,powerplay,,,,
2024,KH Pandya,Lucknow Super Giants,4,7,57.14,0,0,0.0,3,42.86,0.020074119254694666,0.21848799088038082,0.01466124677283308,0.47989330794497775,-0.012067140491772266,0.26857335371719143,powerplay,,,,
2022,S Dube,Chennai Super Kings,23,20,115.0,3,0,15.0,9,45.0,0.06490917466072722,0.4622253262904458,0.28418383045383155,0.4378999164841572,0.27955275163278176,0.5601932458417455,powerplay,,,,
2017,AB de Villiers,Royal Challengers Bangalore,84,71,118.31,9,4,18.31,36,50.7,0.20674570412555032,0.4765110554446782,0.3576963269503231,0.5169006677788099,0.40954523781678187,0.6901857320257456,powerplay,,,,
2024,RK Singh,Kolkata Knight Riders,13,11,118.18,2,0,18.18,6,54.55,0.03842861173174875,0.41448534189497893,0.29275321447144187,0.5862994547492141,0.1938346704202731,0.4744751646292368,powerplay,RK Singh,2024.0,2217593.5,8.740766530036867
2025,KH Pandya,Royal Challengers Bengaluru,10,12,83.33,1,0,8.33,7,58.33,0.03583366478828643,0.29589685764924883,0.14244867394132876,0.6078176026652427,0.058371983129278715,0.3390124773382424,powerplay,KH Pandya,2025.0,60346250.00000001,0.09672843487255414
2021,SS Tiwary,Mumbai Indians,20,19,105.26,3,0,15.79,8,42.11,0.07132708903589155,0.4577881098084372,0.34385248439689936,0.4256484123049275,0.31299482042005833,0.5936353146290221,powerplay,,,,
2019,Ishan Kishan,Mumbai Indians,18,22,81.82,1,1,9.09,13,59.09,0.050978465282793865,0.3355144688955328,0.19567167781077877,0.6044159679206269,0.11526747131266393,0.39590796552162766,powerplay,,,,
2023,Anmolpreet Singh,Sunrisers Hyderabad,82,58,141.38,12,2,24.14,24,41.38,0.19207567602532033,0.5324774783257529,0.43337823744787324,0.4546655697191857,0.47851981591892,0.7591603101278837,powerplay,,,,
2025,T Stubbs,Delhi Capitals,4,7,57.14,0,0,0.0,3,42.86,0.024053991788185312,0.22264570190479394,0.027648299799467854,0.4823776413719517,-0.001705513118879759,0.27893498109008397,powerplay,,,,
2024,B Sai Sudharsan,Gujarat Titans,181,150,120.67,16,5,14.0,55,36.67,0.38104580463675825,0.42248064667915897,0.22881347712379693,0.4235499333754121,0.49197805174207104,0.7726185459510347,powerplay,,,,
2022,PP Shaw,Delhi Capitals,187,120,155.83,24,7,25.83,45,37.5,0.46745759032997747,0.6044482482214092,0.48221203241356075,0.37630360227732257,0.7802945302775922,1.0609350244865559,powerplay,,,,
2022,RV Uthappa,Chennai Super Kings,118,95,124.21,13,5,18.95,45,47.37,0.2980927081276709,0.49430647032630604,0.35641018296915294,0.4573643517735169,0.5088026784693536,0.7894431726783173,powerplay,RV Uthappa,2022.0,24875569.016000003,2.0453911150417943
2013,JP Faulkner,Rajasthan Royals,14,18,77.78,2,0,11.11,10,55.56,0.0640512186067966,0.36396130303368346,0.2628538861874469,0.5255043302719047,0.1938545761050587,0.4744950703140224,powerplay,JP Faulkner,2013.0,49252953.84752,0.39358974632304156
2019,AT Rayudu,Chennai Super Kings,46,75,61.33,3,2,6.67,48,64.0,0.11132816626401772,0.27193219705429994,0.1618669793168893,0.6443671693068055,0.10455862143892272,0.38519911564788645,powerplay,,,,
2020,F du Plessis,Chennai Super Kings,194,142,136.62,23,5,19.72,56,39.44,0.45645296407643426,0.5696867883031121,0.40501835722865265,0.401965753168605,0.7116743002150157,0.9923147944239794,powerplay,,,,
2018,C Munro,Delhi Daredevils,61,32,190.63,7,4,34.38,12,37.5,0.14427635247531706,0.7046852997102437,0.6192159779763116,0.4420892656048296,0.6137841422432668,0.8944246364522306,powerplay,C Munro,2018.0,28354577.097,2.164673943623046
2015,MC Henriques,Sunrisers Hyderabad,99,68,145.59,9,5,20.59,22,32.35,0.2417244134330471,0.5803629879403944,0.40723254532749975,0.36900194509595813,0.5561150865852224,0.836755580794186,powerplay,,,,
2018,Harbhajan Singh,Chennai Super Kings,11,11,100.0,1,1,18.18,8,72.73,0.03401589994478737,0.3753184351670653,0.3412797572289024,0.7287790273486696,0.1498141200877678,0.4304546142967315,powerplay,,,,
2017,SS Iyer,Delhi Daredevils,57,57,100.0,7,1,14.04,31,54.39,0.1423761503080752,0.40958370276029077,0.27845924089297885,0.5468793290436929,0.2799356313153383,0.560576125524302,powerplay,,,,
2022,YBK Jaiswal,Rajasthan Royals,133,102,130.39,15,5,19.61,47,46.08,0.3349111607803463,0.5158332314708898,0.36847838364259905,0.44676978572994136,0.557629881279909,0.8382703754888727,powerplay,,,,
2019,MM Ali,Royal Challengers Bangalore,27,25,108.0,2,2,16.0,13,52.0,0.07037658345533011,0.4167533111016567,0.2921966640061409,0.5467267585870206,0.2321483935417497,0.5127888877507134,powerplay,,,,
2014,AM Rahane,Rajasthan Royals,159,145,109.66,19,1,13.79,60,41.38,0.4185575573628933,0.4805785574115966,0.312313131708492,0.3885869482720296,0.5991001493833255,0.8797406435922892,powerplay,,,,
2013,Gurkeerat Singh,Kings XI Punjab,21,26,80.77,3,0,11.54,16,61.54,0.08162048130806228,0.3761443024598578,0.27122480327096327,0.5820650915214726,0.20080017029187042,0.4814406645008341,powerplay,,,,
2022,MR Marsh,Delhi Capitals,143,94,152.13,11,10,22.34,39,41.49,0.3594567958821298,0.5915600578921276,0.41839685006458066,0.4090728414353586,0.6489021957502212,0.929542689959185,powerplay,MR Marsh,2022.0,80845599.302,0.8026438066545056
2024,Abhishek Sharma,Sunrisers Hyderabad,352,154,228.57,25,33,37.66,44,28.57,0.7297811617007859,0.768943853993627,0.5907307464169257,0.34982112335707893,1.129179355237935,1.4098198494468988,powerplay,Abhishek Sharma,2024.0,2217593.5,50.91913171814108
2015,DA Miller,Kings XI Punjab,32,34,94.12,1,2,8.82,15,44.12,0.08802456533263414,0.3969896404937103,0.18848887327471303,0.4580545319381237,0.21631810590514622,0.4969586001141099,powerplay,,,,
2014,YV Takawale,Royal Challengers Bangalore,77,67,114.93,15,0,22.39,36,53.73,0.20269768501221877,0.5036740251989312,0.5070841928174864,0.5038033397273254,0.49104204545891195,0.7716825396678757,powerplay,YV Takawale,2014.0,1937018.3837,25.350407078788116
2015,AJ Finch,Mumbai Indians,16,25,64.0,3,0,12.0,18,72.0,0.0513201239952221,0.28968042687229734,0.24758869291174462,0.6689964283832874,0.09661229592762521,0.3772527901365889,powerplay,AJ Finch,2015.0,55857067.9264,0.17296342166568124
2014,SR Watson,Rajasthan Royals,53,67,79.1,5,2,10.45,41,61.19,0.1395191857876311,0.34665113889528804,0.23666948704523139,0.5733996377238036,0.21942229593096194,0.5000627901399256,powerplay,,,,
2018,RV Uthappa,Kolkata Knight Riders,188,143,131.47,16,11,18.88,64,44.76,0.4243379019028625,0.4896864725407145,0.3532893470142842,0.5011686771932564,0.5929431607910983,0.873583655000062,powerplay,RV Uthappa,2018.0,95510154.432,0.6208168799614431
2020,Shubman Gill,Kolkata Knight Riders,243,179,135.75,28,6,18.99,58,32.4,0.5712944008988085,0.5662202259520444,0.39149880011107596,0.3358575171324377,0.8155628386053217,1.0962033328142855,powerplay,,,,
2019,Navdeep Saini,Royal Challengers Bangalore,0,1,0.0,0,0,0.0,0,0.0,0.012182228937721409,0.08161981384186394,0.06869452520356578,0.12361831213461899,0.04438273277232801,0.3250232269812917,powerplay,,,,
2015,S Dhawan,Sunrisers Hyderabad,193,166,116.27,30,1,18.67,73,43.98,0.4573630062903429,0.4759039526356192,0.37154963535797125,0.45699528281680646,0.6339411324161291,0.9145816266250928,powerplay,,,,
2024,AR Patel,Delhi Capitals,30,29,103.45,5,0,17.24,14,48.28,0.07309820863285092,0.3671878160030223,0.2783744218621628,0.5292278944016896,0.2085725964252583,0.489213090634222,powerplay,,,,
2017,MP Stoinis,Kings XI Punjab,6,9,66.67,1,0,11.11,6,66.67,0.02078921531951115,0.28775472051175816,0.2240881256358317,0.6466457139577207,0.06735467486029603,0.34799516906925976,powerplay,,,,
2016,DJ Hooda,Sunrisers Hyderabad,4,11,36.36,0,0,0.0,7,63.64,0.03414261652751198,0.20353172835474437,0.03341025778225664,0.6233846566608029,-0.04290082359684358,0.23773967061212012,powerplay,,,,
2017,KS Williamson,Sunrisers Hyderabad,44,39,112.82,3,2,12.82,18,46.15,0.11138340217373537,0.4564438153443348,0.25582007344802343,0.4799351098505668,0.2884671295075962,0.5691076237165599,powerplay,,,,
2016,JP Duminy,Delhi Daredevils,12,15,80.0,0,0,0.0,5,33.33,0.05190551093255474,0.36327092036949554,0.03341025778225664,0.3472987545860792,0.1340048585569833,0.414645352765947,powerplay,,,,
2018,RR Pant,Delhi Daredevils,148,96,154.17,20,3,23.96,27,28.13,0.33612953987843874,0.572182641856947,0.4404446557424842,0.3658393914197661,0.6434432304894125,0.9240837246983762,powerplay,,,,
2019,SA Yadav,Mumbai Indians,127,100,127.0,20,1,21.0,41,41.0,0.2859112298168438,0.4757119819158795,0.36204108238194566,0.45722304876055103,0.4923365472551251,0.7729770414640889,powerplay,,,,
2020,MA Agarwal,Kings XI Punjab,186,136,136.76,21,5,19.12,43,31.62,0.4377033417380875,0.5702446259228242,0.3939063924744801,0.32853302507161236,0.7139829554439144,0.9946234496528781,powerplay,,,,
2016,M Vohra,Kings XI Punjab,95,82,115.85,12,1,15.85,37,45.12,0.2361955403848732,0.4944957149095695,0.3493756666084513,0.4546907963366893,0.4570161008354796,0.7376565950444434,powerplay,,,,
2014,MK Tiwary,Delhi Daredevils,5,9,55.56,0,0,0.0,5,55.56,0.013162187338455747,0.24348846115072323,0.0,0.5208758900401343,-0.023988786565914105,0.25665170764304956,powerplay,MK Tiwary,2014.0,54236514.743599996,-0.04422995592419556
2023,DA Miller,Gujarat Titans,10,12,83.33,2,0,16.67,7,58.33,0.04723147032909244,0.33669272595418986,0.3117407626248639,0.5854216648739318,0.17078838295937812,0.4514288771683418,powerplay,,,,
2016,AJ Finch,Gujarat Lions,120,89,134.83,19,2,23.6,36,40.45,0.29170458540063177,0.5639698181277175,0.5038697939524899,0.4121529816653281,0.6184440901633863,0.8990845843723501,powerplay,AJ Finch,2016.0,16363863.999,3.779327976578023
2016,WP Saha,Kings XI Punjab,71,48,147.92,11,0,22.92,16,33.33,0.18290685716974497,0.6118842549625728,0.49031418019843226,0.3472987545860792,0.5687193679305532,0.8493598621395169,powerplay,,,,
2025,SK Rasheed,Chennai Super Kings,63,46,136.96,9,2,23.91,23,50.0,0.13988744295584626,0.4458953105921705,0.3571653401034167,0.5402730081227014,0.3335001102704894,0.6141406044794531,powerplay,SK Rasheed,2025.0,3148500.0000000005,10.59234906369666
2017,MK Tiwary,Rising Pune Supergiant,33,31,106.45,3,1,12.9,12,38.71,0.08515876913698625,0.43315996845195104,0.25730460901818447,0.41949032941405484,0.27464697476953115,0.5552874689784948,powerplay,MK Tiwary,2017.0,7799001.048,3.521566070823422
2017,C de Grandhomme,Kolkata Knight Riders,0,6,0.0,0,0,0.0,6,100.0,0.006484870026738895,0.04406020366478344,0.017923248329720705,0.9174285811551592,-0.2399451147443906,0.040695379464573106,powerplay,,,,
2013,R Ashwin,Chennai Super Kings,8,17,47.06,1,0,5.88,11,64.71,0.04899185057714028,0.23879015173867468,0.16104017375305,0.6120479699765109,0.0474422435269688,0.3280827377359325,powerplay,,,,
2015,UBT Chand,Mumbai Indians,35,34,102.94,5,0,14.71,16,47.06,0.09490664808339891,0.42841285643464194,0.2979536335458187,0.48029876348578443,0.2801212527339232,0.5607617469428869,powerplay,,,,
2020,PK Garg,Sunrisers Hyderabad,10,10,100.0,0,1,10.0,5,50.0,0.02521165029445753,0.4237724052041414,0.2250045282110573,0.501128107222856,0.18296912836575574,0.46360962257471944,powerplay,PK Garg,2020.0,26398074.5607,0.6931154313737341
2021,S Dhawan,Delhi Capitals,258,216,119.44,29,8,17.13,87,40.28,0.6195614771760283,0.5026454461826427,0.3667468863398732,0.4113231977801033,0.7886110443510559,1.0692515385600196,powerplay,,,,
2016,Q de Kock,Delhi Daredevils,218,159,137.11,28,7,22.01,65,40.88,0.5093000418624054,0.5723154954373791,0.4721735794393258,0.4160697397614063,0.7812549700278887,1.0618954642368523,powerplay,,,,
2017,Vishnu Vinod,Royal Challengers Bangalore,9,19,47.37,1,0,5.26,13,68.42,0.027941387965897277,0.21720868518632525,0.11553146206780744,0.6608632362378143,-0.015312359974950479,0.26532813423401325,powerplay,,,,
2021,SPD Smith,Delhi Capitals,53,54,98.15,4,1,9.26,21,38.89,0.1473427815091038,0.43529617316382496,0.2322849883613628,0.40044229713010016,0.3199178674127787,0.6005583616217425,powerplay,SPD Smith,2021.0,29174564.8546,1.0965643155508342
2013,DJ Bravo,Chennai Super Kings,39,38,102.63,5,1,15.79,19,50.0,0.1267985853970312,0.4652146594686108,0.35396061165455533,0.47291606395959745,0.3514536541086011,0.6320941483175648,powerplay,,,,
2022,DJ Willey,Royal Challengers Bangalore,9,14,64.29,1,0,7.14,9,64.29,0.03054528551823026,0.2855874528856172,0.14046253152460972,0.5963256366241358,0.051540403056226425,0.3321808972651901,powerplay,DJ Willey,2022.0,24875569.016000003,0.20719286068622417
2023,RG Sharma,Mumbai Indians,195,142,137.32,17,13,21.13,64,45.07,0.41940060996523354,0.5187843500806445,0.3843650113143714,0.4831310559210153,0.6229376013276716,0.9035780955366353,powerplay,,,,
2020,RG Sharma,Mumbai Indians,137,119,115.13,13,6,15.97,57,47.9,0.32286190491571326,0.4840587136773098,0.3355685775150742,0.4814083209052492,0.5069022443814342,0.7875427385903979,powerplay,,,,
2025,D Brevis,Chennai Super Kings,22,16,137.5,2,0,12.5,3,18.75,0.05939301078848864,0.44740564370030356,0.1999177687998594,0.2868794211533838,0.2751164000948643,0.555756894303828,powerplay,,,,
2015,MK Pandey,Kolkata Knight Riders,106,92,115.22,14,2,17.39,40,43.48,0.25778260651816487,0.47216309359503217,0.3477610287116189,0.4532122502406737,0.4628364198600744,0.743476914069038,powerplay,,,,
2019,LS Livingstone,Rajasthan Royals,61,36,169.44,5,5,27.78,15,41.67,0.14365836321824474,0.6074070339872277,0.4567501136995369,0.46267463835907235,0.48536536722527956,0.7660058614342433,powerplay,LS Livingstone,2019.0,7221262.765000001,6.721336461785428
2023,N Pooran,Lucknow Super Giants,9,8,112.5,0,1,12.5,4,50.0,0.045219745249978176,0.4350741424344396,0.24383871844655738,0.5211621797624842,0.20709163678940787,0.48773213099837154,powerplay,N Pooran,2023.0,189293781.16799998,0.1094022400057676
2017,BB McCullum,Gujarat Lions,175,119,147.06,16,10,21.85,45,37.82,0.4236949410659293,0.5815990614346366,0.42338702592994804,0.41225970379732163,0.696601734099342,0.9772422283083058,powerplay,,,,
2020,SS Tiwary,Mumbai Indians,6,7,85.71,0,0,0.0,2,28.57,0.015836839125284122,0.3668331224492454,0.03980511564151473,0.29989238303889787,0.12403061965186227,0.404671113860826,powerplay,,,,
2021,EJG Morgan,Kolkata Knight Riders,30,31,96.77,3,1,12.9,18,58.06,0.09436214736110737,0.43093064959567234,0.29447575184824687,0.5505047902671932,0.2583176939382752,0.538958188147239,powerplay,,,,
2014,V Kohli,Royal Challengers Bangalore,60,84,71.43,6,0,7.14,42,50.0,0.15794624806146917,0.3130378110150497,0.16170527631607198,0.46900519072908625,0.21494172108020668,0.49558221528917035,powerplay,,,,
2021,JJ Roy,Sunrisers Hyderabad,94,74,127.03,16,0,21.62,31,41.89,0.2417865206424887,0.5266558258074818,0.44346021822341986,0.4239262553675169,0.5291363510080158,0.8097768452169796,powerplay,,,,
2025,WG Jacks,Mumbai Indians,122,86,141.86,12,6,20.93,30,34.88,0.25572089412350724,0.4596001850918967,0.31609629869372335,0.41767105500346674,0.45131882575588966,0.7319593199648533,powerplay,WG Jacks,2025.0,55098750.00000001,0.8191090101969457
2017,V Shankar,Sunrisers Hyderabad,10,10,100.0,1,0,10.0,3,30.0,0.030325445514692635,0.40958370276029077,0.20349019459984763,0.3487276899514179,0.21600448837640557,0.49664498258536927,powerplay,,,,
2021,YBK Jaiswal,Rajasthan Royals,172,107,160.75,25,6,28.97,42,39.25,0.4214599755791722,0.6333264451684276,0.5690377214180896,0.4032603721185901,0.7889200660501149,1.0695605602590785,powerplay,,,,
2017,KM Jadhav,Royal Challengers Bangalore,48,42,114.29,8,0,19.05,20,47.62,0.12091963236891685,0.4618170107810388,0.37142828097431246,0.49187782856584533,0.34722358915433993,0.6278640833633036,powerplay,,,,
2019,SK Raina,Chennai Super Kings,155,121,128.1,23,4,22.31,58,47.93,0.34626093079806763,0.4791253786472292,0.3803403199964065,0.5136103859512269,0.5336414621750837,0.8142819563840473,powerplay,,,,
2013,LJ Wright,Pune Warriors,9,9,100.0,0,1,11.11,5,55.56,0.05150174524874968,0.4544985094716748,0.2628538861874469,0.5255043302719047,0.22908360063761687,0.5097240948465805,powerplay,,,,
2018,JJ Roy,Delhi Daredevils,57,49,116.33,5,4,18.37,25,51.02,0.13545551627287467,0.43466479838002026,0.3445395030277918,0.5521104287832774,0.31510645993583297,0.5957469541447966,powerplay,JJ Roy,2018.0,22385192.444999997,1.4076558006371565
2023,JE Root,Rajasthan Royals,10,15,66.67,1,0,6.67,8,53.33,0.04723147032909244,0.28050368246564134,0.1489061243075822,0.5468505453592574,0.08098960982672945,0.3616301040356932,powerplay,,,,
2024,KS Williamson,Gujarat Titans,21,20,105.0,3,0,15.0,11,55.0,0.05474371615579683,0.37216481295702997,0.24411006500600863,0.5903954997502326,0.16260825873078652,0.4432487529397502,powerplay,,,,
2024,Nithish Kumar Reddy,Sunrisers Hyderabad,54,58,93.1,2,2,6.9,25,43.1,0.12204352190499514,0.3339543202133583,0.12020770316009384,0.4820778652788543,0.17408208446906115,0.45472257867802485,powerplay,,,,
2015,AD Mathews,Delhi Daredevils,0,1,0.0,0,0,0.0,1,100.0,0.014615682657810063,0.06166616154127366,0.024570505602191428,0.880846252646723,-0.21067152137614586,0.06996897283281783,powerplay,AD Mathews,2015.0,130915002.9525,-0.1609223668983027
2023,V Kohli,Royal Challengers Bangalore,264,199,132.66,31,4,17.59,63,31.66,0.5582096404241187,0.5030676068239437,0.32672154935005376,0.3796833133826587,0.7312212189439935,1.0118617131529573,powerplay,,,,
2013,AT Rayudu,Mumbai Indians,38,31,122.58,6,0,19.35,11,35.48,0.12428869072542181,0.5465025653389046,0.42326401820645854,0.33558123898573033,0.462476671746977,0.7431171659559407,powerplay,,,,
2025,SV Samson,Rajasthan Royals,157,117,134.19,16,7,19.66,45,38.46,0.32443565329076374,0.4381478611300803,0.2985937206432836,0.4466998243266718,0.4789796801891273,0.759620174398091,powerplay,,,,
2022,LS Livingstone,Punjab Kings,83,44,188.64,7,6,29.55,15,34.09,0.2121829852714285,0.718735146789984,0.5502327998457116,0.34829781141794847,0.6722293781173204,0.9528698723262841,powerplay,LS Livingstone,2022.0,143034521.842,0.46997701635964784
2015,AD Russell,Kolkata Knight Riders,35,15,233.33,4,2,40.0,3,20.0,0.09490664808339891,0.8929562948176447,0.7679644633007019,0.2755610404654785,0.7853191622212138,1.0659596564301774,powerplay,,,,
2023,Sikandar Raza,Punjab Kings,14,12,116.67,1,0,8.33,4,33.33,0.05527837064554955,0.4491382667650066,0.17593667426825096,0.39256606730055993,0.23019351312948794,0.5108340073384516,powerplay,Sikandar Raza,2023.0,5915430.661499999,3.8914075120122673
2023,RA Tripathi,Sunrisers Hyderabad,117,90,130.0,13,5,20.0,37,41.11,0.26248605379432005,0.4940962469392174,0.36596469718451863,0.4525827292653933,0.4859462614584802,0.7665867556674439,powerplay,,,,
2015,V Sehwag,Kings XI Punjab,62,50,124.0,10,1,22.0,23,46.0,0.15684539284028173,0.5034438006201319,0.4334371823363723,0.47227873442438295,0.430561326306344,0.7112018205153077,powerplay,,,,
2015,KM Jadhav,Delhi Daredevils,2,9,22.22,0,0,0.0,7,77.78,0.019203737824986564,0.1408298642858884,0.024570505602191428,0.7127282849633823,-0.11698383556509508,0.16365665864386864,powerplay,,,,
2024,Anmolpreet Singh,Sunrisers Hyderabad,5,6,83.33,1,0,16.67,4,66.67,0.02211350730770067,0.3025831845742262,0.2696553667693022,0.6966196001099794,0.08134143314646583,0.36198192735542956,powerplay,,,,
2020,YBK Jaiswal,Rajasthan Royals,18,23,78.26,1,1,8.7,13,56.52,0.043961272632804346,0.3371481919717104,0.20092860457701675,0.5623533485518063,0.12545498158621435,0.406095475795178,powerplay,YBK Jaiswal,2020.0,33344936.2872,0.3762339819925591
2013,AC Gilchrist,Kings XI Punjab,164,121,135.54,25,2,22.31,48,39.67,0.4405354193482042,0.5993091447914864,0.48088707533950137,0.3752116051455447,0.755918610233419,1.0365591044423828,powerplay,,,,
2022,KH Pandya,Lucknow Super Giants,31,18,172.22,4,1,27.78,5,27.78,0.08454568274215407,0.6615394480854427,0.5178680798578335,0.2964747790652649,0.5425044724528902,0.823144966661854,powerplay,KH Pandya,2022.0,102611722.191,0.5286963914737539
2014,LRPL Taylor,Delhi Daredevils,6,9,66.67,1,0,11.11,6,66.67,0.015794624806146903,0.2921773884974571,0.25161703359545656,0.6245239960375706,0.08459486040033037,0.36523535460929407,powerplay,LRPL Taylor,2014.0,38740367.673999995,0.21836359714547812
2014,LRPL Taylor,Delhi Daredevils,6,9,66.67,1,0,11.11,6,66.67,0.015794624806146903,0.2921773884974571,0.25161703359545656,0.6245239960375706,0.08459486040033037,0.36523535460929407,powerplay,LRPL Taylor,2014.0,5811055.151099999,1.4557573143031872
2025,Abishek Porel,Delhi Capitals,151,109,138.53,17,4,19.27,36,33.03,0.3126559802906626,0.4502864642584093,0.2932189132104714,0.40267015465488315,0.486415480909982,0.7670559751189456,powerplay,,,,
2016,KD Karthik,Gujarat Lions,41,53,77.36,5,0,9.43,27,50.94,0.11629600315083467,0.3536075045372557,0.2213947249892608,0.5077036617301203,0.21715708251542687,0.49779757672439057,powerplay,KD Karthik,2016.0,37636887.1977,0.5769793909223645
2013,JH Kallis,Kolkata Knight Riders,150,149,100.67,22,1,15.44,76,51.01,0.40539689394567285,0.4572284792427574,0.3471470744935537,0.48246896845158127,0.5644072477645419,0.8450477419735056,powerplay,,,,
2014,BR Dunk,Mumbai Indians,29,25,116.0,5,0,20.0,13,52.0,0.07634068656304342,0.5083632378236842,0.4529559560674286,0.48766371566111794,0.3727852336942844,0.653425727903248,powerplay,BR Dunk,2014.0,3874036.7674,9.622656058178649
2022,MK Pandey,Lucknow Super Giants,34,39,87.18,4,1,12.82,22,56.41,0.09190937327268914,0.3653200681929831,0.24432219792638835,0.5316084424974882,0.20664998903227122,0.4872904832412349,powerplay,,,,
2025,Ashutosh Sharma,Delhi Capitals,1,1,100.0,0,0,0.0,0,0.0,0.018164155288134753,0.34252140007995,0.027648299799467854,0.1348432689717932,0.15778077848870536,0.43842127269766906,powerplay,,,,
2019,S Gopal,Rajasthan Royals,3,7,42.86,0,0,0.0,4,57.14,0.018648268328566826,0.21461816284700022,0.06869452520356578,0.5885494011786618,-0.023424587925640367,0.25721590628332336,powerplay,,,,
2013,M Vohra,Kings XI Punjab,88,68,129.41,14,0,20.59,29,42.65,0.24978342430589104,0.5743319586769551,0.4474034070054359,0.40339740255753664,0.5673050311683755,0.8479455253773391,powerplay,,,,
2014,MEK Hussey,Mumbai Indians,120,102,117.65,14,3,16.67,45,44.12,0.3158924961229384,0.5155942666375555,0.37753878938220176,0.414149127428913,0.5561588472104454,0.836799341419409,powerplay,MEK Hussey,2014.0,96850919.185,0.5742421981025263
2014,AT Rayudu,Mumbai Indians,110,93,118.28,11,3,15.05,39,41.94,0.28956812144602684,0.5183552049119428,0.34084935694074003,0.39381133525299844,0.5260709096602263,0.80671140386919,powerplay,,,,
2023,H Klaasen,Sunrisers Hyderabad,46,26,176.92,7,1,30.77,8,30.77,0.1196535731772064,0.6523429408457417,0.5413376026522309,0.37281765410904666,0.5536509539254258,0.8342914481343895,powerplay,H Klaasen,2023.0,62112021.94575,0.8913748684739272
2021,RR Pant,Delhi Capitals,64,58,110.34,8,1,15.52,27,46.55,0.1726813456668412,0.47385829801583945,0.339239433259136,0.46040467049630424,0.38961056935911265,0.6702510635680763,powerplay,,,,
2025,DJ Hooda,Chennai Super Kings,4,9,44.44,1,0,11.11,8,88.89,0.024053991788185312,0.1871249047320342,0.18076140384701583,0.8556162592342779,-0.06253660024256089,0.2181038939664028,powerplay,,,,
2017,V Kohli,Royal Challengers Bangalore,132,110,120.0,13,4,15.45,46,41.82,0.3211804664677283,0.4826884025793923,0.3046241803170668,0.4447568975803925,0.5019423863324411,0.7825828805414048,powerplay,,,,
2016,SS Tiwary,Rising Pune Supergiants,65,44,147.73,9,2,25.0,18,40.91,0.16958468636596294,0.6111887818534344,0.5317784105049612,0.4163430019541559,0.5556595241604734,0.8363000183694371,powerplay,,,,
2018,GJ Maxwell,Delhi Daredevils,56,43,130.23,8,2,23.26,21,48.84,0.1332503072222641,0.48518007386440926,0.42843506595710235,0.5343703299867526,0.3816749633946862,0.6623154576036498,powerplay,,,,
2025,R Ashwin,Chennai Super Kings,21,15,140.0,2,1,20.0,3,20.0,0.057429731955138466,0.4543979266083271,0.3032794502000943,0.2970151646321565,0.32051395206866984,0.6011544462776335,powerplay,R Ashwin,2025.0,102326250.00000001,0.3132274974101658
2013,KM Jadhav,Delhi Daredevils,2,5,40.0,0,0,0.0,3,60.0,0.03393248254748399,0.21002360459861077,0.046572749448221366,0.5674992767515169,-0.01713425743646288,0.26350623677250085,powerplay,,,,
2022,S Dhawan,Punjab Kings,252,210,120.0,27,8,16.67,89,42.38,0.6270042184915706,0.4796417997083938,0.31472003518815733,0.41638227072123635,0.7581336092657533,1.038774103474717,powerplay,,,,
2018,MS Dhoni,Chennai Super Kings,10,17,58.82,1,0,5.88,10,58.82,0.03181069089417677,0.2256623888039616,0.13025410814290658,0.6155841767708434,0.012218842750377185,0.29285933695934085,powerplay,,,,
2024,V Kohli,Royal Challengers Bengaluru,331,209,158.37,31,18,23.44,67,32.06,0.6869540125876598,0.5435340564637322,0.37321326673187544,0.3815882279205336,0.8747997399551779,1.1554402341641417,powerplay,,,,
2019,SS Iyer,Delhi Capitals,190,146,130.14,18,7,17.12,52,35.62,0.42169805702459745,0.48545567803991413,0.30784181372232117,0.4134475979545141,0.5945808214283254,0.875221315637289,powerplay,,,,
2025,TH David,Royal Challengers Bengaluru,5,4,125.0,1,0,25.0,2,50.0,0.02601727062153548,0.4124442291601857,0.3721872378002509,0.5402730081227014,0.23243828565062374,0.5130787798595875,powerplay,TH David,2025.0,31485000.000000004,0.7382508675579601
2024,Atharva Taide,Punjab Kings,40,25,160.0,5,1,24.0,7,28.0,0.09349208916291102,0.548767930679882,0.38177935594591395,0.34463279968912214,0.41758850693919447,0.6982290011481582,powerplay,,,,
2023,MD Shanaka,Gujarat Titans,0,1,0.0,0,0,0.0,1,100.0,0.02711421953794969,0.05564632776086771,0.04029542054995537,0.9068733749092278,-0.2044145337144948,0.07622596049446889,powerplay,,,,
2017,PA Patel,Mumbai Indians,291,189,153.97,38,7,23.81,59,31.22,0.7002456167261928,0.6068567352221361,0.45975814739889287,0.35863933405525456,0.9629242271049478,1.2435647213139116,powerplay,,,,
2014,AB de Villiers,Royal Challengers Bangalore,29,26,111.54,3,0,11.54,10,38.46,0.07634068656304342,0.48881754781770465,0.26135558665090625,0.36134550187126324,0.3146876865908159,0.5953281807997797,powerplay,,,,
2019,KD Karthik,Kolkata Knight Riders,16,22,72.73,3,0,13.64,15,68.18,0.046667772355563596,0.30730739954283365,0.2592300985327611,0.678378579040864,0.10412788828335098,0.3847683824923147,powerplay,,,,
2014,JH Kallis,Kolkata Knight Riders,41,51,80.39,5,0,9.8,28,54.9,0.10792993617533726,0.3523044886952239,0.22194841847304003,0.5147185768125639,0.20795740855698058,0.4885979027659443,powerplay,JH Kallis,2014.0,106536011.1035,0.19519916918510255
2023,M Vohra,Lucknow Super Giants,9,10,90.0,1,0,10.0,4,40.0,0.045219745249978176,0.3591885794997252,0.203130058867237,0.44401994073313555,0.17397263022016116,0.4546131244291248,powerplay,,,,
2020,AT Rayudu,Chennai Super Kings,75,64,117.19,10,1,17.19,28,43.75,0.17755233179352542,0.4922668957959302,0.35816290584855837,0.44243826699188354,0.4166171408670717,0.6972576350760353,powerplay,,,,
2018,KK Nair,Kings XI Punjab,47,43,109.3,6,1,16.28,19,44.19,0.11340342576676875,0.4091164252393544,0.30868229924000873,0.49653021099416506,0.28522892459284666,0.5658694188018103,powerplay,KK Nair,2018.0,83571385.12799999,0.3412997453087358
2024,V Shankar,Gujarat Titans,10,10,100.0,0,1,10.0,5,50.0,0.03231044757273073,0.3561099840731343,0.1676271255949501,0.5448838886278048,0.11587039002413785,0.39651088423310155,powerplay,,,,
2020,CH Gayle,Kings XI Punjab,96,60,160.0,8,8,26.67,29,48.33,0.22677009043168578,0.6628456707950274,0.5337319489644847,0.48544618191314004,0.6073844302029385,0.8880249244119023,powerplay,,,,
2020,JM Bairstow,Sunrisers Hyderabad,170,139,122.3,21,5,18.71,65,46.76,0.4002040970613938,0.5126279689154207,0.3863132165591288,0.4707032940471198,0.6091072213442975,0.8897477155532612,powerplay,,,,
2018,V Kohli,Royal Challengers Bangalore,250,180,138.89,33,6,21.67,64,35.56,0.5610608630407193,0.5166521807489279,0.40115614058744925,0.42630220520792206,0.7598043825090149,1.0404448767179786,powerplay,,,,
2015,SA Yadav,Kolkata Knight Riders,33,19,173.68,3,2,26.32,6,31.58,0.09031859291622239,0.6804398740833391,0.5137237297678114,0.3631760749287136,0.5346976672915486,0.8153381615005122,powerplay,,,,
2021,JC Buttler,Rajasthan Royals,107,80,133.75,13,4,21.25,32,40.0,0.2717320964652693,0.5479140275306597,0.4371386296272255,0.40913136167794434,0.5653156657664135,0.8459561599753771,powerplay,,,,
2023,MM Ali,Chennai Super Kings,25,19,131.58,4,1,26.32,11,57.89,0.0774073465158066,0.4994250998030774,0.4688761886010407,0.5820274063566404,0.34802449007766023,0.6286649842866239,powerplay,,,,
2018,Ishan Kishan,Mumbai Indians,60,66,90.91,4,3,10.61,35,53.03,0.14207114342470648,0.3422836255157634,0.21140462197841556,0.5684671253800733,0.2093906697739119,0.4900311639828756,powerplay,Ishan Kishan,2018.0,92525462.10599999,0.22630599729837347
2013,BB McCullum,Kolkata Knight Riders,6,7,85.71,1,0,14.29,4,57.14,0.043972061233921514,0.39627273629440674,0.3247597381074052,0.540448477893028,0.21732135591476454,0.49796185012372823,powerplay,BB McCullum,2013.0,12313238.46188,1.7649406903598912
2020,PP Shaw,Delhi Capitals,126,94,134.04,15,4,20.21,38,40.43,0.29708117420048635,0.5594066378827041,0.41409312844456025,0.41126222386119105,0.5803314989434359,0.8609719931523996,powerplay,,,,
2014,JA Morkel,Royal Challengers Bangalore,7,7,100.0,1,0,14.29,3,42.86,0.018427062273838054,0.43824417053765874,0.32363703061017773,0.40239425672173307,0.25878212184595983,0.5394226160549236,powerplay,,,,
2021,Anuj Rawat,Rajasthan Royals,0,1,0.0,0,0,0.0,1,100.0,0.02525697238545988,0.12480621793616115,0.07407441971066311,0.8788105264262793,-0.1477009821816369,0.1329395120273268,powerplay,,,,
2021,KS Bharat,Royal Challengers Bangalore,78,71,109.86,5,3,11.27,28,39.44,0.2049304273221434,0.4723398550356124,0.2666265912758235,0.4047476894736265,0.3986719286075535,0.6793124228165173,powerplay,KS Bharat,2021.0,2652233.1686,15.031556551190985
2017,AM Rahane,Rising Pune Supergiant,223,171,130.41,23,5,16.37,53,30.99,0.5381297034081073,0.5207393988352346,0.3216963393739185,0.35677074541272796,0.7286055912385481,1.0092460854475118,powerplay,,,,
2018,KD Karthik,Kolkata Knight Riders,29,21,138.1,3,1,19.05,7,33.33,0.07370966285577804,0.5137811686890238,0.35620596167644847,0.40815522341147686,0.35370443036009314,0.6343449245690569,powerplay,KD Karthik,2018.0,110433616.06199999,0.32028692256306746
2014,CM Gautam,Mumbai Indians,63,49,128.57,6,4,20.41,25,51.02,0.16584356046454263,0.5634505300602678,0.4622415531668109,0.47852103844442245,0.47885250079350616,0.7594929950024698,powerplay,CM Gautam,2014.0,3874036.7674,12.360556431034613
2022,D Padikkal,Rajasthan Royals,107,93,115.05,15,2,18.28,43,46.24,0.27109250951570907,0.46239949102462524,0.3441591307703516,0.4480838404330206,0.4685202098416319,0.7491607040505956,powerplay,D Padikkal,2022.0,96392829.937,0.4860529669559917
2014,CH Gayle,Royal Challengers Bangalore,131,119,110.08,12,8,16.81,68,57.14,0.34484930826754107,0.48241918292785474,0.38070948107467373,0.5356161247364395,0.5277234671406316,0.8083639613495952,powerplay,,,,
2014,MS Bisla,Kolkata Knight Riders,1,6,16.67,0,0,0.0,5,83.33,0.0026324374676911537,0.07305530322862776,0.0,0.7799495087213948,-0.19535125102795164,0.08528924318101205,powerplay,MS Bisla,2014.0,11622110.302199999,-1.6808586904477474
2013,MDKJ Perera,Rajasthan Royals,10,7,142.86,2,0,28.57,3,42.86,0.05401163992035906,0.6291350831860003,0.6027520542762748,0.4053836500261669,0.5074001829457611,0.7880406771547248,powerplay,,,,
2013,RN ten Doeschate,Kolkata Knight Riders,2,5,40.0,0,0,0.0,3,60.0,0.03393248254748399,0.21002360459861077,0.046572749448221366,0.5674992767515169,-0.01713425743646288,0.26350623677250085,powerplay,,,,
2013,MS Bisla,Kolkata Knight Riders,139,123,113.01,22,3,20.33,64,52.03,0.37778805255796966,0.5075088180116509,0.44234192225726315,0.49211645615635713,0.6074037792210625,0.8880442734300262,powerplay,,,,
2021,MK Lomror,Rajasthan Royals,5,11,45.45,0,0,0.0,7,63.64,0.036774501548067794,0.26858378762640384,0.07407441971066311,0.5941849525887883,0.018789498144818062,0.29942999235378176,powerplay,,,,
2017,MK Pandey,Kolkata Knight Riders,44,48,91.67,4,0,8.33,18,37.5,0.11138340217373537,0.379135595285635,0.17250051457273644,0.40965992829467596,0.23340177245113441,0.5140422666600981,powerplay,,,,
2016,N Rana,Mumbai Indians,16,19,84.21,1,1,10.53,10,52.63,0.060786958135076105,0.37868114031409,0.24332292370905984,0.5230974319216836,0.19053622275767773,0.47117671696664143,powerplay,,,,
2024,Harpreet Singh,Punjab Kings,13,15,86.67,2,0,13.33,9,60.0,0.03842861173174875,0.3133078102686685,0.21856476324271507,0.6359071108726605,0.09497880471715686,0.37561929892612056,powerplay,,,,
2025,RA Tripathi,Chennai Super Kings,37,37,100.0,4,1,13.51,19,51.35,0.08884219328874143,0.34252140007995,0.21383714189509098,0.5512196110797759,0.1731952851998263,0.45383577940879,powerplay,RA Tripathi,2025.0,35683000.0,0.4853719844178637
2025,V Suryavanshi,Rajasthan Royals,132,68,194.12,11,12,33.82,29,42.65,0.2753536824570091,0.6057668670012214,0.49374057512692715,0.4806748364675179,0.6011471873330798,0.8817876815420436,powerplay,V Suryavanshi,2025.0,11544500.000000002,5.207217179895879
2019,AB de Villiers,Royal Challengers Bangalore,95,91,104.4,10,2,13.19,45,49.45,0.21694014298115943,0.40558219452633026,0.25294410087893865,0.5259781713090663,0.3323746056508952,0.6130150998598589,powerplay,,,,
2023,Liton Das,Kolkata Knight Riders,0,1,0.0,0,0,0.0,1,100.0,0.02711421953794969,0.05564632776086771,0.04029542054995537,0.9068733749092278,-0.2044145337144948,0.07622596049446889,powerplay,Liton Das,2023.0,5915430.661499999,-3.455615413513453
2023,N Wadhera,Mumbai Indians,27,23,117.39,3,1,17.39,10,43.48,0.08143079667403515,0.45156660477891747,0.32346485658370816,0.47086543991534885,0.2952274932167509,0.5758679874257147,powerplay,,,,
2018,BB McCullum,Royal Challengers Bangalore,45,33,136.36,5,2,21.21,11,33.33,0.10899300766554755,0.507457673772273,0.3932641244427697,0.40815522341147686,0.39544553199437793,0.6760860262033417,powerplay,,,,
2013,MK Pandey,Pune Warriors,37,48,77.08,1,2,6.25,27,56.25,0.12177879605381242,0.36110909581016437,0.16824305589468036,0.5320305719545472,0.19407778831437414,0.4747182825233378,powerplay,,,,
2023,GJ Maxwell,Royal Challengers Bangalore,109,60,181.67,12,7,31.67,24,40.0,0.2463922531614058,0.6683632263541814,0.5559927201007864,0.44401994073313555,0.6482861575316287,0.9289266517405923,powerplay,,,,
2025,JM Bairstow,Mumbai Indians,79,39,202.56,7,5,30.77,8,20.51,0.17129990428944922,0.629372814098709,0.4517068246908316,0.30115054797149576,0.5646492372003394,0.8452897314093031,powerplay,,,,
2022,T Stubbs,Mumbai Indians,0,2,0.0,0,0,0.0,2,100.0,0.008454213926625074,0.061646437677641844,0.009906542420965473,0.889606220667611,-0.22483733213072782,0.05580316207823588,powerplay,,,,
2015,NV Ojha,Sunrisers Hyderabad,8,9,88.89,1,0,11.11,4,44.44,0.032967903326516085,0.3783565997486907,0.23104817735295272,0.46047567278684864,0.18138160050833235,0.46202209471729605,powerplay,,,,
2024,SD Hope,Delhi Capitals,94,68,138.24,10,5,22.06,31,45.59,0.2036190440252355,0.4788973153771683,0.35210397545442323,0.5047426476178234,0.4093678875779161,0.6900083817868798,powerplay,SD Hope,2024.0,8315975.625,4.922668199594634
2017,MA Agarwal,Rising Pune Supergiant,15,18,83.33,1,0,5.56,8,44.44,0.04224573325866951,0.3486509354610697,0.1210984704559113,0.4660425595083039,0.12280359819013933,0.40344409239910306,powerplay,MA Agarwal,2017.0,1559800.2096000002,7.873033830507784
2013,RA Jadeja,Chennai Super Kings,3,4,75.0,0,0,0.0,2,50.0,0.036442377219093366,0.3526339657745648,0.046572749448221366,0.47291606395959745,0.08455380272637747,0.36519429693534117,powerplay,,,,
2018,Shakib Al Hasan,Sunrisers Hyderabad,37,31,119.35,5,1,19.35,15,48.39,0.0913513352606628,0.4456400596723119,0.3613529287273264,0.5307083829874698,0.29929740107574215,0.5799378952847059,powerplay,Shakib Al Hasan,2018.0,29846923.259999998,1.0027747197542873
2018,Shakib Al Hasan,Sunrisers Hyderabad,37,31,119.35,5,1,19.35,15,48.39,0.0913513352606628,0.4456400596723119,0.3613529287273264,0.5307083829874698,0.29929740107574215,0.5799378952847059,powerplay,Shakib Al Hasan,2018.0,2984692.326,10.027747197542872
2018,AJ Finch,Kings XI Punjab,24,23,104.35,2,1,13.04,9,39.13,0.06268361760272509,0.39112717245894246,0.2530950550905269,0.4553536514022312,0.22299715968171901,0.5036376538906827,powerplay,AJ Finch,2018.0,92525462.10599999,0.2410116681462738
2021,Washington Sundar,Royal Challengers Bangalore,16,22,72.73,1,0,4.55,12,54.55,0.062113065705805215,0.35488196366930413,0.15181287406926824,0.5230285591294156,0.13853865999164228,0.419179154200606,powerplay,,,,
2023,MA Agarwal,Sunrisers Hyderabad,148,115,128.7,21,2,20.0,46,40.0,0.3248495312468626,0.48971174774743387,0.36596469718451863,0.44401994073313555,0.5362136303842998,0.8168541245932635,powerplay,MA Agarwal,2023.0,97604605.91475,0.5493732855728556
2024,R Ashwin,Rajasthan Royals,1,2,50.0,0,0,0.0,1,50.0,0.013955955095676644,0.19556169523417782,0.01466124677283308,0.5448838886278048,-0.04792199384693631,0.2327185003620274,powerplay,,,,
2023,MR Marsh,Delhi Capitals,81,58,139.66,8,5,22.41,28,48.28,0.19006395094620607,0.5266764486258547,0.40520784501898344,0.5078937146494362,0.44536480093360387,0.7260052951425675,powerplay,,,,
2023,VR Iyer,Kolkata Knight Riders,157,116,135.34,17,7,20.69,50,43.1,0.34295505695889106,0.5121064205423896,0.3772002872284111,0.4679340348322336,0.5597771746414226,0.8404176688503864,powerplay,,,,
2017,AT Rayudu,Mumbai Indians,19,28,67.86,1,0,3.57,13,46.43,0.05178196345385099,0.29210445015099473,0.08417064814815603,0.4822099134153817,0.08069161348063386,0.36133210768959756,powerplay,,,,
2024,JC Buttler,Rajasthan Royals,191,145,131.72,23,4,18.62,52,35.86,0.40143968516681844,0.45796181851256834,0.29948371313961497,0.4161770523735787,0.5600472125904921,0.8406877067994558,powerplay,,,,
2021,HH Pandya,Mumbai Indians,4,7,57.14,0,0,0.0,3,42.86,0.03447099571554621,0.3055642010406818,0.07407441971066311,0.4315194018642816,0.0842365654032918,0.36487705961225547,powerplay,,,,
2025,VR Iyer,Kolkata Knight Riders,9,17,52.94,0,0,0.0,9,52.94,0.03387038595493624,0.21089866661931433,0.027648299799467854,0.5641122767847747,-0.024246306052065708,0.25639418815689796,powerplay,VR Iyer,2025.0,249256250.00000003,-0.009727461619143233
2013,BMAJ Mendis,Delhi Daredevils,3,7,42.86,0,0,0.0,4,57.14,0.036442377219093366,0.22167690839756016,0.046572749448221366,0.540448477893028,-0.0011844501421540143,0.2794560440668097,powerplay,,,,
2021,GD Phillips,Rajasthan Royals,7,14,50.0,0,1,7.14,12,85.71,0.04138151321311095,0.2829773617098055,0.1960639942426281,0.7669486053553842,0.03273810722795889,0.3133786014369226,powerplay,,,,
2024,LS Livingstone,Punjab Kings,1,2,50.0,0,0,0.0,1,50.0,0.013955955095676644,0.19556169523417782,0.01466124677283308,0.5448838886278048,-0.04792199384693631,0.2327185003620274,powerplay,,,,
2025,GJ Maxwell,Punjab Kings,4,6,66.67,0,0,0.0,3,50.0,0.024053991788185312,0.2493002843501798,0.027648299799467854,0.5402730081227014,-0.0057468319214117325,0.27489366228755197,powerplay,,,,
2023,Abhishek Sharma,Sunrisers Hyderabad,109,71,153.52,16,2,25.35,24,33.8,0.2463922531614058,0.5734219553936389,0.45308122868426437,0.3961917525349393,0.5688538073733813,0.8494943015823451,powerplay,,,,
2021,E Lewis,Rajasthan Royals,123,65,189.23,15,7,33.85,24,36.92,0.3085881897856146,0.7234207286618953,0.6524143493895167,0.3850211645541965,0.7866610240184629,1.0673015182274266,powerplay,,,,
2013,GH Vihari,Sunrisers Hyderabad,66,95,69.47,5,0,5.26,49,51.58,0.19456574153048456,0.3301015287087641,0.14897047935356125,0.48786021158072074,0.24138200981365604,0.5220225040226197,powerplay,,,,
2025,F du Plessis,Delhi Capitals,142,105,135.24,13,7,19.05,42,40.0,0.29498647079051094,0.4410846199514503,0.2901869705560645,0.45918706029251977,0.4493595052706071,0.7299999994795707,powerplay,F du Plessis,2025.0,20990000.000000004,2.1408266091977466
2022,F du Plessis,Royal Challengers Bangalore,206,173,119.08,27,3,17.34,73,42.2,0.5140942970233662,0.4764371685994914,0.3269710873869586,0.4149039591802723,0.6721598234884884,0.952800317697452,powerplay,F du Plessis,2022.0,87064491.55600001,0.7720252096759265
2018,KA Pollard,Mumbai Indians,16,15,106.67,1,0,6.67,8,53.33,0.04504194519784033,0.3995584990146103,0.14380778804355188,0.570908423379595,0.1292537832712973,0.40989427748026097,powerplay,KA Pollard,2018.0,80586692.802,0.1603909761986032
2020,KK Nair,Kings XI Punjab,1,6,16.67,0,0,0.0,5,83.33,0.004118325163817378,0.09173948484266593,0.03980511564151473,0.8141092872065854,-0.17715608157090712,0.10348441263805658,powerplay,,,,
2013,LRPL Taylor,Pune Warriors,3,4,75.0,0,0,0.0,1,25.0,0.036442377219093366,0.3526339657745648,0.046572749448221366,0.23645803197979873,0.1554912123203171,0.4361317065292808,powerplay,,,,
2021,P Simran Singh,Punjab Kings,18,16,112.5,1,1,12.5,7,43.75,0.06672007737084837,0.48069129142686084,0.2876416020145234,0.4384863094747153,0.29161453567423007,0.5722550298831938,powerplay,,,,
2022,DA Warner,Delhi Capitals,222,144,154.17,32,6,26.39,51,35.42,0.5533673131862199,0.5986659790466504,0.4924517178334545,0.35922089113729383,0.8558638457561676,1.1365043399651313,powerplay,DA Warner,2022.0,77736153.175,1.1009855913881446
2019,PA Patel,Royal Challengers Bangalore,229,145,157.93,30,8,26.21,46,31.72,0.5057565691055876,0.571690491825559,0.43481896632953415,0.38171446447058394,0.7716046967043648,1.0522451909133286,powerplay,,,,
2022,MS Wade,Gujarat Titans,94,79,118.99,14,2,20.25,39,49.37,0.23918318388339044,0.4761236720779683,0.3801808812653346,0.47379003556200616,0.45835276904649525,0.738993263255459,powerplay,MS Wade,2022.0,29850682.8192,1.535485040066427
2023,Abdul Samad,Sunrisers Hyderabad,4,3,133.33,1,0,33.33,2,66.67,0.03516111985440678,0.5053273102535553,0.583023270061455,0.6497582922244085,0.3482255348706353,0.628866029079599,powerplay,,,,
2021,SV Samson,Rajasthan Royals,122,109,111.93,16,2,16.51,47,43.12,0.306284683953093,0.47888814038784133,0.35615395409760175,0.4335546782448577,0.5146746932268585,0.7953151874358222,powerplay,,,,
2014,RA Jadeja,Chennai Super Kings,2,2,100.0,0,0,0.0,0,0.0,0.005264874935382307,0.43824417053765874,0.0,0.00254206742829346,0.22257136498864719,0.5032118591976109,powerplay,,,,
