season,player,team,runs,balls,strike_rate,fours,sixes,boundary_pct,dot_balls,dot_pct,runs_z,strike_rate_z,boundary_pct_z,dot_pct_z,impact_score,impact_score_pos,phase,name,year,adj_price,ROI
2015,JA Morkel,Delhi Daredevils,35,18,194.44,4,1,27.78,3,16.67,0.07772547667217186,0.4679730392044247,0.44239568767181386,0.3690983544555289,0.28124626545928244,0.6000032637765909,death,,,,
2013,MK Tiwary,Kolkata Knight Riders,37,29,127.59,3,0,10.34,8,27.59,0.08818592912276989,0.245861082911619,0.18591017421551664,0.5221624362521015,0.04038736251783981,0.35914436083514817,death,,,,
2017,S Dhawan,Sunrisers Hyderabad,26,14,185.71,2,1,21.43,2,14.29,0.04627429496014965,0.44429533204708643,0.36391246427251006,0.3297550873230459,0.23643880634419756,0.555195804661506,death,,,,
2018,Abhishek Sharma,Delhi Daredevils,57,25,228.0,2,5,28.0,1,4.0,0.14996865497990472,0.5387855926804045,0.43339389302457093,0.213221505649448,0.43409728597171815,0.7528542842890265,death,Abhishek Sharma,2018.0,2984692.326,14.544121757215862
2023,K Gowtham,Lucknow Super Giants,36,21,171.43,1,3,19.05,6,28.57,0.07083283364525647,0.36378719961905454,0.28803613953059426,0.556333565382696,0.10243728243183234,0.42119428074914067,death,,,,
2019,CH Gayle,Kings XI Punjab,31,14,221.43,3,2,35.71,2,14.29,0.09331746329272848,0.5687684067422525,0.5956076247425997,0.3180443582745178,0.41050271811828176,0.7292597164355901,death,,,,
2017,AJ Finch,Gujarat Lions,58,27,214.81,7,3,37.04,8,29.63,0.2174284111423974,0.5459032657052417,0.5929167607839335,0.5872533207600381,0.3898680616977036,0.7086250600150119,death,,,,
2021,Harpreet Brar,Punjab Kings,54,46,117.39,3,2,10.87,14,30.43,0.18374100669405735,0.2385084249475092,0.22616226270783676,0.5385319469884557,0.11868291784596921,0.4374399161632776,death,,,,
2021,DA Miller,Rajasthan Royals,31,22,140.91,3,1,18.18,7,31.82,0.06614280606314706,0.319970453625405,0.33164440437905957,0.558939715636801,0.08881690672221759,0.40757390503952595,death,,,,
2023,AR Patel,Delhi Capitals,130,71,183.1,7,9,22.54,16,22.54,0.4575944989151326,0.40181528494312385,0.3392502714234168,0.45962716456827685,0.4849074572033823,0.8036644555206907,death,,,,
2023,SV Samson,Rajasthan Royals,25,14,178.57,3,1,28.57,3,21.43,0.02557348983707947,0.3870537402543463,0.42773772566803586,0.4418254887964684,0.16557678417866006,0.4843337824959684,death,,,,
2020,KD Karthik,Kolkata Knight Riders,85,43,197.67,11,3,32.56,9,20.93,0.2634701840856895,0.48981019531096776,0.5491549985323518,0.4311328182067754,0.4479746172010309,0.7667316155183392,death,,,,
2020,N Pooran,Kings XI Punjab,81,45,180.0,4,6,22.22,14,31.11,0.2481471978915407,0.41861621446036007,0.3532852957098434,0.598263996736065,0.2745058555619396,0.5932628538792479,death,,,,
2023,Washington Sundar,Sunrisers Hyderabad,42,27,155.56,6,0,22.22,4,14.81,0.09551974844971667,0.3120729139212841,0.33455441978854483,0.3356569359952322,0.19855580725888597,0.5173128055761943,death,,,,
2018,HV Patel,Delhi Daredevils,30,11,272.73,0,4,36.36,1,9.09,0.04131012657971732,0.6849386213606198,0.5538328588250979,0.2922960989210507,0.42474883002319286,0.7435058283405012,death,HV Patel,2018.0,2984692.326,14.230908369454255
2016,Bipul Sharma,Sunrisers Hyderabad,50,24,208.33,1,5,25.0,6,25.0,0.17711924766821033,0.5549308653872356,0.41567881073562574,0.5277030844929617,0.33278324025168915,0.6515402385689975,death,,,,
2019,HH Pandya,Mumbai Indians,265,117,226.5,19,21,34.19,26,22.22,0.7851650698521633,0.5876803948771061,0.5688096231337473,0.457289751769483,0.9096992395526147,1.228456237869923,death,,,,
2014,AJ Finch,Sunrisers Hyderabad,55,37,148.65,4,3,18.92,10,27.03,0.14909172334948018,0.3246373808830853,0.3271483685056998,0.5277407184382875,0.16864029229752167,0.48739729061483006,death,AJ Finch,2014.0,77480735.34799999,0.2176544808720311
2016,Yuvraj Singh,Sunrisers Hyderabad,46,26,176.92,5,3,30.77,9,34.62,0.15588361535462175,0.40214424157205514,0.5230532399543221,0.7307632314058532,0.19038969249368032,0.5091466908109887,death,Yuvraj Singh,2016.0,114547047.99299999,0.16621091143729438
2013,BJ Rohrer,Delhi Daredevils,73,30,243.33,6,5,36.67,3,10.0,0.22782371856536254,0.676383221101946,0.6045638429531915,0.23275817462519643,0.608716468439142,0.9274734667564504,death,,,,
2014,M Manhas,Chennai Super Kings,25,13,192.31,2,1,23.08,3,23.08,0.045545142363032025,0.522977475733385,0.4158482281540126,0.46132478527185294,0.23814940609458068,0.556906404411889,death,M Manhas,2014.0,5811055.151099999,4.09821280132749
2023,KD Karthik,Royal Challengers Bangalore,82,51,160.78,8,4,23.53,17,33.33,0.2600991804794512,0.32908290581431254,0.35377806241880205,0.6326722831068476,0.22568530277361876,0.5444423010909272,death,,,,
2023,MK Lomror,Royal Challengers Bangalore,30,26,115.38,5,0,19.23,8,30.77,0.04614591884079631,0.18114159701287744,0.29067755607520973,0.5916161660115056,-0.02195566600296356,0.2968013323143448,death,,,,
2025,S Dube,Chennai Super Kings,86,58,148.28,7,5,20.69,21,36.21,0.2613761930437065,0.2627371667606818,0.2865583850797272,0.673767014125323,0.15693024768909508,0.47568724600640344,death,,,,
2021,N Pooran,Punjab Kings,26,20,130.0,2,1,15.0,7,35.0,0.04057797983903614,0.2821834326697994,0.28575750827584634,0.6056279921128714,0.017030155843733935,0.3357871541610423,death,,,,
2020,DA Warner,Sunrisers Hyderabad,34,16,212.5,5,0,31.25,1,6.25,0.06810211011029244,0.5495615669020552,0.5243397847318212,0.1901224350230847,0.410515432949574,0.7292724312668823,death,,,,
2017,HH Pandya,Mumbai Indians,160,90,177.78,8,13,23.33,22,24.44,0.7629821564733121,0.4166062972048469,0.39178614546224133,0.5001336446493478,0.7361712595600064,1.0549282578773147,death,,,,
2023,JM Sharma,Punjab Kings,89,43,206.98,4,8,27.91,10,23.26,0.2889005810846547,0.47963110992502406,0.4180525316711124,0.4711741975013419,0.4078821003310328,0.7266390986483411,death,,,,
2017,KV Sharma,Mumbai Indians,26,15,173.33,4,1,33.33,6,40.0,0.04627429496014965,0.40106831422275785,0.538489730671353,0.7613248123338068,0.09457058734738177,0.41332758566469013,death,KV Sharma,2017.0,49913606.707200006,0.1894685509347094
2018,SW Billings,Chennai Super Kings,49,26,188.46,3,3,23.08,4,15.38,0.11777353545392327,0.4095906283608044,0.36251354473048075,0.3900130324531491,0.25176299298142535,0.5705199912987338,death,SW Billings,2018.0,14923461.629999999,1.687028111998606
2025,M Shahrukh Khan,Gujarat Titans,64,34,188.24,2,5,20.59,6,17.65,0.16553825559434748,0.39750751331873896,0.2850309775894779,0.3778293692069256,0.2655619067289206,0.584318905046229,death,M Shahrukh Khan,2025.0,3148500.0000000005,8.434553175446103
2016,TG Southee,Mumbai Indians,27,14,192.86,1,2,21.43,3,21.43,0.055014361865076106,0.47968065620478284,0.3492443718602798,0.4523470840273667,0.2076862955415896,0.526443293858898,death,TG Southee,2016.0,40909659.997499995,0.5076705490934937
2016,JP Faulkner,Gujarat Lions,56,39,143.59,6,0,15.38,7,17.95,0.20897269613859318,0.2400182252791562,0.2366593984160661,0.37889081466594643,0.2066287632088939,0.5253857615262023,death,,,,
2023,TH David,Mumbai Indians,166,85,195.29,10,13,27.06,21,24.71,0.6057159877418937,0.44153785221822284,0.4055791757659836,0.4944286388248754,0.6292440135024713,0.9480010118197797,death,,,,
2015,KL Rahul,Sunrisers Hyderabad,32,17,188.24,2,2,23.53,5,29.41,0.06272027398650976,0.44296943103019215,0.37351304208480557,0.6090080815174587,0.14011161472276207,0.4588686130400704,death,,,,
2025,Dhruv Jurel,Rajasthan Royals,133,67,198.51,8,10,26.87,14,20.9,0.46612087759460996,0.4321444367209223,0.3809521679771343,0.42965034690007176,0.5313944320692607,0.8501514303865692,death,,,,
2017,KA Pollard,Mumbai Indians,104,69,150.72,7,6,18.84,23,33.33,0.4634624531543785,0.3221213939474694,0.3259162357033501,0.6493617603765226,0.36986082605763343,0.6886178243749418,death,,,,
2016,AM Rahane,Rising Pune Supergiants,30,17,176.47,2,2,23.53,3,17.65,0.07094108610026753,0.3999553214600899,0.3883234535516598,0.37255837765203087,0.22420421461494458,0.542961212932253,death,,,,
2019,SE Rutherford,Delhi Capitals,47,24,195.83,2,5,29.17,7,29.17,0.14062328254465567,0.4732759222743523,0.4803056967676692,0.5793270134075673,0.2614974908401745,0.5802544891574828,death,SE Rutherford,2019.0,28885051.060000002,0.9053038898805896
2016,R Bhatia,Rising Pune Supergiants,33,19,173.68,1,2,15.79,3,15.79,0.08686781033545896,0.3863840167659049,0.24428912388914503,0.3332972681657545,0.20265408655176131,0.5214110848690696,death,R Bhatia,2016.0,9818318.3994,2.0640406870910355
2017,YK Pathan,Kolkata Knight Riders,29,19,152.63,2,1,15.79,4,21.05,0.06231999335223539,0.3287905057442762,0.281171642214571,0.4432288851088392,0.121311186174762,0.44006818449207036,death,,,,
2021,Rashid Khan,Sunrisers Hyderabad,77,62,124.19,8,2,16.13,27,43.55,0.30133920732496766,0.26206037201424776,0.3020632292181831,0.7311577920721176,0.1702574038037059,0.48901440212101427,death,,,,
2025,LS Livingstone,Royal Challengers Bengaluru,37,13,284.62,1,5,46.15,4,30.77,0.047918968724679545,0.7225617175546135,0.6754363320972007,0.5870266699251031,0.36743626541616936,0.6861932637334778,death,LS Livingstone,2025.0,91831250.00000001,0.4001211629115027
2019,BA Stokes,Rajasthan Royals,59,40,147.5,4,3,17.5,10,25.0,0.17610264698360104,0.2929965560894452,0.2745605133628621,0.5061046564247167,0.16730668707057536,0.4860636853878837,death,,,,
2018,R Ashwin,Kings XI Punjab,68,43,158.14,4,4,18.6,11,25.58,0.19423694432812919,0.3105215510170948,0.2979720893732606,0.5484729246673627,0.1806527879160838,0.49940978623339216,death,R Ashwin,2018.0,113418308.388,0.15928009373766802
2020,Ishan Kishan,Mumbai Indians,71,29,244.83,2,8,34.48,5,17.24,0.2098397324061687,0.679821974423286,0.5855253882247324,0.3705518703901665,0.5352196414479311,0.8539766397652395,death,,,,
2025,Shashank Singh,Punjab Kings,202,100,202.0,17,11,28.0,18,18.0,0.7667034995948724,0.4439149199413332,0.3982118726169515,0.38341008988157216,0.801419785479021,1.1201767837963295,death,,,,
2020,MP Stoinis,Delhi Capitals,99,55,180.0,10,4,25.45,9,16.36,0.31710063576521025,0.41861621446036007,0.41447089920275465,0.35610438147997253,0.4448881330111857,0.763645131328494,death,MP Stoinis,2020.0,66689872.5744,0.6670999896046634
2025,R Parag,Rajasthan Royals,44,25,176.0,2,4,24.0,9,36.0,0.07841285791311196,0.35622650626491964,0.33711557300697925,0.6704185817205353,0.073810778676829,0.39256777699413736,death,,,,
2023,YBK Jaiswal,Rajasthan Royals,39,14,278.57,5,3,57.14,5,35.71,0.08317629104748657,0.712915653913895,0.8469892294439504,0.6708416419689235,0.4087589718405525,0.7275159701578608,death,,,,
2022,Q de Kock,Lucknow Super Giants,54,17,317.65,5,4,52.94,1,5.88,0.15003988771402318,0.8966865346146272,0.8402191773189588,0.21317633416903875,0.7351703970066042,1.0539273953239126,death,Q de Kock,2022.0,83955045.429,0.8756714897240225
2022,Kuldeep Yadav,Delhi Capitals,43,35,122.86,3,2,14.29,12,34.29,0.10718291386730415,0.18525376574542038,0.1942433623783681,0.6123567222376515,-0.008296466214996634,0.3104605321023117,death,Kuldeep Yadav,2022.0,2487556.9016,-0.33351865075570075
2022,Kuldeep Yadav,Delhi Capitals,43,35,122.86,3,2,14.29,12,34.29,0.10718291386730415,0.18525376574542038,0.1942433623783681,0.6123567222376515,-0.008296466214996634,0.3104605321023117,death,Kuldeep Yadav,2022.0,24875569.016000003,-0.03335186507557007
2017,DA Miller,Kings XI Punjab,29,19,152.63,2,2,21.05,8,42.11,0.06231999335223539,0.3287905057442762,0.3583377280345639,0.796743408979964,0.0030552023723099397,0.3218122006896183,death,,,,
2019,AR Patel,Delhi Capitals,81,51,158.82,8,3,21.57,12,23.53,0.2411481484550009,0.3352221390650948,0.3463156887234075,0.4802924586393953,0.2723073114578123,0.5910643097751207,death,AR Patel,2019.0,72212627.65,0.37709098854237894
2016,STR Binny,Royal Challengers Bangalore,35,19,184.21,2,3,26.32,6,31.58,0.09748562649225322,0.43760474738589367,0.440242804941636,0.666594536331509,0.16222590183663654,0.4809829001539449,death,STR Binny,2016.0,32727727.998,0.49568336013593794
2013,KV Sharma,Sunrisers Hyderabad,31,27,114.81,1,1,7.41,7,25.93,0.0649129642156711,0.19832286858578196,0.13932243211899603,0.4948508345294942,-0.0050517985106710295,0.31370519980663736,death,,,,
2015,SR Watson,Rajasthan Royals,33,14,235.71,3,2,35.71,1,7.14,0.0677220082150638,0.634408347164195,0.570922600496514,0.18963683962819844,0.4668038244518234,0.7855608227691318,death,,,,
2020,DJ Hooda,Kings XI Punjab,59,36,163.89,4,3,19.44,7,19.44,0.16387077382372234,0.35370761052695365,0.30062400230108394,0.40667059266565153,0.2354693879465192,0.5542263862638276,death,,,,
2025,Sameer Rizvi,Delhi Capitals,32,12,266.67,2,3,41.67,1,8.33,0.026137619304370655,0.6620229858049357,0.6070084765340318,0.22922275009919596,0.4423350312664955,0.7610920295838038,death,Sameer Rizvi,2025.0,9970250.000000002,4.436549046077033
2020,GJ Maxwell,Kings XI Punjab,40,26,153.85,6,0,23.08,8,30.77,0.09108658940151561,0.3132555693418884,0.3695761994262222,0.5926820123843991,0.10329711106626371,0.4220541093835721,death,,,,
2022,Shashank Singh,Sunrisers Hyderabad,42,23,182.61,3,3,26.09,8,34.78,0.10328682533578423,0.4034790747445226,0.3914623692683803,0.6192415652560822,0.1541110823189699,0.4728680806362783,death,,,,
2016,KA Pollard,Mumbai Indians,99,58,170.69,4,9,22.41,19,32.76,0.43725574350967017,0.37183985868862407,0.36748127664959046,0.6915021219195769,0.36936805837909453,0.6881250566964029,death,,,,
2020,S Dhawan,Delhi Capitals,70,45,155.56,6,2,17.78,10,22.22,0.2060089858576315,0.32014530942420544,0.26917876954621317,0.4523115235410371,0.22470886484565705,0.5434658631629654,death,,,,
2025,MP Stoinis,Punjab Kings,100,34,294.12,5,10,44.12,3,8.82,0.3223639714205714,0.7546017148594568,0.6444299600451397,0.23703575904370106,0.7337067189622469,1.0524637172795552,death,MP Stoinis,2025.0,115445000.00000001,0.6355465537374912
2017,Mohammed Shami,Delhi Daredevils,28,19,147.37,4,1,26.32,8,42.11,0.05697142722154014,0.3104242606912901,0.43565051743976574,0.796743408979964,0.012787063762821238,0.3315440620801296,death,,,,
2023,LS Livingstone,Punjab Kings,79,28,282.14,3,9,42.86,7,25.0,0.2477557230772211,0.7245489242315408,0.637436850237788,0.49907952708958214,0.5520782848130508,0.8708352831303592,death,,,,
2025,RK Singh,Kolkata Knight Riders,99,42,235.71,13,6,45.24,12,28.57,0.31800770153650965,0.5576063209040987,0.661536923935932,0.5519478542558965,0.510891257159678,0.8296482554769864,death,,,,
2020,AB de Villiers,Royal Challengers Bangalore,191,84,227.38,11,16,32.14,15,17.86,0.6695293182306323,0.6095143928815143,0.5411989757871436,0.38073078303143953,0.8504480305488303,1.1692050288661386,death,,,,
2016,Sachin Baby,Royal Challengers Bangalore,73,38,192.11,6,4,26.32,9,23.68,0.2992241334713446,0.47603245601817396,0.440242804941636,0.49984036163173323,0.4095322316159602,0.7282892299332686,death,Sachin Baby,2016.0,1636386.3998999998,25.026621563280337
2021,KH Pandya,Mumbai Indians,59,43,137.21,5,3,18.6,16,37.21,0.2093058329181683,0.3071554236037973,0.3377049378266538,0.6380748760789456,0.16710390905285116,0.4858609073701595,death,,,,
2023,Shubman Gill,Gujarat Titans,80,40,200.0,3,6,22.5,4,10.0,0.25187020887796446,0.45688594835158763,0.33866328996905787,0.2585163409840621,0.42813159187525796,0.7468885901925664,death,,,,
2013,CL White,Sunrisers Hyderabad,43,22,195.45,1,4,22.73,3,13.64,0.11145889402986865,0.4982823054586692,0.3829143122960253,0.2926462651494679,0.33612405558224995,0.6548810538995583,death,,,,
2025,Naman Dhir,Mumbai Indians,173,84,205.95,19,10,34.52,22,26.19,0.640371672957081,0.4572368135575575,0.49779884098120636,0.5139989536683003,0.6846558159714853,1.0034128142887937,death,Naman Dhir,2025.0,55098750.00000001,1.2425977285718555
2017,A Mishra,Delhi Daredevils,37,32,115.63,2,2,12.5,12,37.5,0.10510852239779732,0.19959828769095156,0.2329061626807733,0.7193596504307767,-0.033986049604365076,0.2847709487129433,death,,,,
2015,YK Pathan,Kolkata Knight Riders,91,51,178.43,9,4,25.49,10,19.61,0.357822593471198,0.4034072703545113,0.4052800974614023,0.4244621376236666,0.43976088414316816,0.7585178824604766,death,,,,
2013,DPMD Jayawardene,Delhi Daredevils,27,15,180.0,4,1,33.33,5,33.33,0.04939765427760525,0.4408123984685141,0.5514569970138131,0.6166013482326833,0.17872088246741186,0.4974778807847202,death,,,,
2020,Gurkeerat Singh,Royal Challengers Bangalore,39,36,108.33,4,0,11.11,12,33.33,0.08725584285297841,0.12985149416816666,0.14282955118778654,0.6347110710322362,-0.07630514169009245,0.2424518566272159,death,,,,
2025,Rashid Khan,Gujarat Titans,28,20,140.0,1,2,15.0,9,45.0,0.008712539768123579,0.23481177963603936,0.19964889888454165,0.8139228276400166,-0.14129853975812562,0.17745845855918274,death,,,,
2015,J Botha,Kolkata Knight Riders,27,12,225.0,4,1,41.67,2,16.67,0.037711602843739554,0.5912166304632224,0.6675203811314715,0.3690983544555289,0.3783943700638327,0.697151368381141,death,,,,
2020,R Tewatia,Rajasthan Royals,155,75,206.67,8,14,29.33,17,22.67,0.5316224424832933,0.5260719852178987,0.48796939503944053,0.45969944400647716,0.6508449875048252,0.9696019858221336,death,,,,
2015,JP Duminy,Delhi Daredevils,69,40,172.5,4,3,17.5,4,10.0,0.24778444044300912,0.3794925289878663,0.27578072375782675,0.24349412529516223,0.37331038385762355,0.6920673821749319,death,,,,
2020,AT Carey,Delhi Capitals,31,28,110.71,0,1,3.57,6,21.43,0.05660987046468084,0.13944072305466615,0.0,0.4393416187239311,-0.0607283895904947,0.25802860872681366,death,AT Carey,2020.0,33344936.2872,-0.18212177425514017
2019,SM Curran,Kings XI Punjab,65,29,224.14,9,2,37.93,6,20.69,0.19384232920307373,0.5788771814652215,0.6347468113028971,0.4304239948908832,0.46276689952958555,0.7815238978468939,death,SM Curran,2019.0,103986183.81600001,0.4450272935762655
2018,KL Rahul,Kings XI Punjab,91,34,267.65,11,4,44.12,2,5.88,0.28679791296532586,0.6683399764758556,0.6656278797117116,0.24242783872422463,0.6663255470340121,0.9850825453513206,death,KL Rahul,2018.0,164158077.92999998,0.40590481774411713
2024,Shahbaz Ahmed,Sunrisers Hyderabad,111,63,176.19,5,9,22.22,18,28.57,0.34902019798451195,0.3482907940763587,0.30387109427893616,0.5671436886224944,0.31766540826047196,0.6364224065777804,death,,,,
2016,NV Ojha,Sunrisers Hyderabad,57,55,103.64,4,1,9.09,21,38.18,0.2142816042169903,0.0456907620057894,0.11960824420712325,0.805908150637651,-0.09221012261643646,0.2265468757008719,death,,,,
2023,C Green,Mumbai Indians,64,36,177.78,6,2,22.22,5,13.89,0.18603843606607065,0.3844794311364359,0.33455441978854483,0.3209023939140936,0.31307583279200046,0.6318328311093089,death,,,,
2020,K Rabada,Delhi Capitals,52,38,136.84,4,2,15.79,13,34.21,0.13705554798396197,0.24472078641778902,0.2314823760629644,0.6491585599424302,0.0417861204379813,0.36054311875528966,death,,,,
2021,CJ Jordan,Punjab Kings,29,17,170.59,1,3,23.53,7,41.18,0.055916875573502695,0.42276777552846395,0.40884405662817613,0.6963618124342915,0.10022588023777035,0.4189828785550787,death,,,,
2021,SS Iyer,Delhi Capitals,47,33,142.42,3,2,15.15,8,24.24,0.14795024998030204,0.32520037128287194,0.28792198450713,0.44765130818755117,0.1882764577027961,0.5070334560201044,death,,,,
2015,RS Bopara,Sunrisers Hyderabad,57,46,123.91,3,2,10.87,14,30.43,0.18776362970036067,0.18353683202238905,0.16832379664209382,0.6282159246574249,0.04119008890114123,0.3599470872184496,death,RS Bopara,2015.0,17455333.726999998,0.23597422739290397
2023,F du Plessis,Royal Challengers Bangalore,48,22,218.18,3,4,31.82,5,22.73,0.12020666325417685,0.5161276442548935,0.47542996883470445,0.4626742982589468,0.31178842407762086,0.6305454223949292,death,,,,
2025,DL Chahar,Mumbai Indians,37,25,148.0,3,2,20.0,8,32.0,0.047918968724679545,0.26179282999801273,0.276019273397007,0.6066389168674323,0.009381805250879144,0.3281388035681875,death,DL Chahar,2025.0,97078750.00000001,0.009664118306920044
2017,CJ Anderson,Delhi Daredevils,76,35,217.14,4,7,31.43,6,17.14,0.31370260149491175,0.5540388837610322,0.5106160494816219,0.3775953718925002,0.530128189163932,0.8488851874812404,death,CJ Anderson,2017.0,15598002.096,3.398692896059295
2023,JC Buttler,Rajasthan Royals,28,17,164.71,5,0,29.41,5,29.41,0.037916947239309585,0.3418892790211329,0.4400643362095748,0.5698051038046051,0.10537545664304451,0.4241324549603529,death,,,,
2020,R Ashwin,Delhi Capitals,29,29,100.0,3,0,10.34,12,41.38,0.04894837736760643,0.09628919306541836,0.12824350948823804,0.7668727593584427,-0.18097275247011138,0.13778424584719698,death,,,,
2017,SV Samson,Delhi Daredevils,35,13,269.23,1,4,38.46,3,23.08,0.09441139013640684,0.7359205766906992,0.6137486698836274,0.4773045965740995,0.4366921627899235,0.7554491611072318,death,,,,
2016,G Gambhir,Kolkata Knight Riders,27,15,180.0,3,1,26.67,3,20.0,0.055014361865076106,0.4171261836717291,0.44675598522353266,0.42216246759436926,0.21773638985723748,0.5364933881745458,death,,,,
2025,A Raghuvanshi,Kolkata Knight Riders,52,35,148.57,5,2,20.0,10,28.57,0.11326301698560616,0.2637152298363033,0.276019273397007,0.5519478542558965,0.08449466882338003,0.4032516671406884,death,A Raghuvanshi,2025.0,31485000.000000004,0.2683648366631095
2013,AB de Villiers,Royal Challengers Bangalore,155,59,262.71,13,12,42.37,11,18.64,0.5458875722957126,0.7484716869575581,0.6951952866221905,0.3749101257597308,0.8695404369981139,1.1882974353154223,death,,,,
2025,SB Dubey,Rajasthan Royals,77,37,208.11,3,7,27.03,8,21.62,0.22216976408715053,0.4645216971552904,0.3833960199615332,0.44113068657363025,0.34856319120637347,0.6673201895236818,death,SB Dubey,2025.0,8396000.0,4.151538723277435
2013,P Kumar,Kings XI Punjab,47,38,123.68,3,3,15.79,18,47.37,0.12697420396793452,0.23131691874776747,0.2725665545657,0.8475982688263016,-0.04003151861257931,0.27872547970472905,death,,,,
2015,LMP Simmons,Mumbai Indians,25,15,166.67,3,1,26.67,4,26.67,0.027708134386631472,0.3559810716240315,0.42440516141261875,0.5574105421022557,0.10451437490420423,0.4232713732215126,death,,,,
2021,KA Jamieson,Royal Challengers Bangalore,45,30,150.0,4,2,20.0,8,26.67,0.1377243194906577,0.35145386521903055,0.35790671598530105,0.48332819870228433,0.19994712351671803,0.5187041218340264,death,KA Jamieson,2021.0,198917487.645,0.10051761958383246
2015,SPD Smith,Rajasthan Royals,42,25,168.0,5,1,24.0,7,28.0,0.11273761627205012,0.3613447488614072,0.3811306523026629,0.5824560630592702,0.15221923791543446,0.4709762362327428,death,,,,
2020,NM Coulter-Nile,Mumbai Indians,25,15,166.67,4,0,26.67,5,33.33,0.03362539117345765,0.36490847452042785,0.43758125098645495,0.6347110710322362,0.08674449708202203,0.4055014953993304,death,NM Coulter-Nile,2020.0,111149787.624,0.07804288153519759
2014,WP Saha,Kings XI Punjab,80,38,210.53,7,5,31.58,9,23.68,0.23538054083818694,0.605747895526616,0.5970859221469597,0.47141328144903294,0.48173884449833226,0.8004958428156406,death,WP Saha,2014.0,42614404.4414,1.130460112755493
2018,SK Raina,Chennai Super Kings,74,35,211.43,6,4,28.57,3,8.57,0.2183832839726153,0.48464394981809356,0.4416056406927887,0.2842177514748359,0.4358231937050413,0.7545801920223496,death,,,,
2024,TH David,Mumbai Indians,171,85,201.18,11,13,28.24,25,29.41,0.5877060975279146,0.44256924884204557,0.40894468382840893,0.5805048651928807,0.5819309615147249,0.9006879598320332,death,,,,
2024,Abishek Porel,Delhi Capitals,41,15,273.33,5,2,46.67,1,6.67,0.07055331518387549,0.714765747895439,0.7306234637946523,0.2187987280374242,0.5454930740182459,0.8642500723355542,death,,,,
2014,MS Dhoni,Chennai Super Kings,253,133,190.23,17,16,24.81,29,21.8,0.8324991578600379,0.5135283828041908,0.4527354294019889,0.43980266009386915,0.8826630824731747,1.2014200807904831,death,,,,
2024,H Klaasen,Sunrisers Hyderabad,169,71,238.03,9,15,33.8,15,21.13,0.5797499008764678,0.5815912999871259,0.5059893944422078,0.4488018389990733,0.7268716534277702,1.0456286517450786,death,,,,
2013,AD Mathews,Pune Warriors,38,33,115.15,2,1,9.09,9,27.27,0.09206475660728634,0.1995875785130734,0.16603485762143788,0.5168975491730446,0.01649703215957929,0.3352540304768876,death,,,,
2016,KM Jadhav,Royal Challengers Bangalore,36,27,133.33,2,2,14.81,8,29.63,0.10279453457065038,0.19011084672634668,0.2260522190998344,0.625433695741058,-0.005066761546779236,0.3136902367705291,death,,,,
2020,N Rana,Kolkata Knight Riders,34,20,170.0,7,0,35.0,8,40.0,0.06810211011029244,0.3783253367859924,0.5953757020997522,0.744216469931093,0.12457047913871855,0.4433274774560269,death,,,,
2023,GD Phillips,Sunrisers Hyderabad,31,15,206.67,2,3,33.33,6,40.0,0.05026040464153968,0.47862093799267946,0.4975885187367566,0.7396427131951022,0.13293826305255751,0.4516952613698659,death,,,,
2018,Mandeep Singh,Royal Challengers Bangalore,140,73,191.78,10,8,24.66,13,17.81,0.48399302006196226,0.42043856163194937,0.3852759330037862,0.4277637714806529,0.5418909681744193,0.8606479664917277,death,Mandeep Singh,2018.0,20892846.281999998,2.593667520740243
2018,Mandeep Singh,Royal Challengers Bangalore,140,73,191.78,10,8,24.66,13,17.81,0.48399302006196226,0.42043856163194937,0.3852759330037862,0.4277637714806529,0.5418909681744193,0.8606479664917277,death,Mandeep Singh,2018.0,2984692.326,18.155672645181696
2016,KK Nair,Delhi Daredevils,43,22,195.45,2,4,27.27,6,27.27,0.13995689111943033,0.4922791075158721,0.4579214371353555,0.5756185245649225,0.26523408796811787,0.5839910862854263,death,KK Nair,2016.0,65455455.996,0.4052131085670328
2020,HH Pandya,Mumbai Indians,198,89,222.47,11,18,32.58,19,21.35,0.6963445440703928,0.5897315719433996,0.5495338567583141,0.4380282106411862,0.841590293999034,1.1603472923163423,death,,,,
2014,VR Aaron,Royal Challengers Bangalore,34,28,121.43,2,1,10.71,9,32.14,0.07660911665896647,0.20098146283853285,0.1520940781901592,0.6136610775472697,-0.03805818281542056,0.2806988155018878,death,VR Aaron,2014.0,38740367.673999995,-0.09823908522417749
2024,MS Dhoni,Chennai Super Kings,154,68,226.47,13,13,38.24,20,29.41,0.5200784259906172,0.5379794977825905,0.5834855302561047,0.5805048651928807,0.6278962026834681,0.9466532010007764,death,,,,
2019,Gurkeerat Singh,Royal Challengers Bangalore,26,16,162.5,2,2,25.0,4,25.0,0.07853439477650126,0.3489491837073555,0.4067874949854888,0.5061046564247167,0.15689649360063865,0.47565349191794704,death,,,,
2024,Tilak Varma,Mumbai Indians,42,25,168.0,0,4,16.0,5,20.0,0.07453141350959887,0.31739281310273026,0.19530668780090943,0.43082787527938704,0.10458239358756222,0.4233393919048706,death,,,,
2023,R Parag,Rajasthan Royals,26,16,162.5,1,3,25.0,7,43.75,0.029687975637822855,0.33468773072925684,0.3753496308664952,0.7997835097214823,-0.016214268753757644,0.3025427295635507,death,,,,
2020,KL Rahul,Kings XI Punjab,82,45,182.22,5,6,24.44,13,28.89,0.2519779444400779,0.4275607893040697,0.3953385587916586,0.5618169224398939,0.30923754886563715,0.6279945471829456,death,,,,
2014,R Bhatia,Rajasthan Royals,39,23,169.57,4,2,26.09,8,34.78,0.09386688015670783,0.41967345015171265,0.48002769390916217,0.6580504607268614,0.1657183530832267,0.48447535140053505,death,R Bhatia,2014.0,32929312.522899996,0.5032548218793859
2025,JC Buttler,Gujarat Titans,97,46,210.87,9,6,32.61,8,17.39,0.30929516176838606,0.47383015953017116,0.4686253579174446,0.373683690991474,0.4754653401584382,0.7942223384757465,death,JC Buttler,2025.0,165296250.00000003,0.28764435984387915
2022,PVD Chameera,Lucknow Super Giants,39,24,162.5,2,3,20.83,8,33.33,0.09159855974122451,0.3300311925023143,0.30354948992588326,0.598868050201542,0.0898120709412849,0.40856906925859326,death,PVD Chameera,2022.0,24875569.016000003,0.36104529260624213
2023,AM Rahane,Chennai Super Kings,33,9,366.67,3,3,66.67,1,11.11,0.0584893762430264,0.9999999998479575,0.9868375609449817,0.2763180167558706,0.7323155624995461,1.0510725608168545,death,AM Rahane,2023.0,5915430.661499999,12.379750594758049
2022,JM Sharma,Punjab Kings,63,29,217.24,6,4,34.48,6,20.69,0.18510468449770237,0.5299584463033328,0.5316884258622109,0.42126720172610155,0.40406261781805086,0.7228196161353593,death,JM Sharma,2022.0,2487556.9016,16.243351762452438
2014,IK Pathan,Sunrisers Hyderabad,35,26,134.62,5,0,19.23,8,30.77,0.08006066935851475,0.26090143194241405,0.33375821381603077,0.5906256779427089,0.05837644442574447,0.3771334427430528,death,IK Pathan,2014.0,46488441.208799995,0.12557195489422893
2014,RG Sharma,Mumbai Indians,118,62,190.32,10,8,29.03,17,27.42,0.36653954342102124,0.513937237786704,0.5427146139490756,0.5342982409534545,0.49929534143350995,0.8180523397508184,death,RG Sharma,2014.0,36803349.2903,1.3566573452191368
2025,RM Patidar,Royal Challengers Bengaluru,35,23,152.17,2,3,21.74,8,34.78,0.03920642895655598,0.27585670249919136,0.3025961637273449,0.6509657839403388,-0.0003139700430915826,0.3184430282742168,death,,,,
2018,CH Morris,Delhi Daredevils,25,14,178.57,1,1,14.29,1,7.14,0.02118817687597891,0.37727555003200197,0.23587975174164913,0.26200229599774516,0.17155132364018078,0.49030832195748913,death,,,,
2015,D Wiese,Royal Challengers Bangalore,83,54,153.7,10,3,24.07,18,33.33,0.31780871964276564,0.30367513645954824,0.3822651899946843,0.6828264590749755,0.24763351731240169,0.56639051562971,death,D Wiese,2015.0,48874934.4356,0.5066677227745353
2015,MM Sharma,Chennai Super Kings,28,18,155.56,1,2,16.67,6,33.33,0.04271333707229359,0.31117621891181807,0.2623283482667169,0.6828264590749755,-0.004673300036231232,0.31408369828107713,death,,,,
2013,JA Morkel,Chennai Super Kings,25,15,166.67,1,2,20.0,4,26.67,0.041639999308572324,0.3912283298485291,0.33950662085455724,0.5070258858998131,0.12796779626756435,0.4467247945848727,death,,,,
2018,H Klaasen,Rajasthan Royals,28,22,127.27,1,1,9.09,5,22.73,0.03326134669822194,0.20965537629412934,0.1609655624877328,0.5041973665486854,-0.021952512367512084,0.29680448594979625,death,,,,
2021,R Parag,Rajasthan Royals,30,29,103.45,1,1,6.9,11,37.93,0.06102984081832488,0.19022693346069516,0.16887579178652973,0.6486458066018296,-0.0648582457197654,0.25389875259754296,death,,,,
2025,MJ Santner,Mumbai Indians,35,25,140.0,2,3,20.0,10,40.0,0.03920642895655598,0.23481177963603936,0.276019273397007,0.734198246573638,-0.062102483627088645,0.2566545146902197,death,MJ Santner,2025.0,20990000.000000004,-0.295867001558307
2019,DJ Bravo,Chennai Super Kings,33,24,137.5,2,2,16.67,8,33.33,0.09923069069921939,0.25569480434417163,0.25992739406329146,0.6523737772082047,0.02426066206716687,0.34301766038447523,death,,,,
2018,K Gowtham,Rajasthan Royals,91,40,227.5,6,7,32.5,11,27.5,0.28679791296532586,0.5371518677901718,0.49822347987892157,0.5783006690841559,0.41616104059736064,0.734918038914669,death,K Gowtham,2018.0,92525462.10599999,0.44978001852138155
2019,Q de Kock,Mumbai Indians,37,21,176.19,4,1,23.81,3,14.29,0.11105714551220118,0.400015281846635,0.385807480568032,0.3180443582745178,0.2773778581936809,0.5961348565109892,death,,,,
2024,Shashank Singh,Punjab Kings,116,49,236.73,8,10,36.73,7,14.29,0.3689106896131288,0.5766868585627404,0.5571298624455227,0.3400036869259281,0.6146094649351588,0.9333664632524672,death,,,,
2013,MC Henriques,Royal Challengers Bangalore,76,42,180.95,11,2,30.95,13,30.95,0.23946020101891194,0.4443461467947696,0.5136143942186872,0.5774437505821982,0.33684805224524117,0.6556050505625495,death,MC Henriques,2013.0,36939715.38564,0.911885889559907
2022,Ishan Kishan,Mumbai Indians,34,15,226.67,5,1,40.0,1,6.67,0.07211811708362495,0.5643996959077099,0.6239468087463522,0.2242763871987538,0.43736782936515906,0.7561248276824675,death,Ishan Kishan,2022.0,189676213.747,0.23058654573764478
2021,DJ Hooda,Punjab Kings,30,23,130.43,3,1,17.39,8,34.78,0.06102984081832488,0.2836727469696079,0.3202448295609658,0.6023979855642125,0.04577450078206857,0.36453149909937693,death,,,,
2021,F du Plessis,Chennai Super Kings,82,38,215.79,8,5,34.21,9,23.68,0.3269040335490786,0.5793189530897263,0.5629547642955715,0.43942947333641935,0.5442973433382298,0.8630543416555381,death,,,,
2019,RA Tripathi,Rajasthan Royals,25,19,131.58,2,1,15.79,7,36.84,0.07557778107325581,0.23361216731096976,0.24441276155290323,0.7140069841649925,-0.03501065668603648,0.2837463416312719,death,,,,
2024,KV Sharma,Royal Challengers Bengaluru,31,15,206.67,2,3,33.33,4,26.67,0.030772331926641725,0.46328108224195025,0.4977859746601061,0.5369219797132875,0.19082540717500535,0.5095824054923137,death,,,,
2022,M Shahrukh Khan,Punjab Kings,30,18,166.67,1,3,22.22,7,38.89,0.05653376295754532,0.3452613103019168,0.3267812203985203,0.6769899424106756,0.04509605467228056,0.3638530529895889,death,M Shahrukh Khan,2022.0,2487556.9016,1.8128652511737406
2015,KA Pollard,Mumbai Indians,193,95,203.16,13,14,28.42,20,21.05,0.8679994847837098,0.5031394042494742,0.4527686037131516,0.45157909264479523,0.9011682340077324,1.2199252323250407,death,,,,
2015,SN Khan,Royal Challengers Bangalore,64,36,177.78,8,1,25.0,6,16.67,0.22277576930023896,0.40078592433624494,0.3973383336172531,0.3690983544555289,0.35017573591127804,0.6689327342285865,death,SN Khan,2015.0,8727666.863499999,4.01224910835849
2018,KH Pandya,Mumbai Indians,101,57,177.19,9,6,26.32,15,26.32,0.32704181237280266,0.3727664693349598,0.40919084726561333,0.5599690344946685,0.34678632494753864,0.665543323264847,death,KH Pandya,2018.0,131326462.344,0.2640643163288427
2018,RA Tripathi,Rajasthan Royals,31,18,172.22,1,2,16.67,3,16.67,0.045334516520465,0.356527243926047,0.2701673999001724,0.4100535482331821,0.13156003585617437,0.45031703417348273,death,RA Tripathi,2018.0,50739769.541999996,0.25928386558254896
2014,SA Yadav,Kolkata Knight Riders,99,63,157.14,12,3,23.81,17,26.98,0.3009600421296041,0.3632060342334985,0.43141334775575985,0.5269000104235224,0.34103505097775144,0.6597920492950597,death,SA Yadav,2014.0,13559128.685899999,2.515169365804385
2014,KV Sharma,Sunrisers Hyderabad,33,24,137.5,1,2,12.5,5,20.83,0.07315756395941819,0.27398479138283693,0.1902606043369092,0.42349292460742827,0.0831994583170545,0.40195645663436286,death,KV Sharma,2014.0,72638189.38875,0.11453955421683487
2014,SPD Smith,Rajasthan Royals,75,38,197.37,10,2,31.58,7,18.42,0.21812277734044558,0.5459642114169059,0.5970859221469597,0.38297079829575564,0.47341778490659503,0.7921747832239034,death,SPD Smith,2014.0,77480735.34799999,0.6110135413406546
2020,KH Pandya,Mumbai Indians,37,21,176.19,4,2,28.57,5,23.81,0.07959434975590401,0.403265390066426,0.47357278245287326,0.4784155091855921,0.21601380589956132,0.5347708042168697,death,,,,
2015,AT Rayudu,Mumbai Indians,155,72,215.28,12,12,33.33,15,20.83,0.6779335840986563,0.5520174253900708,0.5323483189677893,0.4474362245165672,0.7990855858576705,1.1178425841749788,death,,,,
2018,C de Grandhomme,Royal Challengers Bangalore,96,52,184.62,2,9,21.15,13,25.0,0.3069198626690643,0.3970436212038174,0.33470885525739263,0.5394624602081232,0.3286853732311287,0.647442371548437,death,C de Grandhomme,2018.0,32831615.586,1.001124578746853
2020,S Dube,Royal Challengers Bangalore,68,45,151.11,4,5,20.0,17,37.78,0.1983474927605571,0.3022158688591118,0.3112320326280283,0.7077693956349218,0.12004778017244133,0.4388047784897497,death,,,,
2014,Harbhajan Singh,Mumbai Indians,27,24,112.5,2,2,16.67,13,54.17,0.05244824776212858,0.16041396290694376,0.2791736848016844,0.9840770288527257,-0.18771312643741023,0.13104387187989813,death,,,,
2020,V Kohli,Royal Challengers Bangalore,105,49,214.29,6,4,20.41,2,4.08,0.3400851150564334,0.556773634005767,0.31899862626025544,0.15449624077862906,0.5843560006146552,0.9031129989319635,death,,,,
2023,AT Rayudu,Chennai Super Kings,66,34,194.12,5,4,26.47,6,17.65,0.19426740766755737,0.43772526782840615,0.3969211993141884,0.3812035658978773,0.34087149348335455,0.659628491800663,death,,,,
2017,RG Sharma,Mumbai Indians,62,42,147.62,3,3,14.29,6,14.29,0.23882267566517837,0.31129718108354226,0.2591661044332043,0.3297550873230459,0.2925545274746567,0.611311525791965,death,,,,
2017,Bipul Sharma,Sunrisers Hyderabad,31,24,129.17,2,1,12.5,8,33.33,0.07301712561362586,0.24687565613533033,0.2329061626807733,0.6493617603765226,-0.008021326787811256,0.3107356715294971,death,,,,
2014,PP Chawla,Kolkata Knight Riders,31,17,182.35,4,1,29.41,4,23.53,0.06625445856032167,0.4777308576685892,0.5508170049746426,0.4688911574047379,0.26955763421304946,0.5883146325303579,death,,,,
2024,SM Curran,Punjab Kings,47,30,156.67,4,3,23.33,10,33.33,0.09442190513821576,0.2746487197655861,0.32324512823241036,0.6428570225213499,0.05269261345454879,0.37144961177185715,death,,,,
2015,Yuvraj Singh,Delhi Daredevils,40,24,166.67,3,3,25.0,9,37.5,0.10273414781494206,0.3559810716240315,0.3973383336172531,0.7613526413236607,0.07483829761968103,0.3935952959369894,death,Yuvraj Singh,2015.0,279285339.63199997,0.026796357344890224
2016,AD Russell,Kolkata Knight Riders,89,49,181.63,7,6,26.53,15,30.61,0.3841666627256988,0.425054938743959,0.44415071311077403,0.6461196566531822,0.3946581508244979,0.7134151491418063,death,,,,
2018,SV Samson,Rajasthan Royals,68,26,261.54,3,8,42.31,8,30.77,0.19423694432812919,0.6483758583172126,0.639551979221406,0.6291010462940068,0.41980265986992865,0.738559658187237,death,SV Samson,2018.0,119387693.03999999,0.3516297611423623
2017,MS Dhoni,Rising Pune Supergiant,134,78,171.79,8,9,21.79,22,28.21,0.6239194370752357,0.39569112460648426,0.3691937933400381,0.5634171087991171,0.5823724064457952,0.9011294047631035,death,,,,
2022,SO Hetmyer,Rajasthan Royals,218,106,205.66,13,19,30.19,26,24.53,0.7889984068832886,0.4876647378814146,0.45998761742507943,0.4752218898705392,0.8229386237266464,1.1416956220439547,death,SO Hetmyer,2022.0,105721168.318,0.7784047762802991
2020,R Parag,Rajasthan Royals,46,26,176.92,5,2,26.92,8,30.77,0.1140710686927388,0.40620662413665476,0.44231697881098364,0.5926820123843991,0.1899824557120539,0.5087394540293623,death,,,,
2016,BCJ Cutting,Sunrisers Hyderabad,57,27,211.11,3,6,33.33,9,33.33,0.2142816042169903,0.5684535274122658,0.5706925014447662,0.7035337522460163,0.34544629661474846,0.6642032949320569,death,BCJ Cutting,2016.0,8181931.9995,4.222062669744246
2015,WP Saha,Kings XI Punjab,46,30,153.33,6,1,23.33,9,30.0,0.13274455318626627,0.3021829856491506,0.3702715058218875,0.6201185005886156,0.12032118688470833,0.4390781852020167,death,,,,
2017,NV Ojha,Sunrisers Hyderabad,39,33,118.18,0,2,6.06,10,30.3,0.1158056546591878,0.20850207569192397,0.13842905380610532,0.5984999841500502,-0.0009757159448762764,0.3177812823724321,death,,,,
2019,V Shankar,Sunrisers Hyderabad,77,39,197.44,6,4,25.64,6,15.38,0.2293216936420191,0.4792815043053412,0.41807086408395294,0.3371840151357426,0.41364576023717475,0.7324027585544831,death,,,,
2014,MG Johnson,Kings XI Punjab,56,50,112.0,4,3,14.0,23,46.0,0.15254327604902843,0.15814254633742592,0.22224372680625276,0.8467053392401258,-0.0709031236462388,0.24785387467106956,death,MG Johnson,2014.0,125906194.94049999,-0.05631424544260572
2025,PJ Cummins,Sunrisers Hyderabad,81,36,225.0,4,7,30.56,5,13.89,0.23959484362339764,0.5214854397320067,0.43731350436733374,0.31787648424500903,0.45646205237691795,0.7752190506942263,death,,,,
2017,SK Raina,Gujarat Lions,48,28,171.43,5,2,25.0,7,25.0,0.163942749835445,0.3944341192416411,0.416285644192163,0.5095338409156266,0.24944341638057477,0.5682004146978832,death,,,,
2022,JD Unadkat,Mumbai Indians,55,31,177.42,4,3,22.58,9,29.03,0.1539359762455431,0.3845236043896214,0.3327980714561817,0.538450040039802,0.1998699886121788,0.5186269869294872,death,JD Unadkat,2022.0,16169119.8604,1.2361216339405274
2020,SA Yadav,Mumbai Indians,47,20,235.0,5,3,40.0,4,20.0,0.11790181524127599,0.6402160416693825,0.6900902585903269,0.4158644492448659,0.4551107709068637,0.773867769224172,death,SA Yadav,2020.0,2778744.6906,16.378286657512028
2019,KL Rahul,Kings XI Punjab,93,53,175.47,7,5,22.64,11,20.75,0.27662751289394627,0.3973295557209753,0.3651800714349022,0.4314775539841616,0.3569297880124507,0.6756867863297591,death,,,,
2014,MK Pandey,Kolkata Knight Riders,42,24,175.0,3,3,25.0,6,25.0,0.10422153825535264,0.44434103409667663,0.45678662491477245,0.4936079730388287,0.24514054591152068,0.563897544228829,death,,,,
2017,PJ Cummins,Delhi Daredevils,47,29,162.07,3,2,17.24,6,20.69,0.15859418370474973,0.361751979755719,0.30244366206989226,0.4371859017948028,0.22361007474470582,0.5423670730620141,death,PJ Cummins,2017.0,70191009.43200001,0.31857366998167463
2014,MA Starc,Royal Challengers Bangalore,44,43,102.33,5,0,11.63,15,34.88,0.11112464365444918,0.11421334988295044,0.1717103933046899,0.6597318767563914,-0.06637324284611501,0.25238375547119335,death,,,,
2021,PJ Cummins,Kolkata Knight Riders,45,37,121.62,2,3,13.51,13,35.14,0.1377243194906577,0.25315912143167163,0.26425704437842884,0.6076834508256546,0.07296274929162883,0.3917197476089372,death,,,,
2023,Anuj Rawat,Royal Challengers Bangalore,70,38,184.21,5,4,23.68,6,15.79,0.21072535087053085,0.4054323521847449,0.3559792428726483,0.3513737308207929,0.33754073732227446,0.6562977356395828,death,,,,
2021,N Rana,Kolkata Knight Riders,53,33,160.61,6,2,24.24,9,27.27,0.17862804144923516,0.38820182968639766,0.41908924412291865,0.4921373074713542,0.2658751982509209,0.5846321965682293,death,,,,
2014,F du Plessis,Chennai Super Kings,52,28,185.71,5,3,28.57,6,21.43,0.13873706525083535,0.49299477701574934,0.5329064563918102,0.4335814207846082,0.3439264093122428,0.6626834076295511,death,F du Plessis,2014.0,92008373.22575,0.37379903290800665
2024,AK Markram,Sunrisers Hyderabad,31,15,206.67,2,2,26.67,1,6.67,0.030772331926641725,0.46328108224195025,0.3815417709392608,0.2187987280374242,0.2832014467290971,0.6019584450464055,death,,,,
2022,GJ Maxwell,Royal Challengers Bangalore,65,29,224.14,9,2,37.93,4,13.79,0.19289686156074218,0.5551593606479989,0.5893499151647993,0.3243173714665652,0.47897519553540685,0.7977321938527152,death,,,,
2016,MC Henriques,Sunrisers Hyderabad,54,33,163.64,4,3,21.21,9,27.27,0.19835487998179888,0.3375467769345004,0.3451503728259448,0.5756185245649225,0.2007549944745037,0.519511992791812,death,,,,
2013,A Ashish Reddy,Sunrisers Hyderabad,96,66,145.45,5,5,15.15,18,27.27,0.3170367507092412,0.3122955514452222,0.2623903924695317,0.5168975491730446,0.2817352743616458,0.6004922726789541,death,,,,
2013,MEK Hussey,Chennai Super Kings,54,28,192.86,6,3,32.14,5,17.86,0.15412599635954974,0.4886481916007727,0.5325356956162501,0.3620769635045298,0.3825548161710892,0.7013118144883976,death,,,,
2017,DT Christian,Rising Pune Supergiant,75,47,159.57,4,5,19.15,15,31.91,0.30835403536421646,0.3530227758331971,0.3304640468448326,0.6255255484156016,0.2721236108951809,0.5908806092124892,death,DT Christian,2017.0,15598002.096,1.744605554098272
2016,Harbhajan Singh,Mumbai Indians,51,33,154.55,7,2,27.27,13,39.39,0.1824281557466075,0.2933305906728008,0.4579214371353555,0.8314489799271104,0.09740465910344887,0.4161616574207572,death,,,,
2019,V Kohli,Royal Challengers Bangalore,72,27,266.67,5,6,40.74,4,14.81,0.21453862512579186,0.73752153163787,0.6842878537508413,0.3271752037495976,0.6148079405449819,0.9335649388622902,death,,,,
2018,MP Stoinis,Kings XI Punjab,64,43,148.84,5,2,16.28,12,27.91,0.17813938456513848,0.28013426805876707,0.2645488357061287,0.5846701353398253,0.12807523825740283,0.44683223657471116,death,MP Stoinis,2018.0,92525462.10599999,0.13842161426946015
2017,Yuvraj Singh,Sunrisers Hyderabad,89,45,197.78,12,3,33.33,9,20.0,0.38323396119394987,0.48643992858502233,0.538489730671353,0.4256035171095665,0.5411126456052503,0.8598696439225586,death,,,,
2013,KD Karthik,Mumbai Indians,61,24,254.17,4,6,41.67,5,20.83,0.181277788751165,0.7167051493720613,0.6840651093295066,0.4109416967070259,0.5442176598030043,0.8629746581203126,death,,,,
2021,AD Russell,Kolkata Knight Riders,75,44,170.45,6,6,27.27,19,43.18,0.2911132768353233,0.4222828825006193,0.46281166399484824,0.7257255083311912,0.2925853585845462,0.6113423569018546,death,,,,
2014,DA Miller,Kings XI Punjab,130,62,209.68,5,11,25.81,8,12.9,0.4079581758156005,0.6018864873584356,0.47405751104821797,0.29015663346570036,0.6534643842598834,0.9722213825771917,death,,,,
2020,TK Curran,Rajasthan Royals,42,21,200.0,3,3,28.57,4,19.05,0.09874808249858999,0.4991979698090955,0.47357278245287326,0.40026772826227014,0.3105621943343736,0.6293191926516819,death,TK Curran,2020.0,13893723.453,2.2352697272617403
2021,RD Gaikwad,Chennai Super Kings,70,32,218.75,6,5,34.38,6,18.75,0.26554845061121235,0.5895709771070125,0.565407837357693,0.36704796295056163,0.5300274150695593,0.8487844133868676,death,,,,
2021,SA Yadav,Mumbai Indians,37,19,194.74,7,1,42.11,9,47.37,0.0968205975320802,0.5064118228316605,0.6769505124765098,0.787242451235196,0.21885056269036895,0.5376075610076774,death,,,,
2015,Harbhajan Singh,Mumbai Indians,67,40,167.5,3,7,25.0,18,45.0,0.2377809719859011,0.3593283288473562,0.3973383336172531,0.9025867820587056,0.12805572927409264,0.446812727591401,death,,,,
2020,Abdul Samad,Sunrisers Hyderabad,73,44,165.91,5,4,20.45,13,29.55,0.2175012255032431,0.361846367817176,0.31975634271217995,0.5726525391225393,0.22179005147582073,0.5405470497931291,death,Abdul Samad,2020.0,2778744.6906,7.981663526919084
2015,SV Samson,Rajasthan Royals,51,21,242.86,2,6,38.1,5,23.81,0.15775322432903646,0.6632431533651246,0.6096589588383846,0.5035532564352918,0.4393005412231902,0.7580575395404985,death,,,,
2013,STR Binny,Rajasthan Royals,77,50,154.0,5,4,18.0,12,24.0,0.24333902850342842,0.34409928638152165,0.3077061143040312,0.4630969843339327,0.27379390655113983,0.5925509048684482,death,,,,
2022,MS Dhoni,Chennai Super Kings,153,86,177.91,15,8,26.74,29,33.72,0.5357526523344943,0.3863132345387354,0.4023261281224911,0.6043478232162114,0.500717448287226,0.8194744466045343,death,,,,
2025,A Manohar,Sunrisers Hyderabad,31,21,147.62,2,2,19.05,8,38.1,0.021781349420308908,0.260511230105819,0.2615089022396386,0.7039029057684142,-0.05542779704631748,0.2633292012709909,death,A Manohar,2025.0,33584000.0,-0.16504227324415638
2018,AD Russell,Kolkata Knight Riders,158,71,222.54,11,16,38.03,26,36.62,0.5564320389954205,0.5209453168790635,0.5778918388354903,0.7199824550639234,0.5909928592609459,0.9097498575782543,death,,,,
2016,YK Pathan,Kolkata Knight Riders,123,67,183.58,15,3,26.87,9,13.43,0.5646695373912016,0.43454025922914225,0.45047780252747366,0.28348209698961896,0.690756261489927,1.0095132598072354,death,,,,
2024,MP Stoinis,Lucknow Super Giants,48,25,192.0,6,2,32.0,6,24.0,0.09840000346393914,0.40793634709138504,0.4745720420852226,0.4944525256145597,0.2272787786965867,0.546035777013895,death,,,,
2021,SM Curran,Chennai Super Kings,46,23,200.0,3,3,26.09,4,17.39,0.14283728473547985,0.5246299465921083,0.44578445097541697,0.3470806497406699,0.3714878764807951,0.6902448747981035,death,,,,
2024,RA Jadeja,Chennai Super Kings,113,62,182.26,8,6,22.58,12,19.35,0.3569763946359587,0.3711907628809893,0.3101545647503332,0.4204888695999215,0.396027318734393,0.7147843170517014,death,,,,
2024,Arshad Khan,Lucknow Super Giants,46,26,176.92,3,3,23.08,6,23.08,0.09044380681249238,0.3510448265685136,0.3188816070717179,0.47981885603747,0.15161439844077806,0.4703713967580864,death,Arshad Khan,2024.0,2217593.5,6.836888656139101
2022,A Badoni,Lucknow Super Giants,84,50,168.0,5,5,20.0,12,24.0,0.2669225436596205,0.35011887784951196,0.2896773055429418,0.4677750188506038,0.28839065797509333,0.6071476562924016,death,A Badoni,2022.0,2487556.9016,11.59332909287824
2018,RG Sharma,Mumbai Indians,96,46,208.7,8,6,30.43,11,23.91,0.3069198626690643,0.4757238119174231,0.46840186992592026,0.5225290011381729,0.41490675661646986,0.7336637549337782,death,,,,
2015,P Negi,Chennai Super Kings,93,55,169.09,9,4,23.64,15,27.27,0.3678260619283061,0.3657405444920384,0.37529588702941047,0.5687092733610591,0.36223617855306356,0.6809931768703719,death,,,,
2025,Ishan Kishan,Sunrisers Hyderabad,82,37,221.62,7,5,32.43,6,16.22,0.24395111350745943,0.510085945954073,0.4658760244349958,0.3550281390219414,0.4479554155047262,0.7667124138220345,death,Ishan Kishan,2025.0,118068750.00000001,0.3794021834776146
2020,KS Williamson,Sunrisers Hyderabad,97,56,173.21,9,3,21.43,9,16.07,0.3094391426681358,0.3912587085194644,0.3383203957843326,0.3513432771800223,0.40413947625753166,0.7228964745748401,death,,,,
2023,MS Dhoni,Chennai Super Kings,102,50,204.0,3,10,26.0,12,24.0,0.3423888964943185,0.46992042489796954,0.3900241672254702,0.48304198134921417,0.4326617872723949,0.7514187855897032,death,,,,
2020,AR Patel,Delhi Capitals,71,45,157.78,4,5,20.0,13,28.89,0.2098397324061687,0.329089884267915,0.3112320326280283,0.5618169224398939,0.2010595688713434,0.5198165671886518,death,,,,
2021,JD Unadkat,Rajasthan Royals,29,18,161.11,2,2,22.22,5,27.78,0.055916875573502695,0.3899335905001285,0.38994096420829893,0.4996250499250637,0.15683256500133058,0.47558956331863894,death,,,,
2023,SN Thakur,Kolkata Knight Riders,38,28,135.71,6,0,21.43,9,32.14,0.07906180524674321,0.24738932405986375,0.32296153606495465,0.6135876036758097,0.03839752557648893,0.3571545238937973,death,,,,
2019,RV Uthappa,Kolkata Knight Riders,27,22,122.73,2,1,13.64,7,31.82,0.0814910084797467,0.20060011701640265,0.20650769348775025,0.6258592066940311,-0.022898509339288664,0.2958584889780197,death,,,,
2022,RK Singh,Kolkata Knight Riders,99,49,202.04,11,5,32.65,11,22.45,0.32536387163241914,0.4744433886165318,0.5011027663190989,0.4459964337923021,0.46944504799300996,0.7882020463103183,death,RK Singh,2022.0,6840781.479400001,6.8624476517291795
2022,RK Singh,Kolkata Knight Riders,99,49,202.04,11,5,32.65,11,22.45,0.32536387163241914,0.4744433886165318,0.5011027663190989,0.4459964337923021,0.46944504799300996,0.7882020463103183,death,RK Singh,2022.0,2487556.9016,18.871731042255245
2022,AD Russell,Kolkata Knight Riders,114,57,200.0,9,9,31.58,19,33.33,0.3838051996052178,0.46699268350593487,0.48321934789771637,0.598868050201542,0.44595908572583987,0.7647160840431482,death,,,,
2025,Shubman Gill,Gujarat Titans,45,22,204.55,3,3,27.27,4,18.18,0.08276912779717374,0.45251512974421226,0.38706179793813156,0.38628017479996185,0.2540793365712998,0.5728363348886081,death,,,,
2025,DA Miller,Lucknow Super Giants,73,53,137.74,5,3,15.09,12,22.64,0.20474468455090347,0.22718963290878189,0.201023565625766,0.4573945011111715,0.15473983333837493,0.4734968316556833,death,DA Miller,2025.0,78712500.00000001,0.19658864009957108
2021,GJ Maxwell,Royal Challengers Bangalore,121,67,180.6,15,4,28.36,19,28.36,0.5263096780971439,0.4574376270193541,0.4785401912755094,0.5081405217351646,0.5900724046759792,0.9088294029932875,death,,,,
2020,MK Pandey,Sunrisers Hyderabad,58,37,156.76,5,3,21.62,14,37.84,0.16004002727518515,0.32498021474512945,0.3419195489309745,0.7087544516969805,0.109596213193213,0.42835321151052136,death,,,,
2015,CH Morris,Rajasthan Royals,76,42,180.95,3,5,19.05,5,11.9,0.28279658004288744,0.4135700272253283,0.3009026297954415,0.2792734409480403,0.41158369020639046,0.7303406885236988,death,CH Morris,2015.0,24437467.2178,1.684232193697214
2019,RA Jadeja,Chennai Super Kings,78,57,136.84,6,3,15.79,19,33.33,0.23227830734526456,0.25323288872898364,0.24441276155290323,0.6523737772082047,0.12481340782329253,0.4435704061406009,death,,,,
2017,RA Jadeja,Gujarat Lions,59,35,168.57,4,2,17.14,2,5.71,0.22277697727309262,0.384447909954276,0.3009766262178012,0.1857306516718469,0.38644626399221366,0.705203262309522,death,,,,
2013,AM Rahane,Rajasthan Royals,51,33,154.55,5,2,21.21,8,24.24,0.14248951390600037,0.34614514067566965,0.3587459273176255,0.46704564964322526,0.2078696998006327,0.526626698117941,death,,,,
2015,RA Jadeja,Chennai Super Kings,63,54,116.67,3,1,7.41,10,18.52,0.2177740350716849,0.15433907021893042,0.11224521929361178,0.4039361091701734,0.1234878852868273,0.44224488360413566,death,,,,
2019,N Rana,Kolkata Knight Riders,35,16,218.75,1,4,31.25,5,31.25,0.10514391810571029,0.5587715372745192,0.5169766463376777,0.6158503953078859,0.27225373889997684,0.5910107372172853,death,,,,
2016,Gurkeerat Singh,Kings XI Punjab,44,22,200.0,4,3,31.82,5,22.73,0.1452657991978275,0.5144115219812995,0.5425927808000122,0.4797876444210007,0.344281176820515,0.6630381751378234,death,,,,
2024,N Pooran,Lucknow Super Giants,170,95,178.95,16,11,28.42,35,36.84,0.5837279992021912,0.35870330048505394,0.41208641906410753,0.6986876531904639,0.4904849140473267,0.809241912364635,death,,,,
2021,KS Williamson,Sunrisers Hyderabad,58,31,187.1,9,1,32.26,5,16.13,0.20419286767334607,0.47995051759785423,0.534816573288884,0.32858152132562296,0.43234191639402,0.7510989147113283,death,,,,
2023,Tilak Varma,Mumbai Indians,87,41,212.2,8,6,34.15,13,31.71,0.280671609483168,0.49664110181805254,0.5096216385511161,0.6066914590074515,0.38306774645791486,0.7018247447752233,death,Tilak Varma,2023.0,2366172.2646,16.189343108654526
2017,BA Stokes,Rising Pune Supergiant,36,25,144.0,2,2,16.0,5,20.0,0.09975995626710207,0.29865729380373046,0.2842524175039624,0.4256035171095665,0.144170930322909,0.46292792864021737,death,BA Stokes,2017.0,226171030.39200002,0.06374420723690019
2019,R Parag,Rajasthan Royals,59,29,203.45,5,4,31.03,7,24.14,0.17610264698360104,0.5016998571042506,0.5130979882100807,0.4910036427543926,0.34925998550027326,0.6680169838175816,death,R Parag,2019.0,2888505.106,12.091375042917209
2019,DA Warner,Sunrisers Hyderabad,52,29,179.31,4,2,20.69,5,17.24,0.1554063510608829,0.4116534283911603,0.33080105621301936,0.36984434702737373,0.28145437309724275,0.6002113714145512,death,,,,
2013,CH Gayle,Royal Challengers Bangalore,95,40,237.5,7,8,37.5,6,15.0,0.31315792322472474,0.6546971655839782,0.6177610531716599,0.31502203523545935,0.6371944232290832,0.9559514215463916,death,,,,
2023,D Padikkal,Rajasthan Royals,47,26,180.77,9,0,34.62,7,26.92,0.11609217745343348,0.3942227023548564,0.5165186706398343,0.5298716149110888,0.23299204836768972,0.5517490466849981,death,,,,
2015,BB McCullum,Chennai Super Kings,25,12,208.33,2,2,33.33,3,25.0,0.027708134386631472,0.5239891871947617,0.5323483189677893,0.5259624067652522,0.23348063409092193,0.5522376324082303,death,,,,
2018,AB de Villiers,Royal Challengers Bangalore,48,17,282.35,2,5,41.18,1,5.88,0.11374914551317558,0.7163714882486966,0.6232725496335358,0.24242783872422463,0.5391956899352597,0.8579526882525681,death,,,,
2021,B Kumar,Sunrisers Hyderabad,34,30,113.33,3,0,10.0,5,16.67,0.08148170179761362,0.2244465271400153,0.21360830056639166,0.33650971921778594,0.10688722749090168,0.42564422580821004,death,,,,
2022,Ramandeep Singh,Mumbai Indians,27,11,245.45,3,1,36.36,2,18.18,0.04484549736298557,0.6329900106023231,0.5631097591633315,0.3859999446316905,0.36690435308787317,0.6856613514051815,death,,,,
2023,RR Rossouw,Delhi Capitals,40,16,250.0,3,3,37.5,2,12.5,0.08729077684822993,0.619816905181362,0.5587813353536821,0.2986102053349821,0.4279313925413768,0.7466883908586852,death,RR Rossouw,2023.0,54421962.0858,0.7863211397389775
2015,KV Sharma,Sunrisers Hyderabad,67,45,148.89,1,6,15.56,13,28.89,0.2377809719859011,0.2842771759243775,0.24433782200752177,0.599215847759829,0.16597837304923455,0.4847353713665429,death,,,,
2023,AD Russell,Kolkata Knight Riders,115,69,166.67,8,10,26.09,30,43.48,0.39587721190398223,0.34827617252885995,0.3913448754977779,0.7954533723715829,0.290061969488316,0.6088189678056244,death,,,,
2013,Yuvraj Singh,Pune Warriors,62,35,177.14,2,6,22.86,13,37.14,0.18515661623568144,0.4301739561389449,0.38498134522180943,0.6792864100177037,0.2069921106174789,0.5257491089347872,death,,,,
2015,UT Yadav,Kolkata Knight Riders,29,14,207.14,5,1,42.86,5,35.71,0.04771507130084763,0.5191901075613202,0.6868075218958338,0.7276447597348965,0.21275146349612967,0.531508461813438,death,,,,
2017,RR Pant,Delhi Daredevils,41,17,241.18,2,5,41.18,7,41.18,0.1265027869205783,0.6379789086800031,0.6536520450605058,0.7811323687520368,0.3038343498938011,0.6225913482111094,death,,,,
2025,N Pooran,Lucknow Super Giants,97,45,215.56,10,6,35.56,9,20.0,0.30929516176838606,0.4896478003048781,0.5136838788797992,0.4152999223081236,0.4802452243078382,0.7990022226251465,death,,,,
2015,V Kohli,Royal Challengers Bangalore,32,12,266.67,4,2,50.0,3,25.0,0.06272027398650976,0.7592650744342336,0.8025303664820077,0.5259624067652522,0.46018290364482606,0.7789399019621344,death,,,,
2025,Abdul Samad,Lucknow Super Giants,77,43,179.07,4,6,23.26,8,18.6,0.22216976408715053,0.3665804843413269,0.3258127575791344,0.39297703960953767,0.30157906487030905,0.6203360631876174,death,Abdul Samad,2025.0,44079000.00000001,0.6841785541194424
2017,KH Pandya,Mumbai Indians,76,45,168.89,7,4,24.44,12,26.67,0.31370260149491175,0.3855652480563588,0.4080702434204527,0.5375665690668506,0.3511391506235043,0.6698961489408126,death,,,,
2017,SPD Smith,Rising Pune Supergiant,66,38,173.68,4,4,21.05,7,18.42,0.2602169401879593,0.4022904027719109,0.3583377280345639,0.39908153478685154,0.3571874580319515,0.6759444563492598,death,,,,
2023,Dhruv Jurel,Rajasthan Royals,125,60,208.33,8,9,28.33,8,13.33,0.4370220699114158,0.48403024575942805,0.4242158369418818,0.3119213682994875,0.5941289825716162,0.9128859808889245,death,,,,
2015,KK Nair,Rajasthan Royals,57,31,183.87,5,3,25.81,7,22.58,0.18776362970036067,0.4253459201073863,0.41046655548207117,0.48039085735474435,0.29386748751670533,0.6126244858340137,death,,,,
2016,DJ Bravo,Gujarat Lions,56,34,164.71,7,1,23.53,7,20.59,0.20897269613859318,0.34275154253406254,0.3883234535516598,0.4346162603884032,0.2812044600880425,0.5999614584053509,death,,,,
2021,KD Karthik,Kolkata Knight Riders,119,80,148.75,12,3,18.75,20,25.0,0.5160837476074995,0.3471244631847036,0.3398694140579374,0.4588095126283731,0.5048662488443834,0.8236232471616918,death,,,,
2024,AD Russell,Kolkata Knight Riders,96,44,218.18,10,6,36.36,10,22.73,0.2893487230986613,0.5067042520840094,0.5506718511276979,0.47425169913314236,0.4603319802059861,0.7790889785232944,death,,,,
2015,CJ Anderson,Mumbai Indians,44,18,244.44,2,4,33.33,3,16.67,0.12274108472915819,0.6696150406095257,0.5323483189677893,0.3690983544555289,0.4450655419962145,0.7638225403135228,death,,,,
2013,DA Miller,Kings XI Punjab,137,62,220.97,10,10,32.26,11,17.74,0.4760686775744161,0.5932099447071325,0.5344437260092817,0.3601026308498835,0.6937519798759302,1.0125089781932386,death,,,,
2015,MG Johnson,Kings XI Punjab,29,30,96.67,1,1,6.67,10,33.33,0.04771507130084763,0.07368226965688998,0.10025153512081503,0.6828264590749755,-0.1680419312246226,0.15071506709268576,death,,,,
2015,AM Rahane,Rajasthan Royals,52,31,167.74,6,1,22.58,7,22.58,0.1627549585575905,0.3602962104541007,0.3581157448359449,0.48039085735474435,0.22563045258200848,0.5443874508993168,death,,,,
2025,KL Rahul,Delhi Capitals,64,32,200.0,6,4,31.25,5,15.63,0.16553825559434748,0.43716965735083985,0.447852616050054,0.3456206384561087,0.34712296258347064,0.665879960900779,death,KL Rahul,2025.0,146930000.0,0.2362505700561292
2016,SPD Smith,Rising Pune Supergiants,39,21,185.71,5,1,28.57,5,23.81,0.11872125880584178,0.44490114775911144,0.4821132496109717,0.5025844176710966,0.261027788739082,0.5797847870563904,death,,,,
2021,RA Jadeja,Chennai Super Kings,160,81,197.53,13,9,27.16,12,14.81,0.7257153226452091,0.5160750481722782,0.46122438142524025,0.30920148203366926,0.8532965038164109,1.1720535021337193,death,,,,
2022,N Rana,Kolkata Knight Riders,42,22,190.91,2,4,27.27,6,27.27,0.10328682533578423,0.4337932180866573,0.4111842699573815,0.5137208079736014,0.21739302710972988,0.5361500254270383,death,N Rana,2022.0,99502276.06400001,0.21848045663789878
2022,R Shepherd,Sunrisers Hyderabad,33,17,194.12,2,3,29.41,5,29.41,0.06822202855210505,0.44551712171656715,0.4469511068001464,0.5437893060540954,0.19390579331837335,0.5126627916356817,death,R Shepherd,2022.0,96392829.937,0.2011620505851996
2015,MS Dhoni,Chennai Super Kings,179,105,170.48,12,13,23.81,35,33.33,0.7979752055839533,0.37134619213110015,0.3780511928528908,0.6828264590749755,0.6643380347585898,0.9830950330758981,death,,,,
2013,R Bhatia,Kolkata Knight Riders,67,38,176.32,5,3,21.05,9,23.68,0.20455075365826375,0.42712377337312435,0.3562018867935834,0.45783209725487584,0.3009302167492979,0.6196872150666062,death,,,,
2025,R Tewatia,Gujarat Titans,82,46,178.26,5,7,26.09,15,32.61,0.24395111350745943,0.36384865299217706,0.36903838955318974,0.6163653157575304,0.24125060786500083,0.5600076061823092,death,,,,
2013,MS Dhoni,Chennai Super Kings,240,117,205.13,17,16,28.21,26,22.22,0.8755879084796119,0.5342893410356725,0.4700477002444665,0.4338110499566791,0.935104887392194,1.2538618857095023,death,,,,
2022,N Pooran,Sunrisers Hyderabad,109,58,187.93,8,8,27.59,16,27.59,0.36432475694761823,0.4229093449349029,0.4165325820086361,0.5182170319856378,0.42058743983388164,0.73934443815119,death,N Pooran,2022.0,133706183.46100001,0.31456094919990024
2022,MK Lomror,Royal Challengers Bangalore,36,21,171.43,3,2,23.81,5,23.81,0.07991029414666478,0.3626462888933098,0.35335564590319146,0.46510538584345706,0.16521591919756132,0.4839729175148697,death,MK Lomror,2022.0,11815895.2826,1.3982513829557803
2020,CH Morris,Royal Challengers Bangalore,34,19,178.95,2,3,26.32,7,36.84,0.06810211011029244,0.4143856723045514,0.43095123203211466,0.6923368506626691,0.11402515358507637,0.4327821519023847,death,CH Morris,2020.0,138937234.53,0.08206954310757891
2022,MM Ali,Chennai Super Kings,32,23,139.13,4,1,21.74,10,43.48,0.06432594002058513,0.2446767913088579,0.31875875232163847,0.7414826555833237,-0.027166288865940913,0.29159070945136745,death,,,,
2014,DJ Hussey,Chennai Super Kings,26,16,162.5,1,2,18.75,4,25.0,0.0489966950625803,0.38755561985873005,0.3235236146258408,0.4936079730388287,0.13258906115165003,0.4513460594689584,death,,,,
2024,C Green,Royal Challengers Bengaluru,88,46,191.3,6,5,23.91,7,15.22,0.25752393649287425,0.405295494016716,0.33336849732521673,0.35479641812885576,0.36675887814868013,0.6855158764659885,death,,,,
2019,CA Ingram,Delhi Capitals,53,35,151.43,6,2,22.86,12,34.29,0.15836296476412834,0.30765614452533774,0.36905872956249924,0.6692307227006595,0.12354377386245746,0.4423007721797658,death,CA Ingram,2019.0,92432163.392,0.1336588578355726
2021,R Ashwin,Delhi Capitals,30,26,115.38,1,1,7.69,6,23.08,0.06102984081832488,0.2315467464763115,0.1802753666046236,0.43062036456734937,0.046431710047262986,0.36518870836457135,death,,,,
2018,YK Pathan,Sunrisers Hyderabad,133,82,162.2,10,8,21.95,27,32.93,0.45582229047672845,0.32378739712578414,0.3462341151426105,0.6626572587628992,0.3653588619818983,0.6841158602992067,death,YK Pathan,2018.0,28354577.097,1.2885357476220458
2021,DJ Bravo,Chennai Super Kings,47,18,261.11,3,4,38.89,4,22.22,0.14795024998030204,0.736285753246284,0.630486422711621,0.41799397533168253,0.508451413288197,0.8272084116055054,death,,,,
2021,MM Ali,Chennai Super Kings,55,26,211.54,4,4,30.77,5,19.23,0.1888539719388795,0.5645989861730146,0.5133161093914665,0.3740952499658175,0.43773940346872386,0.7564964017860323,death,MM Ali,2021.0,92828160.90100001,0.4715588450961202
2021,R Tewatia,Rajasthan Royals,45,38,118.42,2,3,13.16,16,42.11,0.1377243194906577,0.24207585222379463,0.25920659983876704,0.7100159310263499,0.02497298924551361,0.34372998756282197,death,,,,
2020,SPD Smith,Rajasthan Royals,47,29,162.07,7,0,24.14,7,24.14,0.11790181524127599,0.3463746707902187,0.3896556854022241,0.4838333175269149,0.19087216619803138,0.5096291645153397,death,,,,
2021,JO Holder,Sunrisers Hyderabad,43,37,116.22,2,2,10.81,15,40.54,0.1274983890010133,0.2344561046433792,0.2252964722153233,0.6869654297472836,0.012029533288183791,0.33078653160549215,death,,,,
2024,MM Ali,Chennai Super Kings,33,14,235.71,1,4,35.71,4,28.57,0.038728528578088464,0.5728387583682226,0.5393266961098977,0.5671436886224944,0.25234273543055363,0.571099733747862,death,,,,
2021,MS Dhoni,Chennai Super Kings,74,47,157.45,10,3,27.66,19,40.43,0.28600031159050104,0.37725710134361906,0.46843930219618574,0.6853504264729542,0.28382042001388436,0.6025774183311927,death,,,,
2014,GJ Maxwell,Kings XI Punjab,26,16,162.5,2,2,25.0,6,37.5,0.0489966950625803,0.38755561985873005,0.45678662491477245,0.703784976730077,0.08849716276183023,0.4072541610791386,death,,,,
2013,EJG Morgan,Kolkata Knight Riders,98,58,168.97,6,7,22.41,15,25.86,0.3247944056782741,0.3997837205331477,0.3778262312479411,0.49369914048095054,0.3755955979911953,0.6943525963085037,death,,,,
2024,PJ Cummins,Sunrisers Hyderabad,89,62,143.55,6,5,17.74,24,38.71,0.26150203481859763,0.22515158785178824,0.22567679507932845,0.7284321772221573,0.0981075894157078,0.41686458773301616,death,PJ Cummins,2024.0,227303333.75,0.04316152684483353
2017,Basil Thampi,Gujarat Lions,28,28,100.0,1,1,7.14,9,32.14,0.05697142722154014,0.14502330476734443,0.1542730410086894,0.6293863433106803,-0.08738383086076101,0.23137316745654735,death,Basil Thampi,2017.0,13258301.7816,-0.659087659190509
2018,SS Iyer,Delhi Daredevils,83,36,230.56,4,8,33.33,8,22.22,0.2546027934393444,0.5471502641183958,0.5101809370098351,0.4962743719379747,0.43180189913843403,0.7505588974557424,death,,,,
2015,SS Tiwary,Delhi Daredevils,83,53,156.6,7,4,20.75,9,16.98,0.31780871964276564,0.3153703725410441,0.32845568803024483,0.3749360322725775,0.360494455484777,0.6792514538020853,death,,,,
2022,D Pretorius,Chennai Super Kings,34,22,154.55,3,2,22.73,7,31.82,0.07211811708362495,0.3009953564095467,0.3353050927302073,0.577651493144745,0.0777231024328375,0.39648010075014584,death,D Pretorius,2022.0,6218892.254000001,1.2497901436199654
2013,RG Sharma,Mumbai Indians,197,88,223.86,11,18,32.95,22,25.0,0.708798326645404,0.6039599790891098,0.5454149007692132,0.4795497564559853,0.8408232185092479,1.1595802168265563,death,,,,
2013,R Sathish,Kings XI Punjab,61,36,169.44,5,3,22.22,9,25.0,0.181277788751165,0.4015319960208741,0.37480518312564115,0.4795497564559853,0.2664098813666673,0.5851668796839757,death,,,,
2025,SA Yadav,Mumbai Indians,83,43,193.02,7,6,30.23,15,34.88,0.2483073833915212,0.4136286909100181,0.432273059649511,0.6525602755616664,0.2741180598384127,0.5928750581557211,death,,,,
2016,SR Watson,Royal Challengers Bangalore,49,25,196.0,4,4,32.0,9,36.0,0.17181033958981318,0.49495445431938534,0.5459424163735589,0.7598924416698647,0.24475124707566503,0.5635082453929734,death,SR Watson,2016.0,155456707.9905,0.15744013252269684
2013,SPD Smith,Pune Warriors,49,24,204.17,3,4,29.17,4,16.67,0.13473185893696743,0.5307183953586143,0.485311943388719,0.34249816467928723,0.3817390019737819,0.7004960002910903,death,,,,
2024,Kuldeep Yadav,Delhi Capitals,26,31,83.87,3,0,9.68,15,48.39,0.010881840298024836,0.0,0.08499687285860573,0.8824038310332749,-0.31875699831730836,0.0,death,,,,
2025,SO Hetmyer,Rajasthan Royals,114,72,158.33,8,6,19.44,21,29.17,0.38335174979743625,0.29663211127791095,0.26746579145161087,0.561514803983862,0.310631271318843,0.6293882696361514,death,,,,
2013,KA Pollard,Mumbai Indians,216,112,192.86,13,18,27.68,31,27.68,0.7824960488512166,0.4886481916007727,0.46162056600857715,0.5236431857430862,0.7993498303866984,1.1181068287040068,death,,,,
2024,JM Sharma,Punjab Kings,40,25,160.0,3,2,20.0,7,28.0,0.06657521685815211,0.287211635106512,0.2651230263719877,0.5580771759497323,0.05317202857148107,0.3719290268887894,death,,,,
2025,AR Patel,Delhi Capitals,28,17,164.71,2,2,23.53,5,29.41,0.008712539768123579,0.31814949894158473,0.3299367578028075,0.5653415838750482,0.038889175076114224,0.3576461733934226,death,,,,
2019,R Ashwin,Kings XI Punjab,34,20,170.0,2,3,25.0,6,30.0,0.10218730440246483,0.3769254975163106,0.4067874949854888,0.5939012475312521,0.15468834176327298,0.47344534008058137,death,,,,
2025,Washington Sundar,Gujarat Titans,27,16,168.75,0,2,12.5,3,18.75,0.004356269884061789,0.33177492937438124,0.16146371162830897,0.39536877704152895,0.05966408326632114,0.3784210815836295,death,Washington Sundar,2025.0,33584000.0,0.17765627461386713
2024,SV Samson,Rajasthan Royals,84,39,215.38,5,6,28.21,6,15.38,0.24161154318998074,0.49614083978533285,0.4084210612891259,0.35734140414226256,0.4209494111744837,0.739706409491792,death,,,,
2024,Ashutosh Sharma,Punjab Kings,112,58,193.1,8,7,25.86,10,17.24,0.35299829631023527,0.41208625906586505,0.36740396237861744,0.3869268665481179,0.44389220867545887,0.7626492069927673,death,,,,
2022,KD Karthik,Royal Challengers Bangalore,242,110,220.0,19,19,34.55,28,25.45,0.8825045316397664,0.5400388120411992,0.5328583691234229,0.488148533905144,0.940621128507382,1.2593781268246904,death,KD Karthik,2022.0,68407814.794,1.3750199905375184
2018,RA Jadeja,Chennai Super Kings,51,36,141.67,2,3,13.89,7,19.44,0.12582231533541863,0.2567066531328304,0.23011712179904018,0.4530862836678264,0.11681180190733156,0.43556880022463995,death,,,,
2020,PJ Cummins,Kolkata Knight Riders,98,52,188.46,6,7,25.0,13,25.0,0.31326988921667304,0.45270229697287523,0.40594658911860293,0.49795245441642266,0.3995700548287878,0.7183270531460961,death,PJ Cummins,2020.0,215352713.5215,0.18554215003605992
2016,DA Miller,Kings XI Punjab,66,42,157.14,5,2,16.67,10,23.81,0.26206177692256455,0.3059290419838901,0.26066512002648523,0.5025844176710966,0.23977971146950355,0.5585367097868119,death,,,,
2024,R Powell,Rajasthan Royals,80,44,181.82,8,5,29.55,18,40.91,0.22569914988708722,0.3695307980911973,0.43180953471043715,0.763425734906502,0.1894972854057987,0.508254283723107,death,R Powell,2024.0,82050959.5,0.2309507244772667
2024,SS Iyer,Kolkata Knight Riders,84,36,233.33,6,7,36.11,8,22.22,0.24161154318998074,0.5638598579143477,0.5463083299670055,0.46613955621540787,0.45265584001309694,0.7714128383304053,death,,,,
2022,Shahbaz Ahmed,Royal Challengers Bangalore,43,25,172.0,3,3,24.0,8,32.0,0.10718291386730415,0.3647281035565648,0.3565312061836239,0.5801806191515154,0.1429974970666067,0.46175449538391505,death,Shahbaz Ahmed,2022.0,29850682.8192,0.47904263340545933
2022,DJ Hooda,Lucknow Super Giants,26,17,152.94,1,2,17.65,4,23.53,0.040949408831465674,0.2951151430624579,0.250400638916541,0.46117118983292515,0.07096881433819374,0.3897258126555021,death,,,,
2016,MS Dhoni,Rising Pune Supergiants,168,87,193.1,13,10,26.44,19,21.84,0.8035704009190728,0.48084808026449766,0.44247589532400056,0.4610014146130513,0.8316225636194867,1.1503795619367951,death,,,,
2018,BCJ Cutting,Mumbai Indians,90,48,187.5,5,8,27.08,17,35.42,0.2827735230245782,0.4064538765715576,0.42013984415657024,0.7013401148034277,0.2749516640310414,0.5937086623483497,death,BCJ Cutting,2018.0,32831615.586,0.8374600491737171
2022,Washington Sundar,Sunrisers Hyderabad,83,46,180.43,9,3,26.09,11,23.91,0.2630264551281006,0.39551704673417876,0.3914623692683803,0.4665104558472185,0.3390142159111965,0.6577712142285048,death,Washington Sundar,2022.0,108830614.44500001,0.3115062959444421
2025,SS Iyer,Punjab Kings,149,59,252.54,12,13,42.37,13,22.03,0.5358211957395984,0.6143677056031002,0.6177003289657769,0.44766810222107334,0.7420836671945326,1.060840665511841,death,,,,
2019,KH Pandya,Mumbai Indians,65,39,166.67,8,2,25.64,10,25.64,0.19384232920307373,0.3645040141851345,0.41807086408395294,0.5173426200863532,0.2558100816456709,0.5745670799629792,death,,,,
2015,AR Patel,Kings XI Punjab,62,53,116.98,3,2,9.43,13,24.53,0.2127723008431309,0.15558925062764206,0.14498473554908395,0.5171117339458561,0.08466319307470849,0.40342019139201685,death,,,,
2020,RA Jadeja,Chennai Super Kings,182,84,216.67,18,10,33.33,14,16.67,0.6350525992937975,0.5663628628922664,0.5637410402319003,0.3611938378006091,0.8158682878304978,1.1346252861478061,death,,,,
2025,JP Inglis,Punjab Kings,26,16,162.5,5,0,31.25,4,25.0,0.0,0.3106959837790895,0.447852616050054,0.4950245033745022,0.09169397535476004,0.4104509736720684,death,JP Inglis,2025.0,27287000.000000004,0.33603538444959147
2018,SR Watson,Chennai Super Kings,31,17,182.35,5,0,29.41,3,17.65,0.045334516520465,0.389626510202161,0.4537071635722674,0.4252781261125868,0.197081766944098,0.5158387652614064,death,SR Watson,2018.0,59693846.519999996,0.33015424274605454
2016,DS Kulkarni,Gujarat Lions,25,13,192.31,3,0,23.08,2,15.38,0.04439654570828182,0.4770053094012697,0.3799493646177926,0.32464293758007,0.2581475256205701,0.5769045239378785,death,DS Kulkarni,2016.0,32727727.998,0.7887731334003556
2015,F du Plessis,Chennai Super Kings,37,24,154.17,4,1,20.83,6,25.0,0.08772894512927994,0.30557057127275616,0.32975230253541205,0.5259624067652522,0.11150916979432476,0.4302661681116331,death,,,,
2020,RD Gaikwad,Chennai Super Kings,30,21,142.86,3,1,19.05,6,28.57,0.05277912391614363,0.2689758947777584,0.29323626689481913,0.5565632901089141,0.04205681054667415,0.3608138088639825,death,,,,
2014,R Dhawan,Kings XI Punjab,54,40,135.0,5,1,15.0,12,30.0,0.1456401706499319,0.26262770853524764,0.24356580845248182,0.577678774515328,0.08982422351718267,0.408581221834491,death,R Dhawan,2014.0,58110551.511,0.15457472211424367
2019,Mandeep Singh,Kings XI Punjab,94,61,154.1,8,2,16.39,10,16.39,0.27958412659719173,0.31761571224132573,0.25499092008271335,0.35491892653926277,0.31700486280752516,0.6357618611248335,death,,,,
2021,SK Raina,Chennai Super Kings,31,19,163.16,4,1,26.32,6,31.58,0.06614280606314706,0.3970338098364246,0.44910331453005187,0.555416072129173,0.16399571527607631,0.4827527135933847,death,,,,
2016,V Kohli,Royal Challengers Bangalore,205,85,241.18,15,14,34.12,12,14.12,0.9999999998197672,0.7147220335607049,0.585393679795333,0.2980467021216247,1.2137604397261161,1.5325174380434246,death,,,,
2023,RA Jadeja,Chennai Super Kings,152,96,158.33,10,8,18.75,21,21.88,0.5481131865314867,0.32109928892965367,0.28363377862290173,0.449042384379634,0.5045133735250332,0.8232703718423415,death,,,,
2013,DJG Sammy,Sunrisers Hyderabad,53,30,176.67,3,4,23.33,9,30.0,0.15024716887503328,0.4284256806512185,0.392454464261183,0.5618136170662482,0.2274214678774915,0.5461784661947999,death,DJG Sammy,2013.0,52331263.46299,0.43458050279701305
2022,JO Holder,Lucknow Super Giants,48,26,184.62,0,6,23.08,8,30.77,0.1266633565249037,0.4108202106623166,0.341154809036267,0.5628982581052503,0.18392793001986127,0.5026849283371696,death,JO Holder,2022.0,108830614.44500001,0.16900385149696398
2023,SM Curran,Punjab Kings,111,57,194.74,8,8,28.07,15,26.32,0.3794192687010087,0.4397456116930954,0.4204004574885484,0.5202490874668679,0.44142872306717207,0.7601857213844805,death,SM Curran,2023.0,218870934.4755,0.20168448776673212
2016,AB de Villiers,Royal Challengers Bangalore,97,43,225.58,8,7,34.88,10,23.26,0.42663792735287587,0.6388394696792401,0.5995365855503086,0.4909749498122515,0.6442010724621128,0.9629580707794212,death,,,,
2017,N Rana,Mumbai Indians,32,13,246.15,4,2,46.15,2,15.38,0.0783656917443211,0.6553325660779767,0.7265637269094344,0.3480518979127671,0.46910719534216866,0.787864193659477,death,,,,
2024,Abdul Samad,Sunrisers Hyderabad,96,46,208.7,8,7,32.61,12,26.09,0.2893487230986613,0.47093955615849065,0.485219033717312,0.5276964054146874,0.401435904507493,0.7201929028248013,death,,,,
2023,M Shahrukh Khan,Punjab Kings,129,74,174.32,12,6,24.32,17,22.97,0.4534800131143893,0.37320460892381546,0.3653709461423923,0.46652330923663515,0.47238827510148274,0.7911452734187912,death,,,,
2016,SV Samson,Delhi Daredevils,30,16,187.5,0,3,18.75,3,18.75,0.07094108610026753,0.45360818553781795,0.2993720199874711,0.3957773133697212,0.21505764229747587,0.5338146406147842,death,SV Samson,2016.0,68728228.7958,0.3129102059889227
2018,DJ Hooda,Sunrisers Hyderabad,45,37,121.62,1,2,8.11,9,24.32,0.10167597569093254,0.19119428503450012,0.14684711912834086,0.5288984673938423,0.009432671850961416,0.3281896701682698,death,,,,
2025,HH Pandya,Mumbai Indians,115,58,198.28,9,7,27.59,12,20.69,0.387708019681498,0.4313687315230156,0.39194950190692934,0.4263019144952839,0.47291486628067136,0.7916718645979797,death,,,,
2017,WP Saha,Kings XI Punjab,54,32,168.75,3,3,18.75,7,21.88,0.19603414661961643,0.3850764126366976,0.3245959034364681,0.4571613188606451,0.26387976710072436,0.5826367654180327,death,,,,
2014,JP Faulkner,Rajasthan Royals,160,70,228.57,7,16,32.86,15,21.43,0.5115047568020487,0.6877006053548204,0.6243781866541328,0.4335814207846082,0.7669349958014458,1.0856919941187542,death,,,,
2022,UT Yadav,Kolkata Knight Riders,48,31,154.84,3,4,22.58,13,41.94,0.1266633565249037,0.30205452527330806,0.3327980714561817,0.7198445775253982,0.06425953828327219,0.38301653660058055,death,UT Yadav,2022.0,24875569.016000003,0.2583238929808615
2025,B Sai Sudharsan,Gujarat Titans,44,21,209.52,2,4,28.57,5,23.81,0.07841285791311196,0.46927710728158817,0.4069180953113726,0.4760500530807041,0.22902424733241378,0.5477812456497222,death,,,,
2016,B Kumar,Sunrisers Hyderabad,43,27,159.26,6,1,25.93,8,29.63,0.13995689111943033,0.31624128784470457,0.43298526119895114,0.625433695741058,0.14980825688115867,0.46856525519846703,death,,,,
2019,STR Binny,Rajasthan Royals,59,28,210.71,5,3,28.57,6,21.43,0.17610264698360104,0.5287809288713192,0.46972753823785907,0.4434178903746504,0.36882368734403803,0.6875806856613464,death,,,,
2020,SO Hetmyer,Delhi Capitals,72,38,189.47,3,6,23.68,9,23.68,0.2136704789547059,0.4567716756179863,0.3809419462050912,0.4762812210511317,0.3230923164138326,0.641849314731141,death,SO Hetmyer,2020.0,107676356.76075,0.3000587372506697
2013,YK Pathan,Kolkata Knight Riders,79,45,175.56,5,5,22.22,7,15.56,0.25109668347246134,0.42429677471212,0.37480518312564115,0.32423558762380883,0.3957730540221979,0.7145300523395063,death,,,,
2019,MK Pandey,Sunrisers Hyderabad,60,34,176.47,5,2,20.59,2,5.88,0.1790592606868465,0.4010597308955026,0.3290380297913843,0.1703704920333253,0.3743404861213137,0.6930974844386221,death,,,,
2013,BB Samantray,Sunrisers Hyderabad,29,22,131.82,4,0,18.18,6,27.27,0.05715530924663817,0.2615955623011566,0.3105681598935786,0.5168975491730446,0.06293345684674453,0.38169045516405287,death,,,,
2023,V Shankar,Gujarat Titans,95,33,287.88,4,11,45.45,5,15.15,0.31358749588911494,0.743253398075599,0.6754438994075332,0.3411097015469574,0.6886859849525684,1.0074429832698768,death,,,,
2014,KA Pollard,Mumbai Indians,148,97,152.58,8,8,16.49,25,25.77,0.4700861244074694,0.34249071511949575,0.2753357101053631,0.5065548764662096,0.42729301953084853,0.7460500178481568,death,,,,
2019,Mohammad Nabi,Sunrisers Hyderabad,80,47,170.21,7,6,27.66,19,40.43,0.23819153475175547,0.3777088343029614,0.4536839978009804,0.7770449365794849,0.20469486966138523,0.5234518679786936,death,,,,
2024,Shubman Gill,Gujarat Titans,38,20,190.0,2,2,20.0,2,10.0,0.058619020206705355,0.4003910525923305,0.2651230263719877,0.2717662494414554,0.2179211505965437,0.5366781489138521,death,,,,
2014,Yuvraj Singh,Royal Challengers Bangalore,117,50,234.0,4,14,36.0,20,40.0,0.36308799072147296,0.7123681892997844,0.6913295230232921,0.7458203774683266,0.5557251931467274,0.8744821914640357,death,Yuvraj Singh,2014.0,271182573.718,0.20492658710608022
2024,RR Pant,Delhi Capitals,92,38,242.11,8,7,39.47,8,21.05,0.27343632979576776,0.5969837007651972,0.6049540543667113,0.4475293459923699,0.5197153921322782,0.8384723904495865,death,,,,
2024,DJ Mitchell,Chennai Super Kings,38,29,131.03,3,0,10.34,4,13.79,0.058619020206705355,0.17791804428770663,0.09651656872283364,0.3320506056340315,0.0319889666724551,0.35074596498976346,death,DJ Mitchell,2024.0,155231545.0,0.020607259093153456
2022,SA Yadav,Mumbai Indians,82,36,227.78,5,8,36.11,10,27.78,0.2591303665965807,0.568453756041417,0.5589313903732889,0.5208866649927846,0.4508559224128459,0.7696129207301543,death,SA Yadav,2022.0,6218892.254000001,7.249778642214853
2022,AR Patel,Delhi Capitals,107,55,194.55,7,7,25.45,9,16.36,0.3565325798845785,0.44708761348007536,0.3807657451658711,0.3604276705632331,0.47882852597216863,0.7975855242894769,death,AR Patel,2022.0,2487556.9016,19.248947658812767
2017,HM Amla,Kings XI Punjab,61,26,234.62,6,4,38.46,5,19.23,0.2334741095344831,0.6150734775873055,0.6137486698836274,0.4126782472434333,0.5133693284889541,0.8321263268062624,death,,,,
2022,Tilak Varma,Mumbai Indians,63,42,150.0,5,2,16.67,10,23.81,0.18510468449770237,0.2843773621677741,0.23402143325957397,0.46510538584345706,0.1744367043225383,0.49319370263984663,death,Tilak Varma,2022.0,2487556.9016,7.012370418957667
2014,KM Jadhav,Delhi Daredevils,128,75,170.67,13,6,25.33,19,25.33,0.40105507041650396,0.42467056660465186,0.463822911858028,0.4991566459362776,0.4726635548184265,0.7914205531357348,death,,,,
2022,SV Samson,Rajasthan Royals,45,21,214.29,5,3,38.1,6,28.57,0.11497509093034397,0.5191841423443811,0.5921912059420282,0.5319867180224996,0.3164348184900744,0.6351918168073827,death,,,,
2021,Shahbaz Ahmed,Royal Challengers Bangalore,30,24,125.0,2,1,12.5,8,33.33,0.06102984081832488,0.2648658245324917,0.249682904421119,0.5811093060389603,0.02371793383165735,0.34247493214896574,death,,,,
2024,R Tewatia,Gujarat Titans,128,68,188.24,18,4,32.35,19,27.94,0.4166478695218093,0.39375119343316245,0.480680971710192,0.5571228061947048,0.45154906136920436,0.7703060596865128,death,,,,
2024,HH Pandya,Mumbai Indians,40,28,142.86,2,3,17.86,11,39.29,0.06657521685815211,0.22254846124961442,0.22777128523646079,0.7376577515207571,-0.06219731092603567,0.25655968739127266,death,,,,
2024,RG Sharma,Mumbai Indians,27,12,225.0,3,1,33.33,1,8.33,0.014859938623748214,0.5324337063257853,0.4977859746601061,0.24520295792652078,0.32935941328931473,0.6481164116066231,death,,,,
2013,DH Yagnik,Rajasthan Royals,47,26,180.77,6,1,26.92,3,11.54,0.12697420396793452,0.44367659448032126,0.44953637351937725,0.2580954436931574,0.3550403949930585,0.6737973933103669,death,,,,
2016,SA Yadav,Kolkata Knight Riders,32,14,228.57,5,1,42.86,3,21.43,0.0815589022570618,0.6533836277565207,0.7480370959775524,0.4523470840273667,0.4354112308662289,0.7541682291835372,death,,,,
2013,SR Watson,Rajasthan Royals,61,27,225.93,3,5,29.63,6,22.22,0.181277788751165,0.6116598307052665,0.49262605989534,0.4338110499566791,0.4251155443394956,0.743872542656804,death,,,,
2013,DW Steyn,Sunrisers Hyderabad,53,34,155.88,5,2,20.59,11,32.35,0.15024716887503328,0.3510923883324273,0.34888777028696244,0.6004776315530719,0.16021920773110027,0.4789762060484086,death,,,,
2020,RR Pant,Delhi Capitals,65,37,175.68,8,3,29.73,10,27.03,0.18685525311494555,0.40121055530503325,0.49554655955868654,0.5312801845160747,0.2862413742056491,0.6049983725229575,death,,,,
2019,YK Pathan,Sunrisers Hyderabad,30,31,96.77,0,1,3.23,10,32.26,0.09036084958948304,0.10376476948567248,0.022976642995544458,0.6335853067114061,-0.12237006537147643,0.19638693294583193,death,,,,
2016,SK Raina,Gujarat Lions,25,18,138.89,3,0,16.67,5,27.78,0.04439654570828182,0.2171561707764071,0.26066512002648523,0.586383667488579,-0.012258609032657047,0.30649838928465134,death,,,,
2016,RR Pant,Delhi Daredevils,27,15,180.0,2,2,26.67,6,40.0,0.055014361865076106,0.4171261836717291,0.44675598522353266,0.8443249351887385,0.04887140281948976,0.3676284011367981,death,RR Pant,2016.0,31091341.5981,0.15718653588906664
2018,AT Rayudu,Chennai Super Kings,51,33,154.55,6,1,21.21,5,15.15,0.12582231533541863,0.29879140630522427,0.33557324974878394,0.3864399172365541,0.1961495634509606,0.514906561768269,death,,,,
2013,Harbhajan Singh,Mumbai Indians,102,58,175.86,12,4,27.59,15,25.86,0.34030971561634,0.42541269523620073,0.46018954321380345,0.49369914048095054,0.4255313268829332,0.7442883252002416,death,,,,
2021,M Shahrukh Khan,Punjab Kings,78,48,162.5,7,4,22.92,14,29.17,0.30645217256978985,0.3947478855623,0.4000418532876227,0.520032818573409,0.3545351093939051,0.6732921077112135,death,,,,
2017,CH Morris,Delhi Daredevils,107,51,209.8,10,6,31.37,9,17.65,0.4795081515464642,0.5284099410445078,0.5097358279703672,0.38615626492071825,0.6462697341822481,0.9650267324995565,death,,,,
2013,NLTC Perera,Sunrisers Hyderabad,117,73,160.27,5,8,17.81,19,26.03,0.3984921278840869,0.36742202533480794,0.3046850661817313,0.4964961117416995,0.3953117901325131,0.7140687884498215,death,NLTC Perera,2013.0,83114359.61769001,0.4756239378500549
2014,DA Warner,Sunrisers Hyderabad,114,54,211.11,6,9,27.78,9,16.67,0.35273333262282813,0.6083827387472567,0.5160620118912892,0.35354601777898087,0.5997782319276852,0.9185352302449936,death,DA Warner,2014.0,106536011.1035,0.5629816863942834
2013,MR Marsh,Pune Warriors,49,30,163.33,3,4,23.33,11,36.67,0.13473185893696743,0.3788044146804309,0.392454464261183,0.671553607120339,0.14630259092000875,0.4650595892373171,death,,,,
2022,Shubman Gill,Gujarat Titans,30,22,136.36,2,1,13.64,5,22.73,0.05653376295754532,0.23455990250672387,0.18337960352425728,0.44993062980283405,0.03754859075554173,0.3563055890728501,death,,,,
2019,JC Archer,Rajasthan Royals,60,35,171.43,3,4,20.0,7,20.0,0.1790592606868465,0.3822596480158848,0.31863617390373766,0.41830806531818127,0.26264485860126835,0.5814018569185767,death,,,,
2021,V Shankar,Sunrisers Hyderabad,30,29,103.45,0,1,3.45,10,34.48,0.06102984081832488,0.19022693346069516,0.11909283846700598,0.5979934311796775,-0.05953218154676171,0.25922481677054665,death,,,,
2014,RV Uthappa,Kolkata Knight Riders,37,22,168.18,5,1,27.27,6,27.27,0.08696377475761127,0.41335891208845305,0.5051877502517124,0.5317761169091594,0.21509635416216547,0.5338533524794739,death,RV Uthappa,2014.0,96850919.185,0.22209015254806067
2017,P Negi,Royal Challengers Bangalore,83,55,150.91,5,5,18.18,19,34.55,0.3511425644097784,0.32278481344558113,0.3162337990795488,0.6698407593852012,0.26924029422039747,0.5879972925377058,death,P Negi,2017.0,15598002.096,1.7261203874914355
2017,CR Woakes,Kolkata Knight Riders,32,29,110.34,2,1,10.34,11,37.93,0.0783656917443211,0.18112729219089518,0.20121818827560514,0.7265776582780978,-0.07700940733765316,0.2417475909796552,death,CR Woakes,2017.0,65511608.80320001,-0.11755078030367577
2025,JM Sharma,Royal Challengers Bengaluru,115,60,191.67,8,10,30.0,20,33.33,0.387708019681498,0.40907563866143504,0.42876002242193767,0.627845655431089,0.3921939796300616,0.7109509779473699,death,JM Sharma,2025.0,115445000.00000001,0.33972366029716444
2024,KD Karthik,Royal Challengers Bengaluru,201,90,223.33,13,18,34.44,24,26.67,0.7070490472996159,0.526133385419075,0.5171600086135802,0.5369219797132875,0.7690851412479893,1.0878421395652977,death,,,,
2025,RA Jadeja,Chennai Super Kings,112,70,160.0,7,6,18.57,16,22.86,0.37463921002931266,0.30226440554097284,0.25417734628644195,0.4609023826780922,0.34273582160863225,0.6614928199259407,death,,,,
2024,S Dube,Chennai Super Kings,116,62,187.1,8,10,29.03,20,32.26,0.3689106896131288,0.3894503755687013,0.42273341069619697,0.6258374285566912,0.36633879126103625,0.6850957895783446,death,,,,
2014,STR Binny,Rajasthan Royals,34,25,136.0,2,2,16.0,9,36.0,0.07660911665896647,0.26717054167428333,0.2648878900987109,0.6785637362871273,0.002913436679077175,0.32167043499638553,death,,,,
2022,JC Buttler,Rajasthan Royals,123,50,246.0,10,9,38.0,8,16.0,0.41886999638889694,0.6349987791370428,0.5905198584260112,0.35536941854969206,0.6876035767875655,1.0063605751048739,death,,,,
2021,HV Patel,Royal Challengers Bangalore,51,30,170.0,5,2,23.33,6,20.0,0.1684021109595908,0.42072429776826165,0.4059580883197979,0.3854002728861239,0.31271115499329327,0.6314681533106017,death,,,,
2016,P Negi,Delhi Daredevils,32,26,123.08,2,1,11.54,6,23.08,0.0815589022570618,0.14025211084269176,0.16520050618039986,0.4871754876039021,-0.009936865960445573,0.3088201323568628,death,P Negi,2016.0,139092843.9915,-0.0071440526164328185
2015,RG Sharma,Mumbai Indians,77,36,213.89,7,5,33.33,9,25.0,0.2877983142714414,0.5464117777510089,0.5323483189677893,0.5259624067652522,0.4527640732768935,0.7715210715942018,death,RG Sharma,2015.0,5236600.1181,8.646145649195958
2014,DJG Sammy,Sunrisers Hyderabad,59,42,140.48,3,4,16.67,13,30.95,0.16289793414767326,0.28752243413716333,0.2791736848016844,0.5936522267958629,0.12037077910888039,0.43912777742618875,death,DJG Sammy,2014.0,67795643.4295,0.17754943093659512
2018,KS Williamson,Sunrisers Hyderabad,27,28,96.43,2,0,7.14,8,28.57,0.029236956757474283,0.10888722506457787,0.1328727415175142,0.5949234224830979,-0.12027436859971655,0.1984826297175918,death,,,,
2013,MS Gony,Kings XI Punjab,36,18,200.0,2,3,27.78,6,33.33,0.08430710163825342,0.5152071000738929,0.4632105913361034,0.6166013482326833,0.2173718694553069,0.5361288677726153,death,MS Gony,2013.0,61566192.30940001,0.35307018560268877
2016,RA Jadeja,Gujarat Lions,80,62,129.03,6,3,14.52,21,33.87,0.33638649002012455,0.16919449898978897,0.22065558400912,0.7149321388710644,0.13393026116530438,0.45268725948261274,death,,,,
2021,AB de Villiers,Royal Challengers Bangalore,167,73,228.77,13,13,35.62,16,21.92,0.7615060793589644,0.6242754638141772,0.5833008408696376,0.4135894209471476,0.9308970792762924,1.2496540775936007,death,,,,
2022,RR Pant,Delhi Capitals,32,18,177.78,1,3,22.22,5,27.78,0.06432594002058513,0.3858384347032562,0.3267812203985203,0.5208866649927846,0.13405966949053844,0.4528166678078468,death,,,,
2023,B Sai Sudharsan,Gujarat Titans,67,31,216.13,6,4,32.26,5,16.13,0.19838189346830076,0.5094474750248728,0.4818867648326534,0.3568264963725179,0.4152646831878658,0.7340216815051741,death,,,,
2023,SA Yadav,Mumbai Indians,76,30,253.33,8,5,43.33,5,16.67,0.23541226567499102,0.630668106906225,0.6443338823265062,0.3654867710723167,0.5507693222621305,0.8695263205794388,death,SA Yadav,2023.0,2366172.2646,23.27680577201076
2016,CR Brathwaite,Delhi Daredevils,62,27,229.63,6,5,40.74,7,25.93,0.24082614460897603,0.6585397506869278,0.7085858325557786,0.5473336392360998,0.5155730851029384,0.8343300834202467,death,CR Brathwaite,2016.0,68728228.7958,0.7501620427826962
2019,PP Chawla,Kolkata Knight Riders,34,24,141.67,4,1,20.83,9,37.5,0.10218730440246483,0.2712496348219507,0.33326929320330834,0.7255961341910553,0.027116995217517592,0.34587399353482595,death,,,,
2017,Ishan Kishan,Gujarat Lions,43,20,215.0,3,4,35.0,7,35.0,0.13719991918196878,0.5465666852033534,0.5629892294012747,0.6773944885277466,0.28098225135653543,0.5997392496738438,death,,,,
2022,R Powell,Delhi Capitals,113,48,235.42,5,13,37.5,15,31.25,0.3799091110736979,0.596357377141888,0.5821631208459259,0.569642594123305,0.5488978760343581,0.8676548743516665,death,R Powell,2022.0,34825796.6224,1.5761243941834377
2023,KL Rahul,Lucknow Super Giants,26,24,108.33,1,1,8.33,8,33.33,0.029687975637822855,0.1581683320998793,0.13072510976238275,0.6326722831068476,-0.11101683375382632,0.20774016456348204,death,,,,
2019,SV Samson,Rajasthan Royals,63,29,217.24,7,2,31.03,2,6.9,0.18792910179658284,0.5531389727609829,0.5130979882100807,0.18828099661905856,0.5055297656331585,0.824286763950467,death,,,,
2018,N Rana,Kolkata Knight Riders,47,27,174.07,5,2,25.93,6,22.22,0.1097247555724279,0.3625720260199079,0.40357228307156956,0.4962743719379747,0.19162775361417722,0.5103847519314856,death,N Rana,2018.0,50739769.541999996,0.37766776503696337
2019,SN Khan,Kings XI Punjab,35,21,166.67,3,1,19.05,5,23.81,0.10514391810571029,0.3645040141851345,0.30188742289820497,0.48520906774136124,0.16284974135005245,0.4816067396673608,death,SN Khan,2019.0,3610631.3825000003,4.510284326983702
2021,CH Morris,Rajasthan Royals,64,41,156.1,2,5,17.07,13,31.71,0.23487065914227923,0.372581347146546,0.31562728026756065,0.5573247123624716,0.24594550002237592,0.5647024983396842,death,CH Morris,2021.0,215493944.94875,0.11413104905609672
2020,JC Archer,Rajasthan Royals,96,47,204.26,4,9,27.66,15,31.91,0.3056083961195986,0.5163618836983761,0.4563347331715887,0.6113980775635142,0.3950088476709379,0.7137658459882463,death,,,,
2024,RD Gaikwad,Chennai Super Kings,63,33,190.91,4,5,27.27,11,33.33,0.1580714783497898,0.4038241615894003,0.3920142217249225,0.6428570225213499,0.18883072098346876,0.5075877193007772,death,,,,
2025,Tilak Varma,Mumbai Indians,55,30,183.33,4,3,23.33,7,23.33,0.1263318266377915,0.38094789365907783,0.32688194282230887,0.4683964932983318,0.20224539366713204,0.5210023919844404,death,,,,
2021,MP Stoinis,Delhi Capitals,43,21,204.76,7,1,38.1,5,23.81,0.1274983890010133,0.5411163095388252,0.6190868478935271,0.44133811356971775,0.3817476749103942,0.7005046732277025,death,,,,
2022,Rashid Khan,Gujarat Titans,85,35,242.86,3,9,34.29,7,20.0,0.27081863219114044,0.6235305369570063,0.5285128655817786,0.41157221870014793,0.5223451464258899,0.8411021447431983,death,,,,
2014,YK Pathan,Kolkata Knight Riders,49,33,148.48,4,1,15.15,3,9.09,0.12838240715219054,0.3238650992494491,0.2467641206994162,0.2260946827406079,0.24822983846005864,0.5669868367773669,death,YK Pathan,2014.0,62953097.470249996,0.3943091737104209
2016,Shakib Al Hasan,Kolkata Knight Riders,54,33,163.64,2,4,18.18,7,21.21,0.19835487998179888,0.3375467769345004,0.28876484067123936,0.44770329688382865,0.2350054259005296,0.553762424217838,death,,,,
2020,KA Pollard,Mumbai Indians,211,88,239.77,12,19,35.23,16,18.18,0.7461442492013763,0.6594347903200559,0.5997325716983186,0.38598441536241923,0.9521587998856569,1.2709157982029653,death,,,,
2022,R Parag,Rajasthan Royals,120,79,151.9,8,7,18.99,23,29.11,0.4071817307943373,0.2913167443786242,0.2727966956311695,0.539574096042811,0.3374131270970083,0.6561701254143166,death,R Parag,2022.0,47263581.1304,0.7138966600226231
2021,Abdul Samad,Sunrisers Hyderabad,51,31,164.52,2,5,22.58,13,41.94,0.1684021109595908,0.40174419924977234,0.39513570716337965,0.7075200168751133,0.1711264937915274,0.48988349210883575,death,,,,
2024,R Parag,Rajasthan Royals,92,50,184.0,7,6,26.0,15,30.0,0.27343632979576776,0.37775516909516677,0.36984753422860517,0.5898895011173186,0.28262510820585174,0.6013821065231602,death,,,,
2023,Rashid Khan,Gujarat Titans,89,41,217.07,6,9,36.59,15,36.59,0.2889005810846547,0.5125105770132725,0.545427507267015,0.6849546822204473,0.37702213266628565,0.695779130983594,death,,,,
2018,JC Buttler,Rajasthan Royals,83,52,159.62,5,5,19.23,17,32.69,0.2546027934393444,0.3153573766921836,0.30704823153286964,0.6589287907107999,0.18990387627310823,0.5086608745904166,death,JC Buttler,2018.0,65663231.172,0.2892088508036849
2025,MS Dhoni,Chennai Super Kings,150,91,164.84,9,11,21.98,21,23.08,0.5401774656236601,0.31858794100996674,0.3062619417039433,0.4644102642450128,0.49755041981708925,0.8163074181343977,death,,,,
2024,Harpreet Brar,Punjab Kings,53,39,135.9,5,1,15.38,11,28.21,0.11829049509255603,0.19629083639290448,0.1844851553223923,0.5614174700923289,0.023556372830283195,0.3423133711475915,death,,,,
2018,TG Southee,Royal Challengers Bangalore,44,31,141.94,5,1,19.35,13,41.94,0.09765158575018487,0.25758886457355606,0.30877702051565237,0.8026301635521211,-0.02150325837922684,0.2972537399380815,death,TG Southee,2018.0,14923461.629999999,-0.144090284897438
2019,SR Watson,Chennai Super Kings,32,16,200.0,0,4,25.0,4,25.0,0.09627407699597394,0.4888307527521313,0.4067874949854888,0.5061046564247167,0.24102902389860473,0.5597860222159131,death,,,,
2025,AD Russell,Kolkata Knight Riders,69,29,237.93,5,7,41.38,9,31.03,0.18731960501465633,0.5650935623795462,0.6025789948123088,0.5911723481405549,0.37670722438896886,0.6954642227062773,death,,,,
2017,DJ Hooda,Sunrisers Hyderabad,53,33,160.61,3,3,18.18,7,21.21,0.19068558048892117,0.35665412466496627,0.3162337990795488,0.4459146554706331,0.2473798042592315,0.5661368025765399,death,,,,
2023,HC Brook,Sunrisers Hyderabad,29,20,145.0,3,0,15.0,2,10.0,0.04203143304005295,0.2776618958388358,0.22860426727674565,0.2585163409840621,0.13763083814085914,0.4563878364581675,death,HC Brook,2023.0,156758912.52975,0.0877977755266319
2023,DP Conway,Chennai Super Kings,41,27,151.85,6,1,25.93,9,33.33,0.09140526264897329,0.29998343692451485,0.38899694968034193,0.6326722831068476,0.0867461002427996,0.40550309856010797,death,,,,
2014,NV Ojha,Sunrisers Hyderabad,82,41,200.0,5,6,26.83,10,24.39,0.2422836462372835,0.5579118625725698,0.4958060343273716,0.48335133525869584,0.4281841244708448,0.7469411227881532,death,NV Ojha,2014.0,9685091.918499999,4.421064126949049
2023,RV Patel,Delhi Capitals,42,30,140.0,3,1,13.33,4,13.33,0.09551974844971667,0.2613688001558584,0.2040977915572575,0.3119213682994875,0.14356098898508474,0.4623179873023931,death,,,,
2022,TA Boult,Rajasthan Royals,39,26,150.0,2,1,11.54,4,15.38,0.09159855974122451,0.2843773621677741,0.14828130568789916,0.3466579845263714,0.12128872677268784,0.4400457250899962,death,,,,
2025,A Badoni,Lucknow Super Giants,106,56,189.29,11,5,28.57,14,25.0,0.348501590724942,0.4010487761787479,0.4069180953113726,0.4950245033745022,0.4033912879129385,0.7221482862302468,death,,,,
2019,KA Pollard,Mumbai Indians,157,76,206.58,8,15,30.26,27,35.53,0.465850789901655,0.5133753054005212,0.49952268476349093,0.6910042772950803,0.5028233791325998,0.8215803774499082,death,,,,
2024,Sameer Rizvi,Chennai Super Kings,29,14,207.14,3,2,35.71,5,35.71,0.02281613527519497,0.46505422644922806,0.5393266961098977,0.6807136894707776,0.1402925544894283,0.45904955280673665,death,Sameer Rizvi,2024.0,93138927.0,0.15062719639171737
2019,SPD Smith,Rajasthan Royals,59,46,128.26,5,2,15.22,17,36.96,0.17610264698360104,0.22122798573153887,0.2343635109495836,0.7161141023515495,0.03535952279690552,0.3541165211142139,death,,,,
2014,AP Tare,Mumbai Indians,34,21,161.9,4,1,23.81,7,33.33,0.07660911665896647,0.3848299199753087,0.43141334775575985,0.6336699282986766,0.12965828632208481,0.4484152846393932,death,,,,
2016,KV Sharma,Sunrisers Hyderabad,36,29,124.14,3,1,13.79,8,27.59,0.10279453457065038,0.145408233773099,0.2070709508497355,0.5823731240464325,-0.015888219820582528,0.30286877849672583,death,,,,
2023,RK Singh,Kolkata Knight Riders,239,122,195.9,15,20,28.69,38,31.15,0.9060734511961592,0.44352560989154616,0.4294986700311128,0.5977104333928454,0.8363869935548961,1.1551439918722044,death,,,,
2023,HH Pandya,Gujarat Titans,88,45,195.56,3,7,22.22,7,15.56,0.28478609528391136,0.4424176793851036,0.33455441978854483,0.34768509530050823,0.41033000373604106,0.7290870020533494,death,,,,
2024,DA Miller,Gujarat Titans,82,41,200.0,7,5,29.27,12,29.27,0.23365534653853398,0.43811752508760327,0.42692239101046164,0.5782780024311497,0.30274855610530743,0.6215055544226158,death,,,,
2025,Nithish Kumar Reddy,Sunrisers Hyderabad,40,20,200.0,4,2,30.0,5,25.0,0.06098777837686487,0.43716965735083985,0.42876002242193767,0.4950245033745022,0.19799325675369223,0.5167502550710006,death,,,,
2024,SO Hetmyer,Rajasthan Royals,84,42,200.0,7,6,30.95,10,23.81,0.24161154318998074,0.43811752508760327,0.4562452532103145,0.491430354723639,0.35264943116942493,0.6714064294867332,death,,,,
2016,DA Warner,Sunrisers Hyderabad,39,16,243.75,3,3,37.5,3,18.75,0.11872125880584178,0.7272231995334846,0.6482923922319351,0.3957773133697212,0.4947653991331078,0.8135223974504162,death,,,,
2025,SE Rutherford,Gujarat Titans,97,61,159.02,7,6,21.31,19,31.15,0.30929516176838606,0.2989592268716311,0.2960283115192729,0.593085738086148,0.2484899410718471,0.5672469393891555,death,SE Rutherford,2025.0,27287000.000000004,0.9106532087508595
2023,A Nortje,Delhi Capitals,36,28,128.57,6,0,21.43,9,32.14,0.07083283364525647,0.2241227834245719,0.32296153606495465,0.6135876036758097,0.020181077977653644,0.338938076294962,death,,,,
2020,Abhishek Sharma,Sunrisers Hyderabad,27,24,112.5,2,1,12.5,8,33.33,0.041286884270532044,0.146652790158378,0.1691601978921663,0.6347110710322362,-0.09678046654962996,0.2219765317676784,death,,,,
2022,R Dhawan,Punjab Kings,32,19,168.42,4,2,31.58,9,47.37,0.06432594002058513,0.35165284654875245,0.48321934789771637,0.796139878729642,0.05379702816830245,0.3725540264856108,death,R Dhawan,2022.0,6840781.479400001,0.7864164106148432
2013,SV Samson,Rajasthan Royals,49,34,144.12,6,1,20.59,10,29.41,0.13473185893696743,0.30734830378846456,0.34888777028696244,0.5521064815142372,0.14528337752420004,0.46404037584150837,death,,,,
2016,MP Stoinis,Kings XI Punjab,43,23,186.96,5,1,26.09,4,17.39,0.13995689111943033,0.4509814814034596,0.43596271504210393,0.36707026557330413,0.32141696188058355,0.640173960197892,death,MP Stoinis,2016.0,9000125.19945,3.5712498966150545
2015,STR Binny,Rajasthan Royals,44,28,157.14,4,1,17.86,3,10.71,0.12274108472915819,0.3175481061562192,0.2816154890310792,0.25686429061807986,0.23870585132352795,0.5574628496408363,death,,,,
2023,S Dube,Chennai Super Kings,94,50,188.0,2,9,22.0,11,22.0,0.3094730100883716,0.41778251871244176,0.3313260217895703,0.45096688986847816,0.37548071801639804,0.6942377163337063,death,,,,
2014,BJ Hodge,Rajasthan Royals,70,40,175.0,4,5,22.5,14,35.0,0.20086501384270425,0.44434103409667663,0.4034814207991998,0.6617495759918274,0.2392071239655308,0.5579641222828391,death,BJ Hodge,2014.0,46488441.208799995,0.5145518278213429
2013,Azhar Mahmood,Kings XI Punjab,31,26,119.23,4,1,19.23,13,50.0,0.0649129642156711,0.21476409764057067,0.32726342583260476,0.8908690595073,-0.09885617586031636,0.219900822456992,death,,,,
2015,EJG Morgan,Sunrisers Hyderabad,46,23,200.0,3,3,26.09,5,21.74,0.13274455318626627,0.4903956297606719,0.41500470625015645,0.4645726335924193,0.2900658158674282,0.6088228141847365,death,EJG Morgan,2015.0,26183000.5905,1.107840237274688
2021,MK Pandey,Sunrisers Hyderabad,38,26,146.15,3,1,15.38,4,15.38,0.10193356277690235,0.33811930695330356,0.2912408480617649,0.31757013536428563,0.2109507039709889,0.5297077022882972,death,,,,
2013,R Vinay Kumar,Royal Challengers Bangalore,62,39,158.97,5,3,20.51,13,33.33,0.18515661623568144,0.36258636973045827,0.3476157500249414,0.6166013482326833,0.1870626635681834,0.5058196618854918,death,,,,
2021,Lalit Yadav,Delhi Capitals,34,22,154.55,4,0,18.18,3,13.64,0.08148170179761362,0.3672128886239806,0.33164440437905957,0.2920237199339829,0.23147563909020588,0.5502326374075143,death,,,,
2025,R Shepherd,Royal Challengers Bengaluru,70,22,318.18,5,7,54.55,4,18.18,0.19167587489871812,0.8357472238230919,0.8037385612781425,0.38628017479996185,0.6578238102939783,0.9765808086112866,death,R Shepherd,2025.0,15742500.000000002,4.178648945808978
2016,NLTC Perera,Rising Pune Supergiants,93,49,189.8,4,8,24.49,13,26.53,0.4054022950392873,0.4647959994434186,0.40618817661057627,0.5599985132639309,0.45457688343073965,0.773333881748048,death,NLTC Perera,2016.0,16363863.999,2.777931199248044
2015,DJ Bravo,Chennai Super Kings,89,50,178.0,11,3,28.0,13,26.0,0.3478191250140899,0.4016731491424274,0.4459613775610237,0.5447936255299249,0.3949628376388228,0.7137198359561312,death,,,,
2019,DJ Hooda,Sunrisers Hyderabad,27,15,180.0,3,1,26.67,5,33.33,0.0814910084797467,0.4142272492615842,0.4362300362267936,0.6523737772082047,0.1422259313993457,0.46098292971665406,death,,,,
2013,KK Cooper,Rajasthan Royals,35,18,194.44,3,2,27.78,6,33.33,0.08042827415373693,0.4945253730275976,0.4632105913361034,0.6166013482326833,0.20392794394454605,0.5226849422618545,death,,,,
2013,DA Warner,Delhi Daredevils,68,35,194.29,7,4,31.43,10,28.57,0.20842958114278023,0.4939674127655572,0.5212465157908134,0.538286152931713,0.3547868648615616,0.6735438631788699,death,,,,
2023,A Manohar,Gujarat Titans,48,23,208.7,1,5,26.09,5,21.74,0.12020666325417685,0.4852359348399683,0.3913448754977779,0.4467971279759825,0.277467909482266,0.5962249077995744,death,,,,
2024,A Badoni,Lucknow Super Giants,120,72,166.67,13,3,22.22,15,20.83,0.3848230829160223,0.31237519226085886,0.30387109427893616,0.44402999022393536,0.37759539465735403,0.6963523929746624,death,,,,
2017,SA Yadav,Kolkata Knight Riders,39,28,139.29,3,2,17.86,8,28.57,0.1158056546591878,0.28221147361369914,0.31153928435285716,0.5694600921131534,0.09942800899479559,0.41818500731210395,death,SA Yadav,2017.0,1559800.2096000002,6.374406695348067
2025,H Klaasen,Sunrisers Hyderabad,128,53,241.51,13,8,39.62,11,20.75,0.44433952817430106,0.5771675824165292,0.5756966229839209,0.4272586094680804,0.6458609568556495,0.9646179551729579,death,,,,
2020,SM Curran,Chennai Super Kings,67,41,163.41,5,4,21.95,12,29.27,0.19451674621201995,0.35177364839858405,0.3481707096593524,0.5680556108329321,0.20872918973354082,0.5274861880508492,death,SM Curran,2020.0,76415478.9915,0.2731504041959334
2025,V Nigam,Delhi Capitals,57,32,178.13,6,4,31.25,12,37.5,0.13504436640591505,0.36341021092379505,0.447852616050054,0.6943359560404487,0.1463620009854663,0.46511899930277467,death,V Nigam,2025.0,5247500.000000001,2.7891758167787764
2018,R Tewatia,Delhi Daredevils,32,21,152.38,4,1,23.81,5,23.81,0.04935890646121269,0.2917010402816144,0.3730303443757422,0.5209754727831316,0.08885655950924734,0.40761355782655573,death,R Tewatia,2018.0,44770384.88999999,0.19847173466917084
2021,MA Agarwal,Punjab Kings,38,17,223.53,4,2,35.29,2,11.76,0.10193356277690235,0.6061266104862787,0.5785389931608136,0.26442184579089717,0.45240311509654646,0.7711601134138548,death,,,,
2014,RN ten Doeschate,Kolkata Knight Riders,46,24,191.67,2,4,25.0,5,20.83,0.11802774905354572,0.5200700625244021,0.45678662491477245,0.42349292460742827,0.32209604813649806,0.6408530464538065,death,RN ten Doeschate,2014.0,19370183.836999997,1.662844559695121
2017,MC Henriques,Sunrisers Hyderabad,69,34,202.94,8,2,29.41,1,2.94,0.276262638580045,0.5044570054811075,0.4809819252693812,0.13923325228328967,0.5618398902720882,0.8805968885893967,death,,,,
2020,Navdeep Saini,Royal Challengers Bangalore,25,22,113.64,3,0,13.64,8,36.36,0.03362539117345765,0.15124595021325593,0.1907551167720173,0.6844564021661996,-0.11403273778948056,0.2047242605278278,death,,,,
2015,GJ Bailey,Kings XI Punjab,99,53,186.79,6,6,22.64,9,16.98,0.39783646729963024,0.43712181298944414,0.3590882057148203,0.3749360322725775,0.49458212913984134,0.8133391274571498,death,,,,
2022,R Tewatia,Gujarat Titans,158,88,179.55,16,8,27.27,24,27.27,0.555233094992094,0.39230301707862714,0.4111842699573815,0.5137208079736014,0.5582049423307627,0.8769619406480711,death,R Tewatia,2022.0,111940060.572,0.4986641417544388
2023,S Dhawan,Punjab Kings,62,34,182.35,5,5,29.41,12,35.29,0.17780946446458393,0.3993713205906772,0.4400643362095748,0.664105872757969,0.20831018362669063,0.5270671819439989,death,,,,
2017,AJ Tye,Gujarat Lions,35,18,194.44,3,2,27.78,4,22.22,0.09441139013640684,0.47477771214453296,0.4570692408802961,0.46286858087945715,0.2648913080936979,0.5836483064110063,death,,,,
2021,Shivam Mavi,Kolkata Knight Riders,25,20,125.0,2,2,20.0,11,55.0,0.035465014594213924,0.2648658245324917,0.35790671598530105,0.8992649510818683,-0.09152904169554005,0.2272279566217683,death,,,,
2023,SO Hetmyer,Rajasthan Royals,165,85,194.12,9,13,25.88,21,24.71,0.6016015019411504,0.43772526782840615,0.38826322286239323,0.4944286388248754,0.6188513467958912,0.9376083451131996,death,,,,
2015,HH Pandya,Mumbai Indians,85,35,242.86,7,7,40.0,8,22.86,0.3278121880998737,0.6632431533651246,0.6404535533361059,0.4856635986088527,0.591741953719752,0.9104989520370603,death,HH Pandya,2015.0,1745533.3727,33.90035177639959
2019,MS Dhoni,Chennai Super Kings,245,128,191.41,16,16,25.0,32,25.0,0.7260327957872544,0.4567885480029413,0.4067874949854888,0.5061046564247167,0.7288148965570341,1.0475718948743424,death,,,,
2021,KL Rahul,Punjab Kings,82,36,227.78,9,4,36.11,4,11.11,0.3269040335490786,0.6208465774029903,0.5903714632251642,0.2548786446244048,0.6471064966585454,0.9658634949758538,death,,,,
2015,AB de Villiers,Royal Challengers Bangalore,99,38,260.53,11,6,44.74,5,13.16,0.39783646729963024,0.7345034366616872,0.7172779627672633,0.30300077659152785,0.7795039703641156,1.098260968681424,death,,,,
2025,Aniket Verma,Sunrisers Hyderabad,57,32,178.13,4,4,25.0,8,25.0,0.13504436640591505,0.36341021092379505,0.35238964790947236,0.4950245033745022,0.1974476916096704,0.5162046899269788,death,Aniket Verma,2025.0,3148500.0000000005,6.27116695600033
2013,V Kohli,Royal Challengers Bangalore,103,47,219.15,11,6,36.17,13,27.66,0.34418854310085645,0.5864400268610431,0.59661371631556,0.5233141303006451,0.5382293106856166,0.856986309002925,death,,,,
2024,R Shepherd,Mumbai Indians,57,21,271.43,5,5,47.62,4,19.05,0.13420288839544953,0.7075977181213372,0.7472048442052832,0.41571702082478357,0.5190358147086997,0.8377928130260082,death,,,,
2015,RN ten Doeschate,Kolkata Knight Riders,34,18,188.89,3,2,27.78,4,22.22,0.07272374244361783,0.44559077704845834,0.44239568767181386,0.4736116185994622,0.22424844134088268,0.543005439658191,death,,,,
2024,Naman Dhir,Mumbai Indians,49,18,272.22,2,5,38.89,2,11.11,0.10237810178966252,0.7105781094484638,0.5948306852739049,0.2894220899094658,0.49987190577434704,0.8186289040916555,death,Naman Dhir,2024.0,2217593.5,22.54118736253272
2024,T Stubbs,Delhi Capitals,223,74,301.35,16,18,45.95,1,1.35,0.7945672104655302,0.8204753238271935,0.7180565228518582,0.1341779430916446,1.2076372099049206,1.526394208222229,death,T Stubbs,2024.0,5543983.75,21.78284180405328
2016,GJ Maxwell,Kings XI Punjab,48,23,208.7,3,3,26.09,5,21.74,0.16650143151141605,0.5567306441459625,0.43596271504210393,0.4588906022750794,0.3587990408847135,0.6775560392020219,death,,,,
2022,RA Tripathi,Sunrisers Hyderabad,27,8,337.5,3,2,62.5,1,12.5,0.04484549736298557,0.9691848171858771,0.9999999998501891,0.3061919684180432,0.6979920190711666,1.016749017388475,death,RA Tripathi,2022.0,105721168.318,0.6602197366677484
2016,KL Rahul,Royal Challengers Bangalore,32,19,168.42,2,2,21.05,0,0.0,0.0815589022570618,0.36079797279048775,0.342172918982792,0.0,0.3482979838957309,0.6670549822130393,death,,,,
2016,JC Buttler,Mumbai Indians,69,39,176.92,6,4,25.64,12,30.77,0.277988501157756,0.40214424157205514,0.4275886261082368,0.6494969563939372,0.2919407269871284,0.6106977253044368,death,JC Buttler,2016.0,62182683.1962,0.46948879009609706
2019,RR Pant,Delhi Capitals,153,62,246.77,11,13,38.71,14,22.58,0.4540243350886731,0.6632910456647757,0.6484984173916504,0.4636111063291536,0.7039700735891601,1.0227270719064685,death,,,,
2017,STR Binny,Royal Challengers Bangalore,34,19,178.95,2,2,21.05,4,21.05,0.08906282400571158,0.4206915646405871,0.3583377280345639,0.4432288851088392,0.21180580589169629,0.5305628042090047,death,,,,
2013,IK Pathan,Delhi Daredevils,73,52,140.38,6,3,17.31,15,28.85,0.22782371856536254,0.2934364945882587,0.29673493954409974,0.5428929291258877,0.20084053235929422,0.5195975306766025,death,,,,
2022,AK Markram,Sunrisers Hyderabad,90,43,209.3,6,6,27.91,5,11.63,0.29029907484873996,0.5009591332748328,0.4218808940598906,0.29396785938531905,0.4916959509802479,0.8104529492975563,death,AK Markram,2022.0,32338239.7208,1.520478403355976
2014,SK Raina,Chennai Super Kings,48,42,114.29,3,0,7.14,10,23.81,0.12493085445264228,0.16854563422581775,0.07597424671312145,0.47359912228742185,0.01757012577399039,0.3363271240912987,death,,,,
2013,B Kumar,Pune Warriors,50,60,83.33,3,1,6.67,30,50.0,0.13861068642148391,0.08122560825891577,0.12755624469530144,0.8908690595073,-0.16657939712768455,0.1521776011896238,death,,,,
2022,KL Rahul,Lucknow Super Giants,121,61,198.36,12,6,29.51,8,13.11,0.4110778193258572,0.46100290096604324,0.4486224543161635,0.31476289544098773,0.5680452840621613,0.8868022823794697,death,,,,
2023,R Tewatia,Gujarat Titans,69,36,191.67,2,7,25.0,9,25.0,0.20661086506978749,0.42974165094374717,0.3753496308664952,0.49907952708958214,0.2931325959518193,0.6118895942691276,death,,,,
2016,EJG Morgan,Sunrisers Hyderabad,38,25,152.0,1,3,16.0,7,28.0,0.11341235072744464,0.28092671003833053,0.24819703205828303,0.591027454632117,0.06924136336575909,0.38799836168306745,death,,,,
2018,HH Pandya,Mumbai Indians,114,81,140.74,7,7,17.28,26,32.1,0.3793588816025225,0.25366792483699774,0.27895541056265105,0.6497629734160563,0.25410250150288965,0.572859499820198,death,,,,
2015,CH Gayle,Royal Challengers Bangalore,42,18,233.33,3,4,38.89,6,33.33,0.11273761627205012,0.6248101878973124,0.6224630270769108,0.6828264590749755,0.3162035114593793,0.6349605097766877,death,,,,
2016,KH Pandya,Mumbai Indians,50,30,166.67,5,1,20.0,6,20.0,0.17711924766821033,0.35228550568840034,0.32263337813710197,0.42216246759436926,0.2457631773821513,0.5645201756994597,death,KH Pandya,2016.0,32727727.998,0.7509325957401319
2018,S Gopal,Rajasthan Royals,37,33,112.12,4,0,12.12,10,30.3,0.06948085616495109,0.16015351212007928,0.2046174843029956,0.6217994630253126,-0.05167309892722588,0.2670838993900825,death,S Gopal,2018.0,2984692.326,-1.7312705392477323
2017,TM Head,Royal Challengers Bangalore,53,24,220.83,3,4,29.17,4,16.67,0.19068558048892117,0.5669231887506746,0.47746103922436256,0.3697059214547306,0.43136600195189073,0.7501230002691991,death,,,,
2017,KD Karthik,Gujarat Lions,109,64,170.31,12,4,25.0,16,25.0,0.4902052838078547,0.3905234358843513,0.416285644192163,0.5095338409156266,0.5084981018798577,0.827255100197166,death,,,,
2018,MK Pandey,Sunrisers Hyderabad,91,69,131.88,6,3,13.04,18,26.09,0.28679791296532586,0.22471831978207465,0.21787153317099614,0.5563959192780735,0.18460058250336744,0.5033575808206758,death,,,,
2022,DA Miller,Gujarat Titans,174,99,175.76,15,8,23.23,22,22.22,0.6175705114964125,0.37846077572119446,0.34366183031029257,0.4427647727836509,0.6092794370373547,0.9280364353546631,death,DA Miller,2022.0,37313353.524000004,1.632872362023063
2020,EJG Morgan,Kolkata Knight Riders,170,77,220.78,11,13,31.17,13,16.88,0.5890836407113512,0.5829224136164316,0.522824351827972,0.3646415340178144,0.7737188113185627,1.092475809635871,death,EJG Morgan,2020.0,72942048.12825,1.0607308557584993
2022,KA Pollard,Mumbai Indians,90,60,150.0,4,7,18.33,23,38.33,0.29029907484873996,0.2843773621677741,0.26176580202545696,0.6691215503896117,0.18530906141467135,0.5040660597319797,death,,,,
2015,A Ashish Reddy,Sunrisers Hyderabad,56,31,180.65,3,4,22.58,6,19.35,0.18276189547180663,0.4123601752168978,0.3581157448359449,0.4195660207448517,0.29199791913873696,0.6107549174560454,death,,,,
2013,M Morkel,Delhi Daredevils,55,25,220.0,6,3,36.0,5,20.0,0.15800482384406622,0.5896018016792717,0.5939106732587653,0.3972858958457224,0.4404636035542294,0.7592206018715377,death,,,,
2017,MM Sharma,Kings XI Punjab,30,29,103.45,3,0,10.34,11,37.93,0.06766855948293063,0.1570696061804247,0.20121818827560514,0.7265776582780978,-0.09759595615200076,0.2211610421653076,death,,,,
2022,HH Pandya,Gujarat Titans,90,58,155.17,10,2,20.69,9,15.52,0.29029907484873996,0.3032597863941398,0.3012096034034594,0.3486250825316374,0.3347820010844447,0.6535389994017531,death,,,,
2021,AT Rayudu,Chennai Super Kings,94,48,195.83,7,7,29.17,15,31.25,0.3882596164869448,0.5101870614055937,0.4902283629244411,0.5505710623061846,0.4925413078472112,0.8112983061645196,death,,,,
2019,Rashid Khan,Sunrisers Hyderabad,33,21,157.14,2,2,19.05,7,33.33,0.09923069069921939,0.3289554447718888,0.30188742289820497,0.6523737772082047,0.07347899093149951,0.39223598924880787,death,,,,
2017,AR Patel,Kings XI Punjab,112,67,167.16,6,5,16.42,12,17.91,0.5062509821999405,0.3795246389419737,0.2904139680827451,0.39052064175863344,0.5256790389523094,0.8444360372696178,death,,,,
2019,Shubman Gill,Kolkata Knight Riders,38,31,122.58,1,2,9.68,9,29.03,0.11401375921544664,0.2000405907402235,0.13669184719100336,0.5768687088565843,0.0014913733571363663,0.32024837167444475,death,,,,
2023,A Badoni,Lucknow Super Giants,128,72,177.78,6,8,19.44,15,20.83,0.44936552731364593,0.3844794311364359,0.2937592087105945,0.4322029613522476,0.466978715491414,0.7857357138087224,death,,,,
2022,RA Jadeja,Chennai Super Kings,89,52,171.15,6,5,21.15,11,21.15,0.28640298631722005,0.3616236430938161,0.3088978019771379,0.4277305237434039,0.3315113416964639,0.6502683400137723,death,,,,
2020,SS Iyer,Delhi Capitals,72,37,194.59,6,4,27.03,8,21.62,0.2136704789547059,0.4774006049872626,0.4444006990537762,0.4424609629204503,0.3659725102053487,0.684729508522657,death,,,,
2018,Shubman Gill,Kolkata Knight Riders,60,38,157.89,8,1,23.68,8,21.05,0.16204182480214774,0.30970468857197847,0.37115748964439427,0.47809809018399146,0.20459381494742906,0.5233508132647374,death,Shubman Gill,2018.0,26862230.933999997,0.7616411885152513
2019,DA Miller,Kings XI Punjab,55,41,134.15,7,1,19.51,14,34.15,0.16427619217061923,0.24319871750950506,0.30999734443772603,0.6667724181496765,0.07931054856269515,0.3980675468800035,death,,,,
2016,AR Patel,Kings XI Punjab,70,36,194.44,2,6,22.22,8,22.22,0.28329740923615315,0.48736619793123886,0.3639455502108465,0.4690225014973442,0.3918956908188582,0.7106526891361666,death,,,,
2023,AK Markram,Sunrisers Hyderabad,35,18,194.44,5,1,33.33,4,22.22,0.06671834784451311,0.43876802595211667,0.4975885187367566,0.4544951499313591,0.24023718690015214,0.5589941852174605,death,,,,
2023,N Rana,Kolkata Knight Riders,31,17,182.35,3,2,29.41,6,35.29,0.05026040464153968,0.3993713205906772,0.4400643362095748,0.664105872757969,0.10627093576825525,0.4250279340855636,death,,,,
2023,Aman Hakim Khan,Delhi Capitals,35,26,134.62,2,2,15.38,10,38.46,0.06671834784451311,0.24383742920097465,0.23418059109315617,0.7149448927549356,-0.04043038689792955,0.2783266114193788,death,,,,
2014,Shakib Al Hasan,Kolkata Knight Riders,105,60,175.0,13,2,25.0,9,15.0,0.32166935832689375,0.44434103409667663,0.45678662491477245,0.32546637008583,0.48635544314995305,0.8051124414672615,death,Shakib Al Hasan,2014.0,54236514.743599996,0.8967306351618839
2014,JP Duminy,Delhi Daredevils,190,84,226.19,16,13,34.52,12,14.29,0.6150513377884967,0.6768886624839154,0.6597728421868732,0.3135283162761672,0.9030059276183504,1.2217629259356588,death,JP Duminy,2014.0,42614404.4414,2.1190157165286534
2013,SK Raina,Chennai Super Kings,154,69,223.19,16,6,31.88,5,7.25,0.5420087448111961,0.6014677565853296,0.5284016297646817,0.18751305128955179,0.8178561425552056,1.136613140872514,death,,,,
2013,A Mishra,Sunrisers Hyderabad,34,25,136.0,4,0,16.0,6,24.0,0.07654944666922048,0.27714405493668076,0.27590560775350526,0.4630969843339327,0.09734447339619523,0.4161014717135036,death,,,,
2020,MS Dhoni,Chennai Super Kings,97,60,161.67,9,5,23.33,18,30.0,0.3094391426681358,0.344763035683244,0.37431192725075096,0.5800404595879795,0.3002102263161642,0.6189672246334725,death,,,,
2023,R Ashwin,Rajasthan Royals,35,19,184.21,4,1,26.32,2,10.53,0.06671834784451311,0.4054323521847449,0.3947200188603422,0.26701624022645715,0.2677003639355027,0.5864573622528111,death,,,,
2025,M Jansen,Punjab Kings,55,46,119.57,2,3,10.87,12,26.09,0.1263318266377915,0.16590892227414974,0.1365669695372453,0.5124044620469728,0.020028228489692546,0.3387852268070009,death,M Jansen,2025.0,73465000.0,0.02726227249668896
2023,MP Stoinis,Lucknow Super Giants,75,35,214.29,6,6,34.29,10,28.57,0.23129777987424763,0.5034516158135371,0.5116760736413726,0.556333565382696,0.3677334277455001,0.6864904260628084,death,,,,
2018,F du Plessis,Chennai Super Kings,28,9,311.11,3,2,55.56,0,0.0,0.03326134669822194,0.8103433439348801,0.8304390960703276,0.1510803714477956,0.6204803295679976,0.9392373278853059,death,F du Plessis,2018.0,23877538.608,2.5985941840760343
2019,MP Stoinis,Royal Challengers Bangalore,132,76,173.68,13,5,23.68,20,26.32,0.3919354473205187,0.3906525421585713,0.3835155462199065,0.5292829564768421,0.4122161102109358,0.7309731085282442,death,,,,
2025,RR Pant,Lucknow Super Giants,70,37,189.19,3,7,27.03,14,37.84,0.19167587489871812,0.40071151304922326,0.3833960199615332,0.6997572275529625,0.18881237141086105,0.5075693697281694,death,RR Pant,2025.0,283365000.0,0.06663221336822157
2022,R Ashwin,Rajasthan Royals,73,40,182.5,6,3,22.5,5,12.5,0.22406556981290146,0.4030773210375786,0.3314609934433681,0.3061919684180432,0.35775262703490357,0.6765096253522119,death,R Ashwin,2022.0,62188922.54,0.5752674470357588
2014,GJ Bailey,Kings XI Punjab,188,98,191.84,15,10,25.51,17,17.35,0.6081482323894003,0.5208423441580383,0.4676608865543493,0.3649796467797848,0.7412461652449304,1.0600031635622387,death,GJ Bailey,2014.0,62953097.470249996,1.177457813883144
2017,DA Warner,Sunrisers Hyderabad,35,19,184.21,5,1,31.58,4,21.05,0.09441139013640684,0.4390578096935733,0.5128166032597585,0.4432288851088392,0.271611443890304,0.5903684422076123,death,,,,
2018,V Shankar,Delhi Daredevils,109,59,184.75,4,8,20.34,9,15.25,0.3592369318987841,0.3974683896752779,0.32303952962360954,0.38799344559159543,0.427838221007111,0.7465952193244194,death,V Shankar,2018.0,47755077.216,0.8959010139842615
2019,KS Williamson,Sunrisers Hyderabad,48,21,228.57,4,3,33.33,2,9.52,0.1435798962479011,0.5954018574883777,0.5536475959076861,0.23428641035888306,0.4849445603712624,0.8037015586885707,death,,,,
2024,VR Iyer,Kolkata Knight Riders,56,34,164.71,4,4,23.53,14,41.18,0.13022479006972615,0.30498080365178554,0.32673594516096427,0.7677203988041262,0.04760285790831248,0.36635985622562084,death,,,,
2022,RD Chahar,Punjab Kings,71,55,129.09,7,4,20.0,27,49.09,0.21627339274986168,0.20800763478415524,0.2896773055429418,0.8203070827943382,0.03580289013711424,0.3545598884544226,death,RD Chahar,2022.0,65298368.667,0.05482968543930567
2014,S Rana,Royal Challengers Bangalore,46,32,143.75,5,0,15.63,7,21.88,0.11802774905354572,0.3023774985018102,0.25699871988960615,0.4411477929174931,0.14625144729362632,0.4650084456109347,death,S Rana,2014.0,3874036.7674,3.775169314972215
2025,JC Archer,Rajasthan Royals,29,20,145.0,1,2,15.0,7,35.0,0.013068809652185327,0.2516749361122727,0.19964889888454165,0.6544736655072594,-0.06560228075965666,0.25315471755765173,death,,,,
2016,RG Sharma,Mumbai Indians,69,33,209.09,10,2,36.36,5,15.15,0.277988501157756,0.5586277082429992,0.6270780335994717,0.3197880692027348,0.5619128374464519,0.8806698357637603,death,,,,
2020,RA Tripathi,Kolkata Knight Riders,45,22,204.55,5,3,36.36,9,40.91,0.1102403221442016,0.5175303191509328,0.6211380614651886,0.7591564868723162,0.2296362409814578,0.5483932392987662,death,RA Tripathi,2020.0,8336234.0718,2.7546760204140193
2022,K Rabada,Punjab Kings,42,25,168.0,5,2,28.0,9,36.0,0.10328682533578423,0.35011887784951196,0.42338510682430597,0.6363834193019713,0.1301510635198866,0.44890806183719495,death,K Rabada,2022.0,115049506.699,0.1131261378289924
2015,R Ashwin,Chennai Super Kings,50,30,166.67,6,1,23.33,7,23.33,0.15275149010048245,0.3559810716240315,0.3702715058218875,0.49451427142824883,0.2134674710676684,0.5322244693849767,death,,,,
2022,A Manohar,Gujarat Titans,37,23,160.87,5,1,26.09,7,30.43,0.0838063826781847,0.3240779330266903,0.3914623692683803,0.5581210200924616,0.12327437539942238,0.44203137371673074,death,A Manohar,2022.0,32338239.7208,0.38120310958092174
2018,Rashid Khan,Sunrisers Hyderabad,53,22,240.91,3,6,40.91,8,36.36,0.13387109521691398,0.5809683693462122,0.6193827744222747,0.715943281340816,0.2970185806369933,0.6157755789543017,death,Rashid Khan,2018.0,134311154.67,0.22114215410236213
2016,S Dhawan,Sunrisers Hyderabad,55,30,183.33,7,2,30.0,7,23.33,0.20366378806019603,0.43332419250027265,0.5087242433341495,0.49245251844883176,0.3352293923190053,0.6539863906363137,death,,,,
2024,KH Pandya,Lucknow Super Giants,70,47,148.94,6,2,17.02,10,21.28,0.18591816662985344,0.24548615652674025,0.21310985413653438,0.4511877633866423,0.15493546245355622,0.4736924607708646,death,,,,
2022,S Dube,Chennai Super Kings,69,33,209.09,3,6,27.27,7,21.21,0.20848121568682185,0.5001921489252125,0.4111842699573815,0.4285735657456608,0.36880690170101393,0.6875639000183222,death,,,,
2017,AB de Villiers,Royal Challengers Bangalore,51,17,300.0,1,7,47.06,5,29.41,0.1799884482275307,0.8433596185690991,0.7399137531634635,0.5835603865125715,0.5542205392105846,0.872977537527893,death,,,,
2024,RK Singh,Kolkata Knight Riders,76,39,194.87,6,5,28.21,11,28.21,0.2097867565841937,0.4187638446975284,0.4084210612891259,0.5614174700923289,0.27517065796592544,0.5939276562832339,death,RK Singh,2024.0,2217593.5,12.408525636728527
2025,KH Pandya,Royal Challengers Bengaluru,31,24,129.17,5,0,20.83,9,37.5,0.021781349420308908,0.19828618270851783,0.2886967555660762,0.6943359560404487,-0.07455718485585058,0.24419981346145778,death,KH Pandya,2025.0,60346250.00000001,-0.12354899410626272
2025,T Stubbs,Delhi Capitals,137,68,201.47,16,5,30.88,8,11.76,0.4835459571308571,0.44212742535485244,0.4422012083361315,0.2839138127107317,0.6269953157986587,0.9457523141159672,death,,,,
2024,B Sai Sudharsan,Gujarat Titans,33,15,220.0,3,2,33.33,3,20.0,0.038728528578088464,0.513570470078149,0.4977859746601061,0.43082787527938704,0.2647727001878223,0.5835296985051306,death,,,,
2013,JP Faulkner,Rajasthan Royals,40,31,129.03,3,2,16.13,12,38.71,0.09982241157631927,0.2512175014272063,0.2779726406792894,0.7051172622493262,0.006811567278714903,0.32556856559602326,death,JP Faulkner,2013.0,49252953.84752,0.013829763997104675
2019,AT Rayudu,Chennai Super Kings,61,54,112.96,5,1,11.11,13,24.07,0.18201587439009195,0.16415630556127037,0.16190312502038418,0.48977449047890115,0.08035199360726353,0.3991089919245719,death,,,,
2020,F du Plessis,Chennai Super Kings,79,30,263.33,6,6,40.0,4,13.33,0.2404857047944663,0.7543600981208662,0.6900902585903269,0.3063590503460091,0.6540520703347006,0.972809068652009,death,,,,
2015,MC Henriques,Sunrisers Hyderabad,54,32,168.75,2,3,15.63,8,25.0,0.1727584270146986,0.3643693788824837,0.24547235969954312,0.5259624067652522,0.18364817625676275,0.5024051745740711,death,,,,
2017,SS Iyer,Delhi Daredevils,41,24,170.83,4,2,25.0,3,12.5,0.1265027869205783,0.39233911030023594,0.416285644192163,0.29970803140047647,0.30237426538403894,0.6211312637013473,death,,,,
2019,MM Ali,Royal Challengers Bangalore,48,30,160.0,7,1,26.67,7,23.33,0.1435798962479011,0.3396237457710371,0.4362300362267936,0.4767805949951338,0.22483256275382402,0.5435895610711323,death,,,,
2013,Gurkeerat Singh,Kings XI Punjab,29,19,152.63,2,2,21.05,4,21.05,0.05715530924663817,0.3390032493215532,0.3562018867935834,0.4145613065738776,0.1562619154666111,0.47501891378391947,death,,,,
2022,MR Marsh,Delhi Capitals,27,16,168.75,4,1,31.25,5,31.25,0.04484549736298557,0.35285810766958436,0.47770390109486016,0.569642594123305,0.1277595844043167,0.4465165827216251,death,MR Marsh,2022.0,80845599.302,0.15802911414765913
2015,DA Miller,Kings XI Punjab,104,46,226.09,3,11,30.43,10,21.74,0.4228451384424004,0.5956124260938537,0.4853460431554778,0.4645726335924193,0.5958570833105228,0.9146140816278312,death,,,,
2023,Harpreet Brar,Punjab Kings,40,27,148.15,4,2,22.22,9,33.33,0.08729077684822993,0.28792654611911156,0.33455441978854483,0.6326722831068476,0.061093307231964156,0.3798503055492725,death,,,,
2024,AR Patel,Delhi Capitals,77,56,137.5,4,4,14.29,11,19.64,0.2137648549099171,0.20232707199214814,0.16546020306177342,0.42510165674922146,0.15177281814285115,0.4705298164601595,death,,,,
2016,DJ Hooda,Sunrisers Hyderabad,38,23,165.22,2,2,17.39,5,21.74,0.11341235072744464,0.34523231866095655,0.27406366232067264,0.4588906022750794,0.16200889769860405,0.4807658960159124,death,,,,
2017,KS Williamson,Sunrisers Hyderabad,61,29,210.34,7,1,27.59,4,13.79,0.2334741095344831,0.5302954490917725,0.45428187276132287,0.3213620549424399,0.45966675202489365,0.778423750342202,death,,,,
2016,JP Duminy,Delhi Daredevils,52,33,157.58,5,1,18.18,6,18.18,0.1877370638250046,0.30806931942670074,0.28876484067123936,0.38374568304328166,0.23735548975741322,0.5561124880747216,death,,,,
2018,RR Pant,Delhi Daredevils,112,46,243.48,12,9,45.65,17,36.96,0.3713101017210272,0.5893657152820081,0.6876699392421908,0.7252644514710639,0.5079261402020574,0.8266831385193658,death,,,,
2019,SA Yadav,Mumbai Indians,27,17,158.82,2,2,23.53,7,41.18,0.0814910084797467,0.3352221390650948,0.380871006587454,0.7902144252454653,0.03097940819439482,0.3497364065117032,death,,,,
2023,Kuldeep Yadav,Delhi Capitals,30,46,65.22,2,0,4.35,24,52.17,0.04614591884079631,0.017689261121247805,0.07232045505366233,0.9348196448553807,-0.3064703557927927,0.012286642524515667,death,,,,
2020,MA Agarwal,Kings XI Punjab,55,23,239.13,6,3,39.13,5,21.74,0.14854778762957355,0.6568561741488964,0.6736099257609669,0.44443107504456764,0.4715768648885701,0.7903338632058785,death,,,,
2014,MK Tiwary,Delhi Daredevils,71,43,165.12,8,2,23.26,10,23.26,0.2043165665422525,0.3994578426830037,0.4196862028503339,0.46435133412500695,0.30334750178040126,0.6221045000977097,death,MK Tiwary,2014.0,54236514.743599996,0.5593049317686786
2023,DA Miller,Gujarat Titans,111,76,146.05,9,5,18.42,18,23.68,0.3794192687010087,0.2810834459322611,0.27879118162444005,0.47790996671229635,0.3365505057293511,0.6553075040466594,death,,,,
2016,AJ Finch,Gujarat Lions,53,37,143.24,4,1,13.51,9,24.32,0.19304597190340175,0.23831573185873878,0.2018604066242182,0.513349560594753,0.1288129412014551,0.44756993951876345,death,AJ Finch,2016.0,16363863.999,0.787179245741268
2016,WP Saha,Kings XI Punjab,40,32,125.0,3,0,9.38,8,25.0,0.12403016688423893,0.14959150332041052,0.12500487929783763,0.5277030844929617,0.00044011515976302706,0.31919711347707136,death,,,,
2017,MK Tiwary,Rising Pune Supergiant,169,103,164.08,18,7,24.27,26,25.24,0.8111192516495692,0.36877025970942673,0.40557628247189786,0.5135624964583174,0.7495284173326111,1.0682854156499195,death,MK Tiwary,2017.0,7799001.048,9.610569516782183
2017,C de Grandhomme,Kolkata Knight Riders,29,26,111.54,2,1,11.54,9,34.62,0.06231999335223539,0.18531731007370572,0.21882261850069856,0.671015783918486,-0.06024487829854369,0.25851212001876467,death,,,,
2020,PK Garg,Sunrisers Hyderabad,55,30,183.33,6,2,26.67,8,26.67,0.14854778762957355,0.43203307672592456,0.43758125098645495,0.5253698481437226,0.2559812045050685,0.5747382028223769,death,PK Garg,2020.0,26398074.5607,0.9696964978126066
2023,PWH de Silva,Royal Challengers Bangalore,28,25,112.0,3,0,12.0,8,32.0,0.037916947239309585,0.17012746433118472,0.1845806581998208,0.6113423472721582,-0.07376545149187702,0.24499154682543134,death,,,,
2022,HV Patel,Royal Challengers Bangalore,34,28,121.43,3,2,17.86,13,46.43,0.07211811708362495,0.18003096755514902,0.2539104687001768,0.7829322206942849,-0.08928977022318649,0.22946722809412187,death,HV Patel,2022.0,133706183.46100001,-0.06678058404773098
2022,Mohammed Siraj,Royal Challengers Bangalore,28,28,100.0,5,0,17.86,16,57.14,0.04874158589450549,0.10176204082961329,0.2539104687001768,0.9334152180971305,-0.20731865749838815,0.1114383408189202,death,,,,
2013,DJ Bravo,Chennai Super Kings,71,42,169.05,6,2,19.05,8,19.05,0.2200660635963296,0.40008129933956926,0.3244013802430574,0.3816557623297724,0.3207516096878566,0.639508608005165,death,,,,
2013,R Rampaul,Royal Challengers Bangalore,29,28,103.57,2,1,10.71,13,46.43,0.05715530924663817,0.15651304628355905,0.19179326792736398,0.8321326630315723,-0.15133431429532967,0.16742268402197868,death,,,,
2013,UT Yadav,Delhi Daredevils,38,38,100.0,3,1,10.53,16,42.11,0.09206475660728634,0.14323359204699895,0.18893122233781662,0.7610566874643051,-0.10247470697504851,0.21628229134225985,death,,,,
2018,DJ Bravo,Chennai Super Kings,94,48,195.83,6,7,27.08,11,22.92,0.2988710827875689,0.4336717332428341,0.42013984415657024,0.507149070423264,0.3791150579291377,0.697872056246446,death,,,,
2025,D Brevis,Chennai Super Kings,42,16,262.5,3,4,43.75,3,18.75,0.06970031814498841,0.647959113303757,0.6387785523312173,0.39536877704152895,0.41322586605062284,0.7319828643679311,death,,,,
2023,N Pooran,Lucknow Super Giants,130,70,185.71,11,7,25.71,15,21.43,0.4575944989151326,0.41032028088963807,0.3857685516813675,0.4418254887964684,0.5102361095627479,0.8289931078800563,death,N Pooran,2023.0,189293781.16799998,0.26954721196567394
2014,V Kohli,Royal Challengers Bangalore,38,19,200.0,2,3,26.32,3,15.79,0.09041532745715955,0.5579118625725698,0.4849317726877948,0.338749556719117,0.36126790237070416,0.6800249006880126,death,,,,
2017,V Shankar,Sunrisers Hyderabad,31,24,129.17,4,0,16.67,7,29.17,0.07301712561362586,0.24687565613533033,0.2940815577129729,0.5795317309698806,0.03826330348450546,0.3570203018018138,death,,,,
2017,KM Jadhav,Royal Challengers Bangalore,69,41,168.29,7,3,24.39,11,26.83,0.276262638580045,0.3834702391149536,0.4073367254944072,0.5402523394286445,0.3188453122983771,0.6376023106156854,death,,,,
2024,Dhruv Jurel,Rajasthan Royals,86,61,140.98,8,3,18.03,20,32.79,0.2495677398414275,0.21545588442050304,0.23073847962573166,0.6342676947261016,0.12289660008067244,0.4416535983979808,death,,,,
2013,BJ Hodge,Rajasthan Royals,147,97,151.55,11,6,17.53,22,22.68,0.5148569524195808,0.3349859354348628,0.3002329952646577,0.4413793251328233,0.4928966981793641,0.8116536964966725,death,,,,
2013,LJ Wright,Pune Warriors,72,30,240.0,12,2,46.67,7,23.33,0.2239448910808461,0.6639965032846504,0.7635663757058218,0.4520736270121574,0.5593946264138856,0.878151624731194,death,,,,
2024,MK Lomror,Royal Challengers Bengaluru,52,31,167.74,5,3,25.81,9,29.03,0.11431239676683265,0.3164119248178532,0.3665312581464789,0.5744605234110394,0.12983104790192065,0.448588046219229,death,,,,
2024,Nithish Kumar Reddy,Sunrisers Hyderabad,37,21,176.19,2,3,23.81,7,33.33,0.05464092188098198,0.3482907940763587,0.3316230888609397,0.6428570225213499,0.06020225219270686,0.3789592505100152,death,,,,
2015,AD Mathews,Delhi Daredevils,104,58,179.31,9,5,24.14,12,20.69,0.4228451384424004,0.4069561695792411,0.3833997276867056,0.44479985388951304,0.47885417229374727,0.7976111706110556,death,AD Mathews,2015.0,130915002.9525,0.3657748626927735
2013,MG Johnson,Mumbai Indians,27,27,100.0,0,2,7.41,12,44.44,0.04939765427760525,0.14323359204699895,0.13932243211899603,0.7993916465086875,-0.16682500952219254,0.15193198879511582,death,,,,
2023,V Kohli,Royal Challengers Bangalore,54,25,216.0,4,4,32.0,5,20.0,0.144893578058637,0.5090238545371154,0.47807138537932,0.41889179838774215,0.3462914859741665,0.6650484842914748,death,,,,
2013,AT Rayudu,Mumbai Indians,102,65,156.92,8,3,16.92,12,18.46,0.34030971561634,0.3549609128159069,0.2905338407667472,0.37194862677776136,0.3881089304199451,0.7068659287372534,death,,,,
2025,C Bosch,Mumbai Indians,43,23,186.96,3,3,26.09,6,26.09,0.0740565880290502,0.3931905452608232,0.36903838955318974,0.5124044620469728,0.16159027510081958,0.48034727341812794,death,,,,
2022,LS Livingstone,Punjab Kings,66,31,212.9,5,5,32.26,7,22.58,0.1967929500922621,0.5141074364111804,0.49458451100663237,0.4478230247971919,0.38373422166251286,0.7024912199798212,death,LS Livingstone,2022.0,143034521.842,0.2682808434780497
2015,AD Russell,Kolkata Knight Riders,73,41,178.05,8,4,29.27,12,29.27,0.2677913773572253,0.40187479114383257,0.46654513283055327,0.6063717108904045,0.31258535295070067,0.631342351268009,death,,,,
2022,OF Smith,Punjab Kings,46,32,143.75,1,5,18.75,16,50.0,0.11887117946186389,0.26155044700050395,0.26878546159272865,0.8330932198285668,-0.026729482383865022,0.29202751593344334,death,OF Smith,2022.0,74626707.04800001,-0.035817582526685224
2023,Sikandar Raza,Punjab Kings,34,27,125.93,2,1,11.11,10,37.04,0.06260386204376976,0.21552002890395988,0.17152032084033306,0.6921715778036129,-0.0675694307823495,0.25118756753495886,death,Sikandar Raza,2023.0,5915430.661499999,-1.142257168562866
2015,KM Jadhav,Delhi Daredevils,57,46,123.91,5,2,15.22,13,28.26,0.18776362970036067,0.18353683202238905,0.23882721036056115,0.5873521799380852,0.07868661090441734,0.3974436092217257,death,,,,
2022,KH Pandya,Lucknow Super Giants,56,37,151.35,4,1,13.51,7,18.92,0.157832064777063,0.2893079758439044,0.18120685175343507,0.3963974626595248,0.16672271020582313,0.4854797085231315,death,KH Pandya,2022.0,102611722.191,0.1624792047593625
2016,CH Morris,Delhi Daredevils,125,66,189.39,10,7,25.76,17,25.76,0.5752873535479959,0.46280165000807233,0.42982171649060136,0.5437452582615477,0.6030791194849943,0.9218361178023027,death,CH Morris,2016.0,114547047.99299999,0.5264903199616707
2016,KD Karthik,Gujarat Lions,54,28,192.86,8,1,32.14,7,25.0,0.19835487998179888,0.47968065620478284,0.5485476884863176,0.5277030844929617,0.3520073048365411,0.6707643031538495,death,KD Karthik,2016.0,37636887.1977,0.9352720988521397
2013,JH Kallis,Kolkata Knight Riders,35,19,184.21,7,0,36.84,6,31.58,0.08042827415373693,0.4564724831564464,0.6072668860099862,0.5878089970190913,0.23963532789657208,0.5583923262138805,death,,,,
2025,Ashutosh Sharma,Delhi Capitals,115,61,188.52,9,8,27.87,16,26.23,0.387708019681498,0.39845185008140804,0.39622624287962743,0.5146367503168313,0.4224055135230581,0.7411625118403664,death,,,,
2017,JP Faulkner,Gujarat Lions,42,29,144.83,4,0,13.79,8,27.59,0.13185135305127355,0.3015553895060078,0.2518309251727487,0.5530097486471657,0.11060415528698106,0.4293611536042894,death,,,,
2019,S Gopal,Rajasthan Royals,33,19,173.68,4,1,26.32,5,26.32,0.09923069069921939,0.3906525421585713,0.4300594437510711,0.5292829564768421,0.19201547417324566,0.510772472490554,death,,,,
2024,Rashid Khan,Gujarat Titans,67,39,171.79,9,2,28.21,13,33.33,0.1739838716526833,0.33169114617843865,0.4084210612891259,0.6428570225213499,0.17041617978956375,0.4891731781068721,death,,,,
2023,H Klaasen,Sunrisers Hyderabad,109,61,178.69,8,6,22.95,11,18.03,0.371190297099522,0.3874447745507377,0.34526683133059655,0.3872978332792172,0.4393355410424786,0.7580925393597869,death,H Klaasen,2023.0,62112021.94575,0.7073277077120496
2021,RR Pant,Delhi Capitals,104,66,157.58,12,2,21.21,18,27.27,0.4393892689351667,0.37770735915518916,0.37536682425098916,0.4921373074713542,0.456120219012483,0.7748772173297913,death,,,,
2025,Harshit Rana,Kolkata Knight Riders,28,30,93.33,4,1,16.67,17,56.67,0.008712539768123579,0.07741107708687706,0.2251566039717051,0.9999999998489444,-0.28677744839012886,0.031979549927179496,death,,,,
2018,GJ Maxwell,Delhi Daredevils,35,21,166.67,2,2,19.05,7,33.33,0.06143207628345572,0.33839289764446423,0.30445504805869567,0.6688713721830644,0.042130075393379596,0.36088707371068796,death,,,,
2013,KM Jadhav,Delhi Daredevils,81,47,172.34,3,5,17.02,10,21.28,0.25885433844149425,0.41231922775365404,0.2921238660942735,0.41834544416194963,0.3335420667935246,0.6522990651108329,death,,,,
2014,DS Kulkarni,Rajasthan Royals,32,19,168.42,1,2,15.79,3,15.79,0.06970601125986992,0.4144491920418215,0.26041025295300274,0.338749556719117,0.20561265822706074,0.5243696565443691,death,DS Kulkarni,2014.0,21307202.2207,0.9649913493912754
2021,KA Pollard,Mumbai Indians,131,77,170.13,9,9,23.38,24,31.17,0.5774393305453658,0.4211745555798316,0.40667958039689245,0.5493965144703087,0.5747840105571528,0.8935410088744611,death,,,,
2022,S Dhawan,Punjab Kings,34,17,200.0,2,2,23.53,2,11.76,0.07211811708362495,0.46699268350593487,0.3486758728583437,0.29579445039020885,0.277475817121287,0.5962328154385954,death,,,,
2018,MS Dhoni,Chennai Super Kings,252,117,215.38,14,21,29.91,22,18.8,0.9347246934257025,0.4975503764509317,0.4609104510005287,0.443143702195562,0.9575705973879618,1.2763275957052702,death,,,,
2024,V Kohli,Royal Challengers Bengaluru,54,31,174.19,4,3,22.58,7,22.58,0.12226859341827938,0.3407454995773041,0.3101545647503332,0.4718657747455734,0.17248768405014614,0.4912446823674545,death,,,,
2017,BCJ Cutting,Sunrisers Hyderabad,39,17,229.41,3,3,35.29,3,17.65,0.1158056546591878,0.5968818166127697,0.567243633372339,0.38615626492071825,0.4067960160771495,0.7255530143944579,death,,,,
2025,TH David,Royal Challengers Bengaluru,126,61,206.56,9,11,32.79,21,34.43,0.4356269884061775,0.459294118647658,0.4713746913998933,0.6453850632656923,0.46140703216246204,0.7801640304797703,death,TH David,2025.0,31485000.000000004,1.4654820776956075
2020,LH Ferguson,Kolkata Knight Riders,42,26,161.54,4,1,19.23,4,15.38,0.09874808249858999,0.34423925427347724,0.2966459909284798,0.3400151324663474,0.2041058374276156,0.522862835744924,death,,,,
2018,SN Khan,Royal Challengers Bangalore,37,23,160.87,5,1,26.09,6,26.09,0.06948085616495109,0.31944168891776525,0.4058773350486132,0.5563959192780735,0.11451036219419805,0.4332673605115064,death,,,,
2014,AB de Villiers,Royal Challengers Bangalore,123,62,198.39,11,9,32.26,16,25.81,0.38379730691876257,0.5505979012187222,0.6115849376663954,0.5072274428780216,0.5629213002930812,0.8816782986103895,death,,,,
2019,KD Karthik,Kolkata Knight Riders,106,45,235.56,7,9,35.56,8,17.78,0.31506349103613707,0.621475781958324,0.5929630851101472,0.3793263788668796,0.588947057794364,0.9077040561116723,death,,,,
2020,AT Rayudu,Chennai Super Kings,38,23,165.22,2,2,17.39,3,13.04,0.08342509630444121,0.3590662972576446,0.2617910341399483,0.30159794604605883,0.20417135749593623,0.5229283558132446,death,,,,
2018,KK Nair,Kings XI Punjab,58,27,214.81,5,4,33.33,7,25.93,0.15399304492065238,0.49568793007606643,0.5101809370098351,0.5539102739100074,0.3025285725135026,0.6212855708308109,death,KK Nair,2018.0,83571385.12799999,0.3620001894789017
2024,Ramandeep Singh,Kolkata Knight Riders,60,25,240.0,3,6,36.0,6,24.0,0.14613718337261966,0.5890234150686946,0.5443883806563009,0.4944525256145597,0.37695695818350944,0.6957139565008178,death,,,,
2024,V Shankar,Gujarat Titans,32,26,123.08,4,0,15.38,8,30.77,0.034750430252365065,0.1479254986539647,0.1844851553223923,0.6021372463068394,-0.0837462583971437,0.23501073992016466,death,,,,
2020,CH Gayle,Kings XI Punjab,57,35,162.86,2,6,22.86,11,31.43,0.15620928072664794,0.34955765012649387,0.36540875894063696,0.6035176290670446,0.16796182569993856,0.4867188240172469,death,,,,
2020,Rashid Khan,Sunrisers Hyderabad,35,29,120.69,3,2,17.24,14,48.28,0.07193285665882962,0.17965101897368516,0.25894959744523105,0.880154206495191,-0.12700500855060087,0.1917519897667075,death,,,,
2016,SN Khan,Royal Challengers Bangalore,57,23,247.83,6,4,43.48,5,21.74,0.2142816042169903,0.747069408548637,0.7595747296197694,0.4588906022750794,0.5892761656238098,0.9080331639411181,death,,,,
2018,V Kohli,Royal Challengers Bangalore,67,33,203.03,1,6,21.21,6,18.18,0.19021255438738152,0.4571973716621846,0.33557324974878394,0.4335118263943058,0.3080359737079104,0.6267929720252188,death,,,,
2015,SA Yadav,Kolkata Knight Riders,48,24,200.0,4,3,29.17,6,25.0,0.14274802164337436,0.4903956297606719,0.46492436469909426,0.5259624067652522,0.28848857889866286,0.6072455772159713,death,,,,
2021,JC Buttler,Rajasthan Royals,33,10,330.0,3,3,60.0,2,20.0,0.07636873655279144,0.9748877581621104,0.9351003776609388,0.3854002728861239,0.6749088724671204,0.9936658707844288,death,,,,
2023,MM Ali,Chennai Super Kings,34,18,188.89,1,3,22.22,4,22.22,0.06260386204376976,0.4206826897440117,0.33455441978854483,0.4544951499313591,0.17899270047104152,0.49774969878834985,death,,,,
2021,KS Bharat,Royal Challengers Bangalore,26,13,200.0,0,2,15.38,2,15.38,0.04057797983903614,0.5246299465921083,0.2912408480617649,0.31757013536428563,0.25512155744009823,0.5738785557574066,death,KS Bharat,2021.0,2652233.1686,9.619122498749459
2018,KD Karthik,Kolkata Knight Riders,185,99,186.87,20,9,29.29,25,25.25,0.6650905673956079,0.40439538320986446,0.4519783745894847,0.5433462810957265,0.6525251454599735,0.9712821437772818,death,KD Karthik,2018.0,110433616.06199999,0.5908754677503549
2015,JP Faulkner,Rajasthan Royals,77,51,150.98,6,3,17.65,11,21.57,0.2877983142714414,0.2927058115831107,0.27821187595501523,0.461371326402425,0.2755065894342431,0.5942635877515514,death,,,,
2016,TM Head,Royal Challengers Bangalore,41,24,170.83,3,1,16.67,5,20.83,0.12933907496263608,0.37252085605679114,0.26066512002648523,0.43968220999953556,0.19205834000663577,0.5108153383239441,death,TM Head,2016.0,8181931.9995,2.347347057129936
2014,CM Gautam,Mumbai Indians,32,26,123.08,6,0,23.08,10,38.46,0.06970601125986992,0.20847713751794175,0.4158482281540126,0.7199265706135649,-0.0032127820323554213,0.31554421628495294,death,CM Gautam,2014.0,3874036.7674,-0.08293111875940275
2013,RN ten Doeschate,Kolkata Knight Riders,34,18,188.89,5,1,33.33,5,27.78,0.07654944666922048,0.47388084333210495,0.5514569970138131,0.5252884629552915,0.25350169292345615,0.5722586912407646,death,,,,
2018,Washington Sundar,Royal Challengers Bangalore,52,22,236.36,4,4,36.36,5,22.73,0.1298467052761663,0.5661014728450948,0.5538328588250979,0.5041973665486854,0.35139901167153564,0.670156009988844,death,Washington Sundar,2018.0,47755077.216,0.7358359197748338
2013,MS Bisla,Kolkata Knight Riders,33,16,206.25,5,1,37.5,4,25.0,0.07267061918470402,0.5384554443255738,0.6177610531716599,0.4795497564559853,0.3208726308796539,0.6396296291969623,death,,,,
2017,MK Pandey,Kolkata Knight Riders,92,51,180.39,5,6,21.57,13,25.49,0.3992796595860356,0.4257195860999597,0.36596631446543765,0.5177590126486205,0.43496980999899143,0.7537268083162998,death,,,,
2015,J Suchith,Mumbai Indians,32,19,168.42,2,1,15.79,2,10.53,0.06272027398650976,0.36303854167321,0.24806558870987752,0.25347467124043876,0.20472529814260051,0.5234822964599088,death,J Suchith,2015.0,1745533.3727,11.728523862361358
2015,PP Chawla,Kolkata Knight Riders,32,28,114.29,4,1,17.86,11,39.29,0.06272027398650976,0.14474091095204764,0.2816154890310792,0.7950605229124247,-0.1109928877904145,0.20776411052689386,death,,,,
2019,AB de Villiers,Royal Challengers Bangalore,110,43,255.81,4,12,37.21,6,13.95,0.3268899458491189,0.6970118292425029,0.622053021067125,0.31207419007927345,0.6718041015889747,0.990561099906283,death,,,,
2024,Anuj Rawat,Royal Challengers Bengaluru,51,26,196.15,6,3,34.62,9,34.62,0.11033429844110927,0.42359283317692326,0.5203017438492789,0.6633759722544431,0.19080398959435546,0.5095609879116638,death,,,,
2023,N Wadhera,Mumbai Indians,56,31,180.65,7,3,32.26,12,38.71,0.15312254966012373,0.3938316680584649,0.4818867648326534,0.7189542791900275,0.1763981915311164,0.49515518984842477,death,,,,
2013,MK Pandey,Pune Warriors,42,25,168.0,7,0,28.0,6,24.0,0.1075800665453522,0.3961755775052868,0.4667086470566613,0.4630969843339327,0.23892564237235048,0.5576826406896589,death,,,,
2022,MP Stoinis,Lucknow Super Giants,111,62,179.03,6,10,25.81,21,33.87,0.37211693401065804,0.39040381773671023,0.3867825962235325,0.6064554282218535,0.3663480636551999,0.6851050619725083,death,,,,
2023,GJ Maxwell,Royal Challengers Bangalore,54,24,225.0,4,5,37.5,8,33.33,0.144893578058637,0.5383514267664748,0.5587813353536821,0.6326722831068476,0.29965606319351257,0.618413061510821,death,,,,
2015,NV Ojha,Sunrisers Hyderabad,27,18,150.0,2,2,22.22,7,38.89,0.037711602843739554,0.28875362835557083,0.3522809795626924,0.7875280354065556,-0.03478082384103742,0.28397617447627094,death,,,,
2022,TH David,Mumbai Indians,114,46,247.83,4,13,36.96,11,23.91,0.3838051996052178,0.6416824998980195,0.5731378442594338,0.4665104558472185,0.6132225805721268,0.9319795788894352,death,TH David,2022.0,102611722.191,0.5976145487848677
2013,RA Jadeja,Chennai Super Kings,86,48,179.17,9,4,27.08,13,27.08,0.2782484758640766,0.4377250183518908,0.45208041404341925,0.5137715224698546,0.3715768050922905,0.6903338034095989,death,,,,
2018,Shakib Al Hasan,Sunrisers Hyderabad,52,32,162.5,6,2,25.0,12,37.5,0.1298467052761663,0.32476763205992376,0.3901741684550038,0.733653504588287,0.08985202895208122,0.4086090272693896,death,Shakib Al Hasan,2018.0,29846923.259999998,0.30104285178532414
2018,Shakib Al Hasan,Sunrisers Hyderabad,52,32,162.5,6,2,25.0,12,37.5,0.1298467052761663,0.32476763205992376,0.3901741684550038,0.733653504588287,0.08985202895208122,0.4086090272693896,death,Shakib Al Hasan,2018.0,2984692.326,3.010428517853241
2019,AD Russell,Kolkata Knight Riders,305,115,265.22,17,34,44.35,34,29.57,0.9034296179819813,0.7321127776348054,0.7479331075718656,0.5863507406960901,1.0786397191961115,1.3973967175134199,death,,,,
2018,CR Brathwaite,Sunrisers Hyderabad,69,35,197.14,1,8,25.71,11,31.43,0.19826133426887688,0.43795209245524364,0.4004028366031347,0.6393543334372794,0.24196423124875188,0.5607212295660602,death,CR Brathwaite,2018.0,29846923.259999998,0.8106839996235911
2017,AT Rayudu,Mumbai Indians,27,10,270.0,3,2,50.0,2,20.0,0.0516228610908449,0.738609171498836,0.7830446072149423,0.4256035171095665,0.47527484994274993,0.7940318482600583,death,,,,
2024,JC Buttler,Rajasthan Royals,56,29,193.1,2,5,24.14,9,31.03,0.13022479006972615,0.41208625906586505,0.33738293679305376,0.6062728485786256,0.16892870319517928,0.48768570151248763,death,,,,
2022,SN Thakur,Delhi Capitals,69,46,150.0,3,5,17.39,15,32.61,0.20848121568682185,0.2843773621677741,0.2460551353748967,0.5887515461744599,0.14728957577602952,0.4660465740933379,death,SN Thakur,2022.0,133706183.46100001,0.11015913547408343
2021,HH Pandya,Mumbai Indians,70,42,166.67,7,4,26.19,18,42.86,0.26554845061121235,0.40919077074881455,0.44722743512960605,0.7210273169876873,0.2627914496071841,0.5815484479244925,death,,,,
2025,VR Iyer,Kolkata Knight Riders,42,15,280.0,6,2,53.33,1,6.67,0.06970031814498841,0.7069801609705738,0.7851041898971008,0.2027541891851582,0.5636799162963446,0.882436914613653,death,VR Iyer,2025.0,249256250.00000003,0.22614474714128313
2024,LS Livingstone,Punjab Kings,58,29,200.0,5,4,31.03,5,17.24,0.1381809867211729,0.43811752508760327,0.4576415799817361,0.3869268665481179,0.31212527929601364,0.630882277613322,death,,,,
2021,SO Hetmyer,Delhi Capitals,133,65,204.62,9,9,27.69,13,20.0,0.58766526103501,0.5406314165109807,0.46887219744244246,0.3854002728861239,0.7269494671617815,1.04570646547909,death,,,,
2013,GH Vihari,Sunrisers Hyderabad,36,34,105.88,3,0,8.82,11,32.35,0.08430710163825342,0.1651056343189803,0.16174178923711688,0.6004776315530719,-0.04167001738000081,0.27708698093730755,death,,,,
2022,F du Plessis,Royal Challengers Bangalore,48,29,165.52,6,0,20.69,5,17.24,0.1266633565249037,0.3410611579111392,0.3012096034034594,0.37279228659633334,0.2131072305579971,0.5318642288753055,death,F du Plessis,2022.0,87064491.55600001,0.24476939651215468
2022,DA Warner,Delhi Capitals,27,16,168.75,5,0,31.25,6,37.5,0.04484549736298557,0.35285810766958436,0.47770390109486016,0.6574594693583923,0.0926328343102818,0.41138983262759016,death,DA Warner,2022.0,77736153.175,0.11916313134475065
2023,Abdul Samad,Sunrisers Hyderabad,113,65,173.85,7,9,24.62,22,33.85,0.38764824030249545,0.3716730579296156,0.36977330705008477,0.641011806891839,0.35048239056509406,0.6692393888824024,death,,,,
2021,SV Samson,Rajasthan Royals,83,52,159.62,6,4,19.23,12,23.08,0.3320169987939008,0.3847729432752107,0.3467957379980451,0.43062036456734937,0.3897906462451998,0.7085476445625082,death,,,,
2014,RA Jadeja,Chennai Super Kings,77,56,137.5,3,3,10.71,10,17.86,0.22502588273954213,0.27398479138283693,0.1520940781901592,0.37355486853038766,0.2132193779279449,0.5319763762452533,death,,,,
