season,player,team,runs,balls,strike_rate,fours,sixes,boundary_pct,dot_balls,dot_pct,runs_z,strike_rate_z,boundary_pct_z,dot_pct_z,impact_score,impact_score_pos,phase,name,year,adj_price,ROI
2018,DA Miller,Kings XI Punjab,46,42,109.52,1,1,4.76,10,23.81,0.09115215377136762,0.1534209094089598,0.08633122415766552,0.33589006058222887,0.06903622855486935,0.1487614916568626,middle,DA Miller,2018.0,44770384.88999999,0.15420065903942995
2021,S Dube,Rajasthan Royals,170,130,130.77,16,7,17.69,44,33.85,0.3918005052297829,0.28994034131023444,0.35701645531863035,0.5129273068860014,0.36924033626342245,0.4489655993654157,middle,,,,
2024,A Raghuvanshi,Kolkata Knight Riders,74,46,160.87,6,4,21.74,10,21.74,0.14743477606185595,0.3303267556770256,0.35246303039002536,0.31544933868448366,0.22444858589370076,0.304173848995694,middle,A Raghuvanshi,2024.0,2217593.5,10.121268207798263
2013,MK Tiwary,Kolkata Knight Riders,95,98,96.94,8,1,9.18,38,38.78,0.1966036458998003,0.16298149350273067,0.21116002709025525,0.5897331917249938,0.13046273184371174,0.210187994945705,middle,,,,
2018,CH Gayle,Kings XI Punjab,104,72,144.44,2,10,16.67,25,34.72,0.19800660226067693,0.3157718217891782,0.30514503249265557,0.5603068268306579,0.2021044694776945,0.28182973257968774,middle,CH Gayle,2018.0,29846923.259999998,0.6771366941816385
2023,Vivrant Sharma,Sunrisers Hyderabad,40,21,190.48,4,2,28.57,4,19.05,0.07626047134869608,0.519808608930253,0.5266992558941739,0.23383999845347386,0.2755228112461728,0.355248074348166,middle,Vivrant Sharma,2023.0,30760239.439799998,0.8957108795768342
2014,V Sehwag,Kings XI Punjab,134,86,155.81,12,6,20.93,22,25.58,0.2447755893214441,0.415073141024798,0.42923589893591346,0.3333924442530975,0.3395111047011579,0.41923636780315116,middle,V Sehwag,2014.0,61984588.2784,0.5477347097576328
2017,S Dhawan,Sunrisers Hyderabad,155,130,119.23,13,1,10.77,28,21.54,0.3304707278675999,0.2321139570286466,0.21596738023281695,0.3071324011985588,0.31577776520952555,0.3955030283115188,middle,,,,
2022,Lalit Yadav,Delhi Capitals,113,93,121.51,7,5,12.9,33,35.48,0.22206961233276967,0.2353079806599283,0.24121491361804426,0.5383038654407852,0.18883029369964607,0.26855555680163934,middle,Lalit Yadav,2022.0,8084559.9302,2.3356904436352504
2019,CH Gayle,Kings XI Punjab,156,101,154.46,10,11,20.79,29,28.71,0.3019511772917499,0.39195782687272146,0.405640692369419,0.43553540765869225,0.35316934683736173,0.43289460993935497,middle,,,,
2023,DA Warner,Delhi Capitals,172,142,121.13,15,3,12.68,39,27.46,0.33214028716689914,0.18622323250981412,0.205669291331135,0.42297426414111683,0.2781182049244672,0.35784346802646044,middle,,,,
2017,AJ Finch,Gujarat Lions,155,95,163.16,11,10,22.11,25,26.32,0.3304707278675999,0.43034887582356135,0.4394542086637974,0.3982291704621665,0.40172625268147455,0.4814515157834678,middle,,,,
2019,KM Jadhav,Chennai Super Kings,96,92,104.35,11,1,13.04,37,40.22,0.13573952006693343,0.13870669186509194,0.24646640508366785,0.6625294890425426,0.06699100682129938,0.14671626992329262,middle,,,,
2021,RG Sharma,Mumbai Indians,94,69,136.23,6,4,14.49,18,26.09,0.2067474831969793,0.31374342605563743,0.29649578884854844,0.34628652772409846,0.24956286659916466,0.3292881297011579,middle,,,,
2021,PK Garg,Sunrisers Hyderabad,69,65,106.15,2,3,7.69,20,30.77,0.14587477858092548,0.18260848298938753,0.16788937259962428,0.4467863790743183,0.11570296646661785,0.1954282295686111,middle,,,,
2021,DA Miller,Rajasthan Royals,74,63,117.46,7,2,14.29,21,33.33,0.15804931950413625,0.23191487281915102,0.29271324719416825,0.5017606567359769,0.15420443554069257,0.2339296986426858,middle,,,,
2023,AR Patel,Delhi Capitals,147,119,123.53,13,6,15.97,43,36.13,0.283678200837694,0.19776764351787549,0.2721380505137907,0.6179557247251674,0.21710931888324253,0.29683458198523577,middle,,,,
2023,SV Samson,Rajasthan Royals,238,153,155.56,10,19,18.95,46,30.07,0.4600801950760007,0.3518374287629607,0.33234379591327806,0.48167110521659223,0.4437499228290259,0.5234751859310192,middle,,,,
2022,SS Prabhudessai,Royal Challengers Bangalore,46,34,135.29,6,1,20.59,13,38.24,0.08038867261863908,0.280839916989988,0.3538390655849525,0.5906731071413298,0.10119610488063219,0.18092136798262543,middle,SS Prabhudessai,2022.0,3731335.3524,2.712061375441441
2020,KD Karthik,Kolkata Knight Riders,59,56,105.36,5,1,10.71,22,39.29,0.10726161336787815,0.17619901686803688,0.22862229238321982,0.616142182759337,0.06116501767949016,0.1408902807814834,middle,,,,
2013,DR Smith,Mumbai Indians,180,116,155.17,15,10,21.55,37,31.9,0.38103394291794906,0.48955020224453877,0.49896639538675813,0.44396534476585536,0.46269242513190145,0.5424176882338947,middle,,,,
2020,N Pooran,Kings XI Punjab,237,139,170.5,17,16,23.74,42,30.22,0.5139253007547778,0.4952091564047787,0.5072682042776963,0.4478649729077106,0.5715836337992529,0.6513088969012462,middle,,,,
2019,HH Pandya,Mumbai Indians,137,92,148.91,9,8,18.48,29,31.52,0.24931748583722468,0.3639086590560712,0.3581964854494081,0.49095272900435855,0.282075337675611,0.36180060077760423,middle,,,,
2014,AJ Finch,Sunrisers Hyderabad,98,78,125.64,7,3,12.82,23,29.49,0.1698705123862521,0.26510480082600396,0.2607130937089147,0.42665281587276543,0.18223990572403273,0.261965168826026,middle,AJ Finch,2014.0,77480735.34799999,0.23520673223545613
2016,Yuvraj Singh,Sunrisers Hyderabad,182,143,127.27,16,10,18.18,64,44.76,0.3856502370927004,0.2608438603743457,0.3490980156000192,0.7557268259859112,0.30544758570928565,0.3851728488112789,middle,Yuvraj Singh,2016.0,114547047.99299999,0.2666568812213752
2013,G Gambhir,Kolkata Knight Riders,110,108,101.85,7,2,8.33,36,33.33,0.22915016890300305,0.19051802724688793,0.19138351835524903,0.4742630222588158,0.18389964251575544,0.2636249056177487,middle,,,,
2013,BJ Rohrer,Delhi Daredevils,119,109,109.17,15,0,13.76,44,40.37,0.24867808270492467,0.231570456372597,0.31772050945064195,0.6234208191472365,0.2072735411363999,0.28699880423839313,middle,,,,
2023,KD Karthik,Royal Challengers Bangalore,58,53,109.43,5,1,11.32,17,32.08,0.11115317350572376,0.12994422884551518,0.17819284376626826,0.5268744196080501,0.058169492289877195,0.13789475539187046,middle,,,,
2023,MK Lomror,Royal Challengers Bangalore,100,57,175.44,4,8,21.05,13,22.81,0.19256947853878836,0.4474636332797354,0.3747706634766753,0.31839943233998247,0.29956891904228994,0.3792941821442832,middle,,,,
2025,S Dube,Chennai Super Kings,258,198,130.3,13,16,14.65,67,33.84,0.4862589350957458,0.18974203645678164,0.20825809398887551,0.5873907134431422,0.3701032351227778,0.44982849822477106,middle,,,,
2019,JC Buttler,Rajasthan Royals,134,73,183.56,13,8,28.77,21,28.77,0.24100690297598387,0.5390264365059686,0.569538861729457,0.43671869565895555,0.38107748654667795,0.4608027496486712,middle,,,,
2021,N Pooran,Punjab Kings,58,53,109.43,1,4,9.43,21,39.62,0.11909078854986183,0.196907771993952,0.20079748499273134,0.6368341748968493,0.06713762445725144,0.1468628875592447,middle,,,,
2013,V Sehwag,Delhi Daredevils,79,53,149.06,11,2,24.53,16,30.19,0.16188735469638407,0.455283762086331,0.5683005083636037,0.4077352548966509,0.2982080630763971,0.3779333261783903,middle,,,,
2020,DA Warner,Sunrisers Hyderabad,209,150,139.33,12,7,12.67,33,22.0,0.4499557319523442,0.34256030701331047,0.27053679639804507,0.29535795361549805,0.4577684462223779,0.5374937093243711,middle,,,,
2017,HH Pandya,Mumbai Indians,90,69,130.43,3,7,14.49,28,40.58,0.17704579092262926,0.2826541594075004,0.28928051971811214,0.6699948461314229,0.1502900152776914,0.23001527837968466,middle,,,,
2013,DB Das,Kolkata Knight Riders,60,58,103.45,3,5,13.79,31,53.45,0.1206617588923273,0.19949123579895553,0.3184185038765833,0.9005492258660638,0.03995063345565242,0.11967589655764567,middle,,,,
2023,JM Sharma,Punjab Kings,204,132,154.55,15,13,21.21,46,34.85,0.39417175766828166,0.3469791557970683,0.3780031867196008,0.5891695344659303,0.3771978833244799,0.45692314642647314,middle,,,,
2018,SW Billings,Chennai Super Kings,41,36,113.89,2,2,11.11,14,38.89,0.08194056338435819,0.17373801957796195,0.20299517738412953,0.6460829877157128,0.02905629451455849,0.10878155761655174,middle,SW Billings,2018.0,14923461.629999999,0.19470210890044345
2017,M Vohra,Kings XI Punjab,69,42,164.29,5,4,21.43,14,33.33,0.12747773437117718,0.4354480212421421,0.4260528820912166,0.5318250601144447,0.21146215826493875,0.291187421366932,middle,,,,
2025,M Shahrukh Khan,Gujarat Titans,113,60,188.33,9,8,28.33,15,25.0,0.2143886636130349,0.4338282784338828,0.443968910123124,0.4132873200359164,0.30779573243803426,0.3875209955400275,middle,M Shahrukh Khan,2025.0,3148500.0000000005,9.775948306750331
2019,AM Rahane,Rajasthan Royals,129,83,155.42,10,4,16.87,17,20.48,0.22715593154058247,0.3968095748193852,0.3251293109294004,0.2732277369559043,0.3111479324729807,0.39087319557497396,middle,,,,
2023,Lalit Yadav,Delhi Capitals,40,29,137.93,5,0,17.24,7,24.14,0.07626047134869608,0.2670341095662435,0.2977962037545118,0.3483100831562209,0.13101583406848807,0.21074109717048134,middle,,,,
2013,S Badrinath,Chennai Super Kings,100,91,109.89,8,0,8.79,25,27.47,0.20745248690086787,0.2356084002210274,0.2020860995530171,0.35010610609885195,0.20704050827783554,0.2867657713798288,middle,,,,
2018,CA Lynn,Kolkata Knight Riders,175,135,129.63,14,6,14.81,43,31.85,0.3288111857562108,0.24691680998072932,0.2709725989491558,0.5012714355260758,0.29106422428380346,0.3707894873857967,middle,CA Lynn,2018.0,143265231.648,0.20316459264795161
2023,TH David,Mumbai Indians,65,61,106.56,2,2,6.56,17,27.87,0.12472255767790119,0.11613903734837515,0.08202527728923456,0.4321948407085287,0.06458584466297466,0.14431110776496792,middle,,,,
2015,KL Rahul,Sunrisers Hyderabad,96,83,115.66,5,3,9.64,26,31.33,0.18005932894152654,0.19661741850654954,0.172797591834331,0.4651465789469065,0.14456289128267102,0.22428815438466426,middle,,,,
2025,Dhruv Jurel,Rajasthan Royals,168,127,132.28,9,11,15.75,45,35.43,0.31751187003751147,0.1980703280148491,0.22721144908738963,0.6187056903116364,0.23513174618961458,0.3148570092916078,middle,,,,
2017,KA Pollard,Mumbai Indians,262,185,141.62,18,15,17.84,53,28.65,0.5830317779154747,0.3331492366056587,0.35530176092126775,0.44263408100279533,0.5489037292977719,0.6286289923997651,middle,,,,
2016,AM Rahane,Rising Pune Supergiants,219,153,143.14,19,4,15.03,29,18.95,0.46467088629424563,0.3257022180422049,0.2935764362108498,0.25747886123527913,0.47666688944317215,0.5563921525451654,middle,,,,
2017,YK Pathan,Kolkata Knight Riders,83,76,109.21,3,4,9.21,30,39.47,0.16052310540547854,0.1868985259718506,0.18522316044866094,0.6488405754446857,0.09176455911673306,0.17148982221872633,middle,,,,
2025,LS Livingstone,Royal Challengers Bengaluru,71,61,116.39,2,4,9.84,20,32.79,0.13564003325252558,0.1312336851574282,0.12538024123991823,0.5667110117375327,0.05961597804972606,0.1393412411517193,middle,LS Livingstone,2025.0,91831250.00000001,0.06491905320871277
2017,JC Buttler,Mumbai Indians,48,34,141.18,1,4,14.71,8,23.53,0.07790967781972512,0.3311637286550609,0.2936162430210059,0.34505762522252936,0.1513885844119937,0.23111384751398695,middle,,,,
2019,BA Stokes,Rajasthan Royals,59,55,107.27,3,1,7.27,19,34.55,0.03324233144496331,0.15346409186952775,0.12795858087221182,0.5507087730176571,-0.011916945712260096,0.06780831738973316,middle,,,,
2022,VR Iyer,Kolkata Knight Riders,49,39,125.64,4,1,12.82,10,25.64,0.08673259529240612,0.24895434474143388,0.24004327094478645,0.35159613416058366,0.1217618070131956,0.20148707011518885,middle,,,,
2017,K Rabada,Delhi Daredevils,48,52,92.31,5,1,11.54,25,48.08,0.07790967781972512,0.11063697059661595,0.23114241179294528,0.8129291075282971,-0.020838505712305472,0.05888675738968778,middle,K Rabada,2017.0,77990010.48,-0.02671945494564251
2020,Ishan Kishan,Mumbai Indians,298,190,156.84,15,18,17.37,41,21.58,0.653287575645794,0.4283120347272857,0.371046066229514,0.2875656241626112,0.6678197593482015,0.7475450224501947,middle,,,,
2025,Shashank Singh,Punjab Kings,146,125,116.8,6,7,10.4,35,28.0,0.2762625874677208,0.13295823037904822,0.13502922201734363,0.47237218205194326,0.1934289470809712,0.27315421018296443,middle,,,,
2020,MP Stoinis,Delhi Capitals,178,124,143.55,12,9,16.94,33,26.61,0.3791322807782212,0.3632269141494027,0.361850537287486,0.3808880459436124,0.4084663971361725,0.48819166023816574,middle,MP Stoinis,2020.0,66689872.5744,0.6124863961622998
2025,R Parag,Rajasthan Royals,245,152,161.18,17,15,21.05,44,28.95,0.46188435903177855,0.3196297350997746,0.3185321600165941,0.4910823883570184,0.43088636208727044,0.5106116251892637,middle,,,,
2014,KK Nair,Rajasthan Royals,147,99,148.48,16,4,20.2,28,28.28,0.27182464488137453,0.37863734607427885,0.4140667685024105,0.3977921893613081,0.3343058355556037,0.41403109865759696,middle,KK Nair,2014.0,14527637.87775,2.3011713147642148
2023,YBK Jaiswal,Rajasthan Royals,184,131,140.46,18,7,19.08,35,26.72,0.3554020886049176,0.2792038428372415,0.33497022104815505,0.4063322478974954,0.3538104183652385,0.43353568146723176,middle,,,,
2023,WP Saha,Gujarat Titans,75,58,129.31,8,0,13.79,12,20.69,0.14410739220958327,0.22557043336228985,0.22809492132893064,0.27072230472312125,0.17443156709751548,0.25415683019950874,middle,,,,
2025,MK Pandey,Kolkata Knight Riders,74,53,139.62,4,4,15.09,15,28.3,0.1412649354211334,0.22894389368970564,0.21583943602828115,0.4782806682535459,0.12920686999876546,0.2089321331007587,middle,,,,
2017,RV Uthappa,Kolkata Knight Riders,247,130,190.0,19,17,27.69,26,20.0,0.5476260232358661,0.5514648608100287,0.5494239178917403,0.2777832328584006,0.6578684138383695,0.7375936769403627,middle,,,,
2022,Q de Kock,Lucknow Super Giants,177,120,147.5,16,6,18.33,30,25.0,0.3574066293731333,0.32118425244644877,0.32074016006541894,0.3394525418821965,0.3785381028690858,0.45826336597107903,middle,Q de Kock,2022.0,83955045.429,0.45088189868137457
2020,D Padikkal,Royal Challengers Bangalore,181,140,129.29,13,5,12.86,36,25.71,0.38598616314991047,0.29339141231037996,0.2745999370933598,0.3641901971159979,0.3788883022085147,0.45861356531050795,middle,,,,
2017,DA Miller,Kings XI Punjab,48,52,92.31,2,2,7.69,21,40.38,0.07790967781972512,0.11063697059661595,0.15526725399230376,0.6661832658275064,-0.006664368932275649,0.0730608941697176,middle,,,,
2015,PA Patel,Mumbai Indians,93,59,157.63,10,3,22.03,15,25.42,0.17244362903959715,0.403918700755191,0.42678955421502546,0.3391027329324078,0.27666787771475854,0.3563931408167518,middle,,,,
2016,BB McCullum,Gujarat Lions,81,66,122.73,8,2,15.15,18,27.27,0.16994522170469856,0.2422895475947565,0.29569154399710385,0.4180919207751962,0.1841629662865673,0.26388822938856055,middle,,,,
2013,KV Sharma,Sunrisers Hyderabad,44,45,97.78,4,1,11.11,21,46.67,0.08594546768891105,0.16769242799256617,0.25606433515915183,0.7569000976127267,0.018896950058183704,0.09862221316017696,middle,,,,
2015,SR Watson,Rajasthan Royals,129,75,172.0,9,8,22.67,17,22.67,0.26383202786275023,0.47489605186105177,0.4399093973081364,0.2804528891862366,0.3854257394728957,0.46515100257488895,middle,,,,
2020,DJ Hooda,Kings XI Punjab,42,35,120.0,1,2,8.57,11,31.43,0.068422946594972,0.2478954928093617,0.18285849718335948,0.4703143029981702,0.07161584395582399,0.15134110705781723,middle,,,,
2025,Sameer Rizvi,Delhi Capitals,75,50,150.0,6,4,20.0,13,26.0,0.14313990281066932,0.27260433125169614,0.30044032105892154,0.43298227404125866,0.16978483102757685,0.2495100941295701,middle,Sameer Rizvi,2025.0,9970250.000000002,1.702914480856316
2020,GJ Maxwell,Kings XI Punjab,62,69,89.86,3,0,4.35,23,33.33,0.11411549573956747,0.1002908626951861,0.0926140038453172,0.5055653171898008,0.03878939273131307,0.11851465583330632,middle,,,,
2016,KA Pollard,Mumbai Indians,105,73,143.84,7,7,19.18,29,39.73,0.2212018590246198,0.32856301516681125,0.36672391381880315,0.6586254209996392,0.21715009033357197,0.2968753534355652,middle,,,,
2020,S Dhawan,Delhi Capitals,255,173,147.4,23,4,15.61,27,15.61,0.5550485949849137,0.382081520185885,0.33340855242028306,0.17680322693943498,0.5899843971398661,0.6697096602418593,middle,,,,
2016,DR Smith,Gujarat Lions,113,72,156.94,10,7,23.61,24,33.33,0.23828740479792687,0.3821007899272999,0.44480664292801597,0.5350769136612414,0.2872061066698864,0.3669313697718796,middle,DR Smith,2016.0,37636887.1977,0.7630973974049522
2025,MP Stoinis,Punjab Kings,45,32,140.63,2,4,18.75,13,40.63,0.0868908811245912,0.23319216362589157,0.27890241753788275,0.7211194511394162,0.05102694726713375,0.130752210369127,middle,MP Stoinis,2025.0,115445000.00000001,0.044200222848225335
2023,LS Livingstone,Punjab Kings,168,105,160.0,12,10,20.95,26,24.76,0.32438635335422633,0.3731945891278742,0.37275033644984684,0.3622533940630388,0.37356684789910494,0.4532921110010982,middle,,,,
2025,RK Singh,Kolkata Knight Riders,103,85,121.18,7,4,12.94,31,36.47,0.19563898971767554,0.15138142079537953,0.17879424197209443,0.6391884424771923,0.10984677791173472,0.189572041013728,middle,,,,
2020,AB de Villiers,Royal Challengers Bangalore,218,158,137.97,17,6,14.56,43,27.22,0.4705173790674121,0.3358999786471764,0.3109543538409124,0.39220547681566226,0.46093367225313264,0.5406589353551259,middle,,,,
2016,Sachin Baby,Royal Challengers Bangalore,46,36,127.78,3,1,11.11,10,27.78,0.09519595894648011,0.2629281554222731,0.22448291519321673,0.4279371924537248,0.11434435833176443,0.19406962143375767,middle,Sachin Baby,2016.0,1636386.3998999998,6.987613581899241
2021,KH Pandya,Mumbai Indians,84,79,106.33,5,3,10.13,32,40.51,0.1823984013505578,0.18339320006890628,0.21403638078306175,0.6559463261151605,0.11255469203469837,0.1922799551366916,middle,,,,
2023,DJ Hooda,Lucknow Super Giants,41,40,102.5,0,1,2.5,10,25.0,0.07819895480186427,0.09660974205973803,0.0,0.36765080473664574,0.01801192551208368,0.09773718861407693,middle,,,,
2023,Shubman Gill,Gujarat Titans,401,242,165.7,24,21,18.6,44,18.18,0.776052997942418,0.40061256527201977,0.3252726513193786,0.21427438476164873,0.7632258212470864,0.8429510843490796,middle,,,,
2022,RM Patidar,Royal Challengers Bangalore,200,113,176.99,12,13,22.12,20,17.7,0.4060433698720139,0.4186252395562791,0.37624673171100836,0.20093969245684362,0.4854836756153279,0.5652089387173211,middle,,,,
2013,CL White,Sunrisers Hyderabad,120,117,102.56,11,3,11.97,48,41.03,0.25084785090513817,0.19449988854186798,0.2760735087028052,0.6374043626055259,0.1867620765061268,0.26648733960812004,middle,,,,
2022,RD Gaikwad,Chennai Super Kings,158,102,154.9,11,7,17.65,18,17.65,0.31722845243927533,0.3456353648443038,0.31078119734272747,0.19999097431009463,0.37963141601123795,0.4593566791132312,middle,,,,
2013,AM Nayar,Pune Warriors,44,45,97.78,3,0,6.67,13,28.89,0.08594546768891105,0.16769242799256617,0.15276116011982505,0.3801919117212323,0.07357795222861722,0.15330321533061048,middle,AM Nayar,2013.0,83114359.61769001,0.08852616150453614
2014,BB McCullum,Chennai Super Kings,168,141,119.15,10,8,12.77,45,31.91,0.31551927309356986,0.23284445850282953,0.25967411217237335,0.4843740688956801,0.27732876468104334,0.3570540277830366,middle,,,,
2025,MA Agarwal,Royal Challengers Bengaluru,59,33,178.79,7,1,24.24,6,18.18,0.11314042457809434,0.39370105547228446,0.37349688980228507,0.2789677337194821,0.2275284875207214,0.30725375062271465,middle,,,,
2019,CA Lynn,Kolkata Knight Riders,112,73,153.42,5,8,17.81,19,26.03,0.18006262866021783,0.3867017665971689,0.3444356115808334,0.3826818769802631,0.252411379827439,0.33213664292943224,middle,,,,
2015,YK Pathan,Kolkata Knight Riders,194,158,122.78,17,7,15.19,58,36.71,0.42883885907122105,0.23178504132309297,0.28657123115740235,0.5798870005303249,0.35394344577932024,0.4336687088813135,middle,,,,
2013,DPMD Jayawardene,Delhi Daredevils,139,125,111.2,10,3,10.4,43,34.4,0.29207344670919494,0.24295521472303272,0.23954513374520545,0.4969333124108911,0.2550676860511286,0.33479294915312185,middle,,,,
2016,GJ Bailey,Rising Pune Supergiants,42,36,116.67,2,2,11.11,12,33.33,0.08665318605982655,0.2175232182017365,0.22448291519321673,0.5350769136612414,0.07246071461477728,0.15218597771677053,middle,,,,
2024,KL Rahul,Lucknow Super Giants,219,145,151.03,18,6,16.55,29,20.0,0.44722212761978924,0.2896731547199223,0.2581836367813064,0.2744885794945977,0.4414186599691498,0.5211439230711431,middle,,,,
2021,Shubman Gill,Kolkata Knight Riders,169,145,116.55,14,5,13.1,54,37.24,0.3893655970451407,0.2279476920282505,0.27020712435060656,0.5857252761332761,0.3167731548880538,0.39649841799004704,middle,,,,
2020,R Tewatia,Rajasthan Royals,96,99,96.97,5,3,8.08,40,40.4,0.19179282928537977,0.13511066760931312,0.17237987117965314,0.6367361963133948,0.10109619868434941,0.18082146178634267,middle,,,,
2025,AK Markram,Lucknow Super Giants,146,100,146.0,6,9,15.0,25,25.0,0.2762625874677208,0.25577949982125664,0.21428870697476637,0.4132873200359164,0.2579441973083237,0.3376694604103169,middle,AK Markram,2025.0,20990000.000000004,1.2288908876051627
2023,PD Salt,Delhi Capitals,66,41,160.98,6,3,21.95,9,21.95,0.1266610411310694,0.3779085569561658,0.39295360671813123,0.29905871075955764,0.23348037918342002,0.31320564228541325,middle,PD Salt,2023.0,23661722.645999998,0.9867429463039952
2021,Q de Kock,Mumbai Indians,99,91,108.79,9,0,9.89,25,27.47,0.21892202412019007,0.19411766682232967,0.20949733079780564,0.3759210992760863,0.20008816564719484,0.2798134287491881,middle,,,,
2015,JP Duminy,Delhi Daredevils,213,150,142.0,11,12,15.33,37,24.67,0.47707162511677403,0.3267178658362902,0.28944119683402036,0.32310732100163386,0.4729394350107836,0.5526646981127769,middle,,,,
2018,KL Rahul,Kings XI Punjab,156,122,127.87,9,6,12.3,32,26.23,0.293807142285575,0.2387341752215889,0.2248581859415299,0.3856690316474166,0.2745037972537593,0.3542290603557525,middle,KL Rahul,2018.0,164158077.92999998,0.1672191833111087
2024,Shahbaz Ahmed,Sunrisers Hyderabad,98,97,101.03,2,4,6.19,32,32.99,0.19705475149213456,0.08309997912488531,0.06998816129261115,0.5802818334466772,0.08051506050036006,0.1602403236023533,middle,,,,
2016,NV Ojha,Sunrisers Hyderabad,71,71,100.0,2,4,8.45,32,45.07,0.14858828948806474,0.14939537810575582,0.17759802593125146,0.7617112068101148,0.046866608846405866,0.1265918719483991,middle,,,,
2023,C Green,Mumbai Indians,179,119,150.42,9,12,17.65,35,29.41,0.3457096713390766,0.3271131485206959,0.30607954456450837,0.4668282258641731,0.34255194536753714,0.4222772084695304,middle,,,,
2013,AP Tare,Mumbai Indians,41,27,151.85,4,1,18.52,7,25.93,0.0794361630882705,0.47093079449899866,0.428468958366677,0.3174778380295099,0.22702639288774945,0.3067516559897427,middle,,,,
2024,SP Narine,Kolkata Knight Riders,174,77,225.97,13,15,36.36,21,27.27,0.35418467368801687,0.5992850303017636,0.6180439041009061,0.4456292227764775,0.4976161843058283,0.5773414474078216,middle,,,,
2021,SS Iyer,Delhi Capitals,100,91,109.89,3,3,6.59,22,24.18,0.22135693230483222,0.19891316008605556,0.1470853935005336,0.30527056274997033,0.2051224600197951,0.28484772312178835,middle,,,,
2015,RS Bopara,Sunrisers Hyderabad,86,72,119.44,3,4,9.72,23,31.94,0.15467366260176182,0.2152878699456695,0.17443757222096984,0.4781561806506027,0.12758156937918375,0.20730683248117698,middle,RS Bopara,2015.0,17455333.726999998,0.7309030659313029
2023,F du Plessis,Royal Challengers Bangalore,292,209,139.71,17,13,14.35,47,22.49,0.5647583015470837,0.2755962143972223,0.23940875267916992,0.3112028847751732,0.5201266791376331,0.5998519422396263,middle,,,,
2017,CJ Anderson,Delhi Daredevils,54,72,75.0,2,2,5.56,39,54.17,0.09207197969156856,0.03252528281286962,0.11328956928701381,0.9289917277825588,-0.07972526310199325,0.0,middle,CJ Anderson,2017.0,15598002.096,-0.511124839010236
2023,JC Buttler,Rajasthan Royals,162,108,150.0,12,7,17.59,24,22.22,0.3127554526352171,0.32509287659428526,0.30486734834841134,0.3051307977673654,0.3476795352026685,0.4274047983046617,middle,,,,
2022,KS Williamson,Sunrisers Hyderabad,86,65,132.31,3,5,12.31,17,26.15,0.1649743082688663,0.27099338794328426,0.23257404890276784,0.3612730592574233,0.1875376609271472,0.2672629240291404,middle,,,,
2017,SV Samson,Delhi Daredevils,120,91,131.87,4,7,12.09,24,26.37,0.24785730028184644,0.2891521854276387,0.24198172005017976,0.39918206553814567,0.2535914267561756,0.3333166898581688,middle,,,,
2016,CH Gayle,Royal Challengers Bangalore,67,25,268.0,2,9,44.0,9,36.0,0.14004551660141118,0.8359866880112601,0.8041987076090203,0.5866198065664794,0.40634819989301524,0.4860734629950085,middle,,,,
2021,Ishan Kishan,Mumbai Indians,124,101,122.77,5,7,11.88,33,32.67,0.27979472873624384,0.2550640266649551,0.24713362025888783,0.4875876007763307,0.252264194884993,0.33198945798698626,middle,,,,
2021,AK Markram,Punjab Kings,120,95,126.32,10,3,13.68,24,25.26,0.27005509599767524,0.27054039128879775,0.2811764951483089,0.3284628361384826,0.2877489259867448,0.367474189088738,middle,,,,
2025,PD Salt,Royal Challengers Bengaluru,66,33,200.0,5,5,30.3,8,24.24,0.1262651963048459,0.48291472413219,0.47791264607228123,0.3983191549918563,0.2618052724996187,0.34153053560161195,middle,PD Salt,2025.0,120692500.00000001,0.2169192555458033
2016,G Gambhir,Kolkata Knight Riders,205,160,128.13,18,3,13.13,42,26.25,0.4347711811909583,0.26435855398457625,0.26008722959516034,0.398401377418139,0.3994616815835438,0.479186944685537,middle,,,,
2019,RG Sharma,Mumbai Indians,119,88,135.23,13,4,19.32,31,35.23,0.19945398866977973,0.29477125081611166,0.375448924329412,0.564119370353975,0.2102604769757447,0.289985740077738,middle,,,,
2025,A Raghuvanshi,Kolkata Knight Riders,161,126,127.78,14,3,13.49,29,23.02,0.3043870983107599,0.17914239265560467,0.18827091952135153,0.3742913111053387,0.26004831812849194,0.3397735812304852,middle,A Raghuvanshi,2025.0,31485000.000000004,0.8259435227203173
2013,AB de Villiers,Royal Challengers Bangalore,186,145,128.28,19,2,14.48,38,26.21,0.3940525521192302,0.33874421601635374,0.3344723756732355,0.323410250405754,0.4190777315537866,0.4988029946557798,middle,,,,
2014,SV Samson,Rajasthan Royals,179,133,134.59,10,8,13.53,36,27.07,0.3384069354904341,0.3095932544149733,0.27546663152780115,0.3689315628498508,0.3449105384524294,0.42463580155442265,middle,,,,
2019,S Dhawan,Delhi Capitals,150,114,131.58,18,1,16.67,29,25.44,0.28533001156926824,0.27632450081056703,0.3210215873865423,0.3710462116443403,0.30115643464702513,0.38088169774901837,middle,,,,
2023,KH Pandya,Lucknow Super Giants,133,114,116.67,8,5,11.4,39,34.21,0.25653943249333916,0.16476986871983348,0.179809105387731,0.5747764393363118,0.1756690398209052,0.25539430292289844,middle,,,,
2015,LMP Simmons,Mumbai Indians,230,172,133.72,18,11,16.86,64,37.21,0.5202272578943741,0.285820686493456,0.32080582172848865,0.5905506084841743,0.447979054912399,0.5277043180143922,middle,,,,
2023,Rahmanullah Gurbaz,Kolkata Knight Riders,75,51,147.06,4,5,17.65,16,31.37,0.14410739220958327,0.31095097310941017,0.30607954456450837,0.5109070796986298,0.16760569867366537,0.2473309617756586,middle,,,,
2021,VR Iyer,Kolkata Knight Riders,128,98,130.61,10,6,16.33,32,32.65,0.2895343614748125,0.28924281501732885,0.3312951720688455,0.4871581142320989,0.2872277452523979,0.36695300835439115,middle,VR Iyer,2021.0,2652233.1686,10.829656632490314
2015,SPD Smith,Rajasthan Royals,173,133,130.08,18,2,15.04,38,28.57,0.37552895975771505,0.267841733255785,0.28349626793245447,0.40628346304165835,0.3562182487610668,0.43594351186306,middle,,,,
2014,WP Saha,Kings XI Punjab,168,121,138.84,12,9,17.36,39,32.23,0.31551927309356986,0.33071905639856214,0.35505261722686465,0.49200663127887534,0.3242403325840224,0.40396559568601564,middle,WP Saha,2014.0,42614404.4414,0.760870266367074
2018,SK Raina,Chennai Super Kings,202,172,117.44,15,6,12.21,48,27.91,0.3785537738460617,0.1902427658250918,0.2232046810926509,0.4202263338744891,0.32051151826800933,0.40023678137000257,middle,,,,
2023,JJ Roy,Kolkata Knight Riders,95,57,166.67,7,6,22.81,13,22.81,0.18287706127294737,0.4052784313877779,0.4103284191488558,0.31839943233998247,0.286270975796466,0.3659962388984592,middle,,,,
2024,TH David,Mumbai Indians,70,65,107.69,3,2,7.69,17,26.15,0.13916478015680953,0.11061552611414423,0.09723654094831027,0.4192636766312635,0.08011105482310024,0.1598363179250935,middle,,,,
2024,Abishek Porel,Delhi Capitals,120,80,150.0,12,3,18.75,20,25.0,0.24253972896988996,0.2854177473026645,0.2981479269429984,0.39219191050001706,0.2608483106553076,0.34057357375730085,middle,,,,
2014,DR Smith,Chennai Super Kings,189,122,154.92,10,15,20.49,41,33.61,0.35921390130576525,0.41064914955058757,0.42009286141435004,0.5249220565564052,0.38960002688137746,0.4693252899833707,middle,DR Smith,2014.0,87165827.2665,0.4469641820643977
2014,MS Dhoni,Chennai Super Kings,118,114,103.51,5,4,7.89,33,28.95,0.21148444401691432,0.15510150720322266,0.15826951420594254,0.4137728668511233,0.1646173368454621,0.24434259994745533,middle,,,,
2024,H Klaasen,Sunrisers Hyderabad,293,194,151.03,9,22,15.98,54,27.84,0.6002170518631483,0.2896731547199223,0.24782925251214072,0.45904740251109527,0.5248319579067044,0.6045572210086977,middle,,,,
2013,AD Mathews,Pune Warriors,132,102,129.41,3,9,11.76,32,31.37,0.27688506930770035,0.3450815445562514,0.27118754772121545,0.4327361356251078,0.29272280123225725,0.3724480643342505,middle,,,,
2016,KS Williamson,Sunrisers Hyderabad,91,81,112.35,10,0,12.35,18,22.22,0.1913021539213324,0.19986801308988067,0.24633902898450882,0.3206044267034917,0.19814904752023357,0.27787431062222684,middle,,,,
2020,N Rana,Kolkata Knight Riders,185,109,169.72,18,8,23.85,25,22.94,0.3951246729788296,0.49138926219479007,0.5096205488907732,0.3127979290576733,0.5028810410081208,0.582606304110114,middle,,,,
2018,Mandeep Singh,Royal Challengers Bangalore,105,107,98.13,5,3,7.48,37,34.58,0.19984892033807886,0.10046624468929521,0.13630381514600917,0.5574270516450686,0.10579436237743978,0.18551962547943301,middle,Mandeep Singh,2018.0,20892846.281999998,0.5063664421280204
2018,Mandeep Singh,Royal Challengers Bangalore,105,107,98.13,5,3,7.48,37,34.58,0.19984892033807886,0.10046624468929521,0.13630381514600917,0.5574270516450686,0.10579436237743978,0.18551962547943301,middle,Mandeep Singh,2018.0,2984692.326,3.5445650948961425
2016,KK Nair,Delhi Daredevils,171,149,114.77,16,1,11.41,41,27.52,0.36215761165440324,0.20975819743494806,0.22977068465885195,0.4229180343431023,0.3140240786171569,0.39374934171915016,middle,KK Nair,2016.0,65455455.996,0.47975233513971244
2025,V Shankar,Chennai Super Kings,63,52,121.15,4,1,9.62,13,25.0,0.12064029413623807,0.15125523455965123,0.1215895702202154,0.4132873200359164,0.08354925571374562,0.16327451881573887,middle,V Shankar,2025.0,12594000.000000002,0.6634052383178148
2025,SM Curran,Chennai Super Kings,78,44,177.27,8,3,25.0,9,20.45,0.14876480497927713,0.38730761952871756,0.38659193514307666,0.32367527931160905,0.2477874610083305,0.3275127241103237,middle,SM Curran,2025.0,25188000.000000004,0.9837520287769194
2020,HH Pandya,Mumbai Indians,82,66,124.24,3,7,15.15,29,43.94,0.15980804488416295,0.26866004595083826,0.3235714749474159,0.7024144017020119,0.13267586434166265,0.2124011274436559,middle,,,,
2019,Gurkeerat Singh,Royal Challengers Bangalore,57,42,135.71,7,0,16.67,8,19.05,0.02770194287080274,0.29719712478944366,0.3210215873865423,0.24502603961629474,0.12651980128752482,0.20624506438951806,middle,,,,
2024,Tilak Varma,Mumbai Indians,311,190,163.68,32,12,23.16,47,24.74,0.6374320334358572,0.3419361681454666,0.3782581631307539,0.38607133728773524,0.6109638423609296,0.6906891054629228,middle,,,,
2023,R Parag,Rajasthan Royals,52,49,106.12,3,2,10.2,18,36.73,0.09952227278671452,0.11402256199689723,0.15556518106578973,0.6314492514091844,0.018647772759761844,0.0983730358617551,middle,,,,
2017,SR Watson,Royal Challengers Bangalore,40,43,93.02,2,1,6.98,16,37.21,0.059026608657267214,0.11384085842598969,0.14127469242387378,0.6057697180104277,-0.011525460663700096,0.06819980243829316,middle,,,,
2020,KL Rahul,Kings XI Punjab,249,195,127.69,18,8,13.33,49,25.13,0.5413408302415351,0.2855557318796341,0.2846508640765067,0.35342936120486856,0.504983684331446,0.5847089474334393,middle,,,,
2013,DJ Hussey,Kings XI Punjab,152,146,104.11,10,4,9.59,52,35.62,0.32028043331197065,0.2031926843266834,0.22069928424478769,0.5227816806216685,0.2567656726722054,0.33649093577419864,middle,,,,
2025,JC Buttler,Gujarat Titans,333,205,162.44,33,13,22.44,49,23.9,0.626881489310941,0.324929557000363,0.34248230873198926,0.39162287063003987,0.5891559461692516,0.6688812092712448,middle,JC Buttler,2025.0,165296250.00000003,0.3564242662306323
2023,AM Rahane,Chennai Super Kings,150,104,144.23,8,6,13.46,22,21.15,0.2894936511971986,0.29733818846240445,0.22142784214039687,0.2810673418475345,0.30886847755505276,0.388593740657046,middle,AM Rahane,2023.0,5915430.661499999,5.221403059717916
2022,JM Sharma,Punjab Kings,157,104,150.96,14,8,21.15,39,37.5,0.31511381154801965,0.332616799594635,0.3620405642977572,0.5766320785694447,0.3089577862624687,0.38868304936446196,middle,JM Sharma,2022.0,2487556.9016,12.420129407441761
2025,D Padikkal,Royal Challengers Bengaluru,141,97,145.36,12,7,19.59,29,29.9,0.26688775052004116,0.25308752679238633,0.2933758887040208,0.5097925946620936,0.24615311726213426,0.32587838036412753,middle,D Padikkal,2025.0,20990000.000000004,1.1727161375042126
2014,RG Sharma,Mumbai Indians,231,194,119.07,18,6,12.37,63,32.47,0.4466031577301559,0.23244679634784424,0.25136225988004296,0.49773105306627186,0.37774280645123226,0.4574680695532255,middle,RG Sharma,2014.0,36803349.2903,1.0263816031297763
2025,RM Patidar,Royal Challengers Bengaluru,226,150,150.67,18,10,18.67,39,26.0,0.4262599786305958,0.2754224905162947,0.2775239917125363,0.43298227404125866,0.39254307359362056,0.4722683366956138,middle,,,,
2016,F du Plessis,Rising Pune Supergiants,83,70,118.57,5,2,10.0,19,27.14,0.17421660814802534,0.2252882389685249,0.2049181681703666,0.41558234171988495,0.16482692349907402,0.24455218660106726,middle,,,,
2025,KK Nair,Delhi Capitals,83,45,184.44,10,4,31.11,11,24.44,0.15813964192695681,0.4174661298677803,0.4918692075539143,0.4022581457929248,0.26967376485409744,0.3493990279560907,middle,KK Nair,2025.0,5247500.000000001,5.139090325947545
2015,GJ Maxwell,Kings XI Punjab,87,55,158.18,7,6,23.64,20,36.36,0.1572122292357383,0.40663530083231164,0.4597941594961326,0.5724224749626305,0.22523471054498456,0.3049599736469778,middle,,,,
2021,R Parag,Rajasthan Royals,63,53,118.87,5,3,15.09,21,39.62,0.1312653294730726,0.23806182327538153,0.3078434138116888,0.6368341748968493,0.11063265834404043,0.1903579214460337,middle,,,,
2019,DJ Bravo,Chennai Super Kings,47,42,111.9,4,1,11.9,15,35.71,0.0,0.17686366790395855,0.22305238088937676,0.5735856743560818,-0.017047558322153447,0.0626777047798398,middle,,,,
2019,Q de Kock,Mumbai Indians,153,114,134.21,11,6,14.91,29,25.44,0.2936405944305091,0.2896162686227814,0.28487362020939105,0.3710462116443403,0.30456283784425187,0.3842881009462451,middle,,,,
2024,Shashank Singh,Punjab Kings,190,131,145.04,14,10,18.32,36,27.48,0.38726465730820264,0.2649256882836368,0.29033672477503136,0.45057276267870505,0.3572422247509184,0.4369674878529116,middle,,,,
2014,KL Rahul,Sunrisers Hyderabad,91,98,92.86,6,1,7.14,33,33.67,0.1553056363155203,0.10216273282081771,0.14268479115782304,0.5263531620032544,0.07815965472957527,0.15788491783156852,middle,KL Rahul,2014.0,19370183.836999997,0.4035049712862221
2013,MC Henriques,Royal Challengers Bangalore,68,73,93.15,5,1,8.22,29,39.73,0.13801990449403542,0.14172620574502073,0.1888242054601306,0.6098610194301074,0.0687264225247392,0.14845168562673244,middle,MC Henriques,2013.0,36939715.38564,0.18605022211799718
2022,Ishan Kishan,Mumbai Indians,126,101,124.75,7,5,11.88,25,24.75,0.24955994391909356,0.2460136028449351,0.22627646953400704,0.3347089511484516,0.2517655396658665,0.33149080276785975,middle,Ishan Kishan,2022.0,189676213.747,0.13273437648944453
2021,DJ Hooda,Punjab Kings,119,81,146.91,5,8,16.05,24,29.63,0.2676201878130331,0.3603033061070852,0.32599961375271336,0.4223056460531109,0.3029259356224725,0.38265119872446574,middle,,,,
2021,F du Plessis,Chennai Super Kings,226,175,129.14,16,7,13.14,48,27.43,0.5281553635697434,0.28283429220125866,0.2709636326814826,0.37506212618762297,0.48655487981494416,0.5662801429169374,middle,,,,
2019,RA Tripathi,Rajasthan Royals,64,62,103.23,5,0,8.06,20,32.26,0.04709330288036466,0.13304631926065086,0.14418408886650133,0.5055466143409397,0.005316032987599306,0.08504129608959256,middle,,,,
2022,M Shahrukh Khan,Punjab Kings,68,78,87.18,1,5,7.69,40,51.28,0.12691077222626404,0.12187464436014964,0.16491168452212857,0.838098799813467,0.003453588030788435,0.08317885113278169,middle,M Shahrukh Khan,2022.0,2487556.9016,0.13883453393838277
2021,KM Jadhav,Sunrisers Hyderabad,42,44,95.45,1,1,4.55,14,31.82,0.08013225759558738,0.1359614121513265,0.10850346862585639,0.469334422646483,0.03272803891774255,0.1124533020197358,middle,,,,
2021,CH Gayle,Punjab Kings,79,74,106.76,7,3,13.51,32,43.24,0.17022386042734702,0.18526780198109008,0.27796133474208584,0.7145712394027888,0.10443744800406404,0.1841627111060573,middle,,,,
2024,PD Salt,Kolkata Knight Riders,124,64,193.75,14,6,31.25,16,25.0,0.2508097248749364,0.46616927594832186,0.5252177574071578,0.39219191050001706,0.3671037320658738,0.44682899516786706,middle,,,,
2015,KA Pollard,Mumbai Indians,226,158,143.04,15,14,18.35,56,35.44,0.5100729913584682,0.3318547096184819,0.3513504564296376,0.5528014363275477,0.4673246099927371,0.5470498730947304,middle,,,,
2013,S Dhawan,Sunrisers Hyderabad,151,108,139.81,17,2,17.59,28,25.93,0.3181106651117572,0.40340740014469045,0.40683113116249364,0.3174778380295099,0.39338141075940963,0.47310667386140287,middle,,,,
2015,SN Khan,Royal Challengers Bangalore,47,34,138.24,4,1,14.71,9,26.47,0.05566956387667934,0.30814619985452013,0.27673134883756917,0.3614963096354913,0.12002651889811508,0.19975178200010835,middle,SN Khan,2015.0,8727666.863499999,1.3752417544725308
2018,KH Pandya,Mumbai Indians,120,91,131.87,13,4,18.68,35,38.46,0.22748369149910713,0.25733107240145353,0.3420733074509536,0.6372379639314028,0.20015334362363194,0.2798786067256252,middle,KH Pandya,2018.0,131326462.344,0.15240899667223579
2018,RA Tripathi,Rajasthan Royals,107,87,122.99,8,2,11.49,26,29.89,0.2035335564928826,0.216045960662154,0.20997664230161875,0.46095458292782454,0.17744504526771113,0.2571703083697044,middle,RA Tripathi,2018.0,50739769.541999996,0.3497159070082699
2020,BA Stokes,Rajasthan Royals,82,59,138.98,8,2,16.95,15,25.42,0.15980804488416295,0.3408462519190847,0.36206438679776565,0.3588097791604332,0.23075123301052225,0.3104764961125155,middle,,,,
2014,SA Yadav,Kolkata Knight Riders,62,46,134.78,4,2,13.04,13,28.26,0.09496543545106008,0.3105377020330632,0.26528461246969637,0.3973151542123584,0.14272755062223463,0.22245281372422787,middle,SA Yadav,2014.0,13559128.685899999,1.0526306957367813
2013,PA Patel,Sunrisers Hyderabad,53,57,92.98,3,0,5.26,17,29.82,0.10547338149083268,0.14077280233636355,0.11995542210057936,0.39989599568518563,0.07062243117665398,0.15034769427864725,middle,,,,
2014,SPD Smith,Rajasthan Royals,71,68,104.41,3,2,7.35,23,33.82,0.11369170468485806,0.15957520644680614,0.1470485136112965,0.5299309256203771,0.06224944328011217,0.1419747063821054,middle,SPD Smith,2014.0,77480735.34799999,0.0803418333609285
2020,KH Pandya,Mumbai Indians,69,66,104.55,5,3,12.12,26,39.39,0.1301078879401759,0.17223220364997177,0.2587750733326604,0.6179974992957387,0.0839114862545166,0.16363674935650985,middle,,,,
2015,AT Rayudu,Mumbai Indians,120,101,118.81,6,4,9.9,27,26.73,0.24098492815696193,0.21217612803914954,0.17812752809090732,0.3670413857714929,0.21865800940119728,0.2983832725031905,middle,,,,
2013,R Dravid,Rajasthan Royals,191,157,121.66,16,3,12.1,43,27.39,0.4049013931202977,0.30161756563217423,0.27909815121521797,0.34841113113421085,0.40054378820209185,0.4802690513040851,middle,,,,
2024,SA Yadav,Mumbai Indians,213,127,167.72,21,10,24.41,42,33.07,0.4348171337622196,0.3586272807335456,0.40096514617716983,0.5821650867427639,0.4192019031167205,0.49892716621871375,middle,,,,
2013,UBT Chand,Delhi Daredevils,65,66,98.48,6,0,9.09,22,33.33,0.13151059989339486,0.17161820673409572,0.20906604381243107,0.4742630222588158,0.1036545462456677,0.18337980934766096,middle,,,,
2013,KC Sangakkara,Sunrisers Hyderabad,45,64,70.31,1,0,1.56,24,37.5,0.08811523588912457,0.013633653664256534,0.033869442901140356,0.5626135922907355,-0.031166545067342413,0.04855871803465084,middle,,,,
2020,S Dube,Royal Challengers Bangalore,61,60,101.67,1,4,8.33,25,41.67,0.11183086828233771,0.15812797887462918,0.17772610893664617,0.6602987163256954,0.040388566810449084,0.12011382991244234,middle,,,,
2017,DR Smith,Gujarat Lions,101,62,162.9,11,5,25.81,20,32.26,0.20301001102100885,0.42917562112548086,0.5123731914851931,0.5114331054884907,0.2913487123537918,0.371073975455785,middle,,,,
2020,V Kohli,Royal Challengers Bangalore,263,242,108.68,7,7,5.79,65,26.86,0.5733256146427519,0.19245805376183459,0.12340833332559703,0.38552633728461644,0.46397430705094794,0.5436995701529412,middle,,,,
2023,AT Rayudu,Chennai Super Kings,92,79,116.46,5,5,12.66,30,37.97,0.17706161091344275,0.1637597327566281,0.20526522592576935,0.6593358732228204,0.09996307909833244,0.1796883422003257,middle,,,,
2017,RG Sharma,Mumbai Indians,202,160,126.25,21,5,16.25,55,34.38,0.4414087591970402,0.263791833876821,0.32396630614126254,0.5518358567100072,0.38669064740692954,0.4664159105089228,middle,,,,
2019,SO Hetmyer,Royal Challengers Bangalore,47,38,123.68,1,4,13.16,15,39.47,0.0,0.23639865833281257,0.24893103920938275,0.6477383890392509,-0.008841872466129858,0.0708833906358634,middle,SO Hetmyer,2019.0,60658607.226,-0.014576451505368524
2014,PA Patel,Royal Challengers Bangalore,48,42,114.29,5,0,11.9,10,23.81,0.0658356833095965,0.20868648258747854,0.24159583343655477,0.29117483357104834,0.10535869139702206,0.18508395449901532,middle,PA Patel,2014.0,27118257.371799998,0.3885157145332779
2024,SM Curran,Punjab Kings,166,130,127.69,14,3,13.08,35,26.92,0.33764468187792396,0.193244796352159,0.19514905184445575,0.4373899896060982,0.2796409968556584,0.35936625995765165,middle,,,,
2015,Yuvraj Singh,Delhi Daredevils,176,158,111.39,14,7,13.29,66,41.77,0.38314465965964445,0.1755267233623585,0.24762169697472922,0.6878027130232799,0.271137541526713,0.3508628046287062,middle,Yuvraj Singh,2015.0,279285339.63199997,0.0970826259208511
2016,AD Russell,Kolkata Knight Riders,99,65,152.31,3,9,18.46,23,35.38,0.2083876996946395,0.36317866037454705,0.3540332671012787,0.5746510449180721,0.23154020230471703,0.3112654654067103,middle,,,,
2020,SR Watson,Chennai Super Kings,132,84,157.14,14,5,22.62,22,26.19,0.27403941774565166,0.4297812248080504,0.4833170591263676,0.3730957164907257,0.37021017016606483,0.44993543326805807,middle,,,,
2018,SV Samson,Rajasthan Royals,239,191,125.13,14,8,11.52,51,26.7,0.44671954270993147,0.22599530065338155,0.2105278105845784,0.3953368483418952,0.3882124168124963,0.46793767991448953,middle,SV Samson,2018.0,119387693.03999999,0.3251695438008242
2020,Washington Sundar,Royal Challengers Bangalore,88,74,118.92,8,2,13.51,24,32.43,0.1735158096275416,0.24260640851860824,0.28850015526154166,0.4888674683621863,0.17152110763748685,0.2512463707394801,middle,,,,
2017,MS Dhoni,Rising Pune Supergiant,155,166,93.37,7,7,8.43,72,43.37,0.3304707278675999,0.11542023975032892,0.1698510505565829,0.7231663913710602,0.18833958605628312,0.2680648491582764,middle,,,,
2022,SO Hetmyer,Rajasthan Royals,96,98,97.96,8,2,10.2,42,42.86,0.1861207171814231,0.15749396755594378,0.20167197339559273,0.6783346639009367,0.10081222591085279,0.18053748901284605,middle,SO Hetmyer,2022.0,105721168.318,0.09535670813589427
2024,Q de Kock,Lucknow Super Giants,97,69,140.58,11,3,20.29,20,28.99,0.19498725251587296,0.24649936102055958,0.32612293005618287,0.48611916864234167,0.1979403626016345,0.27766562570362774,middle,,,,
2015,WP Saha,Kings XI Punjab,107,94,113.83,1,4,5.32,24,25.53,0.20798356191526776,0.18757854915903907,0.0842386509558322,0.3414487266822547,0.17121839913464146,0.2509436622366347,middle,,,,
2017,NV Ojha,Sunrisers Hyderabad,40,32,125.0,2,1,9.38,10,31.25,0.059026608657267214,0.25815118628989536,0.18857349209180613,0.4921846249537117,0.06394441624040127,0.14366967934239452,middle,,,,
2019,V Shankar,Sunrisers Hyderabad,152,129,117.83,3,8,8.53,37,28.68,0.2908704001434288,0.20683331928282986,0.15383723919221784,0.4349437636585606,0.2385250110063234,0.31825027410831663,middle,,,,
2016,AT Rayudu,Mumbai Indians,160,128,125.0,8,8,12.5,36,28.13,0.33866498621610597,0.2515667039845511,0.24898291371732642,0.43469375144879335,0.3092598326219567,0.38898509572394996,middle,,,,
2017,SK Raina,Gujarat Lions,239,165,144.85,21,7,16.97,34,20.61,0.5287429540734081,0.3477246699702745,0.33815594604164223,0.2894085527853464,0.537061242901068,0.6167865060030613,middle,,,,
2020,SA Yadav,Mumbai Indians,256,190,134.74,28,5,17.37,57,30.0,0.5573332224421436,0.32008169877760817,0.371046066229514,0.4437832765276271,0.5273436455273747,0.6070689086293679,middle,SA Yadav,2020.0,2778744.6906,18.977765294929206
2019,KL Rahul,Kings XI Punjab,238,168,141.67,15,7,13.1,33,19.64,0.5291071088323324,0.32731839329164814,0.2476987221465253,0.2566617049522175,0.519688608492222,0.5994138715942152,middle,,,,
2018,AM Rahane,Rajasthan Royals,105,97,108.25,8,0,8.25,21,21.65,0.19984892033807886,0.14751639455435278,0.1504504677419741,0.2914592434331356,0.17593229949853662,0.25565756260052985,middle,AM Rahane,2018.0,59693846.519999996,0.2947243472400321
2014,MK Pandey,Kolkata Knight Riders,221,187,118.18,16,5,11.23,55,29.41,0.42579619191482476,0.22802280487363397,0.22767348084690137,0.42474467527696663,0.369629556107937,0.44935481920993026,middle,,,,
2013,Mandeep Singh,Kings XI Punjab,61,49,124.49,6,0,12.24,11,22.45,0.12283152709254082,0.31748892825864367,0.2823554585362778,0.24374642706762012,0.2012337064453573,0.28095896954735056,middle,,,,
2014,MA Starc,Royal Challengers Bangalore,41,41,100.0,4,0,9.76,15,36.59,0.05127080723886471,0.13765408015324693,0.19712742367258715,0.5960002937499118,0.0025382958216009083,0.08226355892359416,middle,,,,
2021,PJ Cummins,Kolkata Knight Riders,48,19,252.63,3,5,42.11,6,31.58,0.0947417067034403,0.8211938041444505,0.8188647913184431,0.4641805841157025,0.3930883480466355,0.47281361114862874,middle,,,,
2021,N Rana,Kolkata Knight Riders,204,166,122.89,11,11,13.25,55,33.13,0.47458738350761603,0.2555871713846343,0.27304403059139165,0.49746579129366003,0.41146170608102944,0.4911869691830227,middle,,,,
2025,MR Marsh,Lucknow Super Giants,270,157,171.97,27,13,25.48,34,21.66,0.5087585437701769,0.36501471788338513,0.3948624900951556,0.34750617365807324,0.5259825136685736,0.6057077767705669,middle,MR Marsh,2025.0,35683000.0,1.4740422993262159
2014,F du Plessis,Chennai Super Kings,160,149,107.38,8,1,6.04,38,25.5,0.29887370044130496,0.17433841395063174,0.11982719735391449,0.3314843036572987,0.24906906327755668,0.3287943263795499,middle,F du Plessis,2014.0,92008373.22575,0.270702605149257
2024,AK Markram,Sunrisers Hyderabad,122,101,120.79,6,2,7.92,21,20.79,0.24667472692241316,0.16473769812004396,0.1014146258288508,0.29308570579345394,0.2084268749810231,0.2881521380830164,middle,,,,
2022,GJ Maxwell,Royal Challengers Bangalore,147,93,158.06,11,10,22.58,33,35.48,0.29396740263546284,0.35607665067906347,0.38298367708224085,0.5383038654407852,0.3109328796403804,0.39065814274237365,middle,,,,
2016,MC Henriques,Sunrisers Hyderabad,75,62,120.97,6,2,12.9,21,33.87,0.15713106237471827,0.2350966862528893,0.25603327300484,0.5455013189679188,0.13834024658302566,0.21806550968501892,middle,,,,
2013,MEK Hussey,Chennai Super Kings,345,238,144.96,30,10,16.81,51,21.43,0.7390456959531789,0.4322899151716579,0.38868327608801734,0.22213549626844556,0.7542330872779549,0.8339583503799481,middle,,,,
2016,Harbhajan Singh,Mumbai Indians,41,51,80.39,4,0,7.84,27,52.94,0.08451749283816318,0.06925219008642881,0.16684622801779325,0.9136372619278006,-0.060968555485542295,0.018756707616450957,middle,,,,
2019,V Kohli,Royal Challengers Bangalore,138,112,123.21,9,2,9.82,20,17.86,0.252087680124305,0.2340233234005917,0.18033205604365257,0.2215574942777385,0.26363205347280433,0.34335731657479757,middle,,,,
2016,MK Pandey,Kolkata Knight Riders,174,124,140.32,10,7,13.71,22,17.74,0.3685646913193934,0.3141772924830768,0.27031025056205504,0.2341204715666133,0.3963428965995261,0.47606815970151933,middle,,,,
2017,Yuvraj Singh,Sunrisers Hyderabad,158,123,128.46,17,5,17.89,49,39.84,0.3375518788035216,0.2737644988105055,0.35628715258101634,0.6558919990069315,0.29224988340078595,0.3719751465027792,middle,,,,
2013,KD Karthik,Mumbai Indians,275,215,127.91,30,4,15.81,66,30.7,0.587161921938233,0.3366691615386881,0.3654167952233041,0.41854072029623823,0.560105500997606,0.6398307640995993,middle,,,,
2021,AD Russell,Kolkata Knight Riders,92,67,137.31,6,7,19.4,29,43.28,0.20187766682769498,0.31845172853275017,0.38935718646358036,0.715430212491252,0.19182304681644669,0.2715483099184399,middle,,,,
2025,YBK Jaiswal,Rajasthan Royals,168,116,144.83,14,6,17.24,28,24.14,0.31751187003751147,0.2508582366278531,0.2528846300844679,0.39634965959132207,0.30057396111699425,0.3802992242189875,middle,,,,
2014,DA Miller,Kings XI Punjab,295,215,137.21,27,9,16.74,64,29.77,0.579767738948275,0.32261668999073867,0.34216924617375255,0.4333313079580613,0.5423667857989799,0.6220920489009731,middle,,,,
2020,TK Curran,Rajasthan Royals,41,41,100.0,2,0,4.88,12,29.27,0.06613831913774222,0.14994948742503814,0.1039480278901424,0.4302394658118953,0.032637213953354643,0.1123624770553479,middle,TK Curran,2020.0,13893723.453,0.23490617229974775
2018,MA Agarwal,Kings XI Punjab,64,51,125.49,3,3,11.76,14,27.45,0.12431387916460156,0.2276690213995694,0.2149371568482558,0.41076421540755254,0.12858639803969274,0.20831166114168598,middle,MA Agarwal,2018.0,14923461.629999999,0.8616392176812449
2018,MA Agarwal,Kings XI Punjab,64,51,125.49,3,3,11.76,14,27.45,0.12431387916460156,0.2276690213995694,0.2149371568482558,0.41076421540755254,0.12858639803969274,0.20831166114168598,middle,MA Agarwal,2018.0,2984692.326,4.308196088406224
2021,RD Gaikwad,Chennai Super Kings,252,158,159.49,23,9,20.25,36,22.78,0.5914629763704393,0.41514631088678694,0.4054329884946959,0.2752065046537507,0.6237595711305767,0.7034848342325699,middle,,,,
2021,SA Yadav,Mumbai Indians,180,120,150.0,17,8,20.83,32,26.67,0.4161495870762044,0.37377428263882434,0.4164023592923982,0.35874163750681803,0.45658409880972683,0.5363093619117201,middle,,,,
2014,Y Venugopal Rao,Sunrisers Hyderabad,40,41,97.56,4,0,9.76,13,31.71,0.0491901106573316,0.12552538442619832,0.19712742367258715,0.479603717406183,0.02051444510700559,0.10023970820899884,middle,Y Venugopal Rao,2014.0,10653601.11035,0.19255878734821183
2023,RD Gaikwad,Chennai Super Kings,173,117,147.86,7,12,16.24,33,28.21,0.33407877062006736,0.3147991101120973,0.2775929334862274,0.43984117249613847,0.32925310172770084,0.4089783648296941,middle,,,,
2024,Azmatullah Omarzai,Gujarat Titans,42,33,127.27,2,2,12.12,10,30.3,0.08127480882148448,0.1915095816771607,0.17771008886480832,0.5169574413657616,0.05462325106014514,0.1343485141621384,middle,Azmatullah Omarzai,2024.0,5543983.75,0.9852707641891111
2015,SV Samson,Rajasthan Royals,84,70,120.0,6,2,11.43,23,32.86,0.14959652933380888,0.21805386275146504,0.2094921529853756,0.49777721928568536,0.12743636903242467,0.2071616321344179,middle,,,,
2013,STR Binny,Rajasthan Royals,208,140,148.57,19,8,19.29,44,31.43,0.4417874525239275,0.45253571696726025,0.4463841486325062,0.4340073668485886,0.49166603346610366,0.571391296568097,middle,,,,
2022,MS Dhoni,Chennai Super Kings,73,93,78.49,5,2,7.53,46,49.46,0.13748397668254247,0.09316110831456043,0.16256839917561292,0.8035654592718037,0.00973610182116394,0.08946136492315719,middle,,,,
2025,Abhishek Sharma,Sunrisers Hyderabad,129,57,226.32,10,10,35.09,13,22.81,0.24438814184560992,0.5936221149444819,0.5604458923649018,0.3701553707642168,0.4116552522799696,0.4913805153819628,middle,Abhishek Sharma,2025.0,3148500.0000000005,13.074646729552788
2025,Abhishek Sharma,Sunrisers Hyderabad,129,57,226.32,10,10,35.09,13,22.81,0.24438814184560992,0.5936221149444819,0.5604458923649018,0.3701553707642168,0.4116552522799696,0.4913805153819628,middle,Abhishek Sharma,2025.0,39881000.00000001,1.0322089523331148
2025,RD Gaikwad,Chennai Super Kings,43,30,143.33,4,1,16.67,9,30.0,0.08314094634551934,0.24454892484143834,0.24306334607887423,0.5117620900626279,0.08613768573209625,0.1658629488340895,middle,,,,
2018,AD Russell,Kolkata Knight Riders,157,98,160.2,6,15,21.43,37,37.76,0.29564946036297685,0.3890435966778448,0.3925970667222569,0.6228390880034558,0.30718424303749514,0.3869095061394884,middle,,,,
2016,YK Pathan,Kolkata Knight Riders,185,149,124.16,12,7,12.75,40,26.85,0.3920573167576906,0.2481337474350236,0.2533893882720224,0.4099840499811139,0.3567670452948413,0.43649230839683456,middle,,,,
2015,G Gambhir,Kolkata Knight Riders,115,87,132.18,14,0,16.09,21,24.14,0.22829209498707956,0.2782142062775183,0.3050210105070896,0.3118038965705536,0.26474136066022635,0.3444666237622196,middle,,,,
2014,SE Marsh,Kings XI Punjab,50,31,161.29,5,2,22.58,8,25.81,0.06999707647266272,0.4423129986412842,0.4635222896417764,0.33887834846601916,0.21362034900566687,0.29334561210766014,middle,,,,
2024,MP Stoinis,Lucknow Super Giants,182,116,156.9,10,11,18.1,29,25.0,0.37072466549810973,0.3139248455347796,0.28634029575886216,0.39219191050001706,0.36958686311069067,0.4493121262126839,middle,,,,
2018,PP Shaw,Delhi Daredevils,56,32,175.0,4,3,21.88,6,18.75,0.10957533454538645,0.4578521162433441,0.400864590966652,0.2318067574459272,0.25882746921345734,0.3385527323154506,middle,PP Shaw,2018.0,17908153.956,1.445305137812594
2024,RA Jadeja,Chennai Super Kings,139,109,127.52,12,2,12.84,24,22.02,0.28182220951886056,0.1925424475551359,0.1907893110995439,0.3220407252207872,0.2569702190573806,0.33669548215937384,middle,,,,
2025,PHKD Mendis,Sunrisers Hyderabad,56,41,136.59,6,0,14.63,11,26.83,0.10751552240948652,0.2161990838811477,0.20791348753253888,0.44932908586569276,0.10258902342530275,0.182314286527296,middle,,,,
2022,A Badoni,Lucknow Super Giants,75,72,104.17,6,2,11.11,29,40.28,0.14171325846505384,0.17801307674387348,0.21499940880390048,0.6293808075286886,0.08389825005024748,0.16362351315224072,middle,A Badoni,2022.0,2487556.9016,3.372716820921122
2018,RG Sharma,Mumbai Indians,142,112,126.79,13,4,15.18,35,31.25,0.2680146892019486,0.23371301298302546,0.27777034110565846,0.4889295418735499,0.2422938151028882,0.32201907820488146,middle,,,,
2025,Ishan Kishan,Sunrisers Hyderabad,166,105,158.1,12,9,20.0,24,22.86,0.31376193525843954,0.30667461489833614,0.30044032105892154,0.3711401184644839,0.32887197319514,0.40859723629713324,middle,Ishan Kishan,2025.0,118068750.00000001,0.2785427754550971
2020,KS Williamson,Sunrisers Hyderabad,171,136,125.74,11,6,12.5,36,26.47,0.3631398885776128,0.27600599635466255,0.26690135472328985,0.37829060279265014,0.35103586015461696,0.4307611232566102,middle,,,,
2020,AR Patel,Delhi Capitals,46,39,117.95,2,3,12.82,15,38.46,0.07756145642389109,0.23785602725746854,0.27374453905224094,0.6007430555072035,0.06800627002536094,0.1477315331273542,middle,,,,
2023,SN Thakur,Kolkata Knight Riders,75,38,197.37,7,4,28.95,7,18.42,0.14410739220958327,0.5529506888658958,0.5343764985961219,0.21967179543525572,0.34411206105960856,0.4238373241616018,middle,,,,
2019,RV Uthappa,Kolkata Knight Riders,136,130,104.62,9,6,11.54,55,42.31,0.2465472915501444,0.14007124597509119,0.21565847851223213,0.7037473543850491,0.1416414318580795,0.22136669496007277,middle,,,,
2024,D Brevis,Mumbai Indians,51,34,150.0,2,4,17.65,12,35.29,0.09988229960783895,0.2854177473026645,0.2781657818621524,0.6344253657091701,0.09427924710766697,0.17400451020966023,middle,,,,
2022,RK Singh,Kolkata Knight Riders,61,58,105.17,5,1,10.34,22,37.93,0.11210828598747428,0.181317281121962,0.20372234807379394,0.5847910546314861,0.06786807181502963,0.14759333491702287,middle,RK Singh,2022.0,6840781.479400001,0.9921099222275156
2022,RK Singh,Kolkata Knight Riders,61,58,105.17,5,1,10.34,22,37.93,0.11210828598747428,0.181317281121962,0.20372234807379394,0.5847910546314861,0.06786807181502963,0.14759333491702287,middle,RK Singh,2022.0,2487556.9016,2.728302286125668
2022,AD Russell,Kolkata Knight Riders,221,131,168.7,9,23,24.43,61,46.56,0.45045082858838326,0.3912333852619252,0.410077913901328,0.7485398067603621,0.4100382998774774,0.48976356297947066,middle,,,,
2025,Shubman Gill,Gujarat Titans,270,161,167.7,24,10,21.12,27,16.77,0.5087585437701769,0.34705421033139094,0.3197382826137723,0.2511978485719495,0.5248311849239233,0.6045564480259166,middle,,,,
2015,SE Marsh,Kings XI Punjab,41,21,195.24,2,3,23.81,2,9.52,0.04043816407282051,0.5896847533015671,0.46327911781774017,0.0,0.30191178081227454,0.3816370439142678,middle,,,,
2025,DA Miller,Lucknow Super Giants,80,66,121.21,8,1,13.64,20,30.3,0.152514739758349,0.15150760703110777,0.19085546794387617,0.5176705762642305,0.10210105225194066,0.1818263153539339,middle,DA Miller,2025.0,78712500.00000001,0.12971389836676595
2025,RG Sharma,Mumbai Indians,161,98,164.29,16,7,23.47,22,22.45,0.3043870983107599,0.33271104153694125,0.36022954123332523,0.3630651873222936,0.3427558618918966,0.42248112499388984,middle,,,,
2022,MA Agarwal,Punjab Kings,48,41,117.07,5,1,14.63,14,34.15,0.08461795440115044,0.22063731322121527,0.2665516864272447,0.5130679627372622,0.0845823022252814,0.16430756532727464,middle,,,,
2021,GJ Maxwell,Royal Challengers Bangalore,332,238,139.5,26,15,17.23,70,29.41,0.7862556311418115,0.3279991196668954,0.3483166095135561,0.41758129406656214,0.7135513039029167,0.7932765670049099,middle,,,,
2020,MK Pandey,Sunrisers Hyderabad,163,151,107.95,6,6,7.95,44,29.14,0.34486286891977463,0.18888302456530678,0.1695998275460168,0.42782755431457326,0.2809096571517004,0.36063492025369365,middle,,,,
2017,RA Jadeja,Gujarat Lions,99,78,126.92,9,2,14.1,26,33.33,0.1982892437303944,0.2668152209834131,0.2815944647720731,0.5318250601144447,0.1886298422108651,0.26835510531285833,middle,,,,
2013,AM Rahane,Rajasthan Royals,195,179,108.94,12,4,8.94,50,27.93,0.4135804659211518,0.23028055764323727,0.2055760716827241,0.3598522121455386,0.3690933119373297,0.44881857503932293,middle,,,,
2015,RA Jadeja,Chennai Super Kings,68,71,95.77,4,2,8.45,30,42.25,0.1089794631901853,0.09837528117213261,0.14840288358307782,0.6980397766589752,0.006768776288608558,0.08649403939060181,middle,,,,
2019,N Rana,Kolkata Knight Riders,244,148,164.86,18,16,22.97,51,34.46,0.545728274554814,0.44451842962824634,0.45041487898657223,0.5489338410172622,0.5502343561261872,0.6299596192281804,middle,,,,
2016,Gurkeerat Singh,Kings XI Punjab,63,59,106.78,6,0,10.17,19,32.2,0.13150274371475765,0.1771042416840851,0.20791457086755988,0.5132628803343057,0.09726380558368249,0.17698906868567574,middle,,,,
2024,N Pooran,Lucknow Super Giants,288,168,171.43,16,21,22.02,39,23.21,0.5898795569818402,0.37395501036269735,0.3575493945924225,0.35005411800007696,0.5855892040127505,0.6653144671147437,middle,,,,
2021,KS Williamson,Sunrisers Hyderabad,118,115,102.61,7,1,6.96,39,33.91,0.26518527962839095,0.16717571375885143,0.15408309556113683,0.5142157665186965,0.1902744036388563,0.2699996667408496,middle,,,,
2023,Tilak Varma,Mumbai Indians,200,147,136.05,12,13,17.01,54,36.73,0.38641782385560886,0.25799098760992883,0.2931494515928065,0.6314492514091844,0.3188715954041902,0.3985968585061834,middle,Tilak Varma,2023.0,2366172.2646,13.47626291520644
2017,BA Stokes,Rising Pune Supergiant,247,168,147.02,17,12,17.26,46,27.38,0.5476260232358661,0.3575168341811775,0.3438712176681841,0.4184305460729247,0.5304440031620979,0.6101692662640912,middle,BA Stokes,2017.0,226171030.39200002,0.23453224855664825
2025,DP Conway,Chennai Super Kings,71,46,154.35,4,4,17.39,9,19.57,0.13564003325252558,0.29090133543229907,0.2554691785069925,0.30634371978690783,0.1856075189757271,0.2653327820777204,middle,DP Conway,2025.0,65593750.00000001,0.2829652504632333
2019,R Parag,Rajasthan Royals,99,90,110.0,12,1,14.44,35,38.89,0.14405010292817427,0.16726125009285303,0.2752204698836745,0.6362999383700387,0.09320256367312249,0.17292782677511576,middle,R Parag,2019.0,2888505.106,3.226671245258394
2019,DA Warner,Sunrisers Hyderabad,277,192,144.27,13,10,11.98,34,17.71,0.6371446860284631,0.34045854398052944,0.22469547030651998,0.21859927427708017,0.6130725512228172,0.6927978143248105,middle,,,,
2013,CH Gayle,Royal Challengers Bangalore,298,176,169.32,18,23,23.3,55,31.25,0.6370665905431439,0.5689070153768861,0.5396827369000063,0.43019367317814605,0.7022231897919529,0.7819484528939461,middle,,,,
2023,D Padikkal,Rajasthan Royals,81,81,100.0,5,1,7.41,26,32.1,0.15573829292859248,0.08458431392634082,0.0991980570172763,0.5273242038308509,0.06434069915806129,0.14406596226005453,middle,,,,
2021,SP Narine,Kolkata Knight Riders,53,27,196.3,2,5,25.93,6,22.22,0.10691624762665106,0.5756209536483781,0.5128571714790914,0.2631808814152628,0.3081545422086,0.38787980531059324,middle,,,,
2015,BB McCullum,Chennai Super Kings,131,84,155.95,12,7,22.62,31,36.9,0.2689091611307031,0.39562072233780426,0.43888440956648705,0.5839391715527876,0.30480259320864367,0.3845278563106369,middle,,,,
2017,G Gambhir,Kolkata Knight Riders,186,141,131.91,17,2,13.48,26,18.44,0.4036426208721244,0.28933268615042024,0.2693756081911906,0.24805290648785083,0.41397844288349356,0.4937037059854868,middle,,,,
2018,AB de Villiers,Royal Challengers Bangalore,310,185,167.57,18,22,21.62,47,25.41,0.5775241262054652,0.42330837973174545,0.39608779918100157,0.36880177698896455,0.5944690193223033,0.6741942824242966,middle,,,,
2023,RR Rossouw,Delhi Capitals,131,91,143.96,9,7,17.58,33,36.26,0.2526624655870027,0.2960394422239976,0.30466531564572846,0.6208793221733709,0.22769900383127295,0.3074242669332662,middle,RR Rossouw,2023.0,54421962.0858,0.41839543284435365
2025,N Rana,Rajasthan Royals,115,74,155.41,13,4,22.97,20,27.03,0.2181385983921068,0.29535991576136555,0.3516143798249097,0.4532680766667613,0.2427881140737248,0.32251337717571804,middle,N Rana,2025.0,44079000.00000001,0.5508022279854914
2024,N Wadhera,Mumbai Indians,101,69,146.38,8,6,20.29,24,34.78,0.20325724842091938,0.27046184938958384,0.32612293005618287,0.6224196259466174,0.18448501437552378,0.264210277477517,middle,,,,
2023,AD Russell,Kolkata Knight Riders,112,86,130.23,5,8,15.12,37,43.02,0.21583127997680682,0.22999579091538,0.2549652707857489,0.7729063894799663,0.13807553751721593,0.2178008006192092,middle,,,,
2013,Yuvraj Singh,Pune Warriors,141,123,114.63,7,9,13.01,58,47.15,0.296412983109622,0.26219153055652744,0.300270648802107,0.7670699474005735,0.22242798593496252,0.3021532490369558,middle,,,,
2017,RR Pant,Delhi Daredevils,252,148,170.27,20,15,23.65,38,25.68,0.5594279414624023,0.4624328792979945,0.469804271784054,0.38603211348963323,0.6030266486182043,0.6827519117201976,middle,,,,
2021,RA Tripathi,Kolkata Knight Riders,246,157,156.69,23,8,19.75,37,23.57,0.5768535272625863,0.40293960076093915,0.3959766343587456,0.2921712231509032,0.6031257842799193,0.6828510473819125,middle,,,,
2025,N Pooran,Lucknow Super Giants,276,137,201.46,21,22,31.39,40,29.2,0.5200083481073926,0.48905578760430046,0.4966936979426271,0.49600612685835394,0.5628609289840589,0.6425861920860522,middle,,,,
2015,V Kohli,Royal Challengers Bangalore,225,167,134.73,13,10,13.77,50,29.94,0.5075344247244917,0.29080935208962294,0.2574615792945624,0.4355017488352054,0.4576623114983517,0.5373875746003449,middle,,,,
2018,BA Stokes,Rajasthan Royals,146,115,126.96,10,4,12.17,29,25.22,0.27538396151155614,0.23450338111316962,0.22246979004870465,0.36489351066566467,0.2621734394198038,0.34189870252179705,middle,BA Stokes,2018.0,186543270.375,0.14054296297731228
2015,SS Iyer,Delhi Daredevils,212,127,166.93,15,14,22.83,37,29.13,0.4745330584827976,0.4498539384228671,0.443189358081414,0.4182267039499695,0.5195751591393871,0.5993004222413804,middle,,,,
2022,DP Conway,Chennai Super Kings,129,72,179.17,12,7,26.39,16,22.22,0.2559038665928606,0.42582840510051195,0.43878315939614465,0.28670381292295255,0.3628874840990805,0.44261274720107374,middle,DP Conway,2022.0,12437784.508000001,2.917621573726983
2025,Abdul Samad,Lucknow Super Giants,87,50,174.0,4,8,24.0,15,30.0,0.16563951148510056,0.3735533198343332,0.36936161232624565,0.5117620900626279,0.21609750959110396,0.2958227726930972,middle,Abdul Samad,2025.0,44079000.00000001,0.4902504811613329
2017,KH Pandya,Mumbai Indians,160,128,125.0,16,3,14.84,42,32.81,0.34227264609413605,0.25815118628989536,0.2961782613363523,0.5219149513242616,0.30611613476469557,0.3858413978666888,middle,,,,
2017,SPD Smith,Rising Pune Supergiant,242,204,118.63,17,5,10.78,56,27.45,0.5358241050093298,0.22940644618692224,0.21616445856476665,0.4197645991792955,0.4567611897406347,0.536486452842628,middle,,,,
2015,KK Nair,Rajasthan Royals,109,90,121.11,13,1,15.56,33,36.67,0.21306069518322074,0.22353645563438124,0.2941561404456071,0.5790339118940171,0.180533938547209,0.26025920164920224,middle,,,,
2016,DJ Bravo,Gujarat Lions,43,47,91.49,4,0,8.51,18,38.3,0.08878887928148993,0.1146162587766139,0.1786555798243785,0.6310200513912159,0.014943086744808654,0.0946683498468019,middle,,,,
2017,Mandeep Singh,Royal Challengers Bangalore,76,81,93.83,3,2,6.17,27,33.33,0.14400041988832787,0.11749599806231752,0.12531134753594658,0.5318250601144447,0.06914639281365792,0.14887165591565116,middle,,,,
2023,KR Mayers,Lucknow Super Giants,78,46,169.57,4,7,23.91,15,32.61,0.14992284256908786,0.41922792802251874,0.4325520164439687,0.5387937015122656,0.22445831544836653,0.30418357855035977,middle,,,,
2021,KD Karthik,Kolkata Knight Riders,98,86,113.95,9,4,15.12,36,41.86,0.2164871159355479,0.21661288976853477,0.30841079505984575,0.6849366678508009,0.1628683851208077,0.24259364822280094,middle,,,,
2024,AD Russell,Kolkata Knight Riders,126,73,172.6,10,10,27.4,29,39.73,0.2549447228274596,0.3787888226716212,0.45528024962419666,0.7389459236419825,0.26085929025989685,0.3405845533618901,middle,,,,
2015,CJ Anderson,Mumbai Indians,57,53,107.55,6,2,15.09,25,47.17,0.08105523021644406,0.15655991555118898,0.28452125567410375,0.8029696789248524,0.008122474188362205,0.08784773729035546,middle,,,,
2013,DA Miller,Kings XI Punjab,267,174,153.45,16,14,17.24,39,22.41,0.5698037763365248,0.47990400305106623,0.39868786285984403,0.2428989395852996,0.6309720066394485,0.7106972697414418,middle,,,,
2015,RV Uthappa,Kolkata Knight Riders,61,54,112.96,4,1,9.26,15,27.78,0.09120949675234996,0.183281381764321,0.16500768499779636,0.3894349624745765,0.08306655643582024,0.1627918195378135,middle,,,,
2015,AM Rahane,Rajasthan Royals,197,161,122.36,10,6,9.94,43,26.71,0.43645455897315044,0.2297105467187463,0.17894751828422673,0.36661484145333895,0.38054334656032185,0.4602686096623151,middle,,,,
2016,RV Uthappa,Kolkata Knight Riders,109,86,126.74,7,4,12.79,21,24.42,0.22974463191127337,0.2586778282657152,0.2540944242007737,0.363074226101066,0.23960309362867477,0.319328356730668,middle,,,,
2025,KL Rahul,Delhi Capitals,271,172,157.56,21,11,18.6,35,20.35,0.5106335111597129,0.3044032626552268,0.2763178691153581,0.32170578391107485,0.49075020476519504,0.5704754678671883,middle,KL Rahul,2025.0,146930000.0,0.3340027256279827
2016,SPD Smith,Rising Pune Supergiants,124,91,136.26,6,5,12.09,23,25.27,0.2617800302362241,0.29758466916036047,0.24175629544762503,0.37948301223194686,0.271154081580223,0.35087934468221627,middle,,,,
2021,RA Jadeja,Chennai Super Kings,65,69,94.2,6,0,8.7,26,37.68,0.1361351458423569,0.13051198798800165,0.18699120795424387,0.5951739801063737,0.06642515863986005,0.1461504217418533,middle,,,,
2025,RD Rickelton,Mumbai Indians,64,42,152.38,5,4,21.43,14,33.33,0.12251526152577402,0.2826151059528076,0.32507968268698995,0.5773462869004176,0.13234342016377598,0.21206868326576922,middle,RD Rickelton,2025.0,10495000.000000002,1.261014008230357
2022,N Rana,Kolkata Knight Riders,221,142,155.63,14,14,19.72,40,28.17,0.45045082858838326,0.34804743404030836,0.34109745151327364,0.3996012723860827,0.4530741289082373,0.5327993920102305,middle,N Rana,2022.0,99502276.06400001,0.45534046740480527
2015,MS Dhoni,Chennai Super Kings,192,196,97.96,15,4,9.69,78,39.8,0.42376172580326804,0.1091922887519402,0.17382257957598027,0.6457880976851136,0.2773739636463698,0.35709922674836303,middle,,,,
2019,MA Agarwal,Kings XI Punjab,202,126,160.32,14,10,19.05,28,22.22,0.4293801144974425,0.42157370496381524,0.3699034975465536,0.30754308896354104,0.48244828480370106,0.5621735479056943,middle,,,,
2013,MS Dhoni,Chennai Super Kings,207,155,133.55,14,8,14.19,48,30.97,0.43961768432371395,0.36829972168472624,0.32772509622246865,0.424261260801902,0.4428768310485024,0.5226020941504956,middle,,,,
2022,N Pooran,Sunrisers Hyderabad,197,145,135.86,8,13,14.48,41,28.28,0.3996994471982469,0.2827233134854985,0.26435485641488626,0.40168845230893047,0.3771098326254383,0.45683509572743153,middle,N Pooran,2022.0,133706183.46100001,0.28204367431924743
2022,MK Lomror,Royal Challengers Bangalore,44,33,133.33,4,1,15.15,7,21.21,0.07615939083612773,0.27436367640893455,0.27416736380342055,0.2675397063586229,0.14456214708054207,0.22428741018253534,middle,MK Lomror,2022.0,11815895.2826,1.2234548768676312
2022,MM Ali,Chennai Super Kings,89,78,114.1,5,3,10.26,23,29.49,0.17131823094263335,0.2108238262182924,0.2025507054005361,0.4246474314602561,0.1558823874076504,0.23560765050964366,middle,,,,
2014,DJ Hussey,Chennai Super Kings,84,66,127.27,6,4,15.15,20,30.3,0.14074076024478852,0.27320716723382743,0.30912963331173926,0.4459727394052286,0.16718613714728117,0.24691140024927444,middle,,,,
2024,C Green,Royal Challengers Bengaluru,127,93,136.56,12,4,17.2,24,25.81,0.25701222180372124,0.22989087770271857,0.2699912679654427,0.41125985012289495,0.24632332432230214,0.3260485874242954,middle,,,,
2019,CA Ingram,Delhi Capitals,122,107,114.02,13,3,14.95,45,42.06,0.2077645715310206,0.18757794461950777,0.28569516491796265,0.6988169877172852,0.1398606760508043,0.21958593915279756,middle,CA Ingram,2019.0,92432163.392,0.15131169813440634
2018,YK Pathan,Sunrisers Hyderabad,107,100,107.0,9,3,12.0,40,40.0,0.2035335564928826,0.1417048641856451,0.21934650311193318,0.6689154909728857,0.11542450687780911,0.19514976997980238,middle,YK Pathan,2018.0,28354577.097,0.40707539556293143
2013,AJ Finch,Pune Warriors,188,128,146.88,14,10,18.75,42,32.81,0.3983920885196572,0.4430577654341389,0.4338202489655611,0.46324568498864843,0.44574591324134993,0.5254711763433432,middle,,,,
2020,AJ Finch,Royal Challengers Bangalore,50,48,104.17,3,2,10.42,19,39.58,0.08669996625281019,0.17037122954766962,0.22242065658510787,0.6215226007149016,0.0406509530405903,0.12037621614258355,middle,AJ Finch,2020.0,61132383.1932,0.06649659463155375
2021,MM Ali,Chennai Super Kings,224,160,140.0,16,12,17.5,56,35.0,0.5232855472004591,0.33017888933222533,0.35342304074696923,0.5376227831793248,0.4808421560735637,0.560567419175557,middle,MM Ali,2021.0,92828160.90100001,0.5179916863659244
2021,R Tewatia,Rajasthan Royals,110,109,100.92,9,3,11.01,45,41.28,0.2457060141512537,0.1598080922900362,0.2306795640623343,0.6724815580680813,0.15614684020686445,0.23587210330885772,middle,,,,
2020,SPD Smith,Rajasthan Royals,136,102,133.33,10,4,13.73,23,22.55,0.2831779275745707,0.3131765053980134,0.2932048444876955,0.30556219456570693,0.3180238236634583,0.39774908676545156,middle,,,,
2021,JO Holder,Sunrisers Hyderabad,42,33,127.27,0,4,12.12,12,36.36,0.08013225759558738,0.2746819536529247,0.25167267024414397,0.566827868187081,0.08347935258375991,0.16320461568575317,middle,,,,
2016,SE Marsh,Kings XI Punjab,96,75,128.0,7,3,13.33,19,25.33,0.20198062002964934,0.26382726309000654,0.2636124092389171,0.38064127948824433,0.217326900900856,0.29705216400284923,middle,,,,
2024,MM Ali,Chennai Super Kings,70,69,101.45,3,3,8.7,23,33.33,0.13916478015680953,0.08483519379988366,0.1155837832498143,0.5882856599550458,0.04224200692436644,0.1219672700263597,middle,,,,
2017,CA Lynn,Kolkata Knight Riders,81,54,150.0,2,5,12.96,11,20.37,0.15580233811486405,0.3709641380284082,0.2591275349298053,0.2848346564206464,0.2307896876022455,0.31051495070423873,middle,,,,
2014,GJ Maxwell,Kings XI Punjab,400,193,207.25,33,29,32.12,47,24.35,0.7982408800092519,0.6707699066802824,0.6617599668138564,0.30405478259269053,0.9113647128557194,0.9910899759577126,middle,,,,
2013,EJG Morgan,Kolkata Knight Riders,186,153,121.57,19,6,16.34,58,37.91,0.3940525521192302,0.3011128226511204,0.3777480300816021,0.5713003389845213,0.36686542671013644,0.4465906898121297,middle,,,,
2024,PJ Cummins,Sunrisers Hyderabad,47,32,146.88,3,3,18.75,10,31.25,0.09161230370279251,0.2725275811455342,0.2981479269429984,0.5393210742567913,0.10681348784313568,0.18653875094512895,middle,PJ Cummins,2024.0,227303333.75,0.04699160636183836
2013,SE Marsh,Kings XI Punjab,146,105,139.05,16,3,18.1,25,23.81,0.3072618241106896,0.3991451260824584,0.4186970364034975,0.27256100146651957,0.3947802041006848,0.47450546720267806,middle,,,,
2018,SS Iyer,Delhi Daredevils,200,151,132.45,12,10,14.57,45,29.8,0.3748691376912579,0.26002762249253386,0.2665632526854784,0.45910329887994566,0.3393955876618731,0.41912085076386635,middle,,,,
2013,RG Sharma,Mumbai Indians,298,262,113.74,20,9,11.07,81,30.92,0.6370665905431439,0.2572001832994399,0.2551336759245633,0.4232019014490014,0.5531996823194594,0.6329249454214526,middle,,,,
2013,R Sathish,Kings XI Punjab,48,40,120.0,4,2,15.0,17,42.5,0.09462454048976514,0.29230786175940415,0.3465709457228864,0.668549527580807,0.09899627454804921,0.17872153765004245,middle,,,,
2018,DL Chahar,Chennai Super Kings,49,26,188.46,1,4,19.23,4,15.38,0.09667910800357327,0.5204306752535887,0.3521780593052143,0.16248645476424015,0.27141080988713007,0.3511360729891233,middle,DL Chahar,2018.0,11938769.304,2.2733566833911083
2025,SA Yadav,Mumbai Indians,532,304,175.0,51,28,25.99,78,25.66,0.9999999998285923,0.3777595276919431,0.40364995473173937,0.4262859896794423,0.9088006511809164,0.9885259142829096,middle,,,,
2016,SR Watson,Royal Challengers Bangalore,123,97,126.8,9,8,17.53,43,44.33,0.25964433701456074,0.2589230394478243,0.33764118175780966,0.7474259106491126,0.20343543566773528,0.28316069876972855,middle,SR Watson,2016.0,155456707.9905,0.13086307969429486
2013,SPD Smith,Pune Warriors,90,85,105.88,10,0,11.76,33,38.82,0.18575480489873275,0.21311929628740808,0.27118754772121545,0.5905806792073144,0.14866100650798883,0.2283862696099821,middle,,,,
2025,SO Hetmyer,Rajasthan Royals,125,91,137.36,9,5,15.38,27,29.67,0.23688827228746615,0.21943786393150735,0.2208362296451622,0.5052627552408648,0.1984566718902846,0.27818193499227784,middle,,,,
2013,KA Pollard,Mumbai Indians,204,161,126.71,14,11,15.53,59,36.65,0.4331083797230734,0.3299392551246374,0.35890218058118434,0.5446044832914233,0.4083280197738022,0.4880532828757954,middle,,,,
2024,JM Sharma,Punjab Kings,146,116,125.86,6,10,13.79,44,37.93,0.2962947023526918,0.18568421812538066,0.20804661821481998,0.6965727244800315,0.19503580606672533,0.27476106916871856,middle,,,,
2025,AR Patel,Delhi Capitals,183,117,156.41,15,11,22.22,38,32.48,0.3456363808805505,0.29956612361897544,0.33869163771228644,0.5606055759958766,0.321996154133415,0.4017214172354082,middle,,,,
2025,Washington Sundar,Gujarat Titans,76,50,152.0,7,3,20.0,13,26.0,0.14501487020020526,0.28101674696691586,0.30044032105892154,0.43298227404125866,0.17380852965377158,0.2535337927557648,middle,Washington Sundar,2025.0,33584000.0,0.5175337352720687
2024,SV Samson,Rajasthan Royals,276,179,154.19,20,13,18.44,38,21.23,0.5650695692667009,0.3027285794175286,0.29251659514748735,0.30344359892193096,0.5406888284837307,0.6204140915857239,middle,,,,
2024,Ashutosh Sharma,Punjab Kings,77,52,148.08,2,8,19.23,21,40.38,0.15363727299064078,0.2774853373598151,0.3068674084328222,0.7542473566726869,0.1166794299524842,0.19640469305447744,middle,,,,
2022,KD Karthik,Royal Challengers Bangalore,88,68,129.41,8,3,16.18,23,33.82,0.1692035900513777,0.26141119524682754,0.289252263221615,0.5068064229687188,0.17027539866572966,0.2500006617677229,middle,KD Karthik,2022.0,68407814.794,0.2489122027629282
2024,RA Tripathi,Sunrisers Hyderabad,54,39,138.46,3,2,12.82,7,17.95,0.10608479653662378,0.23774065837533004,0.19042599937080126,0.2262302137823758,0.14902919185958313,0.22875445496157637,middle,,,,
2020,SV Samson,Rajasthan Royals,251,139,180.58,11,19,21.58,29,20.86,0.5459100851559946,0.5445739431184777,0.46107671005727646,0.27420734510051964,0.6374741240516905,0.7171993871536837,middle,,,,
2020,PJ Cummins,Kolkata Knight Riders,48,62,77.42,3,1,6.45,34,54.84,0.08213071133835063,0.03936844734613685,0.1375224010040586,0.9046439041697879,-0.0759091973586243,0.003816065743368957,middle,PJ Cummins,2020.0,215352713.5215,-0.03524877681703593
2018,Q de Kock,Royal Challengers Bangalore,57,42,135.71,4,3,16.67,16,38.1,0.11141765262278835,0.2751840936941236,0.30514503249265557,0.6298328277398871,0.10675179115702141,0.18647705425901467,middle,Q de Kock,2018.0,41785692.563999996,0.2554745048045279
2016,DA Miller,Kings XI Punjab,82,73,112.33,5,2,9.59,23,31.51,0.17208091492636196,0.19978627602917765,0.19769154990066515,0.49994280688688475,0.13715036335259895,0.21687562645459219,middle,,,,
2015,DA Warner,Sunrisers Hyderabad,176,112,157.14,8,10,16.07,27,24.11,0.38314465965964445,0.40149845705011983,0.30461101541042984,0.31116408009332264,0.42565465190617296,0.5053799150081663,middle,,,,
2024,SS Iyer,Kolkata Knight Riders,239,168,142.26,24,7,18.45,43,25.6,0.48857210714502136,0.25344021972055275,0.29269825101185865,0.40631631022066744,0.4441661397904212,0.5238914028924144,middle,,,,
2022,Shahbaz Ahmed,Royal Challengers Bangalore,171,143,119.58,11,6,11.89,48,33.57,0.3447187840255992,0.22893086621021744,0.22642292486816426,0.5020628322349738,0.2893263056101827,0.3690515687121759,middle,Shahbaz Ahmed,2022.0,29850682.8192,0.9692451839798036
2022,DJ Hooda,Lucknow Super Giants,332,223,148.88,23,15,17.04,52,23.32,0.6851759675177638,0.3257440544882109,0.3018474219591366,0.3075756121514304,0.6447183523222155,0.7244436154242088,middle,,,,
2016,MS Dhoni,Rising Pune Supergiants,106,108,98.15,4,4,7.41,40,37.04,0.2233375522462832,0.14183469999072498,0.15926709178371617,0.606696439008969,0.1317345823491935,0.21145984545118673,middle,,,,
2016,HM Amla,Kings XI Punjab,46,26,176.92,6,1,26.92,4,15.38,0.09519595894648011,0.46375611356963303,0.5031483660321908,0.1885619594855792,0.27820088253739633,0.35792614563938957,middle,,,,
2025,SS Iyer,Punjab Kings,330,189,174.6,19,22,21.69,38,20.11,0.6212565871423332,0.37607704454889906,0.329559566619366,0.31697899494979265,0.612344497412451,0.6920697605144442,middle,,,,
2014,KD Karthik,Delhi Daredevils,224,172,130.23,16,9,14.53,51,29.65,0.4320382816594241,0.2879206669682798,0.29624626225862716,0.4304690970643631,0.40516225845687603,0.48488752155886927,middle,KD Karthik,2014.0,242127297.96249998,0.16733439883330564
2019,KH Pandya,Mumbai Indians,118,111,106.31,10,3,11.71,47,42.34,0.19668379438269945,0.14861234392286396,0.21915004352366158,0.7043389983851807,0.10489294771071497,0.18461821081270824,middle,,,,
2015,AR Patel,Kings XI Punjab,132,108,122.22,8,6,12.96,33,30.56,0.2714477277646796,0.22901904851729743,0.24085677787984391,0.4487246226979786,0.244290327803306,0.32401559090529924,middle,,,,
2020,RA Jadeja,Chennai Super Kings,43,44,97.73,3,1,9.09,17,38.64,0.07070757405220177,0.13883261581391745,0.19397867171790498,0.6040826252727265,0.01619505327497235,0.0959203163769656,middle,,,,
2024,YBK Jaiswal,Rajasthan Royals,120,73,164.38,5,8,17.81,17,23.29,0.24253972896988996,0.3448281926037971,0.28107227569209364,0.35193737129616365,0.2833072218362371,0.3630324849382303,middle,,,,
2020,WP Saha,Sunrisers Hyderabad,126,91,138.46,12,3,16.48,22,24.18,0.260331653002273,0.3382996557790924,0.35201345981461885,0.3358038541090532,0.31299714027665926,0.3927224033786525,middle,,,,
2025,JP Inglis,Punjab Kings,107,63,169.84,10,5,23.81,14,22.22,0.20313885927581932,0.3560554951466761,0.36608785099104774,0.35853534790106484,0.27083823658265493,0.35056349968464817,middle,JP Inglis,2025.0,27287000.000000004,0.992554097492047
2025,P Simran Singh,Punjab Kings,181,96,188.54,17,10,28.13,21,21.88,0.3418864461014786,0.4347115820839808,0.4405228455597578,0.35183906353924843,0.42165938791047897,0.5013846510124722,middle,,,,
2018,SR Watson,Chennai Super Kings,221,110,200.91,17,14,28.18,16,14.55,0.4135578173166975,0.5783135177259172,0.5166099303881833,0.14541350187824598,0.5785795948731206,0.6583048579751138,middle,SR Watson,2018.0,59693846.519999996,0.9692449533793599
2015,F du Plessis,Chennai Super Kings,229,194,118.04,17,3,10.31,51,26.29,0.5176886912603975,0.20837288793118064,0.1865324275724315,0.35765741077210556,0.4424378227477374,0.5221630858497307,middle,,,,
2020,RD Gaikwad,Chennai Super Kings,98,69,142.03,8,2,14.49,11,15.94,0.1963620841998393,0.3557830177401941,0.3094574072689544,0.1829257715095603,0.2891308998338085,0.36885616293580176,middle,,,,
2019,Mandeep Singh,Kings XI Punjab,71,59,120.34,2,2,6.78,10,16.95,0.06648466288992658,0.21951861860171132,0.11789465819220954,0.20361095960707784,0.10190005560948101,0.18162531871147425,middle,,,,
2021,SK Raina,Chennai Super Kings,109,85,128.24,5,8,15.29,35,41.18,0.24327110596661158,0.27891070680366487,0.31162595546606886,0.6703341253469227,0.20654846283821798,0.2862737259402112,middle,,,,
2016,V Kohli,Royal Challengers Bangalore,443,281,157.65,35,16,18.15,50,17.79,0.943066167946844,0.3850024555822577,0.3485692386534556,0.23508569428019455,0.8926503799068047,0.972375643008798,middle,,,,
2013,DJG Sammy,Sunrisers Hyderabad,107,93,115.05,5,6,11.83,34,36.56,0.22264086430236252,0.2645469978014452,0.2728162013817454,0.5426976364562022,0.20350050376743217,0.2832257668694254,middle,DJG Sammy,2013.0,52331263.46299,0.38886984624659965
2023,SM Curran,Punjab Kings,140,125,112.0,10,4,11.2,47,37.6,0.27010881666551656,0.14230636896664747,0.1757684513340741,0.6510148651010098,0.16372968126902035,0.24345494437101362,middle,SM Curran,2023.0,218870934.4755,0.07480649802194177
2016,AB de Villiers,Royal Challengers Bangalore,405,237,170.89,26,24,21.1,46,19.41,0.8619098255236353,0.43911238976766764,0.40056563839886833,0.2663589102002265,0.8481029229889367,0.92782818609093,middle,,,,
2017,N Rana,Mumbai Indians,183,146,125.34,10,11,14.38,54,36.99,0.39656146993620256,0.25968544243353914,0.28711265806666525,0.6015769796761193,0.33226194435713297,0.4119872074591262,middle,,,,
2022,AT Rayudu,Chennai Super Kings,214,140,152.86,18,13,22.14,46,32.86,0.4356483423495935,0.33889478791300326,0.3765396423793228,0.4885910345511381,0.4277768318192127,0.507502094921206,middle,,,,
2024,Abdul Samad,Sunrisers Hyderabad,86,62,138.71,7,4,17.74,19,30.65,0.17224476377699527,0.2387735242533052,0.2798006846414943,0.5251966745361409,0.16034867031865843,0.2400739334206517,middle,,,,
2024,M Shahrukh Khan,Gujarat Titans,87,51,170.59,5,7,23.53,14,27.45,0.1743122627532569,0.37048458101270076,0.38497943011249297,0.4498665426926725,0.23761776199037982,0.31734302509237305,middle,,,,
2023,Ishan Kishan,Mumbai Indians,96,60,160.0,11,3,23.33,16,26.67,0.18481554472611558,0.3731945891278742,0.4208341196883637,0.405207787340494,0.26293607898882865,0.3426613420908219,middle,,,,
2016,SV Samson,Delhi Daredevils,162,123,131.71,10,5,12.2,30,24.39,0.3429363726594328,0.27898948785041977,0.24369514425169123,0.36249509247291717,0.33428595483842694,0.4140112179404202,middle,SV Samson,2016.0,68728228.7958,0.4863881416639319
2018,Yuvraj Singh,Kings XI Punjab,50,49,102.04,3,2,10.2,22,44.9,0.09852142608097514,0.11864471168261295,0.1862764061343528,0.7697076224685139,-0.00227568889726823,0.07744957420472502,middle,Yuvraj Singh,2018.0,29846923.259999998,-0.007624534285977958
2020,RV Uthappa,Rajasthan Royals,63,59,106.78,4,2,10.17,20,33.9,0.11640012319679725,0.18315318325032384,0.21707441882811485,0.51614062144729,0.08825281300869993,0.16797807611069318,middle,RV Uthappa,2020.0,41681170.359,0.2117330493567678
2018,DJ Hooda,Sunrisers Hyderabad,41,37,110.81,1,1,5.41,8,21.62,0.08194056338435819,0.1594184087494662,0.09827320362179175,0.2908421487505094,0.07486418430658287,0.1545894474085761,middle,,,,
2025,HH Pandya,Mumbai Indians,109,79,137.97,9,6,18.99,30,37.97,0.2068887940548912,0.2220036507246493,0.2830376950139221,0.6687308734852058,0.15497349476705105,0.23469875786904432,middle,,,,
2020,Q de Kock,Mumbai Indians,146,104,140.38,9,8,16.35,30,28.85,0.30602420214686843,0.34770247229598733,0.34923341618098247,0.42244713635900855,0.3344873593706857,0.4142126224726789,middle,,,,
2017,WP Saha,Kings XI Punjab,103,98,105.1,5,4,9.18,32,32.65,0.20773077831162334,0.1683520767060391,0.1846319254528118,0.5188656870811282,0.14984349333544708,0.22956875643744035,middle,,,,
2025,B Sai Sudharsan,Gujarat Titans,265,179,148.04,26,6,17.88,35,19.55,0.49938370682249733,0.26436016385078076,0.2639120366872397,0.30594982070680105,0.4704074578093198,0.550132720911313,middle,,,,
2017,GJ Maxwell,Kings XI Punjab,272,141,192.91,17,24,29.08,37,26.24,0.6066356143685471,0.5645962883923916,0.576817806032751,0.3967045383405998,0.6907100315509854,0.7704352946529787,middle,,,,
2022,B Sai Sudharsan,Gujarat Titans,91,75,121.33,9,1,13.33,21,28.0,0.1755475127251447,0.23471322387187235,0.24751249298680508,0.39637563068713605,0.18107934980161128,0.2608046129036045,middle,B Sai Sudharsan,2022.0,2487556.9016,7.279405334814283
2015,DJ Hooda,Rajasthan Royals,127,80,158.75,4,10,17.5,25,31.25,0.2587548945947972,0.40945068636678206,0.33392566482159963,0.4634404016742906,0.30393617421533414,0.3836614373173274,middle,,,,
2020,SO Hetmyer,Delhi Capitals,90,60,150.0,4,6,16.67,17,28.33,0.17808506454200115,0.394814500885847,0.35607660050993356,0.4127994903697202,0.24956782392739774,0.329293087029391,middle,SO Hetmyer,2020.0,107676356.76075,0.23177588045806707
2013,YK Pathan,Kolkata Knight Riders,171,137,124.82,15,7,16.06,54,39.42,0.36150602911602747,0.3193396525225076,0.3712334154394824,0.603292991442123,0.33859480384904617,0.4183200669510394,middle,,,,
2019,MK Pandey,Sunrisers Hyderabad,190,164,115.85,16,2,10.98,45,27.44,0.3961377830524792,0.1968265891428357,0.2041568525922295,0.4104891449864516,0.3346917447059897,0.41441700780798296,middle,,,,
2022,Abhishek Sharma,Sunrisers Hyderabad,144,92,156.52,7,9,17.39,23,25.0,0.2876234799616958,0.3509881759368072,0.3069733586546396,0.3394525418821965,0.3288994001048875,0.40862466320688073,middle,Abhishek Sharma,2022.0,6840781.479400001,4.807921450134305
2013,BB Samantray,Sunrisers Hyderabad,72,63,114.29,6,2,12.7,21,33.33,0.14669897729488948,0.2602847237392132,0.29305803973404587,0.4742630222588158,0.15920360245272155,0.23892886555471482,middle,,,,
2023,V Shankar,Gujarat Titans,146,111,131.53,14,3,15.32,30,27.03,0.2817397173845258,0.2362490135447466,0.2590059248394058,0.4133039033509044,0.2654068822687449,0.34513214537073816,middle,,,,
2019,JM Bairstow,Sunrisers Hyderabad,217,125,173.6,15,13,22.4,30,24.0,0.47093302880364657,0.48868955155933147,0.4387078668894266,0.34264729963802015,0.542565401960998,0.6222906650629912,middle,JM Bairstow,2019.0,31773556.166,1.7076004937136442
2014,KA Pollard,Mumbai Indians,116,98,118.37,7,6,13.27,38,38.78,0.2073230508538481,0.2289672524917238,0.27006392753778635,0.6482356425599048,0.15891427342617195,0.23863953652816522,middle,,,,
2024,Shubman Gill,Gujarat Titans,166,98,169.39,14,5,19.39,14,14.29,0.33764468187792396,0.3655268247984198,0.3097739022627634,0.1400713754864088,0.4137142982971361,0.4934395613991293,middle,,,,
2014,Yuvraj Singh,Royal Challengers Bangalore,240,191,125.65,17,14,16.23,77,40.31,0.4653294269639539,0.2651545085953771,0.33157163450103133,0.6847288314545575,0.3811784547590711,0.4609037178610643,middle,Yuvraj Singh,2014.0,271182573.718,0.14056155951800012
2021,V Kohli,Royal Challengers Bangalore,141,126,111.9,11,3,11.11,39,30.95,0.32118816787516047,0.207675834140682,0.23257083488952432,0.45065175797240364,0.2756370999257571,0.3553623630277503,middle,,,,
2024,RR Pant,Delhi Capitals,306,217,141.01,25,14,17.97,68,31.34,0.6270945385545492,0.24827589033067682,0.2839787695220349,0.5414397342148888,0.5246662050042716,0.6043914681062649,middle,,,,
2024,DJ Mitchell,Chennai Super Kings,149,104,143.27,11,6,16.35,27,25.96,0.3024971992814766,0.2576129978675726,0.25455051949387986,0.4147909500530576,0.2872335726736176,0.36695883577561084,middle,DJ Mitchell,2024.0,155231545.0,0.18503556907432545
2022,SA Yadav,Mumbai Indians,162,134,120.9,10,7,12.69,44,32.84,0.32568701600429806,0.23329241598929432,0.23813935160074248,0.4882115472924386,0.2805228984618875,0.36024816156388073,middle,SA Yadav,2022.0,6218892.254000001,4.510817795266589
2022,AR Patel,Delhi Capitals,75,65,115.38,5,3,12.31,26,40.0,0.14171325846505384,0.21505320782224568,0.23257404890276784,0.6240679859068943,0.09958778171789151,0.17931304481988475,middle,AR Patel,2022.0,2487556.9016,4.003437334592689
2017,HM Amla,Kings XI Punjab,169,117,144.44,11,8,16.24,28,23.93,0.36351609890190123,0.34587453756176295,0.32376922780931283,0.3526807858303626,0.38879292878583993,0.46851819188783317,middle,,,,
2022,Tilak Varma,Mumbai Indians,288,215,133.95,21,12,15.35,58,26.98,0.5921317683025138,0.27641228312334937,0.27709647048656505,0.3770217804934567,0.5366440375776376,0.6163693006796308,middle,Tilak Varma,2022.0,2487556.9016,21.573136165547304
2022,SV Samson,Rajasthan Royals,236,169,139.64,17,15,18.93,65,38.46,0.4821704419572184,0.29521320603467305,0.32952748011485267,0.5948474669870254,0.42123631800174216,0.5009615811037355,middle,,,,
2023,Harpreet Singh,Punjab Kings,49,35,140.0,6,1,20.0,12,34.29,0.09370682242720993,0.2769911640606964,0.3535572296949767,0.5765755762275141,0.11345913785346938,0.19318440095546263,middle,,,,
2024,R Tewatia,Gujarat Titans,55,55,100.0,5,1,10.91,21,38.18,0.10815229551288538,0.07884457170762756,0.1557297292758777,0.7024578910303025,0.0008295755717116216,0.08055483867370487,middle,,,,
2024,WG Jacks,Royal Challengers Bengaluru,139,65,213.85,9,12,32.31,17,26.15,0.28182220951886056,0.5492116925375267,0.5444732790305186,0.4192636766312635,0.4152631958561974,0.49498845895819066,middle,,,,
2024,HH Pandya,Mumbai Indians,153,109,140.37,11,8,17.43,37,33.94,0.310767195186523,0.24563175368306042,0.2741693528459832,0.6026454663377069,0.2566080595557918,0.33633332265778504,middle,,,,
2024,RG Sharma,Mumbai Indians,87,66,131.82,10,3,19.7,25,37.88,0.1743122627532569,0.21030774065630906,0.3154052340582746,0.6953956911699773,0.1265440409771577,0.20626930407915095,middle,,,,
2013,DH Yagnik,Rajasthan Royals,78,65,120.0,11,1,18.46,29,44.62,0.15971758649617057,0.29230786175940415,0.4270729695147942,0.7134663641437973,0.1581877487989571,0.23791301190095038,middle,,,,
2016,SA Yadav,Kolkata Knight Riders,104,89,116.85,8,2,11.24,25,28.09,0.21906616580295643,0.2182588517480638,0.22677428196165866,0.43392157327792835,0.19930112990353038,0.2790263930055236,middle,,,,
2013,SR Watson,Rajasthan Royals,253,171,147.95,22,12,19.88,51,29.82,0.5394270215335356,0.449058598653334,0.46011137234268695,0.39989599568518563,0.578302272154329,0.6580275352563222,middle,,,,
2024,F du Plessis,Royal Challengers Bengaluru,109,61,178.69,5,7,19.67,8,13.11,0.21979724023101224,0.4039494354590967,0.3148602664651606,0.11229338936912986,0.3375359982417449,0.41726126134373814,middle,,,,
2020,RR Pant,Delhi Capitals,235,202,116.34,22,5,13.37,65,32.18,0.5093560458403182,0.22997137382403052,0.2855062621176256,0.48422917702118223,0.4367316658387524,0.5164569289407457,middle,,,,
2014,S Dhawan,Sunrisers Hyderabad,113,96,117.71,7,4,11.46,32,33.33,0.20108096110924878,0.22568653971309585,0.23245279591499135,0.5182435644711093,0.17141257709010418,0.25113784019209745,middle,,,,
2023,Atharva Taide,Punjab Kings,61,52,117.31,6,0,11.54,15,28.85,0.11696862386522838,0.16784837832198318,0.18263756322529082,0.45423426762575697,0.08961007170868443,0.1693353348106777,middle,,,,
2016,SK Raina,Gujarat Lions,165,149,110.74,14,0,9.4,34,22.82,0.34934345232442293,0.19328817970328624,0.19434262923909623,0.33218709926646656,0.30989232176505016,0.3896175848670434,middle,,,,
2017,SE Marsh,Kings XI Punjab,133,81,164.2,16,4,24.69,20,24.69,0.2785422876708406,0.43504189461588344,0.49030041830682475,0.36716479098524585,0.37797352398575323,0.4576987870877465,middle,,,,
2016,RR Pant,Delhi Daredevils,118,90,131.11,10,4,15.56,30,33.33,0.2489658709062438,0.2765373760293287,0.3029181622668053,0.5350769136612414,0.2357021592549064,0.31542742235689963,middle,RR Pant,2016.0,31091341.5981,0.7580958142678225
2020,AD Russell,Kolkata Knight Riders,112,76,147.37,8,9,22.37,34,44.74,0.22834686860105616,0.3819346011778085,0.4779708213693745,0.717256933993225,0.24940065270941736,0.3291259158114106,middle,,,,
2018,S Dhawan,Sunrisers Hyderabad,186,128,145.31,20,6,20.31,37,28.91,0.34907668460763147,0.31981664692579875,0.37202011749176245,0.4407961566286989,0.36145113393645756,0.4411763970384508,middle,,,,
2018,AT Rayudu,Chennai Super Kings,293,194,151.03,21,18,20.1,56,28.87,0.5462047188896332,0.34641020989300514,0.3681619395110448,0.4399733637185306,0.526524553238111,0.6062498163401042,middle,,,,
2021,M Shahrukh Khan,Punjab Kings,75,61,122.95,2,6,13.11,23,37.7,0.1604842276887784,0.2558487437444739,0.2703962514333256,0.5956034666506055,0.1401005622309089,0.21982582533290213,middle,,,,
2021,RV Uthappa,Chennai Super Kings,55,37,148.65,2,3,13.51,7,18.92,0.11178606399593537,0.3678889045424335,0.27796133474208584,0.19231560161703093,0.21692466918448935,0.2966499322864826,middle,,,,
2017,CH Morris,Delhi Daredevils,45,41,109.76,5,0,12.2,12,29.27,0.07082852688380341,0.1893804109100979,0.24414958170162668,0.4544499799449369,0.07141686513141005,0.15114212823340328,middle,,,,
2024,RR Rossouw,Punjab Kings,118,54,218.52,7,10,31.48,10,18.52,0.23840473101736676,0.5685056271381033,0.5293958422876983,0.23964839351699357,0.4192249627094653,0.49895022581145854,middle,RR Rossouw,2024.0,88703740.0,0.4726124994385415
2013,NLTC Perera,Sunrisers Hyderabad,112,85,131.76,6,6,14.12,25,29.41,0.23348970530343008,0.35826094461710056,0.3260964425619387,0.39120924899139975,0.281247486341982,0.3609727494439752,middle,NLTC Perera,2013.0,83114359.61769001,0.33838615569639957
2014,DA Warner,Sunrisers Hyderabad,271,205,132.2,14,13,13.17,59,28.78,0.5298310209914804,0.2977130975347904,0.2679859644647038,0.40971806808505085,0.484832325329552,0.5645575884315452,middle,DA Warner,2014.0,106536011.1035,0.45508774010558384
2013,MR Marsh,Pune Warriors,91,73,124.66,3,6,12.33,23,31.51,0.18792457309894625,0.31844233166730085,0.284449441814102,0.4357023418132298,0.21562177797952167,0.29534704108151494,middle,,,,
2022,Shubman Gill,Gujarat Titans,205,129,158.91,18,6,18.6,23,17.83,0.4166165743282923,0.3588852244004387,0.3246944540876642,0.203406359638391,0.4652164456726201,0.5449417087746133,middle,,,,
2024,DJ Hooda,Lucknow Super Giants,68,59,115.25,7,0,11.86,16,27.12,0.1350297822042863,0.14184939026411383,0.17298703639115381,0.44209812284631494,0.09675642555163097,0.17648168865362424,middle,,,,
2020,SP Narine,Kolkata Knight Riders,94,53,177.36,8,6,26.42,17,32.08,0.18722357437092021,0.5288046362516018,0.5645798730326615,0.4823738604847806,0.3248614528817929,0.40458671598378615,middle,,,,
2025,Q de Kock,Kolkata Knight Riders,43,27,159.26,3,2,18.52,3,11.11,0.08314094634551934,0.31155381601316356,0.27493944329001163,0.1397244089017122,0.18702190875802444,0.2667471718600177,middle,Q de Kock,2025.0,37782000.0,0.49500266994342396
2014,RV Uthappa,Kolkata Knight Riders,288,205,140.49,25,9,16.59,50,24.39,0.5652028628775433,0.338920838345132,0.3390523015641287,0.30500885289058993,0.5606472315402821,0.6403724946422753,middle,RV Uthappa,2014.0,96850919.185,0.5788765210058157
2024,P Simran Singh,Punjab Kings,72,47,153.19,3,6,19.15,15,31.91,0.14329977810933275,0.2985971159056279,0.3054141615178515,0.5548579139495067,0.15433020677282355,0.2340554698748168,middle,,,,
2017,P Negi,Royal Challengers Bangalore,61,56,108.93,5,2,12.5,20,35.71,0.10859466520871924,0.18563502091237932,0.25006193166011825,0.5771828657310528,0.07714205162650227,0.15686731472849552,middle,P Negi,2017.0,15598002.096,0.4945636700887789
2025,JM Sharma,Royal Challengers Bengaluru,138,76,181.58,15,7,28.95,21,27.63,0.2612628483514333,0.4054363753950161,0.45465171026955925,0.4650850490699666,0.32855452353957004,0.4082797866415633,middle,JM Sharma,2025.0,115445000.00000001,0.28459831394999346
2024,KD Karthik,Royal Challengers Bengaluru,125,83,150.6,14,4,21.69,23,27.71,0.252877223851198,0.28789662540980493,0.35155475106816875,0.4559871159049544,0.2677842937365427,0.34750955683853596,middle,,,,
2025,RA Jadeja,Chennai Super Kings,139,114,121.93,11,3,12.28,30,26.32,0.2631378157409693,0.15453607668858693,0.16742222891298594,0.43928465932296823,0.20249858951735505,0.2822238526193483,middle,,,,
2024,S Dube,Chennai Super Kings,280,181,154.7,20,18,20.99,58,32.04,0.5733395651717473,0.3048356258085979,0.3388388405621758,0.5579182005556476,0.5063064678812829,0.5860317309832761,middle,,,,
2014,STR Binny,Rajasthan Royals,88,93,94.62,2,3,5.38,37,39.78,0.14906354657092097,0.11091130023049217,0.10611264107156933,0.6720874000073901,0.03932927553872029,0.11905453864071354,middle,,,,
2022,JC Buttler,Rajasthan Royals,322,214,150.47,26,15,19.16,61,28.5,0.664029558605207,0.3309977394493716,0.3328959528004689,0.405862812154626,0.6159295968481456,0.6956548599501389,middle,,,,
2021,RM Patidar,Royal Challengers Bangalore,48,35,137.14,1,3,11.43,7,20.0,0.0947417067034403,0.3177106068465379,0.23862290153653254,0.21550787500554316,0.17572955272291146,0.2554548158249047,middle,RM Patidar,2021.0,2652233.1686,6.625720347795498
2018,E Lewis,Mumbai Indians,126,93,135.48,4,11,16.13,36,38.71,0.23853759996351842,0.2741147721062813,0.29522400339938143,0.6423804196199551,0.20363322835858438,0.2833584914605776,middle,E Lewis,2018.0,56709154.194,0.359083522321568
2015,RG Sharma,Mumbai Indians,292,215,135.81,22,11,15.35,57,26.51,0.6776183892009154,0.29614376678651444,0.2898511919306801,0.3623493982717993,0.616438200128463,0.6961634632304562,middle,RG Sharma,2015.0,5236600.1181,11.77172566600571
2014,DJG Sammy,Sunrisers Hyderabad,49,49,100.0,1,4,10.2,24,48.98,0.06791637989112961,0.13765408015324693,0.20627046119415057,0.8915235685242556,-0.04142129350714324,0.03830396959485001,middle,DJG Sammy,2014.0,67795643.4295,-0.0610972791344872
2018,KS Williamson,Sunrisers Hyderabad,488,299,163.21,34,25,19.73,65,21.74,0.9054567439830008,0.40303776180569306,0.3613641973545421,0.2933105274810145,0.8588874577028142,0.9386127208048074,middle,,,,
2016,RA Jadeja,Gujarat Lions,89,93,95.7,6,0,6.45,33,35.48,0.18703076747800568,0.13182191005460306,0.1423462294936836,0.5765814903452344,0.1023241348284753,0.18204939793046854,middle,,,,
2021,AB de Villiers,Royal Challengers Bangalore,135,121,111.57,9,3,9.92,41,33.88,0.3065787187673075,0.20623718616156417,0.2100647120459626,0.5135715367023491,0.24643276593103797,0.3261580290330312,middle,,,,
2022,RR Pant,Delhi Capitals,233,153,152.29,22,12,22.22,50,32.68,0.47582651928345143,0.3370113914174927,0.3777112850525806,0.48517564922284173,0.4602717600179567,0.53999702311995,middle,,,,
2023,B Sai Sudharsan,Gujarat Titans,199,141,141.13,15,7,15.6,35,24.82,0.3844793404024407,0.28242665757699187,0.26466284051452543,0.36360274673144055,0.3725234883516671,0.45224875145366034,middle,,,,
2023,SA Yadav,Mumbai Indians,457,244,187.3,50,22,29.51,66,27.05,0.8846080713198374,0.5045122643445719,0.5456903299463612,0.413753687573705,0.8854274648337727,0.9651527279357659,middle,SA Yadav,2023.0,2366172.2646,37.42024526618537
2018,SP Narine,Kolkata Knight Riders,49,30,163.33,7,2,30.0,12,40.0,0.09667910800357327,0.403595668721089,0.5500474728877367,0.6689154909728857,0.17464838340215552,0.2543736465041488,middle,,,,
2014,G Gambhir,Kolkata Knight Riders,124,97,127.84,12,1,13.4,21,21.65,0.22396862350611296,0.276040510088097,0.2727652795327938,0.2396550374844799,0.2686091002409822,0.34833436334297546,middle,,,,
2015,KD Karthik,Royal Challengers Bangalore,92,80,115.0,10,2,15.0,30,37.5,0.16990506240562067,0.1933574984140048,0.282676277739135,0.5967355010974068,0.13111945477704362,0.21084471787903686,middle,KD Karthik,2015.0,183281004.1335,0.07154012244582507
2017,Ishan Kishan,Gujarat Lions,54,62,87.1,4,1,8.06,26,41.94,0.09207197969156856,0.08712675145430984,0.16255915227444334,0.6959135921980562,-0.006875278795174772,0.07284998430681848,middle,,,,
2014,AR Patel,Kings XI Punjab,42,36,116.67,6,0,16.67,13,36.11,0.05335150382039782,0.22051693169828826,0.3407146720225948,0.5845514501751187,0.06006892693529997,0.1397941900372932,middle,AR Patel,2014.0,14527637.87775,0.41348034305906917
2015,MA Agarwal,Delhi Daredevils,73,59,123.73,6,2,13.56,14,23.73,0.12167229636006766,0.23647735054721042,0.25315663077963546,0.3030597380483972,0.15830042079846487,0.23802568390045814,middle,,,,
2022,R Powell,Delhi Capitals,137,119,115.13,5,9,11.76,48,40.34,0.272820993722906,0.21422715672772358,0.22451900552412027,0.6305192693047875,0.20132488924050845,0.2810501523425017,middle,R Powell,2022.0,34825796.6224,0.578091267870714
2025,Priyansh Arya,Punjab Kings,138,65,212.31,8,13,32.31,17,26.15,0.2612628483514333,0.5346931428593676,0.5125455949341116,0.43593651714206,0.38474003709736726,0.4644653001993605,middle,Priyansh Arya,2025.0,39881000.00000001,0.9647201351454758
2023,KL Rahul,Lucknow Super Giants,90,81,111.11,7,1,9.88,24,29.63,0.17318464400710631,0.13802531655115807,0.14910013457993873,0.4717758523149794,0.11542016662402436,0.19514542972601762,middle,,,,
2019,SV Samson,Rajasthan Royals,150,109,137.61,10,4,12.84,25,22.94,0.28533001156926824,0.30679954260054915,0.2423586815408098,0.3217425449667012,0.304427099350401,0.38415236245239426,middle,,,,
2018,N Rana,Kolkata Knight Riders,150,120,125.0,10,7,14.17,39,32.5,0.2827532338211637,0.225390901495036,0.25921434224601614,0.5146418203163121,0.24273436189138253,0.32245962499337577,middle,N Rana,2018.0,50739769.541999996,0.4783907457255171
2019,SN Khan,Kings XI Punjab,103,83,124.1,12,2,16.87,28,33.73,0.15513088007649536,0.23852129805947794,0.3251293109294004,0.5345371703473916,0.1537795215954414,0.23350478469743463,middle,SN Khan,2019.0,3610631.3825000003,4.259075638149595
2024,RD Gaikwad,Chennai Super Kings,227,165,137.58,15,8,13.94,40,24.24,0.46376211942988205,0.2341049704848574,0.21077145618038995,0.3743010041871933,0.40853527708800225,0.4882605401899955,middle,,,,
2018,DJM Short,Rajasthan Royals,58,31,187.1,4,5,29.03,12,38.71,0.11325997070019024,0.5141077302124346,0.5322263650720407,0.6423804196199551,0.22280948471429973,0.30253474781629297,middle,DJM Short,2018.0,59693846.519999996,0.3732536897913741
2019,PP Shaw,Delhi Capitals,101,65,155.38,8,4,18.46,13,20.0,0.1495904915023348,0.3966074186549409,0.35778571309512225,0.26376143295379756,0.257459474826615,0.33718473792860826,middle,,,,
2025,Tilak Varma,Mumbai Indians,232,174,133.33,15,10,14.37,50,28.74,0.43750978296781134,0.20248684626533955,0.2034336036001628,0.4869464480158965,0.3540513113707042,0.43377657447269746,middle,,,,
2024,R Ravindra,Chennai Super Kings,42,20,210.0,1,4,25.0,3,15.0,0.08127480882148448,0.5333055580167089,0.4116828421750781,0.1567852484891784,0.2759910331993802,0.3557162963013734,middle,R Ravindra,2024.0,19958341.5,1.3828355086487532
2022,V Kohli,Royal Challengers Bangalore,151,125,120.8,10,4,11.2,35,28.0,0.30242596620048556,0.23296199555148542,0.2163175068113155,0.39637563068713605,0.27581774685066995,0.3555430099526632,middle,,,,
2019,Yuvraj Singh,Mumbai Indians,90,65,138.46,6,6,18.46,24,36.92,0.1191183543444518,0.3110953610949911,0.35778571309512225,0.597448649028059,0.14069070461747138,0.22041596771946464,middle,Yuvraj Singh,2019.0,14442525.530000001,0.9741419831678939
2014,YK Pathan,Kolkata Knight Riders,196,117,167.52,10,17,23.08,42,35.9,0.373778777376497,0.47328093896075685,0.4739121050071894,0.5795425811111468,0.41988120836863313,0.49960647147062637,middle,YK Pathan,2014.0,62953097.470249996,0.6669746608847295
2025,AM Rahane,Kolkata Knight Riders,124,106,116.98,5,5,9.43,29,27.36,0.2350133048979302,0.13371534779341804,0.11831580888501751,0.4597674114885241,0.15983492773566826,0.2395601908376615,middle,AM Rahane,2025.0,15742500.000000002,1.0153084182033874
2017,RA Tripathi,Rising Pune Supergiant,79,62,127.42,6,4,16.13,22,35.48,0.15108157082424958,0.26907148001818343,0.3216013661578659,0.5727995483815486,0.15134706422011815,0.23107232732211141,middle,RA Tripathi,2017.0,1559800.2096000002,9.702977553704141
2016,Shakib Al Hasan,Kolkata Knight Riders,53,55,96.36,5,1,10.91,22,40.0,0.11014581149812379,0.13451923305780325,0.22095773554945997,0.6638376236529779,0.03989644149513641,0.11962170459712966,middle,,,,
2013,SR Tendulkar,Mumbai Indians,84,61,137.7,8,2,16.39,13,21.31,0.17273619569745163,0.3915739813666513,0.37891135412483784,0.2195930338214838,0.28752481502862753,0.36725007813062077,middle,,,,
2020,KA Pollard,Mumbai Indians,57,52,109.62,3,3,11.54,21,40.38,0.1026923584534186,0.1970615160148978,0.2463718017364366,0.6363651330061145,0.06327367531326863,0.1429989384152619,middle,,,,
2024,PP Shaw,Delhi Capitals,47,25,188.0,4,3,28.0,5,20.0,0.09161230370279251,0.44241336075489257,0.46617960148647636,0.2744885794945977,0.24435205558707754,0.3240773186890708,middle,,,,
2022,R Parag,Rajasthan Royals,63,53,118.87,3,3,11.32,17,32.08,0.11633756776998566,0.22658488110177463,0.21807497082120225,0.47379103146185386,0.1099023064183906,0.18962756952038384,middle,R Parag,2022.0,47263581.1304,0.23253063731072482
2025,V Kohli,Royal Challengers Bengaluru,278,200,139.0,20,9,14.5,40,20.0,0.5237582828864645,0.2263360448179875,0.20567354556635087,0.314812550009205,0.46507963886599707,0.5448049019679904,middle,,,,
2021,Abdul Samad,Sunrisers Hyderabad,60,56,107.14,2,3,8.93,19,33.93,0.12396060491914614,0.18692442692674083,0.191341130856781,0.5146452530629283,0.09058498757210967,0.17031025067410294,middle,,,,
2024,R Parag,Rajasthan Royals,410,270,151.85,26,25,18.89,76,28.15,0.8421144320857566,0.2930609547996808,0.30069110904419705,0.4663450090334313,0.7284790521106628,0.808204315212656,middle,,,,
2023,Rashid Khan,Gujarat Titans,41,19,215.79,2,4,31.58,7,36.84,0.07819895480186427,0.6415540433527664,0.5875110994017099,0.6339230646345878,0.24574298380074577,0.325468246902739,middle,,,,
2021,DA Warner,Sunrisers Hyderabad,81,73,110.96,4,4,10.96,29,39.73,0.17509367679663132,0.20357786716986162,0.22973392864873926,0.6391963508901237,0.11925581713998668,0.1989810802419799,middle,,,,
2016,PA Patel,Mumbai Indians,73,46,158.7,5,4,19.57,11,23.91,0.1528596759313915,0.3892936512691671,0.3735980141241289,0.3532289544225374,0.24314964806618158,0.32287491116817485,middle,,,,
2021,WP Saha,Sunrisers Hyderabad,41,47,87.23,0,0,0.0,12,25.53,0.07769734941094525,0.10012599885330209,0.02245064598870859,0.3342609044856107,0.029833627485366415,0.10955889058735967,middle,,,,
2018,JC Buttler,Rajasthan Royals,207,161,128.57,15,4,11.8,39,24.22,0.3877653642330712,0.24198863222806513,0.21567204789220204,0.34432368791145485,0.35707855305102587,0.4368038161530191,middle,JC Buttler,2018.0,65663231.172,0.5438028965033489
2025,N Wadhera,Punjab Kings,321,209,153.59,25,19,21.05,70,33.49,0.6043818806365098,0.2877046174605156,0.3185321600165941,0.5804974795412724,0.5174238258424269,0.5971490889444201,middle,,,,
2025,MS Dhoni,Chennai Super Kings,46,54,85.19,3,1,7.41,24,44.44,0.08876584851412718,0.0,0.08351055679501883,0.7961572258997702,-0.07151665500964854,0.008208608092344707,middle,,,,
2018,MM Ali,Royal Challengers Bangalore,72,35,205.71,4,6,28.57,7,20.0,0.13905242378381663,0.600629794341755,0.523775118066659,0.25751903588868946,0.3446820937651737,0.42440735686716696,middle,MM Ali,2018.0,25369884.770999998,1.3586269582082438
2015,SK Raina,Chennai Super Kings,226,170,132.94,16,10,15.29,54,31.76,0.5100729913584682,0.2819680536568122,0.2886212066407009,0.474317281787217,0.455509594154515,0.5352348572565082,middle,,,,
2021,JM Bairstow,Sunrisers Hyderabad,74,65,113.85,7,2,13.85,27,41.54,0.15804931950413625,0.21617693583546874,0.284391655554532,0.6780648831430934,0.11255789083623735,0.1922831539382306,middle,,,,
2022,SW Billings,Kolkata Knight Riders,138,109,126.61,7,8,13.76,37,33.94,0.2749356346141617,0.25215942298817967,0.25381007235556585,0.5090833465209164,0.2445416797547132,0.32426694285670643,middle,SW Billings,2022.0,24875569.016000003,0.9830596421630542
2019,SR Watson,Chennai Super Kings,147,82,179.27,16,7,28.05,23,28.05,0.2770194287080274,0.5173451878693148,0.5547510569751679,0.4225192396557955,0.4032654627910908,0.48299072589308406,middle,,,,
2025,AD Russell,Kolkata Knight Riders,98,73,134.25,11,7,24.66,40,54.79,0.18626415276999586,0.20635655749434056,0.38073362538535416,0.9999999998550628,0.08706501457035709,0.16679027767235033,middle,,,,
2023,HC Brook,Sunrisers Hyderabad,60,41,146.34,6,2,19.51,14,34.15,0.11503014041206018,0.3074876498069918,0.3436576272635174,0.57342708666791,0.13831651539086715,0.21804177849286038,middle,HC Brook,2023.0,156758912.52975,0.08823518430865435
2023,MK Pandey,Delhi Capitals,108,96,112.5,8,3,11.46,33,34.38,0.20807734616413404,0.14471145459332693,0.18102130160382807,0.5785996052301168,0.13035965258404758,0.21008491568604082,middle,,,,
2023,DP Conway,Chennai Super Kings,293,193,151.81,28,9,19.17,43,22.28,0.5666967850002519,0.3337992865628649,0.3367885153723007,0.3064801504357672,0.5595588869563676,0.6392841500583608,middle,,,,
2014,NV Ojha,Sunrisers Hyderabad,107,80,133.75,3,9,15.0,29,36.25,0.18859678162005009,0.30541780178762873,0.3060126887021154,0.5878906962177667,0.18612716432919849,0.26585242743119175,middle,NV Ojha,2014.0,9685091.918499999,1.921790375305239
2015,M Vijay,Kings XI Punjab,40,35,114.29,3,1,11.43,13,37.14,0.03789959743884403,0.18985061467808548,0.2094921529853756,0.5890577033706353,0.0113617522774489,0.09108701537944215,middle,M Vijay,2015.0,52366001.181,0.021696810948343512
2025,A Badoni,Lucknow Super Giants,208,151,137.75,16,8,15.89,45,29.8,0.3925105656189489,0.22107828499597518,0.229623694281746,0.5078230992615593,0.32469205699798903,0.40441732009998227,middle,,,,
2019,KA Pollard,Mumbai Indians,118,90,131.11,6,7,14.44,27,30.0,0.19668379438269945,0.2739491658783462,0.2752204698836745,0.460976099664354,0.20238065931352758,0.28210592241552085,middle,,,,
2019,SPD Smith,Rajasthan Royals,191,166,115.06,19,1,12.05,48,28.92,0.39890797733955946,0.19283400489506028,0.22613317354652032,0.4396769156596139,0.33426783491754697,0.4139930980195402,middle,,,,
2013,SS Tiwary,Royal Challengers Bangalore,72,67,107.46,1,4,7.46,23,34.33,0.14669897729488948,0.22198033973257475,0.1711416800029485,0.4954502093168301,0.11909157789290771,0.19881684099490096,middle,,,,
2023,RK Singh,Kolkata Knight Riders,213,173,123.12,14,8,12.72,52,30.06,0.41161810874679555,0.19579547330399838,0.2064774221418664,0.4814462131051919,0.33303937079597085,0.4127646338979641,middle,,,,
2023,HH Pandya,Gujarat Titans,183,138,132.61,13,7,14.49,37,26.81,0.3534636051517494,0.24144399849837425,0.24223721051672975,0.40835627690009796,0.32198027039423815,0.4017055334962314,middle,,,,
2023,MG Bracewell,Royal Challengers Bangalore,43,30,143.33,6,1,23.33,8,26.67,0.08207592170820069,0.2930090343343815,0.4208341196883637,0.405207787340494,0.15668871413644897,0.2364139772384422,middle,,,,
2024,DA Miller,Gujarat Titans,121,88,137.5,12,3,17.05,19,21.59,0.24460722794615158,0.23377445340390526,0.26726642999987277,0.31191823875432106,0.2568877566272032,0.33661301972919644,middle,,,,
2025,Nithish Kumar Reddy,Sunrisers Hyderabad,102,92,110.87,9,1,10.87,28,30.43,0.1937640223281396,0.10801541778342168,0.14312747374125417,0.520230920284925,0.11199515388880404,0.19172041699079728,middle,,,,
2016,DA Warner,Sunrisers Hyderabad,307,199,154.27,28,11,19.6,47,23.62,0.6526118898006236,0.37118889232344465,0.3741267910706924,0.34763066268376625,0.6387454052149176,0.7184706683169109,middle,,,,
2025,SE Rutherford,Gujarat Titans,194,119,163.03,15,12,22.69,34,28.57,0.3662610221654458,0.3274112196363529,0.346789889436197,0.4835983058349883,0.36387050034350427,0.4435957634454975,middle,SE Rutherford,2025.0,27287000.000000004,1.3334939727471111
2014,M Vijay,Delhi Daredevils,97,56,173.21,9,4,23.21,10,17.86,0.16778981580471897,0.5015646597340793,0.47661345700219676,0.14925687675851027,0.35017256661273627,0.4298978297147295,middle,M Vijay,2014.0,96850919.185,0.3615583306378882
2020,Abhishek Sharma,Sunrisers Hyderabad,44,32,137.5,4,2,18.75,11,34.38,0.07299220150943155,0.3335982475206448,0.4005572986481155,0.5250461408220178,0.13357546702895823,0.21330073013095147,middle,,,,
2024,RM Patidar,Royal Challengers Bengaluru,294,158,186.08,10,28,24.05,43,27.22,0.6022845508394099,0.4344809508120432,0.394425535059802,0.44445218946642323,0.6021665950338166,0.6818918581358099,middle,,,,
2013,SV Samson,Rajasthan Royals,126,111,113.51,8,4,10.81,37,33.33,0.2638664601064193,0.2559102845700802,0.24908439089973786,0.4742630222588158,0.24283052718434392,0.3225557902863372,middle,,,,
2016,MP Stoinis,Kings XI Punjab,58,44,131.82,3,2,11.36,11,25.0,0.12082427760644071,0.2794390416842864,0.22888938974791273,0.3742708095786082,0.15141485062429938,0.23114011372629262,middle,MP Stoinis,2016.0,9000125.19945,1.6823638257115845
2016,KP Pietersen,Rising Pune Supergiants,42,37,113.51,1,2,8.11,12,32.43,0.08665318605982655,0.2046087626106568,0.17160522053686492,0.5177029048167793,0.06148564077507543,0.1412109038770687,middle,KP Pietersen,2016.0,57273523.99649999,0.10735438730613614
2023,S Dube,Chennai Super Kings,323,213,151.64,10,26,16.9,63,29.58,0.6248512885952981,0.3329815574497938,0.2909270918632951,0.470651391757978,0.5638306381322401,0.6435559012342333,middle,,,,
2013,Azhar Mahmood,Kings XI Punjab,145,102,142.16,15,4,18.63,25,24.51,0.30509205591047606,0.4165868002055396,0.43102827126179544,0.2873920324071296,0.3977769325609759,0.47750219566296914,middle,,,,
2019,F du Plessis,Chennai Super Kings,156,116,134.48,9,7,13.79,29,25.0,0.3019511772917499,0.29098082273278053,0.2618703683693857,0.3623687663090758,0.3087555090652961,0.3884807721672893,middle,,,,
2015,EJG Morgan,Sunrisers Hyderabad,118,91,129.67,6,8,15.38,35,38.46,0.23590779488900898,0.26581663138011313,0.29046618457566964,0.6172096283687976,0.20312253656661555,0.2828477996686088,middle,EJG Morgan,2015.0,26183000.5905,0.7757802084773839
2021,MK Pandey,Sunrisers Hyderabad,150,114,131.58,9,5,12.28,31,27.19,0.3431023415369398,0.29347156816806896,0.25469870356764807,0.36990828765684247,0.3394814268621337,0.4192066899641269,middle,,,,
2025,R Ravindra,Chennai Super Kings,44,39,112.82,2,1,7.69,9,23.08,0.08501591373505528,0.1162175231057609,0.08833504718373153,0.3754730083456592,0.045450395687386944,0.1251756587893802,middle,R Ravindra,2025.0,41980000.00000001,0.10826678343827284
2016,NLTC Perera,Rising Pune Supergiants,57,43,132.56,3,3,13.95,15,34.88,0.11868858438477732,0.2824633129302988,0.2745404661345631,0.5649988177822598,0.12159819105737216,0.20132345415936542,middle,NLTC Perera,2016.0,16363863.999,0.743089719303479
2015,DJ Bravo,Chennai Super Kings,103,92,111.96,11,2,14.13,34,36.96,0.19782929537936186,0.17834210889682892,0.2648414910344374,0.5852188045072497,0.1476906062779757,0.22741586937996894,middle,,,,
2013,DA Warner,Delhi Daredevils,210,152,138.16,15,8,15.13,36,23.68,0.44612698892435454,0.3941537788253708,0.3495955882352991,0.2698066671489778,0.4911055090043591,0.5708307721063524,middle,,,,
2023,A Manohar,Gujarat Titans,63,56,112.5,5,2,12.5,19,33.93,0.1208455907715648,0.14471145459332693,0.20203270268284385,0.5684794602171037,0.06680055748839796,0.1465258205903912,middle,,,,
2022,WP Saha,Gujarat Titans,75,72,104.17,7,0,9.72,21,29.17,0.14171325846505384,0.17801307674387348,0.1946421173560458,0.41857563532106257,0.12198782620220178,0.20171308930419501,middle,WP Saha,2022.0,23631790.5652,0.5162022144096019
2024,A Badoni,Lucknow Super Giants,102,79,129.11,8,2,12.66,19,24.05,0.205324747397181,0.19911147453905814,0.18751950554086003,0.3698282776089874,0.18753148586583676,0.26725674896783,middle,,,,
2017,SA Yadav,Kolkata Knight Riders,66,60,110.0,5,1,10.0,17,28.33,0.12039658343525546,0.19046341524678764,0.2007923486726887,0.4365355525165287,0.10630765055347263,0.18603291365546587,middle,SA Yadav,2017.0,1559800.2096000002,6.815465846150546
2015,MEK Hussey,Chennai Super Kings,42,29,144.83,2,2,13.79,7,24.14,0.04297673070679696,0.3406960080512928,0.25787157439122216,0.3118038965705536,0.1258037225449591,0.20552898564695238,middle,MEK Hussey,2015.0,26183000.5905,0.48047863005665054
2025,H Klaasen,Sunrisers Hyderabad,310,190,163.16,25,14,20.53,35,18.42,0.5837572393516144,0.3279580266578421,0.309572392151842,0.2836945226807642,0.5705687733728597,0.650294036474853,middle,,,,
2020,JC Buttler,Rajasthan Royals,173,119,145.38,11,9,16.81,41,34.45,0.3677091434920723,0.37218897364206827,0.3590704936538496,0.5263448623974989,0.37236913313754844,0.4520943962395417,middle,,,,
2020,SM Curran,Chennai Super Kings,70,54,129.63,3,5,14.81,21,38.89,0.13239251539740568,0.2950564944019135,0.3163005915979054,0.6087209166137305,0.13594689563533358,0.2156721587373268,middle,SM Curran,2020.0,76415478.9915,0.17790491851847906
2025,V Nigam,Delhi Capitals,65,39,166.67,7,3,25.64,11,28.21,0.12439022891530996,0.34272181623805276,0.39761934174584856,0.47650812239306517,0.1865509718742205,0.2662762349762138,middle,V Nigam,2025.0,5247500.000000001,3.555044723663087
2014,LMP Simmons,Mumbai Indians,179,120,149.17,12,9,17.5,37,30.83,0.3384069354904341,0.3820671821610262,0.35796176552918035,0.4586141708523958,0.3652152219760121,0.4449404850780053,middle,,,,
2016,SW Billings,Delhi Daredevils,78,54,144.44,4,3,12.96,10,18.52,0.16353814203970843,0.33101512698790225,0.2570908268979671,0.24917794589848055,0.23171762792803474,0.311442891030028,middle,SW Billings,2016.0,4909159.1997,4.720108240576005
2013,RV Uthappa,Pune Warriors,117,101,115.84,7,5,11.88,35,34.65,0.24433854630449767,0.2689775195240286,0.27397952542498105,0.5022301091753947,0.23051397615072394,0.3102392392527172,middle,,,,
2020,Mandeep Singh,Kings XI Punjab,83,64,129.69,7,2,14.06,17,26.56,0.1620926723413927,0.29535033241806646,0.30026187832692636,0.37996038767541157,0.20233953572883712,0.28206479883083035,middle,,,,
2013,M Vijay,Chennai Super Kings,61,60,101.67,4,1,8.33,23,38.33,0.12283152709254082,0.18950854128478037,0.19138351835524903,0.5801989575488873,0.07735469622073914,0.1570799593227324,middle,,,,
2021,MA Agarwal,Punjab Kings,183,112,163.39,14,10,21.43,31,27.68,0.4234543116301308,0.4321485142763604,0.4277499842555386,0.3804307079905193,0.4778718588400166,0.5575971219420098,middle,,,,
2017,MC Henriques,Sunrisers Hyderabad,131,106,123.58,11,2,12.26,29,27.36,0.2738215203802261,0.25174341063114786,0.24533205169332498,0.418049388042533,0.2600367722236836,0.33976203532567684,middle,,,,
2024,TM Head,Sunrisers Hyderabad,110,77,142.86,8,6,18.18,25,32.47,0.22186473920727387,0.2559190978276933,0.2877935426738328,0.5680406870221135,0.19821809184447092,0.27794335494646416,middle,TM Head,2024.0,75398179.0,0.2628950652037245
2022,JM Bairstow,Punjab Kings,64,60,106.67,8,0,13.33,20,33.33,0.11845220866124133,0.18627358768909477,0.24751249298680508,0.4975089851305786,0.1006445448069668,0.18036980790896007,middle,JM Bairstow,2022.0,83955045.429,0.119879090402114
2015,GJ Bailey,Kings XI Punjab,89,85,104.71,5,1,7.06,24,28.24,0.16228936250369125,0.14253238060751156,0.11990822436522756,0.3992454817921178,0.11672375269982842,0.19644901580182167,middle,,,,
2022,D Brevis,Mumbai Indians,85,56,151.79,4,8,21.43,24,42.86,0.16285966737761065,0.33535928922844843,0.36614131365415964,0.6783346639009367,0.16845685062126767,0.24818211372326093,middle,D Brevis,2022.0,37313353.524000004,0.4514653192801767
2013,MC Juneja,Delhi Daredevils,94,92,102.17,8,1,9.78,30,32.61,0.1944338776995868,0.19231266895730148,0.22511991560908323,0.4590082475770455,0.16646323645326744,0.24618849955526068,middle,,,,
2022,R Tewatia,Gujarat Titans,59,59,100.0,6,1,11.86,23,38.98,0.10787900420496294,0.16423454448724437,0.22598355886569255,0.6047141357132148,0.05982745134063919,0.13955271444263245,middle,R Tewatia,2022.0,111940060.572,0.05344597013341626
2023,S Dhawan,Punjab Kings,145,97,149.48,18,4,22.68,32,32.99,0.27980123393135764,0.3225915875425386,0.40770199401397883,0.5473396017454766,0.2926909418615482,0.37241620496354144,middle,,,,
2024,JM Bairstow,Punjab Kings,105,57,184.21,6,9,26.32,20,35.09,0.21152724432596584,0.42675511404478883,0.43566141627209337,0.6297172324689535,0.2584371664348373,0.3381624295368305,middle,,,,
2023,Q de Kock,Lucknow Super Giants,58,43,134.88,3,3,13.95,11,25.58,0.11115317350572376,0.2523630872434988,0.2313274445718562,0.38069454719786244,0.1347580444524274,0.21448330755442063,middle,,,,
2022,SS Iyer,Kolkata Knight Riders,200,142,140.85,13,9,15.49,38,26.76,0.4060433698720139,0.2992112933321601,0.2791468451647663,0.3728474206477611,0.3958579688006602,0.47558323190265345,middle,,,,
2023,SO Hetmyer,Rajasthan Royals,125,104,120.19,3,9,11.54,38,36.54,0.24103156486799351,0.18170167153165678,0.18263756322529082,0.6271763012925791,0.1584280057404342,0.23815326884242743,middle,,,,
2019,MS Dhoni,Chennai Super Kings,159,158,100.63,5,7,7.59,57,36.08,0.31026176015299073,0.11990616857176963,0.1345309385407848,0.5808826170243723,0.19491092299720597,0.2746361860991992,middle,,,,
2021,KL Rahul,Punjab Kings,254,160,158.75,11,16,16.88,32,20.0,0.5963327927397236,0.4119202517820985,0.3416971616183908,0.21550787500554316,0.6258801670489779,0.7056054301509711,middle,,,,
2015,AB de Villiers,Royal Challengers Bangalore,316,169,186.98,31,16,27.81,39,23.08,0.7385439884163508,0.5488863594160827,0.5452781371496834,0.289197047708393,0.8067173164461636,0.8864425795481569,middle,,,,
2025,Aniket Verma,Sunrisers Hyderabad,149,89,167.42,5,15,22.47,33,37.08,0.28188748963632865,0.34587647213126016,0.34299921841649417,0.6512023644204511,0.2676323041476496,0.34735756724964284,middle,Aniket Verma,2025.0,3148500.0000000005,8.500311391063985
2013,V Kohli,Royal Challengers Bangalore,356,250,142.4,28,13,16.4,70,28.0,0.7629131461555277,0.4179327814883498,0.3791440189334849,0.36133531523959955,0.7392720921097042,0.8189973552116975,middle,,,,
2016,M Vijay,Kings XI Punjab,173,134,129.1,13,5,13.43,36,26.87,0.36642899809772994,0.2683228014286735,0.2653749990607955,0.4103701390665463,0.34464101090563587,0.4243662740076291,middle,,,,
2017,KK Nair,Delhi Daredevils,50,55,90.91,2,1,5.45,20,36.36,0.0826304451103396,0.10431944529925921,0.11112170763556692,0.5895705017187819,0.001710430861406459,0.08143569396339971,middle,,,,
2024,Naman Dhir,Mumbai Indians,46,23,200.0,4,3,30.43,6,26.09,0.08954480472653092,0.4919909228977015,0.5103219765287089,0.41785123665919854,0.23772726862443727,0.3174525317264305,middle,Naman Dhir,2024.0,2217593.5,10.720056161078992
2024,T Stubbs,Delhi Capitals,144,114,126.32,6,8,12.28,33,28.95,0.2921597044001686,0.18758469134085498,0.18061658269474956,0.48517754199429836,0.2290909790624816,0.30881624216447484,middle,T Stubbs,2024.0,5543983.75,4.1322447790811365
2016,GJ Maxwell,Kings XI Punjab,111,81,137.04,8,5,16.05,27,33.33,0.23401601835460015,0.30077241452777886,0.31155485239400943,0.5350769136612414,0.23274012678856737,0.3124653898905606,middle,,,,
2022,RA Tripathi,Sunrisers Hyderabad,208,128,162.5,16,11,21.09,32,25.0,0.4229604970020594,0.3707473181177765,0.3611618322928139,0.3394525418821965,0.453934451119104,0.5336597142210973,middle,RA Tripathi,2022.0,105721168.318,0.42936949935485863
2016,KL Rahul,Royal Challengers Bangalore,185,121,152.89,15,9,19.83,29,23.97,0.3920573167576906,0.36554903513493503,0.3781807476610127,0.35438722167883485,0.4280692691430686,0.5077945322450619,middle,,,,
2014,KP Pietersen,Delhi Daredevils,93,81,114.81,9,2,13.58,29,35.8,0.15946702947858651,0.21127128659488234,0.27650561306434246,0.5771574053663981,0.13082465110092278,0.21054991420291602,middle,KP Pietersen,2014.0,174331654.533,0.07504354355574502
2016,JC Buttler,Mumbai Indians,167,114,146.49,14,7,18.42,31,27.19,0.3536148387677497,0.3393931757099635,0.3533282311725274,0.41654756443346624,0.37206595707500106,0.4517912201769943,middle,JC Buttler,2016.0,62182683.1962,0.5983433617701112
2019,RR Pant,Delhi Capitals,309,211,146.45,24,12,17.06,51,24.17,0.7257909032150319,0.3514760549427451,0.3290316482951155,0.3459999489720996,0.6826818789194523,0.7624071420214455,middle,,,,
2021,D Padikkal,Royal Challengers Bangalore,127,103,123.3,7,6,12.62,30,29.13,0.2870994532901703,0.2573745825102049,0.2611290243800943,0.4115684824473182,0.27680404577175294,0.3565293088737462,middle,,,,
2022,HR Shokeen,Mumbai Indians,42,40,105.0,5,0,12.5,18,45.0,0.07193010905361635,0.18075556637768694,0.23535670025175515,0.7189398005817935,0.01505413709019146,0.09477940019218471,middle,HR Shokeen,2022.0,2487556.9016,0.605177597365054
2013,IK Pathan,Delhi Daredevils,68,92,73.91,3,0,3.26,38,41.3,0.13801990449403542,0.03382337290640846,0.07342246037115287,0.6431249031111897,0.006622446919143488,0.08634771002113674,middle,,,,
2022,AK Markram,Sunrisers Hyderabad,249,180,138.33,16,12,15.56,49,27.22,0.5096607735435422,0.29088469829937713,0.2801720325038669,0.3815756275978518,0.47471330930584993,0.5544385724078432,middle,AK Markram,2022.0,32338239.7208,1.467962738245501
2014,SK Raina,Chennai Super Kings,282,182,154.95,26,11,20.33,51,28.02,0.5527186833883446,0.410798272858707,0.4167681204974179,0.3915907324249619,0.570449906182779,0.6501751692847723,middle,,,,
2022,KL Rahul,Lucknow Super Giants,265,164,161.59,15,15,18.29,29,17.68,0.5434950278036332,0.36774049213371596,0.32015433872879007,0.20056020519814405,0.5690369965891506,0.6487622596911439,middle,,,,
2016,EJG Morgan,Sunrisers Hyderabad,75,65,115.38,7,1,12.31,21,32.31,0.15713106237471827,0.21225117778639066,0.2456339930557575,0.5153863703041844,0.13542972778600643,0.21515499088799966,middle,,,,
2018,HH Pandya,Mumbai Indians,146,114,128.07,13,4,14.91,34,29.82,0.27538396151155614,0.23966402008058207,0.2728098265590214,0.4595146953350298,0.25486540147821785,0.3345906645802111,middle,,,,
2015,DR Smith,Chennai Super Kings,105,63,166.67,11,5,25.4,20,31.75,0.20290642864731484,0.44856972747731905,0.49587372800218765,0.4741040096281399,0.3012500048358572,0.3809752679378504,middle,,,,
2015,CH Gayle,Royal Challengers Bangalore,138,84,164.29,4,13,20.24,21,25.0,0.28667912756853847,0.436814258052688,0.39009499306398077,0.3301453022511744,0.37237751763319843,0.45210278073519167,middle,,,,
2020,V Shankar,Sunrisers Hyderabad,72,72,100.0,8,0,11.11,29,40.28,0.1369617703118652,0.14994948742503814,0.23717627279440862,0.6345098164697129,0.07508755374194276,0.154812816843936,middle,,,,
2016,KH Pandya,Mumbai Indians,165,79,208.86,14,11,31.65,20,25.32,0.34934345232442293,0.5942901995123819,0.5865188646070388,0.3804482349455281,0.49897594764555503,0.5787012107475483,middle,KH Pandya,2016.0,32727727.998,1.5246275197473151
2017,TM Head,Royal Challengers Bangalore,82,60,136.67,5,2,11.67,9,15.0,0.1581627217601713,0.3108122721614331,0.23370443010829162,0.18249372526048457,0.2300160000261284,0.30974126312812167,middle,,,,
2017,KD Karthik,Gujarat Lions,220,168,130.95,13,7,11.9,40,23.81,0.4838956648125705,0.28500066880366137,0.23823723174313513,0.35039383764801263,0.4501854113101794,0.5299106744121727,middle,,,,
2018,MK Pandey,Sunrisers Hyderabad,160,133,120.3,12,2,10.53,36,27.07,0.3011764145951825,0.20353954730869503,0.1923392572469092,0.4029476827609529,0.25988131076594584,0.3396065738679391,middle,,,,
2022,DA Miller,Gujarat Titans,289,222,130.18,14,15,13.06,61,27.48,0.5942464091937696,0.26395543261795573,0.24355819896455994,0.38650896196094653,0.5259936045411251,0.6057188676431183,middle,DA Miller,2022.0,37313353.524000004,1.4096658564950622
2020,EJG Morgan,Kolkata Knight Riders,200,178,112.36,13,10,12.92,68,38.2,0.42939408483727626,0.2104801187525501,0.2758830341550381,0.5959192325125594,0.34265206382408175,0.422377326926075,middle,EJG Morgan,2020.0,72942048.12825,0.46975931251836445
2022,KA Pollard,Mumbai Indians,54,73,73.97,2,2,5.48,34,46.58,0.09730579974868453,0.07822610452560036,0.1325450556733812,0.7489192940190617,-0.021962376512508375,0.05776288658948488,middle,,,,
2023,P Simran Singh,Punjab Kings,100,56,178.57,4,9,23.21,16,28.57,0.19256947853878836,0.46251946930274873,0.4184097272561696,0.44793728850654885,0.28690591137177945,0.3666311744737727,middle,,,,
2024,AM Rahane,Chennai Super Kings,78,60,130.0,7,2,15.0,16,26.67,0.15570477196690238,0.20278847706464975,0.23002697780375062,0.43150482305582716,0.14510479164250153,0.2248300547444948,middle,,,,
2024,S Dhawan,Punjab Kings,49,35,140.0,4,2,17.14,9,25.71,0.09574730165531575,0.24410311218365713,0.26890133277921474,0.40890578350278667,0.12182788483463537,0.20155314793662862,middle,,,,
2014,M Vohra,Kings XI Punjab,90,71,126.76,5,4,12.68,26,36.62,0.15322493973398718,0.27067207099579677,0.25780394540659907,0.5967158464733362,0.13599919287258133,0.21572445597457457,middle,,,,
2014,CJ Anderson,Mumbai Indians,203,120,169.17,17,11,23.33,36,30.0,0.3883436534472288,0.4814827209073265,0.47910701268989586,0.43881721217098296,0.46317769913376367,0.542902962235757,middle,CJ Anderson,2014.0,87165827.2665,0.5313753263852455
2022,HH Pandya,Gujarat Titans,293,219,133.79,27,7,15.53,61,27.85,0.6027049727587922,0.2758836104228552,0.27973266650139517,0.3935294762468891,0.5421696993847915,0.6218949624867848,middle,,,,
2021,AT Rayudu,Chennai Super Kings,163,116,140.52,9,10,16.38,34,29.31,0.37475614793728784,0.3324458497841685,0.33224080748244056,0.41543386134540355,0.38290006251248826,0.4626253256144815,middle,,,,
2017,AR Patel,Kings XI Punjab,105,80,131.25,4,6,12.5,23,28.75,0.21245154560223783,0.28635442422452356,0.25006193166011825,0.4445398711547537,0.21697197585022027,0.2966972389522135,middle,,,,
2025,A Mhatre,Chennai Super Kings,47,25,188.0,2,3,20.0,3,12.0,0.0906408159036631,0.4324402298408715,0.30044032105892154,0.15725291796646684,0.23088220229368286,0.31060746539567613,middle,,,,
2024,Ishan Kishan,Mumbai Indians,64,51,125.49,4,3,13.73,16,31.37,0.12675978629923987,0.18415557662597737,0.20695668302859205,0.5421459542009214,0.08961664779271926,0.1693419108947125,middle,,,,
2015,Mandeep Singh,Royal Challengers Bangalore,85,55,154.55,10,4,25.45,20,36.36,0.15213509596778535,0.3887057403233155,0.4968987157438369,0.5724224749626305,0.22321504702746425,0.3029403101294575,middle,,,,
2019,Shubman Gill,Kolkata Knight Riders,143,102,140.2,7,7,13.73,24,23.53,0.2659386515597063,0.31988915424831915,0.2606380513065283,0.33337821030262405,0.29416963572304167,0.3738948988250349,middle,,,,
2023,A Badoni,Lucknow Super Giants,96,81,118.52,5,4,11.11,27,33.33,0.18481554472611558,0.17366868553854742,0.17395015700992852,0.5549859335330863,0.12374588613782513,0.20347114923981838,middle,,,,
2020,SS Iyer,Delhi Capitals,288,228,126.32,13,10,10.09,52,22.81,0.6304413010734963,0.2788464305108079,0.21536362274587706,0.31038601756035117,0.5690024910491446,0.6487277541511378,middle,,,,
2019,N Pooran,Kings XI Punjab,120,67,179.1,7,12,28.36,27,40.3,0.20222418295686,0.5164860241704263,0.5611180284665979,0.6641072063762271,0.29612731803469006,0.3758525811366833,middle,N Pooran,2019.0,60658607.226,0.4881868074078718
2018,Shubman Gill,Kolkata Knight Riders,117,82,142.68,9,4,15.85,19,23.17,0.22195673726690143,0.30758918703003774,0.2900797660917578,0.32272537401953455,0.2633130243369771,0.34303828743897036,middle,Shubman Gill,2018.0,26862230.933999997,0.9802351300751316
2019,DA Miller,Kings XI Punjab,151,119,126.89,11,6,14.29,38,31.93,0.28810020585634855,0.2526216905294697,0.27213967722653093,0.4990385303394914,0.2608869012213277,0.3406121643233209,middle,,,,
2018,SA Yadav,Mumbai Indians,187,141,132.62,21,3,17.02,43,30.5,0.35091900268503345,0.26081799062267813,0.31157532912718505,0.47350217480789253,0.32659523019868875,0.406320493300682,middle,SA Yadav,2018.0,47755077.216,0.6838963503743751
2023,AK Markram,Sunrisers Hyderabad,171,133,128.57,12,5,12.78,32,24.06,0.3302018037137309,0.22201090663480424,0.20768961835796346,0.34651094626501855,0.303000449380015,0.38272571248200826,middle,,,,
2021,PP Shaw,Delhi Capitals,116,75,154.67,9,6,20.0,17,22.67,0.26031546325910665,0.3941333313130061,0.40070481142672076,0.2728443286604763,0.352064466554436,0.43178972965642926,middle,,,,
2023,N Rana,Kolkata Knight Riders,262,174,150.57,23,14,21.26,57,32.76,0.5066037979520376,0.32783467420869983,0.3790133502330151,0.5421670831832698,0.47100269403418915,0.5507279571361824,middle,,,,
2023,Aman Hakim Khan,Delhi Capitals,71,70,101.43,4,4,11.43,33,47.14,0.13635345839691043,0.09146285881864406,0.18041520349577952,0.8655619393768852,-0.0005077228130995759,0.07921754028889368,middle,,,,
2014,Shakib Al Hasan,Kolkata Knight Riders,122,90,135.56,9,5,15.56,29,32.22,0.21980723034304675,0.3144149080441689,0.3176492819113779,0.49176811370440054,0.23534649032908356,0.3150717534310768,middle,Shakib Al Hasan,2014.0,54236514.743599996,0.43392627907908643
2014,JP Duminy,Delhi Daredevils,192,190,101.05,5,6,5.79,53,27.89,0.3654559910503646,0.1428733959374277,0.11463228967120799,0.3884900039567888,0.2804552687644038,0.36018053186639704,middle,JP Duminy,2014.0,42614404.4414,0.6581231685404966
2013,SK Raina,Chennai Super Kings,297,207,143.48,21,11,15.46,44,21.26,0.6348968223429303,0.42398969726099534,0.3572735269206545,0.21853367446858318,0.6628623375430571,0.7425876006450504,middle,,,,
2013,A Mishra,Sunrisers Hyderabad,45,58,77.59,3,0,5.17,26,44.83,0.08811523588912457,0.054461752576163855,0.11786143882275515,0.7179156734259803,-0.03318013243649623,0.04654513066549702,middle,,,,
2022,PBB Rajapaksa,Punjab Kings,124,79,156.96,7,8,18.99,23,29.11,0.2453306621365822,0.3524420258631661,0.33040621211979604,0.41743717354496374,0.28459094518318206,0.3643162082851753,middle,PBB Rajapaksa,2022.0,6218892.254000001,4.5762321255868805
2020,MS Dhoni,Chennai Super Kings,85,93,91.4,5,1,6.45,38,40.86,0.16666192725585227,0.10783270510977906,0.1375224010040586,0.6452706523808422,0.06412970306225879,0.14385496616425203,middle,,,,
2023,MP Stoinis,Lucknow Super Giants,268,186,144.09,14,19,17.74,59,31.72,0.5182346986710468,0.29666476448693424,0.30789783888865396,0.5187783035976398,0.4614110953411205,0.5411363584431138,middle,,,,
2025,TM Head,Sunrisers Hyderabad,96,55,174.55,9,5,25.45,13,23.64,0.182514217990924,0.3758667341560187,0.39434558041065065,0.38650218258865093,0.2603400742039448,0.340065337305938,middle,,,,
2018,F du Plessis,Chennai Super Kings,43,37,116.22,2,2,10.81,13,35.14,0.08562519953916198,0.18457071218523308,0.19748349455453282,0.5689461523874261,0.04957884172032086,0.1293041048223141,middle,F du Plessis,2018.0,23877538.608,0.20763799206552144
2019,MP Stoinis,Royal Challengers Bangalore,78,74,105.41,1,5,8.11,26,35.14,0.0858760228994885,0.1440638302228666,0.14521101975221581,0.5623444383535801,0.028493283666177913,0.10821854676817116,middle,,,,
2025,RR Pant,Lucknow Super Giants,108,92,117.39,9,5,15.22,38,41.3,0.20501382666535525,0.13543989301503806,0.21807937799446922,0.7343150703229955,0.10139589077109037,0.18112115387308364,middle,RR Pant,2025.0,283365000.0,0.035782785725509636
2022,R Ashwin,Rajasthan Royals,69,61,113.11,1,4,8.2,18,29.51,0.12902541311751975,0.2075526638839848,0.17238090656414715,0.4250269187189557,0.1149569272282495,0.19468219033024275,middle,R Ashwin,2022.0,62188922.54,0.18485113189460559
2014,GJ Bailey,Kings XI Punjab,68,88,77.27,4,0,4.55,39,44.32,0.10744961494025873,0.02466832036807664,0.0888655475649837,0.7803743788189738,-0.04494157818816803,0.03478368491382522,middle,GJ Bailey,2014.0,62953097.470249996,-0.07138898639484142
2017,DA Warner,Sunrisers Hyderabad,282,193,146.11,21,13,17.62,52,26.94,0.6302394508216194,0.3534104427378957,0.35096603761837397,0.41004506940430807,0.5983988871214774,0.6781241502234706,middle,,,,
2018,V Shankar,Delhi Daredevils,100,84,119.05,7,3,11.9,25,29.76,0.1906373299510694,0.19772801693998732,0.2175092755020676,0.4582805059697773,0.16367402294930983,0.24339928605130307,middle,V Shankar,2018.0,47755077.216,0.34273638006907464
2019,KS Williamson,Sunrisers Hyderabad,88,82,107.32,6,2,9.76,28,34.15,0.11357796577029125,0.15371678707508316,0.1790997389807951,0.5428201863492349,0.06423331926507,0.14395858236706327,middle,,,,
2024,VR Iyer,Kolkata Knight Riders,182,131,138.93,13,9,16.79,42,32.06,0.37072466549810973,0.23968244622592336,0.26254337752621826,0.5583890138796692,0.3093153389955746,0.38904060209756786,middle,,,,
2017,CH Gayle,Royal Challengers Bangalore,70,39,179.49,4,6,25.64,11,28.21,0.1298381180164844,0.504038295899158,0.509022859842048,0.4342486043341788,0.27003683428450875,0.349762097386502,middle,,,,
2016,RG Sharma,Mumbai Indians,153,132,115.91,10,4,10.61,36,27.27,0.3237151336644623,0.2144172098950211,0.21566996608382477,0.4180919207751962,0.2828128789618019,0.36253814206379514,middle,,,,
2020,RA Tripathi,Kolkata Knight Riders,62,60,103.33,3,1,6.67,16,26.67,0.11411549573956747,0.16625749732152803,0.1422270902302125,0.3820012358654534,0.09321481666106421,0.17294007976305747,middle,RA Tripathi,2020.0,8336234.0718,1.1181885712205872
2022,A Manohar,Gujarat Titans,58,38,152.63,7,2,23.68,12,31.58,0.10576436331370724,0.33813482090604285,0.39909376383953593,0.4643038499943639,0.17300991969181306,0.2527351827938063,middle,A Manohar,2022.0,32338239.7208,0.5350010426836339
2020,KM Jadhav,Chennai Super Kings,48,41,117.07,6,0,14.63,14,34.15,0.08213071133835063,0.23354640302055826,0.31245130041287045,0.520778912788294,0.09410296750176325,0.17382823060375652,middle,,,,
2016,S Dhawan,Sunrisers Hyderabad,211,177,119.21,20,2,12.43,55,31.07,0.44758534052093857,0.22790382491102207,0.24774910084201154,0.49144884700736985,0.37769947065698584,0.4574247337589791,middle,,,,
2024,KH Pandya,Lucknow Super Giants,59,51,115.69,2,3,9.8,17,33.33,0.11642229141793183,0.14366723420935015,0.13556592833066036,0.5882856599550458,0.04569405707227342,0.12541932017426666,middle,,,,
2022,S Dube,Chennai Super Kings,197,131,150.38,16,10,19.85,42,32.06,0.3996994471982469,0.3307003610553437,0.34300137085731763,0.47341154420315434,0.3928876314060333,0.4726128945080265,middle,,,,
2017,AB de Villiers,Royal Challengers Bangalore,81,75,108.0,2,5,9.33,22,29.33,0.15580233811486405,0.18143837910770663,0.18758810043205756,0.4555934540361119,0.12547231350339233,0.20519757660538557,middle,,,,
2024,RK Singh,Kolkata Knight Riders,79,61,129.51,5,3,13.11,18,29.51,0.15777227094316398,0.20076405994381832,0.19569401943756973,0.49836031506690537,0.12591377561180958,0.20563903871380285,middle,RK Singh,2024.0,2217593.5,5.677946639535586
2025,KH Pandya,Royal Challengers Bengaluru,68,49,138.78,3,4,14.29,17,34.69,0.13001513108391777,0.22541067908931334,0.2020551777748163,0.6041314243476831,0.09122005927935486,0.17094532238134813,middle,KH Pandya,2025.0,60346250.00000001,0.15116110657970436
2021,SS Tiwary,Mumbai Indians,73,66,110.61,4,2,9.09,19,28.79,0.1556144113194941,0.2020520284041307,0.19436716418028513,0.4042672111953791,0.14312712817381573,0.22285239127580897,middle,,,,
2019,Ishan Kishan,Mumbai Indians,78,75,104.0,6,3,12.0,31,41.33,0.0858760228994885,0.13693782542620414,0.22510624266080578,0.6844203170474145,0.017919351070130318,0.09764461417212357,middle,,,,
2025,T Stubbs,Delhi Capitals,159,124,128.23,9,6,12.1,29,23.39,0.300637163531688,0.18103518619152908,0.16432077080595636,0.3815784440873154,0.2513687520265373,0.33109401512853054,middle,,,,
2024,B Sai Sudharsan,Gujarat Titans,304,194,156.7,28,10,19.59,40,20.62,0.622959540602026,0.3130985528323994,0.31340701955018996,0.28908379253926975,0.5971618437335247,0.6768871068355179,middle,,,,
2022,PP Shaw,Delhi Capitals,46,25,184.0,4,3,28.0,6,24.0,0.08038867261863908,0.4417877122466795,0.4623624681954584,0.3204781789472167,0.22522410961856343,0.30494937272055667,middle,,,,
2022,RV Uthappa,Chennai Super Kings,63,38,165.79,2,6,21.05,13,34.21,0.11633756776998566,0.3816181505216877,0.36057601095618497,0.514206424513361,0.17682941666105967,0.2565546797630529,middle,RV Uthappa,2022.0,24875569.016000003,0.7108557659417669
2019,AT Rayudu,Chennai Super Kings,169,166,101.81,11,4,9.04,58,34.94,0.33796370302379347,0.12586977542287728,0.16431193422650597,0.5584001450193689,0.2293142528873254,0.30903951598931867,middle,,,,
2020,F du Plessis,Chennai Super Kings,167,132,126.52,12,3,11.36,25,18.94,0.35400137874869364,0.2798258905646512,0.24252251055140162,0.23858526760160872,0.36793631875830884,0.4476615818603021,middle,,,,
2015,MC Henriques,Sunrisers Hyderabad,134,110,121.82,8,5,11.82,34,30.91,0.2765248610326326,0.22704333937030055,0.2174870573702401,0.45618914826567314,0.2415924724581096,0.32131773556010285,middle,,,,
2017,SS Iyer,Delhi Daredevils,237,156,151.92,25,7,20.51,39,25.0,0.5240221867827937,0.3796281727219259,0.4079216755518425,0.37307274045631666,0.5400759882619178,0.6198012513639111,middle,,,,
2022,YBK Jaiswal,Rajasthan Royals,74,57,129.82,6,2,14.04,14,24.56,0.13959861757379813,0.2627659190418438,0.2579108217119682,0.3311038221908054,0.1758700696758242,0.25559533277781743,middle,,,,
2019,MM Ali,Royal Challengers Bangalore,144,76,189.47,7,14,27.63,23,30.26,0.2687088458467866,0.5688950098026179,0.5461248375351657,0.4661036809988285,0.4016398109254822,0.4813650740274754,middle,,,,
2014,AM Rahane,Rajasthan Royals,109,90,121.11,9,1,11.11,23,25.56,0.19275817478311633,0.24258718129996693,0.22517992515920224,0.3329154091041478,0.205435597427494,0.28516086052948725,middle,,,,
2013,Gurkeerat Singh,Kings XI Punjab,58,50,116.0,5,1,12.0,15,30.0,0.11632222249190027,0.2698748403792353,0.2767715031287466,0.4037096893556282,0.1486325928619145,0.22835785596390773,middle,,,,
2022,MR Marsh,Delhi Capitals,71,69,102.9,3,3,8.7,23,33.33,0.13325469490003108,0.17381673718370108,0.17970367327200856,0.4975089851305786,0.09518771470342119,0.17491297780541443,middle,MR Marsh,2022.0,80845599.302,0.11774013121956829
2024,Abhishek Sharma,Sunrisers Hyderabad,99,50,198.0,8,8,32.0,16,32.0,0.19912225046839618,0.48372799587390003,0.5388419472350074,0.5569765739076041,0.3007892738023677,0.38051453690436093,middle,Abhishek Sharma,2024.0,2217593.5,13.56376963597556
2015,DA Miller,Kings XI Punjab,221,186,118.82,17,8,13.44,63,33.87,0.49738015818858583,0.2122255207678244,0.2506966601996771,0.519317707352461,0.4078475733506593,0.48757283645265254,middle,,,,
2014,SR Watson,Rajasthan Royals,165,111,148.65,13,11,21.62,51,45.95,0.30927718334897053,0.37948237815362246,0.44357384414018347,0.8192527434583751,0.28613068026162486,0.3658559433636181,middle,,,,
2018,RV Uthappa,Kolkata Knight Riders,161,109,147.71,14,10,22.02,42,38.53,0.3030187326725844,0.3309747852337176,0.4034367096204638,0.6386778515241973,0.29465919332743606,0.3743844564294293,middle,RV Uthappa,2018.0,95510154.432,0.3085108542434862
2020,Shubman Gill,Kolkata Knight Riders,133,122,109.02,8,2,8.2,37,30.33,0.2763240452028814,0.19412313585336805,0.17494606530300977,0.4499058210977524,0.22430422575936698,0.3040294888613602,middle,,,,
2015,S Dhawan,Sunrisers Hyderabad,107,76,140.79,8,4,15.79,18,23.68,0.20798356191526776,0.3207413456666248,0.2988710840571938,0.30199337725301223,0.261984794593038,0.3417100576950312,middle,,,,
2024,AR Patel,Delhi Capitals,128,94,136.17,10,6,17.02,33,35.11,0.2590797207799828,0.22827960693307722,0.26672146240675876,0.6301880457929749,0.2030543420266662,0.28277960512865946,middle,,,,
2016,DJ Hooda,Sunrisers Hyderabad,102,85,120.0,7,3,11.76,27,31.76,0.21479477935962965,0.23113243880879206,0.2359397490354263,0.5047689204547908,0.1874097208464684,0.26713498394846164,middle,,,,
2017,KS Williamson,Sunrisers Hyderabad,151,100,151.0,10,7,17.0,24,24.0,0.3210291932863709,0.3754766560979487,0.3387471810374914,0.35401483893673347,0.36641281987863294,0.4461380829806262,middle,,,,
2016,JP Duminy,Delhi Daredevils,127,107,118.69,8,2,9.35,22,20.56,0.26818710990121425,0.22577866133274316,0.19346133432815701,0.2885590326125948,0.26326374666390684,0.3429890097659001,middle,,,,
2018,RR Pant,Delhi Daredevils,415,248,167.34,34,25,23.79,69,27.82,0.7709675243326632,0.4222390581439033,0.4359556383150845,0.4183750498266102,0.7469618546069965,0.8266871177089897,middle,,,,
2019,SA Yadav,Mumbai Indians,266,203,131.03,22,7,14.29,50,24.63,0.6066725488705801,0.27354485354945746,0.27213967722653093,0.35507182364078516,0.5508150658784505,0.6305403289804438,middle,,,,
2020,MA Agarwal,Kings XI Punjab,146,81,180.25,12,7,23.46,15,18.52,0.30602420214686843,0.5429578340296364,0.5012804179898641,0.23079293814872193,0.461804207894614,0.5415294709966073,middle,,,,
2016,M Vohra,Kings XI Punjab,56,32,175.0,6,2,25.0,8,25.0,0.11655289116311396,0.45590935574214164,0.4693066414521257,0.3742708095786082,0.24902228602783721,0.32874754912983045,middle,,,,
2014,MK Tiwary,Delhi Daredevils,76,66,115.15,6,2,12.12,20,30.3,0.12409518759252362,0.21296135075356948,0.24616735219733651,0.4459727394052286,0.12320347785851132,0.20292874096050456,middle,MK Tiwary,2014.0,54236514.743599996,0.22715965146534337
2023,DA Miller,Gujarat Titans,138,90,153.33,7,8,16.67,18,20.0,0.26623184975918013,0.34111074686797044,0.2862803397015897,0.2552047490365013,0.3215338220007529,0.40125908510274616,middle,,,,
2016,AJ Finch,Gujarat Lions,213,151,141.06,21,8,19.21,46,30.46,0.4518567269642653,0.3172015637290892,0.36725269076536665,0.4796731299016788,0.43416176286287667,0.5138870259648699,middle,AJ Finch,2016.0,16363863.999,2.6531738646166234
2016,WP Saha,Kings XI Punjab,159,132,120.45,15,1,12.12,36,27.27,0.33652929299444256,0.23297152267461035,0.2422850723941885,0.4180919207751962,0.30395352152173566,0.3836787846237289,middle,,,,
2017,MK Tiwary,Rising Pune Supergiant,122,101,120.79,10,3,12.87,29,28.71,0.25257806757246093,0.2391534852171298,0.2573538299422578,0.4437775550939704,0.2365237545927652,0.31624901769475844,middle,MK Tiwary,2017.0,7799001.048,3.0327442339993023
2017,C de Grandhomme,Kolkata Knight Riders,96,58,165.52,8,5,22.41,12,20.69,0.19120809279447268,0.44099841846767707,0.445366558622289,0.29093318490691306,0.3161526745189565,0.39587793762094975,middle,,,,
2015,UBT Chand,Mumbai Indians,61,45,135.56,7,2,20.0,15,33.33,0.09120949675234996,0.2949089485696414,0.38517505190406415,0.5078010107623037,0.13691509020112447,0.2166403533031177,middle,,,,
2020,PK Garg,Sunrisers Hyderabad,60,65,92.31,3,0,4.62,24,36.92,0.10954624082510793,0.11228924835476577,0.0983879406228697,0.5721711808466188,0.02656711912176625,0.1062923822237595,middle,PK Garg,2020.0,26398074.5607,0.10064036701115284
2021,S Dhawan,Delhi Capitals,272,202,134.65,24,8,15.84,57,28.22,0.6401611400632824,0.30685535391319485,0.3220279450156142,0.39202684468477544,0.5901857382907523,0.6699110013927455,middle,,,,
2016,Q de Kock,Delhi Daredevils,160,111,144.14,14,6,18.02,27,24.32,0.33866498621610597,0.3297890710773567,0.3462778718850138,0.3611437806739035,0.36689552853831386,0.4466207916403071,middle,,,,
2021,SPD Smith,Delhi Capitals,78,68,114.71,7,0,10.29,17,25.0,0.16778895224270485,0.2199261396598363,0.21706241410656585,0.32287951106347035,0.1790455843007339,0.25877084740272716,middle,SPD Smith,2021.0,29174564.8546,0.6137043866568707
2018,AR Patel,Kings XI Punjab,68,57,119.3,3,3,10.53,13,22.81,0.1316831514742091,0.19889032301372886,0.1923392572469092,0.31532023782801905,0.14041742196726392,0.22014268506925716,middle,,,,
2018,DJ Bravo,Chennai Super Kings,47,42,111.9,2,3,11.9,16,38.1,0.0929944718487695,0.1644860632309793,0.2175092755020676,0.6298328277398871,0.041276686000745466,0.12100194910273872,middle,,,,
2023,RG Sharma,Mumbai Indians,88,56,157.14,10,3,23.21,16,28.57,0.1693076771007699,0.3594374993432677,0.4184097272561696,0.44793728850654885,0.23737187923352038,0.3170971423355136,middle,,,,
2020,RG Sharma,Mumbai Indians,139,97,143.3,9,9,18.56,30,30.93,0.29003180994626,0.3620025890820987,0.3964941579528008,0.46103772031616214,0.32771751220896533,0.40744277531095857,middle,,,,
2025,D Brevis,Chennai Super Kings,161,93,173.12,8,13,22.58,27,29.03,0.3043870983107599,0.3698518569196365,0.34489455392634555,0.49265798467744576,0.32491254957427884,0.4046378126762721,middle,,,,
2015,MK Pandey,Kolkata Knight Riders,115,87,132.18,7,5,13.79,24,27.59,0.22829209498707956,0.2782142062775183,0.25787157439122216,0.38538279145211374,0.2405956944607408,0.32032095756273404,middle,,,,
2023,N Pooran,Lucknow Super Giants,219,129,169.77,15,18,25.58,47,36.43,0.42324900946580474,0.42018996227319055,0.4662914777920036,0.6247024880671759,0.4329739941995665,0.5126992573015597,middle,N Pooran,2023.0,189293781.16799998,0.22873123011648128
2017,BB McCullum,Gujarat Lions,116,71,163.38,8,8,22.54,17,23.94,0.23841576570061748,0.43134162979886026,0.44792857693763527,0.3528713648455585,0.33914654391856747,0.4188718070205607,middle,,,,
2020,SS Tiwary,Mumbai Indians,81,67,120.9,6,2,11.94,21,31.34,0.15752341742693318,0.2523030630516563,0.25492578214762546,0.46864451811540875,0.1589659056634868,0.23869116876548008,middle,,,,
2021,EJG Morgan,Kolkata Knight Riders,80,78,102.56,4,4,10.26,32,41.03,0.17265876861198917,0.16695773679231846,0.21649503285840885,0.667112976265185,0.09809074724593167,0.17781601034792494,middle,,,,
2014,V Kohli,Royal Challengers Bangalore,257,183,140.44,14,13,14.75,51,27.87,0.5007012688500169,0.33867229949826616,0.30081778101940887,0.38801296880783914,0.4847236673718073,0.5644489304738005,middle,,,,
2021,JJ Roy,Sunrisers Hyderabad,48,35,137.14,5,1,17.14,10,28.57,0.0947417067034403,0.3177106068465379,0.346614465769085,0.3995428592088303,0.16052086872876453,0.24024613183075777,middle,,,,
2025,WG Jacks,Mumbai Indians,98,75,130.67,8,5,17.33,27,36.0,0.18626415276999586,0.19129833336409716,0.25443535913798265,0.6299318140946815,0.13130153123388608,0.21102679433587934,middle,WG Jacks,2025.0,55098750.00000001,0.23830219602783376
2017,V Shankar,Sunrisers Hyderabad,60,41,146.34,7,1,19.51,10,24.39,0.106234281563412,0.35444832189389,0.38821384235687073,0.3614474205293709,0.19667520618439657,0.27640046928638984,middle,,,,
2021,YBK Jaiswal,Rajasthan Royals,47,34,138.24,2,4,17.65,12,35.29,0.09230679851879815,0.3225061001102639,0.3562599469877543,0.5438503380706845,0.13307919063153167,0.2128044537335249,middle,,,,
2017,KM Jadhav,Royal Challengers Bangalore,150,100,150.0,10,7,17.0,21,21.0,0.31866880964106364,0.3709641380284082,0.3387471810374914,0.2968411343779838,0.3746054984532749,0.45433076155526814,middle,,,,
2024,Dhruv Jurel,Rajasthan Royals,109,80,136.25,10,4,17.5,25,31.25,0.21979724023101224,0.22861012401402933,0.27544094389658247,0.5393210742567913,0.1916448033169768,0.27137006641897005,middle,,,,
2019,SK Raina,Chennai Super Kings,218,176,123.86,21,5,14.77,49,27.84,0.47370322309072693,0.23730836107281203,0.2819982137293904,0.41837773165487385,0.42287918320932844,0.5026044463113217,middle,,,,
2013,BJ Hodge,Rajasthan Royals,146,120,121.67,16,3,15.83,43,35.83,0.3072618241106896,0.3016736481856247,0.36588212484059834,0.5272309899038515,0.30404178073158844,0.3837670438335817,middle,,,,
2024,MK Lomror,Royal Challengers Bengaluru,73,37,197.3,4,6,27.03,7,18.92,0.14536727708559435,0.48083597141556955,0.44855898264245764,0.24906465999742722,0.30044347762215246,0.3801687407241457,middle,,,,
2024,Nithish Kumar Reddy,Sunrisers Hyderabad,212,133,159.4,11,16,20.3,40,30.08,0.43274963478595796,0.3242535043145314,0.3263045859205542,0.511778494801523,0.4063809773469321,0.48610624044892536,middle,,,,
2015,AD Mathews,Delhi Daredevils,40,44,90.91,3,1,9.09,19,43.18,0.03789959743884403,0.07437041503612125,0.16152272667618878,0.717874087453135,-0.05863946969347765,0.021085793408515602,middle,AD Mathews,2015.0,130915002.9525,-0.04479201647709839
2023,V Kohli,Royal Challengers Bangalore,249,177,140.68,18,8,14.69,35,19.77,0.48140351306085094,0.28026208051298046,0.2462778645703866,0.2500322304742946,0.4684505614217933,0.5481758245237865,middle,,,,
2013,AT Rayudu,Mumbai Indians,124,132,93.94,8,1,6.82,44,33.33,0.25952692370599223,0.14615672746760403,0.15625113224953205,0.4742630222588158,0.18786617920321821,0.2675914423052115,middle,,,,
2025,SV Samson,Rajasthan Royals,101,71,142.25,7,5,16.9,19,26.76,0.1918890549386037,0.24000622035521962,0.24702632032674532,0.4479504390853189,0.1853282863057341,0.26505354940772735,middle,,,,
2022,LS Livingstone,Punjab Kings,288,163,176.69,17,23,24.54,46,28.22,0.5921317683025138,0.4176339782428525,0.41168892257705747,0.40054999053283163,0.601223394523712,0.6809486576257052,middle,LS Livingstone,2022.0,143034521.842,0.4203344666596225
2015,AD Russell,Kolkata Knight Riders,218,113,192.92,23,13,31.86,33,29.2,0.4897644582866564,0.5782256402489855,0.628302144223276,0.41971960906350847,0.6069957657359742,0.6867210288379675,middle,,,,
2023,Sikandar Raza,Punjab Kings,91,59,154.24,7,5,20.34,21,35.59,0.17512312746027453,0.345488002708527,0.36042634158619336,0.6058115507095517,0.194667860956106,0.27439312405809924,middle,Sikandar Raza,2023.0,5915430.661499999,3.2908484960035573
2023,RA Tripathi,Sunrisers Hyderabad,137,103,133.01,14,4,17.48,35,33.98,0.26429336630601197,0.2433680669997177,0.30264498861890005,0.569603920774105,0.23105332671368387,0.31077858981567713,middle,,,,
2015,KM Jadhav,Delhi Daredevils,130,85,152.94,11,5,18.82,22,25.88,0.2663705944967267,0.3807535110066532,0.3609853412011409,0.3489132522499491,0.3297369466896157,0.4094622097916089,middle,,,,
2013,AC Gilchrist,Kings XI Punjab,81,63,128.57,11,1,19.05,21,33.33,0.1662268910968111,0.3403706100664159,0.44080019322497505,0.4742630222588158,0.22840013009060547,0.30812539319259874,middle,,,,
2022,KH Pandya,Lucknow Super Giants,96,90,106.67,8,2,11.11,35,38.89,0.1861207171814231,0.18627358768909477,0.21499940880390048,0.6030064430490666,0.1271772432028337,0.20690250630482693,middle,KH Pandya,2022.0,102611722.191,0.12394026772702223
2025,Abishek Porel,Delhi Capitals,113,74,152.7,5,7,16.22,14,18.92,0.2143886636130349,0.28396109246724277,0.2353097008113002,0.2935419996834354,0.24505279885617376,0.324778061958167,middle,,,,
2016,KD Karthik,Gujarat Lions,240,185,129.73,25,2,14.59,52,28.11,0.5095204439491767,0.27089751884081914,0.2858210409945849,0.4343076623633609,0.4591882865378319,0.5389135496398252,middle,KD Karthik,2016.0,37636887.1977,1.220048523475908
2016,CH Morris,Delhi Daredevils,70,43,162.79,5,5,23.26,14,32.56,0.14645259626640134,0.40600888018293796,0.43863757855144164,0.5202124838720906,0.2226497600038727,0.30237502310586595,middle,CH Morris,2016.0,114547047.99299999,0.19437407065913992
2013,JH Kallis,Kolkata Knight Riders,124,145,85.52,6,2,5.52,55,37.93,0.25952692370599223,0.09893521746234858,0.1260047071254048,0.5717240827256816,0.148158229083443,0.22788349218543624,middle,,,,
2022,MK Pandey,Lucknow Super Giants,54,41,131.71,5,1,14.63,13,31.71,0.09730579974868453,0.26901086531643115,0.2665516864272447,0.46677051717591134,0.11850413324414363,0.1982293963461369,middle,,,,
2025,Ashutosh Sharma,Delhi Capitals,88,64,137.5,5,5,15.63,19,29.69,0.1675144788746365,0.22002673303157266,0.22514381034936995,0.5056566543209717,0.14391703421486063,0.22364229731685387,middle,,,,
2013,M Vohra,Kings XI Punjab,53,40,132.5,5,1,15.0,11,27.5,0.10547338149083268,0.36241105357243186,0.3465709457228864,0.3507417217105924,0.19226786606685453,0.27199312916884777,middle,,,,
2014,MEK Hussey,Mumbai Indians,69,60,115.0,1,4,8.33,17,28.33,0.10953031152179184,0.21221573421297218,0.167412551727506,0.39898477723368236,0.10497452438008986,0.1846997874820831,middle,MEK Hussey,2014.0,96850919.185,0.10838774196822286
2014,AT Rayudu,Mumbai Indians,230,173,132.95,19,4,13.29,40,23.12,0.44452246114862276,0.3014411802377766,0.2704795201524029,0.2747171209322835,0.44520280283425506,0.5249280659362483,middle,,,,
2023,H Klaasen,Sunrisers Hyderabad,293,164,178.66,17,18,21.34,29,17.68,0.5666967850002519,0.46295238471555106,0.3806296118544778,0.20302977919163429,0.6277631099474356,0.7074883730494288,middle,H Klaasen,2023.0,62112021.94575,1.010695015685913
2021,RR Pant,Delhi Capitals,251,200,125.5,22,7,14.5,66,33.0,0.5890280681857972,0.26696556903765667,0.2966849159312674,0.49467412875615385,0.5117142826949574,0.5914395457969507,middle,,,,
2017,V Kohli,Royal Challengers Bangalore,135,106,127.36,8,4,11.32,25,23.58,0.28326305496145504,0.2688007289340109,0.22680668849005148,0.3460105202985085,0.2834098962876759,0.3631351593896691,middle,,,,
2016,SS Tiwary,Rising Pune Supergiants,99,87,113.79,8,2,11.49,29,33.33,0.2083876996946395,0.2057530814604993,0.23118075651635467,0.5350769136612414,0.167656852764884,0.24738211586687725,middle,,,,
2018,GJ Maxwell,Delhi Daredevils,71,49,144.9,3,5,16.33,16,32.65,0.13721010570641473,0.3179104649648626,0.2988984586191126,0.5177272937294436,0.16137545703252437,0.2411007201345176,middle,,,,
2013,KM Jadhav,Delhi Daredevils,69,71,97.18,5,0,7.04,21,29.58,0.14018967269424892,0.16432747478554086,0.16136975803976894,0.39481107079126215,0.11476171804076274,0.19448698114275598,middle,,,,
2021,KA Pollard,Mumbai Indians,114,87,131.03,7,7,16.09,32,36.78,0.25544564688982235,0.291073821536206,0.32675612208358934,0.5758470856159468,0.2418604712662482,0.32158573436824145,middle,,,,
2022,S Dhawan,Punjab Kings,159,125,127.2,16,2,14.4,28,22.4,0.319343093330531,0.25410890357125193,0.26318321374162845,0.29011919825124893,0.32631994883387627,0.4060452119358695,middle,,,,
2018,MS Dhoni,Chennai Super Kings,193,167,115.57,9,9,10.78,52,31.14,0.36197291114944474,0.18154871639350506,0.19693232627157314,0.4866668613705868,0.28609603681780466,0.3658212999197979,middle,,,,
2013,PP Chawla,Kings XI Punjab,41,32,128.13,1,3,12.5,12,37.5,0.0794361630882705,0.3379029777145974,0.2884047435611033,0.5626135922907355,0.11007805403906917,0.1898033171410624,middle,,,,
2024,V Kohli,Royal Challengers Bengaluru,275,189,145.5,19,13,16.93,50,26.46,0.5630020702904394,0.26682616149911115,0.26508655962741684,0.42656128315359954,0.4981545599768484,0.5778798230788417,middle,,,,
2019,SS Iyer,Delhi Capitals,244,215,113.49,20,6,12.09,70,32.56,0.545728274554814,0.18489937544062046,0.22695471825509192,0.5114630543422565,0.4351507650586044,0.5148760281605976,middle,,,,
2025,TH David,Royal Challengers Bengaluru,56,34,164.71,6,3,26.47,15,44.12,0.10751552240948652,0.3344776488371375,0.41192050968381827,0.7898548406180607,0.11076884639188198,0.19049410949387524,middle,TH David,2025.0,31485000.000000004,0.351814662194321
2017,PA Patel,Mumbai Indians,73,65,112.31,7,1,12.31,20,30.77,0.13691926895240614,0.20088733198742623,0.2463174433530736,0.48303683222431176,0.12245773698390515,0.2021830000858984,middle,,,,
2014,AB de Villiers,Royal Challengers Bangalore,243,160,151.88,12,15,16.88,44,27.5,0.47157151670855324,0.3955379876611499,0.34507839447606825,0.37918781855226946,0.48909672484994726,0.5688219879519405,middle,,,,
2019,KD Karthik,Kolkata Knight Riders,131,105,124.76,12,5,16.19,36,34.29,0.23269632011474303,0.24185687477280937,0.31116305088368285,0.5455811916831828,0.21183049036373727,0.29155575346573054,middle,,,,
2014,JH Kallis,Kolkata Knight Riders,87,61,142.62,6,3,14.75,16,26.23,0.14698284998938785,0.34950859322161293,0.30081778101940887,0.3488960865939631,0.21282319684308332,0.29254845994507656,middle,JH Kallis,2014.0,106536011.1035,0.19976644013480574
2020,AT Rayudu,Chennai Super Kings,246,191,128.8,18,9,14.14,56,29.32,0.5344869478698457,0.29099173517846416,0.3019726744091641,0.43116712408009616,0.4890481889152294,0.5687734520172226,middle,,,,
2022,PJ Cummins,Kolkata Knight Riders,60,17,352.94,5,6,64.71,4,23.53,0.10999364509621862,0.9999999998809529,0.9999999998866418,0.3115602283677762,0.5256828703450339,0.6054081334470272,middle,PJ Cummins,2022.0,90173937.683,0.5829654153432162
2018,KK Nair,Kings XI Punjab,196,151,129.8,12,8,13.25,43,28.48,0.36749986538165036,0.24770717811087362,0.24231184823525287,0.43195113284438874,0.33038418881675524,0.4101094519187485,middle,KK Nair,2018.0,83571385.12799999,0.3953317134934771
2024,Ramandeep Singh,Kolkata Knight Riders,65,36,180.56,2,6,22.22,11,30.56,0.12882728527550147,0.4116752722263511,0.36118251187984907,0.5230780145780434,0.19418530934866762,0.27391057245066086,middle,,,,
2024,V Shankar,Gujarat Titans,41,36,113.89,3,1,11.11,10,27.78,0.07920730984522285,0.13623059988792885,0.15936284656330424,0.45763496253903024,0.04458060464741176,0.12430586774940501,middle,,,,
2020,CH Gayle,Kings XI Punjab,135,115,117.39,5,9,12.17,44,38.26,0.280893300117341,0.2351135391067075,0.25984432088405907,0.5970324224344002,0.22781108151581675,0.30753634461781,middle,,,,
2020,JM Bairstow,Sunrisers Hyderabad,152,107,142.06,10,7,15.89,31,28.97,0.3197319668902471,0.3559299367482706,0.33939633870811525,0.4246735162026905,0.3455091190377638,0.42523438213975706,middle,,,,
2018,V Kohli,Royal Challengers Bangalore,189,143,132.17,14,6,13.99,36,25.17,0.3546036388398372,0.2587258396899433,0.2559073325482581,0.3638650195279542,0.33970912558291355,0.4194343886849068,middle,,,,
2015,SA Yadav,Kolkata Knight Riders,76,70,108.57,5,3,11.43,26,37.14,0.12928799626199708,0.16159797387603086,0.2094921529853756,0.5890577033706353,0.07599667909535496,0.1557219421973482,middle,,,,
2021,JC Buttler,Rajasthan Royals,92,49,187.76,7,6,26.53,14,28.57,0.20187766682769498,0.5383904877645423,0.5242047964422317,0.3995428592088303,0.3479516672381989,0.42767693034019216,middle,,,,
2023,MM Ali,Chennai Super Kings,65,51,127.45,7,2,17.65,19,37.25,0.12472255767790119,0.21662351483104234,0.30607954456450837,0.6431436412019996,0.09735228126413542,0.17707754436612866,middle,,,,
2018,Ishan Kishan,Mumbai Indians,215,113,190.27,18,14,28.32,32,28.32,0.4025039088522862,0.5288457712274773,0.519182049041995,0.42865996120371513,0.49876127601772824,0.5784865391197215,middle,Ishan Kishan,2018.0,92525462.10599999,0.5390529965106601
2020,PP Shaw,Delhi Capitals,59,34,173.53,4,4,23.53,9,26.47,0.10726161336787815,0.5100479762205037,0.5027773645618221,0.37829060279265014,0.263721035914288,0.34344629901628126,middle,,,,
2021,KS Bharat,Royal Challengers Bangalore,87,70,124.29,5,3,11.43,18,25.71,0.18970312590448424,0.26169052644755825,0.23862290153653254,0.338126283383696,0.2103689822884222,0.29009424539041545,middle,KS Bharat,2021.0,2652233.1686,7.93176802021019
2017,AM Rahane,Rising Pune Supergiant,116,94,123.4,9,3,12.77,28,29.79,0.23841576570061748,0.2509311573786306,0.25538304662276057,0.4643600887351202,0.22421655135161128,0.3039418144536045,middle,,,,
2018,KD Karthik,Kolkata Knight Riders,284,216,131.48,26,6,14.81,59,27.31,0.5296238561930163,0.2555178749264167,0.2709725989491558,0.4078844402219632,0.4729720791777766,0.5526973422797699,middle,KD Karthik,2018.0,110433616.06199999,0.4282863280617734
2015,JP Faulkner,Rajasthan Royals,67,56,119.64,6,2,14.29,22,39.29,0.10644089655620881,0.2162757245191679,0.26812145180771507,0.6349112175721874,0.07667748144782294,0.15640274454981618,middle,,,,
2022,D Padikkal,Rajasthan Royals,239,182,131.32,21,12,18.13,70,38.46,0.48851436463098546,0.26772222560897657,0.3178110533822744,0.5948474669870254,0.4157208766665312,0.4954461397685244,middle,D Padikkal,2022.0,96392829.937,0.4312778003698368
2013,RN ten Doeschate,Kolkata Knight Riders,49,40,122.5,4,1,12.5,9,22.5,0.09679430868997865,0.30632850012200974,0.2884047435611033,0.24480578642052087,0.17805378841670233,0.25777905151869557,middle,,,,
2013,MS Bisla,Kolkata Knight Riders,62,49,126.53,6,2,16.33,16,32.65,0.12500129529275433,0.32892976916252986,0.377515365272955,0.45985573505936606,0.18221189302568025,0.2619371561276735,middle,,,,
2021,MK Lomror,Rajasthan Royals,77,49,157.14,3,6,18.37,13,26.53,0.16535404405806273,0.4049013934597361,0.3698770969435228,0.3557352316971961,0.2565820263336363,0.33630728943562954,middle,,,,
2017,MK Pandey,Kolkata Knight Riders,260,207,125.6,19,6,12.08,51,24.64,0.5783110106248602,0.26085869713161963,0.24178464171823005,0.3662118959092667,0.5160209668011667,0.59574622990316,middle,,,,
2016,N Rana,Mumbai Indians,83,51,162.75,5,7,23.53,21,41.18,0.17421660814802534,0.40584540606153197,0.4433965710705133,0.6866168796934949,0.21248284661228348,0.29220810971427674,middle,,,,
2025,V Suryavanshi,Rajasthan Royals,101,40,252.5,6,10,40.0,8,20.0,0.1918890549386037,0.7037406366567086,0.6450467773955422,0.314812550009205,0.430680280425163,0.5104055435271563,middle,V Suryavanshi,2025.0,11544500.000000002,3.730610077744059
2019,AB de Villiers,Royal Challengers Bangalore,227,150,151.33,15,12,18.0,36,24.0,0.49863497167444937,0.376139107004953,0.3483379489465486,0.34264729963802015,0.5128878393027512,0.5926131024047444,middle,,,,
2024,Anuj Rawat,Royal Challengers Bengaluru,47,51,92.16,4,0,7.84,17,33.33,0.09161230370279251,0.04645389777432576,0.09996137891388018,0.5882856599550458,-0.010438843913701382,0.06928641918829187,middle,,,,
2023,N Wadhera,Mumbai Indians,154,109,141.28,12,8,18.35,35,32.11,0.2972475850098715,0.2831481832649958,0.3202218337523075,0.5275490959422511,0.2812770705494072,0.36100233365140044,middle,,,,
2018,BB McCullum,Royal Challengers Bangalore,59,38,155.26,7,3,26.32,16,42.11,0.11510228877759213,0.366076428660712,0.48243749684468357,0.7123178169842684,0.15592869559237035,0.23565395869436362,middle,,,,
2013,MK Pandey,Pune Warriors,56,58,96.55,3,1,6.9,17,29.31,0.11198268609147326,0.16079427391816423,0.15811245071870908,0.38909053028559826,0.09162881513525005,0.1713540782372433,middle,,,,
2022,MP Stoinis,Lucknow Super Giants,45,44,102.27,1,3,9.09,17,38.64,0.0782740317273834,0.17173508842550528,0.18541543130414045,0.5982628523153216,0.031570267707322075,0.11129553080931533,middle,,,,
2023,GJ Maxwell,Royal Challengers Bangalore,237,134,176.87,13,19,23.88,36,26.87,0.45814171162283246,0.45434217817203865,0.43194591833592005,0.4097056295684998,0.5072640805033617,0.5869893436053549,middle,,,,
2015,NV Ojha,Sunrisers Hyderabad,102,90,113.33,9,2,12.22,35,38.89,0.19529072874538542,0.18510891272529306,0.22568695930343444,0.6263803312091079,0.1316265824327616,0.21135184553475483,middle,,,,
2022,TH David,Mumbai Indians,72,40,180.0,8,3,27.5,11,27.5,0.1353693357912868,0.42857089473432547,0.455039701487597,0.3868884492196462,0.2504969875069173,0.33022225060891053,middle,TH David,2022.0,102611722.191,0.24412121944571374
2024,SD Hope,Delhi Capitals,79,45,175.56,2,7,20.0,12,26.67,0.15777227094316398,0.3910179546668474,0.32085490998941435,0.43150482305582716,0.22139322054130284,0.3011184836432961,middle,SD Hope,2024.0,8315975.625,2.6622639426183126
2013,RA Jadeja,Chennai Super Kings,112,82,136.59,8,2,12.2,19,23.17,0.23348970530343008,0.3853488179336545,0.2814247993016893,0.2590012017493905,0.3068811291333002,0.3866063922352934,middle,,,,
2018,Shakib Al Hasan,Sunrisers Hyderabad,150,132,113.64,15,2,12.88,45,34.09,0.2827532338211637,0.1725757135042204,0.23551410607875026,0.5473478384955058,0.21560855462484596,0.2953338177268392,middle,Shakib Al Hasan,2018.0,29846923.259999998,0.7223811739208592
2018,Shakib Al Hasan,Sunrisers Hyderabad,150,132,113.64,15,2,12.88,45,34.09,0.2827532338211637,0.1725757135042204,0.23551410607875026,0.5473478384955058,0.21560855462484596,0.2953338177268392,middle,Shakib Al Hasan,2018.0,2984692.326,7.223811739208592
2018,AJ Finch,Kings XI Punjab,94,67,140.3,3,6,13.43,15,22.39,0.17958342148665812,0.2965240332080183,0.24561885793301086,0.3066809122712509,0.22041153628408403,0.3001367993860773,middle,AJ Finch,2018.0,92525462.10599999,0.23821716883896657
2019,AD Russell,Kolkata Knight Riders,205,131,156.49,14,18,24.43,58,44.27,0.4376906973586833,0.40221725221827104,0.48040126084943635,0.742401429060318,0.4184176999102516,0.4981429630122448,middle,,,,
2023,MA Agarwal,Sunrisers Hyderabad,110,82,134.15,7,4,13.41,17,20.73,0.21195431307047044,0.24885166222854688,0.2204176786269826,0.27162187316872244,0.23397811021659246,0.3137033733185857,middle,MA Agarwal,2023.0,97604605.91475,0.23972035748082837
2024,R Ashwin,Rajasthan Royals,80,66,121.21,5,4,13.64,23,34.85,0.1598397699194256,0.16647291279504223,0.2053217802492501,0.6240674725806933,0.09406455130776453,0.17378981440975777,middle,,,,
2023,MR Marsh,Delhi Capitals,45,36,125.0,3,2,13.89,12,33.33,0.0859528886145371,0.20483859526031306,0.23011524835575914,0.5549859335330863,0.06523975243425818,0.14496501553625143,middle,,,,
2023,VR Iyer,Kolkata Knight Riders,224,143,156.64,12,13,17.48,29,20.28,0.4329414267316458,0.3570324137165882,0.30264498861890005,0.26150172815570943,0.4616915175929313,0.5414167806949246,middle,,,,
2017,AT Rayudu,Mumbai Indians,45,40,112.5,3,1,10.0,12,30.0,0.07082852688380341,0.20174471042063893,0.2007923486726887,0.46836224805423265,0.06367225475692562,0.14339751785891885,middle,,,,
2024,JC Buttler,Rajasthan Royals,95,62,153.23,9,3,19.35,17,27.42,0.19085225456334973,0.2987623744461039,0.3090472788052781,0.44916032270664014,0.21428790720423857,0.2940131703062318,middle,,,,
2022,SN Thakur,Delhi Capitals,51,41,124.39,4,2,14.63,14,34.15,0.09096187707491749,0.24482408926882318,0.2665516864272447,0.5130679627372622,0.09691347317857746,0.1766387362805707,middle,SN Thakur,2022.0,133706183.46100001,0.07248241679626252
2021,HH Pandya,Mumbai Indians,53,62,85.48,4,1,8.06,29,46.77,0.10691624762665106,0.09249680502464727,0.17488707466022752,0.7903756144596854,-0.00981566835117656,0.06990959475081669,middle,,,,
2025,VR Iyer,Kolkata Knight Riders,91,70,130.0,9,2,15.71,25,35.71,0.1731393810432443,0.1884801740994986,0.22652223617471642,0.6242202774331321,0.1155159488127619,0.19524121191475516,middle,VR Iyer,2025.0,249256250.00000003,0.04634425367980217
2024,LS Livingstone,Punjab Kings,52,47,110.64,3,3,12.77,21,44.68,0.10194979858410055,0.12280334347425143,0.18951772004894463,0.8554722213373476,-0.014790058348124718,0.06493520475386853,middle,,,,
2021,SO Hetmyer,Delhi Capitals,109,77,141.56,10,3,16.88,20,25.97,0.24327110596661158,0.33697977068805474,0.3416971616183908,0.3437096084587082,0.29530832661164225,0.3750335897136355,middle,,,,
2023,Abhishek Sharma,Sunrisers Hyderabad,79,55,143.64,8,2,18.18,14,25.45,0.15186132602225608,0.29450018742292267,0.31678727780669913,0.37777094974965875,0.19764238265608974,0.277367645758083,middle,,,,
2013,GH Vihari,Sunrisers Hyderabad,138,144,95.83,9,1,6.94,51,35.42,0.2899036785089814,0.15675633006973383,0.15904310995329762,0.5185442432100658,0.20704961517675166,0.2867748782787449,middle,,,,
2025,F du Plessis,Delhi Capitals,43,37,116.22,3,1,10.81,11,29.73,0.08314094634551934,0.1305186298216345,0.14209365437224436,0.5064444524811854,0.032798186401117604,0.11252344950311086,middle,F du Plessis,2025.0,20990000.000000004,0.15625624774234206
2022,F du Plessis,Royal Challengers Bangalore,189,123,153.66,12,10,17.89,33,26.83,0.38278232006820145,0.341538151415474,0.31429612536250096,0.37417562605320964,0.39671140134106164,0.4764366644430549,middle,F du Plessis,2022.0,87064491.55600001,0.4556523494838263
2018,KA Pollard,Mumbai Indians,94,63,149.21,8,6,22.22,25,39.68,0.17958342148665812,0.3379486216761668,0.40711116484019494,0.6623331476915385,0.19400692712190784,0.2737321902239011,middle,KA Pollard,2018.0,80586692.802,0.24074313062899755
2013,LRPL Taylor,Pune Warriors,54,64,84.38,1,1,3.13,26,40.63,0.10764314969104623,0.09254180636900045,0.07039781785874011,0.6289294877823204,0.002170727678821066,0.08189599078081432,middle,,,,
2022,DA Warner,Delhi Capitals,163,108,150.93,14,7,19.44,27,25.0,0.32780165689555374,0.33251767346329236,0.33699670215687133,0.3394525418821965,0.36150545961036573,0.44123072271235897,middle,DA Warner,2022.0,77736153.175,0.46504161171513453
2019,PA Patel,Royal Challengers Bangalore,85,65,130.77,7,2,13.85,17,26.15,0.10526738290905042,0.2722308384805694,0.26310268543224313,0.38504845298078977,0.14149400436170184,0.22121926746369508,middle,,,,
2022,MS Wade,Gujarat Titans,41,41,100.0,4,0,9.76,15,36.59,0.06981546816236069,0.16423454448724437,0.1952279386926747,0.559365408298613,0.032295243954874195,0.11202050705686745,middle,MS Wade,2022.0,29850682.8192,0.10818929721132492
2023,Abdul Samad,Sunrisers Hyderabad,52,57,91.23,2,2,7.02,23,40.35,0.09952227278671452,0.042399112034383395,0.09131878161264538,0.7128601957360892,-0.03197073098500211,0.04775453211699114,middle,,,,
2021,SV Samson,Rajasthan Royals,274,184,148.91,22,11,17.93,42,22.83,0.6450309564325667,0.36902238476840504,0.36155550530388647,0.2762802210143299,0.6437865374344861,0.7235118005364793,middle,,,,
2014,RA Jadeja,Chennai Super Kings,67,51,131.37,6,2,15.69,15,29.41,0.10536891835872561,0.293587352676819,0.3203506339063853,0.42474467527696663,0.15149253221590994,0.2312177953179032,middle,,,,
