season,player,team,runs,balls,strike_rate,fours,sixes,boundary_pct,dot_balls,dot_pct
2018,DA Miller,Kings XI Punjab,14,11,127.27,1,0,9.09,1,9.09
2021,S Dube,Rajasthan Royals,16,14,114.29,0,1,7.14,3,21.43
2015,JA Morkel,Delhi Daredevils,35,18,194.44,4,1,27.78,3,16.67
2022,Mohsin Khan,Lucknow Super Giants,22,13,169.23,2,1,23.08,3,23.08
2013,NM Coulter-Nile,Mumbai Indians,9,6,150.0,0,1,16.67,2,33.33
2013,MK Tiwary,Kolkata Knight Riders,37,29,127.59,3,0,10.34,8,27.59
2018,CH Gayle,Kings XI Punjab,20,12,166.67,0,2,16.67,2,16.67
2013,R Sharma,Pune Warriors,11,17,64.71,1,0,5.88,9,52.94
2014,V Sehwag,Kings XI Punjab,18,7,257.14,1,2,42.86,2,28.57
2017,DM Bravo,Kolkata Knight Riders,6,5,120.0,1,0,20.0,2,40.0
2017,S Dhawan,Sunrisers Hyderabad,26,14,185.71,2,1,21.43,2,14.29
2013,MA Agarwal,Royal Challengers Bangalore,3,3,100.0,0,0,0.0,1,33.33
2022,Lalit Yadav,Delhi Capitals,21,14,150.0,1,2,21.43,5,35.71
2018,Abhishek Sharma,Delhi Daredevils,57,25,228.0,2,5,28.0,1,4.0
2023,K Gowtham,Lucknow Super Giants,36,21,171.43,1,3,19.05,6,28.57
2019,CH Gayle,Kings XI Punjab,31,14,221.43,3,2,35.71,2,14.29
2022,Ravi Bishnoi,Lucknow Super Giants,0,1,0.0,0,0,0.0,1,100.0
2023,DA Warner,Delhi Capitals,16,20,80.0,0,0,0.0,7,35.0
2017,AJ Finch,Gujarat Lions,58,27,214.81,7,3,37.04,8,29.63
2019,HF Gurney,Kolkata Knight Riders,1,5,20.0,0,0,0.0,4,80.0
2019,KM Jadhav,Chennai Super Kings,19,26,73.08,0,1,3.85,11,42.31
2025,R Powell,Kolkata Knight Riders,5,5,100.0,1,0,20.0,3,60.0
2018,P Negi,Royal Challengers Bangalore,0,1,0.0,0,0,0.0,1,100.0
2020,JDS Neesham,Kings XI Punjab,12,11,109.09,0,1,9.09,4,36.36
2025,Mohammed Siraj,Gujarat Titans,3,4,75.0,0,0,0.0,1,25.0
2013,SP Narine,Kolkata Knight Riders,21,18,116.67,0,2,11.11,6,33.33
2020,JD Unadkat,Rajasthan Royals,5,8,62.5,0,0,0.0,4,50.0
2021,SN Thakur,Chennai Super Kings,5,3,166.67,0,0,0.0,1,33.33
2021,Harpreet Brar,Punjab Kings,54,46,117.39,3,2,10.87,14,30.43
2021,RG Sharma,Mumbai Indians,1,4,25.0,0,0,0.0,3,75.0
2015,KS Williamson,Sunrisers Hyderabad,21,14,150.0,1,1,14.29,1,7.14
2016,ER Dwivedi,Gujarat Lions,19,9,211.11,1,2,33.33,2,22.22
2021,DA Miller,Rajasthan Royals,31,22,140.91,3,1,18.18,7,31.82
2015,Gurkeerat Singh,Kings XI Punjab,12,11,109.09,0,1,9.09,4,36.36
2015,DW Steyn,Sunrisers Hyderabad,20,13,153.85,3,0,23.08,3,23.08
2023,AR Patel,Delhi Capitals,130,71,183.1,7,9,22.54,16,22.54
2023,SV Samson,Rajasthan Royals,25,14,178.57,3,1,28.57,3,21.43
2016,Mohammed Shami,Delhi Daredevils,2,4,50.0,0,0,0.0,1,25.0
2018,Anureet Singh,Rajasthan Royals,3,4,75.0,0,0,0.0,0,0.0
2020,KD Karthik,Kolkata Knight Riders,85,43,197.67,11,3,32.56,9,20.93
2013,DR Smith,Mumbai Indians,0,1,0.0,0,0,0.0,1,100.0
2020,N Pooran,Kings XI Punjab,81,45,180.0,4,6,22.22,14,31.11
2018,B Kumar,Sunrisers Hyderabad,11,13,84.62,1,0,7.69,5,38.46
2023,Washington Sundar,Sunrisers Hyderabad,42,27,155.56,6,0,22.22,4,14.81
2018,HV Patel,Delhi Daredevils,30,11,272.73,0,4,36.36,1,9.09
2016,CA Lynn,Kolkata Knight Riders,10,9,111.11,0,0,0.0,3,33.33
2016,Bipul Sharma,Sunrisers Hyderabad,50,24,208.33,1,5,25.0,6,25.0
2019,HH Pandya,Mumbai Indians,265,117,226.5,19,21,34.19,26,22.22
2024,Noor Ahmad,Gujarat Titans,4,5,80.0,1,0,20.0,4,80.0
2025,PVSN Raju,Mumbai Indians,1,1,100.0,0,0,0.0,0,0.0
2014,DW Steyn,Sunrisers Hyderabad,17,19,89.47,1,0,5.26,7,36.84
2020,JL Pattinson,Mumbai Indians,15,13,115.38,2,0,15.38,4,30.77
2014,AJ Finch,Sunrisers Hyderabad,55,37,148.65,4,3,18.92,10,27.03
2016,Yuvraj Singh,Sunrisers Hyderabad,46,26,176.92,5,3,30.77,9,34.62
2022,R Sanjay Yadav,Mumbai Indians,0,2,0.0,0,0,0.0,2,100.0
2013,PJ Sangwan,Kolkata Knight Riders,4,2,200.0,1,0,50.0,1,50.0
2013,G Gambhir,Kolkata Knight Riders,0,1,0.0,0,0,0.0,1,100.0
2025,MM Sharma,Delhi Capitals,1,3,33.33,0,0,0.0,2,66.67
2013,BJ Rohrer,Delhi Daredevils,73,30,243.33,6,5,36.67,3,10.0
2016,JO Holder,Kolkata Knight Riders,21,18,116.67,2,1,16.67,8,44.44
2014,M Manhas,Chennai Super Kings,25,13,192.31,2,1,23.08,3,23.08
2023,KD Karthik,Royal Challengers Bangalore,82,51,160.78,8,4,23.53,17,33.33
2023,MK Lomror,Royal Challengers Bangalore,30,26,115.38,5,0,19.23,8,30.77
2025,S Dube,Chennai Super Kings,86,58,148.28,7,5,20.69,21,36.21
2021,N Pooran,Punjab Kings,26,20,130.0,2,1,15.0,7,35.0
2013,V Sehwag,Delhi Daredevils,5,2,250.0,1,0,50.0,0,0.0
2020,DA Warner,Sunrisers Hyderabad,34,16,212.5,5,0,31.25,1,6.25
2021,LS Livingstone,Rajasthan Royals,0,1,0.0,0,0,0.0,1,100.0
2017,HH Pandya,Mumbai Indians,160,90,177.78,8,13,23.33,22,24.44
2013,DB Das,Kolkata Knight Riders,15,16,93.75,2,0,12.5,6,37.5
2023,JM Sharma,Punjab Kings,89,43,206.98,4,8,27.91,10,23.26
2018,JC Archer,Rajasthan Royals,15,14,107.14,2,0,14.29,8,57.14
2017,KV Sharma,Mumbai Indians,26,15,173.33,4,1,33.33,6,40.0
2017,Harbhajan Singh,Mumbai Indians,16,16,100.0,0,1,6.25,5,31.25
2014,M Morkel,Kolkata Knight Riders,4,3,133.33,0,0,0.0,0,0.0
2017,UT Yadav,Kolkata Knight Riders,10,13,76.92,0,0,0.0,4,30.77
2018,SW Billings,Chennai Super Kings,49,26,188.46,3,3,23.08,4,15.38
2017,M Vohra,Kings XI Punjab,16,7,228.57,1,1,28.57,1,14.29
2013,CH Morris,Chennai Super Kings,13,11,118.18,0,0,0.0,2,18.18
2025,M Shahrukh Khan,Gujarat Titans,64,34,188.24,2,5,20.59,6,17.65
2017,SL Malinga,Mumbai Indians,7,3,233.33,0,1,33.33,1,33.33
2024,Mohammad Nabi,Mumbai Indians,12,14,85.71,0,1,7.14,5,35.71
2016,TG Southee,Mumbai Indians,27,14,192.86,1,2,21.43,3,21.43
2019,AM Rahane,Rajasthan Royals,17,15,113.33,0,0,0.0,2,13.33
2023,BA Stokes,Chennai Super Kings,6,4,150.0,1,0,25.0,1,25.0
2023,Lalit Yadav,Delhi Capitals,22,24,91.67,3,0,12.5,10,41.67
2025,J Overton,Chennai Super Kings,15,7,214.29,1,1,28.57,1,14.29
2013,IC Pandey,Pune Warriors,0,2,0.0,0,0,0.0,2,100.0
2016,JP Faulkner,Gujarat Lions,56,39,143.59,6,0,15.38,7,17.95
2018,CA Lynn,Kolkata Knight Riders,9,5,180.0,1,0,20.0,0,0.0
2023,TH David,Mumbai Indians,166,85,195.29,10,13,27.06,21,24.71
2015,KL Rahul,Sunrisers Hyderabad,32,17,188.24,2,2,23.53,5,29.41
2025,Dhruv Jurel,Rajasthan Royals,133,67,198.51,8,10,26.87,14,20.9
2024,Shivam Singh,Punjab Kings,2,3,66.67,0,0,0.0,1,33.33
2023,JC Archer,Mumbai Indians,4,4,100.0,0,0,0.0,1,25.0
2017,KA Pollard,Mumbai Indians,104,69,150.72,7,6,18.84,23,33.33
2021,FA Allen,Punjab Kings,1,3,33.33,0,0,0.0,2,66.67
2016,AM Rahane,Rising Pune Supergiants,30,17,176.47,2,2,23.53,3,17.65
2022,PJ Sangwan,Gujarat Titans,2,5,40.0,0,0,0.0,3,60.0
2019,SE Rutherford,Delhi Capitals,47,24,195.83,2,5,29.17,7,29.17
2016,R Bhatia,Rising Pune Supergiants,33,19,173.68,1,2,15.79,3,15.79
2017,YK Pathan,Kolkata Knight Riders,29,19,152.63,2,1,15.79,4,21.05
2025,MM Ali,Kolkata Knight Riders,0,2,0.0,0,0,0.0,2,100.0
2015,HV Patel,Royal Challengers Bangalore,19,12,158.33,0,2,16.67,4,33.33
2013,DT Christian,Royal Challengers Bangalore,2,2,100.0,0,0,0.0,1,50.0
2021,Rashid Khan,Sunrisers Hyderabad,77,62,124.19,8,2,16.13,27,43.55
2022,Kartik Tyagi,Sunrisers Hyderabad,7,5,140.0,1,0,20.0,2,40.0
2021,NT Ellis,Punjab Kings,17,14,121.43,0,1,7.14,4,28.57
2025,LS Livingstone,Royal Challengers Bengaluru,37,13,284.62,1,5,46.15,4,30.77
2019,C de Grandhomme,Royal Challengers Bangalore,11,20,55.0,0,0,0.0,10,50.0
2016,JJ Bumrah,Mumbai Indians,2,5,40.0,0,0,0.0,3,60.0
2014,PP Ojha,Mumbai Indians,4,8,50.0,0,0,0.0,2,25.0
2017,JJ Bumrah,Mumbai Indians,16,12,133.33,0,1,8.33,3,25.0
2019,BA Stokes,Rajasthan Royals,59,40,147.5,4,3,17.5,10,25.0
2024,MM Sharma,Gujarat Titans,0,1,0.0,0,0,0.0,1,100.0
2015,DJ Muthuswami,Delhi Daredevils,1,3,33.33,0,0,0.0,2,66.67
2025,R Sai Kishore,Gujarat Titans,4,7,57.14,0,0,0.0,3,42.86
2018,R Ashwin,Kings XI Punjab,68,43,158.14,4,4,18.6,11,25.58
2022,VR Iyer,Kolkata Knight Riders,0,1,0.0,0,0,0.0,1,100.0
2017,Ankit Soni,Gujarat Lions,7,9,77.78,0,1,11.11,5,55.56
2017,K Rabada,Delhi Daredevils,4,7,57.14,0,0,0.0,3,42.86
2020,Ishan Kishan,Mumbai Indians,71,29,244.83,2,8,34.48,5,17.24
2018,MJ McClenaghan,Mumbai Indians,11,7,157.14,1,1,28.57,4,57.14
2022,Harshit Rana,Kolkata Knight Riders,0,1,0.0,0,0,0.0,1,100.0
2025,Shashank Singh,Punjab Kings,202,100,202.0,17,11,28.0,18,18.0
2020,MP Stoinis,Delhi Capitals,99,55,180.0,10,4,25.45,9,16.36
2025,R Parag,Rajasthan Royals,44,25,176.0,2,4,24.0,9,36.0
2021,Arshdeep Singh,Punjab Kings,2,3,66.67,0,0,0.0,0,0.0
2018,A Dananjaya,Mumbai Indians,4,5,80.0,0,0,0.0,2,40.0
2014,KK Nair,Rajasthan Royals,24,10,240.0,3,1,40.0,2,20.0
2023,YBK Jaiswal,Rajasthan Royals,39,14,278.57,5,3,57.14,5,35.71
2025,L Ngidi,Royal Challengers Bengaluru,0,2,0.0,0,0,0.0,2,100.0
2025,MK Pandey,Kolkata Knight Riders,18,12,150.0,1,1,16.67,3,25.0
2017,RV Uthappa,Kolkata Knight Riders,16,11,145.45,1,1,18.18,4,36.36
2022,Q de Kock,Lucknow Super Giants,54,17,317.65,5,4,52.94,1,5.88
2025,Mustafizur Rahman,Delhi Capitals,0,1,0.0,0,0,0.0,1,100.0
2022,Kuldeep Yadav,Delhi Capitals,43,35,122.86,3,2,14.29,12,34.29
2020,D Padikkal,Royal Challengers Bangalore,0,4,0.0,0,0,0.0,3,75.0
2023,Arshdeep Singh,Punjab Kings,2,2,100.0,0,0,0.0,1,50.0
2017,DA Miller,Kings XI Punjab,29,19,152.63,2,2,21.05,8,42.11
2013,OA Shah,Rajasthan Royals,12,12,100.0,1,0,8.33,4,33.33
2021,Ravi Bishnoi,Punjab Kings,1,4,25.0,0,0,0.0,3,75.0
2019,AR Patel,Delhi Capitals,81,51,158.82,8,3,21.57,12,23.53
2016,STR Binny,Royal Challengers Bangalore,35,19,184.21,2,3,26.32,6,31.58
2013,KV Sharma,Sunrisers Hyderabad,31,27,114.81,1,1,7.41,7,25.93
2015,SR Watson,Rajasthan Royals,33,14,235.71,3,2,35.71,1,7.14
2020,DJ Hooda,Kings XI Punjab,59,36,163.89,4,3,19.44,7,19.44
2014,B Kumar,Sunrisers Hyderabad,1,4,25.0,0,0,0.0,2,50.0
2022,Shivam Mavi,Kolkata Knight Riders,0,1,0.0,0,0,0.0,1,100.0
2018,B Stanlake,Sunrisers Hyderabad,5,2,250.0,1,0,50.0,0,0.0
2025,Sameer Rizvi,Delhi Capitals,32,12,266.67,2,3,41.67,1,8.33
2024,R Sai Kishore,Gujarat Titans,13,6,216.67,0,2,33.33,2,33.33
2020,GJ Maxwell,Kings XI Punjab,40,26,153.85,6,0,23.08,8,30.77
2022,Shashank Singh,Sunrisers Hyderabad,42,23,182.61,3,3,26.09,8,34.78
2021,DT Christian,Royal Challengers Bangalore,11,14,78.57,1,0,7.14,7,50.0
2024,SH Johnson,Gujarat Titans,6,7,85.71,1,0,14.29,3,42.86
2019,KK Nair,Kings XI Punjab,1,3,33.33,0,0,0.0,2,66.67
2016,KA Pollard,Mumbai Indians,99,58,170.69,4,9,22.41,19,32.76
2020,S Dhawan,Delhi Capitals,70,45,155.56,6,2,17.78,10,22.22
2013,AL Menaria,Rajasthan Royals,1,2,50.0,0,0,0.0,1,50.0
2016,DR Smith,Gujarat Lions,9,5,180.0,0,1,20.0,1,20.0
2023,PBB Rajapaksa,Punjab Kings,1,2,50.0,0,0,0.0,1,50.0
2025,MP Stoinis,Punjab Kings,100,34,294.12,5,10,44.12,3,8.82
2024,UT Yadav,Gujarat Titans,10,11,90.91,0,1,9.09,6,54.55
2017,Mohammed Shami,Delhi Daredevils,28,19,147.37,4,1,26.32,8,42.11
2018,SN Thakur,Chennai Super Kings,15,5,300.0,3,0,60.0,0,0.0
2022,Anuj Rawat,Royal Challengers Bangalore,6,3,200.0,0,1,33.33,1,33.33
2023,LS Livingstone,Punjab Kings,79,28,282.14,3,9,42.86,7,25.0
2025,RK Singh,Kolkata Knight Riders,99,42,235.71,13,6,45.24,12,28.57
2021,Avesh Khan,Delhi Capitals,5,3,166.67,1,0,33.33,1,33.33
2020,AB de Villiers,Royal Challengers Bangalore,191,84,227.38,11,16,32.14,15,17.86
2016,Sachin Baby,Royal Challengers Bangalore,73,38,192.11,6,4,26.32,9,23.68
2021,AR Patel,Delhi Capitals,20,20,100.0,0,1,5.0,6,30.0
2018,JJ Bumrah,Mumbai Indians,10,10,100.0,1,0,10.0,3,30.0
2021,KH Pandya,Mumbai Indians,59,43,137.21,5,3,18.6,16,37.21
2023,DJ Hooda,Lucknow Super Giants,13,8,162.5,2,0,25.0,2,25.0
2024,Lalit Yadav,Delhi Capitals,3,4,75.0,0,0,0.0,2,50.0
2022,SN Khan,Delhi Capitals,19,13,146.15,2,0,15.38,1,7.69
2016,UT Yadav,Kolkata Knight Riders,9,5,180.0,0,1,20.0,1,20.0
2023,I Sharma,Delhi Capitals,1,1,100.0,0,0,0.0,0,0.0
2020,CV Varun,Kolkata Knight Riders,10,15,66.67,0,0,0.0,5,33.33
2023,Vijaykumar Vyshak,Royal Challengers Bangalore,13,9,144.44,0,1,11.11,2,22.22
2023,Shubman Gill,Gujarat Titans,80,40,200.0,3,6,22.5,4,10.0
2021,Harbhajan Singh,Kolkata Knight Riders,4,4,100.0,0,0,0.0,1,25.0
2023,JD Unadkat,Lucknow Super Giants,9,7,128.57,1,0,14.29,1,14.29
2024,Swapnil Singh,Royal Challengers Bengaluru,22,12,183.33,1,2,25.0,3,25.0
2014,MM Sharma,Chennai Super Kings,1,3,33.33,0,0,0.0,2,66.67
2022,RM Patidar,Royal Challengers Bangalore,20,10,200.0,1,2,30.0,4,40.0
2025,Fazalhaq Farooqi,Rajasthan Royals,2,2,100.0,0,0,0.0,0,0.0
2021,J Suchith,Sunrisers Hyderabad,14,6,233.33,2,1,50.0,1,16.67
2016,Ishan Kishan,Gujarat Lions,6,8,75.0,1,0,12.5,4,50.0
2024,VG Arora,Kolkata Knight Riders,1,1,100.0,0,0,0.0,0,0.0
2013,CL White,Sunrisers Hyderabad,43,22,195.45,1,4,22.73,3,13.64
2022,RD Gaikwad,Chennai Super Kings,7,7,100.0,0,0,0.0,2,28.57
2013,AM Nayar,Pune Warriors,22,28,78.57,2,0,7.14,12,42.86
2025,Naman Dhir,Mumbai Indians,173,84,205.95,19,10,34.52,22,26.19
2014,BB McCullum,Chennai Super Kings,10,8,125.0,1,0,12.5,1,12.5
2021,TG Southee,Kolkata Knight Riders,3,5,60.0,0,0,0.0,3,60.0
2017,A Mishra,Delhi Daredevils,37,32,115.63,2,2,12.5,12,37.5
2018,Mujeeb Ur Rahman,Kings XI Punjab,10,7,142.86,2,0,28.57,2,28.57
2021,PWH de Silva,Royal Challengers Bangalore,1,1,100.0,0,0,0.0,0,0.0
2025,MA Agarwal,Royal Challengers Bengaluru,4,4,100.0,0,0,0.0,0,0.0
2019,CH Morris,Delhi Capitals,13,19,68.42,0,1,5.26,11,57.89
2019,CA Lynn,Kolkata Knight Riders,5,5,100.0,1,0,20.0,3,60.0
2019,Rasikh Salam,Mumbai Indians,5,4,125.0,0,0,0.0,1,25.0
2015,YK Pathan,Kolkata Knight Riders,91,51,178.43,9,4,25.49,10,19.61
2013,DPMD Jayawardene,Delhi Daredevils,27,15,180.0,4,1,33.33,5,33.33
2016,GJ Bailey,Rising Pune Supergiants,0,2,0.0,0,0,0.0,1,50.0
2024,KL Rahul,Lucknow Super Giants,8,8,100.0,1,0,12.5,4,50.0
2021,Shubman Gill,Kolkata Knight Riders,1,5,20.0,0,0,0.0,4,80.0
2019,B Kumar,Sunrisers Hyderabad,12,18,66.67,1,0,5.56,8,44.44
2020,MM Ali,Royal Challengers Bangalore,1,2,50.0,0,0,0.0,1,50.0
2020,Gurkeerat Singh,Royal Challengers Bangalore,39,36,108.33,4,0,11.11,12,33.33
2022,N Jagadeesan,Chennai Super Kings,9,11,81.82,0,0,0.0,3,27.27
2025,Rashid Khan,Gujarat Titans,28,20,140.0,1,2,15.0,9,45.0
2024,TU Deshpande,Chennai Super Kings,0,1,0.0,0,0,0.0,1,100.0
2015,J Botha,Kolkata Knight Riders,27,12,225.0,4,1,41.67,2,16.67
2020,R Tewatia,Rajasthan Royals,155,75,206.67,8,14,29.33,17,22.67
2025,AK Markram,Lucknow Super Giants,4,5,80.0,0,0,0.0,1,20.0
2023,SP Narine,Kolkata Knight Riders,9,11,81.82,1,0,9.09,4,36.36
2021,CV Varun,Kolkata Knight Riders,2,4,50.0,0,0,0.0,2,50.0
2023,RD Chahar,Punjab Kings,0,1,0.0,0,0,0.0,1,100.0
2023,PD Salt,Delhi Capitals,24,11,218.18,2,2,36.36,3,27.27
2021,Q de Kock,Mumbai Indians,6,3,200.0,1,0,33.33,0,0.0
2015,JP Duminy,Delhi Daredevils,69,40,172.5,4,3,17.5,4,10.0
2020,AT Carey,Delhi Capitals,31,28,110.71,0,1,3.57,6,21.43
2019,SM Curran,Kings XI Punjab,65,29,224.14,9,2,37.93,6,20.69
2020,S Gopal,Rajasthan Royals,21,14,150.0,3,0,21.43,3,21.43
2016,DW Steyn,Gujarat Lions,1,2,50.0,0,0,0.0,1,50.0
2018,KL Rahul,Kings XI Punjab,91,34,267.65,11,4,44.12,2,5.88
2024,Shahbaz Ahmed,Sunrisers Hyderabad,111,63,176.19,5,9,22.22,18,28.57
2016,MJ McClenaghan,Mumbai Indians,6,6,100.0,1,0,16.67,3,50.0
2016,NV Ojha,Sunrisers Hyderabad,57,55,103.64,4,1,9.09,21,38.18
2023,C Green,Mumbai Indians,64,36,177.78,6,2,22.22,5,13.89
2024,Naveen-ul-Haq,Lucknow Super Giants,2,4,50.0,0,0,0.0,3,75.0
2014,DJ Bravo,Chennai Super Kings,8,3,266.67,0,1,33.33,0,0.0
2020,K Rabada,Delhi Capitals,52,38,136.84,4,2,15.79,13,34.21
2013,Iqbal Abdulla,Kolkata Knight Riders,4,8,50.0,0,0,0.0,3,37.5
2017,KC Cariappa,Kings XI Punjab,2,7,28.57,0,0,0.0,5,71.43
2024,SP Narine,Kolkata Knight Riders,9,7,128.57,2,0,28.57,4,57.14
2025,B Kumar,Royal Challengers Bengaluru,6,12,50.0,0,0,0.0,8,66.67
2019,RD Chahar,Mumbai Indians,12,11,109.09,2,0,18.18,6,54.55
2021,CJ Jordan,Punjab Kings,29,17,170.59,1,3,23.53,7,41.18
2021,SS Iyer,Delhi Capitals,47,33,142.42,3,2,15.15,8,24.24
2015,RS Bopara,Sunrisers Hyderabad,57,46,123.91,3,2,10.87,14,30.43
2017,A Choudhary,Royal Challengers Bangalore,24,19,126.32,1,1,10.53,4,21.05
2016,JA Morkel,Rising Pune Supergiants,14,6,233.33,0,2,33.33,1,16.67
2022,M Theekshana,Chennai Super Kings,7,4,175.0,0,1,25.0,1,25.0
2024,I Sharma,Delhi Capitals,1,7,14.29,0,0,0.0,6,85.71
2023,F du Plessis,Royal Challengers Bangalore,48,22,218.18,3,4,31.82,5,22.73
2014,HV Patel,Royal Challengers Bangalore,11,6,183.33,1,1,33.33,3,50.0
2025,DL Chahar,Mumbai Indians,37,25,148.0,3,2,20.0,8,32.0
2018,M Markande,Mumbai Indians,18,17,105.88,2,0,11.76,4,23.53
2017,CJ Anderson,Delhi Daredevils,76,35,217.14,4,7,31.43,6,17.14
2023,JC Buttler,Rajasthan Royals,28,17,164.71,5,0,29.41,5,29.41
2020,R Ashwin,Delhi Capitals,29,29,100.0,3,0,10.34,12,41.38
2022,KS Williamson,Sunrisers Hyderabad,8,8,100.0,1,0,12.5,3,37.5
2017,SV Samson,Delhi Daredevils,35,13,269.23,1,4,38.46,3,23.08
2018,Kuldeep Yadav,Kolkata Knight Riders,10,15,66.67,1,0,6.67,9,60.0
2021,Ishan Kishan,Mumbai Indians,12,13,92.31,2,0,15.38,8,61.54
2020,MR Marsh,Sunrisers Hyderabad,0,1,0.0,0,0,0.0,1,100.0
2021,AK Markram,Punjab Kings,17,13,130.77,1,1,15.38,4,30.77
2019,KC Cariappa,Kolkata Knight Riders,9,3,300.0,0,1,33.33,0,0.0
2016,G Gambhir,Kolkata Knight Riders,27,15,180.0,3,1,26.67,3,20.0
2019,RG Sharma,Mumbai Indians,0,1,0.0,0,0,0.0,1,100.0
2024,MJ Suthar,Gujarat Titans,1,2,50.0,0,0,0.0,1,50.0
2013,NV Ojha,Delhi Daredevils,0,1,0.0,0,0,0.0,1,100.0
2025,A Raghuvanshi,Kolkata Knight Riders,52,35,148.57,5,2,20.0,10,28.57
2013,AB de Villiers,Royal Challengers Bangalore,155,59,262.71,13,12,42.37,11,18.64
2022,KK Nair,Rajasthan Royals,3,5,60.0,0,0,0.0,2,40.0
2025,SB Dubey,Rajasthan Royals,77,37,208.11,3,7,27.03,8,21.62
2014,SV Samson,Rajasthan Royals,11,10,110.0,0,1,10.0,5,50.0
2013,P Kumar,Kings XI Punjab,47,38,123.68,3,3,15.79,18,47.37
2023,Shahbaz Ahmed,Royal Challengers Bangalore,23,14,164.29,3,0,21.43,1,7.14
2019,S Dhawan,Delhi Capitals,11,11,100.0,0,0,0.0,2,18.18
2023,KH Pandya,Lucknow Super Giants,19,10,190.0,2,1,30.0,2,20.0
2014,M de Lange,Mumbai Indians,1,2,50.0,0,0,0.0,1,50.0
2015,PV Tambe,Rajasthan Royals,3,5,60.0,0,0,0.0,2,40.0
2015,LMP Simmons,Mumbai Indians,25,15,166.67,3,1,26.67,4,26.67
2017,PP Chawla,Kolkata Knight Riders,0,1,0.0,0,0,0.0,1,100.0
2018,M Prasidh Krishna,Kolkata Knight Riders,1,5,20.0,0,0,0.0,4,80.0
2016,Sandeep Sharma,Kings XI Punjab,3,4,75.0,0,0,0.0,1,25.0
2021,KA Jamieson,Royal Challengers Bangalore,45,30,150.0,4,2,20.0,8,26.67
2015,SPD Smith,Rajasthan Royals,42,25,168.0,5,1,24.0,7,28.0
2016,M Morkel,Kolkata Knight Riders,1,1,100.0,0,0,0.0,0,0.0
2021,S Nadeem,Sunrisers Hyderabad,0,1,0.0,0,0,0.0,1,100.0
2014,Karanveer Singh,Kings XI Punjab,1,1,100.0,0,0,0.0,0,0.0
2016,Z Khan,Delhi Daredevils,6,11,54.55,1,0,9.09,8,72.73
2024,B Kumar,Sunrisers Hyderabad,10,12,83.33,0,0,0.0,4,33.33
2020,NM Coulter-Nile,Mumbai Indians,25,15,166.67,4,0,26.67,5,33.33
2014,WP Saha,Kings XI Punjab,80,38,210.53,7,5,31.58,9,23.68
2018,SK Raina,Chennai Super Kings,74,35,211.43,6,4,28.57,3,8.57
2024,TH David,Mumbai Indians,171,85,201.18,11,13,28.24,25,29.41
2014,R Shukla,Delhi Daredevils,15,18,83.33,2,0,11.11,9,50.0
2013,A Nehra,Delhi Daredevils,1,8,12.5,0,0,0.0,7,87.5
2024,Abishek Porel,Delhi Capitals,41,15,273.33,5,2,46.67,1,6.67
2014,DR Smith,Chennai Super Kings,16,10,160.0,2,1,30.0,5,50.0
2014,MS Dhoni,Chennai Super Kings,253,133,190.23,17,16,24.81,29,21.8
2024,H Klaasen,Sunrisers Hyderabad,169,71,238.03,9,15,33.8,15,21.13
2013,AD Mathews,Pune Warriors,38,33,115.15,2,1,9.09,9,27.27
2019,K Gowtham,Rajasthan Royals,3,6,50.0,0,0,0.0,3,50.0
2016,C Munro,Kolkata Knight Riders,4,5,80.0,0,0,0.0,2,40.0
2019,GH Vihari,Delhi Capitals,4,8,50.0,0,0,0.0,4,50.0
2024,KA Maharaj,Rajasthan Royals,1,2,50.0,0,0,0.0,1,50.0
2016,KM Jadhav,Royal Challengers Bangalore,36,27,133.33,2,2,14.81,8,29.63
2016,KS Williamson,Sunrisers Hyderabad,19,14,135.71,3,0,21.43,4,28.57
2020,N Rana,Kolkata Knight Riders,34,20,170.0,7,0,35.0,8,40.0
2024,Mohammed Siraj,Royal Challengers Bengaluru,12,8,150.0,0,2,25.0,6,75.0
2023,GD Phillips,Sunrisers Hyderabad,31,15,206.67,2,3,33.33,6,40.0
2018,Mandeep Singh,Royal Challengers Bangalore,140,73,191.78,10,8,24.66,13,17.81
2016,KK Nair,Delhi Daredevils,43,22,195.45,2,4,27.27,6,27.27
2017,Rashid Khan,Sunrisers Hyderabad,11,9,122.22,0,1,11.11,3,33.33
2025,V Shankar,Chennai Super Kings,23,15,153.33,1,1,13.33,1,6.67
2025,SM Curran,Chennai Super Kings,7,8,87.5,0,1,12.5,6,75.0
2020,HH Pandya,Mumbai Indians,198,89,222.47,11,18,32.58,19,21.35
2022,Avesh Khan,Lucknow Super Giants,10,9,111.11,0,1,11.11,4,44.44
2013,SL Malinga,Mumbai Indians,9,18,50.0,1,0,5.56,13,72.22
2014,VR Aaron,Royal Challengers Bangalore,34,28,121.43,2,1,10.71,9,32.14
2018,R Vinay Kumar,Kolkata Knight Riders,6,3,200.0,1,0,33.33,0,0.0
2016,A Ashish Reddy,Sunrisers Hyderabad,15,11,136.36,0,1,9.09,2,18.18
2024,MS Dhoni,Chennai Super Kings,154,68,226.47,13,13,38.24,20,29.41
2019,Gurkeerat Singh,Royal Challengers Bangalore,26,16,162.5,2,2,25.0,4,25.0
2024,Tilak Varma,Mumbai Indians,42,25,168.0,0,4,16.0,5,20.0
2023,R Parag,Rajasthan Royals,26,16,162.5,1,3,25.0,7,43.75
2014,JDS Neesham,Delhi Daredevils,10,16,62.5,0,1,6.25,11,68.75
2017,SR Watson,Royal Challengers Bangalore,8,10,80.0,0,0,0.0,3,30.0
2020,KL Rahul,Kings XI Punjab,82,45,182.22,5,6,24.44,13,28.89
2013,DJ Hussey,Kings XI Punjab,4,6,66.67,0,0,0.0,2,33.33
2020,TU Deshpande,Delhi Capitals,21,12,175.0,2,1,25.0,3,25.0
2013,RJ Harris,Kings XI Punjab,2,5,40.0,0,0,0.0,3,60.0
2014,R Bhatia,Rajasthan Royals,39,23,169.57,4,2,26.09,8,34.78
2014,JO Holder,Sunrisers Hyderabad,16,12,133.33,2,1,25.0,7,58.33
2025,JC Buttler,Gujarat Titans,97,46,210.87,9,6,32.61,8,17.39
2022,PVD Chameera,Lucknow Super Giants,39,24,162.5,2,3,20.83,8,33.33
2013,Sandeep Sharma,Kings XI Punjab,0,1,0.0,0,0,0.0,1,100.0
2023,AM Rahane,Chennai Super Kings,33,9,366.67,3,3,66.67,1,11.11
2022,JM Sharma,Punjab Kings,63,29,217.24,6,4,34.48,6,20.69
2014,IK Pathan,Sunrisers Hyderabad,35,26,134.62,5,0,19.23,8,30.77
2025,D Padikkal,Royal Challengers Bengaluru,11,7,157.14,2,0,28.57,3,42.86
2014,RG Sharma,Mumbai Indians,118,62,190.32,10,8,29.03,17,27.42
2020,KL Nagarkoti,Kolkata Knight Riders,15,16,93.75,1,0,6.25,5,31.25
2014,UT Yadav,Kolkata Knight Riders,2,4,50.0,0,0,0.0,2,50.0
2025,RM Patidar,Royal Challengers Bengaluru,35,23,152.17,2,3,21.74,8,34.78
2018,CH Morris,Delhi Daredevils,25,14,178.57,1,1,14.29,1,7.14
2016,F du Plessis,Rising Pune Supergiants,14,9,155.56,2,0,22.22,2,22.22
2020,AS Rajpoot,Rajasthan Royals,9,9,100.0,0,1,11.11,5,55.56
2024,AS Roy,Kolkata Knight Riders,3,3,100.0,0,0,0.0,0,0.0
2015,D Wiese,Royal Challengers Bangalore,83,54,153.7,10,3,24.07,18,33.33
2015,MM Sharma,Chennai Super Kings,28,18,155.56,1,2,16.67,6,33.33
2013,JA Morkel,Chennai Super Kings,25,15,166.67,1,2,20.0,4,26.67
2018,H Klaasen,Rajasthan Royals,28,22,127.27,1,1,9.09,5,22.73
2023,P Dubey,Delhi Capitals,1,2,50.0,0,0,0.0,1,50.0
2014,AN Ahmed,Royal Challengers Bangalore,4,1,400.0,1,0,100.0,0,0.0
2013,S Narwal,Kolkata Knight Riders,17,12,141.67,3,0,25.0,5,41.67
2015,GJ Maxwell,Kings XI Punjab,1,2,50.0,0,0,0.0,1,50.0
2013,AG Murtaza,Pune Warriors,5,4,125.0,1,0,25.0,2,50.0
2019,HV Patel,Delhi Capitals,0,2,0.0,0,0,0.0,2,100.0
2021,R Parag,Rajasthan Royals,30,29,103.45,1,1,6.9,11,37.93
2025,MJ Santner,Mumbai Indians,35,25,140.0,2,3,20.0,10,40.0
2019,DJ Bravo,Chennai Super Kings,33,24,137.5,2,2,16.67,8,33.33
2024,D Ferreira,Rajasthan Royals,3,5,60.0,0,0,0.0,3,60.0
2018,AS Rajpoot,Kings XI Punjab,10,13,76.92,1,0,7.69,5,38.46
2014,MA Agarwal,Delhi Daredevils,6,2,300.0,0,1,50.0,1,50.0
2018,K Gowtham,Rajasthan Royals,91,40,227.5,6,7,32.5,11,27.5
2019,Q de Kock,Mumbai Indians,37,21,176.19,4,1,23.81,3,14.29
2024,Shashank Singh,Punjab Kings,116,49,236.73,8,10,36.73,7,14.29
2019,KMA Paul,Delhi Capitals,18,19,94.74,1,1,10.53,9,47.37
2014,KL Rahul,Sunrisers Hyderabad,11,10,110.0,0,1,10.0,4,40.0
2013,MC Henriques,Royal Challengers Bangalore,76,42,180.95,11,2,30.95,13,30.95
2015,Karanveer Singh,Kings XI Punjab,7,9,77.78,1,0,11.11,5,55.56
2024,JA Richardson,Delhi Capitals,2,2,100.0,0,0,0.0,1,50.0
2013,PV Tambe,Rajasthan Royals,3,6,50.0,0,0,0.0,2,33.33
2022,Ishan Kishan,Mumbai Indians,34,15,226.67,5,1,40.0,1,6.67
2016,R Ashwin,Rising Pune Supergiants,12,13,92.31,0,1,7.69,7,53.85
2023,JP Behrendorff,Mumbai Indians,6,9,66.67,0,0,0.0,3,33.33
2020,T Natarajan,Sunrisers Hyderabad,3,5,60.0,0,0,0.0,2,40.0
2021,DJ Hooda,Punjab Kings,30,23,130.43,3,1,17.39,8,34.78
2021,F du Plessis,Chennai Super Kings,82,38,215.79,8,5,34.21,9,23.68
2017,SP Jackson,Kolkata Knight Riders,6,6,100.0,0,0,0.0,1,16.67
2019,RA Tripathi,Rajasthan Royals,25,19,131.58,2,1,15.79,7,36.84
2018,MK Tiwary,Kings XI Punjab,4,1,400.0,1,0,100.0,0,0.0
2024,KV Sharma,Royal Challengers Bengaluru,31,15,206.67,2,3,33.33,4,26.67
2022,M Shahrukh Khan,Punjab Kings,30,18,166.67,1,3,22.22,7,38.89
2021,KM Jadhav,Sunrisers Hyderabad,13,8,162.5,1,1,25.0,3,37.5
2015,AN Ahmed,Royal Challengers Bangalore,10,5,200.0,2,0,40.0,1,20.0
2021,DR Sams,Royal Challengers Bangalore,3,2,150.0,0,0,0.0,0,0.0
2015,SA Abbott,Royal Challengers Bangalore,14,9,155.56,1,1,22.22,3,33.33
2019,Avesh Khan,Delhi Capitals,4,3,133.33,1,0,33.33,2,66.67
2021,CH Gayle,Punjab Kings,19,9,211.11,1,2,33.33,3,33.33
2022,VG Arora,Punjab Kings,5,13,38.46,0,0,0.0,8,61.54
2015,DS Kulkarni,Rajasthan Royals,4,11,36.36,0,0,0.0,7,63.64
2022,SE Rutherford,Royal Challengers Bangalore,2,4,50.0,0,0,0.0,2,50.0
2023,MA Wood,Lucknow Super Giants,11,5,220.0,1,1,40.0,2,40.0
2015,R Bhatia,Rajasthan Royals,0,1,0.0,0,0,0.0,1,100.0
2018,CR Woakes,Royal Challengers Bangalore,7,11,63.64,1,0,9.09,7,63.64
2015,KA Pollard,Mumbai Indians,193,95,203.16,13,14,28.42,20,21.05
2017,NM Coulter-Nile,Kolkata Knight Riders,14,12,116.67,0,2,16.67,8,66.67
2019,Sandeep Sharma,Sunrisers Hyderabad,6,3,200.0,1,0,33.33,0,0.0
2021,S Kaul,Sunrisers Hyderabad,8,8,100.0,1,0,12.5,3,37.5
2013,S Dhawan,Sunrisers Hyderabad,21,11,190.91,4,0,36.36,3,27.27
2015,SN Khan,Royal Challengers Bangalore,64,36,177.78,8,1,25.0,6,16.67
2018,KH Pandya,Mumbai Indians,101,57,177.19,9,6,26.32,15,26.32
2018,RA Tripathi,Rajasthan Royals,31,18,172.22,1,2,16.67,3,16.67
2020,BA Stokes,Rajasthan Royals,21,10,210.0,2,1,30.0,2,20.0
2014,SA Yadav,Kolkata Knight Riders,99,63,157.14,12,3,23.81,17,26.98
2013,PA Patel,Sunrisers Hyderabad,14,6,233.33,1,1,33.33,0,0.0
2021,KL Nagarkoti,Kolkata Knight Riders,0,2,0.0,0,0,0.0,2,100.0
2014,KV Sharma,Sunrisers Hyderabad,33,24,137.5,1,2,12.5,5,20.83
2021,Mohammed Siraj,Royal Challengers Bangalore,18,25,72.0,1,1,8.0,15,60.0
2018,B Laughlin,Rajasthan Royals,1,4,25.0,0,0,0.0,3,75.0
2014,SPD Smith,Rajasthan Royals,75,38,197.37,10,2,31.58,7,18.42
2020,KH Pandya,Mumbai Indians,37,21,176.19,4,2,28.57,5,23.81
2015,AT Rayudu,Mumbai Indians,155,72,215.28,12,12,33.33,15,20.83
2013,R Dravid,Rajasthan Royals,20,13,153.85,2,1,23.08,6,46.15
2024,SA Yadav,Mumbai Indians,21,7,300.0,2,2,57.14,2,28.57
2025,SN Thakur,Lucknow Super Giants,18,12,150.0,3,0,25.0,5,41.67
2013,UBT Chand,Delhi Daredevils,1,4,25.0,0,0,0.0,3,75.0
2018,C de Grandhomme,Royal Challengers Bangalore,96,52,184.62,2,9,21.15,13,25.0
2020,S Dube,Royal Challengers Bangalore,68,45,151.11,4,5,20.0,17,37.78
2017,SP Narine,Kolkata Knight Riders,2,3,66.67,0,0,0.0,1,33.33
2014,Harbhajan Singh,Mumbai Indians,27,24,112.5,2,2,16.67,13,54.17
2022,JR Hazlewood,Royal Challengers Bangalore,15,15,100.0,1,0,6.67,4,26.67
2023,UT Yadav,Kolkata Knight Riders,16,13,123.08,1,0,7.69,3,23.08
2018,DS Kulkarni,Rajasthan Royals,6,7,85.71,0,0,0.0,1,14.29
2017,DR Smith,Gujarat Lions,1,2,50.0,0,0,0.0,1,50.0
2016,NS Naik,Kings XI Punjab,11,14,78.57,0,0,0.0,4,28.57
2024,LB Williams,Delhi Capitals,1,2,50.0,0,0,0.0,1,50.0
2015,MJ McClenaghan,Mumbai Indians,13,6,216.67,0,2,33.33,3,50.0
2020,V Kohli,Royal Challengers Bangalore,105,49,214.29,6,4,20.41,2,4.08
2023,AT Rayudu,Chennai Super Kings,66,34,194.12,5,4,26.47,6,17.65
2024,MA Starc,Kolkata Knight Riders,7,9,77.78,1,0,11.11,5,55.56
2017,RG Sharma,Mumbai Indians,62,42,147.62,3,3,14.29,6,14.29
2019,SO Hetmyer,Royal Challengers Bangalore,8,5,160.0,0,1,20.0,2,40.0
2016,PP Chawla,Kolkata Knight Riders,8,5,160.0,1,0,20.0,1,20.0
2014,PA Patel,Royal Challengers Bangalore,18,7,257.14,3,0,42.86,0,0.0
2017,Bipul Sharma,Sunrisers Hyderabad,31,24,129.17,2,1,12.5,8,33.33
2021,Shakib Al Hasan,Kolkata Knight Riders,14,16,87.5,1,0,6.25,5,31.25
2014,PP Chawla,Kolkata Knight Riders,31,17,182.35,4,1,29.41,4,23.53
2017,TG Southee,Mumbai Indians,7,3,233.33,0,1,33.33,1,33.33
2024,SM Curran,Punjab Kings,47,30,156.67,4,3,23.33,10,33.33
2020,SN Khan,Kings XI Punjab,20,13,153.85,3,0,23.08,3,23.08
2015,Yuvraj Singh,Delhi Daredevils,40,24,166.67,3,3,25.0,9,37.5
2016,AD Russell,Kolkata Knight Riders,89,49,181.63,7,6,26.53,15,30.61
2018,Imran Tahir,Chennai Super Kings,2,2,100.0,0,0,0.0,0,0.0
2020,SR Watson,Chennai Super Kings,2,3,66.67,0,0,0.0,1,33.33
2018,SV Samson,Rajasthan Royals,68,26,261.54,3,8,42.31,8,30.77
2018,PJ Sangwan,Mumbai Indians,0,4,0.0,0,0,0.0,4,100.0
2016,MG Johnson,Kings XI Punjab,3,9,33.33,0,0,0.0,5,55.56
2020,Washington Sundar,Royal Challengers Bangalore,22,18,122.22,2,0,11.11,3,16.67
2019,CR Brathwaite,Kolkata Knight Riders,10,8,125.0,1,0,12.5,2,25.0
2017,MS Dhoni,Rising Pune Supergiant,134,78,171.79,8,9,21.79,22,28.21
2017,S Kaul,Sunrisers Hyderabad,0,2,0.0,0,0,0.0,2,100.0
2022,SO Hetmyer,Rajasthan Royals,218,106,205.66,13,19,30.19,26,24.53
2014,LR Shukla,Delhi Daredevils,4,4,100.0,1,0,25.0,3,75.0
2020,R Parag,Rajasthan Royals,46,26,176.92,5,2,26.92,8,30.77
2020,Ravi Bishnoi,Kings XI Punjab,2,6,33.33,0,0,0.0,4,66.67
2023,SN Khan,Delhi Capitals,9,5,180.0,2,0,40.0,2,40.0
2016,BCJ Cutting,Sunrisers Hyderabad,57,27,211.11,3,6,33.33,9,33.33
2017,S Aravind,Royal Challengers Bangalore,20,25,80.0,1,0,4.0,9,36.0
2023,D Wiese,Kolkata Knight Riders,21,11,190.91,0,3,27.27,4,36.36
2024,Q de Kock,Lucknow Super Giants,1,3,33.33,0,0,0.0,2,66.67
2015,WP Saha,Kings XI Punjab,46,30,153.33,6,1,23.33,9,30.0
2017,NV Ojha,Sunrisers Hyderabad,39,33,118.18,0,2,6.06,10,30.3
2019,V Shankar,Sunrisers Hyderabad,77,39,197.44,6,4,25.64,6,15.38
2023,AU Rashid,Sunrisers Hyderabad,4,3,133.33,1,0,33.33,2,66.67
2016,AT Rayudu,Mumbai Indians,22,15,146.67,1,1,13.33,4,26.67
2021,YS Chahal,Royal Challengers Bangalore,9,16,56.25,0,0,0.0,7,43.75
2019,I Sharma,Delhi Capitals,10,3,333.33,1,1,66.67,1,33.33
2014,MG Johnson,Kings XI Punjab,56,50,112.0,4,3,14.0,23,46.0
2025,PJ Cummins,Sunrisers Hyderabad,81,36,225.0,4,7,30.56,5,13.89
2019,R Tewatia,Delhi Capitals,21,15,140.0,1,1,13.33,3,20.0
2013,PP Ojha,Mumbai Indians,2,4,50.0,0,0,0.0,2,50.0
2021,TH David,Royal Challengers Bangalore,1,3,33.33,0,0,0.0,2,66.67
2017,SK Raina,Gujarat Lions,48,28,171.43,5,2,25.0,7,25.0
2022,JD Unadkat,Mumbai Indians,55,31,177.42,4,3,22.58,9,29.03
2023,Abdul Basith,Rajasthan Royals,1,1,100.0,0,0,0.0,0,0.0
2020,SA Yadav,Mumbai Indians,47,20,235.0,5,3,40.0,4,20.0
2019,KL Rahul,Kings XI Punjab,93,53,175.47,7,5,22.64,11,20.75
2025,G Coetzee,Gujarat Titans,12,5,240.0,1,1,40.0,2,40.0
2020,M Prasidh Krishna,Kolkata Knight Riders,2,4,50.0,0,0,0.0,2,50.0
2018,AM Rahane,Rajasthan Royals,17,12,141.67,0,1,8.33,2,16.67
2014,MK Pandey,Kolkata Knight Riders,42,24,175.0,3,3,25.0,6,25.0
2017,PJ Cummins,Delhi Daredevils,47,29,162.07,3,2,17.24,6,20.69
2013,Mandeep Singh,Kings XI Punjab,15,11,136.36,1,0,9.09,2,18.18
2014,MA Starc,Royal Challengers Bangalore,44,43,102.33,5,0,11.63,15,34.88
2021,PJ Cummins,Kolkata Knight Riders,45,37,121.62,2,3,13.51,13,35.14
2014,PV Tambe,Rajasthan Royals,5,9,55.56,0,0,0.0,4,44.44
2023,Anuj Rawat,Royal Challengers Bangalore,70,38,184.21,5,4,23.68,6,15.79
2021,N Rana,Kolkata Knight Riders,53,33,160.61,6,2,24.24,9,27.27
2025,MR Marsh,Lucknow Super Giants,23,11,209.09,1,2,27.27,2,18.18
2014,F du Plessis,Chennai Super Kings,52,28,185.71,5,3,28.57,6,21.43
2024,AK Markram,Sunrisers Hyderabad,31,15,206.67,2,2,26.67,1,6.67
2019,DS Kulkarni,Rajasthan Royals,5,3,166.67,1,0,33.33,1,33.33
2022,GJ Maxwell,Royal Challengers Bangalore,65,29,224.14,9,2,37.93,4,13.79
2021,M Prasidh Krishna,Kolkata Knight Riders,0,1,0.0,0,0,0.0,1,100.0
2015,SN Thakur,Kings XI Punjab,7,6,116.67,1,0,16.67,2,33.33
2016,MC Henriques,Sunrisers Hyderabad,54,33,163.64,4,3,21.21,9,27.27
2013,A Ashish Reddy,Sunrisers Hyderabad,96,66,145.45,5,5,15.15,18,27.27
2013,MEK Hussey,Chennai Super Kings,54,28,192.86,6,3,32.14,5,17.86
2017,DT Christian,Rising Pune Supergiant,75,47,159.57,4,5,19.15,15,31.91
2016,Harbhajan Singh,Mumbai Indians,51,33,154.55,7,2,27.27,13,39.39
2019,V Kohli,Royal Challengers Bangalore,72,27,266.67,5,6,40.74,4,14.81
2016,MK Pandey,Kolkata Knight Riders,11,11,100.0,1,0,9.09,3,27.27
2018,MP Stoinis,Kings XI Punjab,64,43,148.84,5,2,16.28,12,27.91
2017,Yuvraj Singh,Sunrisers Hyderabad,89,45,197.78,12,3,33.33,9,20.0
2013,KD Karthik,Mumbai Indians,61,24,254.17,4,6,41.67,5,20.83
2021,AD Russell,Kolkata Knight Riders,75,44,170.45,6,6,27.27,19,43.18
2025,YBK Jaiswal,Rajasthan Royals,2,3,66.67,0,0,0.0,1,33.33
2014,DA Miller,Kings XI Punjab,130,62,209.68,5,11,25.81,8,12.9
2017,AR Bawne,Delhi Daredevils,12,12,100.0,1,0,8.33,4,33.33
2019,Washington Sundar,Royal Challengers Bangalore,1,3,33.33,0,0,0.0,2,66.67
2023,AS Roy,Kolkata Knight Riders,19,13,146.15,2,0,15.38,2,15.38
2020,TK Curran,Rajasthan Royals,42,21,200.0,3,3,28.57,4,19.05
2018,MA Agarwal,Kings XI Punjab,11,7,157.14,0,1,14.29,1,14.29
2021,RD Gaikwad,Chennai Super Kings,70,32,218.75,6,5,34.38,6,18.75
2021,SA Yadav,Mumbai Indians,37,19,194.74,7,1,42.11,9,47.37
2018,DT Christian,Delhi Daredevils,19,19,100.0,0,1,5.26,5,26.32
2015,Harbhajan Singh,Mumbai Indians,67,40,167.5,3,7,25.0,18,45.0
2023,R Dhawan,Punjab Kings,9,6,150.0,0,1,16.67,3,50.0
2025,Arshad Khan,Gujarat Titans,15,12,125.0,0,2,16.67,7,58.33
2014,Y Venugopal Rao,Sunrisers Hyderabad,20,13,153.85,2,0,15.38,1,7.69
2023,RD Gaikwad,Chennai Super Kings,13,9,144.44,0,1,11.11,2,22.22
2015,TG Southee,Rajasthan Royals,13,9,144.44,1,0,11.11,1,11.11
2022,CV Varun,Kolkata Knight Riders,11,11,100.0,2,0,18.18,6,54.55
2020,Abdul Samad,Sunrisers Hyderabad,73,44,165.91,5,4,20.45,13,29.55
2015,SV Samson,Rajasthan Royals,51,21,242.86,2,6,38.1,5,23.81
2023,Sanvir Singh,Sunrisers Hyderabad,4,3,133.33,1,0,33.33,1,33.33
2013,STR Binny,Rajasthan Royals,77,50,154.0,5,4,18.0,12,24.0
2022,MS Dhoni,Chennai Super Kings,153,86,177.91,15,8,26.74,29,33.72
2016,SB Jakati,Gujarat Lions,1,2,50.0,0,0,0.0,1,50.0
2013,K Upadhyay,Pune Warriors,1,1,100.0,0,0,0.0,0,0.0
2013,A Chandila,Rajasthan Royals,4,6,66.67,0,0,0.0,2,33.33
2023,M Markande,Sunrisers Hyderabad,21,13,161.54,2,1,23.08,3,23.08
2025,KK Ahmed,Chennai Super Kings,1,2,50.0,0,0,0.0,1,50.0
2025,Abhishek Sharma,Sunrisers Hyderabad,4,2,200.0,1,0,50.0,1,50.0
2014,S Nadeem,Delhi Daredevils,2,2,100.0,0,0,0.0,0,0.0
2025,A Manohar,Sunrisers Hyderabad,31,21,147.62,2,2,19.05,8,38.1
2023,Mohammed Shami,Gujarat Titans,5,6,83.33,1,0,16.67,4,66.67
2014,BCJ Cutting,Rajasthan Royals,8,6,133.33,0,1,16.67,2,33.33
2021,Abhishek Sharma,Sunrisers Hyderabad,16,10,160.0,0,2,20.0,4,40.0
2018,AD Russell,Kolkata Knight Riders,158,71,222.54,11,16,38.03,26,36.62
2016,YK Pathan,Kolkata Knight Riders,123,67,183.58,15,3,26.87,9,13.43
2015,G Gambhir,Kolkata Knight Riders,5,6,83.33,0,0,0.0,2,33.33
2023,Mohit Rathee,Punjab Kings,1,2,50.0,0,0,0.0,1,50.0
2022,FA Allen,Mumbai Indians,3,4,75.0,0,0,0.0,2,50.0
2013,P Dogra,Kolkata Knight Riders,5,8,62.5,0,0,0.0,3,37.5
2015,S Aravind,Royal Challengers Bangalore,0,1,0.0,0,0,0.0,1,100.0
2025,M Theekshana,Rajasthan Royals,7,17,41.18,0,0,0.0,10,58.82
2024,MP Stoinis,Lucknow Super Giants,48,25,192.0,6,2,32.0,6,24.0
2014,YS Chahal,Royal Challengers Bangalore,1,1,100.0,0,0,0.0,0,0.0
2021,SM Curran,Chennai Super Kings,46,23,200.0,3,3,26.09,4,17.39
2024,RA Jadeja,Chennai Super Kings,113,62,182.26,8,6,22.58,12,19.35
2025,PHKD Mendis,Sunrisers Hyderabad,14,14,100.0,0,0,0.0,3,21.43
2013,AD Mascarenhas,Kings XI Punjab,5,5,100.0,0,0,0.0,1,20.0
2024,Arshad Khan,Lucknow Super Giants,46,26,176.92,3,3,23.08,6,23.08
2022,A Badoni,Lucknow Super Giants,84,50,168.0,5,5,20.0,12,24.0
2013,KW Richardson,Pune Warriors,10,13,76.92,0,0,0.0,5,38.46
2020,A Nortje,Delhi Capitals,7,6,116.67,0,0,0.0,3,50.0
2018,RG Sharma,Mumbai Indians,96,46,208.7,8,6,30.43,11,23.91
2015,P Negi,Chennai Super Kings,93,55,169.09,9,4,23.64,15,27.27
2025,Ishan Kishan,Sunrisers Hyderabad,82,37,221.62,7,5,32.43,6,16.22
2020,KS Williamson,Sunrisers Hyderabad,97,56,173.21,9,3,21.43,9,16.07
2015,SP Narine,Kolkata Knight Riders,0,1,0.0,0,0,0.0,0,0.0
2023,MS Dhoni,Chennai Super Kings,102,50,204.0,3,10,26.0,12,24.0
2020,AR Patel,Delhi Capitals,71,45,157.78,4,5,20.0,13,28.89
2021,JD Unadkat,Rajasthan Royals,29,18,161.11,2,2,22.22,5,27.78
2023,SN Thakur,Kolkata Knight Riders,38,28,135.71,6,0,21.43,9,32.14
2024,A Nortje,Delhi Capitals,3,6,50.0,0,0,0.0,4,66.67
2019,RV Uthappa,Kolkata Knight Riders,27,22,122.73,2,1,13.64,7,31.82
2018,JPR Scantlebury-Searles,Kolkata Knight Riders,8,6,133.33,0,1,16.67,3,50.0
2017,VR Aaron,Kings XI Punjab,4,10,40.0,0,0,0.0,7,70.0
2019,MM Sharma,Chennai Super Kings,0,2,0.0,0,0,0.0,2,100.0
2020,TA Boult,Mumbai Indians,0,1,0.0,0,0,0.0,1,100.0
2020,Mohammed Siraj,Royal Challengers Bangalore,17,14,121.43,2,0,14.29,4,28.57
2022,RK Singh,Kolkata Knight Riders,99,49,202.04,11,5,32.65,11,22.45
2022,AD Russell,Kolkata Knight Riders,114,57,200.0,9,9,31.58,19,33.33
2023,Mohsin Khan,Lucknow Super Giants,0,1,0.0,0,0,0.0,1,100.0
2025,Shubman Gill,Gujarat Titans,45,22,204.55,3,3,27.27,4,18.18
2022,AS Joseph,Gujarat Titans,5,7,71.43,0,0,0.0,2,28.57
2019,KK Ahmed,Sunrisers Hyderabad,0,1,0.0,0,0,0.0,1,100.0
2019,S Kaul,Sunrisers Hyderabad,0,1,0.0,0,0,0.0,1,100.0
2022,PWH de Silva,Royal Challengers Bangalore,13,11,118.18,2,0,18.18,6,54.55
2015,S Nadeem,Delhi Daredevils,0,3,0.0,0,0,0.0,3,100.0
2025,DA Miller,Lucknow Super Giants,73,53,137.74,5,3,15.09,12,22.64
2025,RG Sharma,Mumbai Indians,0,2,0.0,0,0,0.0,1,50.0
2020,Kuldeep Yadav,Kolkata Knight Riders,9,11,81.82,1,0,9.09,5,45.45
2023,A Zampa,Rajasthan Royals,5,5,100.0,0,0,0.0,0,0.0
2021,GJ Maxwell,Royal Challengers Bangalore,121,67,180.6,15,4,28.36,19,28.36
2020,MK Pandey,Sunrisers Hyderabad,58,37,156.76,5,3,21.62,14,37.84
2015,CH Morris,Rajasthan Royals,76,42,180.95,3,5,19.05,5,11.9
2019,RA Jadeja,Chennai Super Kings,78,57,136.84,6,3,15.79,19,33.33
2017,RA Jadeja,Gujarat Lions,59,35,168.57,4,2,17.14,2,5.71
2018,Sandeep Sharma,Sunrisers Hyderabad,0,4,0.0,0,0,0.0,4,100.0
2021,Kartik Tyagi,Rajasthan Royals,2,4,50.0,0,0,0.0,1,25.0
2015,GH Vihari,Sunrisers Hyderabad,15,10,150.0,2,0,20.0,3,30.0
2013,AM Rahane,Rajasthan Royals,51,33,154.55,5,2,21.21,8,24.24
2013,B Lee,Kolkata Knight Riders,16,6,266.67,0,2,33.33,1,16.67
2015,RA Jadeja,Chennai Super Kings,63,54,116.67,3,1,7.41,10,18.52
2019,N Rana,Kolkata Knight Riders,35,16,218.75,1,4,31.25,5,31.25
2016,Gurkeerat Singh,Kings XI Punjab,44,22,200.0,4,3,31.82,5,22.73
2024,N Pooran,Lucknow Super Giants,170,95,178.95,16,11,28.42,35,36.84
2017,B Kumar,Sunrisers Hyderabad,4,4,100.0,0,0,0.0,1,25.0
2019,AD Nath,Royal Challengers Bangalore,11,7,157.14,2,0,28.57,2,28.57
2021,KS Williamson,Sunrisers Hyderabad,58,31,187.1,9,1,32.26,5,16.13
2023,Tilak Varma,Mumbai Indians,87,41,212.2,8,6,34.15,13,31.71
2017,BA Stokes,Rising Pune Supergiant,36,25,144.0,2,2,16.0,5,20.0
2025,Kuldeep Yadav,Delhi Capitals,17,14,121.43,2,0,14.29,5,35.71
2025,DP Conway,Chennai Super Kings,9,6,150.0,0,0,0.0,0,0.0
2019,R Parag,Rajasthan Royals,59,29,203.45,5,4,31.03,7,24.14
2019,DA Warner,Sunrisers Hyderabad,52,29,179.31,4,2,20.69,5,17.24
2013,CH Gayle,Royal Challengers Bangalore,95,40,237.5,7,8,37.5,6,15.0
2023,D Padikkal,Rajasthan Royals,47,26,180.77,9,0,34.62,7,26.92
2016,R Dhawan,Kings XI Punjab,14,6,233.33,0,1,16.67,0,0.0
2021,SP Narine,Kolkata Knight Riders,5,13,38.46,0,0,0.0,6,46.15
2024,Yuvraj Singh,Lucknow Super Giants,0,1,0.0,0,0,0.0,1,100.0
2015,BB McCullum,Chennai Super Kings,25,12,208.33,2,2,33.33,3,25.0
2019,RK Singh,Kolkata Knight Riders,7,9,77.78,0,0,0.0,2,22.22
2017,TS Mills,Royal Challengers Bangalore,6,6,100.0,0,1,16.67,4,66.67
2019,Shakib Al Hasan,Sunrisers Hyderabad,5,6,83.33,0,0,0.0,1,16.67
2017,G Gambhir,Kolkata Knight Riders,9,9,100.0,1,0,11.11,4,44.44
2018,AB de Villiers,Royal Challengers Bangalore,48,17,282.35,2,5,41.18,1,5.88
2021,B Kumar,Sunrisers Hyderabad,34,30,113.33,3,0,10.0,5,16.67
2022,Ramandeep Singh,Mumbai Indians,27,11,245.45,3,1,36.36,2,18.18
2014,S Anirudha,Sunrisers Hyderabad,1,2,50.0,0,0,0.0,1,50.0
2023,RR Rossouw,Delhi Capitals,40,16,250.0,3,3,37.5,2,12.5
2015,KV Sharma,Sunrisers Hyderabad,67,45,148.89,1,6,15.56,13,28.89
2025,N Rana,Rajasthan Royals,10,5,200.0,2,0,40.0,1,20.0
2019,MJ McClenaghan,Mumbai Indians,11,16,68.75,2,0,12.5,10,62.5
2017,Sandeep Sharma,Kings XI Punjab,7,5,140.0,0,0,0.0,0,0.0
2024,N Wadhera,Mumbai Indians,3,7,42.86,0,0,0.0,4,57.14
2016,M Ashwin,Rising Pune Supergiants,0,1,0.0,0,0,0.0,1,100.0
2023,AD Russell,Kolkata Knight Riders,115,69,166.67,8,10,26.09,30,43.48
2017,DS Kulkarni,Gujarat Lions,1,2,50.0,0,0,0.0,1,50.0
2013,Yuvraj Singh,Pune Warriors,62,35,177.14,2,6,22.86,13,37.14
2015,UT Yadav,Kolkata Knight Riders,29,14,207.14,5,1,42.86,5,35.71
2017,RR Pant,Delhi Daredevils,41,17,241.18,2,5,41.18,7,41.18
2021,RA Tripathi,Kolkata Knight Riders,13,14,92.86,0,1,7.14,7,50.0
2024,MK Pandey,Kolkata Knight Riders,6,2,300.0,0,1,50.0,1,50.0
2025,N Pooran,Lucknow Super Giants,97,45,215.56,10,6,35.56,9,20.0
2023,CV Varun,Kolkata Knight Riders,1,7,14.29,0,0,0.0,6,85.71
2015,V Kohli,Royal Challengers Bangalore,32,12,266.67,4,2,50.0,3,25.0
2019,UT Yadav,Royal Challengers Bangalore,15,14,107.14,3,0,21.43,7,50.0
2018,BA Stokes,Rajasthan Royals,6,6,100.0,0,0,0.0,3,50.0
2015,SS Iyer,Delhi Daredevils,8,6,133.33,1,0,16.67,2,33.33
2013,LA Pomersbach,Kings XI Punjab,17,11,154.55,0,1,9.09,0,0.0
2022,SA Abbott,Sunrisers Hyderabad,6,2,300.0,0,1,50.0,1,50.0
2022,DP Conway,Chennai Super Kings,23,13,176.92,2,1,23.08,2,15.38
2014,P Kumar,Mumbai Indians,1,2,50.0,0,0,0.0,1,50.0
2017,JJ Roy,Gujarat Lions,14,7,200.0,1,1,28.57,1,14.29
2025,Abdul Samad,Lucknow Super Giants,77,43,179.07,4,6,23.26,8,18.6
2017,KH Pandya,Mumbai Indians,76,45,168.89,7,4,24.44,12,26.67
2017,SPD Smith,Rising Pune Supergiant,66,38,173.68,4,4,21.05,7,18.42
2025,Harpreet Brar,Punjab Kings,7,2,350.0,0,1,50.0,0,0.0
2023,Dhruv Jurel,Rajasthan Royals,125,60,208.33,8,9,28.33,8,13.33
2025,KT Maphaka,Rajasthan Royals,8,2,400.0,2,0,100.0,0,0.0
2015,KK Nair,Rajasthan Royals,57,31,183.87,5,3,25.81,7,22.58
2016,DJ Bravo,Gujarat Lions,56,34,164.71,7,1,23.53,7,20.59
2017,I Sharma,Kings XI Punjab,7,7,100.0,1,0,14.29,3,42.86
2013,S Nadeem,Delhi Daredevils,11,22,50.0,1,0,4.55,16,72.73
2016,MM Sharma,Kings XI Punjab,7,9,77.78,0,0,0.0,4,44.44
2013,M Kartik,Royal Challengers Bangalore,2,3,66.67,0,0,0.0,1,33.33
2015,NM Coulter-Nile,Delhi Daredevils,12,8,150.0,0,1,12.5,2,25.0
2019,JD Unadkat,Rajasthan Royals,1,3,33.33,0,0,0.0,2,66.67
2017,Mandeep Singh,Royal Challengers Bangalore,0,1,0.0,0,0,0.0,1,100.0
2024,SB Dubey,Rajasthan Royals,10,5,200.0,1,1,40.0,3,60.0
2025,TA Boult,Mumbai Indians,2,3,66.67,0,0,0.0,1,33.33
2013,M Rawat,Pune Warriors,3,5,60.0,0,0,0.0,2,40.0
2019,TA Boult,Delhi Capitals,6,3,200.0,0,1,33.33,2,66.67
2021,KD Karthik,Kolkata Knight Riders,119,80,148.75,12,3,18.75,20,25.0
2023,T Stubbs,Mumbai Indians,9,8,112.5,1,0,12.5,3,37.5
2024,AD Russell,Kolkata Knight Riders,96,44,218.18,10,6,36.36,10,22.73
2015,CJ Anderson,Mumbai Indians,44,18,244.44,2,4,33.33,3,16.67
2013,DA Miller,Kings XI Punjab,137,62,220.97,10,10,32.26,11,17.74
2015,RV Uthappa,Kolkata Knight Riders,17,12,141.67,1,0,8.33,2,16.67
2015,MG Johnson,Kings XI Punjab,29,30,96.67,1,1,6.67,10,33.33
2024,SS Prabhudessai,Royal Challengers Bengaluru,4,6,66.67,1,0,16.67,5,83.33
2015,AM Rahane,Rajasthan Royals,52,31,167.74,6,1,22.58,7,22.58
2020,SP Goswami,Sunrisers Hyderabad,0,1,0.0,0,0,0.0,1,100.0
2016,RV Uthappa,Kolkata Knight Riders,14,7,200.0,1,1,28.57,1,14.29
2025,KL Rahul,Delhi Capitals,64,32,200.0,6,4,31.25,5,15.63
2016,SPD Smith,Rising Pune Supergiants,39,21,185.71,5,1,28.57,5,23.81
2023,C Sakariya,Delhi Capitals,4,6,66.67,1,0,16.67,5,83.33
2021,RA Jadeja,Chennai Super Kings,160,81,197.53,13,9,27.16,12,14.81
2017,Washington Sundar,Rising Pune Supergiant,9,12,75.0,0,0,0.0,3,25.0
2022,N Rana,Kolkata Knight Riders,42,22,190.91,2,4,27.27,6,27.27
2022,R Shepherd,Sunrisers Hyderabad,33,17,194.12,2,3,29.41,5,29.41
2023,KV Sharma,Royal Challengers Bangalore,2,2,100.0,0,0,0.0,1,50.0
2015,MS Dhoni,Chennai Super Kings,179,105,170.48,12,13,23.81,35,33.33
2021,MC Henriques,Punjab Kings,12,9,133.33,0,1,11.11,3,33.33
2016,F Behardien,Kings XI Punjab,14,12,116.67,2,0,16.67,4,33.33
2016,BB Sran,Sunrisers Hyderabad,4,3,133.33,0,0,0.0,0,0.0
2013,R Bhatia,Kolkata Knight Riders,67,38,176.32,5,3,21.05,9,23.68
2019,MA Agarwal,Kings XI Punjab,12,5,240.0,1,1,40.0,1,20.0
2016,D Wiese,Royal Challengers Bangalore,5,4,125.0,0,0,0.0,0,0.0
2024,Arshdeep Singh,Punjab Kings,4,3,133.33,1,0,33.33,2,66.67
2025,R Tewatia,Gujarat Titans,82,46,178.26,5,7,26.09,15,32.61
2022,Mustafizur Rahman,Delhi Capitals,3,5,60.0,0,0,0.0,2,40.0
2013,MS Dhoni,Chennai Super Kings,240,117,205.13,17,16,28.21,26,22.22
2022,N Pooran,Sunrisers Hyderabad,109,58,187.93,8,8,27.59,16,27.59
2022,MK Lomror,Royal Challengers Bangalore,36,21,171.43,3,2,23.81,5,23.81
2023,Mustafizur Rahman,Delhi Capitals,1,1,100.0,0,0,0.0,0,0.0
2020,CH Morris,Royal Challengers Bangalore,34,19,178.95,2,3,26.32,7,36.84
2022,MM Ali,Chennai Super Kings,32,23,139.13,4,1,21.74,10,43.48
2014,DJ Hussey,Chennai Super Kings,26,16,162.5,1,2,18.75,4,25.0
2021,S Gopal,Rajasthan Royals,7,4,175.0,0,1,25.0,2,50.0
2023,VG Arora,Kolkata Knight Riders,3,2,150.0,0,0,0.0,0,0.0
2024,C Green,Royal Challengers Bengaluru,88,46,191.3,6,5,23.91,7,15.22
2024,Vijaykumar Vyshak,Royal Challengers Bengaluru,1,3,33.33,0,0,0.0,2,66.67
2019,CA Ingram,Delhi Capitals,53,35,151.43,6,2,22.86,12,34.29
2022,A Nortje,Delhi Capitals,0,3,0.0,0,0,0.0,3,100.0
2021,R Ashwin,Delhi Capitals,30,26,115.38,1,1,7.69,6,23.08
2023,WD Parnell,Royal Challengers Bangalore,2,5,40.0,0,0,0.0,3,60.0
2017,PJ Sangwan,Gujarat Lions,2,4,50.0,0,0,0.0,2,50.0
2018,YK Pathan,Sunrisers Hyderabad,133,82,162.2,10,8,21.95,27,32.93
2016,KJ Abbott,Kings XI Punjab,13,7,185.71,0,1,14.29,2,28.57
2014,R Vinay Kumar,Kolkata Knight Riders,4,6,66.67,0,0,0.0,2,33.33
2016,Swapnil Singh,Kings XI Punjab,0,1,0.0,0,0,0.0,1,100.0
2013,AJ Finch,Pune Warriors,1,5,20.0,0,0,0.0,4,80.0
2021,DJ Bravo,Chennai Super Kings,47,18,261.11,3,4,38.89,4,22.22
2025,Azmatullah Omarzai,Punjab Kings,23,14,164.29,3,1,28.57,5,35.71
2021,MM Ali,Chennai Super Kings,55,26,211.54,4,4,30.77,5,19.23
2021,R Tewatia,Rajasthan Royals,45,38,118.42,2,3,13.16,16,42.11
2020,SPD Smith,Rajasthan Royals,47,29,162.07,7,0,24.14,7,24.14
2021,JO Holder,Sunrisers Hyderabad,43,37,116.22,2,2,10.81,15,40.54
2016,SE Marsh,Kings XI Punjab,18,10,180.0,1,1,20.0,0,0.0
2024,MM Ali,Chennai Super Kings,33,14,235.71,1,4,35.71,4,28.57
2017,CA Lynn,Kolkata Knight Riders,6,3,200.0,1,0,33.33,0,0.0
2021,MS Dhoni,Chennai Super Kings,74,47,157.45,10,3,27.66,19,40.43
2014,GJ Maxwell,Kings XI Punjab,26,16,162.5,2,2,25.0,6,37.5
2013,EJG Morgan,Kolkata Knight Riders,98,58,168.97,6,7,22.41,15,25.86
2016,IK Pathan,Rising Pune Supergiants,2,2,100.0,0,0,0.0,0,0.0
2024,PJ Cummins,Sunrisers Hyderabad,89,62,143.55,6,5,17.74,24,38.71
2016,J Yadav,Delhi Daredevils,6,10,60.0,0,0,0.0,4,40.0
2017,Basil Thampi,Gujarat Lions,28,28,100.0,1,1,7.14,9,32.14
2018,MA Wood,Chennai Super Kings,0,2,0.0,0,0,0.0,2,100.0
2016,SP Narine,Kolkata Knight Riders,7,13,53.85,0,0,0.0,7,53.85
2013,SE Marsh,Kings XI Punjab,20,20,100.0,1,0,5.0,5,25.0
2024,Kumar Kushagra,Delhi Capitals,0,1,0.0,0,0,0.0,1,100.0
2018,SS Iyer,Delhi Daredevils,83,36,230.56,4,8,33.33,8,22.22
2015,SS Tiwary,Delhi Daredevils,83,53,156.6,7,4,20.75,9,16.98
2022,D Pretorius,Chennai Super Kings,34,22,154.55,3,2,22.73,7,31.82
2023,MM Sharma,Gujarat Titans,0,1,0.0,0,0,0.0,0,0.0
2021,AF Milne,Mumbai Indians,13,13,100.0,0,1,7.69,6,46.15
2024,JJ Bumrah,Mumbai Indians,12,12,100.0,1,0,8.33,4,33.33
2013,RG Sharma,Mumbai Indians,197,88,223.86,11,18,32.95,22,25.0
2013,R Sathish,Kings XI Punjab,61,36,169.44,5,3,22.22,9,25.0
2018,DL Chahar,Chennai Super Kings,1,3,33.33,0,0,0.0,2,66.67
2025,SA Yadav,Mumbai Indians,83,43,193.02,7,6,30.23,15,34.88
2016,SR Watson,Royal Challengers Bangalore,49,25,196.0,4,4,32.0,9,36.0
2013,SPD Smith,Pune Warriors,49,24,204.17,3,4,29.17,4,16.67
2016,P Kumar,Gujarat Lions,22,21,104.76,3,0,14.29,9,42.86
2024,Kuldeep Yadav,Delhi Capitals,26,31,83.87,3,0,9.68,15,48.39
2025,SO Hetmyer,Rajasthan Royals,114,72,158.33,8,6,19.44,21,29.17
2013,KA Pollard,Mumbai Indians,216,112,192.86,13,18,27.68,31,27.68
2024,JM Sharma,Punjab Kings,40,25,160.0,3,2,20.0,7,28.0
2025,AR Patel,Delhi Capitals,28,17,164.71,2,2,23.53,5,29.41
2019,R Ashwin,Kings XI Punjab,34,20,170.0,2,3,25.0,6,30.0
2019,AS Joseph,Mumbai Indians,11,11,100.0,1,0,9.09,5,45.45
2025,Washington Sundar,Gujarat Titans,27,16,168.75,0,2,12.5,3,18.75
2019,AJ Turner,Rajasthan Royals,3,10,30.0,0,0,0.0,7,70.0
2024,SV Samson,Rajasthan Royals,84,39,215.38,5,6,28.21,6,15.38
2024,Ashutosh Sharma,Punjab Kings,112,58,193.1,8,7,25.86,10,17.24
2022,KD Karthik,Royal Challengers Bangalore,242,110,220.0,19,19,34.55,28,25.45
2014,Shivam Sharma,Kings XI Punjab,5,3,166.67,1,0,33.33,1,33.33
2025,Ramandeep Singh,Kolkata Knight Riders,15,14,107.14,0,1,7.14,3,21.43
2024,RD Chahar,Punjab Kings,2,5,40.0,0,0,0.0,3,60.0
2020,SV Samson,Rajasthan Royals,3,5,60.0,0,0,0.0,2,40.0
2018,RA Jadeja,Chennai Super Kings,51,36,141.67,2,3,13.89,7,19.44
2020,PJ Cummins,Kolkata Knight Riders,98,52,188.46,6,7,25.0,13,25.0
2016,DA Miller,Kings XI Punjab,66,42,157.14,5,2,16.67,10,23.81
2015,DA Warner,Sunrisers Hyderabad,9,5,180.0,2,0,40.0,2,40.0
2024,R Powell,Rajasthan Royals,80,44,181.82,8,5,29.55,18,40.91
2020,P Dubey,Delhi Capitals,6,12,50.0,0,0,0.0,6,50.0
2021,TA Boult,Mumbai Indians,1,4,25.0,0,0,0.0,3,75.0
2013,MM Sharma,Chennai Super Kings,0,2,0.0,0,0,0.0,2,100.0
2024,SS Iyer,Kolkata Knight Riders,84,36,233.33,6,7,36.11,8,22.22
2013,AB Dinda,Pune Warriors,9,11,81.82,1,0,9.09,5,45.45
2022,Shahbaz Ahmed,Royal Challengers Bangalore,43,25,172.0,3,3,24.0,8,32.0
2017,R Tewatia,Kings XI Punjab,15,8,187.5,3,0,37.5,1,12.5
2022,DJ Hooda,Lucknow Super Giants,26,17,152.94,1,2,17.65,4,23.53
2023,Abishek Porel,Delhi Capitals,8,9,88.89,1,0,11.11,3,33.33
2020,DJ Bravo,Chennai Super Kings,7,6,116.67,0,0,0.0,2,33.33
2016,MS Dhoni,Rising Pune Supergiants,168,87,193.1,13,10,26.44,19,21.84
2025,K Kartikeya,Rajasthan Royals,1,1,100.0,0,0,0.0,0,0.0
2024,Gulbadin Naib,Delhi Capitals,8,8,100.0,1,0,12.5,3,37.5
2013,AB Agarkar,Delhi Daredevils,9,9,100.0,0,0,0.0,1,11.11
2014,A Mishra,Sunrisers Hyderabad,4,7,57.14,0,0,0.0,2,28.57
2025,HV Patel,Sunrisers Hyderabad,18,23,78.26,0,0,0.0,7,30.43
2018,BCJ Cutting,Mumbai Indians,90,48,187.5,5,8,27.08,17,35.42
2022,Washington Sundar,Sunrisers Hyderabad,83,46,180.43,9,3,26.09,11,23.91
2016,HM Amla,Kings XI Punjab,20,12,166.67,4,0,33.33,4,33.33
2025,SS Iyer,Punjab Kings,149,59,252.54,12,13,42.37,13,22.03
2014,KD Karthik,Delhi Daredevils,9,9,100.0,1,0,11.11,4,44.44
2020,KK Ahmed,Sunrisers Hyderabad,0,2,0.0,0,0,0.0,2,100.0
2019,KH Pandya,Mumbai Indians,65,39,166.67,8,2,25.64,10,25.64
2018,WP Saha,Sunrisers Hyderabad,24,17,141.18,1,1,11.76,3,17.65
2015,AR Patel,Kings XI Punjab,62,53,116.98,3,2,9.43,13,24.53
2020,RA Jadeja,Chennai Super Kings,182,84,216.67,18,10,33.33,14,16.67
2024,YBK Jaiswal,Rajasthan Royals,9,6,150.0,1,0,16.67,0,0.0
2020,WP Saha,Sunrisers Hyderabad,9,10,90.0,1,0,10.0,4,40.0
2025,JP Inglis,Punjab Kings,26,16,162.5,5,0,31.25,4,25.0
2025,P Simran Singh,Punjab Kings,17,6,283.33,1,2,50.0,2,33.33
2018,SR Watson,Chennai Super Kings,31,17,182.35,5,0,29.41,3,17.65
2019,JJ Bumrah,Mumbai Indians,0,1,0.0,0,0,0.0,0,0.0
2013,AD Russell,Delhi Daredevils,11,11,100.0,0,0,0.0,3,27.27
2024,Ravi Bishnoi,Lucknow Super Giants,2,4,50.0,0,0,0.0,2,50.0
2014,JD Unadkat,Delhi Daredevils,0,1,0.0,0,0,0.0,1,100.0
2016,DS Kulkarni,Gujarat Lions,25,13,192.31,3,0,23.08,2,15.38
2015,F du Plessis,Chennai Super Kings,37,24,154.17,4,1,20.83,6,25.0
2020,RD Gaikwad,Chennai Super Kings,30,21,142.86,3,1,19.05,6,28.57
2024,AJ Turner,Lucknow Super Giants,1,4,25.0,0,0,0.0,3,75.0
2016,R Sathish,Kolkata Knight Riders,18,16,112.5,0,1,6.25,4,25.0
2014,R Dhawan,Kings XI Punjab,54,40,135.0,5,1,15.0,12,30.0
2019,Mandeep Singh,Kings XI Punjab,94,61,154.1,8,2,16.39,10,16.39
2021,SK Raina,Chennai Super Kings,31,19,163.16,4,1,26.32,6,31.58
2025,Avesh Khan,Lucknow Super Giants,21,11,190.91,3,1,36.36,5,45.45
2016,V Kohli,Royal Challengers Bangalore,205,85,241.18,15,14,34.12,12,14.12
2023,RA Jadeja,Chennai Super Kings,152,96,158.33,10,8,18.75,21,21.88
2013,DJG Sammy,Sunrisers Hyderabad,53,30,176.67,3,4,23.33,9,30.0
2022,JO Holder,Lucknow Super Giants,48,26,184.62,0,6,23.08,8,30.77
2021,RD Chahar,Mumbai Indians,14,15,93.33,1,0,6.67,7,46.67
2023,SM Curran,Punjab Kings,111,57,194.74,8,8,28.07,15,26.32
2016,AB de Villiers,Royal Challengers Bangalore,97,43,225.58,8,7,34.88,10,23.26
2017,N Rana,Mumbai Indians,32,13,246.15,4,2,46.15,2,15.38
2022,AT Rayudu,Chennai Super Kings,8,14,57.14,1,0,7.14,8,57.14
2017,AD Mathews,Delhi Daredevils,21,16,131.25,1,1,12.5,5,31.25
2018,IS Sodhi,Rajasthan Royals,0,3,0.0,0,0,0.0,3,100.0
2024,Abdul Samad,Sunrisers Hyderabad,96,46,208.7,8,7,32.61,12,26.09
2018,Mustafizur Rahman,Mumbai Indians,1,3,33.33,0,0,0.0,2,66.67
2023,M Shahrukh Khan,Punjab Kings,129,74,174.32,12,6,24.32,17,22.97
2024,M Shahrukh Khan,Gujarat Titans,22,12,183.33,1,2,25.0,3,25.0
2023,Ishan Kishan,Mumbai Indians,0,1,0.0,0,0,0.0,1,100.0
2016,SV Samson,Delhi Daredevils,30,16,187.5,0,3,18.75,3,18.75
2018,Yuvraj Singh,Kings XI Punjab,1,3,33.33,0,0,0.0,2,66.67
2020,RV Uthappa,Rajasthan Royals,12,9,133.33,2,0,22.22,3,33.33
2019,Kuldeep Yadav,Kolkata Knight Riders,12,7,171.43,1,0,14.29,1,14.29
2018,DJ Hooda,Sunrisers Hyderabad,45,37,121.62,1,2,8.11,9,24.32
2015,R Dhawan,Kings XI Punjab,23,21,109.52,0,2,9.52,8,38.1
2025,TU Deshpande,Rajasthan Royals,7,8,87.5,0,0,0.0,1,12.5
2025,HH Pandya,Mumbai Indians,115,58,198.28,9,7,27.59,12,20.69
2014,S Kaul,Delhi Daredevils,2,2,100.0,0,0,0.0,0,0.0
2020,Q de Kock,Mumbai Indians,3,4,75.0,0,0,0.0,1,25.0
2014,DH Yagnik,Rajasthan Royals,4,6,66.67,0,0,0.0,1,16.67
2019,MJ Santner,Chennai Super Kings,18,8,225.0,0,2,25.0,2,25.0
2017,WP Saha,Kings XI Punjab,54,32,168.75,3,3,18.75,7,21.88
2014,JP Faulkner,Rajasthan Royals,160,70,228.57,7,16,32.86,15,21.43
2022,UT Yadav,Kolkata Knight Riders,48,31,154.84,3,4,22.58,13,41.94
2022,Rasikh Salam,Kolkata Knight Riders,7,6,116.67,1,0,16.67,4,66.67
2025,Arshdeep Singh,Punjab Kings,1,5,20.0,0,0,0.0,4,80.0
2016,P Sahu,Kings XI Punjab,19,13,146.15,1,1,15.38,4,30.77
2025,B Sai Sudharsan,Gujarat Titans,44,21,209.52,2,4,28.57,5,23.81
2017,GJ Maxwell,Kings XI Punjab,22,17,129.41,0,2,11.76,4,23.53
2016,B Kumar,Sunrisers Hyderabad,43,27,159.26,6,1,25.93,8,29.63
2022,B Sai Sudharsan,Gujarat Titans,17,8,212.5,1,1,25.0,1,12.5
2022,TG Southee,Kolkata Knight Riders,1,6,16.67,0,0,0.0,5,83.33
2019,STR Binny,Rajasthan Royals,59,28,210.71,5,3,28.57,6,21.43
2019,S Dube,Royal Challengers Bangalore,9,5,180.0,0,1,20.0,1,20.0
2025,PWA Mulder,Sunrisers Hyderabad,8,7,114.29,1,0,14.29,2,28.57
2015,DJ Hooda,Rajasthan Royals,24,15,160.0,2,1,20.0,5,33.33
2020,SO Hetmyer,Delhi Capitals,72,38,189.47,3,6,23.68,9,23.68
2013,YK Pathan,Kolkata Knight Riders,79,45,175.56,5,5,22.22,7,15.56
2019,MK Pandey,Sunrisers Hyderabad,60,34,176.47,5,2,20.59,2,5.88
2015,Iqbal Abdulla,Royal Challengers Bangalore,15,11,136.36,3,0,27.27,5,45.45
2019,Harbhajan Singh,Chennai Super Kings,1,3,33.33,0,0,0.0,2,66.67
2022,Abhishek Sharma,Sunrisers Hyderabad,2,3,66.67,0,0,0.0,1,33.33
2024,MJ Santner,Chennai Super Kings,0,2,0.0,0,0,0.0,2,100.0
2013,J Syed Mohammad,Royal Challengers Bangalore,1,2,50.0,0,0,0.0,1,50.0
2013,BB Samantray,Sunrisers Hyderabad,29,22,131.82,4,0,18.18,6,27.27
2021,J Yadav,Mumbai Indians,19,14,135.71,1,1,14.29,5,35.71
2023,V Shankar,Gujarat Titans,95,33,287.88,4,11,45.45,5,15.15
2019,WP Saha,Sunrisers Hyderabad,5,5,100.0,0,0,0.0,1,20.0
2019,JM Bairstow,Sunrisers Hyderabad,7,3,233.33,0,1,33.33,1,33.33
2014,KA Pollard,Mumbai Indians,148,97,152.58,8,8,16.49,25,25.77
2019,Mohammad Nabi,Sunrisers Hyderabad,80,47,170.21,7,6,27.66,19,40.43
2024,Shubman Gill,Gujarat Titans,38,20,190.0,2,2,20.0,2,10.0
2013,L Balaji,Kolkata Knight Riders,9,10,90.0,1,0,10.0,5,50.0
2023,PN Mankad,Lucknow Super Giants,14,10,140.0,1,1,20.0,4,40.0
2022,K Kartikeya,Mumbai Indians,2,2,100.0,0,0,0.0,0,0.0
2014,KK Cooper,Rajasthan Royals,2,2,100.0,0,0,0.0,1,50.0
2014,Yuvraj Singh,Royal Challengers Bangalore,117,50,234.0,4,14,36.0,20,40.0
2021,V Kohli,Royal Challengers Bangalore,1,1,100.0,0,0,0.0,0,0.0
2020,JJ Bumrah,Mumbai Indians,5,3,166.67,0,0,0.0,0,0.0
2024,RR Pant,Delhi Capitals,92,38,242.11,8,7,39.47,8,21.05
2017,SN Thakur,Rising Pune Supergiant,0,3,0.0,0,0,0.0,3,100.0
2019,P Negi,Royal Challengers Bangalore,5,9,55.56,0,0,0.0,5,55.56
2024,JD Unadkat,Sunrisers Hyderabad,22,17,129.41,2,1,17.65,6,35.29
2023,K Kartikeya,Mumbai Indians,6,7,85.71,1,0,14.29,3,42.86
2023,Ravi Bishnoi,Lucknow Super Giants,12,11,109.09,1,0,9.09,6,54.55
2024,DJ Mitchell,Chennai Super Kings,38,29,131.03,3,0,10.34,4,13.79
2020,SS Cottrell,Kings XI Punjab,0,1,0.0,0,0,0.0,1,100.0
2022,E Lewis,Lucknow Super Giants,24,14,171.43,2,2,28.57,5,35.71
2019,M Prasidh Krishna,Kolkata Knight Riders,0,2,0.0,0,0,0.0,2,100.0
2025,Akash Deep,Lucknow Super Giants,6,2,300.0,0,1,50.0,1,50.0
2023,Mohammed Siraj,Royal Challengers Bangalore,1,2,50.0,0,0,0.0,1,50.0
2022,SA Yadav,Mumbai Indians,82,36,227.78,5,8,36.11,10,27.78
2022,AR Patel,Delhi Capitals,107,55,194.55,7,7,25.45,9,16.36
2017,HM Amla,Kings XI Punjab,61,26,234.62,6,4,38.46,5,19.23
2022,Tilak Varma,Mumbai Indians,63,42,150.0,5,2,16.67,10,23.81
2013,R McLaren,Kolkata Knight Riders,2,3,66.67,0,0,0.0,2,66.67
2014,KM Jadhav,Delhi Daredevils,128,75,170.67,13,6,25.33,19,25.33
2022,SV Samson,Rajasthan Royals,45,21,214.29,5,3,38.1,6,28.57
2021,Shahbaz Ahmed,Royal Challengers Bangalore,30,24,125.0,2,1,12.5,8,33.33
2023,Harpreet Singh,Punjab Kings,7,4,175.0,0,1,25.0,2,50.0
2024,R Tewatia,Gujarat Titans,128,68,188.24,18,4,32.35,19,27.94
2015,YS Chahal,Royal Challengers Bangalore,1,1,100.0,0,0,0.0,0,0.0
2025,Noor Ahmad,Chennai Super Kings,6,15,40.0,0,0,0.0,11,73.33
2018,Shivam Mavi,Kolkata Knight Riders,13,12,108.33,1,0,8.33,4,33.33
2024,HH Pandya,Mumbai Indians,40,28,142.86,2,3,17.86,11,39.29
2024,LH Ferguson,Royal Challengers Bengaluru,1,1,100.0,0,0,0.0,0,0.0
2024,RG Sharma,Mumbai Indians,27,12,225.0,3,1,33.33,1,8.33
2015,GB Hogg,Kolkata Knight Riders,7,6,116.67,0,0,0.0,0,0.0
2013,DH Yagnik,Rajasthan Royals,47,26,180.77,6,1,26.92,3,11.54
2016,SA Yadav,Kolkata Knight Riders,32,14,228.57,5,1,42.86,3,21.43
2013,SR Watson,Rajasthan Royals,61,27,225.93,3,5,29.63,6,22.22
2022,Arshdeep Singh,Punjab Kings,17,23,73.91,2,0,8.7,15,65.22
2018,MM Sharma,Kings XI Punjab,7,8,87.5,1,0,12.5,3,37.5
2021,TK Curran,Delhi Capitals,10,10,100.0,1,0,10.0,4,40.0
2013,BAW Mendis,Pune Warriors,2,4,50.0,0,0,0.0,2,50.0
2017,AB Dinda,Rising Pune Supergiant,0,1,0.0,0,0,0.0,1,100.0
2019,Basil Thampi,Sunrisers Hyderabad,1,1,100.0,0,0,0.0,0,0.0
2013,DW Steyn,Sunrisers Hyderabad,53,34,155.88,5,2,20.59,11,32.35
2024,F du Plessis,Royal Challengers Bengaluru,2,3,66.67,0,0,0.0,1,33.33
2025,Suryansh Shedge,Punjab Kings,1,4,25.0,0,0,0.0,3,75.0
2020,RR Pant,Delhi Capitals,65,37,175.68,8,3,29.73,10,27.03
2020,MK Lomror,Rajasthan Royals,7,3,233.33,0,1,33.33,1,33.33
2014,S Dhawan,Sunrisers Hyderabad,16,11,145.45,2,0,18.18,3,27.27
2019,YK Pathan,Sunrisers Hyderabad,30,31,96.77,0,1,3.23,10,32.26
2023,MJ Santner,Chennai Super Kings,2,4,50.0,0,0,0.0,1,25.0
2023,DG Nalkande,Gujarat Titans,0,1,0.0,0,0,0.0,1,100.0
2016,SK Raina,Gujarat Lions,25,18,138.89,3,0,16.67,5,27.78
2023,HR Shokeen,Mumbai Indians,18,15,120.0,3,0,20.0,5,33.33
2024,G Coetzee,Mumbai Indians,9,15,60.0,0,1,6.67,10,66.67
2016,RR Pant,Delhi Daredevils,27,15,180.0,2,2,26.67,6,40.0
2020,AD Russell,Kolkata Knight Riders,5,3,166.67,1,0,33.33,1,33.33
2018,S Dhawan,Sunrisers Hyderabad,15,10,150.0,2,0,20.0,2,20.0
2018,AJ Tye,Kings XI Punjab,19,29,65.52,1,0,3.45,14,48.28
2014,L Balaji,Kings XI Punjab,1,3,33.33,0,0,0.0,2,66.67
2018,AT Rayudu,Chennai Super Kings,51,33,154.55,6,1,21.21,5,15.15
2018,NV Ojha,Delhi Daredevils,0,1,0.0,0,0,0.0,1,100.0
2013,Harbhajan Singh,Mumbai Indians,102,58,175.86,12,4,27.59,15,25.86
2021,JA Richardson,Punjab Kings,0,2,0.0,0,0,0.0,2,100.0
2021,M Shahrukh Khan,Punjab Kings,78,48,162.5,7,4,22.92,14,29.17
2018,JP Duminy,Mumbai Indians,13,11,118.18,0,1,9.09,4,36.36
2016,A Nehra,Sunrisers Hyderabad,1,1,100.0,0,0,0.0,0,0.0
2025,SH Johnson,Kolkata Knight Riders,1,1,100.0,0,0,0.0,0,0.0
2017,CH Morris,Delhi Daredevils,107,51,209.8,10,6,31.37,9,17.65
2024,RR Rossouw,Punjab Kings,2,3,66.67,0,0,0.0,1,33.33
2013,NLTC Perera,Sunrisers Hyderabad,117,73,160.27,5,8,17.81,19,26.03
2014,DA Warner,Sunrisers Hyderabad,114,54,211.11,6,9,27.78,9,16.67
2013,MR Marsh,Pune Warriors,49,30,163.33,3,4,23.33,11,36.67
2022,Shubman Gill,Gujarat Titans,30,22,136.36,2,1,13.64,5,22.73
2015,Ankit Sharma,Rajasthan Royals,7,6,116.67,1,0,16.67,2,33.33
2024,DJ Hooda,Lucknow Super Giants,17,6,283.33,2,1,50.0,1,16.67
2020,SP Narine,Kolkata Knight Riders,0,1,0.0,0,0,0.0,1,100.0
2025,Q de Kock,Kolkata Knight Riders,18,7,257.14,1,2,42.86,1,14.29
2019,JC Archer,Rajasthan Royals,60,35,171.43,3,4,20.0,7,20.0
2021,V Shankar,Sunrisers Hyderabad,30,29,103.45,0,1,3.45,10,34.48
2014,RV Uthappa,Kolkata Knight Riders,37,22,168.18,5,1,27.27,6,27.27
2023,KM Jadhav,Royal Challengers Bangalore,4,5,80.0,0,0,0.0,2,40.0
2017,P Negi,Royal Challengers Bangalore,83,55,150.91,5,5,18.18,19,34.55
2017,CR Woakes,Kolkata Knight Riders,32,29,110.34,2,1,10.34,11,37.93
2025,JM Sharma,Royal Challengers Bengaluru,115,60,191.67,8,10,30.0,20,33.33
2024,KD Karthik,Royal Challengers Bengaluru,201,90,223.33,13,18,34.44,24,26.67
2025,RA Jadeja,Chennai Super Kings,112,70,160.0,7,6,18.57,16,22.86
2018,YS Chahal,Royal Challengers Bangalore,0,4,0.0,0,0,0.0,3,75.0
2014,VS Malik,Rajasthan Royals,1,2,50.0,0,0,0.0,1,50.0
2024,S Dube,Chennai Super Kings,116,62,187.1,8,10,29.03,20,32.26
2014,STR Binny,Rajasthan Royals,34,25,136.0,2,2,16.0,9,36.0
2016,Parvez Rasool,Royal Challengers Bangalore,10,9,111.11,1,0,11.11,3,33.33
2022,JC Buttler,Rajasthan Royals,123,50,246.0,10,9,38.0,8,16.0
2014,CA Pujara,Kings XI Punjab,10,5,200.0,1,0,20.0,0,0.0
2021,HV Patel,Royal Challengers Bangalore,51,30,170.0,5,2,23.33,6,20.0
2016,P Negi,Delhi Daredevils,32,26,123.08,2,1,11.54,6,23.08
2023,AJ Hosein,Sunrisers Hyderabad,16,10,160.0,1,1,20.0,3,30.0
2018,E Lewis,Mumbai Indians,0,1,0.0,0,0,0.0,1,100.0
2015,RG Sharma,Mumbai Indians,77,36,213.89,7,5,33.33,9,25.0
2023,PP Chawla,Mumbai Indians,8,13,61.54,0,0,0.0,5,38.46
2014,DJG Sammy,Sunrisers Hyderabad,59,42,140.48,3,4,16.67,13,30.95
2018,KS Williamson,Sunrisers Hyderabad,27,28,96.43,2,0,7.14,8,28.57
2023,Avesh Khan,Lucknow Super Giants,0,1,0.0,0,0,0.0,0,0.0
2015,MA Starc,Royal Challengers Bangalore,11,14,78.57,1,0,7.14,6,42.86
2020,Sandeep Sharma,Sunrisers Hyderabad,12,15,80.0,1,0,6.67,7,46.67
2013,MS Gony,Kings XI Punjab,36,18,200.0,2,3,27.78,6,33.33
2023,NT Ellis,Punjab Kings,1,2,50.0,0,0,0.0,1,50.0
2016,RA Jadeja,Gujarat Lions,80,62,129.03,6,3,14.52,21,33.87
2021,AB de Villiers,Royal Challengers Bangalore,167,73,228.77,13,13,35.62,16,21.92
2022,RR Pant,Delhi Capitals,32,18,177.78,1,3,22.22,5,27.78
2013,S Sreesanth,Rajasthan Royals,1,4,25.0,0,0,0.0,2,50.0
2023,B Sai Sudharsan,Gujarat Titans,67,31,216.13,6,4,32.26,5,16.13
2023,Mukesh Kumar,Delhi Capitals,7,9,77.78,0,0,0.0,2,22.22
2023,SA Yadav,Mumbai Indians,76,30,253.33,8,5,43.33,5,16.67
2021,KK Ahmed,Sunrisers Hyderabad,1,2,50.0,0,0,0.0,1,50.0
2023,Yuvraj Singh,Lucknow Super Giants,1,2,50.0,0,0,0.0,1,50.0
2022,J Suchith,Sunrisers Hyderabad,0,1,0.0,0,0,0.0,1,100.0
2018,SP Narine,Kolkata Knight Riders,5,4,125.0,1,0,25.0,2,50.0
2014,G Gambhir,Kolkata Knight Riders,17,12,141.67,0,1,8.33,3,25.0
2016,CR Brathwaite,Delhi Daredevils,62,27,229.63,6,5,40.74,7,25.93
2015,KD Karthik,Royal Challengers Bangalore,20,8,250.0,1,2,37.5,3,37.5
2019,PP Chawla,Kolkata Knight Riders,34,24,141.67,4,1,20.83,9,37.5
2024,Saurav Chauhan,Royal Challengers Bengaluru,16,12,133.33,1,1,16.67,5,41.67
2017,Ishan Kishan,Gujarat Lions,43,20,215.0,3,4,35.0,7,35.0
2020,SN Thakur,Chennai Super Kings,1,1,100.0,0,0,0.0,0,0.0
2024,HV Patel,Punjab Kings,1,6,16.67,0,0,0.0,5,83.33
2014,AR Patel,Kings XI Punjab,18,21,85.71,0,1,4.76,8,38.1
2015,MA Agarwal,Delhi Daredevils,12,8,150.0,2,0,25.0,2,25.0
2025,VG Arora,Kolkata Knight Riders,0,1,0.0,0,0,0.0,1,100.0
2021,Mustafizur Rahman,Rajasthan Royals,8,11,72.73,0,1,9.09,8,72.73
2022,R Powell,Delhi Capitals,113,48,235.42,5,13,37.5,15,31.25
2023,KL Rahul,Lucknow Super Giants,26,24,108.33,1,1,8.33,8,33.33
2019,SV Samson,Rajasthan Royals,63,29,217.24,7,2,31.03,2,6.9
2013,AS Rajpoot,Chennai Super Kings,2,6,33.33,0,0,0.0,5,83.33
2018,N Rana,Kolkata Knight Riders,47,27,174.07,5,2,25.93,6,22.22
2017,Anureet Singh,Kings XI Punjab,14,11,127.27,2,0,18.18,3,27.27
2019,SN Khan,Kings XI Punjab,35,21,166.67,3,1,19.05,5,23.81
2024,Arshad Khan (2),Lucknow Super Giants,5,4,125.0,1,0,25.0,2,50.0
2021,CH Morris,Rajasthan Royals,64,41,156.1,2,5,17.07,13,31.71
2024,K Rabada,Punjab Kings,20,14,142.86,0,2,14.29,3,21.43
2020,JC Archer,Rajasthan Royals,96,47,204.26,4,9,27.66,15,31.91
2024,Avesh Khan,Rajasthan Royals,10,5,200.0,1,0,20.0,0,0.0
2024,RD Gaikwad,Chennai Super Kings,63,33,190.91,4,5,27.27,11,33.33
2020,Arshdeep Singh,Kings XI Punjab,0,3,0.0,0,0,0.0,3,100.0
2019,Mujeeb Ur Rahman,Kings XI Punjab,0,4,0.0,0,0,0.0,3,75.0
2019,PP Shaw,Delhi Capitals,18,11,163.64,3,0,27.27,3,27.27
2025,Tilak Varma,Mumbai Indians,55,30,183.33,4,3,23.33,7,23.33
2022,V Kohli,Royal Challengers Bangalore,22,19,115.79,0,1,5.26,6,31.58
2014,BE Hendricks,Kings XI Punjab,0,1,0.0,0,0,0.0,1,100.0
2017,MM Patel,Gujarat Lions,0,1,0.0,0,0,0.0,1,100.0
2021,RV Patel,Delhi Capitals,7,7,100.0,1,0,14.29,3,42.86
2019,Yuvraj Singh,Mumbai Indians,6,6,100.0,1,0,16.67,3,50.0
2020,Shivam Mavi,Kolkata Knight Riders,10,14,71.43,1,0,7.14,7,50.0
2021,MP Stoinis,Delhi Capitals,43,21,204.76,7,1,38.1,5,23.81
2018,Mohammad Nabi,Sunrisers Hyderabad,4,2,200.0,1,0,50.0,1,50.0
2022,Rashid Khan,Gujarat Titans,85,35,242.86,3,9,34.29,7,20.0
2014,YK Pathan,Kolkata Knight Riders,49,33,148.48,4,1,15.15,3,9.09
2025,RA Bawa,Mumbai Indians,8,4,200.0,0,0,0.0,0,0.0
2017,RA Tripathi,Rising Pune Supergiant,8,6,133.33,0,1,16.67,3,50.0
2016,Shakib Al Hasan,Kolkata Knight Riders,54,33,163.64,2,4,18.18,7,21.21
2021,CR Woakes,Delhi Capitals,13,7,185.71,2,0,28.57,0,0.0
2013,A Mithun,Royal Challengers Bangalore,2,2,100.0,0,0,0.0,1,50.0
2021,M Ashwin,Punjab Kings,10,12,83.33,1,0,8.33,5,41.67
2013,SR Tendulkar,Mumbai Indians,0,2,0.0,0,0,0.0,2,100.0
2018,Mohammed Siraj,Royal Challengers Bangalore,20,15,133.33,1,1,13.33,3,20.0
2024,GJ Maxwell,Royal Challengers Bengaluru,16,5,320.0,2,1,60.0,1,20.0
2013,Parvez Rasool,Pune Warriors,5,9,55.56,0,0,0.0,3,33.33
2020,KA Pollard,Mumbai Indians,211,88,239.77,12,19,35.23,16,18.18
2022,R Parag,Rajasthan Royals,120,79,151.9,8,7,18.99,23,29.11
2025,V Kohli,Royal Challengers Bengaluru,22,15,146.67,1,1,13.33,2,13.33
2021,Abdul Samad,Sunrisers Hyderabad,51,31,164.52,2,5,22.58,13,41.94
2020,HV Patel,Delhi Capitals,10,9,111.11,1,0,11.11,3,33.33
2024,R Parag,Rajasthan Royals,92,50,184.0,7,6,26.0,15,30.0
2023,Rashid Khan,Gujarat Titans,89,41,217.07,6,9,36.59,15,36.59
2019,Mohammed Siraj,Royal Challengers Bangalore,4,12,33.33,0,0,0.0,8,66.67
2021,DA Warner,Sunrisers Hyderabad,2,4,50.0,0,0,0.0,2,50.0
2016,PA Patel,Mumbai Indians,3,4,75.0,0,0,0.0,1,25.0
2021,WP Saha,Sunrisers Hyderabad,9,11,81.82,1,0,9.09,5,45.45
2018,JC Buttler,Rajasthan Royals,83,52,159.62,5,5,19.23,17,32.69
2014,AB Dinda,Royal Challengers Bangalore,4,9,44.44,0,0,0.0,5,55.56
2025,N Wadhera,Punjab Kings,2,4,50.0,0,0,0.0,2,50.0
2020,Shahbaz Ahmed,Royal Challengers Bangalore,1,1,100.0,0,0,0.0,0,0.0
2024,Akash Madhwal,Mumbai Indians,4,5,80.0,0,0,0.0,1,20.0
2013,CM Gautam,Delhi Daredevils,13,11,118.18,2,0,18.18,4,36.36
2025,MS Dhoni,Chennai Super Kings,150,91,164.84,9,11,21.98,21,23.08
2022,M Ashwin,Mumbai Indians,11,10,110.0,1,1,20.0,7,70.0
2017,Z Khan,Delhi Daredevils,2,2,100.0,0,0,0.0,0,0.0
2025,Ravi Bishnoi,Lucknow Super Giants,12,14,85.71,0,2,14.29,12,85.71
2024,Washington Sundar,Sunrisers Hyderabad,0,1,0.0,0,0,0.0,1,100.0
2021,Mujeeb Ur Rahman,Sunrisers Hyderabad,1,1,100.0,0,0,0.0,0,0.0
2023,Swapnil Singh,Lucknow Super Giants,2,4,50.0,0,0,0.0,2,50.0
2015,Imran Tahir,Delhi Daredevils,5,6,83.33,0,0,0.0,2,33.33
2024,Harpreet Brar,Punjab Kings,53,39,135.9,5,1,15.38,11,28.21
2022,Navdeep Saini,Rajasthan Royals,2,2,100.0,0,0,0.0,1,50.0
2015,SK Raina,Chennai Super Kings,9,3,300.0,2,0,66.67,0,0.0
2014,Z Khan,Mumbai Indians,8,7,114.29,0,1,14.29,2,28.57
2021,JM Bairstow,Sunrisers Hyderabad,18,13,138.46,1,1,15.38,5,38.46
2018,TG Southee,Royal Challengers Bangalore,44,31,141.94,5,1,19.35,13,41.94
2022,KK Ahmed,Delhi Capitals,0,2,0.0,0,0,0.0,2,100.0
2024,SN Thakur,Chennai Super Kings,21,17,123.53,2,1,17.65,7,41.18
2022,SW Billings,Kolkata Knight Riders,18,13,138.46,0,2,15.38,5,38.46
2019,SR Watson,Chennai Super Kings,32,16,200.0,0,4,25.0,4,25.0
2025,AD Russell,Kolkata Knight Riders,69,29,237.93,5,7,41.38,9,31.03
2022,HE van der Dussen,Rajasthan Royals,12,10,120.0,1,0,10.0,2,20.0
2025,Mohammed Shami,Sunrisers Hyderabad,9,7,128.57,1,0,14.29,2,28.57
2017,DJ Hooda,Sunrisers Hyderabad,53,33,160.61,3,3,18.18,7,21.21
2023,HC Brook,Sunrisers Hyderabad,29,20,145.0,3,0,15.0,2,10.0
2023,MK Pandey,Delhi Capitals,4,5,80.0,0,0,0.0,1,20.0
2023,DP Conway,Chennai Super Kings,41,27,151.85,6,1,25.93,9,33.33
2014,NV Ojha,Sunrisers Hyderabad,82,41,200.0,5,6,26.83,10,24.39
2015,M Morkel,Kolkata Knight Riders,4,3,133.33,0,0,0.0,0,0.0
2019,YS Chahal,Royal Challengers Bangalore,2,4,50.0,0,0,0.0,2,50.0
2023,RV Patel,Delhi Capitals,42,30,140.0,3,1,13.33,4,13.33
2022,TA Boult,Rajasthan Royals,39,26,150.0,2,1,11.54,4,15.38
2025,A Badoni,Lucknow Super Giants,106,56,189.29,11,5,28.57,14,25.0
2022,DR Sams,Mumbai Indians,21,16,131.25,1,2,18.75,8,50.0
2017,Ankit Sharma,Rising Pune Supergiant,17,10,170.0,1,1,20.0,2,20.0
2023,Arshad Khan,Mumbai Indians,16,11,145.45,0,1,9.09,2,18.18
2019,KA Pollard,Mumbai Indians,157,76,206.58,8,15,30.26,27,35.53
2024,Sameer Rizvi,Chennai Super Kings,29,14,207.14,3,2,35.71,5,35.71
2019,SPD Smith,Rajasthan Royals,59,46,128.26,5,2,15.22,17,36.96
2014,AP Tare,Mumbai Indians,34,21,161.9,4,1,23.81,7,33.33
2022,Umran Malik,Sunrisers Hyderabad,4,8,50.0,0,0,0.0,4,50.0
2013,J Botha,Delhi Daredevils,2,5,40.0,0,0,0.0,3,60.0
2016,KV Sharma,Sunrisers Hyderabad,36,29,124.14,3,1,13.79,8,27.59
2013,SS Tiwary,Royal Challengers Bangalore,21,19,110.53,2,0,10.53,7,36.84
2023,RK Singh,Kolkata Knight Riders,239,122,195.9,15,20,28.69,38,31.15
2023,HH Pandya,Gujarat Titans,88,45,195.56,3,7,22.22,7,15.56
2023,MG Bracewell,Royal Challengers Bangalore,11,11,100.0,0,0,0.0,2,18.18
2024,DA Miller,Gujarat Titans,82,41,200.0,7,5,29.27,12,29.27
2020,DW Steyn,Royal Challengers Bangalore,1,1,100.0,0,0,0.0,0,0.0
2025,Nithish Kumar Reddy,Sunrisers Hyderabad,40,20,200.0,4,2,30.0,5,25.0
2024,SO Hetmyer,Rajasthan Royals,84,42,200.0,7,6,30.95,10,23.81
2016,DA Warner,Sunrisers Hyderabad,39,16,243.75,3,3,37.5,3,18.75
2013,DB Ravi Teja,Sunrisers Hyderabad,4,4,100.0,0,0,0.0,0,0.0
2016,Ankit Sharma,Rising Pune Supergiants,3,3,100.0,0,0,0.0,1,33.33
2016,R Vinay Kumar,Mumbai Indians,11,9,122.22,0,1,11.11,4,44.44
2025,SE Rutherford,Gujarat Titans,97,61,159.02,7,6,21.31,19,31.15
2023,A Nortje,Delhi Capitals,36,28,128.57,6,0,21.43,9,32.14
2021,T Shamsi,Rajasthan Royals,2,4,50.0,0,0,0.0,2,50.0
2020,Abhishek Sharma,Sunrisers Hyderabad,27,24,112.5,2,1,12.5,8,33.33
2019,BCJ Cutting,Mumbai Indians,14,11,127.27,1,1,18.18,6,54.55
2024,RM Patidar,Royal Challengers Bengaluru,14,8,175.0,0,2,25.0,4,50.0
2022,R Dhawan,Punjab Kings,32,19,168.42,4,2,31.58,9,47.37
2016,Imran Tahir,Delhi Daredevils,5,7,71.43,1,0,14.29,5,71.43
2013,SV Samson,Rajasthan Royals,49,34,144.12,6,1,20.59,10,29.41
2019,Abhishek Sharma,Sunrisers Hyderabad,7,6,116.67,1,0,16.67,1,16.67
2016,MP Stoinis,Kings XI Punjab,43,23,186.96,5,1,26.09,4,17.39
2015,STR Binny,Rajasthan Royals,44,28,157.14,4,1,17.86,3,10.71
2015,BE Hendricks,Kings XI Punjab,1,2,50.0,0,0,0.0,1,50.0
2023,S Dube,Chennai Super Kings,94,50,188.0,2,9,22.0,11,22.0
2014,BJ Hodge,Rajasthan Royals,70,40,175.0,4,5,22.5,14,35.0
2013,Azhar Mahmood,Kings XI Punjab,31,26,119.23,4,1,19.23,13,50.0
2019,F du Plessis,Chennai Super Kings,24,10,240.0,2,2,40.0,2,20.0
2015,EJG Morgan,Sunrisers Hyderabad,46,23,200.0,3,3,26.09,5,21.74
2021,MK Pandey,Sunrisers Hyderabad,38,26,146.15,3,1,15.38,4,15.38
2025,R Ravindra,Chennai Super Kings,21,6,350.0,0,3,50.0,0,0.0
2025,CV Varun,Kolkata Knight Riders,1,1,100.0,0,0,0.0,0,0.0
2023,Fazalhaq Farooqi,Sunrisers Hyderabad,1,5,20.0,0,0,0.0,4,80.0
2013,R Vinay Kumar,Royal Challengers Bangalore,62,39,158.97,5,3,20.51,13,33.33
2022,LH Ferguson,Gujarat Titans,5,4,125.0,1,0,25.0,2,50.0
2015,A Nehra,Chennai Super Kings,1,7,14.29,0,0,0.0,3,42.86
2015,S Gopal,Mumbai Indians,1,1,100.0,0,0,0.0,0,0.0
2021,Lalit Yadav,Delhi Capitals,34,22,154.55,4,0,18.18,3,13.64
2025,R Shepherd,Royal Challengers Bengaluru,70,22,318.18,5,7,54.55,4,18.18
2016,NLTC Perera,Rising Pune Supergiants,93,49,189.8,4,8,24.49,13,26.53
2015,DJ Bravo,Chennai Super Kings,89,50,178.0,11,3,28.0,13,26.0
2017,MJ McClenaghan,Mumbai Indians,14,11,127.27,0,1,9.09,3,27.27
2019,BB Sran,Mumbai Indians,3,3,100.0,0,0,0.0,1,33.33
2019,DJ Hooda,Sunrisers Hyderabad,27,15,180.0,3,1,26.67,5,33.33
2013,KK Cooper,Rajasthan Royals,35,18,194.44,3,2,27.78,6,33.33
2018,KM Jadhav,Chennai Super Kings,10,5,200.0,1,1,40.0,3,60.0
2023,RP Meredith,Mumbai Indians,0,2,0.0,0,0,0.0,2,100.0
2013,R Dhawan,Mumbai Indians,8,9,88.89,1,0,11.11,4,44.44
2013,B Laughlin,Chennai Super Kings,0,1,0.0,0,0,0.0,1,100.0
2022,JJ Bumrah,Mumbai Indians,0,8,0.0,0,0,0.0,8,100.0
2022,CJ Jordan,Chennai Super Kings,11,7,157.14,0,0,0.0,1,14.29
2013,DA Warner,Delhi Daredevils,68,35,194.29,7,4,31.43,10,28.57
2023,A Manohar,Gujarat Titans,48,23,208.7,1,5,26.09,5,21.74
2022,WP Saha,Gujarat Titans,11,9,122.22,1,0,11.11,1,11.11
2014,SL Malinga,Mumbai Indians,2,4,50.0,0,0,0.0,2,50.0
2024,A Badoni,Lucknow Super Giants,120,72,166.67,13,3,22.22,15,20.83
2017,SA Yadav,Kolkata Knight Riders,39,28,139.29,3,2,17.86,8,28.57
2015,MEK Hussey,Chennai Super Kings,1,2,50.0,0,0,0.0,1,50.0
2025,H Klaasen,Sunrisers Hyderabad,128,53,241.51,13,8,39.62,11,20.75
2020,JC Buttler,Rajasthan Royals,20,7,285.71,1,2,42.86,1,14.29
2022,Fazalhaq Farooqi,Sunrisers Hyderabad,2,8,25.0,0,0,0.0,6,75.0
2020,SM Curran,Chennai Super Kings,67,41,163.41,5,4,21.95,12,29.27
2025,V Nigam,Delhi Capitals,57,32,178.13,6,4,31.25,12,37.5
2014,LMP Simmons,Mumbai Indians,7,10,70.0,0,0,0.0,3,30.0
2016,SW Billings,Delhi Daredevils,9,7,128.57,0,1,14.29,4,57.14
2020,P Simran Singh,Kings XI Punjab,4,7,57.14,0,0,0.0,4,57.14
2013,RV Uthappa,Pune Warriors,14,6,233.33,1,1,33.33,1,16.67
2017,Kuldeep Yadav,Kolkata Knight Riders,16,15,106.67,2,0,13.33,6,40.0
2020,Mandeep Singh,Kings XI Punjab,12,8,150.0,1,1,25.0,4,50.0
2013,RV Gomez,Pune Warriors,4,1,400.0,1,0,100.0,0,0.0
2013,M Vijay,Chennai Super Kings,8,6,133.33,1,0,16.67,2,33.33
2020,DL Chahar,Chennai Super Kings,7,7,100.0,0,0,0.0,2,28.57
2022,Yash Dayal,Gujarat Titans,0,1,0.0,0,0,0.0,1,100.0
2024,L Wood,Mumbai Indians,9,3,300.0,0,1,33.33,0,0.0
2018,R Tewatia,Delhi Daredevils,32,21,152.38,4,1,23.81,5,23.81
2021,MA Agarwal,Punjab Kings,38,17,223.53,4,2,35.29,2,11.76
2025,D Ferreira,Delhi Capitals,1,3,33.33,0,0,0.0,1,33.33
2014,RN ten Doeschate,Kolkata Knight Riders,46,24,191.67,2,4,25.0,5,20.83
2017,MC Henriques,Sunrisers Hyderabad,69,34,202.94,8,2,29.41,1,2.94
2022,JM Bairstow,Punjab Kings,6,3,200.0,1,0,33.33,0,0.0
2020,Navdeep Saini,Royal Challengers Bangalore,25,22,113.64,3,0,13.64,8,36.36
2021,Sandeep Sharma,Sunrisers Hyderabad,8,7,114.29,1,0,14.29,1,14.29
2015,GJ Bailey,Kings XI Punjab,99,53,186.79,6,6,22.64,9,16.98
2013,MC Juneja,Delhi Daredevils,5,9,55.56,0,0,0.0,4,44.44
2022,R Tewatia,Gujarat Titans,158,88,179.55,16,8,27.27,24,27.27
2023,Noor Ahmad,Gujarat Titans,7,6,116.67,1,0,16.67,2,33.33
2023,S Dhawan,Punjab Kings,62,34,182.35,5,5,29.41,12,35.29
2017,AJ Tye,Gujarat Lions,35,18,194.44,3,2,27.78,4,22.22
2024,JM Bairstow,Punjab Kings,8,3,266.67,0,1,33.33,0,0.0
2021,Shivam Mavi,Kolkata Knight Riders,25,20,125.0,2,2,20.0,11,55.0
2022,SS Iyer,Kolkata Knight Riders,10,8,125.0,1,0,12.5,2,25.0
2023,SO Hetmyer,Rajasthan Royals,165,85,194.12,9,13,25.88,21,24.71
2017,S Badree,Royal Challengers Bangalore,3,6,50.0,0,0,0.0,3,50.0
2018,LE Plunkett,Delhi Daredevils,1,3,33.33,0,0,0.0,2,66.67
2015,HH Pandya,Mumbai Indians,85,35,242.86,7,7,40.0,8,22.86
2023,Harshit Rana,Kolkata Knight Riders,0,1,0.0,0,0,0.0,1,100.0
2025,LH Ferguson,Punjab Kings,4,1,400.0,1,0,100.0,0,0.0
2019,MS Dhoni,Chennai Super Kings,245,128,191.41,16,16,25.0,32,25.0
2021,NM Coulter-Nile,Mumbai Indians,3,4,75.0,0,0,0.0,2,50.0
2021,KL Rahul,Punjab Kings,82,36,227.78,9,4,36.11,4,11.11
2015,AB de Villiers,Royal Challengers Bangalore,99,38,260.53,11,6,44.74,5,13.16
2025,Aniket Verma,Sunrisers Hyderabad,57,32,178.13,4,4,25.0,8,25.0
2022,OC McCoy,Rajasthan Royals,8,5,160.0,0,1,20.0,2,40.0
2022,Harpreet Brar,Punjab Kings,7,5,140.0,0,1,20.0,3,60.0
2019,K Rabada,Delhi Capitals,14,15,93.33,0,1,6.67,6,40.0
2013,V Kohli,Royal Challengers Bangalore,103,47,219.15,11,6,36.17,13,27.66
2016,M Vijay,Kings XI Punjab,5,7,71.43,0,0,0.0,4,57.14
2024,R Shepherd,Mumbai Indians,57,21,271.43,5,5,47.62,4,19.05
2015,RN ten Doeschate,Kolkata Knight Riders,34,18,188.89,3,2,27.78,4,22.22
2017,KK Nair,Delhi Daredevils,12,7,171.43,2,0,28.57,3,42.86
2024,Naman Dhir,Mumbai Indians,49,18,272.22,2,5,38.89,2,11.11
2025,K Rabada,Gujarat Titans,9,8,112.5,0,1,12.5,3,37.5
2022,DJ Bravo,Chennai Super Kings,11,8,137.5,1,0,12.5,0,0.0
2024,T Stubbs,Delhi Capitals,223,74,301.35,16,18,45.95,1,1.35
2022,SP Narine,Kolkata Knight Riders,22,10,220.0,0,3,30.0,3,30.0
2017,MG Johnson,Mumbai Indians,18,11,163.64,1,1,18.18,2,18.18
2016,GJ Maxwell,Kings XI Punjab,48,23,208.7,3,3,26.09,5,21.74
2013,SW Tait,Rajasthan Royals,1,3,33.33,0,0,0.0,2,66.67
2022,RA Tripathi,Sunrisers Hyderabad,27,8,337.5,3,2,62.5,1,12.5
2016,KL Rahul,Royal Challengers Bangalore,32,19,168.42,2,2,21.05,0,0.0
2014,WD Parnell,Delhi Daredevils,2,2,100.0,0,0,0.0,1,50.0
2025,Sandeep Sharma,Rajasthan Royals,6,5,120.0,0,0,0.0,0,0.0
2014,KP Pietersen,Delhi Daredevils,12,11,109.09,1,0,9.09,3,27.27
2016,JC Buttler,Mumbai Indians,69,39,176.92,6,4,25.64,12,30.77
2019,RR Pant,Delhi Capitals,153,62,246.77,11,13,38.71,14,22.58
2024,Sumit Kumar,Delhi Capitals,2,7,28.57,0,0,0.0,4,57.14
2017,STR Binny,Royal Challengers Bangalore,34,19,178.95,2,2,21.05,4,21.05
2021,D Padikkal,Royal Challengers Bangalore,10,8,125.0,1,0,12.5,2,25.0
2020,B Kumar,Sunrisers Hyderabad,0,2,0.0,0,0,0.0,2,100.0
2016,HH Pandya,Mumbai Indians,16,19,84.21,2,0,10.53,8,42.11
2016,KC Cariappa,Kings XI Punjab,1,3,33.33,0,0,0.0,2,66.67
2013,WD Parnell,Pune Warriors,5,7,71.43,0,0,0.0,2,28.57
2013,IK Pathan,Delhi Daredevils,73,52,140.38,6,3,17.31,15,28.85
2022,AK Markram,Sunrisers Hyderabad,90,43,209.3,6,6,27.91,5,11.63
2014,SK Raina,Chennai Super Kings,48,42,114.29,3,0,7.14,10,23.81
2024,Akash Deep,Royal Challengers Bengaluru,2,2,100.0,0,0,0.0,0,0.0
2013,B Kumar,Pune Warriors,50,60,83.33,3,1,6.67,30,50.0
2022,KL Rahul,Lucknow Super Giants,121,61,198.36,12,6,29.51,8,13.11
2024,V Viyaskanth,Sunrisers Hyderabad,7,5,140.0,0,0,0.0,0,0.0
2023,R Tewatia,Gujarat Titans,69,36,191.67,2,7,25.0,9,25.0
2016,EJG Morgan,Sunrisers Hyderabad,38,25,152.0,1,3,16.0,7,28.0
2018,HH Pandya,Mumbai Indians,114,81,140.74,7,7,17.28,26,32.1
2015,CH Gayle,Royal Challengers Bangalore,42,18,233.33,3,4,38.89,6,33.33
2013,KL Rahul,Royal Challengers Bangalore,8,4,200.0,2,0,50.0,2,50.0
2023,B Kumar,Sunrisers Hyderabad,21,23,91.3,2,0,8.7,10,43.48
2020,V Shankar,Sunrisers Hyderabad,21,14,150.0,2,1,21.43,3,21.43
2016,KH Pandya,Mumbai Indians,50,30,166.67,5,1,20.0,6,20.0
2023,K Rabada,Punjab Kings,0,2,0.0,0,0,0.0,2,100.0
2018,S Gopal,Rajasthan Royals,37,33,112.12,4,0,12.12,10,30.3
2017,TM Head,Royal Challengers Bangalore,53,24,220.83,3,4,29.17,4,16.67
2016,AD Nath,Gujarat Lions,5,11,45.45,0,0,0.0,7,63.64
2019,AJ Tye,Kings XI Punjab,0,2,0.0,0,0,0.0,1,50.0
2018,TK Curran,Kolkata Knight Riders,6,13,46.15,0,0,0.0,6,46.15
2017,KD Karthik,Gujarat Lions,109,64,170.31,12,4,25.0,16,25.0
2018,MK Pandey,Sunrisers Hyderabad,91,69,131.88,6,3,13.04,18,26.09
2025,KV Sharma,Mumbai Indians,1,1,100.0,0,0,0.0,0,0.0
2022,DA Miller,Gujarat Titans,174,99,175.76,15,8,23.23,22,22.22
2020,EJG Morgan,Kolkata Knight Riders,170,77,220.78,11,13,31.17,13,16.88
2022,KA Pollard,Mumbai Indians,90,60,150.0,4,7,18.33,23,38.33
2015,A Ashish Reddy,Sunrisers Hyderabad,56,31,180.65,3,4,22.58,6,19.35
2023,P Simran Singh,Punjab Kings,24,12,200.0,3,1,33.33,4,33.33
2013,M Morkel,Delhi Daredevils,55,25,220.0,6,3,36.0,5,20.0
2024,S Dhawan,Punjab Kings,0,1,0.0,0,0,0.0,1,100.0
2015,R Vinay Kumar,Mumbai Indians,0,2,0.0,0,0,0.0,1,50.0
2022,MJ Santner,Chennai Super Kings,2,3,66.67,0,0,0.0,1,33.33
2020,DS Kulkarni,Mumbai Indians,3,2,150.0,0,0,0.0,0,0.0
2014,M Vohra,Kings XI Punjab,0,2,0.0,0,0,0.0,1,50.0
2013,M Manhas,Pune Warriors,4,7,57.14,0,0,0.0,3,42.86
2021,DL Chahar,Chennai Super Kings,1,1,100.0,0,0,0.0,0,0.0
2017,MM Sharma,Kings XI Punjab,30,29,103.45,3,0,10.34,11,37.93
2014,CJ Anderson,Mumbai Indians,22,19,115.79,0,2,10.53,9,47.37
2017,Iqbal Abdulla,Royal Challengers Bangalore,5,7,71.43,0,0,0.0,3,42.86
2022,HH Pandya,Gujarat Titans,90,58,155.17,10,2,20.69,9,15.52
2021,AT Rayudu,Chennai Super Kings,94,48,195.83,7,7,29.17,15,31.25
2019,Rashid Khan,Sunrisers Hyderabad,33,21,157.14,2,2,19.05,7,33.33
2022,JDS Neesham,Rajasthan Royals,10,8,125.0,1,0,12.5,2,25.0
2017,AR Patel,Kings XI Punjab,112,67,167.16,6,5,16.42,12,17.91
2025,A Mhatre,Chennai Super Kings,0,1,0.0,0,0,0.0,1,100.0
2024,Ishan Kishan,Mumbai Indians,6,5,120.0,1,0,20.0,2,40.0
2015,Mandeep Singh,Royal Challengers Bangalore,17,10,170.0,1,1,20.0,1,10.0
2019,TG Southee,Royal Challengers Bangalore,9,9,100.0,0,0,0.0,2,22.22
2019,Shubman Gill,Kolkata Knight Riders,38,31,122.58,1,2,9.68,9,29.03
2024,RJW Topley,Royal Challengers Bengaluru,3,6,50.0,0,0,0.0,3,50.0
2020,YS Chahal,Royal Challengers Bangalore,1,3,33.33,0,0,0.0,2,66.67
2023,A Badoni,Lucknow Super Giants,128,72,177.78,6,8,19.44,15,20.83
2025,MA Starc,Delhi Capitals,6,10,60.0,0,0,0.0,4,40.0
2023,M Jansen,Sunrisers Hyderabad,22,25,88.0,2,0,8.0,9,36.0
2022,RA Jadeja,Chennai Super Kings,89,52,171.15,6,5,21.15,11,21.15
2020,SS Iyer,Delhi Capitals,72,37,194.59,6,4,27.03,8,21.62
2019,N Pooran,Kings XI Punjab,21,26,80.77,1,0,3.85,10,38.46
2018,Shubman Gill,Kolkata Knight Riders,60,38,157.89,8,1,23.68,8,21.05
2019,DA Miller,Kings XI Punjab,55,41,134.15,7,1,19.51,14,34.15
2017,TA Boult,Kolkata Knight Riders,5,8,62.5,0,0,0.0,5,62.5
2018,SA Yadav,Mumbai Indians,8,7,114.29,1,0,14.29,3,42.86
2018,A Mishra,Delhi Daredevils,1,2,50.0,0,0,0.0,1,50.0
2016,AR Patel,Kings XI Punjab,70,36,194.44,2,6,22.22,8,22.22
2025,Simarjeet Singh,Sunrisers Hyderabad,3,6,50.0,0,0,0.0,3,50.0
2014,RR Rossouw,Royal Challengers Bangalore,14,7,200.0,1,1,28.57,1,14.29
2023,AK Markram,Sunrisers Hyderabad,35,18,194.44,5,1,33.33,4,22.22
2023,N Rana,Kolkata Knight Riders,31,17,182.35,3,2,29.41,6,35.29
2023,Aman Hakim Khan,Delhi Capitals,35,26,134.62,2,2,15.38,10,38.46
2014,Shakib Al Hasan,Kolkata Knight Riders,105,60,175.0,13,2,25.0,9,15.0
2014,JP Duminy,Delhi Daredevils,190,84,226.19,16,13,34.52,12,14.29
2013,SK Raina,Chennai Super Kings,154,69,223.19,16,6,31.88,5,7.25
2020,JO Holder,Sunrisers Hyderabad,22,18,122.22,3,0,16.67,5,27.78
2022,M Jansen,Sunrisers Hyderabad,9,7,128.57,0,1,14.29,3,42.86
2013,A Mishra,Sunrisers Hyderabad,34,25,136.0,4,0,16.0,6,24.0
2014,KW Richardson,Rajasthan Royals,1,2,50.0,0,0,0.0,1,50.0
2016,NM Coulter-Nile,Delhi Daredevils,4,6,66.67,0,0,0.0,2,33.33
2022,PBB Rajapaksa,Punjab Kings,1,2,50.0,0,0,0.0,1,50.0
2023,CJ Jordan,Mumbai Indians,4,8,50.0,0,0,0.0,4,50.0
2022,M Prasidh Krishna,Rajasthan Royals,6,12,50.0,0,0,0.0,6,50.0
2017,AF Milne,Royal Challengers Bangalore,2,4,50.0,0,0,0.0,2,50.0
2017,CJ Jordan,Sunrisers Hyderabad,0,1,0.0,0,0,0.0,1,100.0
2017,Sachin Baby,Royal Challengers Bangalore,12,8,150.0,2,0,25.0,3,37.5
2015,P Kumar,Sunrisers Hyderabad,10,20,50.0,0,0,0.0,10,50.0
2020,MS Dhoni,Chennai Super Kings,97,60,161.67,9,5,23.33,18,30.0
2013,JD Unadkat,Royal Challengers Bangalore,2,2,100.0,0,0,0.0,0,0.0
2023,R Ashwin,Rajasthan Royals,35,19,184.21,4,1,26.32,2,10.53
2016,A Zampa,Rising Pune Supergiants,0,1,0.0,0,0,0.0,1,100.0
2025,M Jansen,Punjab Kings,55,46,119.57,2,3,10.87,12,26.09
2023,MP Stoinis,Lucknow Super Giants,75,35,214.29,6,6,34.29,10,28.57
2025,A Kamboj,Chennai Super Kings,14,12,116.67,2,0,16.67,6,50.0
2020,JR Philippe,Royal Challengers Bangalore,1,2,50.0,0,0,0.0,1,50.0
2025,DS Rathi,Lucknow Super Giants,1,3,33.33,0,0,0.0,2,66.67
2022,B Kumar,Sunrisers Hyderabad,24,24,100.0,3,0,12.5,9,37.5
2018,F du Plessis,Chennai Super Kings,28,9,311.11,3,2,55.56,0,0.0
2023,AS Joseph,Gujarat Titans,0,4,0.0,0,0,0.0,4,100.0
2019,MP Stoinis,Royal Challengers Bangalore,132,76,173.68,13,5,23.68,20,26.32
2017,P Kumar,Gujarat Lions,8,9,88.89,0,0,0.0,1,11.11
2023,SS Prabhudessai,Royal Challengers Bangalore,19,13,146.15,0,2,15.38,6,46.15
2025,RR Pant,Lucknow Super Giants,70,37,189.19,3,7,27.03,14,37.84
2025,Prince Yadav,Lucknow Super Giants,5,10,50.0,0,0,0.0,5,50.0
2020,AM Rahane,Delhi Capitals,5,5,100.0,0,0,0.0,1,20.0
2015,Anureet Singh,Kings XI Punjab,12,20,60.0,0,1,5.0,10,50.0
2022,R Ashwin,Rajasthan Royals,73,40,182.5,6,3,22.5,5,12.5
2024,Mukesh Kumar,Delhi Capitals,2,8,25.0,0,0,0.0,6,75.0
2014,GJ Bailey,Kings XI Punjab,188,98,191.84,15,10,25.51,17,17.35
2017,DA Warner,Sunrisers Hyderabad,35,19,184.21,5,1,31.58,4,21.05
2019,GC Viljoen,Kings XI Punjab,3,7,42.86,0,0,0.0,3,42.86
2018,V Shankar,Delhi Daredevils,109,59,184.75,4,8,20.34,9,15.25
2021,JJ Bumrah,Mumbai Indians,16,17,94.12,2,0,11.76,7,41.18
2019,A Mishra,Delhi Capitals,13,15,86.67,1,0,6.67,6,40.0
2019,KS Williamson,Sunrisers Hyderabad,48,21,228.57,4,3,33.33,2,9.52
2024,VR Iyer,Kolkata Knight Riders,56,34,164.71,4,4,23.53,14,41.18
2017,YS Chahal,Royal Challengers Bangalore,13,24,54.17,0,0,0.0,12,50.0
2022,RD Chahar,Punjab Kings,71,55,129.09,7,4,20.0,27,49.09
2014,S Rana,Royal Challengers Bangalore,46,32,143.75,5,0,15.63,7,21.88
2025,JC Archer,Rajasthan Royals,29,20,145.0,1,2,15.0,7,35.0
2024,PP Chawla,Mumbai Indians,11,7,157.14,1,1,28.57,3,42.86
2022,KR Sen,Rajasthan Royals,0,3,0.0,0,0,0.0,3,100.0
2016,RG Sharma,Mumbai Indians,69,33,209.09,10,2,36.36,5,15.15
2020,RA Tripathi,Kolkata Knight Riders,45,22,204.55,5,3,36.36,9,40.91
2022,RP Meredith,Mumbai Indians,0,1,0.0,0,0,0.0,1,100.0
2022,K Rabada,Punjab Kings,42,25,168.0,5,2,28.0,9,36.0
2013,GJ Maxwell,Mumbai Indians,13,7,185.71,1,1,28.57,2,28.57
2020,M Ashwin,Kings XI Punjab,4,4,100.0,0,0,0.0,1,25.0
2016,MR Marsh,Rising Pune Supergiants,7,11,63.64,0,0,0.0,6,54.55
2015,R Ashwin,Chennai Super Kings,50,30,166.67,6,1,23.33,7,23.33
2022,A Manohar,Gujarat Titans,37,23,160.87,5,1,26.09,7,30.43
2023,TU Deshpande,Chennai Super Kings,0,1,0.0,0,0,0.0,0,0.0
2018,Rashid Khan,Sunrisers Hyderabad,53,22,240.91,3,6,40.91,8,36.36
2020,KM Jadhav,Chennai Super Kings,11,19,57.89,1,0,5.26,11,57.89
2024,RJ Gleeson,Chennai Super Kings,2,2,100.0,0,0,0.0,0,0.0
2016,S Dhawan,Sunrisers Hyderabad,55,30,183.33,7,2,30.0,7,23.33
2020,Mohammed Shami,Kings XI Punjab,2,2,100.0,0,0,0.0,0,0.0
2024,KH Pandya,Lucknow Super Giants,70,47,148.94,6,2,17.02,10,21.28
2022,S Dube,Chennai Super Kings,69,33,209.09,3,6,27.27,7,21.21
2017,AB de Villiers,Royal Challengers Bangalore,51,17,300.0,1,7,47.06,5,29.41
2024,RK Singh,Kolkata Knight Riders,76,39,194.87,6,5,28.21,11,28.21
2025,KH Pandya,Royal Challengers Bengaluru,31,24,129.17,5,0,20.83,9,37.5
2018,JD Unadkat,Rajasthan Royals,23,23,100.0,2,0,8.7,6,26.09
2021,SS Tiwary,Mumbai Indians,22,12,183.33,3,0,25.0,0,0.0
2019,Ishan Kishan,Mumbai Indians,5,3,166.67,1,0,33.33,1,33.33
2023,DJ Willey,Royal Challengers Bangalore,21,17,123.53,3,0,17.65,5,29.41
2019,IS Sodhi,Rajasthan Royals,2,3,66.67,0,0,0.0,1,33.33
2017,S Nadeem,Delhi Daredevils,2,9,22.22,0,0,0.0,6,66.67
2025,T Stubbs,Delhi Capitals,137,68,201.47,16,5,30.88,8,11.76
2024,B Sai Sudharsan,Gujarat Titans,33,15,220.0,3,2,33.33,3,20.0
2022,RV Uthappa,Chennai Super Kings,23,10,230.0,1,3,40.0,4,40.0
2013,JP Faulkner,Rajasthan Royals,40,31,129.03,3,2,16.13,12,38.71
2019,AT Rayudu,Chennai Super Kings,61,54,112.96,5,1,11.11,13,24.07
2020,RD Chahar,Mumbai Indians,2,4,50.0,0,0,0.0,2,50.0
2020,F du Plessis,Chennai Super Kings,79,30,263.33,6,6,40.0,4,13.33
2021,PP Chawla,Mumbai Indians,0,2,0.0,0,0,0.0,2,100.0
2015,MC Henriques,Sunrisers Hyderabad,54,32,168.75,2,3,15.63,8,25.0
2018,Harbhajan Singh,Chennai Super Kings,2,5,40.0,0,0,0.0,2,40.0
2017,SS Iyer,Delhi Daredevils,41,24,170.83,4,2,25.0,3,12.5
2019,MM Ali,Royal Challengers Bangalore,48,30,160.0,7,1,26.67,7,23.33
2014,AM Rahane,Rajasthan Royals,20,14,142.86,1,1,14.29,4,28.57
2016,Iqbal Abdulla,Royal Challengers Bangalore,18,7,257.14,4,0,57.14,0,0.0
2013,Gurkeerat Singh,Kings XI Punjab,29,19,152.63,2,2,21.05,4,21.05
2020,Kartik Tyagi,Rajasthan Royals,4,6,66.67,0,0,0.0,2,33.33
2022,MR Marsh,Delhi Capitals,27,16,168.75,4,1,31.25,5,31.25
2015,DA Miller,Kings XI Punjab,104,46,226.09,3,11,30.43,10,21.74
2017,LH Ferguson,Rising Pune Supergiant,1,1,100.0,0,0,0.0,0,0.0
2020,Imran Tahir,Chennai Super Kings,13,8,162.5,2,0,25.0,2,25.0
2014,SR Watson,Rajasthan Royals,20,15,133.33,1,1,13.33,5,33.33
2018,RV Uthappa,Kolkata Knight Riders,0,2,0.0,0,0,0.0,1,50.0
2020,Shubman Gill,Kolkata Knight Riders,21,18,116.67,1,1,11.11,6,33.33
2023,Harpreet Brar,Punjab Kings,40,27,148.15,4,2,22.22,9,33.33
2015,S Dhawan,Sunrisers Hyderabad,15,11,136.36,1,1,18.18,5,45.45
2024,AR Patel,Delhi Capitals,77,56,137.5,4,4,14.29,11,19.64
2017,MP Stoinis,Kings XI Punjab,5,9,55.56,0,0,0.0,5,55.56
2016,DJ Hooda,Sunrisers Hyderabad,38,23,165.22,2,2,17.39,5,21.74
2017,KS Williamson,Sunrisers Hyderabad,61,29,210.34,7,1,27.59,4,13.79
2023,Arjun Tendulkar,Mumbai Indians,13,9,144.44,0,1,11.11,2,22.22
2022,SP Jackson,Kolkata Knight Riders,13,14,92.86,0,0,0.0,3,21.43
2016,KW Richardson,Royal Challengers Bangalore,1,1,100.0,0,0,0.0,0,0.0
2016,JP Duminy,Delhi Daredevils,52,33,157.58,5,1,18.18,6,18.18
2021,C Sakariya,Rajasthan Royals,15,19,78.95,2,0,10.53,11,57.89
2018,RR Pant,Delhi Daredevils,112,46,243.48,12,9,45.65,17,36.96
2013,SMSM Senanayake,Kolkata Knight Riders,9,15,60.0,0,0,0.0,7,46.67
2024,Rasikh Salam,Delhi Capitals,15,9,166.67,3,0,33.33,2,22.22
2019,SA Yadav,Mumbai Indians,27,17,158.82,2,2,23.53,7,41.18
2023,DL Chahar,Chennai Super Kings,1,2,50.0,0,0,0.0,1,50.0
2018,S Kaul,Sunrisers Hyderabad,1,9,11.11,0,0,0.0,8,88.89
2023,Kuldeep Yadav,Delhi Capitals,30,46,65.22,2,0,4.35,24,52.17
2020,MA Agarwal,Kings XI Punjab,55,23,239.13,6,3,39.13,5,21.74
2021,M Jansen,Mumbai Indians,0,3,0.0,0,0,0.0,3,100.0
2014,MK Tiwary,Delhi Daredevils,71,43,165.12,8,2,23.26,10,23.26
2023,DA Miller,Gujarat Titans,111,76,146.05,9,5,18.42,18,23.68
2016,AJ Finch,Gujarat Lions,53,37,143.24,4,1,13.51,9,24.32
2019,DL Chahar,Chennai Super Kings,7,9,77.78,1,0,11.11,5,55.56
2016,WP Saha,Kings XI Punjab,40,32,125.0,3,0,9.38,8,25.0
2017,MK Tiwary,Rising Pune Supergiant,169,103,164.08,18,7,24.27,26,25.24
2017,C de Grandhomme,Kolkata Knight Riders,29,26,111.54,2,1,11.54,9,34.62
2023,Akash Deep,Royal Challengers Bangalore,8,5,160.0,0,1,20.0,2,40.0
2013,R Ashwin,Chennai Super Kings,15,14,107.14,2,0,14.29,6,42.86
2015,UBT Chand,Mumbai Indians,6,4,150.0,1,0,25.0,1,25.0
2020,PK Garg,Sunrisers Hyderabad,55,30,183.33,6,2,26.67,8,26.67
2023,PWH de Silva,Royal Challengers Bangalore,28,25,112.0,3,0,12.0,8,32.0
2017,Swapnil Singh,Kings XI Punjab,2,2,100.0,0,0,0.0,1,50.0
2025,Yash Dayal,Royal Challengers Bengaluru,4,7,57.14,0,0,0.0,4,57.14
2021,S Dhawan,Delhi Capitals,13,8,162.5,2,0,25.0,2,25.0
2025,KA Jamieson,Punjab Kings,0,2,0.0,0,0,0.0,1,50.0
2016,Q de Kock,Delhi Daredevils,14,7,200.0,3,0,42.86,2,28.57
2017,Vishnu Vinod,Royal Challengers Bangalore,7,3,233.33,0,1,33.33,1,33.33
2022,Mukesh Choudhary,Chennai Super Kings,2,2,100.0,0,0,0.0,0,0.0
2022,HV Patel,Royal Challengers Bangalore,34,28,121.43,3,2,17.86,13,46.43
2021,SPD Smith,Delhi Capitals,20,12,166.67,2,1,25.0,2,16.67
2022,Mohammed Siraj,Royal Challengers Bangalore,28,28,100.0,5,0,17.86,16,57.14
2023,Vishnu Vinod,Mumbai Indians,2,3,66.67,0,0,0.0,1,33.33
2013,DJ Bravo,Chennai Super Kings,71,42,169.05,6,2,19.05,8,19.05
2018,AR Patel,Kings XI Punjab,12,12,100.0,0,1,8.33,3,25.0
2020,I Udana,Royal Challengers Bangalore,15,11,136.36,1,1,18.18,4,36.36
2013,R Rampaul,Royal Challengers Bangalore,29,28,103.57,2,1,10.71,13,46.43
2013,UT Yadav,Delhi Daredevils,38,38,100.0,3,1,10.53,16,42.11
2018,DJ Bravo,Chennai Super Kings,94,48,195.83,6,7,27.08,11,22.92
2023,RG Sharma,Mumbai Indians,4,5,80.0,1,0,20.0,4,80.0
2020,RG Sharma,Mumbai Indians,8,8,100.0,1,0,12.5,4,50.0
2025,D Brevis,Chennai Super Kings,42,16,262.5,3,4,43.75,3,18.75
2015,MK Pandey,Kolkata Knight Riders,0,1,0.0,0,0,0.0,1,100.0
2019,LS Livingstone,Rajasthan Royals,1,2,50.0,0,0,0.0,1,50.0
2025,PWH de Silva,Rajasthan Royals,1,4,25.0,0,0,0.0,3,75.0
2023,N Pooran,Lucknow Super Giants,130,70,185.71,11,7,25.71,15,21.43
2020,SS Tiwary,Mumbai Indians,16,6,266.67,2,1,50.0,1,16.67
2021,EJG Morgan,Kolkata Knight Riders,23,30,76.67,1,1,6.67,12,40.0
2014,V Kohli,Royal Challengers Bangalore,38,19,200.0,2,3,26.32,3,15.79
2021,Mohammed Shami,Punjab Kings,13,17,76.47,0,0,0.0,7,41.18
2025,WG Jacks,Mumbai Indians,1,1,100.0,0,0,0.0,0,0.0
2017,V Shankar,Sunrisers Hyderabad,31,24,129.17,4,0,16.67,7,29.17
2017,KM Jadhav,Royal Challengers Bangalore,69,41,168.29,7,3,24.39,11,26.83
2024,Dhruv Jurel,Rajasthan Royals,86,61,140.98,8,3,18.03,20,32.79
2019,SK Raina,Chennai Super Kings,10,9,111.11,1,0,11.11,2,22.22
2013,BJ Hodge,Rajasthan Royals,147,97,151.55,11,6,17.53,22,22.68
2013,LJ Wright,Pune Warriors,72,30,240.0,12,2,46.67,7,23.33
2018,JJ Roy,Delhi Daredevils,20,13,153.85,2,1,23.08,4,30.77
2015,SL Malinga,Mumbai Indians,6,10,60.0,1,0,10.0,6,60.0
2025,PVD Chameera,Delhi Capitals,7,11,63.64,0,0,0.0,3,27.27
2024,MK Lomror,Royal Challengers Bengaluru,52,31,167.74,5,3,25.81,9,29.03
2024,Nithish Kumar Reddy,Sunrisers Hyderabad,37,21,176.19,2,3,23.81,7,33.33
2015,AD Mathews,Delhi Daredevils,104,58,179.31,9,5,24.14,12,20.69
2013,MG Johnson,Mumbai Indians,27,27,100.0,0,2,7.41,12,44.44
2015,RG More,Chennai Super Kings,2,2,100.0,0,0,0.0,0,0.0
2023,V Kohli,Royal Challengers Bangalore,54,25,216.0,4,4,32.0,5,20.0
2017,Shakib Al Hasan,Kolkata Knight Riders,1,1,100.0,0,0,0.0,0,0.0
2013,AT Rayudu,Mumbai Indians,102,65,156.92,8,3,16.92,12,18.46
2025,C Bosch,Mumbai Indians,43,23,186.96,3,3,26.09,6,26.09
2022,LS Livingstone,Punjab Kings,66,31,212.9,5,5,32.26,7,22.58
2013,S Kaul,Delhi Daredevils,7,9,77.78,0,0,0.0,5,55.56
2021,LH Ferguson,Kolkata Knight Riders,16,8,200.0,1,1,25.0,2,25.0
2015,AD Russell,Kolkata Knight Riders,73,41,178.05,8,4,29.27,12,29.27
2014,Mohammed Shami,Delhi Daredevils,2,4,50.0,0,0,0.0,2,50.0
2022,OF Smith,Punjab Kings,46,32,143.75,1,5,18.75,16,50.0
2020,K Gowtham,Kings XI Punjab,22,13,169.23,2,1,23.08,4,30.77
2023,Sikandar Raza,Punjab Kings,34,27,125.93,2,1,11.11,10,37.04
2023,RA Tripathi,Sunrisers Hyderabad,19,13,146.15,2,1,23.08,5,38.46
2018,MG Johnson,Kolkata Knight Riders,16,10,160.0,2,0,20.0,2,20.0
2015,KM Jadhav,Delhi Daredevils,57,46,123.91,5,2,15.22,13,28.26
2019,Mohammed Shami,Kings XI Punjab,1,2,50.0,0,0,0.0,1,50.0
2013,AC Gilchrist,Kings XI Punjab,15,5,300.0,0,2,40.0,0,0.0
2014,MC Henriques,Sunrisers Hyderabad,0,2,0.0,0,0,0.0,2,100.0
2022,KH Pandya,Lucknow Super Giants,56,37,151.35,4,1,13.51,7,18.92
2014,LRPL Taylor,Delhi Daredevils,20,14,142.86,3,0,21.43,5,35.71
2016,CH Morris,Delhi Daredevils,125,66,189.39,10,7,25.76,17,25.76
2016,KD Karthik,Gujarat Lions,54,28,192.86,8,1,32.14,7,25.0
2013,JH Kallis,Kolkata Knight Riders,35,19,184.21,7,0,36.84,6,31.58
2014,R Ashwin,Chennai Super Kings,20,16,125.0,3,0,18.75,5,31.25
2025,Ashutosh Sharma,Delhi Capitals,115,61,188.52,9,8,27.87,16,26.23
2015,VR Aaron,Royal Challengers Bangalore,6,3,200.0,0,1,33.33,2,66.67
2017,JP Faulkner,Gujarat Lions,42,29,144.83,4,0,13.79,8,27.59
2019,S Gopal,Rajasthan Royals,33,19,173.68,4,1,26.32,5,26.32
2013,Mohammed Shami,Kolkata Knight Riders,5,8,62.5,0,0,0.0,4,50.0
2024,Rashid Khan,Gujarat Titans,67,39,171.79,9,2,28.21,13,33.33
2013,M Vohra,Kings XI Punjab,20,9,222.22,3,1,44.44,3,33.33
2019,Harpreet Brar,Kings XI Punjab,20,12,166.67,2,1,25.0,3,25.0
2014,AT Rayudu,Mumbai Indians,21,19,110.53,1,1,10.53,7,36.84
2023,H Klaasen,Sunrisers Hyderabad,109,61,178.69,8,6,22.95,11,18.03
2015,PJ Cummins,Kolkata Knight Riders,0,2,0.0,0,0,0.0,1,50.0
2013,P Awana,Kings XI Punjab,1,9,11.11,0,0,0.0,8,88.89
2021,RR Pant,Delhi Capitals,104,66,157.58,12,2,21.21,18,27.27
2025,Harshit Rana,Kolkata Knight Riders,28,30,93.33,4,1,16.67,17,56.67
2025,DJ Hooda,Chennai Super Kings,16,14,114.29,1,1,14.29,7,50.0
2017,V Kohli,Royal Challengers Bangalore,15,11,136.36,0,2,18.18,7,63.64
2016,SS Tiwary,Rising Pune Supergiants,4,4,100.0,0,0,0.0,2,50.0
2018,GJ Maxwell,Delhi Daredevils,35,21,166.67,2,2,19.05,7,33.33
2013,KM Jadhav,Delhi Daredevils,81,47,172.34,3,5,17.02,10,21.28
2014,DS Kulkarni,Rajasthan Royals,32,19,168.42,1,2,15.79,3,15.79
2022,YS Chahal,Rajasthan Royals,5,8,62.5,0,0,0.0,4,50.0
2021,KA Pollard,Mumbai Indians,131,77,170.13,9,9,23.38,24,31.17
2017,RD Chahar,Rising Pune Supergiant,3,2,150.0,0,0,0.0,0,0.0
2022,S Dhawan,Punjab Kings,34,17,200.0,2,2,23.53,2,11.76
2018,MS Dhoni,Chennai Super Kings,252,117,215.38,14,21,29.91,22,18.8
2013,PP Chawla,Kings XI Punjab,23,25,92.0,4,0,16.0,11,44.0
2016,PV Tambe,Gujarat Lions,1,8,12.5,0,0,0.0,7,87.5
2024,V Kohli,Royal Challengers Bengaluru,54,31,174.19,4,3,22.58,7,22.58
2019,SS Iyer,Delhi Capitals,19,17,111.76,1,1,11.76,6,35.29
2017,BCJ Cutting,Sunrisers Hyderabad,39,17,229.41,3,3,35.29,3,17.65
2025,TH David,Royal Challengers Bengaluru,126,61,206.56,9,11,32.79,21,34.43
2020,LH Ferguson,Kolkata Knight Riders,42,26,161.54,4,1,19.23,4,15.38
2015,J Theron,Rajasthan Royals,1,1,100.0,0,0,0.0,0,0.0
2024,Mohsin Khan,Lucknow Super Giants,2,1,200.0,0,0,0.0,0,0.0
2018,SN Khan,Royal Challengers Bangalore,37,23,160.87,5,1,26.09,6,26.09
2024,SZ Mulani,Mumbai Indians,1,1,100.0,0,0,0.0,0,0.0
2023,MD Shanaka,Gujarat Titans,9,7,128.57,1,0,14.29,1,14.29
2017,JD Unadkat,Rising Pune Supergiant,2,5,40.0,0,0,0.0,2,40.0
2015,Azhar Mahmood,Kolkata Knight Riders,2,3,66.67,0,0,0.0,2,66.67
2014,AB de Villiers,Royal Challengers Bangalore,123,62,198.39,11,9,32.26,16,25.81
2019,KD Karthik,Kolkata Knight Riders,106,45,235.56,7,9,35.56,8,17.78
2014,JH Kallis,Kolkata Knight Riders,18,11,163.64,2,1,27.27,4,36.36
2020,NS Naik,Kolkata Knight Riders,0,2,0.0,0,0,0.0,2,100.0
2020,AT Rayudu,Chennai Super Kings,38,23,165.22,2,2,17.39,3,13.04
2018,BB Sran,Kings XI Punjab,2,6,33.33,0,0,0.0,3,50.0
2022,PJ Cummins,Kolkata Knight Riders,3,6,50.0,0,0,0.0,4,66.67
2018,KK Nair,Kings XI Punjab,58,27,214.81,5,4,33.33,7,25.93
2015,Parvez Rasool,Sunrisers Hyderabad,2,2,100.0,0,0,0.0,0,0.0
2024,Ramandeep Singh,Kolkata Knight Riders,60,25,240.0,3,6,36.0,6,24.0
2024,V Shankar,Gujarat Titans,32,26,123.08,4,0,15.38,8,30.77
2023,Naveen-ul-Haq,Lucknow Super Giants,14,14,100.0,2,0,14.29,4,28.57
2020,CH Gayle,Kings XI Punjab,57,35,162.86,2,6,22.86,11,31.43
2020,JM Bairstow,Sunrisers Hyderabad,6,7,85.71,0,0,0.0,3,42.86
2014,JJ Bumrah,Mumbai Indians,1,3,33.33,0,0,0.0,2,66.67
2021,K Yadav,Rajasthan Royals,0,4,0.0,0,0,0.0,4,100.0
2020,Rashid Khan,Sunrisers Hyderabad,35,29,120.69,3,2,17.24,14,48.28
2016,SN Khan,Royal Challengers Bangalore,57,23,247.83,6,4,43.48,5,21.74
2018,V Kohli,Royal Challengers Bangalore,67,33,203.03,1,6,21.21,6,18.18
2015,SA Yadav,Kolkata Knight Riders,48,24,200.0,4,3,29.17,6,25.0
2015,B Kumar,Sunrisers Hyderabad,17,9,188.89,2,1,33.33,4,44.44
2021,JC Buttler,Rajasthan Royals,33,10,330.0,3,3,60.0,2,20.0
2016,CJ Jordan,Royal Challengers Bangalore,3,4,75.0,0,0,0.0,1,25.0
2023,MM Ali,Chennai Super Kings,34,18,188.89,1,3,22.22,4,22.22
2014,Sandeep Sharma,Kings XI Punjab,2,5,40.0,0,0,0.0,2,40.0
2022,S Gopal,Sunrisers Hyderabad,9,7,128.57,2,0,28.57,4,57.14
2013,AB McDonald,Royal Challengers Bangalore,0,2,0.0,0,0,0.0,2,100.0
2014,JA Morkel,Royal Challengers Bangalore,7,6,116.67,0,0,0.0,0,0.0
2019,P Simran Singh,Kings XI Punjab,15,11,136.36,1,1,18.18,5,45.45
2021,KS Bharat,Royal Challengers Bangalore,26,13,200.0,0,2,15.38,2,15.38
2018,KD Karthik,Kolkata Knight Riders,185,99,186.87,20,9,29.29,25,25.25
2015,JP Faulkner,Rajasthan Royals,77,51,150.98,6,3,17.65,11,21.57
2019,M Markande,Mumbai Indians,6,5,120.0,1,0,20.0,2,40.0
2016,TM Head,Royal Challengers Bangalore,41,24,170.83,3,1,16.67,5,20.83
2014,CM Gautam,Mumbai Indians,32,26,123.08,6,0,23.08,10,38.46
2022,D Padikkal,Rajasthan Royals,20,16,125.0,3,0,18.75,5,31.25
2014,CH Gayle,Royal Challengers Bangalore,7,4,175.0,0,1,25.0,2,50.0
2020,VR Aaron,Rajasthan Royals,1,10,10.0,0,0,0.0,9,90.0
2020,Mohammad Nabi,Sunrisers Hyderabad,11,8,137.5,2,0,25.0,2,25.0
2013,RN ten Doeschate,Kolkata Knight Riders,34,18,188.89,5,1,33.33,5,27.78
2022,Abdul Samad,Sunrisers Hyderabad,0,1,0.0,0,0,0.0,1,100.0
2018,Washington Sundar,Royal Challengers Bangalore,52,22,236.36,4,4,36.36,5,22.73
2013,MS Bisla,Kolkata Knight Riders,33,16,206.25,5,1,37.5,4,25.0
2021,MK Lomror,Rajasthan Royals,12,13,92.31,0,0,0.0,2,15.38
2017,MK Pandey,Kolkata Knight Riders,92,51,180.39,5,6,21.57,13,25.49
2022,NM Coulter-Nile,Rajasthan Royals,1,2,50.0,0,0,0.0,0,0.0
2018,MK Lomror,Rajasthan Royals,14,15,93.33,1,0,6.67,6,40.0
2025,AS Roy,Kolkata Knight Riders,0,1,0.0,0,0,0.0,1,100.0
2018,STR Binny,Rajasthan Royals,20,14,142.86,0,2,14.29,6,42.86
2015,J Suchith,Mumbai Indians,32,19,168.42,2,1,15.79,2,10.53
2022,Aman Hakim Khan,Kolkata Knight Riders,5,3,166.67,1,0,33.33,1,33.33
2016,N Rana,Mumbai Indians,5,4,125.0,1,0,25.0,2,50.0
2024,Harpreet Singh,Punjab Kings,8,12,66.67,0,0,0.0,4,33.33
2013,Harmeet Singh,Kings XI Punjab,3,4,75.0,0,0,0.0,2,50.0
2015,PP Chawla,Kolkata Knight Riders,32,28,114.29,4,1,17.86,11,39.29
2019,AB de Villiers,Royal Challengers Bangalore,110,43,255.81,4,12,37.21,6,13.95
2024,Anuj Rawat,Royal Challengers Bengaluru,51,26,196.15,6,3,34.62,9,34.62
2023,N Wadhera,Mumbai Indians,56,31,180.65,7,3,32.26,12,38.71
2019,M Ashwin,Kings XI Punjab,3,5,60.0,0,0,0.0,2,40.0
2024,Sanvir Singh,Sunrisers Hyderabad,14,11,127.27,1,0,9.09,1,9.09
2019,SN Thakur,Chennai Super Kings,14,7,200.0,1,1,28.57,2,28.57
2013,MK Pandey,Pune Warriors,42,25,168.0,7,0,28.0,6,24.0
2022,MP Stoinis,Lucknow Super Giants,111,62,179.03,6,10,25.81,21,33.87
2021,JDS Neesham,Mumbai Indians,0,1,0.0,0,0,0.0,1,100.0
2021,TL Seifert,Kolkata Knight Riders,2,4,50.0,0,0,0.0,1,25.0
2023,GJ Maxwell,Royal Challengers Bangalore,54,24,225.0,4,5,37.5,8,33.33
2017,AS Rajpoot,Kolkata Knight Riders,4,7,57.14,1,0,14.29,6,85.71
2022,T Stubbs,Mumbai Indians,1,1,100.0,0,0,0.0,0,0.0
2019,S Lamichhane,Delhi Capitals,0,1,0.0,0,0,0.0,1,100.0
2024,Mayank Dagar,Royal Challengers Bengaluru,0,1,0.0,0,0,0.0,1,100.0
2015,NV Ojha,Sunrisers Hyderabad,27,18,150.0,2,2,22.22,7,38.89
2022,TH David,Mumbai Indians,114,46,247.83,4,13,36.96,11,23.91
2023,A Mishra,Lucknow Super Giants,13,12,108.33,2,0,16.67,5,41.67
2019,Y Prithvi Raj,Kolkata Knight Riders,0,1,0.0,0,0,0.0,1,100.0
2024,SD Hope,Delhi Capitals,7,7,100.0,0,0,0.0,2,28.57
2019,VR Aaron,Rajasthan Royals,3,7,42.86,0,0,0.0,4,57.14
2025,Shahbaz Ahmed,Lucknow Super Giants,9,8,112.5,1,0,12.5,2,25.0
2016,S Nadeem,Delhi Daredevils,1,4,25.0,0,0,0.0,3,75.0
2013,RA Jadeja,Chennai Super Kings,86,48,179.17,9,4,27.08,13,27.08
2018,Shakib Al Hasan,Sunrisers Hyderabad,52,32,162.5,6,2,25.0,12,37.5
2015,Sandeep Sharma,Kings XI Punjab,2,5,40.0,0,0,0.0,3,60.0
2018,AJ Finch,Kings XI Punjab,14,7,200.0,1,1,28.57,1,14.29
2021,Washington Sundar,Royal Challengers Bangalore,3,5,60.0,0,0,0.0,2,40.0
2024,TA Boult,Rajasthan Royals,14,16,87.5,2,0,12.5,9,56.25
2017,Mohammad Nabi,Sunrisers Hyderabad,2,3,66.67,0,0,0.0,2,66.67
2019,AD Russell,Kolkata Knight Riders,305,115,265.22,17,34,44.35,34,29.57
2018,CR Brathwaite,Sunrisers Hyderabad,69,35,197.14,1,8,25.71,11,31.43
2023,MA Agarwal,Sunrisers Hyderabad,1,2,50.0,0,0,0.0,1,50.0
2024,R Ashwin,Rajasthan Royals,5,6,83.33,0,0,0.0,1,16.67
2014,SP Narine,Kolkata Knight Riders,4,6,66.67,0,0,0.0,2,33.33
2018,UT Yadav,Royal Challengers Bangalore,2,5,40.0,0,0,0.0,2,40.0
2023,JR Hazlewood,Royal Challengers Bangalore,1,2,50.0,0,0,0.0,1,50.0
2013,SK Trivedi,Rajasthan Royals,3,7,42.86,0,0,0.0,5,71.43
2023,VR Iyer,Kolkata Knight Riders,9,9,100.0,1,0,11.11,3,33.33
2014,S Gopal,Mumbai Indians,11,10,110.0,1,0,10.0,2,20.0
2017,AT Rayudu,Mumbai Indians,27,10,270.0,3,2,50.0,2,20.0
2020,CJ Jordan,Kings XI Punjab,22,20,110.0,2,0,10.0,6,30.0
2014,Imran Tahir,Delhi Daredevils,4,4,100.0,1,0,25.0,3,75.0
2024,JC Buttler,Rajasthan Royals,56,29,193.1,2,5,24.14,9,31.03
2022,SN Thakur,Delhi Capitals,69,46,150.0,3,5,17.39,15,32.61
2024,M Jansen,Sunrisers Hyderabad,1,1,100.0,0,0,0.0,0,0.0
2021,HH Pandya,Mumbai Indians,70,42,166.67,7,4,26.19,18,42.86
2025,VR Iyer,Kolkata Knight Riders,42,15,280.0,6,2,53.33,1,6.67
2023,Sandeep Sharma,Rajasthan Royals,2,5,40.0,0,0,0.0,3,60.0
2021,GD Phillips,Rajasthan Royals,14,5,280.0,1,1,40.0,0,0.0
2024,LS Livingstone,Punjab Kings,58,29,200.0,5,4,31.03,5,17.24
2025,GJ Maxwell,Punjab Kings,5,4,125.0,1,0,25.0,2,50.0
2018,PP Chawla,Kolkata Knight Riders,9,16,56.25,0,0,0.0,7,43.75
2021,SO Hetmyer,Delhi Capitals,133,65,204.62,9,9,27.69,13,20.0
2023,Abhishek Sharma,Sunrisers Hyderabad,19,8,237.5,1,2,37.5,2,25.0
2021,GHS Garton,Royal Challengers Bangalore,2,4,50.0,0,0,0.0,2,50.0
2025,JJ Bumrah,Mumbai Indians,0,1,0.0,0,0,0.0,1,100.0
2020,S Nadeem,Sunrisers Hyderabad,7,8,87.5,1,0,12.5,4,50.0
2022,Simarjeet Singh,Chennai Super Kings,5,5,100.0,0,0,0.0,1,20.0
2013,GH Vihari,Sunrisers Hyderabad,36,34,105.88,3,0,8.82,11,32.35
2016,S Kaushik,Gujarat Lions,0,1,0.0,0,0,0.0,1,100.0
2022,F du Plessis,Royal Challengers Bangalore,48,29,165.52,6,0,20.69,5,17.24
2018,KA Pollard,Mumbai Indians,23,21,109.52,1,1,9.52,9,42.86
2020,KK Nair,Kings XI Punjab,13,6,216.67,2,0,33.33,0,0.0
2013,LRPL Taylor,Pune Warriors,2,3,66.67,0,0,0.0,2,66.67
2015,A Mishra,Delhi Daredevils,6,8,75.0,0,0,0.0,3,37.5
2013,KB Arun Karthik,Royal Challengers Bangalore,22,24,91.67,2,0,8.33,8,33.33
2023,Umran Malik,Sunrisers Hyderabad,19,7,271.43,1,2,42.86,3,42.86
2021,K Rabada,Delhi Capitals,13,6,216.67,2,0,33.33,1,16.67
2013,R Shukla,Rajasthan Royals,1,2,50.0,0,0,0.0,1,50.0
2022,TS Mills,Mumbai Indians,0,3,0.0,0,0,0.0,3,100.0
2022,DA Warner,Delhi Capitals,27,16,168.75,5,0,31.25,6,37.5
2019,PA Patel,Royal Challengers Bangalore,6,6,100.0,1,0,16.67,2,33.33
2015,Shakib Al Hasan,Kolkata Knight Riders,4,7,57.14,0,0,0.0,3,42.86
2023,TA Boult,Rajasthan Royals,2,5,40.0,0,0,0.0,3,60.0
2023,Abdul Samad,Sunrisers Hyderabad,113,65,173.85,7,9,24.62,22,33.85
2021,SV Samson,Rajasthan Royals,83,52,159.62,6,4,19.23,12,23.08
2023,JO Holder,Rajasthan Royals,1,2,50.0,0,0,0.0,1,50.0
2014,RA Jadeja,Chennai Super Kings,77,56,137.5,3,3,10.71,10,17.86
