season,player,team,wickets,balls,economy,dot_balls,dot_pct,boundaries_conceded,boundary_pct_conceded,wickets_z,economy_z,dot_pct_z,boundary_pct_conceded_z,impact_score,impact_score_pos,phase,name,year,adj_price,ROI,ROI_z
2013,AM Nayar,Lucknow Super Giants,1,42,7.43,10,23.81,3,7.14,0.0709939183535704,0.2954077173083614,0.3262829608252121,0.1311298991449934,-0.0581763878977685,0.8698287006997487,middle,AM Nayar,2013,83114359.61769001,1.0465444295074793,0.010405310728640323
2013,B Laughlin,Chennai Super Kings,1,24,6.75,6,25.0,2,8.33,0.0709939183535704,0.2645629710498034,0.338973852538847,0.1478498547353837,-0.0330373144949097,0.8949677741026075,middle,B Laughlin,2013,2462647.6923760003,36.34168934814743,0.3613287304478359
2013,CH Morris,Chennai Super Kings,4,96,6.88,39,40.63,13,13.54,0.2071946397899745,0.2704597607757042,0.5056617831977669,0.2210523493790253,0.2019122161479234,1.1299173047454407,middle,CH Morris,2013,76957740.38675001,1.4682308745904669,0.014597945429499767
2013,DJG Sammy,Sunrisers Hyderabad,7,78,5.77,34,43.59,8,10.26,0.3433953612263786,0.220110248500705,0.5372290432585731,0.174967093634084,0.465180137289759,1.3931852258872763,middle,DJG Sammy,2013,52331263.46299,2.662242670430788,0.026469456470103517
2013,DP Nannes,Chennai Super Kings,0,18,10.67,5,27.78,4,22.22,0.025593677874769,0.4423738612461967,0.36862148192028,0.343009672508931,-0.273524062110506,0.6544810264870112,middle,DP Nannes,2013,73879430.77128,0.8858771916004462,0.008807870154500692
2013,DT Christian,Royal Challengers Bengaluru,0,6,5.0,1,16.67,0,0.0,0.025593677874769,0.1851831093549849,0.2501376105434023,0.0308101656026517,-0.040876720629344,0.8871283679681733,middle,DT Christian,2013,12313238.46188,7.204671384498838,0.07163273946117538
2013,J Botha,Delhi Capitals,4,72,6.75,25,34.72,8,11.11,0.2071946397899745,0.2645629710498034,0.4426339092250082,0.1869099190557913,0.1945497718014632,1.1225548603989806,middle,J Botha,2013,55409573.07846001,2.025922233346649,0.02014281453865614
2013,JD Unadkat,Royal Challengers Bengaluru,5,168,8.64,48,28.57,30,17.86,0.2525948802687759,0.3502932216802074,0.3770465276797519,0.2817500032869968,0.1554217007055242,1.0834267893030414,middle,JD Unadkat,2013,64644501.92487001,1.6759766987797395,0.016663466770322512
2013,JDP Oram,Mumbai Indians,0,6,8.0,3,50.0,1,16.67,0.025593677874769,0.321262872260388,0.6055892246740354,0.2650300476966065,-0.0899490231332675,0.8380560654642498,middle,JDP Oram,2013,6156619.23094,13.612277031079188,0.13534062027292101
2013,JO Holder,Chennai Super Kings,0,36,7.33,11,30.56,4,11.11,0.025593677874769,0.2908717252115146,0.3982691113017129,0.1869099190557913,-0.1122081137777025,0.8157969748198147,middle,JO Holder,2013,2462647.6923760003,33.12682432592383,0.32936480367731485
2013,JP Faulkner,Rajasthan Royals,7,102,7.06,40,39.22,14,13.73,0.3433953612263786,0.2786245465500284,0.4906246762093422,0.2237219221203481,0.3946364230382782,1.3226415116357957,middle,JP Faulkner,2013,49252953.84752,2.685405459600457,0.026699753447333444
2013,KW Richardson,Lucknow Super Giants,0,18,9.33,3,16.67,2,11.11,0.025593677874769,0.38159156714845,0.2501376105434023,0.1869099190557913,-0.229223437554744,0.6987816510427733,middle,KW Richardson,2013,86192669.23316,0.8107205140062403,0.008060621818309188
2013,MC Henriques,Royal Challengers Bengaluru,1,24,14.0,3,12.5,8,33.33,0.0709939183535704,0.5934223980711942,0.2056661664712528,0.4991094259620706,-0.406369076177638,0.5216360124198793,middle,MC Henriques,2013,36939715.38564,1.412127860147674,0.01404013891729523
2013,MS Gony,Punjab Kings,7,126,9.0,47,37.3,27,21.43,0.3433953612263786,0.3666227932288557,0.4701486156293596,0.3319098700581677,0.2964574179336577,1.224462506531175,middle,MS Gony,2013,61566192.30940001,1.9888553451180744,0.019774275488724343
2013,NLTC Perera,Sunrisers Hyderabad,4,126,6.9,43,34.13,15,11.9,0.2071946397899745,0.2713669591950736,0.4363417864426178,0.1980097215065546,0.1849989839603773,1.113004072557895,middle,NLTC Perera,2013,83114359.61769001,1.3391236817290035,0.013314291892059177
2013,NM Coulter-Nile,Mumbai Indians,0,6,12.0,0,0.0,2,33.33,0.025593677874769,0.5027025561342587,0.0723584804036586,0.4991094259620706,-0.4418858691665699,0.4861192194309473,middle,NM Coulter-Nile,2013,55409573.07846001,0.8773199149948369,0.008722789082391606
2013,SMSM Senanayake,Kolkata Knight Riders,4,54,9.44,14,25.93,10,18.52,0.2071946397899745,0.3865811584549815,0.348891944382276,0.2910232559673813,0.0479899650421831,0.9759950536397004,middle,SMSM Senanayake,2013,76957740.38675001,1.2682220771229136,0.012609349792818574
2014,A Mishra,Sunrisers Hyderabad,3,162,8.11,52,32.1,23,14.2,0.1794144173553096,0.3037010189245469,0.4231437831821379,0.2097577394432964,0.111152397959309,1.0391574865568265,middle,A Mishra,2014,92008373.22575,1.129416215203772,0.011229266842202582
2014,A Mishra,Sunrisers Hyderabad,3,162,8.11,52,32.1,23,14.2,0.1794144173553096,0.3037010189245469,0.4231437831821379,0.2097577394432964,0.111152397959309,1.0391574865568265,middle,A Mishra,2014,1937018.3837,53.647270222179166,0.5333901750046227
2014,A Mishra,Sunrisers Hyderabad,3,162,8.11,52,32.1,23,14.2,0.1794144173553096,0.3037010189245469,0.4231437831821379,0.2097577394432964,0.111152397959309,1.0391574865568265,middle,A Mishra,2014,1937018.3837,53.647270222179166,0.5333901750046227
2014,A Nehra,Chennai Super Kings,0,12,16.5,2,16.67,5,41.67,0.025661740602515,0.6531529556540906,0.2494000505371278,0.582741544054872,-0.5257580472693361,0.4022470413281812,middle,A Nehra,2014,38740367.674,1.0383149811924557,0.010323489102698072
2014,AB Dinda,Royal Challengers Bengaluru,1,84,6.07,31,36.9,3,3.57,0.0769126328534465,0.2187329675624172,0.4771923843938066,0.0654250913537061,0.0704552722776368,0.998460360875154,middle,AB Dinda,2014,29055275.7555,3.436416743304015,0.03416671380498229
2014,AD Russell,Kolkata Knight Riders,1,12,10.0,3,25.0,3,25.0,0.0769126328534465,0.382421419451226,0.3431968938898779,0.3563986236735482,-0.1588888428485572,0.76911624574896,middle,AD Russell,2014,11622110.3022,6.617698728976705,0.06579673986314846
2014,AR Patel,Punjab Kings,10,258,6.02,107,41.47,27,10.47,0.5381706631118305,0.2166504172839335,0.5286511567974163,0.1591123229452558,0.7607085432907726,1.68871363188829,middle,AR Patel,2014,14527637.87775,11.624144586331289,0.11557353225064858
2014,B Kumar,Sunrisers Hyderabad,4,44,7.36,16,36.36,7,15.91,0.2306653096062412,0.2724627647472933,0.4711119167574939,0.2329758794464196,0.2227661517494913,1.1507712403470087,middle,B Kumar,2014,82323281.30725,1.3978685276793787,0.013898364921913658
2014,BCJ Cutting,Rajasthan Royals,1,12,7.0,7,58.33,3,25.0,0.0769126328534465,0.2574684027422116,0.7184968685534026,0.3563986236735482,0.0536635629177116,0.9816686515152288,middle,BCJ Cutting,2014,15496147.0696,6.334920849073798,0.06298520924427105
2014,BE Hendricks,Punjab Kings,0,6,8.0,1,16.67,0,0.0,0.025661740602515,0.2991194083118831,0.2494000505371278,0.0169521323998173,-0.129373327064559,0.7986317615329582,middle,BE Hendricks,2014,34866330.9066,2.290552922452135,0.02277391597194423
2014,BW Hilfenhaus,Chennai Super Kings,2,24,12.5,7,29.17,7,29.17,0.1281635251043781,0.4865489333754047,0.3901516161925151,0.4130182984180066,-0.1625520338696033,0.7654530547279139,middle,BW Hilfenhaus,2014,19370183.837,3.951707744073044,0.0392900156233266
2014,CJ Anderson,Mumbai Indians,0,30,9.8,4,13.33,6,20.0,0.025661740602515,0.3740912183372917,0.2117912321940084,0.288509325418802,-0.2549448591916188,0.6730602294058985,middle,CJ Anderson,2014,87165827.2665,0.7721606626276721,0.007677238921289692
2014,DJG Sammy,Sunrisers Hyderabad,2,66,11.91,15,22.73,18,27.27,0.1281635251043781,0.4619748400892985,0.3176364095668596,0.3872203650812029,-0.1594877345610543,0.7685173540364629,middle,DJG Sammy,2014,67795643.4295,1.1335792613807647,0.011270658098825747
2014,DR Smith,Chennai Super Kings,4,54,10.22,13,24.07,12,22.22,0.2306653096062412,0.3915846406765537,0.3327249774051171,0.3186521738439093,0.068817310320872,0.9968223989183892,middle,DR Smith,2014,87165827.2665,1.1435931146167106,0.011370221243564911
2014,DS Kulkarni,Rajasthan Royals,1,36,9.0,9,25.0,7,19.44,0.0769126328534465,0.3407704138815545,0.3431968938898779,0.2809057240142705,-0.1104694584609645,0.8175356301365527,middle,DS Kulkarni,2014,21307202.2207,3.8368980669940553,0.03814851572042813
2014,HV Patel,Royal Challengers Bengaluru,1,36,10.5,11,30.56,9,25.0,0.0769126328534465,0.4032469222360618,0.4058031902933942,0.3563986236735482,-0.156767356155371,0.7712377324421462,middle,HV Patel,2014,7748073.5348,9.953928921533578,0.09896734479595863
2014,I Sharma,Sunrisers Hyderabad,1,42,9.43,15,35.71,8,19.05,0.0769126328534465,0.3586803462765133,0.4637928353434138,0.2756103587504003,-0.0875595488880967,0.8404455397094205,middle,I Sharma,2014,50362477.9762,1.668793064762606,0.01659204319574548
2014,IC Pandey,Chennai Super Kings,2,72,7.42,25,34.72,12,16.67,0.1281635251043781,0.2749618250814736,0.4526453113435071,0.2432950527811411,0.0594104104382121,0.9874154990357294,middle,IC Pandey,2014,29055275.7555,3.398403468426271,0.033788765267143056
2014,IK Pathan,Sunrisers Hyderabad,1,84,8.79,23,27.38,15,17.86,0.0769126328534465,0.3320237027119235,0.3699959919906637,0.2594527057657706,-0.091141756445324,0.8368633321521932,middle,IK Pathan,2014,46488441.2088,1.800153565901409,0.017898100342753007
2014,Iqbal Abdulla,Rajasthan Royals,0,6,9.0,1,16.67,1,16.67,0.025661740602515,0.3407704138815545,0.2494000505371278,0.2432950527811411,-0.207962715596561,0.7200423730009563,middle,Iqbal Abdulla,2014,12590619.49405,5.718879625750184,0.05686019422379016
2014,JD Unadkat,Delhi Capitals,3,54,7.44,16,29.63,7,12.96,0.1794144173553096,0.275794845192867,0.3953312738086333,0.1929211934761194,0.1285008933260369,1.0565059819235545,middle,JD Unadkat,2014,54236514.7436,1.9479606809510632,0.01936767862020783
2014,JDS Neesham,Delhi Capitals,1,36,9.33,10,27.78,7,19.44,0.0769126328534465,0.3545152457195462,0.374500042091636,0.2809057240142705,-0.1120743794708304,0.8159307091266869,middle,JDS Neesham,2014,19370183.837,4.212302350833321,0.04188098814307392
2014,JH Kallis,Kolkata Knight Riders,2,84,8.86,21,25.0,16,19.05,0.1281635251043781,0.3349392731018005,0.3431968938898779,0.2756103587504003,-0.0278691344079899,0.9001359541895273,middle,JH Kallis,2014,106536011.1035,0.8449123867750624,0.008400575909623939
2014,JJ Bumrah,Mumbai Indians,2,54,7.56,21,38.89,9,16.67,0.1281635251043781,0.2807929658612276,0.4996000336461443,0.2432950527811411,0.0688319145052001,0.9968370031027174,middle,JJ Bumrah,2014,23244220.6044,4.288537009126569,0.042638954346387696
2014,JO Holder,Sunrisers Hyderabad,0,6,14.0,0,0.0,2,33.33,0.025661740602515,0.549025441729912,0.0616937625791033,0.4695021945659553,-0.4761200526196171,0.4518850359779002,middle,JO Holder,2014,14527637.87775,3.110519685171881,0.030926468995681165
2014,JP Duminy,Delhi Capitals,3,120,7.5,31,25.83,13,10.83,0.1794144173553096,0.2782939055270474,0.3525427978493956,0.1640003524195975,0.1194492704822257,1.0474543590797432,middle,JP Duminy,2014,42614404.4414,2.457981926088209,0.02443858567797848
2014,JW Hastings,Chennai Super Kings,1,6,3.0,4,66.67,0,0.0,0.0769126328534465,0.0908643804635258,0.8124063131586771,0.0169521323998173,0.2830089123769888,1.211014000974506,middle,JW Hastings,2014,9685091.9185,12.503897858328894,0.12432051508441244
2014,K Santokie,Mumbai Indians,1,12,7.0,6,50.0,2,16.67,0.0769126328534465,0.2574684027422116,0.6247000252006525,0.2432950527811411,0.048145224090368,0.9761503126878852,middle,K Santokie,2014,5811055.151099999,16.798159496096087,0.16701638678483907
2014,KK Cooper,Rajasthan Royals,1,30,10.2,8,26.67,6,20.0,0.0769126328534465,0.3907516205651603,0.3620013030614377,0.288509325418802,-0.1463338213372875,0.7816712672602297,middle,KK Cooper,2014,5811055.151099999,13.451451533931214,0.13374160619981543
2014,KV Sharma,Sunrisers Hyderabad,11,210,8.34,74,35.24,34,16.19,0.5894215553627621,0.3132807502055714,0.4585005764747712,0.2367776801486854,0.7237023697923801,1.6517074583898974,middle,KV Sharma,2014,72638189.38875,2.273883025291527,0.022608174838667897
2014,KW Richardson,Rajasthan Royals,1,30,7.0,11,36.67,3,10.0,0.0769126328534465,0.2574684027422116,0.4746025555857475,0.1527307289093096,0.0212288479802628,0.94923393657778,middle,KW Richardson,2014,19370183.837,4.900490075703871,0.04872332270146826
2014,L Balaji,Punjab Kings,4,84,7.79,30,35.71,10,11.9,0.2306653096062412,0.2903726971422521,0.4637928353434138,0.1785286622461132,0.2171319248493616,1.1451370134468788,middle,L Balaji,2014,34866330.9066,3.28436340638903,0.03265491729322631
2014,LR Shukla,Delhi Capitals,1,48,8.63,21,43.75,11,22.92,0.0769126328534465,0.3253595418207761,0.554324242372959,0.3281566755995738,-0.0442527465844781,0.8837523420130391,middle,LR Shukla,2014,29055275.7555,3.041624348878361,0.030241474301069278
2014,M de Lange,Mumbai Indians,1,12,6.0,4,33.33,1,8.33,0.0769126328534465,0.2158173971725402,0.436993737242628,0.1300557032922244,0.0478020120564811,0.9758071006539984,middle,M de Lange,2014,5811055.151099999,16.792253304794116,0.16695766423662511
2014,M Morkel,Kolkata Knight Riders,5,78,8.62,30,38.46,16,20.51,0.2819162018571728,0.3249430317650794,0.494758179787599,0.2954340338407861,0.2522605245418181,1.1802656131393354,middle,M Morkel,2014,54236514.7436,2.176145754790796,0.021636418035368213
2014,M Muralitharan,Royal Challengers Bengaluru,2,48,7.63,13,27.08,5,10.42,0.1281635251043781,0.2837085362511046,0.3666179544149344,0.1584334299627083,0.043577158987622,0.9715822475851392,middle,M Muralitharan,2014,19370183.837,5.015864876456513,0.04987044136957028
2014,M Vijay,Delhi Capitals,0,6,13.0,2,33.33,3,50.0,0.025661740602515,0.5073744361602405,0.436993737242628,0.695845114947279,-0.3754778398410873,0.55252724875643,middle,M Vijay,2014,96850919.185,0.5704925192305287,0.005672145169940004
2014,MC Henriques,Sunrisers Hyderabad,0,24,6.5,6,25.0,2,8.33,0.025661740602515,0.2366428999573759,0.3431968938898779,0.1300557032922244,-0.0738737815536097,0.8541313070439075,middle,MC Henriques,2014,19370183.837,4.409515749728646,0.04384179041529364
2014,MG Johnson,Punjab Kings,2,66,8.0,27,40.91,10,15.15,0.1281635251043781,0.2991194083118831,0.5223454866560548,0.2226567061116982,0.0651220657815374,0.9931271543790549,middle,MG Johnson,2014,125906194.9405,0.7887833913560655,0.007842511080502492
2014,MK Tiwary,Delhi Capitals,0,6,11.0,3,50.0,2,33.33,0.025661740602515,0.4240724250208975,0.6247000252006525,0.4695021945659553,-0.2072557604659408,0.7207493281315764,middle,MK Tiwary,2014,54236514.7436,1.3289005230864803,0.01321264771976761
2014,MM Sharma,Chennai Super Kings,4,78,5.77,29,37.18,4,5.13,0.2306653096062412,0.2062376658915157,0.4803452194644873,0.0866065524091868,0.307790087053658,1.2357951756511754,middle,MM Sharma,2014,38740367.674,3.18994178385292,0.03171612645521766
2014,Mohammed Shami,Delhi Capitals,3,66,6.18,26,39.39,5,7.58,0.1794144173553096,0.223314578175081,0.5052300962723598,0.1198723085540125,0.2180645306638051,1.1460696192613224,middle,Mohammed Shami,2014,82323281.30725,1.3921573594520835,0.01384158139858392
2014,P Negi,Chennai Super Kings,0,30,12.0,5,16.67,8,26.67,0.025661740602515,0.465723430590569,0.2494000505371278,0.3790736492906335,-0.335080848265671,0.5929242403318462,middle,P Negi,2014,1937018.3837,30.61015038996536,0.3043426702943661
2014,P Suyal,Mumbai Indians,1,6,1.0,5,83.33,0,0.0,0.0769126328534465,0.0075623693241828,0.9999999998641772,0.0169521323998173,0.4059286273001132,1.3339337158976303,middle,P Suyal,2014,1937018.3837,68.86531006224185,0.6846961575812069
2014,Parvez Rasool,Sunrisers Hyderabad,1,36,9.17,9,25.0,6,16.67,0.0769126328534465,0.3478510848283987,0.3431968938898779,0.2432950527811411,-0.108611860971814,0.8193932276257033,middle,Parvez Rasool,2014,18401674.64515,4.452818797346062,0.04427233273461817
2014,PJ Cummins,Kolkata Knight Riders,0,6,9.0,1,16.67,1,16.67,0.025661740602515,0.3407704138815545,0.2494000505371278,0.2432950527811411,-0.207962715596561,0.7200423730009563,middle,PJ Cummins,2014,19370183.837,3.71727175673762,0.0369591262454636
2014,PP Ojha,Mumbai Indians,1,162,8.85,48,29.63,24,14.81,0.0769126328534465,0.3345227630461038,0.3953312738086333,0.2180402338303755,-0.0772579257801983,0.8507471628173189,middle,PP Ojha,2014,62953097.47025,1.3513984172412803,0.013436333951159549
2014,PV Tambe,Rajasthan Royals,14,240,7.18,70,29.17,25,10.42,0.7431742321155568,0.2649655837447525,0.3901516161925151,0.1584334299627083,0.988147680042746,1.9161527686402635,middle,PV Tambe,2014,1937018.3837,98.92279726226036,0.9835439515401415
2014,R Bhatia,Rajasthan Royals,11,204,7.65,49,24.02,22,10.78,0.5894215553627621,0.2845415563624981,0.3321619711424955,0.16332145943705,0.7234833874094833,1.6514884760070003,middle,R Bhatia,2014,32929312.5229,5.015253430688866,0.04986436204505553
2014,R Dhawan,Punjab Kings,10,204,7.0,67,32.84,20,9.8,0.5381706631118305,0.2574684027422116,0.4314762758689369,0.1500151569791198,0.7007211238388336,1.6287262124363509,middle,R Dhawan,2014,58110551.511,2.8028063236124034,0.02786701633213046
2014,R Rampaul,Royal Challengers Bengaluru,0,6,6.0,3,50.0,1,16.67,0.025661740602515,0.2158173971725402,0.6247000252006525,0.2432950527811411,0.0045896901697078,0.9325947787672252,middle,R Rampaul,2014,17433165.4533,5.349543554011818,0.05318805524776819
2014,R Shukla,Delhi Capitals,0,18,10.0,3,16.67,3,16.67,0.025661740602515,0.382421419451226,0.2494000505371278,0.2432950527811411,-0.2412835200522982,0.686721568545219,middle,R Shukla,2014,7748073.5348,8.863126627036397,0.08812199843727747
2014,R Tewatia,Rajasthan Royals,2,42,7.71,14,33.33,6,14.29,0.1281635251043781,0.2870406166966783,0.436993737242628,0.2109797468118819,0.0515149661096365,0.9795200547071538,middle,R Tewatia,2014,1937018.3837,50.56844390067798,0.5027788185715152
2014,RG Sharma,Mumbai Indians,1,18,8.67,4,22.22,3,16.67,0.0769126328534465,0.3270255820435629,0.3118937456881198,0.2432950527811411,-0.1013424032044728,0.8266626853930445,middle,RG Sharma,2014,36803349.2903,2.246161562287273,0.022332553060672746
2014,RN ten Doeschate,Kolkata Knight Riders,1,30,7.0,13,43.33,4,13.33,0.0769126328534465,0.2574684027422116,0.549594989766938,0.1979450015469706,0.0346837237070877,0.962688812304605,middle,RN ten Doeschate,2014,19370183.837,4.969951862128036,0.04941394934963649
2014,S Badree,Chennai Super Kings,1,18,9.67,4,22.22,3,16.67,0.0769126328534465,0.3686765876132344,0.3118937456881198,0.2432950527811411,-0.13466320766021,0.7933418809373073,middle,S Badree,2014,5811055.151099999,13.652286208075864,0.13573841314908539
2014,S Gopal,Mumbai Indians,5,72,8.17,24,33.33,10,13.89,0.2819162018571728,0.3062000792587273,0.436993737242628,0.2055486029515022,0.2679026399612653,1.1959077285587827,middle,S Gopal,2014,1937018.3837,61.73961685765816,0.6138486618991098
2014,S Kaul,Delhi Capitals,1,30,12.6,5,16.67,9,30.0,0.0769126328534465,0.4907140339323718,0.2494000505371278,0.4242879219282944,-0.2872398470902481,0.6407652415072691,middle,S Kaul,2014,8716582.72665,7.351106065318458,0.0730886722552513
2014,S Nadeem,Delhi Capitals,5,150,8.12,43,28.67,18,12.0,0.2819162018571728,0.3041175289802437,0.3845215535662997,0.1798864482112081,0.2589594560292125,1.1869645446267298,middle,S Nadeem,2014,16464656.261449998,7.209166871013663,0.07167743601943347
2014,S Rana,Royal Challengers Bengaluru,0,12,8.0,3,25.0,2,16.67,0.025661740602515,0.2991194083118831,0.3431968938898779,0.2432950527811411,-0.1465028581349988,0.7815022304625185,middle,S Rana,2014,3874036.7674,20.172813976337444,0.20056902676710422
2014,Sandeep Sharma,Punjab Kings,0,12,10.0,2,16.67,2,16.67,0.025661740602515,0.382421419451226,0.2494000505371278,0.2432950527811411,-0.2412835200522982,0.686721568545219,middle,Sandeep Sharma,2014,16464656.261449998,4.1708831186053645,0.04146917573518941
2014,Sandeep Sharma,Punjab Kings,0,12,10.0,2,16.67,2,16.67,0.025661740602515,0.382421419451226,0.2494000505371278,0.2432950527811411,-0.2412835200522982,0.686721568545219,middle,Sandeep Sharma,2014,1937018.3837,35.45250650814559,0.3524879937491099
2014,SB Jakati,Royal Challengers Bengaluru,0,6,4.0,2,33.33,0,0.0,0.025661740602515,0.1325153860331972,0.436993737242628,0.0169521323998173,0.0601879967700396,0.9881930853675568,middle,SB Jakati,2014,3874036.7674,25.508097746598505,0.25361530353259654
2014,Shakib Al Hasan,Kolkata Knight Riders,6,180,6.77,57,31.67,16,8.89,0.3331670941081043,0.2478886714611871,0.4183019293235926,0.137659304696756,0.3993984218509332,1.3274035104484505,middle,Shakib Al Hasan,2014,54236514.7436,2.447435121382106,0.024333723641482875
2014,TG Southee,Rajasthan Royals,0,6,12.0,1,16.67,2,33.33,0.025661740602515,0.465723430590569,0.2494000505371278,0.4695021945659553,-0.3531665573207354,0.5748385312767819,middle,TG Southee,2014,23244220.6044,2.47303852884604,0.02458828656577229
2014,UT Yadav,Kolkata Knight Riders,3,72,8.67,22,30.56,13,18.06,0.1794144173553096,0.3270255820435629,0.4058031902933942,0.2621682776959604,0.0768084619469403,1.0048135505444575,middle,UT Yadav,2014,50362477.9762,1.995163047813704,0.019836990080366473
2014,V Shankar,Chennai Super Kings,0,6,19.0,1,16.67,3,50.0,0.025661740602515,0.7572804695782692,0.2494000505371278,0.695845114947279,-0.6316807725871603,0.296324316010357,middle,V Shankar,2014,1937018.3837,15.297960954006667,0.15210060151575122
2014,VR Aaron,Royal Challengers Bengaluru,5,66,8.18,27,40.91,14,21.21,0.2819162018571728,0.3066165893144239,0.5223454866560548,0.3049385355964505,0.2732969702117463,1.2013020588092638,middle,VR Aaron,2014,38740367.674,3.100905156394526,0.030830876150678956
2014,VS Malik,Rajasthan Royals,1,6,5.0,1,16.67,0,0.0,0.0769126328534465,0.1741663916028687,0.2494000505371278,0.0169521323998173,0.0474654246790497,0.9754705132765672,middle,VS Malik,2014,3874036.7674,25.17969167162136,0.2503501127208519
2014,WD Parnell,Delhi Capitals,1,54,7.44,18,33.33,8,14.81,0.0769126328534465,0.275794845192867,0.436993737242628,0.2180402338303755,-0.0177768524674105,0.9102282361301068,middle,WD Parnell,2014,19370183.837,4.699120275727236,0.04672119524176058
2014,Y Venugopal Rao,Sunrisers Hyderabad,0,6,7.0,2,33.33,1,16.67,0.025661740602515,0.2574684027422116,0.436993737242628,0.2432950527811411,-0.0850430006734366,0.8429620879240807,middle,Y Venugopal Rao,2014,10653601.11035,7.912461515995196,0.07866997174796017
2014,YK Pathan,Kolkata Knight Riders,0,6,10.0,1,16.67,1,16.67,0.025661740602515,0.382421419451226,0.2494000505371278,0.2432950527811411,-0.2412835200522982,0.686721568545219,middle,YK Pathan,2014,62953097.47025,1.0908463540967874,0.010845784423049535
2014,YS Chahal,Royal Challengers Bengaluru,11,294,7.1,109,37.07,33,11.22,0.5894215553627621,0.2616335032991788,0.4791066056867199,0.1692957176834677,0.7846983685741226,1.71270345717164,middle,YS Chahal,2014,1937018.3837,88.41957678791441,0.8791152530486499
2014,Yuvraj Singh,Royal Challengers Bengaluru,5,106,8.55,26,24.53,16,15.09,0.2819162018571728,0.3220274613752024,0.3379046350212354,0.2218420345326412,0.2222553172854396,1.1502604058829569,middle,Yuvraj Singh,2014,271182573.718,0.4241645730079622,0.004217273588954063
2014,Z Khan,Mumbai Indians,0,18,8.33,7,38.89,3,16.67,0.025661740602515,0.3128642401498747,0.4996000336461443,0.2432950527811411,-0.1105777816785122,0.8174273069190051,middle,Z Khan,2014,50362477.9762,1.6230879411956258,0.01613761813819762
2015,A Mishra,Delhi Capitals,9,198,7.48,64,32.32,22,11.11,0.4895390121401238,0.2780158315247314,0.4277772905718594,0.1745295619526471,0.6053231277714292,1.5333282163689463,middle,A Mishra,2015,61093668.0445,2.5097989127974536,0.024953778184411544
2015,AD Mathews,Delhi Capitals,1,90,7.53,27,30.0,12,13.33,0.0691066555836682,0.2800727112135696,0.4009569760554395,0.2037553857308174,-0.0408621699248849,0.8871429186726323,middle,AD Mathews,2015,130915002.9525,0.677648014868483,0.006737543061283335
2015,CH Morris,Rajasthan Royals,3,42,4.86,23,54.76,4,9.52,0.1742147447227821,0.1702353358296126,0.6871944706358515,0.1535975530304441,0.3005726790051497,1.228577767602667,middle,CH Morris,2015,24437467.2178,5.027434949182392,0.04998547729014022
2015,D Wiese,Royal Challengers Bengaluru,3,126,8.81,27,21.43,23,18.25,0.1742147447227821,0.3327288312478261,0.3018836590702162,0.2685261303202759,0.031998923742922,0.9600040123404392,middle,D Wiese,2015,48874934.4356,1.9642052177182716,0.019529190590402132
2015,DJ Muthuswami,Delhi Capitals,0,6,8.0,4,66.67,2,33.33,0.0165526110141113,0.2994073802886481,0.8248797921404034,0.4670510954440631,-0.0606432691564431,0.8673618194410742,middle,DJ Muthuswami,2015,13091500.29525,6.62538135339446,0.06587312467016121
2015,DJG Sammy,Royal Challengers Bengaluru,0,12,9.0,1,8.33,2,16.67,0.0165526110141113,0.340544974065411,0.150441365895604,0.2477257692529295,-0.2520198068130665,0.6759852817844507,middle,DJG Sammy,2015,48874934.4356,1.3830919459854456,0.013751448154983015
2015,GB Hogg,Kolkata Knight Riders,2,54,7.56,21,38.89,9,16.67,0.1216607001532252,0.2813068390268724,0.5037296467670657,0.2477257692529295,0.0590193191878736,0.9870244077853908,middle,GB Hogg,2015,8727666.863499999,11.309143935285023,0.11244162541378078
2015,GS Sandhu,Delhi Capitals,0,18,9.67,2,11.11,3,16.67,0.0165526110141113,0.3681071618958421,0.1825795013937278,0.2477257692529295,-0.2644281164279743,0.663576972169543,middle,GS Sandhu,2015,29674067.3359,2.236218461925308,0.022233693379272508
2015,HH Pandya,Mumbai Indians,1,84,9.64,25,29.76,19,22.62,0.0691066555836682,0.3668730340825392,0.3981824607606375,0.3260562428926201,-0.1355949542408618,0.7924101343566554,middle,HH Pandya,2015,1745533.3727,45.396447111804655,0.4513560292867032
2015,J Suchith,Mumbai Indians,8,162,8.41,49,30.25,26,16.05,0.4369849675705669,0.3162737937371209,0.4038470961541917,0.2395636022518188,0.4756998247620473,1.4037049133595647,middle,J Suchith,2015,1745533.3727,80.41696224852504,0.7995489311839687
2015,J Theron,Rajasthan Royals,0,6,4.0,2,33.33,0,0.0,0.0165526110141113,0.1348570051815965,0.439453375770818,0.0282687952069391,0.0431255660657472,0.9711306546632644,middle,J Theron,2015,5236600.1181,18.54506039723386,0.18438502033347376
2015,JD Unadkat,Delhi Capitals,0,6,15.0,1,16.67,2,33.33,0.0165526110141113,0.5873705367259884,0.2468557723899754,0.4670510954440631,-0.4644210002314438,0.4635840883660735,middle,JD Unadkat,2015,19200867.0997,2.414391422840048,0.024005185319306295
2015,KC Cariappa,Kolkata Knight Riders,1,6,16.0,1,16.67,3,50.0,0.0691066555836682,0.6285081305027512,0.2468557723899754,0.6865080694900534,-0.4623914032077166,0.4656136853898006,middle,KC Cariappa,2015,41892800.9448,1.1114408081792286,0.011050545623790306
2015,M Vijay,Punjab Kings,0,18,7.67,3,16.67,2,11.11,0.0165526110141113,0.2858319743423164,0.2468557723899754,0.1745295619526471,-0.164685843626223,0.7633192449712943,middle,M Vijay,2015,52366001.181,1.4576618946574251,0.014492862914904741
2015,MJ McClenaghan,Mumbai Indians,5,66,8.73,21,31.82,12,18.18,0.279322833861896,0.329437823745685,0.4219970503743551,0.2676045953362795,0.2285121878413466,1.156517276438864,middle,MJ McClenaghan,2015,5236600.1181,22.08527002933507,0.21958369917396464
2015,P Kumar,Sunrisers Hyderabad,1,72,8.33,18,25.0,9,12.5,0.0691066555836682,0.3129827862349799,0.3431545740803967,0.1928286137777177,-0.0823455961439061,0.8456594924536112,middle,P Kumar,2015,38401734.1994,2.20213880983225,0.021894855046609353
2015,PP Ojha,Mumbai Indians,0,6,12.0,0,0.0,1,16.67,0.0165526110141113,0.4639577553956996,0.0541425642051826,0.2477257692529295,-0.3796396723844238,0.5483654162130935,middle,PP Ojha,2015,8727666.863499999,6.283069974936993,0.06246967981070558
2015,RS Bopara,Sunrisers Hyderabad,6,90,8.07,29,32.22,17,18.89,0.3318768784314529,0.3022870118530215,0.4266212425323585,0.2769515930310997,0.3285817623182498,1.2565868509157672,middle,RS Bopara,2015,17455333.726999998,7.198870388665628,0.0715750628232055
2015,SA Abbott,Royal Challengers Bengaluru,0,12,9.5,4,33.33,3,25.0,0.0165526110141113,0.3611137709537924,0.439453375770818,0.3573884323484962,-0.2037037739803208,0.7243013146171964,middle,SA Abbott,2015,17455333.726999998,4.149455552928464,0.04125613128839853
2015,Yuvraj Singh,Delhi Capitals,1,42,8.14,7,16.67,4,9.52,0.0691066555836682,0.3051666434173949,0.2468557723899754,0.1535975530304441,-0.0971361102475098,0.8308689783500075,middle,Yuvraj Singh,2015,279285339.632,0.2974982429957838,0.0029578884300712357
2015,Z Khan,Delhi Capitals,0,6,8.0,1,16.67,1,16.67,0.0165526110141113,0.2994073802886481,0.2468557723899754,0.2477257692529295,-0.1901854098433448,0.7378196787541724,middle,Z Khan,2015,69821334.90799999,1.056725254145255,0.010506533993360873
2016,A Mishra,Delhi Capitals,10,216,7.83,72,33.33,31,14.35,0.5666808672906736,0.2923034712433083,0.4871021484911594,0.2223548978495232,0.7178381889188069,1.6458432775163243,middle,A Mishra,2016,1636386.3998999998,100.57791225940905,0.9999999999900574
2016,A Nehra,Sunrisers Hyderabad,2,30,7.2,12,40.0,5,16.67,0.125234870561244,0.2623286573048948,0.5812228723063042,0.2583035642614322,0.100695528837555,1.0287006174350724,middle,A Nehra,2016,90001251.9945,1.1429847859204632,0.011364172910659845
2016,A Zampa,Lucknow Super Giants,7,66,6.45,19,28.79,5,7.58,0.4011386185171375,0.2266443549972596,0.4230379676634597,0.1174529704320129,0.5238132399905339,1.4518183285880513,middle,A Zampa,2016,4909159.1997,29.573665663088956,0.29403737856994844
2016,BCJ Cutting,Sunrisers Hyderabad,4,43,5.44,17,39.53,2,4.65,0.2355963697436014,0.1785894945563109,0.5745906773748022,0.0720522839721451,0.3684897053883649,1.2964947939858822,middle,BCJ Cutting,2016,8181931.9995,15.845827049957288,0.1575477825482241
2016,CH Morris,Delhi Capitals,2,48,6.13,16,33.33,4,8.33,0.125234870561244,0.2114190526793353,0.4871021484911594,0.1290743065565525,0.1390328469344351,1.0670379355319524,middle,CH Morris,2016,114547047.993,0.9315280962955584,0.009261756138700844
2016,CR Brathwaite,Delhi Capitals,7,102,8.53,29,28.43,16,15.69,0.4011386185171375,0.3256088200637678,0.4179579885669901,0.2431183517253672,0.4179845979497156,1.345989686547233,middle,CR Brathwaite,2016,68728228.7958,1.95842335839373,0.019471704217951174
2016,DL Chahar,Lucknow Super Giants,0,6,7.0,2,33.33,1,16.67,0.0148733713788867,0.2528128433561921,0.4871021484911594,0.2583035642614322,-0.0854702859215622,0.842534802675955,middle,DL Chahar,2016,1636386.3998999998,51.48752169581968,0.5119167870825546
2016,DR Smith,Gujarat Titans,2,66,8.91,20,30.3,11,16.67,0.125234870561244,0.3436888665663029,0.4443456577625405,0.2583035642614322,-0.0054558029347005,0.9225492856628168,middle,DR Smith,2016,37636887.1977,2.451183810225395,0.02437099513339437
2016,DS Kulkarni,Gujarat Titans,1,60,8.9,20,33.33,11,18.33,0.0700541209700654,0.3432130758688678,0.4871021484911594,0.2840254548837463,-0.0801637256693975,0.8478413629281197,middle,DS Kulkarni,2016,32727727.998,2.5905903488929374,0.025757050337111474
2016,I Sharma,Lucknow Super Giants,1,12,12.0,1,8.33,4,33.33,0.0700541209700654,0.4907081920737597,0.1343258223474386,0.5164521773745371,-0.3504780609745855,0.5775270276229317,middle,I Sharma,2016,62182683.1962,0.9287586156433736,0.00923422046421782
2016,IK Pathan,Lucknow Super Giants,0,24,7.75,8,33.33,3,12.5,0.0148733713788867,0.2884971456638272,0.4871021484911594,0.1936889354089923,-0.1010948019971824,0.8269102866003348,middle,IK Pathan,2016,16363863.999,5.05327034403896,0.050242346758554685
2016,Iqbal Abdulla,Royal Challengers Bengaluru,3,102,8.41,20,19.61,13,12.75,0.1804156201524227,0.3198993316945461,0.2934985007034854,0.1975627141171722,0.0632409722606083,0.9912460608581256,middle,Iqbal Abdulla,2016,1636386.3998999998,60.57530549744859,0.6022724486526564
2016,JO Holder,Kolkata Knight Riders,0,42,9.57,12,28.57,9,21.43,0.0148733713788867,0.3750910525970219,0.419933535993395,0.3320603108651765,-0.2181947863843042,0.709810302213213,middle,JO Holder,2016,11454704.7993,6.196670404431458,0.06161064855261151
2016,JW Hastings,Kolkata Knight Riders,0,6,4.0,2,33.33,0,0.0,0.0148733713788867,0.1100756341256514,0.4871021484911594,0.0,0.0803801943151567,1.008385282912674,middle,JW Hastings,2016,21273023.1987,4.740206756199545,0.04712969925172582
2016,KC Cariappa,Punjab Kings,3,72,8.67,24,33.33,10,13.89,0.1804156201524227,0.3322698898278596,0.4871021484911594,0.2152271450264723,0.1078927339083997,1.035897822505917,middle,KC Cariappa,2016,13091091.1992,7.912998288249806,0.07867530862802206
2016,KH Pandya,Mumbai Indians,5,126,6.86,34,26.98,9,7.14,0.2907771193347801,0.2461517735921001,0.3974969616506543,0.1106351199056164,0.336366324642563,1.2643714132400805,middle,KH Pandya,2016,32727727.998,3.863303353405242,0.03841105135889734
2016,KJ Abbott,Punjab Kings,2,36,12.0,12,33.33,12,33.33,0.125234870561244,0.4907081920737597,0.4871021484911594,0.5164521773745371,-0.1618740387447013,0.766131049852816,middle,KJ Abbott,2016,34364114.3979,2.2294508771034547,0.02216640639080996
2016,KW Richardson,Royal Challengers Bengaluru,0,12,15.0,0,0.0,4,33.33,0.0148733713788867,0.6334454013043004,0.0167807504763508,0.5164521773745371,-0.5827024743071125,0.3453026142904047,middle,KW Richardson,2016,32727727.998,1.055076644218952,0.010490142621843493
2016,M Ashwin,Lucknow Super Giants,5,132,8.09,40,30.3,17,12.88,0.2907771193347801,0.3046740293766218,0.4443456577625405,0.1995770790454257,0.2858147370205497,1.213819825618067,middle,M Ashwin,2016,73637387.9955,1.6483743634310384,0.016389029423907575
2016,MM Sharma,Punjab Kings,0,72,8.5,20,27.78,13,18.06,0.0148733713788867,0.3241814479714624,0.4087858040872534,0.2798417738789121,-0.1703677148584462,0.757637373739071,middle,MM Sharma,2016,106365115.9935,0.7122987331536125,0.007082059242882077
2016,MM Sharma,Punjab Kings,0,72,8.5,20,27.78,13,18.06,0.0148733713788867,0.3241814479714624,0.4087858040872534,0.2798417738789121,-0.1703677148584462,0.757637373739071,middle,MM Sharma,2016,1636386.3998999998,46.299417654984815,0.460333850787335
2016,MM Sharma,Punjab Kings,0,72,8.5,20,27.78,13,18.06,0.0148733713788867,0.3241814479714624,0.4087858040872534,0.2798417738789121,-0.1703677148584462,0.757637373739071,middle,MM Sharma,2016,1636386.3998999998,46.299417654984815,0.460333850787335
2016,MP Stoinis,Punjab Kings,4,66,8.36,17,25.76,12,18.18,0.2355963697436014,0.3175203782073704,0.3802814769348408,0.2817011876588385,0.1571224575981903,1.0851275461957075,middle,MP Stoinis,2016,9000125.19945,12.056805012690493,0.1198752762084968
2016,MR Marsh,Lucknow Super Giants,1,18,7.0,4,22.22,2,11.11,0.0700541209700654,0.2528128433561921,0.3303283491528899,0.1721507257915124,-0.0325007336422911,0.8955043549552262,middle,MR Marsh,2016,78546547.1952,1.1400938512672785,0.011335429674812
2016,NLTC Perera,Lucknow Super Giants,1,54,10.78,10,18.52,15,27.78,0.0700541209700654,0.4326617269866732,0.2781174528836192,0.4304542900529446,-0.2437038222797437,0.6843012663177737,middle,NLTC Perera,2016,16363863.999,4.181782898950954,0.04157754724639525
2016,P Kumar,Gujarat Titans,0,12,14.0,3,25.0,4,33.33,0.0148733713788867,0.5858663315607869,0.3695570766200716,0.5164521773745371,-0.4388063206691854,0.4891987679283318,middle,P Kumar,2016,57273523.99649999,0.8541446968728987,0.008492368529796176
2016,P Negi,Delhi Capitals,1,30,8.2,7,23.33,4,13.33,0.0700541209700654,0.3099077270484083,0.3459916180336711,0.2065498807201494,-0.0803574909175571,0.8476475976799602,middle,P Negi,2016,139092843.9915,0.6094113639172984,0.006059097372586683
2016,P Sahu,Punjab Kings,3,87,8.55,19,21.84,13,14.94,0.1804156201524227,0.3265604014586381,0.3249661489955053,0.2314970156008276,0.0605655506402096,0.9885706392377268,middle,P Sahu,2016,1636386.3998999998,60.41180978393237,0.6006468858442645
2016,PJ Sangwan,Gujarat Titans,0,6,12.0,1,16.67,2,33.33,0.0148733713788867,0.4907081920737597,0.2520120047489839,0.5164521773745371,-0.39794333064089,0.5300617579566274,middle,PJ Sangwan,2016,3272772.7998,16.19610618827618,0.16103044718548534
2016,PV Tambe,Gujarat Titans,4,72,9.08,18,25.0,12,16.67,0.2355963697436014,0.3517773084227003,0.3695570766200716,0.2583035642614322,0.1311791180109769,1.0591842066084942,middle,PV Tambe,2016,3272772.7998,32.36351165816403,0.32177553630632905
2016,R Bhatia,Lucknow Super Giants,5,162,7.15,42,25.93,16,9.88,0.2907771193347801,0.2599497038177191,0.382680355952618,0.1530917345472676,0.3123916758243267,1.240396764421844,middle,R Bhatia,2016,9818318.3994,12.633495003560336,0.12560903999329998
2016,R Sathish,Kolkata Knight Riders,1,36,9.83,8,22.22,6,16.67,0.0700541209700654,0.3874616107303354,0.3303283491528899,0.2583035642614322,-0.1574503152355897,0.7705547733619276,middle,R Sathish,2016,3272772.7998,23.544401658710203,0.23409117498632048
2016,S Ladda,Gujarat Titans,0,6,14.0,1,16.67,2,33.33,0.0148733713788867,0.5858663315607869,0.2520120047489839,0.5164521773745371,-0.4740698422305118,0.4539352463670055,middle,S Ladda,2016,1636386.3998999998,27.740101384046312,0.2758070908473786
2016,Sachin Baby,Royal Challengers Bengaluru,0,6,4.0,2,33.33,0,0.0,0.0148733713788867,0.1100756341256514,0.4871021484911594,0.0,0.0803801943151567,1.008385282912674,middle,Sachin Baby,2016,1636386.3998999998,61.62268783059409,0.6126860902724356
2016,SB Jakati,Gujarat Titans,1,90,8.87,23,25.56,14,15.56,0.0700541209700654,0.3417857037765623,0.377459266325691,0.2411039867971137,-0.1033303990278672,0.8246746895696501,middle,SB Jakati,2016,3272772.7998,25.19804276117322,0.250532569178134
2016,SM Boland,Lucknow Super Giants,0,6,10.0,0,0.0,1,16.67,0.0148733713788867,0.3955500525867327,0.0167807504763508,0.2583035642614322,-0.3407564727104373,0.58724861588708,middle,SM Boland,2016,8181931.9995,7.1773832381272165,0.07136142595149575
2016,SR Watson,Royal Challengers Bengaluru,6,114,7.26,40,35.09,16,14.04,0.3459578689259588,0.2651834014895056,0.5119376018516774,0.2175514122513802,0.4168610803025609,1.3448661689000785,middle,SR Watson,2016,155456707.9905,0.8651065536408139,0.008601357238366041
2016,STR Binny,Royal Challengers Bengaluru,0,24,8.0,4,16.67,4,16.67,0.0148733713788867,0.3003919130997056,0.2520120047489839,0.2583035642614322,-0.1940605848390257,0.7339445037584915,middle,STR Binny,2016,32727727.998,2.2425770093278183,0.02229691349648917
2016,TG Southee,Mumbai Indians,4,72,7.08,25,34.72,7,9.72,0.2355963697436014,0.2566191689356731,0.5067165122247502,0.1506125161740324,0.2699916698994822,1.1979967584969995,middle,TG Southee,2016,40909659.9975,2.9283957837102763,0.029115694667913625
2016,Yuvraj Singh,Sunrisers Hyderabad,0,36,7.67,7,19.44,3,8.33,0.0148733713788867,0.2846908200843461,0.2910996216857081,0.1290743065565525,-0.1439275738047449,0.7840775147927723,middle,Yuvraj Singh,2016,114547047.993,0.6845025939391188,0.006805694993617031
2017,A Choudhary,Royal Challengers Bengaluru,0,29,11.59,7,24.14,8,27.59,0.0,0.4073866049932793,0.3716431329416744,0.3542007382281998,-0.2852564917577611,0.6427485968397562,middle,A Choudhary,2017,31196004.192,2.060355527855021,0.020485168975475428
2017,AD Mathews,Delhi Capitals,0,18,9.67,2,11.11,3,16.67,0.0,0.3449340270783864,0.2196717020541661,0.2345884117713373,-0.2569633934007267,0.6710416951967906,middle,AD Mathews,2017,31196004.192,2.1510501507397364,0.021386903967248724
2017,BA Stokes,Lucknow Super Giants,3,108,7.72,37,34.26,17,15.74,0.173426776967677,0.2815056276335733,0.4896746663708058,0.2244016477049562,0.1369577337149074,1.0649628223124248,middle,BA Stokes,2017,226171030.392,0.4708661495977753,0.004681605921374096
2017,Basil Thampi,Gujarat Titans,2,72,8.0,18,25.0,10,13.89,0.1156178513117846,0.2906132952461618,0.38167348064415,0.2041376546696819,0.0146106540300561,0.9426157426275734,middle,Basil Thampi,2017,13258301.7816,7.109626543089739,0.07068775224407133
2017,CJ Anderson,Delhi Capitals,2,84,9.0,15,17.86,13,15.48,0.1156178513117846,0.3231406795768352,0.2983982683235967,0.221553735170269,-0.0398770332307659,0.8881280553667513,middle,CJ Anderson,2017,15598002.096,5.693857776788641,0.05661141346866016
2017,CR Woakes,Kolkata Knight Riders,5,84,7.29,30,35.71,13,15.48,0.2890446282794616,0.2675188523713837,0.5065862991249799,0.221553735170269,0.3272170032255256,1.2552220918230428,middle,CR Woakes,2017,65511608.80320001,1.9160300208681944,0.01905020672836545
2017,DT Christian,Lucknow Super Giants,8,150,6.8,44,29.33,13,8.67,0.4624714052471387,0.2515804340493537,0.4321751150066143,0.1469603337809619,0.5927032283770168,1.520708316974534,middle,DT Christian,2017,15598002.096,9.74937884746476,0.09693359733121497
2017,JD Unadkat,Lucknow Super Giants,2,36,6.0,15,41.67,4,11.11,0.1156178513117846,0.225558526584815,0.5760989413421364,0.1736868975680264,0.1310722585888605,1.059077347186378,middle,JD Unadkat,2017,4679400.6288,22.63275644038991,0.22502710517385582
2017,K Rabada,Delhi Capitals,2,18,5.0,9,50.0,1,5.56,0.1156178513117846,0.1930311422541416,0.6732533557161152,0.1128949184622034,0.1983988861867575,1.126403974784275,middle,K Rabada,2017,77990010.48,1.444292631648169,0.014359938471467881
2017,KV Sharma,Mumbai Indians,7,106,6.91,44,41.51,12,11.32,0.4046624795912463,0.2551584463257278,0.5742328301416758,0.1759871346152737,0.5399393844457353,1.4679444730432527,middle,KV Sharma,2017,49913606.707200006,2.9409705486810727,0.02924071978215778
2017,LH Ferguson,Lucknow Super Giants,2,30,3.2,19,63.33,0,0.0,0.1156178513117846,0.1344818504589295,0.828723745104487,0.0519934042588925,0.3040597392801009,1.2320648278776185,middle,LH Ferguson,2017,7799001.048,15.797726148447854,0.1570695373706458
2017,MG Johnson,Mumbai Indians,1,42,6.29,18,42.86,5,11.9,0.0578089256558923,0.2349914680407103,0.5899781433955619,0.182340170269576,0.0392456230160235,0.9672507116135408,middle,MG Johnson,2017,31196004.192,3.1005596282795267,0.03082744072328507
2017,MJ Henry,Punjab Kings,0,6,27.0,0,0.0,4,66.67,0.0,0.9086335975289564,0.0900936055721847,0.7822638992111839,-0.8563315761937467,0.0716735124037706,middle,MJ Henry,2017,7799001.048,0.9190088828382807,0.009137283347648432
2017,MM Patel,Gujarat Titans,1,30,9.2,7,23.33,6,20.0,0.0578089256558923,0.3296461564429698,0.3621959449893427,0.2710635992348311,-0.1225574730207008,0.8054476155768164,middle,MM Patel,2017,4679400.6288,17.212623570197877,0.17113721276727437
2017,Mohammad Nabi,Sunrisers Hyderabad,1,30,4.8,15,50.0,2,6.67,0.0578089256558923,0.1865256653880069,0.6732533557161152,0.125053314283368,0.1144582000315938,1.0424632886291112,middle,Mohammad Nabi,2017,4679400.6288,22.27770971805942,0.22149703863786302
2017,MS Gony,Gujarat Titans,0,6,15.0,2,33.33,3,50.0,0.0,0.5183049855608756,0.4788278950181288,0.599668891698739,-0.3909293982830096,0.5370756903145076,middle,MS Gony,2017,9358801.2576,5.73872310706849,0.05705748884715566
2017,NM Coulter-Nile,Kolkata Knight Riders,6,54,5.89,24,44.44,5,9.26,0.346853553935354,0.2219805143084409,0.6084059915001101,0.1534229045327521,0.4945331359997609,1.4225382245972782,middle,NM Coulter-Nile,2017,54593007.336,2.605715079665928,0.025907428590478187
2017,P Negi,Royal Challengers Bengaluru,8,139,6.69,56,40.29,14,10.07,0.4624714052471387,0.2480024217729797,0.5600037322381639,0.1622952474292776,0.6308472406379179,1.5588523292354353,middle,P Negi,2017,15598002.096,9.99392306553922,0.09936498820599575
2017,PJ Cummins,Delhi Capitals,4,120,7.55,36,30.0,14,11.67,0.2312357026235693,0.2759759722973587,0.439989455658543,0.1798208630273527,0.2221054401895593,1.1501105287870763,middle,PJ Cummins,2017,70191009.43200001,1.6385439361736012,0.016291289999450394
2017,R Tewatia,Punjab Kings,3,48,5.63,18,37.5,3,6.25,0.173426776967677,0.2135233943824659,0.5274634181801325,0.1204528401888733,0.2234699073618078,1.1514749959593251,middle,R Tewatia,2017,3899500.524,29.528781670175896,0.2935911176374601
2017,RA Tripathi,Lucknow Super Giants,0,6,12.0,0,0.0,2,33.33,0.0,0.4207228325688554,0.0900936055721847,0.4170738841862942,-0.3929649612206877,0.5350401273768295,middle,RA Tripathi,2017,1559800.2096000002,34.30183712528394,0.34104741641954256
2017,Rashid Khan,Sunrisers Hyderabad,12,228,7.05,80,35.09,28,12.28,0.693707107870708,0.2597122801320221,0.4993551182231951,0.1865025039741188,0.9452968723725792,1.8733019609700965,middle,Rashid Khan,2017,62392008.384,3.0024710046847787,0.02985219057749974
2017,RD Chahar,Lucknow Super Giants,2,30,9.4,9,30.0,5,16.67,0.1156178513117846,0.3361516333091046,0.439989455658543,0.2345884117713373,-0.0104153753363112,0.917589713261206,middle,RD Chahar,2017,1559800.2096000002,58.82738748294664,0.5848937024128621
2017,SS Agarwal,Gujarat Titans,1,18,10.33,6,33.33,4,22.22,0.0578089256558923,0.3664021007366308,0.4788278950181288,0.2953803908771603,-0.1218360017754595,0.8061690868220577,middle,SS Agarwal,2017,1559800.2096000002,51.68412479113553,0.5138715213865122
2017,TS Mills,Royal Challengers Bengaluru,0,30,9.2,8,26.67,7,23.33,0.0,0.3296461564429698,0.4011510162989573,0.3075387866983248,-0.2048793776043537,0.7231257109931636,middle,TS Mills,2017,187176025.152,0.3863345801931284,0.0038411473405100998
2017,VR Aaron,Punjab Kings,4,60,8.1,26,43.33,11,18.33,0.2312357026235693,0.2938660336792291,0.5954598450469148,0.2527712379543402,0.239844432915177,1.1678495215126945,middle,VR Aaron,2017,43674405.8688,2.6739906319984525,0.026586261057747446
2018,A Dananjaya,Mumbai Indians,0,18,11.67,4,22.22,4,22.22,0.006215104255032,0.4344044376223769,0.3181968180316105,0.2938494122383571,-0.3015117307535416,0.6264933578439756,middle,A Dananjaya,2018,7461730.814999999,8.396086288513153,0.08347843079874848
2018,A Mishra,Delhi Capitals,9,180,7.1,54,30.0,17,9.44,0.4237924120248238,0.2379440277288672,0.4296086652091952,0.1279956312641755,0.5486168691640655,1.476621957761583,middle,A Mishra,2018,59693846.52,2.4736585826595228,0.02459445147613429
2018,AJ Tye,Punjab Kings,6,120,7.65,25,20.83,13,10.83,0.2845999761015599,0.2615880595541254,0.2982916165435845,0.1460345010258431,0.2779101012669462,1.2059151898644636,middle,AJ Tye,2018,107448923.736,1.1223148152022209,0.011158660882683712
2018,B Laughlin,Rajasthan Royals,3,49,8.08,15,30.61,8,16.33,0.145407540178296,0.2800733935266001,0.4383440414017822,0.2174113238238086,0.0820735431019368,1.010078631699454,middle,B Laughlin,2018,7461730.814999999,13.536787331820335,0.13459006085522898
2018,BA Stokes,Rajasthan Royals,3,108,7.56,32,29.63,13,12.04,0.145407540178296,0.2577190361645377,0.4243101583382818,0.1617374020413955,0.1068816484290192,1.0348867370265364,middle,BA Stokes,2018,186543270.375,0.554770340922054,0.005515826770053476
2018,Basil Thampi,Sunrisers Hyderabad,2,30,11.6,8,26.67,8,26.67,0.099010061537208,0.4313951972082531,0.3819221033709746,0.3515997506839838,-0.1523443845862948,0.7756607040112224,middle,Basil Thampi,2018,14177288.5485,5.471149870144173,0.05439713101201254
2018,BCJ Cutting,Mumbai Indians,2,66,8.64,21,31.82,14,21.21,0.099010061537208,0.3041473168395904,0.4556715908985531,0.2807420320518216,-0.0142496903066587,0.9137553982908586,middle,BCJ Cutting,2018,32831615.586,2.7831569722706564,0.027671651853984677
2018,C de Grandhomme,Royal Challengers Bengaluru,2,84,9.0,23,27.38,13,15.48,0.099010061537208,0.3196234103979412,0.3920895084475921,0.2063803603004867,-0.0308328555383606,0.8971722330591566,middle,C de Grandhomme,2018,32831615.586,2.7326472275148324,0.027169456654058
2018,CJ Jordan,Sunrisers Hyderabad,0,6,4.0,2,33.33,0,0.0,0.006215104255032,0.1046776665319569,0.4772952270474158,0.0054870481345765,0.067671681644292,0.9956767702418092,middle,CJ Jordan,2018,14923461.63,6.671888834693974,0.06633552720223107
2018,CR Brathwaite,Sunrisers Hyderabad,1,30,10.2,7,23.33,7,23.33,0.05261258289612,0.3712103889257774,0.3340923386443508,0.308254552839401,-0.1794726457710168,0.7485324428265004,middle,CR Brathwaite,2018,29846923.26,2.5079048728270847,0.024934946614658286
2018,CR Woakes,Royal Challengers Bengaluru,1,18,8.0,7,38.89,3,16.67,0.05261258289612,0.2766342616247443,0.55691603299952,0.2218237092331374,-0.0196784669023869,0.9083266216951305,middle,CR Woakes,2018,110433616.062,0.8225091725559133,0.0081778310373587
2018,DJM Short,Rajasthan Royals,1,18,7.67,7,38.89,3,16.67,0.05261258289612,0.2624478425295894,0.55691603299952,0.2218237092331374,-0.0083293316262629,0.9196757569712544,middle,DJM Short,2018,59693846.52,1.5406542057280956,0.015318017356923707
2018,DL Chahar,Chennai Super Kings,0,24,6.0,10,41.67,2,8.33,0.006215104255032,0.1906559640783506,0.5967264359755722,0.1135904906631315,0.0130977177799129,0.9411028063774304,middle,DL Chahar,2018,11938769.304,7.882745552861303,0.07837451957097567
2018,DS Kulkarni,Rajasthan Royals,2,23,12.26,8,34.78,7,30.43,0.099010061537208,0.459768035398563,0.4980596458658603,0.4003955422695019,-0.1499605507071807,0.7780445378903366,middle,DS Kulkarni,2018,11192596.222499998,6.9514214791941376,0.06911479193558939
2018,DT Christian,Delhi Capitals,3,48,6.75,16,33.33,5,10.42,0.145407540178296,0.2228978256582482,0.4772952270474158,0.1407136833263584,0.1548388811897984,1.0828439697873158,middle,DT Christian,2018,22385192.445,4.837322584774928,0.04809527734330459
2018,HV Patel,Delhi Capitals,3,48,10.13,13,27.08,10,20.83,0.145407540178296,0.3682011485116537,0.3877934217955002,0.2758105424766894,-0.0152736904985668,0.9127313980989504,middle,HV Patel,2018,2984692.326,30.580418294644367,0.30404705772245266
2018,Imran Tahir,Chennai Super Kings,6,96,9.19,33,34.38,19,19.79,0.2845999761015599,0.3277913486648486,0.4923315303297377,0.2623138341658014,0.2599035774862219,1.1879086660837392,middle,Imran Tahir,2018,14923461.63,7.960007507210908,0.07914269970728198
2018,JD Unadkat,Rajasthan Royals,3,120,7.85,40,33.33,18,15.0,0.145407540178296,0.2701858893087648,0.4772952270474158,0.200151110310846,0.1051209448724876,1.033126033470005,middle,JD Unadkat,2018,171619808.74499995,0.6019853075381687,0.00598526350377558
2018,JP Duminy,Mumbai Indians,0,6,8.0,1,16.67,1,16.67,0.006215104255032,0.2766342616247443,0.2387192149679095,0.2218237092331374,-0.1847337302735019,0.7432713583240154,middle,JP Duminy,2018,14923461.63,4.980555964507917,0.04951938107059353
2018,JPR Scantlebury-Searles,Kolkata Knight Riders,2,30,13.0,6,20.0,8,26.67,0.099010061537208,0.4915800054907287,0.2864057768061301,0.3515997506839838,-0.2291471291817287,0.6988579594157887,middle,JPR Scantlebury-Searles,2018,4477038.489,15.609826923151758,0.155201341649804
2018,K Gowtham,Rajasthan Royals,3,78,9.38,18,23.08,14,17.95,0.145407540178296,0.3359592869317561,0.3305122664342741,0.2384350425388457,0.0008105521445521,0.9288156407420696,middle,K Gowtham,2018,92525462.106,1.0038486915936609,0.00998080661084482
2018,K Khejroliya,Royal Challengers Bengaluru,2,36,8.83,9,25.0,5,13.89,0.099010061537208,0.3123152551064977,0.3580072210076626,0.1857459697098021,-0.0310841394190478,0.8969209491784694,middle,K Khejroliya,2018,12684942.3855,7.070753038687261,0.07030125083905281
2018,KH Pandya,Mumbai Indians,6,138,6.57,43,31.16,11,7.97,0.2845999761015599,0.2151597788790728,0.4462202002639507,0.108918553170901,0.3668544904940866,1.2948595790916038,middle,KH Pandya,2018,131326462.344,0.9859852736303932,0.009803198848247631
2018,KK Ahmed,Sunrisers Hyderabad,0,6,14.0,1,16.67,2,33.33,0.006215104255032,0.5345691542639256,0.2387192149679095,0.4380305942902474,-0.434323021396269,0.4936820672012483,middle,KK Ahmed,2018,44770384.88999999,1.102697840132972,0.010963618306949406
2018,KM Asif,Chennai Super Kings,0,12,19.5,1,8.33,6,50.0,0.006215104255032,0.7710094725165083,0.1192880060397532,0.6543672553888084,-0.7025719708964944,0.2254331177010229,middle,KM Asif,2018,5969384.652,3.7764883793423034,0.03754788993396973
2018,Kuldeep Yadav,Kolkata Knight Riders,17,242,8.16,71,29.34,35,14.46,0.7949722411535275,0.2835125254284558,0.4201572745745929,0.1931432040725003,1.0530668829454044,1.9810719715429217,middle,Kuldeep Yadav,2018,86556077.454,2.2887728162078016,0.02275621719291485
2018,KV Sharma,Chennai Super Kings,2,42,9.71,12,28.57,7,16.67,0.099010061537208,0.3501457060269111,0.4091306521675569,0.2218237092331374,-0.0532270187120772,0.87477806988544,middle,KV Sharma,2018,74617308.14999999,1.1723527577903383,0.011656165170290743
2018,KV Sharma,Chennai Super Kings,2,42,9.71,12,28.57,7,16.67,0.099010061537208,0.3501457060269111,0.4091306521675569,0.2218237092331374,-0.0532270187120772,0.87477806988544,middle,KV Sharma,2018,2984692.326,29.308818944758464,0.29140412925726866
2018,L Ngidi,Chennai Super Kings,2,24,4.75,11,45.83,1,4.17,0.099010061537208,0.1369195281118545,0.6562988375512473,0.0596036574195794,0.2239483895977866,1.151953478195304,middle,L Ngidi,2018,7461730.814999999,15.438153784368382,0.15349447445674783
2018,M Ashwin,Royal Challengers Bengaluru,3,42,7.71,19,45.24,7,16.67,0.145407540178296,0.2641674084805173,0.6478498671354664,0.2218237092331374,0.1567676017770425,1.0847726903745598,middle,M Ashwin,2018,32831615.586,3.30404907286112,0.03285064283603854
2018,M Markande,Mumbai Indians,11,198,9.15,57,28.79,38,19.19,0.5165873693069997,0.3260717827139208,0.4122811157124243,0.2545272716787507,0.58680250816734,1.514807596764857,middle,M Markande,2018,2984692.326,50.75255441136071,0.504609344842592
2018,MG Johnson,Kolkata Knight Riders,0,42,9.14,14,33.33,10,23.81,0.006215104255032,0.3256418912261888,0.4772952270474158,0.3144838028290417,-0.1708990490499864,0.7571060395475309,middle,MG Johnson,2018,29846923.26,2.536630100705164,0.025220548365902692
2018,MK Lomror,Rajasthan Royals,0,18,9.0,2,11.11,3,16.67,0.006215104255032,0.3196234103979412,0.1590984090158052,0.2218237092331374,-0.2430112910776907,0.6849937975198266,middle,MK Lomror,2018,2984692.326,22.95023147118939,0.22818361363246745
2018,MK Tiwary,Punjab Kings,0,6,10.0,0,0.0,0,0.0,0.006215104255032,0.3626125591711381,0.0,0.0054870481345765,-0.2818648005812776,0.6461402880162397,middle,MK Tiwary,2018,14923461.63,4.329694437095824,0.04304816375473865
2018,MM Ali,Royal Challengers Bengaluru,3,61,7.87,19,31.15,9,14.75,0.145407540178296,0.2710456722842287,0.4460769973755477,0.1969067092745749,0.0957165297978102,1.0237216183953275,middle,MM Ali,2018,25369884.771,4.035184344098918,0.04011998512805984
2018,MM Sharma,Punjab Kings,1,30,11.2,5,16.67,8,26.67,0.05261258289612,0.4141995376989743,0.2387192149679095,0.3515997506839838,-0.2511449414614233,0.676860147136094,middle,MM Sharma,2018,35816307.912,1.8898099402069213,0.018789512505628096
2018,Mohammad Nabi,Sunrisers Hyderabad,0,6,12.0,1,16.67,2,33.33,0.006215104255032,0.4485908567175318,0.2387192149679095,0.4380305942902474,-0.3655403833591539,0.5624647052383633,middle,Mohammad Nabi,2018,14923461.63,3.768996223420875,0.03747339886775998
2018,Mohammed Shami,Delhi Capitals,1,42,9.86,13,30.95,10,23.81,0.05261258289612,0.3565940783428905,0.4432129396074864,0.3144838028290417,-0.1362892670136947,0.7917158215838226,middle,Mohammed Shami,2018,44770384.88999999,1.7683918142072124,0.0175823078294628
2018,MP Stoinis,Punjab Kings,2,42,10.43,10,23.81,10,23.81,0.099010061537208,0.3810978931436127,0.3409660772876979,0.3144838028290417,-0.1169701595885771,0.8110349290089403,middle,MP Stoinis,2018,92525462.106,0.8765532325359195,0.008715166310734422
2018,Mujeeb Ur Rahman,Punjab Kings,8,144,6.96,48,33.33,15,10.42,0.3773949333837358,0.2319255469006196,0.4772952270474158,0.1407136833263584,0.4955977940040611,1.4236028826015783,middle,Mujeeb Ur Rahman,2018,32831615.586,4.336073194060631,0.04311158480635375
2018,Mujeeb Ur Rahman,Punjab Kings,8,144,6.96,48,33.33,15,10.42,0.3773949333837358,0.2319255469006196,0.4772952270474158,0.1407136833263584,0.4955977940040611,1.4236028826015783,middle,Mujeeb Ur Rahman,2018,59693846.52,2.3848402567333475,0.023711371643494565
2018,N Rana,Kolkata Knight Riders,3,18,10.33,5,27.78,5,27.78,0.145407540178296,0.376798978266293,0.3978176239837148,0.3660048912850276,-0.0371835634074816,0.8908215251900357,middle,N Rana,2018,50739769.542,1.7556672669801063,0.01745579349901855
2018,P Negi,Royal Challengers Bengaluru,0,18,13.67,6,33.33,6,33.33,0.006215104255032,0.5203827351687705,0.4772952270474158,0.4380305942902474,-0.351401082496293,0.5766040061012243,middle,P Negi,2018,14923461.63,3.863741673326662,0.03841540937261594
2018,R Ashwin,Punjab Kings,6,198,7.97,52,26.26,25,12.63,0.2845999761015599,0.2753445871615484,0.3760507849464489,0.1693941884869954,0.2855606922096367,1.213565780807154,middle,R Ashwin,2018,113418308.388,1.069991078208986,0.010638429990857661
2018,R Tewatia,Delhi Capitals,3,102,8.24,30,29.41,14,13.73,0.145407540178296,0.2869516573303116,0.4211596947934143,0.1836695530465885,0.0781639822319012,1.0061690708294186,middle,R Tewatia,2018,44770384.88999999,2.2473987509858526,0.02234485385983207
2018,Rashid Khan,Sunrisers Hyderabad,16,276,6.52,104,37.68,32,11.59,0.7485747625124395,0.213010321440413,0.5395884835027491,0.1558974801761074,1.0831509356319322,2.0111560242294493,middle,Rashid Khan,2018,134311154.67,1.4973857005181903,0.014887818476896474
2018,S Gopal,Rajasthan Royals,11,150,7.6,54,36.0,20,13.33,0.5165873693069997,0.2594386021154656,0.5155303982510343,0.1784785113885547,0.6862935894657265,1.6142986780632438,middle,S Gopal,2018,2984692.326,54.085932543227365,0.5377515930455186
2018,S Kaul,Sunrisers Hyderabad,8,132,7.73,45,34.09,21,15.91,0.3773949333837358,0.2650271914559812,0.4881786465660489,0.2119607300828731,0.4581320948640588,1.386137183461576,middle,S Kaul,2018,56709154.194,2.444291760585337,0.02430247064839399
2018,S Lamichhane,Delhi Capitals,3,42,7.43,14,33.33,5,11.9,0.145407540178296,0.2521304468240221,0.4772952270474158,0.1599205374610837,0.1276114134302342,1.0556165020277517,middle,S Lamichhane,2018,2984692.326,35.367682384953184,0.35164462644026395
2018,S Nadeem,Delhi Capitals,3,36,10.33,6,16.67,6,16.67,0.145407540178296,0.376798978266293,0.2387192149679095,0.2218237092331374,-0.0560768497018451,0.8719282388956722,middle,S Nadeem,2018,47755077.216,1.825833586137599,0.01815342499265925
2018,Sandeep Sharma,Sunrisers Hyderabad,6,108,8.5,35,32.41,17,15.74,0.2845999761015599,0.2981288360113427,0.4641205613143339,0.2097545373782087,0.2856821562619241,1.2136872448594411,middle,Sandeep Sharma,2018,44770384.88999999,2.7109153692590504,0.026953386765875043
2018,Shakib Al Hasan,Sunrisers Hyderabad,9,216,8.44,53,24.54,30,13.89,0.4237924120248238,0.2955494870849509,0.3514198881411217,0.1857459697098021,0.467525800869651,1.3955308894671683,middle,Shakib Al Hasan,2018,29846923.26,4.675627290995918,0.04648761528167459
2018,Shakib Al Hasan,Sunrisers Hyderabad,9,216,8.44,53,24.54,30,13.89,0.4237924120248238,0.2955494870849509,0.3514198881411217,0.1857459697098021,0.467525800869651,1.3955308894671683,middle,Shakib Al Hasan,2018,2984692.326,46.75627290995917,0.4648761528167458
2018,Shivam Mavi,Kolkata Knight Riders,2,54,7.67,23,42.59,9,16.67,0.099010061537208,0.2624478425295894,0.6099011017086542,0.2218237092331374,0.0771624069481092,1.0051674955456265,middle,Shivam Mavi,2018,44770384.88999999,2.245161613006688,0.022322611024115098
2018,SN Thakur,Chennai Super Kings,5,90,7.8,35,38.89,14,15.56,0.2382024974604719,0.268036431870105,0.55691603299952,0.2074185686320934,0.2684656968680611,1.1964707854655785,middle,SN Thakur,2018,38801000.238,3.0836080980556977,0.03065889944177647
2018,SR Watson,Chennai Super Kings,4,84,8.36,22,26.19,12,14.29,0.1918050188193839,0.2921103551830952,0.3750483647276274,0.1909370113678359,0.1283463512273207,1.056351439824838,middle,SR Watson,2018,59693846.52,1.7696152977357813,0.017594472364409607
2018,STR Binny,Rajasthan Royals,0,6,19.0,0,0.0,4,66.67,0.006215104255032,0.7495148981299099,0.0,0.8707039164873692,-0.7644300454188536,0.1635750431786636,middle,STR Binny,2018,7461730.814999999,2.1921863336296687,0.021795902145530906
2018,TG Southee,Royal Challengers Bengaluru,0,12,7.0,4,33.33,2,16.67,0.006215104255032,0.2336451128515475,0.4772952270474158,0.2218237092331374,-0.0787696076310926,0.8492354809664246,middle,TG Southee,2018,14923461.63,5.690606522948019,0.056579087744576685
2018,UT Yadav,Royal Challengers Bengaluru,6,102,8.12,35,34.31,17,16.67,0.2845999761015599,0.2817929594775279,0.4913291101109163,0.2218237092331374,0.3044995877569649,1.2325046763544822,middle,UT Yadav,2018,62678538.84599999,1.9663902494324623,0.019550915357451713
2018,V Shankar,Delhi Capitals,1,30,11.6,8,26.67,8,26.67,0.05261258289612,0.4313951972082531,0.3819221033709746,0.3515997506839838,-0.2219406025479267,0.7060644860495905,middle,V Shankar,2018,47755077.216,1.4785118718497825,0.014700164664600779
2018,Washington Sundar,Royal Challengers Bengaluru,4,84,8.36,17,20.24,11,13.1,0.1918050188193839,0.2921103551830952,0.2898426461278037,0.1754936624351852,0.1058733054339038,1.0338783940314211,middle,Washington Sundar,2018,47755077.216,2.1649601556607423,0.021525204759225706
2018,YK Pathan,Sunrisers Hyderabad,1,12,7.0,2,16.67,1,8.33,0.05261258289612,0.2336451128515475,0.2387192149679095,0.1135904906631315,-0.0590995495793113,0.8689055390182059,middle,YK Pathan,2018,28354577.097,3.0644277854884274,0.030468198400800294
2018,YS Chahal,Royal Challengers Bengaluru,4,168,8.11,57,33.93,24,14.29,0.1918050188193839,0.281363067989796,0.4858874003515998,0.1909370113678359,0.1701958916691519,1.0982009802666692,middle,YS Chahal,2018,89540769.77999999,1.2264815044196389,0.012194342444135465
2018,Yuvraj Singh,Punjab Kings,0,12,11.5,0,0.0,3,25.0,0.006215104255032,0.4270962823309334,0.0,0.3299271517616924,-0.3983397998345371,0.5296652887629801,middle,Yuvraj Singh,2018,29846923.26,1.7746059925473878,0.017644092551381524
2019,AR Patel,Delhi Capitals,9,204,7.32,62,30.39,24,11.76,0.4309162213003986,0.260423446933458,0.4257489072821102,0.1768647458550033,0.5303872974174639,1.4583923860149812,middle,AR Patel,2019,72212627.65,2.0195808316012456,0.020079764892835448
2019,Arshdeep Singh,Punjab Kings,0,6,13.0,0,0.0,2,33.33,0.0369351438494065,0.494474899240743,0.1025363347933704,0.4431863655294573,-0.398053576286365,0.5299515123111522,middle,Arshdeep Singh,2019,2888505.106,18.34691277541236,0.1824149295116592
2019,Arshdeep Singh,Punjab Kings,0,6,13.0,0,0.0,2,33.33,0.0369351438494065,0.494474899240743,0.1025363347933704,0.4431863655294573,-0.398053576286365,0.5299515123111522,middle,Arshdeep Singh,2019,11554020.424,4.586728193853089,0.04560373237791479
2019,CR Brathwaite,Kolkata Knight Riders,0,12,12.0,2,16.67,3,25.0,0.0369351438494065,0.4532686576373478,0.2798299703112148,0.3403370798600924,-0.2913306352144225,0.6366744533830948,middle,CR Brathwaite,2019,72212627.65,0.8816663706920167,0.008766003895659217
2019,CV Varun,Punjab Kings,1,6,1.0,5,83.33,0,0.0,0.0807108191217389,0.0,0.9887918025619352,0.0316657543217822,0.4113706185868326,1.33937570718435,middle,CV Varun,2019,121317214.452,1.1040277451427003,0.010976840941818633
2019,GC Viljoen,Punjab Kings,4,72,8.0,25,34.72,10,13.89,0.2120378449387363,0.2884436912237667,0.4718005834544117,0.2031635427908673,0.1882092809072412,1.1162143695047586,middle,GC Viljoen,2019,10831894.1475,10.30488623970149,0.10245675226406395
2019,GH Vihari,Delhi Capitals,0,6,9.0,0,0.0,1,16.67,0.0369351438494065,0.329649932827162,0.1025363347933704,0.2374877941907275,-0.2250538888877542,0.702951199709763,middle,GH Vihari,2019,28885051.06,2.43361591519985,0.02419632561967391
2019,HF Gurney,Kolkata Knight Riders,2,48,8.13,12,25.0,7,14.58,0.1244864943940714,0.2938005026322082,0.3684236106149727,0.2116828713757247,0.0198798483946874,0.9478849369922048,middle,HF Gurney,2019,10831894.1475,8.750869645554802,0.0870058788146018
2019,I Sharma,Delhi Capitals,2,36,10.17,11,30.56,9,25.0,0.1244864943940714,0.3778612355031344,0.427556940757697,0.3403370798600924,-0.0553595805561097,0.8726455080414075,middle,I Sharma,2019,15886778.083,5.492904247055614,0.054613424792848995
2019,JD Unadkat,Rajasthan Royals,2,108,10.56,23,21.3,24,22.22,0.1244864943940714,0.3939316697284586,0.3290722937933756,0.3060128284602323,-0.0908964717456935,0.8371086168518237,middle,JD Unadkat,2019,121317214.452,0.6900163514577162,0.006860515752913779
2019,KMA Paul,Delhi Capitals,6,114,7.21,38,33.33,12,10.53,0.2995891954834013,0.2558907603570845,0.4570172509187306,0.1616781166385185,0.3494407368873498,1.277445825484867,middle,KMA Paul,2019,7221262.765000001,17.6900615177222,0.175884159057909
2019,LH Ferguson,Kolkata Knight Riders,0,24,10.75,5,20.83,6,25.0,0.0369351438494065,0.4017608556331037,0.3240736130079295,0.3403370798600924,-0.2368513008020128,0.6911537877955045,middle,LH Ferguson,2019,23108040.848,2.990966617818333,0.029737807741269662
2019,LS Livingstone,Rajasthan Royals,0,6,13.0,3,50.0,2,33.33,0.0369351438494065,0.494474899240743,0.6343108864365751,0.4431863655294573,-0.2385212107934036,0.6894838778041137,middle,LS Livingstone,2019,7221262.765000001,9.54796827427334,0.0949310644821542
2019,M Ashwin,Punjab Kings,1,156,8.19,36,23.08,22,14.1,0.0807108191217389,0.2962728771284118,0.3480034678318737,0.2057563819253892,-0.0527023090556367,0.8753027795418805,middle,M Ashwin,2019,2888505.106,30.30296805512659,0.3012884973856719
2019,MM Sharma,Chennai Super Kings,0,6,10.0,2,33.33,2,33.33,0.0369351438494065,0.3708561744305572,0.4570172509187306,0.4431863655294573,-0.1928143216006083,0.735190766996909,middle,MM Sharma,2019,72212627.65,1.018091697978683,0.01012241828347673
2019,Mohammed Shami,Punjab Kings,5,60,9.1,16,26.67,11,18.33,0.2558135202110688,0.3337705569875015,0.3861848806398558,0.2579835702064712,0.1809625848772645,1.1089676734747818,middle,Mohammed Shami,2019,69324122.544,1.5996851208191207,0.01590493464089145
2019,P Ray Barman,Royal Challengers Bengaluru,0,18,16.67,1,5.56,7,38.89,0.0369351438494065,0.6457018059252037,0.1616696649360947,0.5118348683291776,-0.5150248031510603,0.412980285446457,middle,P Ray Barman,2019,21663788.295,1.9063161060421403,0.01895362573351537
2019,R Parag,Rajasthan Royals,1,48,9.13,9,18.75,8,16.67,0.0807108191217389,0.3350067442356034,0.3019517916595721,0.2374877941907275,-0.1038511880461481,0.8241539005513692,middle,R Parag,2019,2888505.106,28.532194692660838,0.2836825109153921
2019,SE Rutherford,Delhi Capitals,1,36,9.67,4,11.11,5,13.89,0.0807108191217389,0.3572581147014368,0.2206966401684904,0.2031635427908673,-0.1391639795861673,0.78884110901135,middle,SE Rutherford,2019,28885051.06,2.730966642131842,0.027152747365256705
2019,SL Malinga,Mumbai Indians,3,84,11.86,11,13.1,21,25.0,0.1682621696664039,0.4474997838128724,0.24186126732389,0.3403370798600924,-0.1011156083255436,0.8268894802719737,middle,SL Malinga,2019,28885051.06,2.862690041829456,0.028462412646005082
2019,SM Curran,Punjab Kings,1,72,8.83,20,27.78,10,13.89,0.0807108191217389,0.3226448717545848,0.3979902756863349,0.2031635427908673,-0.0582852945733323,0.8697197940241849,middle,SM Curran,2019,103986183.816,0.8363801440806061,0.008315743738198813
2019,VR Aaron,Rajasthan Royals,1,24,11.75,6,25.0,7,29.17,0.0807108191217389,0.4429670972364989,0.3684236106149727,0.3918234569598826,-0.2011450573140754,0.7268600312834419,middle,VR Aaron,2019,34662061.272,2.0969902094962807,0.020849410793762607
2020,Abdul Samad,Sunrisers Hyderabad,1,30,13.0,8,26.67,9,30.0,0.0719610734195779,0.5167919193586127,0.412409677221336,0.4586420794202183,-0.2734974380751661,0.6545076505223512,middle,Abdul Samad,2020,2778744.6906,23.554076512910108,0.23418736761929992
2020,AJ Tye,Rajasthan Royals,0,12,12.0,2,16.67,3,25.0,0.0287251494587945,0.4695088014628575,0.2884397254411554,0.3826413962418186,-0.3225156785981113,0.6054894099994059,middle,AJ Tye,2020,13893723.453,4.358006779447346,0.043329660374774044
2020,Arshdeep Singh,Punjab Kings,0,30,10.6,6,20.0,6,20.0,0.0287251494587945,0.4033124364088002,0.3297217193839555,0.3066407130634188,-0.2419738517363456,0.6860312368611716,middle,Arshdeep Singh,2020,2778744.6906,24.688530730509125,0.24546672500605668
2020,CH Morris,Royal Challengers Bengaluru,2,42,6.86,18,42.86,5,11.9,0.1151969973803614,0.2264735754786759,0.6131170291534481,0.1835196063144112,0.1388478231707536,1.066852911768271,middle,CH Morris,2020,138937234.53,0.7678668107777192,0.007634547123921345
2020,CJ Jordan,Punjab Kings,3,78,7.08,29,37.18,8,10.26,0.1584329213411449,0.236875861415742,0.5427020965423056,0.1585913822318961,0.1792410453954361,1.1072461339929536,middle,CJ Jordan,2020,41681170.359,2.6564660359971675,0.02641202204634391
2020,CV Varun,Kolkata Knight Riders,15,216,6.44,81,37.5,21,9.72,0.6772640088705466,0.2066146659624587,0.5466691349992714,0.150383308448629,0.9845283593459084,1.9125334479434255,middle,CV Varun,2020,55574893.812,3.441362307255479,0.03421588527653421
2020,DW Steyn,Royal Challengers Bengaluru,0,12,13.0,3,25.0,5,41.67,0.0287251494587945,0.5167919193586127,0.3917066952740458,0.6360276739586034,-0.3800393375082054,0.5479657510893119,middle,DW Steyn,2020,27787446.906,1.9719902765553912,0.01960659385581256
2020,I Udana,Royal Challengers Bengaluru,4,60,8.8,15,25.0,10,16.67,0.2016688453019283,0.318202824196441,0.3917066952740458,0.2560242580666046,0.1142481655646325,1.04225325416215,middle,I Udana,2020,6946861.7265,15.003224408315129,0.14917017137390828
2020,JD Unadkat,Rajasthan Royals,0,36,8.83,4,11.11,4,11.11,0.0287251494587945,0.3196213177333136,0.219512432251375,0.1715114983722241,-0.1810578999974915,0.7469471886000258,middle,JD Unadkat,2020,41681170.359,1.7920494606235102,0.017817524945076067
2020,JDS Neesham,Punjab Kings,1,54,9.78,10,18.52,10,18.52,0.0719610734195779,0.364540279734281,0.3113741665204888,0.2841445108426125,-0.1471072658704337,0.7808978227270835,middle,JDS Neesham,2020,6946861.7265,11.241015777645528,0.11176425842426618
2020,JR Hazlewood,Chennai Super Kings,0,6,8.0,2,33.33,1,16.67,0.0287251494587945,0.2803763298798368,0.4949736651069362,0.2560242580666046,-0.0839260917969178,0.8440789968005995,middle,JR Hazlewood,2020,27787446.906,3.0376270250950683,0.030201730746113164
2020,Kartik Tyagi,Rajasthan Royals,4,90,7.8,32,35.56,12,13.33,0.2016688453019283,0.2709197063006858,0.5226189643539164,0.2052558017034335,0.2015020318778321,1.1295071204753495,middle,Kartik Tyagi,2020,18061840.4889,6.253554952882538,0.062176225498609336
2020,MM Sharma,Delhi Capitals,0,6,14.0,0,0.0,2,33.33,0.0287251494587945,0.5640750372543679,0.0817818158235944,0.5092585344170325,-0.4854894677516307,0.4425156208458865,middle,MM Sharma,2020,6946861.7265,6.37000761304683,0.06333406082792878
2020,MP Stoinis,Delhi Capitals,3,90,10.0,22,24.44,19,21.11,0.1584329213411449,0.3749425656713472,0.3847643779743557,0.3235128647290236,-0.0115779300788584,0.9164271585186587,middle,MP Stoinis,2020,66689872.5744,1.3741624074874068,0.013662665853806202
2020,NM Coulter-Nile,Mumbai Indians,3,66,6.82,30,45.45,9,13.64,0.1584329213411449,0.2245822507628457,0.645225246664515,0.2099678440604943,0.2095575865886963,1.1375626751862136,middle,NM Coulter-Nile,2020,111149787.624,1.023450156319134,0.010175694974352728
2020,PJ Cummins,Kolkata Knight Riders,2,54,10.22,14,25.93,13,24.07,0.1151969973803614,0.3853448516084133,0.4032359007896026,0.3685052691706362,-0.088210668813435,0.8397944197840823,middle,PJ Cummins,2020,215352713.5215,0.3899623116196492,0.0038772162083657797
2020,Shahbaz Ahmed,Royal Challengers Bengaluru,1,30,7.8,7,23.33,3,10.0,0.0719610734195779,0.2709197063006858,0.3710037133267556,0.1546393467066193,-0.0284209102544788,0.8995841783430384,middle,Shahbaz Ahmed,2020,2778744.6906,32.37376148252022,0.32187744560356774
2020,SM Curran,Chennai Super Kings,2,42,8.86,7,16.67,6,14.29,0.1151969973803614,0.3210398112701862,0.2884397254411554,0.2198479328736863,-0.0414740218879974,0.8865310667095198,middle,SM Curran,2020,76415478.9915,1.1601459264661969,0.011534798251353945
2020,SS Cottrell,Punjab Kings,0,18,7.0,5,27.78,1,5.56,0.0287251494587945,0.2330932119840816,0.426170341868936,0.0871507400442003,-0.0329658908472328,0.8950391977502845,middle,SS Cottrell,2020,118096649.3505,0.7578870380089197,0.007535322825618545
2020,TK Curran,Rajasthan Royals,1,36,9.5,6,16.67,6,16.67,0.0719610734195779,0.3513010067234696,0.2884397254411554,0.2560242580666046,-0.137772129230383,0.7902329593671342,middle,TK Curran,2020,13893723.453,5.687697484697691,0.05655016451297494
2020,TU Deshpande,Delhi Capitals,1,48,11.88,7,14.58,12,25.0,0.0719610734195779,0.4638348273153669,0.2625300055190976,0.3826413962418186,-0.260895529315561,0.6671095592819563,middle,TU Deshpande,2020,2778744.6906,24.0075873662906,0.23869641779928671
2020,TU Deshpande,Delhi Capitals,1,48,11.88,7,14.58,12,25.0,0.0719610734195779,0.4638348273153669,0.2625300055190976,0.3826413962418186,-0.260895529315561,0.6671095592819563,middle,TU Deshpande,2020,2778744.6906,24.0075873662906,0.23869641779928671
2021,AF Milne,Mumbai Indians,1,24,6.75,9,37.5,3,12.5,0.0655959170874481,0.2470751315648449,0.5120181680777138,0.1993391693278103,0.0144713869370483,0.9424764755345656,middle,AF Milne,2021,42435730.6976,2.2209502700700954,0.022081888758237214
2021,Arshdeep Singh,Punjab Kings,2,48,8.63,12,25.0,7,14.58,0.114008298054921,0.3276424641547149,0.3538575720355983,0.2271822265766339,-0.0303806979460376,0.8976243906514797,middle,Arshdeep Singh,2021,2652233.1686,33.84409792014241,0.33649632567949633
2021,C Sakariya,Rajasthan Royals,5,102,8.76,28,27.45,15,14.71,0.25924544095734,0.3332136094933761,0.3848570488598529,0.2289224176546853,0.1919699049683278,1.1199749935658452,middle,C Sakariya,2021,15913399.0116,7.037936978450954,0.06997497582002733
2021,CH Morris,Rajasthan Royals,4,90,9.4,29,32.22,17,18.89,0.210833059989867,0.3606407865452468,0.4452111323095242,0.2848762538566483,0.1043250496701307,1.032330138267648,middle,CH Morris,2021,215493944.94875,0.4790529675964504,0.004763003693655135
2021,DT Christian,Royal Challengers Bengaluru,4,78,8.92,24,30.77,13,16.67,0.210833059989867,0.3400704037563438,0.4268645031686388,0.2551591446776153,0.1212207889947941,1.0492258775923111,middle,DT Christian,2021,63653596.0464,1.6483371604449226,0.01638865953169884
2021,FA Allen,Punjab Kings,1,48,7.75,12,25.0,6,12.5,0.0655959170874481,0.2899300957083928,0.3538575720355983,0.1993391693278103,-0.0672607631904246,0.8607443254070927,middle,FA Allen,2021,9945874.38225,8.654285106830107,0.08604558309406005
2021,J Suchith,Sunrisers Hyderabad,0,30,10.0,7,23.33,8,26.67,0.0171835361199751,0.3863537650313755,0.3327273164043716,0.3890199968354212,-0.2612935122909105,0.6667115763066067,middle,J Suchith,2021,3978349.7529,16.758495801446575,0.16662202888102
2021,JA Richardson,Punjab Kings,2,30,10.8,8,26.67,7,23.33,0.114008298054921,0.4206377363462138,0.374987827666825,0.344310472214714,-0.1218634881374847,0.8061416004600326,middle,JA Richardson,2021,185656321.802,0.4342117697019613,0.0043171682523865836
2021,Jalaj S Saxena,Punjab Kings,0,12,8.5,3,25.0,2,16.67,0.0171835361199751,0.3220713188160536,0.3538575720355983,0.2551591446776153,-0.1767563081977237,0.7512487803997935,middle,Jalaj S Saxena,2021,3978349.7529,18.88342722638134,0.18774924635032925
2021,JDS Neesham,Mumbai Indians,3,42,8.14,14,33.33,7,16.67,0.162420679022394,0.3066435317243765,0.459255793238064,0.2551591446776153,0.085061102189986,1.0130661907875034,middle,JDS Neesham,2021,6630582.9215,15.278689713729166,0.15190899642230282
2021,KA Jamieson,Royal Challengers Bengaluru,3,42,8.43,15,35.71,8,19.05,0.162420679022394,0.3190714713260053,0.4893695707244829,0.2870180274911731,0.077781107191897,1.0057861957894143,middle,KA Jamieson,2021,198917487.645,0.505629850696888,0.005027245439214803
2021,M Jansen,Mumbai Indians,2,12,4.5,6,50.0,0,0.0,0.114008298054921,0.1506514622418622,0.6701787641198292,0.0320131041305528,0.24514228569873,1.1731473742962473,middle,M Jansen,2021,2652233.1686,44.23243733564728,0.4397828145520048
2021,MC Henriques,Punjab Kings,3,30,4.6,12,40.0,1,3.33,0.162420679022394,0.1549369586562169,0.543650287286137,0.0765887678991022,0.2674587842146381,1.1954638728121554,middle,MC Henriques,2021,55696896.5406,2.146374299222807,0.02134041412259155
2021,MM Ali,Chennai Super Kings,6,138,6.65,44,31.88,11,7.97,0.3076578219248129,0.2427896351504901,0.4409091640971787,0.1387002033003241,0.371787733335916,1.2997928219334334,middle,MM Ali,2021,92828160.901,1.4002139106468403,0.01392168398784723
2021,Mujeeb Ur Rahman,Sunrisers Hyderabad,1,12,4.5,4,33.33,0,0.0,0.0655959170874481,0.1506514622418622,0.459255793238064,0.0320131041305528,0.109246822982991,1.0372519115805083,middle,Mujeeb Ur Rahman,2021,13261165.843,7.821724906095108,0.07776781929857188
2021,Mujeeb Ur Rahman,Sunrisers Hyderabad,1,12,4.5,4,33.33,0,0.0,0.0655959170874481,0.1506514622418622,0.459255793238064,0.0320131041305528,0.109246822982991,1.0372519115805083,middle,Mujeeb Ur Rahman,2021,19891748.7645,5.214483270730073,0.05184521286571459
2021,NM Coulter-Nile,Mumbai Indians,1,42,5.71,17,40.48,4,9.52,0.0655959170874481,0.2025059688555551,0.5497236541741541,0.1594486353847841,0.0694164697220174,0.9974215583195348,middle,NM Coulter-Nile,2021,66305829.215,1.5042743151365243,0.014956308809053086
2021,RP Meredith,Punjab Kings,2,46,8.74,18,39.13,9,19.57,0.114008298054921,0.3323565102105051,0.5326423098016057,0.293978791803379,0.0061241734937833,0.9341292620913006,middle,RP Meredith,2021,106089326.744,0.8805120088521359,0.008754526605924946
2021,RV Patel,Delhi Capitals,0,18,7.33,5,27.78,2,11.11,0.0171835361199751,0.2719310107681026,0.3890324885953648,0.1807325108778752,-0.111206260031485,0.8167988285660323,middle,RV Patel,2021,2652233.1686,30.796644813743328,0.30619689871874534
2021,Shakib Al Hasan,Kolkata Knight Riders,2,60,7.2,14,23.33,6,10.0,0.114008298054921,0.2663598654294414,0.3327273164043716,0.1658739562883588,0.0245679584024681,0.9525730469999856,middle,Shakib Al Hasan,2021,42435730.6976,2.244742888458992,0.022318447838199966
2021,TK Curran,Delhi Capitals,3,36,6.17,12,33.33,3,8.33,0.162420679022394,0.2222192523615871,0.459255793238064,0.1435191939780052,0.1749285158201395,1.1029336044176568,middle,TK Curran,2021,69621120.67575,1.5841939826771902,0.01575091336729589
2021,VR Iyer,Kolkata Knight Riders,2,42,7.71,10,23.81,4,9.52,0.114008298054921,0.2882158971426509,0.3388006832923889,0.1594486353847841,0.0101902072790207,0.938195295876538,middle,VR Iyer,2021,2652233.1686,35.373786399472976,0.3517053158538997
2022,A Badoni,Lucknow Super Giants,2,12,6.0,3,25.0,0,0.0,0.1057721102642855,0.1885708615786535,0.3731407234455924,0.0031019064861975,0.1191233118699438,1.047128400467461,middle,A Badoni,2022,2487556.9016,42.09465117336398,0.41852778833165233
2022,Abhishek Sharma,Sunrisers Hyderabad,0,24,9.75,3,12.5,4,16.67,0.0253079543748829,0.3430086674937951,0.2312840257241916,0.2168190167796281,-0.2104235980713797,0.7175814905261375,middle,Abhishek Sharma,2022,6840781.479400001,10.489758994451552,0.10429485717790829
2022,AK Markram,Sunrisers Hyderabad,1,30,11.4,6,20.0,7,23.33,0.0655400323195842,0.4109613020964573,0.3163980443570321,0.3022032971967995,-0.1959802393300397,0.7320248492674776,middle,AK Markram,2022,32338239.7208,2.263650883868729,0.02250644135471661
2022,Akash Deep,Royal Challengers Bengaluru,2,54,9.33,22,40.74,13,24.07,0.1057721102642855,0.3257116332312992,0.5517666772163804,0.3116904394653741,0.0012807740832283,0.9292858626807456,middle,Akash Deep,2022,2487556.9016,37.35737108498012,0.3714271875942018
2022,AR Patel,Delhi Capitals,3,168,7.93,50,29.76,24,14.29,0.1460041882089869,0.268054852356313,0.4271597539379019,0.1863063159698881,0.0954490634158228,1.0234541520133402,middle,AR Patel,2022,2487556.9016,41.14294436260144,0.4090654045003152
2022,Arshdeep Singh,Punjab Kings,3,90,7.93,31,34.44,11,12.22,0.1460041882089869,0.268054852356313,0.4802709015647943,0.1597679585429295,0.1166900791892823,1.0446951677867995,middle,Arshdeep Singh,2022,6218892.254000001,16.79873400467503,0.16702209885984673
2022,Arshdeep Singh,Punjab Kings,3,90,7.93,31,34.44,11,12.22,0.1460041882089869,0.268054852356313,0.4802709015647943,0.1597679585429295,0.1166900791892823,1.0446951677867995,middle,Arshdeep Singh,2022,2487556.9016,41.99683501168758,0.41755524714961684
2022,Arshdeep Singh,Punjab Kings,3,90,7.93,31,34.44,11,12.22,0.1460041882089869,0.268054852356313,0.4802709015647943,0.1597679585429295,0.1166900791892823,1.0446951677867995,middle,Arshdeep Singh,2022,2487556.9016,41.99683501168758,0.41755524714961684
2022,AS Joseph,Gujarat Titans,3,72,7.5,25,34.72,9,12.5,0.1460041882089869,0.2503459839447101,0.4834484915937537,0.1633576880499577,0.1310925050258467,1.059097593623364,middle,AS Joseph,2022,29850682.8192,3.5479844800808067,0.035275980584033424
2022,AS Roy,Kolkata Knight Riders,1,18,8.0,4,22.22,2,11.11,0.0655400323195842,0.2709376914000623,0.3415917938723529,0.1455372451400675,-0.045070015506981,0.8829350730905362,middle,AS Roy,2022,2487556.9016,35.49406538289159,0.3529011945584327
2022,B Kumar,Sunrisers Hyderabad,0,30,8.6,6,20.0,3,10.0,0.0253079543748829,0.2956477403464849,0.3163980443570321,0.1313065317372057,-0.1298981537551949,0.7981069348423223,middle,B Kumar,2022,52238694.9336,1.5278079512835967,0.015190292947500312
2022,Basil Thampi,Mumbai Indians,3,36,9.67,13,36.11,8,22.22,0.1460041882089869,0.3397139943009387,0.4992229563803735,0.2879725837939376,0.0394074570280539,0.9674125456255712,middle,Basil Thampi,2022,3731335.3524,25.92671133146288,0.2577773861952445
2022,C Sakariya,Delhi Capitals,0,24,9.75,3,12.5,5,20.83,0.0253079543748829,0.3430086674937951,0.2312840257241916,0.2701521408840475,-0.2210902228922636,0.7069148657052536,middle,C Sakariya,2022,52238694.9336,1.3532399050240531,0.013454643018641532
2022,CJ Jordan,Chennai Super Kings,1,24,11.0,3,12.5,6,25.0,0.0655400323195842,0.3944879361321756,0.2312840257241916,0.3236134696137179,-0.2126177866318501,0.7153873019656671,middle,CJ Jordan,2022,44776024.2288,1.597701703729044,0.015885214435475557
2022,D Pretorius,Chennai Super Kings,5,72,7.67,18,25.0,6,8.33,0.2264683440983895,0.2573471644795299,0.3731407234455924,0.1098963593202873,0.2237877297335806,1.151792818331098,middle,D Pretorius,2022,6218892.254000001,18.52086788592073,0.18414448530178115
2022,DG Nalkande,Gujarat Titans,2,30,10.6,8,26.67,7,23.33,0.1057721102642855,0.3780145701678938,0.3920927782611716,0.3022032971967995,-0.0865663166988951,0.8414387718986222,middle,DG Nalkande,2022,2487556.9016,33.82591052921875,0.3363154968025102
2022,DJ Mitchell,Rajasthan Royals,0,6,7.0,1,16.67,0,0.0,0.0253079543748829,0.2297542764893579,0.278607420084051,0.0031019064861975,-0.062879644901186,0.8651254436963313,middle,DJ Mitchell,2022,9328338.381,9.274164469188024,0.0922087589686295
2022,DJ Willey,Royal Challengers Bengaluru,0,6,14.0,0,0.0,2,33.33,0.0253079543748829,0.5180381808642889,0.0894273280027908,0.4304079224478077,-0.435721999217831,0.4922830893796863,middle,DJ Willey,2022,24875569.016000003,1.9789822257454657,0.01967611159616863
2022,DR Sams,Mumbai Indians,4,84,11.14,27,32.14,20,23.81,0.1862362661536881,0.4002536142196742,0.4541692691840566,0.3083571192088479,0.0337308647682402,0.9617359533657576,middle,DR Sams,2022,32338239.7208,2.973989807946064,0.029569015115824087
2022,FA Allen,Mumbai Indians,0,18,11.67,3,16.67,5,27.78,0.0253079543748829,0.4220808241223475,0.278607420084051,0.3592543554334981,-0.2879713727970379,0.6400337158004794,middle,FA Allen,2022,9328338.381,6.861176017200478,0.06821752274431803
2022,Fazalhaq Farooqi,Sunrisers Hyderabad,1,24,8.25,6,25.0,4,16.67,0.0655400323195842,0.2812335451277384,0.3731407234455924,0.2168190167796281,-0.0580983739450622,0.8699067146524551,middle,Fazalhaq Farooqi,2022,6218892.254000001,13.98812970417569,0.13907755082406797
2022,HR Shokeen,Mumbai Indians,1,54,9.78,19,35.19,10,18.52,0.0655400323195842,0.3442441699411162,0.4887823034280784,0.2405368724510646,-0.0785579709353059,0.8494471176622114,middle,HR Shokeen,2022,2487556.9016,34.147846713208686,0.33951636045890027
2022,HV Patel,Royal Challengers Bengaluru,9,156,6.62,62,39.74,17,10.9,0.3873966558771947,0.2141045788232902,0.5404181413986684,0.1428449480097964,0.5433677735748011,1.4713728621723186,middle,HV Patel,2022,133706183.461,1.1004523680847529,0.010941292609410517
2022,J Suchith,Sunrisers Hyderabad,4,66,7.09,30,45.45,9,13.64,0.1862362661536881,0.2334607838313213,0.6052182809178043,0.1779730153285726,0.2385566533751019,1.1665617419726193,middle,J Suchith,2022,2487556.9016,46.89588170715955,0.4662642189841854
2022,JD Unadkat,Mumbai Indians,3,42,7.71,10,23.81,5,11.9,0.1460041882089869,0.258994501075958,0.359635965822515,0.1556654105348972,0.0885683890924889,1.0165734776900062,middle,JD Unadkat,2022,16169119.8604,6.287129333364084,0.062510040147641
2022,JDS Neesham,Rajasthan Royals,0,12,8.5,2,16.67,2,16.67,0.0253079543748829,0.2915293988554145,0.278607420084051,0.2168190167796281,-0.1550431648527174,0.7729619237447998,middle,JDS Neesham,2022,18656676.762,4.143084717634021,0.041192788998314515
2022,JO Holder,Lucknow Super Giants,7,99,9.27,25,25.25,16,16.16,0.3069324999877921,0.3232406283366569,0.3759778574000205,0.2102805808918267,0.2725434883540033,1.2005485769515207,middle,JO Holder,2022,108830614.445,1.103134980054941,0.01096796458847529
2022,JR Hazlewood,Royal Challengers Bengaluru,5,42,7.0,18,42.86,5,11.9,0.2264683440983895,0.2297542764893579,0.57582557314993,0.1556654105348972,0.2975136847940975,1.2255187733916149,middle,JR Hazlewood,2022,96392829.937,1.271379597624205,0.01264074356934792
2022,K Gowtham,Lucknow Super Giants,5,60,7.9,26,43.33,9,15.0,0.2264683440983895,0.2668193499089919,0.5811593849842547,0.1954088443627097,0.2615130828431252,1.1895181714406424,middle,K Gowtham,2022,11194006.0572,10.62638491852113,0.10565326600743176
2022,K Rabada,Punjab Kings,4,60,8.3,26,43.33,9,15.0,0.1862362661536881,0.2832927158732737,0.5811593849842547,0.1954088443627097,0.1879862731546477,1.115991361752165,middle,K Rabada,2022,115049506.699,0.9700096886741932,0.0096443609424176
2022,Kartik Tyagi,Sunrisers Hyderabad,0,24,7.75,10,41.67,4,16.67,0.0253079543748829,0.2606418376723862,0.5623208155268526,0.2168190167796281,-0.0452190972734543,0.882785991324063,middle,Kartik Tyagi,2022,49751138.032000005,1.7744036141570343,0.017642080395970806
2022,KH Pandya,Lucknow Super Giants,7,150,6.68,44,29.33,13,8.67,0.3069324999877921,0.2165755837179325,0.4222798835362857,0.1142553165788215,0.3909711847524635,1.3189762733499808,middle,KH Pandya,2022,102611722.191,1.2854050640480013,0.012780192342031553
2022,KK Ahmed,Delhi Capitals,6,54,8.33,22,40.74,11,20.37,0.2667004220430908,0.2845282183205948,0.5517666772163804,0.2642547281225011,0.2851071159485742,1.2131122045460914,middle,KK Ahmed,2022,65298368.667,1.857798639247116,0.018471238838573604
2022,KL Nagarkoti,Delhi Capitals,0,6,13.0,2,33.33,3,50.0,0.0253079543748829,0.4768547659535844,0.467674026807134,0.6441250327412382,-0.3320446797066506,0.5959604088908668,middle,KL Nagarkoti,2022,13681562.9588,4.355938065596111,0.043309092102827025
2022,Kuldeep Yadav,Delhi Capitals,19,268,8.53,83,30.97,46,17.16,0.7897174353242077,0.2927649013027356,0.4408914822773335,0.2231010434169275,1.0380114679439374,1.966016556541455,middle,Kuldeep Yadav,2022,2487556.9016,79.03403356429395,0.7857991062656455
2022,Kuldeep Yadav,Delhi Capitals,19,268,8.53,83,30.97,46,17.16,0.7897174353242077,0.2927649013027356,0.4408914822773335,0.2231010434169275,1.0380114679439374,1.966016556541455,middle,Kuldeep Yadav,2022,24875569.016000003,7.903403356429394,0.07857991062656455
2022,Lalit Yadav,Delhi Capitals,2,54,9.11,14,25.93,9,16.67,0.1057721102642855,0.3166512819509442,0.3836948617560647,0.2168190167796281,-0.0229182049934332,0.905086883604084,middle,Lalit Yadav,2022,8084559.9302,11.195252325647534,0.11130925343391099
2022,LH Ferguson,Gujarat Titans,4,126,8.19,53,42.06,22,17.46,0.1862362661536881,0.2787625402330961,0.5667467444957605,0.2269471821744577,0.1809789539578919,1.1089840425554092,middle,LH Ferguson,2022,124377845.08,0.8916250654142698,0.008865018624623452
2022,LS Livingstone,Punjab Kings,5,120,8.9,30,25.0,18,15.0,0.2264683440983895,0.3080027648196963,0.3731407234455924,0.1954088443627097,0.166160752452963,1.0941658410504802,middle,LS Livingstone,2022,143034521.842,0.7649662661571497,0.00760570834058033
2022,M Ashwin,Mumbai Indians,7,102,8.24,37,36.27,16,15.69,0.3069324999877921,0.2808217109786314,0.5010387221112075,0.2042549635050293,0.3452020051311394,1.2732070937286566,middle,M Ashwin,2022,19900455.2128,6.397879245042234,0.06361117566725095
2022,M Jansen,Sunrisers Hyderabad,1,54,9.67,13,24.07,11,20.37,0.0655400323195842,0.3397139943009387,0.3625865851351202,0.2642547281225011,-0.1175361170453387,0.8104689715521786,middle,M Jansen,2022,52238694.9336,1.5514724718570327,0.01542557840970165
2022,M Markande,Mumbai Indians,1,30,10.4,6,20.0,7,23.33,0.0655400323195842,0.369777887185753,0.3163980443570321,0.3022032971967995,-0.1630335074014762,0.764971581196041,middle,M Markande,2022,8084559.9302,9.462130132012229,0.09407761524730765
2022,M Prasidh Krishna,Rajasthan Royals,3,66,8.64,23,34.85,14,21.21,0.1460041882089869,0.2972950769429132,0.4849238012500563,0.2750239166435858,0.0716425778054495,0.9996476664029668,middle,M Prasidh Krishna,2022,124377845.08,0.803718432137164,0.007991003333378351
2022,M Theekshana,Chennai Super Kings,2,96,7.5,26,27.08,11,11.46,0.1057721102642855,0.2503459839447101,0.3967456779464335,0.1500244070238528,0.0474002002198197,0.975405288817337,middle,M Theekshana,2022,8706449.1556,11.203250273275357,0.11138877335481683
2022,MJ Santner,Chennai Super Kings,4,66,7.0,20,30.3,6,9.09,0.1862362661536881,0.2297542764893579,0.4332879632794664,0.1196399108393639,0.2016093848550131,1.1296144734525304,middle,MJ Santner,2022,23631790.5652,4.780062984799773,0.047525971432212474
2022,Mohammed Shami,Gujarat Titans,1,60,11.8,10,16.67,15,25.0,0.0655400323195842,0.4274346680607391,0.278607420084051,0.3236134696137179,-0.2247781538667432,0.703226934730774,middle,Mohammed Shami,2022,77736153.175,0.9046330516866022,0.00899435105934981
2022,MR Marsh,Delhi Capitals,2,36,9.67,11,30.56,9,25.0,0.1057721102642855,0.3397139943009387,0.4362385825920715,0.3236134696137179,-0.0469641491894447,0.8810409394080726,middle,MR Marsh,2022,80845599.302,1.0897821860617674,0.010835203888903383
2022,Mukesh Choudhary,Chennai Super Kings,3,30,9.6,11,36.67,7,23.33,0.1460041882089869,0.3368311552571894,0.5055781364382923,0.3022032971967995,0.0407741395998566,0.968779228197374,middle,Mukesh Choudhary,2022,2487556.9016,38.945007753360485,0.3872123300046922
2022,N Rana,Kolkata Knight Riders,0,12,11.5,1,8.33,4,33.33,0.0253079543748829,0.4150796435875278,0.1839606313643323,0.4304079224478077,-0.3249951783879596,0.6030099102095576,middle,N Rana,2022,99502276.064,0.6060262479038175,0.006025440718382961
2022,NM Coulter-Nile,Rajasthan Royals,0,6,17.0,0,0.0,2,33.33,0.0253079543748829,0.6415884255964021,0.0894273280027908,0.4304079224478077,-0.5345621950035215,0.3934428935939957,middle,NM Coulter-Nile,2022,24875569.016000003,1.5816437941215846,0.01572555801343845
2022,NT Ellis,Punjab Kings,1,12,6.5,4,33.33,1,8.33,0.0655400323195842,0.2091625690340057,0.467674026807134,0.1098963593202873,0.0493029294302546,0.977308018027772,middle,NT Ellis,2022,9328338.381,10.476764222215149,0.10416565612427378
2022,OC McCoy,Rajasthan Royals,3,73,11.01,15,20.55,15,20.55,0.1460041882089869,0.3948997702812826,0.3226397390567738,0.2665624113770192,-0.0534340944699175,0.8745709941275998,middle,OC McCoy,2022,9328338.381,9.375420985037696,0.09321550601252822
2022,OF Smith,Punjab Kings,2,48,12.75,17,35.42,16,33.33,0.1057721102642855,0.4665589122259083,0.4913924666661522,0.4304079224478077,-0.1532528088740142,0.7747522797235031,middle,OF Smith,2022,74626707.04800001,1.038170261519353,0.01032205022143826
2022,PH Solanki,Chennai Super Kings,1,18,6.0,6,33.33,1,5.56,0.0655400323195842,0.1885708615786535,0.467674026807134,0.074383678125758,0.0728788316334422,1.0008839202309594,middle,PH Solanki,2022,14925341.4096,6.7059365193963965,0.06667404769780735
2022,PJ Cummins,Kolkata Knight Riders,4,36,7.5,12,33.33,5,13.89,0.1862362661536881,0.2503459839447101,0.467674026807134,0.1811781309598478,0.1831441939249347,1.111149282522452,middle,PJ Cummins,2022,90173937.683,1.2322288579973268,0.012251485741789202
2022,PJ Sangwan,Gujarat Titans,2,18,6.67,7,38.89,2,11.11,0.1057721102642855,0.2161637495688254,0.530771885953613,0.1455372451400675,0.1158512824994383,1.0438563710969555,middle,PJ Sangwan,2022,2487556.9016,41.96311531308272,0.4172199876692097
2022,PVD Chameera,Lucknow Super Giants,1,54,7.22,23,42.59,9,16.67,0.0655400323195842,0.2388146277697128,0.5727614684791477,0.2168190167796281,0.0357229834514248,0.963728072048942,middle,PVD Chameera,2022,24875569.016000003,3.874195084458453,0.03851934283968499
2022,PWH de Silva,Royal Challengers Bengaluru,18,264,7.73,105,39.77,40,15.15,0.7494853573795064,0.2598181693741722,0.5407585974731998,0.1973319137414748,1.0391346970635866,1.967139785661104,middle,PWH de Silva,2022,133706183.461,1.4712406971326706,0.014627870713039268
2022,R Ashwin,Rajasthan Royals,9,300,7.48,84,28.0,30,10.0,0.3873966558771947,0.249522315646496,0.4071863308987286,0.1313065317372057,0.4773717242207727,1.40537681281829,middle,R Ashwin,2022,62188922.54,2.259850718452872,0.022468658054880183
2022,R Dhawan,Punjab Kings,1,60,9.0,9,15.0,9,15.0,0.0655400323195842,0.3121211063107668,0.2596553652684717,0.1954088443627097,-0.1125719958612374,0.8154330927362798,middle,R Dhawan,2022,6840781.479400001,11.92017454718932,0.11851682222560424
2022,R Parag,Rajasthan Royals,0,12,16.5,1,8.33,4,33.33,0.0253079543748829,0.6209967181410498,0.1839606313643323,0.4304079224478077,-0.4897288380307772,0.43827625056674,middle,R Parag,2022,47263581.1304,0.927302248548492,0.009219740474902562
2022,R Powell,Delhi Capitals,0,6,17.0,0,0.0,2,33.33,0.0253079543748829,0.6415884255964021,0.0894273280027908,0.4304079224478077,-0.5345621950035215,0.3934428935939957,middle,R Powell,2022,34825796.6224,1.1297455672297034,0.011232541438170322
2022,R Sai Kishore,Gujarat Titans,5,84,7.14,24,28.57,10,11.9,0.2264683440983895,0.2355199545768565,0.4136549963148245,0.1556654105348972,0.2442499692735669,1.1722550578710842,middle,R Sai Kishore,2022,37313353.524,3.141650232850521,0.031235985737269906
2022,R Shepherd,Sunrisers Hyderabad,1,30,12.8,10,33.33,10,33.33,0.0655400323195842,0.4686180829714436,0.467674026807134,0.4304079224478077,-0.2223637943451998,0.7056412942523175,middle,R Shepherd,2022,96392829.937,0.7320474922393163,0.007278412086581713
2022,R Tewatia,Gujarat Titans,0,24,14.5,2,8.33,8,33.33,0.0253079543748829,0.5386298883196411,0.1839606313643323,0.4304079224478077,-0.4238353741736502,0.504169714423867,middle,R Tewatia,2022,111940060.572,0.4503925688869754,0.004478046509067036
2022,Rasikh Salam,Kolkata Knight Riders,0,6,8.0,1,16.67,1,16.67,0.0253079543748829,0.2709376914000623,0.278607420084051,0.2168190167796281,-0.1385697988884357,0.7894352897090815,middle,Rasikh Salam,2022,2487556.9016,31.73536610162829,0.31553017345857587
2022,RD Chahar,Punjab Kings,6,216,7.53,71,32.87,27,12.5,0.2667004220430908,0.2515814863920312,0.4624537003309864,0.1633576880499577,0.3048500164403155,1.232855105037833,middle,RD Chahar,2022,65298368.667,1.8880335454090509,0.01877185062780674
2022,RP Meredith,Mumbai Indians,3,78,8.69,32,41.03,14,17.95,0.1460041882089869,0.2993542476884483,0.5550577526035169,0.2332292088117571,0.0993943681814252,1.0273994567789426,middle,RP Meredith,2022,12437784.508,8.260309190259068,0.08212846145455946
2022,S Gopal,Sunrisers Hyderabad,1,12,16.5,2,16.67,5,41.67,0.0655400323195842,0.6209967181410498,0.278607420084051,0.5373305799071485,-0.4223712159896778,0.5056338726078394,middle,S Gopal,2022,9328338.381,5.420406635738222,0.053892614331704336
2022,S Kaul,Royal Challengers Bengaluru,0,12,6.0,3,25.0,1,8.33,0.0253079543748829,0.1885708615786535,0.3731407234455924,0.1098963593202873,-0.022931812530978,0.9050732760665392,middle,S Kaul,2022,9328338.381,9.702406142448652,0.0964665692933443
2022,SA Abbott,Sunrisers Hyderabad,0,6,12.0,0,0.0,1,16.67,0.0253079543748829,0.43567135104288,0.0894273280027908,0.2168190167796281,-0.3271107542270679,0.6008943343704494,middle,SA Abbott,2022,29850682.8192,2.013000298887479,0.020014337677596295
2022,Sandeep Sharma,Punjab Kings,1,30,12.2,9,30.0,10,33.33,0.0655400323195842,0.4439080340250209,0.4298834025341528,0.4304079224478077,-0.213932942469956,0.7140721461275612,middle,Sandeep Sharma,2022,6218892.254000001,11.482304516021626,0.11416328155920034
2022,Shahbaz Ahmed,Royal Challengers Bengaluru,3,138,10.17,31,22.46,27,19.57,0.1460041882089869,0.3603057017562909,0.3443154424686038,0.2539983581024204,-0.0167433179714553,0.911261770626062,middle,Shahbaz Ahmed,2022,29850682.8192,3.052733420355588,0.03035192669789836
2022,Shivam Mavi,Kolkata Knight Riders,0,24,7.75,8,33.33,4,16.67,0.0253079543748829,0.2606418376723862,0.467674026807134,0.2168190167796281,-0.0736131338893699,0.8543919547081473,middle,Shivam Mavi,2022,90173937.683,0.9474932299304716,0.009420490131842174
2022,Simarjeet Singh,Chennai Super Kings,1,18,5.33,10,55.56,2,11.11,0.0655400323195842,0.1609779735884815,0.7199519780348732,0.1455372451400675,0.1564058139910396,1.0844109025885569,middle,Simarjeet Singh,2022,2487556.9016,43.593410944331055,0.43342926856010044
2022,Simarjeet Singh,Chennai Super Kings,1,18,5.33,10,55.56,2,11.11,0.0655400323195842,0.1609779735884815,0.7199519780348732,0.1455372451400675,0.1564058139910396,1.0844109025885569,middle,Simarjeet Singh,2022,2487556.9016,43.593410944331055,0.43342926856010044
2022,SN Thakur,Delhi Capitals,3,78,10.23,28,35.9,17,21.79,0.1460041882089869,0.3627767066509332,0.4968397638586539,0.2824597849081443,0.0213448891687011,0.9493499777662184,middle,SN Thakur,2022,133706183.461,0.7100269809459702,0.0070594722537849035
2022,TG Southee,Kolkata Knight Riders,3,60,7.0,20,33.33,7,11.67,0.1460041882089869,0.2297542764893579,0.467674026807134,0.152716704154124,0.1449617283333094,1.0729668169308266,middle,TG Southee,2022,18656676.762,5.7511143630694725,0.057180689415973394
2022,TS Mills,Mumbai Indians,1,54,11.33,10,18.52,15,27.78,0.0655400323195842,0.408078463052708,0.2996022113468183,0.3592543554334981,-0.2101229296454441,0.7178821589520731,middle,TS Mills,2022,18656676.762,3.847856550820768,0.03825747089339234
2022,TU Deshpande,Chennai Super Kings,1,12,11.5,2,16.67,3,25.0,0.0655400323195842,0.4150796435875278,0.278607420084051,0.3236134696137179,-0.2148941342881741,0.7131109543093431,middle,TU Deshpande,2022,2487556.9016,28.667121296830203,0.28502402418741174
2022,UT Yadav,Kolkata Knight Riders,7,90,7.53,32,35.56,14,15.56,0.3069324999877921,0.2515814863920312,0.4929812616806319,0.2025883033767662,0.3665102786968995,1.2945153672944167,middle,UT Yadav,2022,24875569.016000003,5.203962837842152,0.05174061303209822
2022,V Shankar,Gujarat Titans,0,6,14.0,2,33.33,3,50.0,0.0253079543748829,0.5180381808642889,0.467674026807134,0.6441250327412382,-0.3649914116352141,0.5630136769623031,middle,V Shankar,2022,17412898.3112,3.2333139888617617,0.03214735637473066
2022,VG Arora,Punjab Kings,0,12,11.0,1,8.33,3,25.0,0.0253079543748829,0.3944879361321756,0.1839606313643323,0.3236134696137179,-0.2871629218568599,0.6408421667406574,middle,VG Arora,2022,24875569.016000003,2.5761909861377115,0.02561388408488361
2022,VR Aaron,Gujarat Titans,0,12,12.5,1,8.33,4,33.33,0.0253079543748829,0.4562630584982322,0.1839606313643323,0.4304079224478077,-0.3579419103165231,0.5700631782809942,middle,VR Aaron,2022,6218892.254000001,9.166635390962574,0.09113964671715381
2022,Washington Sundar,Sunrisers Hyderabad,3,84,8.14,18,21.43,10,11.9,0.1460041882089869,0.276703369487561,0.3326264505763604,0.1556654105348972,0.0662984397893601,0.9943035283868776,middle,Washington Sundar,2022,108830614.445,0.913624841187836,0.009083752293668064
2022,Yash Dayal,Gujarat Titans,2,42,9.86,14,33.33,10,23.81,0.1057721102642855,0.3475388431339725,0.467674026807134,0.3083571192088479,-0.040742124910379,0.8872629636871382,middle,Yash Dayal,2022,39800910.4256,2.229252934667669,0.022164438340058684
2022,YS Chahal,Rajasthan Royals,19,276,7.43,90,32.61,31,11.23,0.7897174353242077,0.2474631449009608,0.4595030810183813,0.1470757006430797,1.095041421242441,2.0230465098399586,middle,YS Chahal,2022,80845599.302,2.5023582326142906,0.02487979891783164
2023,A Mishra,Lucknow Super Giants,4,78,7.54,22,28.21,10,12.82,0.2023656832566546,0.257124202909236,0.4042651723583782,0.1757715910981029,0.183974396045486,1.1119794846430031,middle,A Mishra,2023,5915430.661499999,18.7979463926475,0.18689934967010666
2023,A Zampa,Rajasthan Royals,5,66,8.64,19,28.79,10,15.15,0.2465294252633195,0.2919564014038633,0.4118312938141329,0.1989885717025777,0.2199806905756129,1.1479857791731305,middle,A Zampa,2023,17746291.9845,6.468876879608463,0.06431707254829187
2023,AJ Hosein,Sunrisers Hyderabad,1,6,10.0,1,16.67,1,16.67,0.06987445723666,0.3350216649972208,0.2537254454628453,0.2141344131269561,-0.1299148951293242,0.7980901934681931,middle,AJ Hosein,2023,11830861.323,6.745833390140847,0.06707072396447267
2023,Arshdeep Singh,Punjab Kings,4,84,9.0,25,29.76,16,19.05,0.2023656832566546,0.303356030002105,0.424484979697033,0.2378496121993381,0.1406392723525402,1.0686443609500575,middle,Arshdeep Singh,2023,2366172.2646,45.16342182426482,0.44903916584916737
2023,Arshdeep Singh,Punjab Kings,4,84,9.0,25,29.76,16,19.05,0.2023656832566546,0.303356030002105,0.424484979697033,0.2378496121993381,0.1406392723525402,1.0686443609500575,middle,Arshdeep Singh,2023,7098516.793799999,15.05447394142161,0.14967972194972248
2023,AU Rashid,Sunrisers Hyderabad,2,30,7.6,11,36.67,4,13.33,0.1140381992433249,0.2590241410089429,0.5146261853164552,0.1808534194707561,0.0820551577586183,1.0100602463561357,middle,AU Rashid,2023,23661722.646,4.268751947892881,0.042442240567099235
2023,D Jansen,Mumbai Indians,0,6,13.0,1,16.67,2,33.33,0.0257107152299952,0.4300185699825682,0.2537254454628453,0.3801408066336301,-0.3053593108289342,0.622645777768583,middle,D Jansen,2023,2366172.2646,26.314473679026108,0.2616327291711383
2023,D Wiese,Kolkata Knight Riders,0,6,15.0,0,0.0,2,33.33,0.0257107152299952,0.4933498399727998,0.0362646787948615,0.3801408066336301,-0.4212625568215146,0.5067425317760026,middle,D Wiese,2023,11830861.323,4.283226030135783,0.04258614972088468
2023,H Sharma,Royal Challengers Bengaluru,0,12,12.5,1,8.33,4,33.33,0.0257107152299952,0.4141857524850103,0.14492983694389,0.3801408066336301,-0.3253317393865745,0.6026733492109428,middle,H Sharma,2023,2366172.2646,25.470391916407,0.2532404117761055
2023,I Sharma,Delhi Capitals,2,30,7.2,9,30.0,3,10.0,0.1140381992433249,0.2463578870108966,0.4276157885752763,0.1476720695081376,0.0727213119272254,1.0007264005247427,middle,I Sharma,2023,5915430.661499999,16.917219688464485,0.16820014760958293
2023,J Little,Gujarat Titans,4,78,8.23,27,34.62,12,15.38,0.2023656832566546,0.2789734910558659,0.4878838594814601,0.2012803766549507,0.1864788145537371,1.1144839031512543,middle,J Little,2023,52055789.8212,2.1409412996695614,0.021286396302663265
2023,JD Unadkat,Lucknow Super Giants,0,6,14.0,0,0.0,2,33.33,0.0257107152299952,0.461684204977684,0.0362646787948615,0.3801408066336301,-0.3959300488254219,0.5320750397720954,middle,JD Unadkat,2023,5915430.661499999,8.994696586252859,0.08943013812977586
2023,JO Holder,Rajasthan Royals,3,78,9.15,12,15.38,13,16.67,0.1582019412499898,0.3081058752513724,0.2368973477422875,0.2141344131269561,0.0190605333711818,0.9470656219686991,middle,JO Holder,2023,68027452.60724999,1.392181517418405,0.013841821590150622
2023,KM Asif,Rajasthan Royals,2,48,7.75,16,33.33,4,8.33,0.1140381992433249,0.2637739862582103,0.4710557617609023,0.1310315726800376,0.0751485238506822,1.0031536124481997,middle,KM Asif,2023,3549258.3969,28.26375260038481,0.28101351445043266
2023,M Ashwin,Rajasthan Royals,0,18,14.0,3,16.67,6,33.33,0.0257107152299952,0.461684204977684,0.2537254454628453,0.3801408066336301,-0.3306918188250268,0.5973132697724906,middle,M Ashwin,2023,2366172.2646,25.24386236407289,0.25098813245112217
2023,M Markande,Sunrisers Hyderabad,11,186,7.35,69,37.1,27,14.52,0.5115118773033087,0.251107732260164,0.5202355512233078,0.1927110190069471,0.6839100917124348,1.611915180309952,middle,M Markande,2023,5915430.661499999,27.2493292973738,0.27092756933373013
2023,Mayank Dagar,Sunrisers Hyderabad,1,54,6.78,16,29.63,6,11.11,0.06987445723666,0.233058320312948,0.4227891248879845,0.1587325194956771,0.0134552631718915,0.9414603517694088,middle,Mayank Dagar,2023,21295550.3814,4.420925192859542,0.04395522926955575
2023,MM Sharma,Gujarat Titans,12,150,8.2,45,30.0,24,16.0,0.5556756193099736,0.2780235220060124,0.4276157885752763,0.2074582856569998,0.6978876908013334,1.625892779398851,middle,MM Sharma,2023,5915430.661499999,27.48561977035441,0.273276897010853
2023,Mohit Rathee,Punjab Kings,0,12,14.5,3,25.0,5,41.67,0.0257107152299952,0.4775170224752419,0.3623906036118738,0.4632436470805486,-0.3273790934677483,0.600625995129769,middle,Mohit Rathee,2023,2366172.2646,25.383865922006507,0.252380123543273
2023,Mukesh Kumar,Delhi Capitals,4,54,12.78,13,24.07,17,31.48,0.2023656832566546,0.4230521302836427,0.350258719208681,0.3617067233210643,-0.0021569082435408,0.9258481803539764,middle,Mukesh Kumar,2023,65069737.2765,1.422855261301858,0.014146796541350988
2023,Nithish Kumar Reddy,Sunrisers Hyderabad,0,12,13.5,3,25.0,3,25.0,0.0257107152299952,0.4458513874801261,0.3623906036118738,0.2971376098802931,-0.2688253780316046,0.6591797105659126,middle,Nithish Kumar Reddy,2023,2366172.2646,27.858483527502024,0.27698411014311825
2023,R Goyal,Mumbai Indians,0,24,8.5,6,25.0,3,12.5,0.0257107152299952,0.2875232125045471,0.3623906036118738,0.1725829929034969,-0.1172519146557821,0.8107531739417351,middle,R Goyal,2023,2366172.2646,34.26433426134307,0.3406745426632871
2023,Sandeep Sharma,Rajasthan Royals,1,54,8.56,11,20.37,8,14.81,0.06987445723666,0.2894231506042541,0.3019920823357632,0.1956006861208088,-0.075249347151846,0.8527557414456712,middle,Sandeep Sharma,2023,2366172.2646,36.03946146287152,0.35832381735624774
2023,Sikandar Raza,Punjab Kings,3,61,9.44,15,24.59,10,16.39,0.1582019412499898,0.3172889093999559,0.3570421384448748,0.2113443897066759,0.0483155479471471,0.9763206365446644,middle,Sikandar Raza,2023,5915430.661499999,16.50464171440554,0.1640980742538473
2023,SM Curran,Punjab Kings,3,90,11.87,21,23.33,25,27.78,0.1582019412499898,0.3942364024380873,0.3406053918340974,0.3248385566959326,-0.0408723038644424,0.8871327847330748,middle,SM Curran,2023,218870934.4755,0.4053223361333886,0.004029933879358694
2023,Tilak Varma,Mumbai Indians,0,6,7.0,3,50.0,1,16.67,0.0257107152299952,0.2400247600118734,0.6885165284288861,0.2141344131269561,0.0102743407387686,0.938279429336286,middle,Tilak Varma,2023,2366172.2646,39.65389347909128,0.3942604552818942
2023,Vivrant Sharma,Sunrisers Hyderabad,0,18,12.33,5,27.78,3,16.67,0.0257107152299952,0.4088025945358406,0.3986558064515256,0.2141344131269561,-0.2117061434736133,0.716298945123904,middle,Vivrant Sharma,2023,30760239.4398,2.3286520461771847,0.02315271806545365
2023,Yash Thakur,Lucknow Super Giants,3,66,8.64,19,28.79,11,16.67,0.1582019412499898,0.2919564014038633,0.4118312938141329,0.2141344131269561,0.0844602962707426,1.01246538486826,middle,Yash Thakur,2023,5323887.59535,19.017407237383622,0.18908134808112867
2024,A Kamboj,Mumbai Indians,1,24,11.0,8,33.33,5,20.83,0.0629669451086748,0.3560244677155636,0.5025535679558125,0.2435320503943468,-0.0883094962015642,0.839695592395953,middle,A Kamboj,2024,2217593.5,37.86517197114589,0.37647601864222563
2024,A Mishra,Lucknow Super Giants,1,12,10.0,5,41.67,3,25.0,0.0629669451086748,0.3242665706375354,0.6180833784687566,0.2806041337540084,-0.0356586520571907,0.8923464365403266,middle,A Mishra,2024,24393528.5,3.658127755237733,0.03637108459525759
2024,Abhishek Sharma,Sunrisers Hyderabad,2,24,6.0,8,33.33,2,8.33,0.1088793408141586,0.1972349823254225,0.5025535679558125,0.1324047021939225,0.1298161553088591,1.0578212439063766,middle,Abhishek Sharma,2024,2217593.5,47.70131423574143,0.4742722647914647
2024,Arshad Khan,Lucknow Super Giants,0,6,18.0,1,16.67,3,50.0,0.0170545494031911,0.578329747261761,0.2717709968352315,0.502858830154857,-0.4561224406850241,0.4718826479124932,middle,Arshad Khan,2024,2217593.5,21.27904180421223,0.21156774212133253
2024,Arshdeep Singh,Punjab Kings,3,54,10.33,11,20.37,12,22.22,0.1547917365196424,0.3347466766732847,0.3230252293169932,0.255889411514234,0.0101199499330869,0.9381250385306042,middle,Arshdeep Singh,2024,2217593.5,42.30374225621622,0.42060668496166864
2024,AS Joseph,Royal Challengers Bengaluru,1,18,11.0,4,22.22,4,22.22,0.0629669451086748,0.3560244677155636,0.348652345557874,0.255889411514234,-0.1369513351449232,0.7910537534525941,middle,AS Joseph,2024,127511626.25,0.6203777464979151,0.006168131079234156
2024,Azmatullah Omarzai,Gujarat Titans,1,6,5.0,2,33.33,0,0.0,0.0629669451086748,0.1654770852473943,0.5025535679558125,0.0583494373531597,0.1011649323812086,1.029170020978726,middle,Azmatullah Omarzai,2024,5543983.75,18.56372722915586,0.18457061607216502
2024,DJ Mitchell,Chennai Super Kings,1,36,11.67,4,11.11,9,25.0,0.0629669451086748,0.3773022587578425,0.1947511231599355,0.2806041337540084,-0.2050868791460827,0.7229182094514345,middle,DJ Mitchell,2024,155231545.0,0.4657031594006453,0.004630272680495499
2024,G Coetzee,Mumbai Indians,4,93,11.48,26,27.96,26,27.96,0.2007041322251261,0.3712682583130172,0.4281656683809314,0.3069190898078688,0.0711074742399811,0.9991125628374984,middle,G Coetzee,2024,55439837.5,1.802156369663779,0.017918013300949876
2024,HV Patel,Punjab Kings,9,150,9.0,33,22.0,25,16.67,0.4302661107525449,0.2925086735595071,0.345604796599499,0.2065488689132456,0.4737638924784122,1.4017689810759295,middle,HV Patel,2024,130283618.125,1.075936484762811,0.010697542438314629
2024,JA Richardson,Delhi Capitals,0,18,9.0,5,27.78,3,16.67,0.0170545494031911,0.2925086735595071,0.42567221923317,0.2065488689132456,-0.1220332227555171,0.8059718658420001,middle,JA Richardson,2024,55439837.5,1.4537774679480258,0.014454241843716246
2024,JD Unadkat,Sunrisers Hyderabad,6,120,9.45,30,25.0,22,18.33,0.2925289236360937,0.3067997272446198,0.3871622823955221,0.2213065807542619,0.2652409722262488,1.193246060823766,middle,JD Unadkat,2024,17740748.0,6.726018885019764,0.06687371743813138
2024,Kartik Tyagi,Gujarat Titans,0,18,14.0,2,11.11,7,38.89,0.0170545494031911,0.4512981589496482,0.1947511231599355,0.4040888430743198,-0.3578491347218153,0.570155953875702,middle,Kartik Tyagi,2024,6652780.5,8.570190371915952,0.085209467757957
2024,LH Ferguson,Royal Challengers Bengaluru,5,84,9.07,21,25.0,13,15.48,0.2466165279306099,0.2947317263549692,0.3871622823955221,0.1959695453645652,0.211094186457683,1.1390992750552005,middle,LH Ferguson,2024,22175935.0,5.136645986088976,0.05107131248449008
2024,M Siddharth,Lucknow Super Giants,0,6,9.0,2,33.33,1,16.67,0.0170545494031911,0.2925086735595071,0.5025535679558125,0.2065488689132456,-0.0989688181387244,0.8290362704587928,middle,M Siddharth,2024,26611122.0,3.115375106915044,0.03097474422464587
2024,Mohammad Nabi,Mumbai Indians,2,36,11.17,7,19.44,8,22.22,0.1088793408141586,0.3614233102188284,0.3101424087202261,0.255889411514234,-0.0839547966406037,0.8440502919569135,middle,Mohammad Nabi,2024,16631951.25,5.074872330189842,0.050457125388031016
2024,N Burger,Rajasthan Royals,2,18,8.0,5,27.78,3,16.67,0.1088793408141586,0.260750776481479,0.42567221923317,0.2065488689132456,0.0411102820233566,0.969115370620874,middle,N Burger,2024,5543983.75,17.48048721500805,0.17380045799468216
2024,N Thushara,Mumbai Indians,0,30,8.8,8,26.67,4,13.33,0.0170545494031911,0.2861570941439015,0.4102959494886415,0.1768556414740922,-0.1156261946585605,0.8123788939389567,middle,N Thushara,2024,53222244.0,1.5263897815713234,0.015176192737221523
2024,Naman Dhir,Mumbai Indians,0,22,13.36,0,0.0,6,27.27,0.0170545494031911,0.4309731048197101,0.0408499007619969,0.3007848601872054,-0.3670986615598234,0.5609064270376938,middle,Naman Dhir,2024,2217593.5,25.29347362524709,0.2514813944413467
2024,PJ Cummins,Sunrisers Hyderabad,8,156,7.81,51,32.69,25,16.03,0.3843537150470612,0.2547167760366536,0.4936879709859943,0.2008591486853839,0.4806917132999904,1.4086968018975077,middle,PJ Cummins,2024,227303333.75,0.6197431329568028,0.006161821408185614
2024,R Ravindra,Chennai Super Kings,0,12,3.5,5,41.67,0,0.0,0.0170545494031911,0.117840239630352,0.6180833784687566,0.0583494373531597,0.1050647584705,1.0330698470680173,middle,R Ravindra,2024,19958341.5,5.17613072743553,0.05146389113778647
2024,Rasikh Salam,Delhi Capitals,6,84,10.86,20,23.81,19,22.62,0.2925289236360937,0.3515783621246396,0.3706778130297662,0.2594454866566476,0.2168449423320291,1.1448500309295464,middle,Rasikh Salam,2024,2217593.5,51.62578402802616,0.5132914659668061
2024,S Gopal,Mumbai Indians,2,30,9.4,9,30.0,5,16.67,0.1088793408141586,0.3052118323907185,0.456424758722227,0.2065488689132456,0.0147671991426821,0.9427722877401994,middle,S Gopal,2024,2217593.5,42.51330497407209,0.422690270841969
2024,Sandeep Sharma,Rajasthan Royals,2,60,6.6,16,26.67,4,6.67,0.1088793408141586,0.2162897205722394,0.4102959494886415,0.1176469903529061,0.0898466215394575,1.0178517101369748,middle,Sandeep Sharma,2024,2217593.5,45.898930986989946,0.45635199573592017
2024,SH Johnson,Gujarat Titans,1,36,11.33,10,27.78,11,30.56,0.0629669451086748,0.3665045737513129,0.42567221923317,0.330033578233557,-0.1370582912147984,0.7909467973827189,middle,SH Johnson,2024,110879675.0,0.713337947087885,0.007092391669862485
2024,Simarjeet Singh,Chennai Super Kings,4,42,10.14,17,40.48,10,23.81,0.2007041322251261,0.3287126762284594,0.6015989091030007,0.270024810205328,0.1645607680447562,1.0925658566422736,middle,Simarjeet Singh,2024,2217593.5,49.26808527542463,0.4898499498365334
2024,Simarjeet Singh,Chennai Super Kings,4,42,10.14,17,40.48,10,23.81,0.2007041322251261,0.3287126762284594,0.6015989091030007,0.270024810205328,0.1645607680447562,1.0925658566422736,middle,Simarjeet Singh,2024,2217593.5,49.26808527542463,0.4898499498365334
2024,SN Thakur,Chennai Super Kings,1,90,9.67,18,20.0,15,16.67,0.0629669451086748,0.3137864646017861,0.317899806068817,0.2065488689132456,-0.1025185859804206,0.8254865026170967,middle,SN Thakur,2024,44351870.0,1.861221415505359,0.018505269931298824
2024,Sumit Kumar,Delhi Capitals,0,12,12.5,2,16.67,4,33.33,0.0170545494031911,0.4036613133326059,0.2717709968352315,0.3546593985947711,-0.2867478072296828,0.6412572813678344,middle,Sumit Kumar,2024,11087967.5,5.783361841273745,0.057501311284925895
2024,T Stubbs,Delhi Capitals,3,12,7.5,6,50.0,2,16.67,0.1547917365196424,0.2448718279424649,0.7334746640290472,0.2065488689132456,0.2150227678515567,1.143027856449074,middle,T Stubbs,2024,5543983.75,20.61744600981332,0.20498979891760052
2024,TM Head,Sunrisers Hyderabad,0,10,19.2,2,20.0,6,60.0,0.0170545494031911,0.6164392237553948,0.317899806068817,0.5917607087151964,-0.4905517548219233,0.4374533337755939,middle,TM Head,2024,75398179.0,0.5801908475476496,0.005768571195288499
2024,UT Yadav,Gujarat Titans,1,12,15.0,3,25.0,6,50.0,0.0629669451086748,0.4830560560276764,0.3871622823955221,0.502858830154857,-0.2764175084714436,0.6515875801260738,middle,UT Yadav,2024,64310211.5,1.0131945843873855,0.01007372853160936
2024,Yash Dayal,Royal Challengers Bengaluru,3,48,7.5,16,33.33,5,10.42,0.1547917365196424,0.2448718279424649,0.5025535679558125,0.1509851948130335,0.1568591738496287,1.084864262447146,middle,Yash Dayal,2024,55439837.5,1.9568316058775357,0.019455878153555713
2025,A Nortje,Kolkata Knight Riders,1,18,10.0,7,38.89,5,27.78,0.0635224645024378,0.3088204877656271,0.5898716403275771,0.2921057518750819,-0.0332323517355882,0.894772736861929,middle,A Nortje,2025,68217500.0,1.311646918843301,0.013041103054985669
2025,A Zampa,Sunrisers Hyderabad,2,36,8.83,8,22.22,6,16.67,0.1089813811437599,0.2700325598278012,0.3690162016368606,0.1832064844237004,0.0215095874597169,0.9495146760572344,middle,A Zampa,2025,25188000.000000004,3.769710481408743,0.03748050040697287
2025,Abhishek Sharma,Sunrisers Hyderabad,0,36,11.67,8,22.22,11,30.56,0.0180635478611157,0.3641844532837204,0.3690162016368606,0.3193550735235824,-0.217418395048961,0.7105866935485563,middle,Abhishek Sharma,2025,3148500.0000000005,22.56905490070053,0.22439375001408227
2025,Abhishek Sharma,Sunrisers Hyderabad,0,36,11.67,8,22.22,11,30.56,0.0180635478611157,0.3641844532837204,0.3690162016368606,0.3193550735235824,-0.217418395048961,0.7105866935485563,middle,Abhishek Sharma,2025,39881000.00000001,1.7817674921605682,0.017715296053743338
2025,AK Markram,Lucknow Super Giants,3,54,8.67,11,20.37,7,12.96,0.1544402977850819,0.2647282278021157,0.3445061499525279,0.1468413825114929,0.0938614329193902,1.0218665215169076,middle,AK Markram,2025,20990000.000000004,4.868349316421665,0.04840376188975654
2025,Akash Deep,Lucknow Super Giants,1,30,13.0,7,23.33,10,33.33,0.0635224645024378,0.4082767132472318,0.3837222326474601,0.3465063760294624,-0.1855222792557832,0.742482809341734,middle,Akash Deep,2025,83960000.00000001,0.8843292155094497,0.00879247933900048
2025,Akash Madhwal,Rajasthan Royals,2,54,11.0,12,22.22,14,25.93,0.1089813811437599,0.3419725629261619,0.3690162016368606,0.2739722104902884,-0.0541955602322892,0.8738095283652281,middle,Akash Madhwal,2025,12594000.000000002,6.9383002093475294,0.06898433317429958
2025,Arshad Khan,Gujarat Titans,0,6,13.0,1,16.67,2,33.33,0.0180635478611157,0.4082767132472318,0.2954860465838626,0.3465063760294624,-0.2801815100368456,0.6478235785606716,middle,Arshad Khan,2025,102326250.0,0.6330961787035795,0.006294584610827998
2025,Arshad Khan,Gujarat Titans,0,6,13.0,1,16.67,2,33.33,0.0180635478611157,0.4082767132472318,0.2954860465838626,0.3465063760294624,-0.2801815100368456,0.6478235785606716,middle,Arshad Khan,2025,13643500.000000002,4.748221340276846,0.04720938458120998
2025,Arshdeep Singh,Punjab Kings,2,66,8.36,18,27.27,11,16.67,0.1089813811437599,0.2544510845023498,0.4359220183967957,0.1832064844237004,0.0540465127480586,0.982051601345576,middle,Arshdeep Singh,2025,188910000.00000003,0.5198515702427483,0.005168645466579047
2025,Arshdeep Singh,Punjab Kings,2,66,8.36,18,27.27,11,16.67,0.1089813811437599,0.2544510845023498,0.4359220183967957,0.1832064844237004,0.0540465127480586,0.982051601345576,middle,Arshdeep Singh,2025,3148500.0000000005,31.19109421456489,0.3101187279947427
2025,Arshdeep Singh,Punjab Kings,2,66,8.36,18,27.27,11,16.67,0.1089813811437599,0.2544510845023498,0.4359220183967957,0.1832064844237004,0.0540465127480586,0.982051601345576,middle,Arshdeep Singh,2025,3148500.0000000005,31.19109421456489,0.3101187279947427
2025,AS Roy,Kolkata Knight Riders,0,6,8.0,2,33.33,1,16.67,0.0180635478611157,0.2425163374445572,0.5162089985087178,0.1832064844237004,-0.048696345496097,0.8793087431014203,middle,AS Roy,2025,4198000.0,20.945896691315397,0.20825543323154092
2025,Ashwani Kumar,Mumbai Indians,6,72,10.92,16,22.22,17,23.61,0.2908170477090482,0.3393203969133191,0.3690162016368606,0.2512317694023311,0.2252277606435089,1.1532328492410262,middle,Ashwani Kumar,2025,3148500.0000000005,36.62800855140625,0.3641754708187983
2025,Azmatullah Omarzai,Punjab Kings,5,72,9.58,17,23.61,13,18.06,0.2453581310677262,0.2948966161982024,0.3874318620915754,0.1968311452479506,0.2089832332209097,1.1369883218184271,middle,Azmatullah Omarzai,2025,25188000.000000004,4.5140079475084445,0.044880708358919816
2025,B Kumar,Royal Challengers Bengaluru,2,30,12.8,8,26.67,9,30.0,0.1089813811437599,0.4016462982151249,0.4279728124451202,0.3138660015368341,-0.0922263234302908,0.8357787651672265,middle,B Kumar,2025,112821250.0,0.7407990650406961,0.00736542495655182
2025,DL Chahar,Mumbai Indians,0,12,9.5,3,25.0,2,16.67,0.0180635478611157,0.2922444501853596,0.4058475225462902,0.1832064844237004,-0.1215872784774671,0.8064178101200501,middle,DL Chahar,2025,97078750.0,0.8306841714793917,0.008259111298001935
2025,E Malinga,Sunrisers Hyderabad,5,78,9.85,20,25.64,16,20.51,0.2453581310677262,0.3038476764915468,0.4143266755614107,0.2208458351899745,0.2050878910387801,1.1330929796362974,middle,E Malinga,2025,12594000.000000002,8.99708575223358,0.08945389251010677
2025,Fazalhaq Farooqi,Rajasthan Royals,0,18,14.67,3,16.67,8,44.44,0.0180635478611157,0.4636406787653251,0.2954860465838626,0.4554056434808439,-0.3462525359415965,0.5817525526559207,middle,Fazalhaq Farooqi,2025,20990000.000000004,2.7715700460024806,0.027556448366382193
2025,G Coetzee,Gujarat Titans,2,48,9.0,16,33.33,8,16.67,0.1089813811437599,0.2756684126050922,0.5162089985087178,0.1832064844237004,0.0611587442994413,0.9891638328969586,middle,G Coetzee,2025,25188000.000000004,3.9271233638913703,0.039045584419405595
2025,HV Patel,Sunrisers Hyderabad,6,120,9.75,31,25.83,24,20.0,0.2908170477090482,0.3005324689754933,0.4168439241127745,0.2158468589163287,0.2776834018337443,1.2056884904312617,middle,HV Patel,2025,83960000.00000001,1.4360272634960238,0.014277759711078173
2025,I Sharma,Gujarat Titans,1,30,11.8,4,13.33,8,26.67,0.0635224645024378,0.3684942230545899,0.2512354667862025,0.2812256270442058,-0.1803861670629956,0.7476189215345216,middle,I Sharma,2025,7871250.000000001,9.49809650988752,0.09443521242810982
2025,J Overton,Chennai Super Kings,0,6,14.0,2,33.33,2,33.33,0.0180635478611157,0.4414287884077667,0.5162089985087178,0.3465063760294624,-0.2404862845878169,0.6875188040097003,middle,J Overton,2025,15742500.000000002,4.367278412003813,0.043421843960097045
2025,JD Unadkat,Sunrisers Hyderabad,2,42,6.71,12,28.57,4,9.52,0.1089813811437599,0.1997501604874672,0.4531452979587592,0.113122797450039,0.1169909732232859,1.0449960618208032,middle,JD Unadkat,2025,10495000.000000002,9.957084914919514,0.09899872338908121
2025,JR Hazlewood,Royal Challengers Bengaluru,6,61,10.62,19,31.15,16,26.23,0.2908170477090482,0.3293747743651587,0.4873268835509636,0.2769127847689036,0.2635412601829537,1.191546348780471,middle,JR Hazlewood,2025,131187500.0,0.908277350189973,0.009030584646043626
2025,K Khejroliya,Gujarat Titans,0,12,10.5,2,16.67,3,25.0,0.0180635478611157,0.3253965253458945,0.2954860465838626,0.2648564302265814,-0.1975473705551995,0.7304577180423177,middle,K Khejroliya,2025,3148500.0000000005,23.20018161163467,0.23066875311118448
2025,K Rabada,Gujarat Titans,0,12,13.5,1,8.33,3,25.0,0.0180635478611157,0.4248527508274992,0.1849920838555737,0.2648564302265814,-0.31026053975897,0.6177445488385472,middle,K Rabada,2025,112821250.0,0.5475427269583941,0.005443965923062075
2025,Karim Janat,Gujarat Titans,0,6,30.0,0,0.0,6,100.0,0.0180635478611157,0.9718619909763252,0.0746306078931461,0.999999999880372,-0.9280050885975172,0.0,middle,Karim Janat,2025,7871250.000000001,0.0,0.0
2025,KH Pandya,Royal Challengers Bengaluru,10,204,8.24,55,26.96,28,13.73,0.4726527142743366,0.2504728354830857,0.4318149286550967,0.1543888564932718,0.607267510322911,1.5352725989204283,middle,KH Pandya,2025,60346250.00000001,2.5441060528540347,0.025294878325442065
2025,KK Ahmed,Chennai Super Kings,0,6,4.0,3,50.0,0,0.0,0.0180635478611157,0.1099080368024176,0.7370644371994343,0.0198085736753178,0.1563265087745061,1.0843315973720236,middle,KK Ahmed,2025,50376000.00000001,2.152476570930648,0.021401086208248304
2025,KT Maphaka,Rajasthan Royals,0,6,11.0,2,33.33,1,16.67,0.0180635478611157,0.3419725629261619,0.5162089985087178,0.1832064844237004,-0.1282613258813807,0.7997437627161366,middle,KT Maphaka,2025,15742500.000000002,5.080157298498564,0.05050967140126541
2025,KV Sharma,Mumbai Indians,6,84,9.14,22,26.19,15,17.86,0.2908170477090482,0.2803097031275671,0.4216134476837799,0.1948707623955405,0.2994876908875445,1.227492779485062,middle,KV Sharma,2025,5247500.000000001,23.391953872988317,0.23257545665119359
2025,L Ngidi,Royal Challengers Bengaluru,0,18,10.0,1,5.56,4,22.22,0.0180635478611157,0.3088204877656271,0.1482932497120053,0.2376071085780809,-0.2229945152228427,0.7050105733746745,middle,L Ngidi,2025,10495000.000000002,6.71758526321748,0.0667898658089541
2025,LH Ferguson,Punjab Kings,4,36,9.33,12,33.33,6,16.67,0.1998992144264041,0.2866085974080687,0.5162089985087178,0.1832064844237004,0.1887833463810264,1.1167884349785435,middle,LH Ferguson,2025,20990000.000000004,5.320573773123123,0.0529000220182288
2025,LS Livingstone,Royal Challengers Bengaluru,2,42,8.86,8,19.05,7,16.67,0.1089813811437599,0.2710271220826172,0.3270178968588418,0.1832064844237004,0.0081144462224585,0.9361195348199758,middle,LS Livingstone,2025,91831250.0,1.019391040435555,0.010135337048916084
2025,M Jansen,Punjab Kings,5,116,8.84,40,34.48,21,18.1,0.2453581310677262,0.2703640805794066,0.5314449765827625,0.1972232218184327,0.2717347807492062,1.1997398693467236,middle,M Jansen,2025,73465000.0,1.6330767975862297,0.01623693275078116
2025,M Prasidh Krishna,Gujarat Titans,10,150,6.56,64,42.67,19,12.67,0.4726527142743366,0.194777349213387,0.6399516378231325,0.1439988273754982,0.7163429179126355,1.6443480065101528,middle,M Prasidh Krishna,2025,99702500.0,1.6492545387629725,0.016397780603089492
2025,M Shahrukh Khan,Gujarat Titans,1,6,13.0,1,16.67,2,33.33,0.0635224645024378,0.4082767132472318,0.2954860465838626,0.3465063760294624,-0.2119931350748624,0.7160119535226548,middle,M Shahrukh Khan,2025,3148500.0000000005,22.741367429653952,0.22610697437001526
2025,M Siddharth,Lucknow Super Giants,1,24,8.75,5,20.83,4,16.67,0.0635224645024378,0.2673803938149585,0.3506005411821457,0.1832064844237004,-0.0500817528284064,0.8779233357691109,middle,M Siddharth,2025,7871250.000000001,11.15354404661408,0.11089456716635886
2025,M Theekshana,Rajasthan Royals,7,120,9.7,30,25.0,23,19.17,0.3362759643503704,0.2988748652174666,0.4058475225462902,0.2077112700788267,0.345526057099704,1.2735311456972214,middle,M Theekshana,2025,46178000.00000001,2.757874194848675,0.027420276806981107
2025,M Tiwari,Delhi Capitals,0,6,14.0,0,0.0,2,33.33,0.0180635478611157,0.4414287884077667,0.0746306078931461,0.3465063760294624,-0.3729598017724884,0.5550452868250288,middle,M Tiwari,2025,4198000.0,13.221660000596207,0.13145689449551948
2025,MA Starc,Delhi Capitals,2,36,8.33,10,27.78,7,19.44,0.1089813811437599,0.2534565222475338,0.4426788434557198,0.2103577869295804,0.0514389495684126,0.97944403816593,middle,MA Starc,2025,3148500.0000000005,31.10827499335969,0.3092952945057797
2025,MJ Santner,Mumbai Indians,6,162,6.81,56,34.57,19,11.73,0.2908170477090482,0.2030653680035207,0.5326373574755138,0.1347850279691707,0.4066074788095757,1.334612567407093,middle,MJ Santner,2025,20990000.000000004,6.358325714183386,0.06321791307141938
2025,MM Ali,Kolkata Knight Riders,2,30,10.8,7,23.33,6,20.0,0.1089813811437599,0.335342147894055,0.3837222326474601,0.2158468589163287,-0.0328543485886319,0.8951507400088854,middle,MM Ali,2025,20990000.000000004,4.264653358784589,0.04240149017751389
2025,MM Sharma,Delhi Capitals,2,78,8.92,15,19.23,12,15.38,0.1089813811437599,0.2730162465922494,0.3294026586443445,0.1705620150256552,0.0097674690300126,0.93777255762753,middle,MM Sharma,2025,23089000.000000004,4.061555535655636,0.04038218177704614
2025,Mohammed Shami,Sunrisers Hyderabad,1,42,12.0,8,19.05,14,33.33,0.0635224645024378,0.3751246380866969,0.3270178968588418,0.3465063760294624,-0.1760119198639407,0.7519931687335766,middle,Mohammed Shami,2025,104950000.0,0.7165251726856374,0.0071240807905264755
2025,MP Stoinis,Punjab Kings,0,60,11.4,15,25.0,15,25.0,0.0180635478611157,0.355233392990376,0.4058475225462902,0.2648564302265814,-0.1883084218820564,0.7396966667154609,middle,MP Stoinis,2025,115445000.0,0.6407351264372305,0.006370535160625382
2025,Mukesh Choudhary,Chennai Super Kings,0,6,8.0,2,33.33,1,16.67,0.0180635478611157,0.2425163374445572,0.5162089985087178,0.1832064844237004,-0.048696345496097,0.8793087431014203,middle,Mukesh Choudhary,2025,3148500.0000000005,27.927862255087188,0.2776739109753878
2025,Mukesh Kumar,Delhi Capitals,5,48,7.5,19,39.58,7,14.58,0.2453581310677262,0.2259402998642898,0.5990132271720039,0.1627204836160147,0.3344448281385556,1.262449916736073,middle,Mukesh Kumar,2025,83960000.00000001,1.503632583058686,0.014949928361662444
2025,N Rana,Rajasthan Royals,0,12,9.0,0,0.0,2,16.67,0.0180635478611157,0.2756684126050922,0.0746306078931461,0.1832064844237004,-0.2076915228091964,0.7203135657883208,middle,N Rana,2025,44079000.00000001,1.634142257737972,0.01624752613185059
2025,Naman Dhir,Mumbai Indians,0,18,6.33,3,16.67,1,5.56,0.0180635478611157,0.1871523719264639,0.2954860465838626,0.0743072169723188,-0.0488422051688025,0.8791628834287147,middle,Naman Dhir,2025,55098750.00000001,1.5956131190430176,0.015864448596942155
2025,NT Ellis,Chennai Super Kings,0,6,8.0,1,16.67,0,0.0,0.0180635478611157,0.2425163374445572,0.2954860465838626,0.0198085736753178,-0.082233648923877,0.8457714396736402,middle,NT Ellis,2025,20990000.000000004,4.029401808831063,0.04006249203501488
2025,P Dubey,Punjab Kings,1,12,10.5,3,25.0,4,33.33,0.0635224645024378,0.3253965253458945,0.4058475225462902,0.3465063760294624,-0.1125805419650643,0.815424546632453,middle,P Dubey,2025,3148500.0000000005,25.89882631832469,0.2575001383133637
2025,Prince Yadav,Lucknow Super Giants,3,90,9.6,23,25.56,17,18.89,0.1544402977850819,0.2955596577014131,0.4132667814345206,0.2049667340854526,0.0781994081297581,1.0062044967272754,middle,Prince Yadav,2025,3148500.0000000005,31.958218095196926,0.3177458885053512
2025,PVD Chameera,Delhi Capitals,1,30,9.8,4,13.33,5,16.67,0.0635224645024378,0.3021900727335201,0.2512354667862025,0.1832064844237004,-0.1077390182820387,0.8202660703154786,middle,PVD Chameera,2025,7871250.000000001,10.421039483125025,0.10361161063021097
2025,PVSN Raju,Mumbai Indians,0,6,12.0,0,0.0,2,33.33,0.0180635478611157,0.3751246380866969,0.0746306078931461,0.3465063760294624,-0.3199164815156327,0.6080886070818846,middle,PVSN Raju,2025,3148500.0000000005,19.31359717585785,0.19202622864006644
2025,PWH de Silva,Rajasthan Royals,9,222,9.41,53,23.87,40,18.02,0.4271937976330145,0.2892607634209115,0.3908765180039681,0.1964390686774686,0.4873572273784893,1.4153623159760067,middle,PWH de Silva,2025,55098750.00000001,2.5687739122502897,0.025540139524863135
2025,R Ashwin,Chennai Super Kings,6,102,7.35,30,29.41,11,10.78,0.2908170477090482,0.2209674885902095,0.4642741862911048,0.1254732094202227,0.3736391946946916,1.3016442832922088,middle,R Ashwin,2025,102326250.0,1.2720531469610277,0.012647440361135354
2025,R Sai Kishore,Gujarat Titans,16,210,9.17,62,29.52,38,18.1,0.7454062141222692,0.2813042653823831,0.4657315407155786,0.1972232218184327,0.9933407267284844,1.9213458153260012,middle,R Sai Kishore,2025,20990000.000000004,9.153624656150551,0.09101028695495934
2025,R Shepherd,Royal Challengers Bengaluru,4,66,10.64,20,30.3,16,24.24,0.1998992144264041,0.3300378158683694,0.4760655084527567,0.257406975387423,0.127156826403253,1.0551619150007705,middle,R Shepherd,2025,15742500.000000002,6.702632459906433,0.06664119695139886
2025,Rasikh Salam,Royal Challengers Bengaluru,1,24,11.25,8,33.33,7,29.17,0.0635224645024378,0.3502605817162957,0.5162089985087178,0.3057304126993322,-0.0912081516066309,0.8367969369908863,middle,Rasikh Salam,2025,62970000.00000001,1.328881907242951,0.013212462630983093
2025,RD Chahar,Sunrisers Hyderabad,0,6,9.0,2,33.33,1,16.67,0.0180635478611157,0.2756684126050922,0.5162089985087178,0.1832064844237004,-0.0752180056245249,0.8527870829729923,middle,RD Chahar,2025,33584000.0,2.53926596883335,0.025246755592409457
2025,RJW Topley,Mumbai Indians,0,6,19.0,2,33.33,3,50.0,0.0180635478611157,0.6071891642104413,0.5162089985087178,0.5099042867778449,-0.4057741673796332,0.5222309212178842,middle,RJW Topley,2025,7871250.000000001,6.634663124889746,0.06596540906229746
2025,Sandeep Sharma,Rajasthan Royals,0,48,9.38,5,10.42,8,16.67,0.0180635478611157,0.2882662011660954,0.2126818179205765,0.1832064844237004,-0.1763543906497699,0.7516506979477474,middle,Sandeep Sharma,2025,27287000.000000004,2.754610979395856,0.02738783215407988
2025,SH Johnson,Kolkata Knight Riders,0,6,16.0,1,16.67,3,50.0,0.0180635478611157,0.5077329387288365,0.2954860465838626,0.5099042867778449,-0.3924260725718058,0.5355790160257115,middle,SH Johnson,2025,29386000.000000004,1.8225652216215595,0.01812092914498668
2025,Shahbaz Ahmed,Lucknow Super Giants,0,30,13.8,4,13.33,10,33.33,0.0180635478611157,0.4347983733756597,0.2512354667862025,0.3465063760294624,-0.3146740120788859,0.6133310765186314,middle,Shahbaz Ahmed,2025,25188000.000000004,2.4350130082524664,0.02421021627440334
2025,Simarjeet Singh,Sunrisers Hyderabad,0,24,13.25,9,37.5,8,33.33,0.0180635478611157,0.4165647320373655,0.5714559798728623,0.3465063760294624,-0.2040209450822526,0.7239841435152646,middle,Simarjeet Singh,2025,5247500.000000001,13.796744040309948,0.13717469104537006
2025,Simarjeet Singh,Sunrisers Hyderabad,0,24,13.25,9,37.5,8,33.33,0.0180635478611157,0.4165647320373655,0.5714559798728623,0.3465063760294624,-0.2040209450822526,0.7239841435152646,middle,Simarjeet Singh,2025,15742500.000000002,4.5989146801033165,0.045724897015123354
2025,SM Curran,Chennai Super Kings,1,48,10.88,7,14.58,12,25.0,0.0635224645024378,0.3379943139068978,0.2677963125188597,0.2648564302265814,-0.1477441466615199,0.7802609419359974,middle,SM Curran,2025,25188000.000000004,3.0977486975385,0.03079949292960102
2025,Suryansh Shedge,Punjab Kings,0,18,13.33,1,5.56,5,27.78,0.0180635478611157,0.4192168980502083,0.1482932497120053,0.2921057518750819,-0.3222113721099079,0.6057937164876094,middle,Suryansh Shedge,2025,3148500.0000000005,19.240708797446697,0.1913015329611341
2025,TU Deshpande,Rajasthan Royals,1,78,9.85,24,30.77,14,17.95,0.0635224645024378,0.3038476764915468,0.4822923864482359,0.195752934679125,-0.0422573154409349,0.8857477731565824,middle,TU Deshpande,2025,68217500.0,1.2984172289465057,0.012909566322919269
2025,V Nigam,Delhi Capitals,3,120,8.4,32,26.67,17,14.17,0.1544402977850819,0.2557771675087712,0.4279728124451202,0.158701698768574,0.1236902166504272,1.0516953052479443,middle,V Nigam,2025,5247500.000000001,20.04183525960828,0.19926676552718067
2025,V Puthur,Mumbai Indians,5,54,8.67,18,33.33,9,16.67,0.2453581310677262,0.2647282278021157,0.5162089985087178,0.1832064844237004,0.2744760170277719,1.202481105625289,middle,V Puthur,2025,3148500.0000000005,38.1921901103792,0.3797274098461573
2025,VG Arora,Kolkata Knight Riders,5,51,11.76,12,23.53,15,29.41,0.2453581310677262,0.3671681400481685,0.3863719679646853,0.3080828721222243,0.1285977005280152,1.0566027891255323,middle,VG Arora,2025,18891000.0,5.593154354589659,0.05561016558097039
2025,Vijaykumar Vyshak,Punjab Kings,2,54,10.56,14,25.93,10,18.52,0.1089813811437599,0.3273856498555266,0.4181687917713871,0.2013400258084939,-0.0132538157990641,0.9147512727984533,middle,Vijaykumar Vyshak,2025,18891000.0,4.842259662264852,0.04814436443786608
2025,Washington Sundar,Gujarat Titans,1,47,10.47,10,21.28,10,21.28,0.0635224645024378,0.3244019630910785,0.3565624456459024,0.2283933091717534,-0.102947801859786,0.8250572867377313,middle,Washington Sundar,2025,33584000.0,2.4566974950504146,0.024425815169932252
2025,WG Jacks,Mumbai Indians,3,54,7.67,23,42.59,7,12.96,0.1544402977850819,0.2315761526415807,0.6388917436962425,0.1468413825114929,0.2086987711709325,1.1367038597684498,middle,WG Jacks,2025,55098750.00000001,2.063030213513827,0.020511762146865592
2025,XC Bartlett,Punjab Kings,0,12,12.0,3,25.0,4,33.33,0.0180635478611157,0.3751246380866969,0.4058475225462902,0.3465063760294624,-0.2205514071196894,0.7074536814778278,middle,XC Bartlett,2025,8396000.0,8.426080055714957,0.08377664505402299
2025,Yash Thakur,Punjab Kings,0,12,11.5,1,8.33,3,25.0,0.0180635478611157,0.3585486005064294,0.1849920838555737,0.2648564302265814,-0.2572172195021142,0.6707878690954031,middle,Yash Thakur,2025,16792000.0,3.994687167076007,0.03971734029170592
2025,YS Chahal,Punjab Kings,8,204,9.76,58,28.43,40,19.61,0.3817348809916924,0.3008639897270987,0.4512904832367016,0.212024112354129,0.4248934522060443,1.3528985408035616,middle,YS Chahal,2025,188910000.00000003,0.716160362502547,0.007120453650383162
2025,Zeeshan Ansari,Sunrisers Hyderabad,5,166,9.94,37,22.29,35,21.08,0.2453581310677262,0.3068313632559949,0.3699436089978893,0.2264329263193432,0.1882686034322914,1.1162736920298086,middle,Zeeshan Ansari,2025,4198000.0,26.590607242253657,0.26437819840013366
