season,player,team,wickets,balls,economy,dot_balls,dot_pct,boundaries_conceded,boundary_pct_conceded,wickets_z,economy_z,dot_pct_z,boundary_pct_conceded_z,impact_score,impact_score_pos,phase,name,year,adj_price,ROI,ROI_z
2013,AM Nayar,Lucknow Super Giants,1,6,7.0,3,50.0,1,16.67,0.0901259180409922,0.2970445911091023,0.5382984346534175,0.2670055854366938,0.0947549948156237,0.7478320634105298,powerplay,AM Nayar,2013,83114359.61769001,0.8997627688529547,0.008859174763406525
2013,CH Morris,Chennai Super Kings,4,108,8.67,49,45.37,23,21.3,0.2809043870637742,0.3718156113504669,0.493576328025983,0.3295095362819778,0.3176197660718272,0.9706968346667332,powerplay,CH Morris,2013,76957740.38675001,1.261337494823146,0.012419283936943849
2013,DJG Sammy,Sunrisers Hyderabad,0,24,9.75,8,33.33,5,20.83,0.0265330950333983,0.4201705226442835,0.3772795323900627,0.3231646427836445,-0.1217346876117543,0.5313423809831517,powerplay,DJG Sammy,2013,52331263.46299,1.0153440712528,0.009997202466695176
2013,DP Nannes,Chennai Super Kings,2,48,5.63,21,43.75,4,8.33,0.1537187410485862,0.2357054906715757,0.4779284203075286,0.1544174752747783,0.2252203972743944,0.8782974658693005,powerplay,DP Nannes,2013,73879430.77128,1.1888254372023817,0.01170532130906639
2013,DT Christian,Royal Challengers Bengaluru,0,24,6.75,11,45.83,3,12.5,0.0265330950333983,0.285851324605904,0.4980195610818404,0.2107115303557361,0.0041375425005503,0.6572146110954564,powerplay,DT Christian,2013,12313238.46188,5.337463520503541,0.05255332156244801
2013,J Botha,Delhi Capitals,1,24,7.5,11,45.83,4,16.67,0.0901259180409922,0.3194311241154989,0.4980195610818404,0.2670055854366938,0.0714780662409523,0.7245551348358583,powerplay,J Botha,2013,55409573.07846001,1.3076352958177238,0.012875137773500418
2013,JD Unadkat,Royal Challengers Bengaluru,5,90,6.27,41,45.56,13,14.44,0.3444972100713681,0.2643602529197633,0.4954115764620981,0.2369010907531121,0.4858089434351775,1.1388860120300834,powerplay,JD Unadkat,2013,64644501.92487001,1.7617677886260144,0.017346582090605307
2013,JDP Oram,Mumbai Indians,0,6,3.0,4,66.67,0,0.0,0.0265330950333983,0.1179523270579297,0.6993173369167724,0.0419643628468699,0.1822258075267903,0.8353028761216964,powerplay,JDP Oram,2013,6156619.23094,13.567557855842278,0.13358784150489705
2013,JO Holder,Chennai Super Kings,2,84,9.21,36,42.86,20,23.81,0.1537187410485862,0.3959930669973752,0.469331730264674,0.3633939675177581,0.1007023036500423,0.7537793722449484,powerplay,JO Holder,2013,2462647.6923760003,30.608494043973074,0.3013749927949741
2013,JP Faulkner,Rajasthan Royals,7,162,5.81,86,53.09,22,13.58,0.4716828560865561,0.2437646425538785,0.568145369746025,0.2252912856285021,0.711027316651002,1.364104385245908,powerplay,JP Faulkner,2013,49252953.84752,2.76958898641689,0.02726971342096402
2013,KW Richardson,Lucknow Super Giants,1,36,7.17,20,55.56,7,19.44,0.0901259180409922,0.3046560123312772,0.5920035994155203,0.3043999577566585,0.0995819591691742,0.7526590277640802,powerplay,KW Richardson,2013,86192669.23316,0.8732285871412805,0.008597915950389196
2013,MC Henriques,Royal Challengers Bengaluru,5,96,7.75,43,44.79,19,19.79,0.3444972100713681,0.3306243906186972,0.4879739906946845,0.3091248784469068,0.4360008413167275,1.0890779099116337,powerplay,MC Henriques,2013,36939715.38564,2.948257447416618,0.02902890503846487
2013,MS Gony,Punjab Kings,0,24,10.5,9,37.5,9,37.5,0.0265330950333983,0.4537503221538784,0.4175584059616398,0.5482058653734684,-0.1714491698130434,0.4816278987818626,powerplay,MS Gony,2013,61566192.30940001,0.7822928147991491,0.007702551163900737
2013,NLTC Perera,Sunrisers Hyderabad,6,120,7.0,59,49.17,23,19.17,0.4080900330789621,0.2970445911091023,0.5302812967482835,0.300755018938467,0.5625461393006836,1.2156232078955895,powerplay,NLTC Perera,2013,83114359.61769001,1.4625910775072095,0.01440085143726702
2013,NM Coulter-Nile,Mumbai Indians,1,12,7.5,7,58.33,3,25.0,0.0901259180409922,0.3194311241154989,0.6187595897736181,0.3794586978646023,0.0852094523629039,0.7382865209578099,powerplay,NM Coulter-Nile,2013,55409573.07846001,1.332416909100519,0.013119140582453406
2013,R McLaren,Kolkata Knight Riders,1,24,15.25,8,33.33,12,50.0,0.0901259180409922,0.6664223857146458,0.3772795323900627,0.7169530328823345,-0.2282290626552826,0.4248480059396234,powerplay,R McLaren,2013,6156619.23094,6.900670481691574,0.06794484935170428
2013,SMSM Senanayake,Kolkata Knight Riders,4,120,5.4,53,44.17,11,9.17,0.2809043870637742,0.2254076854886333,0.4819852852715723,0.1657572849313741,0.4200968664465415,1.0731739350414475,powerplay,SMSM Senanayake,2013,76957740.38675001,1.394497719980118,0.013730395873375807
2014,A Mishra,Sunrisers Hyderabad,2,36,8.0,9,25.0,5,13.89,0.1580807057864993,0.3142249466397842,0.3227163002034796,0.2236522996757614,0.1320930154857484,0.7851700840806544,powerplay,A Mishra,2014,92008373.22575,0.8533680757013017,0.008402366914767607
2014,A Mishra,Sunrisers Hyderabad,2,36,8.0,9,25.0,5,13.89,0.1580807057864993,0.3142249466397842,0.3227163002034796,0.2236522996757614,0.1320930154857484,0.7851700840806544,powerplay,A Mishra,2014,1937018.3837,40.53498359581182,0.3991124284514612
2014,A Mishra,Sunrisers Hyderabad,2,36,8.0,9,25.0,5,13.89,0.1580807057864993,0.3142249466397842,0.3227163002034796,0.2236522996757614,0.1320930154857484,0.7851700840806544,powerplay,A Mishra,2014,1937018.3837,40.53498359581182,0.3991124284514612
2014,A Nehra,Chennai Super Kings,1,24,11.25,7,29.17,8,33.33,0.0823305411529927,0.4256633927920166,0.3594727408367024,0.4321106858743434,-0.0679161995903771,0.5851608690045288,powerplay,A Nehra,2014,38740367.674,1.510468031508257,0.014872253808333756
2014,AB Dinda,Royal Challengers Bengaluru,3,48,9.0,21,43.75,11,22.92,0.2338308704200058,0.3485136993020096,0.4879880656406326,0.3204825068451645,0.2587893743021608,0.9118664428970668,powerplay,AB Dinda,2014,29055275.7555,3.13838509250581,0.03090092519034043
2014,AD Russell,Kolkata Knight Riders,0,6,8.0,2,33.33,1,16.67,0.0065803765194861,0.3142249466397842,0.3961410365283587,0.2534627067555998,-0.0790921389332752,0.5739849296616307,powerplay,AD Russell,2014,11622110.3022,4.938732422398182,0.048627366183983514
2014,AR Patel,Punjab Kings,2,72,6.83,23,31.94,9,12.5,0.1580807057864993,0.2741071060249806,0.3838888896506178,0.2087470961358422,0.1734847533352755,0.8265618219301816,powerplay,AR Patel,2014,14527637.87775,5.689581671058263,0.05602032013264733
2014,B Kumar,Sunrisers Hyderabad,5,150,5.72,86,57.33,20,13.33,0.385331199687019,0.2360465905699104,0.6076888962879147,0.2176473255877364,0.5987507080144004,1.2518277766093064,powerplay,B Kumar,2014,82323281.30725,1.5206242471521374,0.01497225315531572
2014,BCJ Cutting,Rajasthan Royals,0,12,8.5,2,16.67,2,16.67,0.0065803765194861,0.331369322970897,0.2492915638786003,0.2534627067555998,-0.1317191688937591,0.5213578997011469,powerplay,BCJ Cutting,2014,15496147.0696,3.364435671393022,0.03312664696174027
2014,BE Hendricks,Punjab Kings,0,36,10.83,14,38.89,9,25.0,0.0065803765194861,0.411262116673882,0.4451496240393225,0.3427866963149716,-0.1307729456089093,0.5223041229859966,powerplay,BE Hendricks,2014,34866330.9066,1.498018602488303,0.014749675200715883
2014,BW Hilfenhaus,Chennai Super Kings,4,60,6.2,33,55.0,8,13.33,0.3095810350535125,0.2525051918477786,0.5871511249029244,0.2176473255877364,0.4707348290097094,1.1238118976046154,powerplay,BW Hilfenhaus,2014,19370183.837,5.801761651110217,0.05712485799822569
2014,CJ Anderson,Mumbai Indians,2,48,11.13,18,37.5,16,33.33,0.1580807057864993,0.4215487424725496,0.4328974771615815,0.4321106858743434,0.0697937934170798,0.7228708620119859,powerplay,CJ Anderson,2014,87165827.2665,0.829305342106015,0.008165442283536531
2014,DJG Sammy,Sunrisers Hyderabad,1,18,9.33,5,27.78,5,27.78,0.0823305411529927,0.359828987680544,0.3472205939589614,0.37259710339481,-0.0267719246020564,0.6263051439928495,powerplay,DJG Sammy,2014,67795643.4295,0.9238132604260004,0.00909597885818261
2014,DR Smith,Chennai Super Kings,0,6,7.0,2,33.33,1,16.67,0.0065803765194861,0.2799361939775589,0.3961410365283587,0.2534627067555998,-0.0619477626021625,0.5911293059927434,powerplay,DR Smith,2014,87165827.2665,0.6781663462969612,0.006677309162463817
2014,DS Kulkarni,Rajasthan Royals,3,72,6.5,42,58.33,12,16.67,0.2338308704200058,0.2627918176464462,0.6165033904445628,0.2534627067555998,0.3536088725890345,1.0066859411839406,powerplay,DS Kulkarni,2014,21307202.2207,4.724627526207748,0.04651926307201529
2014,HV Patel,Royal Challengers Bengaluru,2,24,11.0,9,37.5,6,25.0,0.1580807057864993,0.4170912046264603,0.4328974771615815,0.3427866963149716,0.0898873602519989,0.742964428846905,powerplay,HV Patel,2014,7748073.5348,9.589021393639664,0.09441468271086131
2014,I Sharma,Sunrisers Hyderabad,1,18,10.33,8,44.44,5,27.78,0.0823305411529927,0.3941177403427693,0.4940700666087198,0.37259710339481,0.0001385408617583,0.6532156094566643,powerplay,I Sharma,2014,50362477.9762,1.297028334795911,0.012770700332150546
2014,IC Pandey,Chennai Super Kings,3,150,8.04,76,50.67,33,22.0,0.2338308704200058,0.3155964967462732,0.548984365204638,0.3106171922719806,0.2955199283638675,0.9485969969587736,powerplay,IC Pandey,2014,29055275.7555,3.264801218688174,0.032145633899715184
2014,IK Pathan,Sunrisers Hyderabad,0,12,16.0,4,33.33,6,50.0,0.0065803765194861,0.5885349679375871,0.3961410365283587,0.6108658966732304,-0.2877277875657028,0.3653492810292031,powerplay,IK Pathan,2014,46488441.2088,0.7858927327510492,0.007737996398326767
2014,Iqbal Abdulla,Rajasthan Royals,0,6,9.0,1,16.67,1,16.67,0.0065803765194861,0.3485136993020096,0.2492915638786003,0.2534627067555998,-0.1402913570593154,0.5127857115355905,powerplay,Iqbal Abdulla,2014,12590619.49405,4.072759976408784,0.04010089509083643
2014,JD Unadkat,Delhi Capitals,3,66,6.36,31,46.97,7,10.61,0.2338308704200058,0.2579913922737347,0.5163707368250396,0.1884803085887578,0.3389657688229018,0.992042837417808,powerplay,JD Unadkat,2014,54236514.7436,1.8291050634570327,0.018009593171381667
2014,JDS Neesham,Delhi Capitals,0,18,13.33,4,22.22,7,38.89,0.0065803765194861,0.4969839983294454,0.2982120064479976,0.4917315000340202,-0.2475041324578982,0.4055729361370077,powerplay,JDS Neesham,2014,19370183.837,2.093800139172153,0.020615813406258492
2014,JH Kallis,Kolkata Knight Riders,2,30,7.4,11,36.67,4,13.33,0.1580807057864993,0.2936516950424491,0.4255814470115636,0.2176473255877364,0.1744401801444462,0.8275172487393523,powerplay,JH Kallis,2014,106536011.1035,0.7767488571872821,0.00764796467614568
2014,JJ Bumrah,Mumbai Indians,0,96,6.75,50,52.08,17,17.71,0.0065803765194861,0.2713640058120026,0.5614128019655118,0.2646148014905033,-0.0103105578352191,0.6427665107596868,powerplay,JJ Bumrah,2014,23244220.6044,2.7652745243607555,0.027227232697501647
2014,JO Holder,Sunrisers Hyderabad,1,12,10.5,6,50.0,0,0.0,0.0823305411529927,0.3999468282953476,0.5430786541196837,0.0747074959567127,0.0715044946263778,0.7245815632212838,powerplay,JO Holder,2014,14527637.87775,4.987607547205086,0.049108596667436014
2014,JP Duminy,Delhi Capitals,0,48,7.75,14,29.17,5,10.42,0.0065803765194861,0.3056527584742279,0.3594727408367024,0.186442906666035,-0.072402573540081,0.5806744950548249,powerplay,JP Duminy,2014,42614404.4414,1.3626249214706805,0.013416572383486444
2014,JW Hastings,Chennai Super Kings,0,12,13.0,5,41.67,6,50.0,0.0065803765194861,0.485668709950911,0.4696539177948044,0.6108658966732304,-0.214240794192431,0.4388362744024749,powerplay,JW Hastings,2014,9685091.9185,4.531049143315108,0.044613266531783026
2014,K Santokie,Mumbai Indians,1,18,10.33,7,38.89,4,22.22,0.0823305411529927,0.3941177403427693,0.4451496240393225,0.3129762892351332,-0.0026134290771254,0.6504636395177805,powerplay,K Santokie,2014,5811055.151099999,11.193554743576156,0.11021311520093091
2014,KK Cooper,Rajasthan Royals,2,36,6.17,16,44.44,4,11.11,0.1580807057864993,0.2514765292679119,0.4940700666087198,0.193841892595923,0.2208354355092243,0.8739125041041303,powerplay,KK Cooper,2014,5811055.151099999,15.038792119167956,0.1480737948116002
2014,KV Sharma,Sunrisers Hyderabad,4,78,6.54,35,44.87,11,14.1,0.3095810350535125,0.2641633677529353,0.4978602990960785,0.2259041649587707,0.4364671254408705,1.0895441940357764,powerplay,KV Sharma,2014,72638189.38875,1.499960562349207,0.01476879597608782
2014,KW Richardson,Rajasthan Royals,4,66,5.55,31,46.97,7,10.61,0.3095810350535125,0.2302175026173321,0.5163707368250396,0.1884803085887578,0.466477960601363,1.119555029196269,powerplay,KW Richardson,2014,19370183.837,5.779785254581573,0.056908475698071864
2014,L Balaji,Punjab Kings,4,54,7.56,27,50.0,11,20.37,0.3095810350535125,0.2991378954684051,0.5430786541196837,0.2931384284086221,0.4190985154002468,1.0721755839951528,powerplay,L Balaji,2014,34866330.9066,3.0751029893776294,0.0302778418283525
2014,LR Shukla,Delhi Capitals,0,8,14.25,1,12.5,2,25.0,0.0065803765194861,0.5285296507786927,0.2125351232453775,0.3427866963149716,-0.2591910628994982,0.3938860056954077,powerplay,LR Shukla,2014,29055275.7555,1.3556436669538316,0.013347834093824347
2014,M de Lange,Mumbai Indians,0,6,14.0,1,16.67,3,50.0,0.0065803765194861,0.5199574626131364,0.2492915638786003,0.6108658966732304,-0.2974938766984049,0.355583191896501,powerplay,M de Lange,2014,5811055.151099999,6.119081348405223,0.060249226722430084
2014,M Morkel,Kolkata Knight Riders,5,156,7.46,91,58.33,30,19.23,0.385331199687019,0.2957090202021826,0.6165033904445628,0.2809140168722854,0.558910503188349,1.2119875717832551,powerplay,M Morkel,2014,54236514.7436,2.2346339500479644,0.022002480410424408
2014,M Muralitharan,Royal Challengers Bengaluru,0,30,8.8,14,46.67,6,20.0,0.0065803765194861,0.3416559487695646,0.5137263885780453,0.2891708562433198,-0.0646736642808034,0.5884034043141025,powerplay,M Muralitharan,2014,19370183.837,3.0376758902523298,0.029909330012220046
2014,MC Henriques,Sunrisers Hyderabad,1,24,14.0,7,29.17,11,45.83,0.0823305411529927,0.5199574626131364,0.3594727408367024,0.566150286053473,-0.1418711545367629,0.5112059140581431,powerplay,MC Henriques,2014,19370183.837,2.639138163891156,0.02598527859570568
2014,MG Johnson,Punjab Kings,4,168,8.36,78,46.43,34,20.24,0.3095810350535125,0.3265688975981854,0.5116109099804497,0.2917444165667591,0.3962214934619591,1.0492985620568651,powerplay,MG Johnson,2014,125906194.9405,0.8333970878499953,0.008205730114827392
2014,MM Sharma,Chennai Super Kings,5,114,8.05,56,49.12,26,22.81,0.385331199687019,0.3159393842728956,0.5353218992618333,0.3193029583635881,0.5167630854999131,1.1698401540948191,powerplay,MM Sharma,2014,38740367.674,3.019692956811918,0.02973226784025397
2014,Mohammed Shami,Delhi Capitals,2,126,8.38,54,42.86,27,21.43,0.1580807057864993,0.3272546726514299,0.4801431658412157,0.3045049865038122,0.1566356748056362,0.8097127434005422,powerplay,Mohammed Shami,2014,82323281.30725,0.983576857655251,0.009684418578820013
2014,NM Coulter-Nile,Delhi Capitals,1,12,1.5,9,75.0,0,0.0,0.0823305411529927,0.0913480543353195,0.7634410080358877,0.0747074959567127,0.291912587781253,0.9449896563761592,powerplay,NM Coulter-Nile,2014,82323281.30725,1.1479008627574423,0.011302372921250834
2014,P Negi,Chennai Super Kings,0,6,8.0,1,16.67,0,0.0,0.0065803765194861,0.3142249466397842,0.2492915638786003,0.0747074959567127,-0.0873959385684253,0.5656811300264807,powerplay,P Negi,2014,1937018.3837,29.2037047653592,0.28754326497091026
2014,P Suyal,Mumbai Indians,0,6,28.0,0,0.0,5,83.33,0.0065803765194861,0.9999999998842912,0.1023539462872754,0.9682690865908612,-0.653077068594906,0.0,powerplay,P Suyal,2014,1937018.3837,0.0,0.0
2014,Parvez Rasool,Sunrisers Hyderabad,0,18,9.33,5,27.78,3,16.67,0.0065803765194861,0.359828987680544,0.3472205939589614,0.2534627067555998,-0.1165702922244742,0.5365067763704316,powerplay,Parvez Rasool,2014,18401674.64515,2.9155323453772453,0.028706689663309137
2014,PJ Cummins,Kolkata Knight Riders,1,12,8.0,9,75.0,3,25.0,0.0823305411529927,0.3142249466397842,0.7634410080358877,0.3427866963149716,0.1268583015573689,0.7799353701522749,powerplay,PJ Cummins,2014,19370183.837,4.026473763570998,0.03964515535269531
2014,PP Ojha,Mumbai Indians,3,96,8.13,41,42.71,16,16.67,0.2338308704200058,0.3186824844858736,0.4788209917177185,0.2534627067555998,0.2843588195512675,0.9374358881461736,powerplay,PP Ojha,2014,62953097.47025,1.4891020868181768,0.014661882091980117
2014,PV Tambe,Rajasthan Royals,1,48,8.13,19,39.58,9,18.75,0.0823305411529927,0.3186824844858736,0.4512316250074097,0.2757668962254069,0.0443706777436938,0.6974477463385998,powerplay,PV Tambe,2014,1937018.3837,36.00625333283458,0.35452199390037326
2014,R Bhatia,Rajasthan Royals,1,24,6.75,7,29.17,2,8.33,0.0823305411529927,0.2713640058120026,0.3594727408367024,0.1640314855160846,0.0628493339712816,0.7159264025661876,powerplay,R Bhatia,2014,32929312.5229,2.1741310331587145,0.021406761257584776
2014,R Dhawan,Punjab Kings,0,42,9.57,12,28.57,10,23.81,0.0065803765194861,0.3680582883194781,0.3541840443427135,0.3300261263779184,-0.1339085913532794,0.5191684772416265,powerplay,R Dhawan,2014,58110551.511,0.8934151608307329,0.008796675434977816
2014,R Rampaul,Royal Challengers Bengaluru,1,30,6.2,15,50.0,4,13.33,0.0823305411529927,0.2525051918477786,0.5430786541196837,0.2176473255877364,0.1166373469239576,0.7697144155188637,powerplay,R Rampaul,2014,17433165.4533,4.415230369841761,0.043472900659129926
2014,R Shukla,Delhi Capitals,2,24,8.25,11,45.83,6,25.0,0.1580807057864993,0.3227971348053406,0.5063222134864608,0.3427866963149716,0.1590618160600225,0.8121388846549286,powerplay,R Shukla,2014,7748073.5348,10.48181694465413,0.10320525739146535
2014,R Tewatia,Rajasthan Royals,0,12,2.5,7,58.33,0,0.0,0.0065803765194861,0.1256368069975448,0.6165033904445628,0.0747074959567127,0.117061679222483,0.7701387478173891,powerplay,R Tewatia,2014,1937018.3837,39.75897979586063,0.3914717997003969
2014,S Badree,Chennai Super Kings,1,54,7.56,29,53.7,10,18.52,0.0823305411529927,0.2991378954684051,0.5756922824992818,0.2733005675821109,0.0919744352286489,0.7450515038235549,powerplay,S Badree,2014,5811055.151099999,12.821277452211426,0.1262398729657012
2014,S Gopal,Mumbai Indians,1,12,7.5,6,50.0,2,16.67,0.0823305411529927,0.2970805703086716,0.5430786541196837,0.2534627067555998,0.0871865814599384,0.7402636500548444,powerplay,S Gopal,2014,1937018.3837,38.21665588123269,0.37628588895317944
2014,S Kaul,Delhi Capitals,1,42,9.14,16,38.1,9,21.43,0.0823305411529927,0.3533141246747212,0.4381861736555705,0.3045049865038122,0.0173936041880371,0.6704706727829431,powerplay,S Kaul,2014,8716582.72665,7.691898233616855,0.07573537500425981
2014,S Nadeem,Delhi Capitals,2,42,7.57,14,33.33,6,14.29,0.1580807057864993,0.2994807829950274,0.3961410365283587,0.2279415668814935,0.1606346647644441,0.8137117333593502,powerplay,S Nadeem,2014,16464656.261449998,4.942172617745794,0.04866123877002484
2014,Sandeep Sharma,Punjab Kings,12,132,8.36,66,50.0,27,20.45,0.915582352121565,0.3265688975981854,0.5430786541196837,0.2939962818497685,1.314213419249206,1.967290487844112,powerplay,Sandeep Sharma,2014,16464656.261449998,11.948567018980436,0.11764705882237103
2014,Sandeep Sharma,Punjab Kings,12,132,8.36,66,50.0,27,20.45,0.915582352121565,0.3265688975981854,0.5430786541196837,0.2939962818497685,1.314213419249206,1.967290487844112,powerplay,Sandeep Sharma,2014,1937018.3837,101.5628196613337,0.9999999999901539
2014,SB Jakati,Royal Challengers Bengaluru,0,6,15.0,0,0.0,2,33.33,0.0065803765194861,0.5542462152753617,0.1023539462872754,0.4321106858743434,-0.3229684961471376,0.3301085724477683,powerplay,SB Jakati,2014,3874036.7674,8.521049031481331,0.08389929562620746
2014,Shakib Al Hasan,Kolkata Knight Riders,2,84,6.0,40,47.62,10,11.9,0.1580807057864993,0.2456474413153335,0.5221001580268609,0.2023131953272439,0.2304647463646916,0.8835418149595976,powerplay,Shakib Al Hasan,2014,54236514.7436,1.629053450680765,0.016039860414439902
2014,TG Southee,Rajasthan Royals,0,36,6.5,19,52.78,5,13.89,0.0065803765194861,0.2627918176464462,0.5675829478751655,0.2236522996757614,0.0040190803834034,0.6570961489783095,powerplay,TG Southee,2014,23244220.6044,2.826922701180718,0.027834228220321163
2014,UT Yadav,Kolkata Knight Riders,5,120,7.6,50,41.67,22,18.33,0.385331199687019,0.3005094455748941,0.4696539177948044,0.2712631656593881,0.5143856189496452,1.167462687544551,powerplay,UT Yadav,2014,50362477.9762,2.3181200259770054,0.022824494570789465
2014,VR Aaron,Royal Challengers Bengaluru,5,96,6.56,47,48.96,11,11.46,0.385331199687019,0.2648491428061797,0.5339115801967695,0.1975950014009386,0.5662267019062819,1.2193037705011878,powerplay,VR Aaron,2014,38740367.674,3.147372737299819,0.030989418645168586
2014,VS Malik,Rajasthan Royals,0,6,9.0,3,50.0,2,33.33,0.0065803765194861,0.3485136993020096,0.5430786541196837,0.4321106858743434,-0.0878848258107391,0.5651922427841668,powerplay,VS Malik,2014,3874036.7674,14.58923280078952,0.1436473785317737
2014,WD Parnell,Delhi Capitals,2,78,8.46,40,51.28,19,24.36,0.1580807057864993,0.3299977728644079,0.5543612066401933,0.3359238687858002,0.1712457604824429,0.8243228290773489,powerplay,WD Parnell,2014,19370183.837,4.255627287866866,0.04190142910580433
2014,Y Venugopal Rao,Sunrisers Hyderabad,0,6,9.0,1,16.67,1,16.67,0.0065803765194861,0.3485136993020096,0.2492915638786003,0.2534627067555998,-0.1402913570593154,0.5127857115355905,powerplay,Y Venugopal Rao,2014,10653601.11035,4.81326179030129,0.04739196692553397
2014,YS Chahal,Royal Challengers Bengaluru,1,36,6.83,6,16.67,3,8.33,0.0823305411529927,0.2741071060249806,0.2492915638786003,0.1640314855160846,0.0284234307773619,0.681500499372268,powerplay,YS Chahal,2014,1937018.3837,35.18296496858736,0.34641579552005647
2014,Yuvraj Singh,Royal Challengers Bengaluru,0,18,9.33,5,27.78,3,16.67,0.0065803765194861,0.359828987680544,0.3472205939589614,0.2534627067555998,-0.1165702922244742,0.5365067763704316,powerplay,Yuvraj Singh,2014,271182573.718,0.1978396948648845,0.0019479539414388345
2014,Z Khan,Mumbai Indians,4,60,6.1,28,46.67,7,11.67,0.3095810350535125,0.249076316581556,0.5137263885780453,0.1998468666839479,0.4539819375261147,1.1070590061210206,powerplay,Z Khan,2014,50362477.9762,2.19818215982976,0.021643571605613792
2015,A Mishra,Delhi Capitals,0,18,7.67,6,33.33,3,16.67,0.0157178404356789,0.3026529237174303,0.4070458105489435,0.2567681060867993,-0.0569895792578735,0.5960874893370325,powerplay,A Mishra,2015,61093668.0445,0.9756943860415264,0.009606806794902122
2015,AD Mathews,Delhi Capitals,5,60,9.0,25,41.67,16,26.67,0.3695285306152601,0.3608708765873904,0.4812206708895074,0.3971658243924277,0.4387903940175616,1.0918674626124676,powerplay,AD Mathews,2015,130915002.9525,0.8340277569322064,0.008211939760092341
2015,CH Morris,Rajasthan Royals,2,84,7.64,49,58.33,17,20.24,0.1572421165075113,0.301339736810589,0.6293925142077081,0.3068900915219086,0.2126330423139032,0.8657101109088092,powerplay,CH Morris,2015,24437467.2178,3.5425525206566206,0.03488040734231836
2015,D Wiese,Royal Challengers Bengaluru,6,84,7.64,32,38.1,13,15.48,0.4402906686511764,0.301339736810589,0.4494695616070358,0.2400607776084294,0.596594847531895,1.2496719161268008,powerplay,D Wiese,2015,48874934.4356,2.556876915657922,0.025175324239311
2015,DJ Muthuswami,Delhi Capitals,3,66,8.45,32,48.48,15,22.73,0.2280042545434276,0.3367957832953016,0.5417879129661548,0.3418491233800101,0.2677750393813349,0.920852107976241,powerplay,DJ Muthuswami,2015,13091500.29525,7.033969271729341,0.06925732561497608
2015,DJG Sammy,Royal Challengers Bengaluru,0,6,8.0,1,16.67,1,16.67,0.0157178404356789,0.3170979796926836,0.2588739672307428,0.2567681060867993,-0.1086636602409604,0.5444134083539456,powerplay,DJG Sammy,2015,48874934.4356,1.1138908208077318,0.010967505869875303
2015,GB Hogg,Kolkata Knight Riders,4,36,6.0,18,50.0,4,11.11,0.2987663925793439,0.2295521859032699,0.5553065925486078,0.1787069747088698,0.4642240787401892,1.1173011473350951,powerplay,GB Hogg,2015,8727666.863499999,12.801830830731676,0.1260483991414769
2015,GS Sandhu,Delhi Capitals,0,6,7.0,3,50.0,1,16.67,0.0157178404356789,0.2733250827979768,0.5553065925486078,0.2567681060867993,0.0021525758017524,0.6552296443966584,powerplay,GS Sandhu,2015,29674067.3359,2.208088419358524,0.021741109853977706
2015,HH Pandya,Mumbai Indians,0,6,7.0,2,33.33,1,16.67,0.0157178404356789,0.2733250827979768,0.4070458105489435,0.2567681060867993,-0.0423256587981468,0.6107514097967592,powerplay,HH Pandya,2015,1745533.3727,34.98938601512074,0.3445097933618827
2015,J Suchith,Mumbai Indians,2,66,9.18,19,28.79,13,19.7,0.1572421165075113,0.3687499980284376,0.3666676491645119,0.2993086147334047,0.1016267475497208,0.7547038161446269,powerplay,J Suchith,2015,1745533.3727,43.2362868535276,0.42570979219832067
2015,J Theron,Rajasthan Royals,0,6,12.0,1,16.67,2,33.33,0.0157178404356789,0.492189567271511,0.2588739672307428,0.4906707047839763,-0.2429899737698095,0.4100870948250965,powerplay,J Theron,2015,5236600.1181,7.831170713372874,0.0771066689504013
2015,JD Unadkat,Delhi Capitals,0,6,13.0,1,16.67,2,33.33,0.0157178404356789,0.5359624641662178,0.2588739672307428,0.4906707047839763,-0.2648764222171629,0.388200646377743,powerplay,JD Unadkat,2015,19200867.0997,2.0217870597302787,0.019906763778832864
2015,KC Cariappa,Kolkata Knight Riders,0,6,12.0,2,33.33,2,33.33,0.0157178404356789,0.492189567271511,0.4070458105489435,0.4906707047839763,-0.1985384207743493,0.4545386478205567,powerplay,KC Cariappa,2015,41892800.9448,1.0850041953973883,0.010683084607188987
2015,M Vijay,Punjab Kings,0,6,5.0,1,16.67,0,0.0,0.0157178404356789,0.185779289008563,0.2588739672307428,0.0227251096713165,0.0038042843841963,0.6568813529791023,powerplay,M Vijay,2015,52366001.181,1.2544042664411792,0.012351018518506101
2015,MJ McClenaghan,Mumbai Indians,4,114,8.42,57,50.0,27,23.68,0.2987663925793439,0.3354825963884604,0.5553065925486078,0.3551869066190448,0.375962887115559,1.029039955710465,powerplay,MJ McClenaghan,2015,5236600.1181,19.65091724597509,0.19348534543751905
2015,P Kumar,Sunrisers Hyderabad,4,90,9.0,43,47.78,23,25.56,0.2987663925793439,0.3608708765873904,0.5355622052637095,0.3815816776605029,0.3520664766223329,1.0051435452172388,powerplay,P Kumar,2015,38401734.1994,2.617443108162921,0.025771666411637095
2015,PP Ojha,Mumbai Indians,0,6,11.0,1,16.67,1,16.67,0.0157178404356789,0.4484166703768041,0.2588739672307428,0.2567681060867993,-0.1743230055830207,0.4787540630118853,powerplay,PP Ojha,2015,8727666.863499999,5.485475906671966,0.05401066970087625
2015,RS Bopara,Sunrisers Hyderabad,0,12,8.0,2,16.67,0,0.0,0.0157178404356789,0.3170979796926836,0.2588739672307428,0.0227251096713165,-0.0618550609578638,0.5912220076370421,powerplay,RS Bopara,2015,17455333.726999998,3.3870564543978725,0.03334937397030559
2015,SA Abbott,Royal Challengers Bengaluru,0,6,9.0,2,33.33,1,16.67,0.0157178404356789,0.3608708765873904,0.4070458105489435,0.2567681060867993,-0.0860985556928536,0.5669785129020524,powerplay,SA Abbott,2015,17455333.726999998,3.248167704894964,0.03198185827937979
2015,Yuvraj Singh,Delhi Capitals,0,6,5.0,2,33.33,0,0.0,0.0157178404356789,0.185779289008563,0.4070458105489435,0.0227251096713165,0.0482558373796565,0.7013329059745625,powerplay,Yuvraj Singh,2015,279285339.632,0.251116978391588,0.0024725286204782177
2015,Z Khan,Delhi Capitals,4,79,5.16,51,64.56,10,12.66,0.2987663925793439,0.1927829525117161,0.6848013127594722,0.2004686210462422,0.5171047822317509,1.170181850826657,powerplay,Z Khan,2015,69821334.90799999,1.6759660243800063,0.01650176737857512
2016,A Mishra,Delhi Capitals,2,36,5.0,15,41.67,2,5.56,0.1764973566843842,0.1810485051176346,0.5005506459780844,0.1095366231242805,0.3024796516363283,0.9555567202312344,powerplay,A Mishra,2016,1636386.3998999998,58.39432057670661,0.5749576544925636
2016,A Nehra,Sunrisers Hyderabad,4,96,7.69,50,52.08,20,20.83,0.3137477972115812,0.3020240246592247,0.6154247448759369,0.306561597530727,0.442924787444395,1.096001856039301,powerplay,A Nehra,2016,90001251.9945,1.2177628996830825,0.011990243119793085
2016,A Zampa,Lucknow Super Giants,0,12,6.5,4,33.33,0,0.0,0.0392469161571872,0.2485069732635026,0.4085189471492572,0.037797339712372,0.0496131038063322,0.7026901724012382,powerplay,A Zampa,2016,4909159.1997,14.31385994661122,0.14093602357831897
2016,AB Dinda,Lucknow Super Giants,5,96,7.5,45,46.88,16,16.67,0.3823730174751797,0.2934792853607481,0.5580428703064045,0.2528861624599466,0.5436555121323275,1.1967325807272335,powerplay,AB Dinda,2016,8181931.9995,14.62652807185841,0.14401459235266686
2016,BCJ Cutting,Sunrisers Hyderabad,0,18,10.33,4,22.22,5,27.78,0.0392469161571872,0.4207509285959525,0.2859203651362753,0.3962357017956127,-0.1449761208804353,0.5081009477144707,powerplay,BCJ Cutting,2016,8181931.9995,6.210036306162418,0.0611447804108723
2016,CH Morris,Delhi Capitals,3,120,7.5,59,49.17,21,17.5,0.2451225769479827,0.2934792853607481,0.5833129650687562,0.2635954439764725,0.3432190234669323,0.9962960920618384,powerplay,CH Morris,2016,114547047.993,0.8697702031768835,0.008563864276992425
2016,CR Brathwaite,Delhi Capitals,0,24,6.75,10,41.67,4,16.67,0.0392469161571872,0.259750051287814,0.5005506459780844,0.2528861624599466,0.0285833098933098,0.6816603784882158,powerplay,CR Brathwaite,2016,68728228.7958,0.991820086784882,0.009765582425560752
2016,DL Chahar,Lucknow Super Giants,0,24,8.75,11,45.83,5,20.83,0.0392469161571872,0.3496946754823048,0.5464561456337104,0.306561597530727,-0.0133524393214038,0.6397246292735022,powerplay,DL Chahar,2016,1636386.3998999998,39.093739065088535,0.38492175773638065
2016,DR Smith,Gujarat Titans,6,36,5.83,20,55.56,5,13.89,0.4509982377387782,0.2183755241583482,0.6538264609340088,0.2170165207539923,0.7200542286583972,1.3731312972533032,powerplay,DR Smith,2016,37636887.1977,3.648365737688359,0.03592225727700446
2016,DS Kulkarni,Gujarat Titans,14,198,6.82,96,48.48,36,18.18,0.9999999998475664,0.2628981131346212,0.5756988317124144,0.2723693131707347,1.4867867300836162,2.139863798678522,powerplay,DS Kulkarni,2016,32727727.998,6.538381762428757,0.06437771011248938
2016,DW Steyn,Gujarat Titans,0,6,7.0,2,33.33,0,0.0,0.0392469161571872,0.2709931293121254,0.4085189471492572,0.037797339712372,0.0383700257820208,0.6914470943769269,powerplay,DW Steyn,2016,37636887.1977,1.837152713360369,0.018088831321032218
2016,I Sharma,Lucknow Super Giants,2,54,9.11,29,53.7,14,25.93,0.1764973566843842,0.3658847078373131,0.6333014057995221,0.3723656164876934,0.1973209795502377,0.8503980481451436,powerplay,I Sharma,2016,62182683.1962,1.3675801757572144,0.013465362425974518
2016,IK Pathan,Lucknow Super Giants,0,12,3.0,6,50.0,0,0.0,0.0392469161571872,0.0911038809231438,0.5924719950481239,0.037797339712372,0.1835005643461716,0.8365776329410777,powerplay,IK Pathan,2016,16363863.999,5.112347749848087,0.05033680402774489
2016,Iqbal Abdulla,Royal Challengers Bengaluru,3,30,7.6,13,43.33,7,23.33,0.2451225769479827,0.2979765165704726,0.5188687059368198,0.3388184695684557,0.3065925250040925,0.9596695935989984,powerplay,Iqbal Abdulla,2016,1636386.3998999998,58.64565934168385,0.577432366851012
2016,JD Unadkat,Kolkata Knight Riders,0,6,19.0,1,16.67,4,66.67,0.0392469161571872,0.8106608744790699,0.2246762490091781,0.8980236032145195,-0.4586619089439046,0.1944151596510014,powerplay,JD Unadkat,2016,26182182.3984,0.742547571828398,0.00731121461866802
2016,JO Holder,Kolkata Knight Riders,0,24,6.25,10,41.67,3,12.5,0.0392469161571872,0.2372638952391913,0.5005506459780844,0.1990816999010152,0.0505872804294074,0.7036643490243134,powerplay,JO Holder,2016,11454704.7993,6.143016003933288,0.06048489028127613
2016,JW Hastings,Kolkata Knight Riders,1,24,6.0,15,62.5,4,16.67,0.1078721364207857,0.22602081721488,0.730409193532577,0.2528861624599466,0.2173433215915223,0.8704203901864284,powerplay,JW Hastings,2016,21273023.1987,4.091662863600976,0.0402870152404644
2016,KC Cariappa,Punjab Kings,0,30,11.2,11,36.67,7,23.33,0.0392469161571872,0.459876840120556,0.4453757665843031,0.3388184695684557,-0.1052190097628973,0.5478580588320086,powerplay,KC Cariappa,2016,13091091.1992,4.18496862099233,0.04120571519091446
2016,KH Pandya,Mumbai Indians,0,60,9.4,18,30.0,12,20.0,0.0392469161571872,0.3789266783455143,0.3717724774729989,0.2958523160142011,-0.0782316848979168,0.5748453836969891,powerplay,KH Pandya,2016,32727727.998,1.7564475717108077,0.01729419858123746
2016,KJ Abbott,Punjab Kings,0,42,10.43,13,30.95,11,26.19,0.0392469161571872,0.425248159805677,0.3822557045578173,0.3757203311796173,-0.1142210605356359,0.53885600805927,powerplay,KJ Abbott,2016,34364114.3979,1.5680776807453525,0.015439485492414903
2016,KW Richardson,Royal Challengers Bengaluru,4,42,8.86,23,54.76,10,23.81,0.3137477972115812,0.3546416298130017,0.6449984802310037,0.3450117889996996,0.4177980671802321,1.0708751357751385,powerplay,KW Richardson,2016,32727727.998,3.2720729524535885,0.03221723228374578
2016,M Ashwin,Lucknow Super Giants,0,12,16.5,4,33.33,6,50.0,0.0392469161571872,0.6982300942359565,0.4085189471492572,0.6829347804669448,-0.3042759448308092,0.3488011237640968,powerplay,M Ashwin,2016,73637387.9955,0.4736739491430795,0.004663851896962935
2016,MM Sharma,Punjab Kings,3,114,7.74,44,38.6,21,18.42,0.2451225769479827,0.304272640264087,0.4666732700303027,0.2754659728863566,0.30045633172175,0.953533400316656,powerplay,MM Sharma,2016,106365115.9935,0.8964719225943651,0.00882677268684415
2016,MM Sharma,Punjab Kings,3,114,7.74,44,38.6,21,18.42,0.2451225769479827,0.304272640264087,0.4666732700303027,0.2754659728863566,0.30045633172175,0.953533400316656,powerplay,MM Sharma,2016,1636386.3998999998,58.270674968633735,0.5737402246448697
2016,MM Sharma,Punjab Kings,3,114,7.74,44,38.6,21,18.42,0.2451225769479827,0.304272640264087,0.4666732700303027,0.2754659728863566,0.30045633172175,0.953533400316656,powerplay,MM Sharma,2016,1636386.3998999998,58.270674968633735,0.5737402246448697
2016,MP Stoinis,Punjab Kings,1,54,9.78,16,29.63,14,25.93,0.1078721364207857,0.3960161569424675,0.3676895363978591,0.3723656164876934,-0.0003661362182361,0.6527109323766698,powerplay,MP Stoinis,2016,9000125.19945,7.252242806761813,0.07140647365712544
2016,MR Marsh,Lucknow Super Giants,3,30,2.8,22,73.33,1,3.33,0.2451225769479827,0.0821094185036947,0.8499179822995072,0.0807634932666265,0.5654518522066534,1.2185289208015595,powerplay,MR Marsh,2016,78546547.1952,1.5513462581281028,0.01527474584976933
2016,NLTC Perera,Lucknow Super Giants,1,78,7.46,32,41.03,14,17.95,0.1078721364207857,0.2916803928768582,0.4934882614156804,0.2694016809432636,0.1101341504288008,0.7632112190237068,powerplay,NLTC Perera,2016,16363863.999,4.664003679512045,0.04592235322944435
2016,P Kumar,Gujarat Titans,3,138,7.52,62,44.93,24,17.39,0.2451225769479827,0.2943787316026929,0.5365246673428298,0.2621761416068124,0.329016671502114,0.98209374009702,powerplay,P Kumar,2016,57273523.99649999,1.7147429939129222,0.016883570184580685
2016,P Negi,Delhi Capitals,0,24,10.75,4,16.67,7,29.17,0.0392469161571872,0.4396392996767956,0.2246762490091781,0.4141705226485898,-0.1763805054295815,0.4766965631653245,powerplay,P Negi,2016,139092843.9915,0.3427182516984522,0.0033744460112262427
2016,P Sahu,Punjab Kings,0,18,9.33,5,27.78,4,22.22,0.0392469161571872,0.3757786164987071,0.3472748310221601,0.3244964183837042,-0.0897357683836655,0.5633413002112404,powerplay,P Sahu,2016,1636386.3998999998,34.425933889799275,0.33896197451247717
2016,PJ Sangwan,Gujarat Titans,0,18,12.33,8,44.44,6,33.33,0.0392469161571872,0.5106955527904433,0.5311175291622392,0.4678459577193702,-0.1307113349546431,0.5223657336402628,powerplay,PJ Sangwan,2016,3272772.7998,15.960953160946117,0.15715350572199116
2016,PV Tambe,Gujarat Titans,1,24,8.5,8,33.33,5,20.83,0.1078721364207857,0.3384515974579934,0.4085189471492572,0.306561597530727,0.0538257705408135,0.7069028391357196,powerplay,PV Tambe,2016,3272772.7998,21.59950850174869,0.2126714143380487
2016,R Bhatia,Lucknow Super Giants,1,30,7.4,10,33.33,3,10.0,0.1078721364207857,0.2889820541510235,0.4085189471492572,0.1668248278632865,0.1065078961277866,0.7595849647226927,powerplay,R Bhatia,2016,9818318.3994,7.736405908053573,0.07617360303479985
2016,S Ladda,Gujarat Titans,0,6,7.0,2,33.33,1,16.67,0.0392469161571872,0.2709931293121254,0.4085189471492572,0.2528861624599466,-0.004647738767494,0.648429329827412,powerplay,S Ladda,2016,1636386.3998999998,39.62568558789279,0.3901593685527485
2016,SB Jakati,Gujarat Titans,0,24,9.5,6,25.0,6,25.0,0.0392469161571872,0.3834239095552388,0.3165975980792177,0.3603660600896584,-0.1099355131360049,0.543141555458901,powerplay,SB Jakati,2016,3272772.7998,16.59576110789275,0.16340390275761088
2016,SM Boland,Lucknow Super Giants,1,18,7.33,9,50.0,4,22.22,0.1078721364207857,0.2858339923042163,0.5924719950481239,0.3244964183837042,0.1317335233167667,0.7848105919116727,powerplay,SM Boland,2016,8181931.9995,9.59199602196196,0.09444397126677366
2016,SR Watson,Royal Challengers Bengaluru,4,108,6.94,47,43.52,15,13.89,0.3137477972115812,0.2682947905862906,0.5209653513537834,0.2170165207539923,0.449360601779563,1.102437670374469,powerplay,SR Watson,2016,155456707.9905,0.7091605660669459,0.006982482058145833
2016,STR Binny,Royal Challengers Bengaluru,0,24,8.25,5,20.83,3,12.5,0.0392469161571872,0.3272085194336821,0.270581748664804,0.1990816999010152,-0.063375700861822,0.5897013677330839,powerplay,STR Binny,2016,32727727.998,1.8018402248060748,0.01774114022037454
2016,TG Southee,Mumbai Indians,2,90,9.0,30,33.33,20,22.22,0.1764973566843842,0.3609377535066161,0.4085189471492572,0.3244964183837042,0.1419335587413046,0.7950106273362105,powerplay,TG Southee,2016,40909659.9975,1.943332277473814,0.01913428835409275
2017,A Choudhary,Royal Challengers Bengaluru,2,30,5.2,18,60.0,3,10.0,0.1662460369328445,0.187658351194848,0.6746462397376147,0.149668635769073,0.3280000245693125,0.9810770931642184,powerplay,A Choudhary,2017,31196004.192,3.1448806299872496,0.030964881050398622
2017,AD Mathews,Delhi Capitals,0,6,16.0,1,16.67,2,33.33,0.0047038715695938,0.5801920062910941,0.2568297920556073,0.3935007347222488,-0.2846914051189239,0.368385663475982,powerplay,AD Mathews,2017,31196004.192,1.180874515879351,0.011627035560901213
2017,BA Stokes,Lucknow Super Giants,4,96,6.5,52,54.17,17,17.71,0.3277882022960951,0.2349077726416184,0.6184295332989787,0.2302492394094067,0.5137074292311457,1.1667844978260518,powerplay,BA Stokes,2017,226171030.392,0.5158859186359008,0.005079476134584178
2017,Basil Thampi,Gujarat Titans,2,96,9.25,39,40.63,23,23.96,0.1662460369328445,0.3348584718559403,0.4878679200607053,0.2955707404148653,0.1691860474065351,0.8222631160014411,powerplay,Basil Thampi,2017,13258301.7816,6.201873584915571,0.061064409254636326
2017,CJ Jordan,Sunrisers Hyderabad,1,6,10.0,2,33.33,1,16.67,0.0854749542512191,0.3621177534598463,0.417476503765329,0.2193797416420984,0.0285205574480845,0.6815976260429906,powerplay,CJ Jordan,2017,7799001.048,8.73955038405568,0.08605068678786287
2017,CR Woakes,Kolkata Knight Riders,4,96,9.25,35,36.46,21,21.88,0.3277882022960951,0.3348584718559403,0.4476580288344424,0.2738317448802487,0.4037841271904555,1.0568611957853615,powerplay,CR Woakes,2017,65511608.80320001,1.6132426223270182,0.01588418505601333
2017,DT Christian,Lucknow Super Giants,0,30,8.2,12,40.0,6,20.0,0.0047038715695938,0.2966954776104719,0.4817930444078167,0.2541830373778068,-0.0475906256040615,0.6054864429908444,powerplay,DT Christian,2017,15598002.096,3.8818205002428954,0.03822088155044138
2017,JD Unadkat,Lucknow Super Giants,4,72,7.0,29,40.28,9,12.5,0.3277882022960951,0.2530806270442224,0.4844929891424339,0.1757972361712565,0.4753304394305103,1.1284075080254163,powerplay,JD Unadkat,2017,4679400.6288,24.114359883624427,0.2374329500086501
2017,K Rabada,Delhi Capitals,3,66,9.18,23,34.85,14,21.21,0.2470171196144698,0.3323142722395757,0.4321333466103937,0.2668292799724636,0.2806426912905422,0.9337197598854484,powerplay,K Rabada,2017,77990010.48,1.1972299453978077,0.011788073129303052
2017,KV Sharma,Mumbai Indians,6,78,7.31,31,39.74,11,14.1,0.4893303676593458,0.2643477967738368,0.4792859528685293,0.1925195404286539,0.7071035308769283,1.3601805994718343,powerplay,KV Sharma,2017,49913606.707200006,2.7250697539266966,0.02683137158840948
2017,LH Ferguson,Lucknow Super Giants,1,36,9.5,17,47.22,10,27.78,0.0854749542512191,0.3439448990572423,0.5514130479218737,0.3354952418294016,0.0545648478588893,0.7076419164537954,powerplay,LH Ferguson,2017,7799001.048,9.073494311624245,0.08933873972572764
2017,MG Johnson,Mumbai Indians,1,42,7.57,19,45.24,8,19.05,0.0854749542512191,0.2737976810631909,0.5323205815842238,0.244254169224977,0.1021589314755049,0.755236000070411,powerplay,MG Johnson,2017,31196004.192,2.4209382567786872,0.023836855503102314
2017,MJ Henry,Punjab Kings,0,18,12.0,6,33.33,7,38.89,0.0047038715695938,0.4348091710702622,0.417476503765329,0.4516107420167048,-0.1754279754544826,0.4776490931404233,powerplay,MJ Henry,2017,7799001.048,6.124490690547004,0.060302487769728345
2017,MM Patel,Gujarat Titans,0,12,6.0,3,25.0,1,8.33,0.0047038715695938,0.2167349182390144,0.3371531479104682,0.1322147307004145,-0.0266086535320589,0.6264684150628471,powerplay,MM Patel,2017,4679400.6288,13.387791829730569,0.13181784312646114
2017,Mohammad Nabi,Sunrisers Hyderabad,1,36,5.83,19,52.78,4,11.11,0.0854749542512191,0.210556147742129,0.6050262362235577,0.1612697343476425,0.1721882815033029,0.825265350098209,powerplay,Mohammad Nabi,2017,4679400.6288,17.636133675304535,0.1736475388723891
2017,MS Gony,Gujarat Titans,0,6,17.0,2,33.33,3,50.0,0.0047038715695938,0.6165377150963022,0.417476503765329,0.567726242204008,-0.2895153475049632,0.3635617210899427,powerplay,MS Gony,2017,9358801.2576,3.884703938922789,0.038249272241931434
2017,NB Singh,Gujarat Titans,1,18,5.0,10,55.56,2,11.11,0.0854749542512191,0.1803892094338064,0.6318328303743995,0.1612697343476425,0.1953137289027168,0.8483907974976228,powerplay,NB Singh,2017,7799001.048,10.878198275344335,0.10710807667127717
2017,NM Coulter-Nile,Kolkata Knight Riders,4,48,11.88,19,39.58,18,37.5,0.3277882022960951,0.4304476860136373,0.4777431273058909,0.4370832401930908,0.3323647505904731,0.9854418191853792,powerplay,NM Coulter-Nile,2017,54593007.336,1.805069673338098,0.017772937767378063
2017,P Negi,Royal Challengers Bengaluru,1,24,7.25,6,25.0,2,8.33,0.0854749542512191,0.2621670542455243,0.3371531479104682,0.1322147307004145,0.0718319024871241,0.7249089710820301,powerplay,P Negi,2017,15598002.096,4.64744758091761,0.04575933984866702
2017,PJ Cummins,Delhi Capitals,4,84,9.14,25,29.76,21,25.0,0.3277882022960951,0.3308604438873674,0.3830522083989601,0.3064402381821736,0.3798796963837121,1.0329567649786182,powerplay,PJ Cummins,2017,70191009.43200001,1.4716368568247065,0.014489917291755616
2017,R Tewatia,Punjab Kings,0,6,6.0,5,83.33,1,16.67,0.0047038715695938,0.2167349182390144,0.8996094920898241,0.2193797416420984,0.124695247533411,0.777772316128317,powerplay,R Tewatia,2017,3899500.524,19.94543432784308,0.1963851968087903
2017,Rashid Khan,Sunrisers Hyderabad,5,84,6.5,36,42.86,9,10.71,0.4085592849777205,0.2349077726416184,0.5093710513399778,0.1570891582832931,0.6167785248911063,1.2698555934860123,powerplay,Rashid Khan,2017,62392008.384,2.035285650159737,0.02003967255858452
2017,RD Chahar,Lucknow Super Giants,0,6,10.0,3,50.0,2,33.33,0.0047038715695938,0.3621177534598463,0.5782196420727158,0.3935007347222488,-0.0792373236981674,0.5738397448967385,powerplay,RD Chahar,2017,1559800.2096000002,36.78931066715882,0.3622320726174439
2017,TS Mills,Royal Challengers Bengaluru,3,36,8.5,16,44.44,6,16.67,0.2470171196144698,0.3075991902520343,0.5246064537710319,0.2193797416420984,0.3302320720985774,0.9833091406934834,powerplay,TS Mills,2017,187176025.152,0.5253392574689882,0.005172554870134422
2017,VR Aaron,Punjab Kings,2,42,9.57,18,42.86,12,28.57,0.1662460369328445,0.3464890986736069,0.5093710513399778,0.3437518795564916,0.1601854455531583,0.8132625141480643,powerplay,VR Aaron,2017,43674405.8688,1.8621032111830984,0.018334496987913885
2018,A Dananjaya,Mumbai Indians,0,6,12.0,2,33.33,2,33.33,0.0156027552163294,0.4437875944104935,0.4207189328597085,0.4171969177284219,-0.1557133680685243,0.4973637005263817,powerplay,A Dananjaya,2018,7461730.814999999,6.665527246393728,0.06562960016819769
2018,A Mishra,Delhi Capitals,3,42,7.43,19,45.24,7,16.67,0.2077809166285211,0.262948701334967,0.5449298747019715,0.2086610446604498,0.3019437777537996,0.9550208463487057,powerplay,A Mishra,2018,59693846.52,1.5998648135846512,0.015752465507591535
2018,AJ Tye,Punjab Kings,7,102,7.35,50,49.02,18,17.65,0.4640184651781099,0.2597830314343013,0.5843519872262162,0.2209278607232717,0.6972562060732247,1.3503332746681307,powerplay,AJ Tye,2018,107448923.736,1.2567210798554618,0.012373830148017621
2018,B Laughlin,Rajasthan Royals,3,36,10.17,9,25.0,8,22.22,0.2077809166285211,0.3713728954327662,0.3338442774822065,0.2781312784856146,0.1705119547739375,0.8235890233688435,powerplay,B Laughlin,2018,7461730.814999999,11.03750649531899,0.10867664497712283
2018,BA Stokes,Rajasthan Royals,3,72,8.08,27,37.5,15,20.83,0.2077809166285211,0.2886697692778756,0.4642084061999467,0.260732427131204,0.254452526737587,0.9075295953324932,powerplay,BA Stokes,2018,186543270.375,0.4864981693030925,0.004790120744191179
2018,Basil Thampi,Sunrisers Hyderabad,0,12,13.0,3,25.0,4,33.33,0.0156027552163294,0.4833584681688143,0.3338442774822065,0.4171969177284219,-0.2015612015609353,0.4515158670339706,powerplay,Basil Thampi,2018,14177288.5485,3.1847829399066745,0.0313577640961046
2018,BCJ Cutting,Mumbai Indians,0,6,10.0,0,0.0,1,16.67,0.0156027552163294,0.3646458468938516,0.0731160200467261,0.2086610446604498,-0.1787161935405037,0.4743608750544023,powerplay,BCJ Cutting,2018,32831615.586,1.4448295235787252,0.014225968995173189
2018,CJ Jordan,Sunrisers Hyderabad,0,12,9.0,6,50.0,3,25.0,0.0156027552163294,0.3250749731355308,0.5945725349176869,0.3129289811944358,-0.0233473895068522,0.6297296790880537,powerplay,CJ Jordan,2018,14923461.63,4.219729273951661,0.041547972850507806
2018,CR Brathwaite,Sunrisers Hyderabad,0,6,4.0,3,50.0,0,0.0,0.0156027552163294,0.1272206043439263,0.5945725349176869,0.0,0.1381655911278371,0.7912426597227431,powerplay,CR Brathwaite,2018,29846923.26,2.651002426046185,0.026102095578480224
2018,CR Woakes,Royal Challengers Bengaluru,2,42,8.86,19,45.24,10,23.81,0.1437215294911238,0.3195350508093658,0.5449298747019715,0.2980335616895807,0.1596870189046782,0.8127640874995842,powerplay,CR Woakes,2018,110433616.062,0.7359752550738532,0.0072465027804540375
2018,DL Chahar,Chennai Super Kings,8,133,7.53,60,45.11,21,15.79,0.5280778523155071,0.2669057887107991,0.543574087763307,0.1976459445224057,0.782206921542372,1.435283990137278,powerplay,DL Chahar,2018,11938769.304,12.022043089955648,0.11837051324417125
2018,DS Kulkarni,Rajasthan Royals,0,78,10.69,30,38.46,25,32.05,0.0156027552163294,0.3919497497870931,0.4742203712854692,0.4011749538912667,-0.1105396214616649,0.542537447133241,powerplay,DS Kulkarni,2018,11192596.222499998,4.847288657144633,0.04772699963687924
2018,DT Christian,Delhi Capitals,0,12,13.0,3,25.0,5,41.67,0.0156027552163294,0.4833584681688143,0.3338442774822065,0.5215900258548858,-0.2224398231862281,0.4306372454086778,powerplay,DT Christian,2018,22385192.445,1.9237594068791035,0.01894157146557208
2018,HV Patel,Delhi Capitals,1,30,9.6,9,30.0,8,26.67,0.0796621423537266,0.3488174973905233,0.3859899289693025,0.3338326371382242,-0.0058850839015257,0.6471919846933802,powerplay,HV Patel,2018,2984692.326,21.683708536910693,0.21350045822873567
2018,Imran Tahir,Chennai Super Kings,0,12,14.5,3,25.0,5,41.67,0.0156027552163294,0.5427147788062957,0.3338442774822065,0.5215900258548858,-0.2521179785049688,0.4009590900899371,powerplay,Imran Tahir,2018,14923461.63,2.6867700003590733,0.02645426750942705
2018,JD Unadkat,Rajasthan Royals,2,90,9.67,36,40.0,24,26.67,0.1437215294911238,0.3515874585536058,0.4902812319434947,0.3338326371382242,0.1201064071152865,0.7731834757101925,powerplay,JD Unadkat,2018,171619808.74499995,0.4505211148784238,0.0044358862463278696
2018,JP Duminy,Mumbai Indians,0,6,22.0,0,0.0,4,66.67,0.0156027552163294,0.8394963319937024,0.0731160200467261,0.8345190070493217,-0.5413130285682035,0.1117640400267024,powerplay,JP Duminy,2018,14923461.63,0.7489149823123343,0.007373908924567621
2018,JPR Scantlebury-Searles,Kolkata Knight Riders,0,12,12.0,1,8.33,3,25.0,0.0156027552163294,0.4437875944104935,0.1599906754242281,0.3129289811944358,-0.2130782579923712,0.4399988106025347,powerplay,JPR Scantlebury-Searles,2018,4477038.489,9.827898770216152,0.09676669870815918
2018,K Gowtham,Rajasthan Royals,5,96,7.5,35,36.46,17,17.71,0.3358996909033155,0.2657186624980495,0.4533621106906307,0.2216788902781383,0.4626630602575102,1.1157401288524162,powerplay,K Gowtham,2018,92525462.106,1.2058736086875097,0.011873179699979601
2018,K Khejroliya,Royal Challengers Bengaluru,0,18,10.67,5,27.78,5,27.78,0.0156027552163294,0.3911583323119266,0.3628372597090319,0.3477266839032571,-0.1328691921994109,0.520207876395495,powerplay,K Khejroliya,2018,12684942.3855,4.100987301212643,0.04037882479875225
2018,KH Pandya,Mumbai Indians,2,78,8.62,28,35.9,15,19.23,0.1437215294911238,0.3100380411073689,0.4475217977240759,0.2407049723347601,0.1466788185332721,0.7997558871281781,powerplay,KH Pandya,2018,131326462.344,0.6089830433665961,0.00599612186222561
2018,KK Ahmed,Sunrisers Hyderabad,0,12,12.5,5,41.67,4,33.33,0.0156027552163294,0.4635730312896539,0.5076978795401849,0.4171969177284219,-0.1395124025039616,0.5135646660909443,powerplay,KK Ahmed,2018,44770384.88999999,1.1471079986307091,0.011294566283650881
2018,KM Asif,Chennai Super Kings,3,24,9.0,15,62.5,7,29.17,0.2077809166285211,0.3250749731355308,0.7249366636354272,0.3651255352576678,0.2935897804141108,0.9466668490090168,powerplay,KM Asif,2018,5969384.652,15.858700757235386,0.15614671599273108
2018,Kuldeep Yadav,Kolkata Knight Riders,0,60,8.2,19,31.67,8,13.33,0.0156027552163294,0.293418274128874,0.4034065765659927,0.1668537327728732,-0.0356537778247196,0.6174232907701863,powerplay,Kuldeep Yadav,2018,86556077.454,0.7133217088058483,0.007023453180774537
2018,KV Sharma,Chennai Super Kings,0,6,9.0,1,16.67,1,16.67,0.0156027552163294,0.3250749731355308,0.2469696221047044,0.2086610446604498,-0.1067746760439498,0.5463023925509561,powerplay,KV Sharma,2018,74617308.14999999,0.7321389716347684,0.0072087302624022605
2018,KV Sharma,Chennai Super Kings,0,6,9.0,1,16.67,1,16.67,0.0156027552163294,0.3250749731355308,0.2469696221047044,0.2086610446604498,-0.1067746760439498,0.5463023925509561,powerplay,KV Sharma,2018,2984692.326,18.303474290869207,0.1802182565600565
2018,L Ngidi,Chennai Super Kings,4,78,5.77,41,52.56,11,14.1,0.2718403037659183,0.1972610508961543,0.6212711084790801,0.1764919453936618,0.4602128736657919,1.113289942260698,powerplay,L Ngidi,2018,7461730.814999999,14.919996041973246,0.14690411404072684
2018,M Markande,Mumbai Indians,4,60,7.2,19,31.67,9,15.0,0.2718403037659183,0.2538474003705532,0.4034065765659927,0.1877573887166615,0.3643072506900662,1.017384319284972,powerplay,M Markande,2018,2984692.326,34.086740211794016,0.33562223188684925
2018,MG Johnson,Kolkata Knight Riders,0,30,14.0,7,23.33,12,40.0,0.0156027552163294,0.5229293419271352,0.3164276298855164,0.5006863699110974,-0.243269523155638,0.409807545439268,powerplay,MG Johnson,2018,29846923.26,1.3730311224020886,0.013519033116321607
2018,MM Ali,Royal Challengers Bengaluru,0,12,7.0,5,41.67,1,8.33,0.0156027552163294,0.245933225618889,0.5076978795401849,0.104267936533986,0.0318932965703079,0.6849703651652139,powerplay,MM Ali,2018,25369884.771,2.6999348690309986,0.026583890423754305
2018,MM Sharma,Punjab Kings,4,78,9.69,25,32.05,20,25.64,0.2718403037659183,0.3523788760287722,0.4073696460790119,0.3209399631130134,0.2895939188355921,0.9426709874304982,powerplay,MM Sharma,2018,35816307.912,2.6319602504720003,0.025914603978330737
2018,Mohammad Nabi,Sunrisers Hyderabad,1,24,8.75,11,45.83,6,25.0,0.0796621423537266,0.3151822546959506,0.5510830615774488,0.3129289811944358,0.0646412084169621,0.7177182770118682,powerplay,Mohammad Nabi,2018,14923461.63,4.809328390465854,0.047353238187512386
2018,Mohammed Shami,Delhi Capitals,0,18,11.0,7,38.89,6,33.33,0.0156027552163294,0.4042167206521726,0.4787048973133594,0.4171969177284219,-0.1185321418532686,0.5345449267416373,powerplay,Mohammed Shami,2018,44770384.88999999,1.193969915726667,0.011755974476646704
2018,MP Stoinis,Punjab Kings,1,12,8.5,2,16.67,2,16.67,0.0796621423537266,0.3052895362563703,0.2469696221047044,0.2086610446604498,-0.0007928768982738,0.6522841916966322,powerplay,MP Stoinis,2018,92525462.106,0.7049780426379882,0.006941300418616098
2018,Mujeeb Ur Rahman,Punjab Kings,4,74,5.84,32,43.24,8,10.81,0.2718403037659183,0.2000310120592368,0.5240716141071331,0.1353104914684741,0.4379043355577041,1.09098140415261,powerplay,Mujeeb Ur Rahman,2018,32831615.586,3.3229598503761246,0.032718270932453254
2018,Mujeeb Ur Rahman,Punjab Kings,4,74,5.84,32,43.24,8,10.81,0.2718403037659183,0.2000310120592368,0.5240716141071331,0.1353104914684741,0.4379043355577041,1.09098140415261,powerplay,Mujeeb Ur Rahman,2018,59693846.52,1.8276279177068688,0.01799504901284929
2018,N Rana,Kolkata Knight Riders,1,7,6.0,3,42.86,1,14.29,0.0796621423537266,0.2063623518605681,0.5201085445941137,0.1788702056507395,0.1365705598483921,0.7896476284432982,powerplay,N Rana,2018,50739769.542,1.5562696393204252,0.015323222065855997
2018,PJ Sangwan,Mumbai Indians,0,6,13.0,2,33.33,3,50.0,0.0156027552163294,0.4833584681688143,0.4207189328597085,0.6258579623888717,-0.2172310138797747,0.4358460547151312,powerplay,PJ Sangwan,2018,22385192.445,1.947028401859832,0.019170680848888646
2018,R Ashwin,Punjab Kings,1,58,7.66,17,29.31,8,13.79,0.0796621423537266,0.2720500022993808,0.3787938290640833,0.1726116260268508,0.0625840358947544,0.7156611044896605,powerplay,R Ashwin,2018,113418308.388,0.6309925748860663,0.006212830413569943
2018,R Tewatia,Delhi Capitals,0,18,7.33,4,22.22,2,11.11,0.0156027552163294,0.2589916139591349,0.3048512952553811,0.1390656392428073,-0.0424494134270203,0.6106276551678856,powerplay,R Tewatia,2018,44770384.88999999,1.363909773543798,0.013429223194850182
2018,Rashid Khan,Sunrisers Hyderabad,1,54,6.89,25,46.3,8,14.81,0.0796621423537266,0.2415804295054737,0.5559847528172358,0.1853791284595838,0.1284225989311071,0.7814996675260131,powerplay,Rashid Khan,2018,134311154.67,0.5818576047880336,0.0057290414614574285
2018,S Gopal,Rajasthan Royals,0,36,8.17,11,30.56,5,13.89,0.0156027552163294,0.2922311479161245,0.3918302419358573,0.1738633419516285,-0.0399350369431365,0.6131420316517695,powerplay,S Gopal,2018,2984692.326,20.54288900435795,0.20226780895466442
2018,S Kaul,Sunrisers Hyderabad,6,120,9.6,45,37.5,33,27.5,0.3999590780407127,0.3488174973905233,0.4642084061999467,0.3442218793138794,0.4959480143630154,1.1490250829579214,powerplay,S Kaul,2018,56709154.194,2.026172139734526,0.019949939815288194
2018,S Lamichhane,Delhi Capitals,1,18,5.0,10,55.56,2,11.11,0.0796621423537266,0.1667914781022473,0.6525584993713377,0.1390656392428073,0.2040518964423062,0.8571289650372123,powerplay,S Lamichhane,2018,2984692.326,28.717498201428093,0.28275601540903716
2018,S Nadeem,Delhi Capitals,0,48,10.75,14,29.17,14,29.17,0.0156027552163294,0.3943240022125924,0.3773337508224447,0.3651255352576678,-0.1335828500866021,0.5194942185083038,powerplay,S Nadeem,2018,47755077.216,1.0878303392927002,0.010710911167191044
2018,Sandeep Sharma,Sunrisers Hyderabad,3,108,8.39,48,44.44,24,22.22,0.2077809166285211,0.3009367401429551,0.536586570464036,0.2781312784856146,0.266552720313392,0.919629788908298,powerplay,Sandeep Sharma,2018,44770384.88999999,2.054102932480504,0.02022494983213136
2018,Shakib Al Hasan,Sunrisers Hyderabad,5,114,7.21,40,35.09,17,14.91,0.3358996909033155,0.2542431091081364,0.4390742021831664,0.1866308443843615,0.4711240735789827,1.124201142173889,powerplay,Shakib Al Hasan,2018,29846923.26,3.766556212112192,0.03708597520859381
2018,Shakib Al Hasan,Sunrisers Hyderabad,5,114,7.21,40,35.09,17,14.91,0.3358996909033155,0.2542431091081364,0.4390742021831664,0.1866308443843615,0.4711240735789827,1.124201142173889,powerplay,Shakib Al Hasan,2018,2984692.326,37.66556212112192,0.37085975208593813
2018,Shivam Mavi,Kolkata Knight Riders,2,66,10.18,20,30.3,18,27.27,0.1437215294911238,0.3717686041703494,0.3891186680585284,0.3413429326868906,0.0781650060316914,0.7312420746265975,powerplay,Shivam Mavi,2018,44770384.88999999,1.6333164801313318,0.01608183472614905
2018,SN Thakur,Chennai Super Kings,3,96,7.31,48,50.0,17,17.71,0.2077809166285211,0.2582001964839685,0.5945725349176869,0.2216788902781383,0.3166072591204757,0.9696843277153816,powerplay,SN Thakur,2018,38801000.238,2.4991219859474536,0.024606662105840445
2018,SR Watson,Chennai Super Kings,1,72,9.17,31,43.06,17,23.61,0.0796621423537266,0.3318020216744453,0.5221943706535975,0.2955301298400252,0.0511444879214415,0.7042215565163475,powerplay,SR Watson,2018,59693846.52,1.1797221951183916,0.011615689669119255
2018,TG Southee,Royal Challengers Bengaluru,1,78,8.85,29,37.18,16,20.51,0.0796621423537266,0.3191393420717827,0.4608710845047726,0.2567269361719152,0.0468394806117473,0.6999165492066534,powerplay,TG Southee,2018,14923461.63,4.690041537009356,0.04617872517327064
2018,UT Yadav,Royal Challengers Bengaluru,12,168,7.54,85,50.6,33,19.64,0.784315400865096,0.2673014974483823,0.6008300130961384,0.2458370076263488,1.1739039549770247,1.8269810235719304,powerplay,UT Yadav,2018,62678538.84599999,2.9148430343291647,0.02869990262204372
2018,Washington Sundar,Royal Challengers Bengaluru,0,30,15.2,5,16.67,11,36.67,0.0156027552163294,0.5704143904371203,0.2469696221047044,0.4590042296159985,-0.2795130216858543,0.3735640469090517,powerplay,Washington Sundar,2018,47755077.216,0.7822499065793401,0.007702128684296964
2018,YS Chahal,Royal Challengers Bengaluru,6,96,5.75,50,52.08,12,12.5,0.3999590780407127,0.1964696334209879,0.6162651259363188,0.1564644905972179,0.6552904400120271,1.308367508606933,powerplay,YS Chahal,2018,89540769.77999999,1.4611975213319786,0.014387130311958918
2019,AR Patel,Delhi Capitals,0,84,7.07,38,45.24,14,16.67,0.0160397745834265,0.2769190974548519,0.514002294332439,0.2379208554960458,-0.0077833696517635,0.6452936989431425,powerplay,AR Patel,2019,72212627.65,0.8936022963611717,0.008798517994401246
2019,Arshdeep Singh,Punjab Kings,1,30,13.2,6,20.0,10,33.33,0.0885488593127817,0.4926706152432371,0.2709448904049013,0.4329765059174148,-0.1188238527144586,0.5342532158804474,powerplay,Arshdeep Singh,2019,2888505.106,18.495837683329597,0.18211229015522393
2019,Arshdeep Singh,Punjab Kings,1,30,13.2,6,20.0,10,33.33,0.0885488593127817,0.4926706152432371,0.2709448904049013,0.4329765059174148,-0.1188238527144586,0.5342532158804474,powerplay,Arshdeep Singh,2019,11554020.424,4.623959420832398,0.04552807253880597
2019,CV Varun,Punjab Kings,0,12,17.0,3,25.0,6,50.0,0.0160397745834265,0.6264154386683373,0.319094138409564,0.6281492365611254,-0.3190496632483846,0.3340274053465213,powerplay,CV Varun,2019,121317214.452,0.2753338896341719,0.0027109713037662356
2019,GC Viljoen,Punjab Kings,2,36,9.17,12,33.33,8,22.22,0.1610579440421367,0.350830710400302,0.3993107855853322,0.3029003788957216,0.1253847207595094,0.7784617893544155,powerplay,GC Viljoen,2019,10831894.1475,7.1867558780943614,0.07076168131200174
2019,HF Gurney,Kolkata Knight Riders,2,54,6.33,22,40.74,5,9.26,0.1610579440421367,0.2508740528931219,0.4706679711282424,0.1511644107408031,0.2271173988069563,0.8801944674018622,powerplay,HF Gurney,2019,10831894.1475,8.125951522569217,0.08000911701334798
2019,I Sharma,Delhi Capitals,7,156,7.77,66,42.31,33,21.15,0.5236033676889122,0.301556301770002,0.4857868350017065,0.2903727951051534,0.7222883921278487,1.3753654607227546,powerplay,I Sharma,2019,15886778.083,8.657296360137963,0.08524080356296633
2019,JD Unadkat,Rajasthan Royals,2,48,7.38,19,39.58,7,14.58,0.1610579440421367,0.287829859365847,0.4594973455911606,0.2134510890266183,0.1928309722523061,0.8459080408472122,powerplay,JD Unadkat,2019,121317214.452,0.6972695875587397,0.00686540202287564
2019,KMA Paul,Delhi Capitals,0,12,16.5,2,16.67,3,25.0,0.0160397745834265,0.6088174355860873,0.2388774912337958,0.3354486807067303,-0.275775544689111,0.3773015239057949,powerplay,KMA Paul,2019,7221262.765000001,5.224869059390819,0.051444702665423836
2019,LH Ferguson,Kolkata Knight Riders,1,42,9.71,19,45.24,12,28.57,0.0885488593127817,0.3698365537291321,0.514002294332439,0.377246320082738,0.0266564363877906,0.6797335049826966,powerplay,LH Ferguson,2019,23108040.848,2.941545367060088,0.028962817070654942
2019,M Ashwin,Punjab Kings,3,42,5.43,19,45.24,4,9.52,0.2335670287714918,0.2191976473450718,0.514002294332439,0.1542084965216888,0.3641107084800958,1.0171877770750015,powerplay,M Ashwin,2019,2888505.106,35.21502437236826,0.3467314563483742
2019,MM Sharma,Chennai Super Kings,0,6,1.0,5,83.33,0,0.0,0.0160397745834265,0.0632793400363367,0.88080326563196,0.0427481248523351,0.2481113465760924,0.9011884151709983,powerplay,MM Sharma,2019,72212627.65,1.247965133659,0.012287618026046485
2019,Mohammed Shami,Punjab Kings,3,126,8.67,49,38.89,31,24.6,0.2335670287714918,0.333232707318052,0.4528527493665172,0.33076547181306,0.2534369199455549,0.906513988540461,powerplay,Mohammed Shami,2019,69324122.544,1.3076458168873275,0.012875241365244313
2019,P Ray Barman,Royal Challengers Bengaluru,0,6,6.0,1,16.67,0,0.0,0.0160397745834265,0.2392593708588369,0.2388774912337958,0.0427481248523351,-0.0324564011546068,0.6206206674402991,powerplay,P Ray Barman,2019,21663788.295,2.8647836610531234,0.02820701188267203
2019,R Parag,Rajasthan Royals,1,36,8.0,9,25.0,4,11.11,0.0885488593127817,0.3096513831878369,0.319094138409564,0.1728242518740283,0.0391609885233176,0.6922380571182236,powerplay,R Parag,2019,2888505.106,23.96527032894307,0.23596499593670692
2019,Rasikh Salam,Mumbai Indians,0,12,7.5,6,50.0,2,16.67,0.0160397745834265,0.2920533801055869,0.5598403784328779,0.2379208554960458,-0.0015990857469994,0.6514779828479066,powerplay,Rasikh Salam,2019,2888505.106,22.55415721767835,0.2220710028794419
2019,SL Malinga,Mumbai Indians,1,102,8.71,40,39.22,22,21.57,0.0885488593127817,0.334640547564632,0.4560305997348249,0.2952901644435073,0.0432541622186025,0.6963312308135086,powerplay,SL Malinga,2019,28885051.06,2.4106975935998523,0.023736024675316297
2019,SM Curran,Punjab Kings,1,48,10.0,14,29.17,13,27.08,0.0885488593127817,0.380043395516837,0.3592506112454527,0.359801366953816,-0.0213834988063733,0.6316935697885326,powerplay,SM Curran,2019,103986183.816,0.6074783654973748,0.005981306619066509
2019,VR Aaron,Rajasthan Royals,1,24,6.75,10,41.67,3,12.5,0.0885488593127817,0.2656563754822119,0.4796237312571097,0.1890984027795327,0.1060625400492929,0.7591396086441989,powerplay,VR Aaron,2019,34662061.272,2.190116746627044,0.021564158556335214
2020,Abdul Samad,Sunrisers Hyderabad,0,6,11.0,1,16.67,1,16.67,0.0244155048814964,0.4737752759821126,0.2112833102653539,0.2598787590604891,-0.1888551394013032,0.4642219291936027,powerplay,Abdul Samad,2020,2778744.6906,16.706174221906142,0.16449104384310345
2020,AJ Tye,Rajasthan Royals,0,6,8.0,2,33.33,1,16.67,0.0244155048814964,0.3217930626749877,0.39783369411282,0.2598787590604891,-0.0568989175935009,0.596178151001405,powerplay,AJ Tye,2020,13893723.453,4.290989042772946,0.04224960528901436
2020,Arshdeep Singh,Punjab Kings,3,72,7.83,30,41.67,14,19.44,0.2358209396536018,0.3131807372542507,0.4912208610568698,0.2955124206146483,0.2854048150474087,0.9384818836423148,powerplay,Arshdeep Singh,2020,2778744.6906,33.77359160836303,0.332538932265274
2020,CH Morris,Royal Challengers Bengaluru,2,48,7.63,21,43.75,6,12.5,0.1653524613962334,0.3030485897004424,0.5145116652827239,0.2062353046630723,0.2096108358963316,0.8626879044912377,powerplay,CH Morris,2020,138937234.53,0.6209191563439115,0.006113646297023692
2020,CJ Green,Kolkata Knight Riders,0,6,9.0,3,50.0,2,33.33,0.0244155048814964,0.3724538004440294,0.5844960529806029,0.4741952938952521,-0.0690938857846395,0.5839831828102664,powerplay,CJ Green,2020,2778744.6906,21.016079123273823,0.20692689699976882
2020,CJ Jordan,Punjab Kings,1,30,10.8,13,43.33,9,30.0,0.0948839831388649,0.4636431284283043,0.5098087144294264,0.4313577152037899,-0.0228245182177848,0.6302525503771211,powerplay,CJ Jordan,2020,41681170.359,1.512079783146094,0.014888123312973303
2020,CV Varun,Kolkata Knight Riders,1,60,6.9,20,33.33,8,13.33,0.0948839831388649,0.266066251129042,0.39783369411282,0.2169125389915749,0.0852604495793074,0.7383375181742134,powerplay,CV Varun,2020,55574893.812,1.3285450812949426,0.013081018090202316
2020,DW Steyn,Royal Challengers Bengaluru,0,30,8.8,11,36.67,6,20.0,0.0244155048814964,0.3623216528902211,0.4352333508985666,0.3027163377519513,-0.0745108314036861,0.5785662371912198,powerplay,DW Steyn,2020,27787446.906,2.0821136938143567,0.020500747229515368
2020,I Udana,Royal Challengers Bengaluru,2,42,10.43,14,33.33,12,28.57,0.1653524613962334,0.4448986554537589,0.39783369411282,0.412961998228177,0.0623370729556812,0.7154141415505872,powerplay,I Udana,2020,6946861.7265,10.298378889873636,0.10139910376762575
2020,JD Unadkat,Rajasthan Royals,1,48,9.5,18,37.5,10,20.83,0.0948839831388649,0.3977841693285502,0.4445272775848449,0.3133935720804539,0.0141133589033849,0.6671904274982909,powerplay,JD Unadkat,2020,41681170.359,1.6006998406037511,0.015760687286209697
2020,JDS Neesham,Punjab Kings,1,24,9.25,11,45.83,6,25.0,0.0948839831388649,0.3851189848862898,0.5378024695085779,0.3670370264778706,0.0376998178221517,0.6907768864170577,powerplay,JDS Neesham,2020,6946861.7265,9.943725866630832,0.09790714652951518
2020,JR Hazlewood,Chennai Super Kings,1,42,5.57,24,57.14,6,14.29,0.0948839831388649,0.1986874698962166,0.6644462174866598,0.2292621112269514,0.1964636827607967,0.8495407513557027,powerplay,JR Hazlewood,2020,27787446.906,3.0572824996465067,0.030102379097105274
2020,Kartik Tyagi,Rajasthan Royals,3,78,10.54,30,38.46,21,26.92,0.2358209396536018,0.4504713366083535,0.4552768795352391,0.3917361709486236,0.1867315708470731,0.839808639441979,powerplay,Kartik Tyagi,2020,18061840.4889,4.649629366166133,0.045780821974269456
2020,MM Sharma,Delhi Capitals,1,12,7.0,6,50.0,1,8.33,0.0948839831388649,0.2711323249059462,0.5844960529806029,0.1525918502656556,0.151590258096374,0.80466732669128,powerplay,MM Sharma,2020,6946861.7265,11.583177532118397,0.1140493890444262
2020,MP Stoinis,Delhi Capitals,3,36,7.0,11,30.56,4,11.11,0.2358209396536018,0.2711323249059462,0.36681661348512,0.1883541531972667,0.2905394004335124,0.9436164690284184,powerplay,MP Stoinis,2020,66689872.5744,1.4149321817577456,0.013931596094535146
2020,NM Coulter-Nile,Mumbai Indians,1,42,7.29,24,57.14,8,19.05,0.0948839831388649,0.2858239388589682,0.6644462174866598,0.2904954068940266,0.1406487891460058,0.7937258577409119,powerplay,NM Coulter-Nile,2020,111149787.624,0.7141047002500315,0.007031162610729183
2020,PJ Cummins,Kolkata Knight Riders,6,150,7.24,72,48.0,25,16.67,0.4472263744257073,0.2832909019705161,0.5621010489172815,0.2598787590604891,0.6458486735163895,1.2989257421112956,powerplay,PJ Cummins,2020,215352713.5215,0.603162003798766,0.0059388071914909515
2020,SM Curran,Chennai Super Kings,3,144,6.96,59,40.97,22,15.28,0.2358209396536018,0.2691058953951845,0.4833826096347073,0.2419976075946834,0.3157937231542861,0.968870791749192,powerplay,SM Curran,2020,76415478.9915,1.2678986044921126,0.01248388542881637
2020,SS Cottrell,Punjab Kings,2,48,8.5,24,50.0,11,22.92,0.1653524613962334,0.3471234315595086,0.5844960529806029,0.3402796199678882,0.181759868215199,0.8348369368101051,powerplay,SS Cottrell,2020,118096649.3505,0.7069099262354056,0.006960321981859816
2020,TK Curran,Rajasthan Royals,0,24,10.25,11,45.83,7,29.17,0.0244155048814964,0.4357797226553314,0.5378024695085779,0.4206804808752873,-0.1040619593279051,0.5490151092670008,powerplay,TK Curran,2020,13893723.453,3.951533302963899,0.038907282370670454
2020,TU Deshpande,Delhi Capitals,0,24,13.0,8,33.33,10,41.67,0.0244155048814964,0.5750967515201959,0.39783369411282,0.5814822026900857,-0.2478714507420243,0.4052056178528816,powerplay,TU Deshpande,2020,2778744.6906,14.58232630092359,0.14357937628558862
2020,TU Deshpande,Delhi Capitals,0,24,13.0,8,33.33,10,41.67,0.0244155048814964,0.5750967515201959,0.39783369411282,0.5814822026900857,-0.2478714507420243,0.4052056178528816,powerplay,TU Deshpande,2020,2778744.6906,14.58232630092359,0.14357937628558862
2021,AF Milne,Mumbai Indians,2,48,10.13,17,35.42,12,25.0,0.1811249776003867,0.4282031048377903,0.423767465709866,0.3655990214290285,0.1115963494088389,0.764673418003745,powerplay,AF Milne,2021,42435730.6976,1.8019565244507312,0.01774228532096394
2021,Arshdeep Singh,Punjab Kings,8,114,7.16,46,40.35,16,14.04,0.6693478295018249,0.2746419446538712,0.4822958999333468,0.2076270771957101,0.969864126466664,1.62294119506157,powerplay,Arshdeep Singh,2021,2652233.1686,61.191497575541256,0.6024990028731465
2021,C Sakariya,Rajasthan Royals,3,120,7.3,53,44.17,19,15.83,0.2624954529172931,0.2818805178611939,0.5276465325365308,0.2334272396206773,0.3644114322821664,1.0174885008770724,powerplay,C Sakariya,2021,15913399.0116,6.393910566406201,0.06295522896729393
2021,CH Morris,Rajasthan Royals,2,84,8.21,31,36.9,15,17.86,0.1811249776003867,0.3289312437087921,0.4413378678702618,0.2626866417003886,0.1870858765671847,0.8401629451620908,powerplay,CH Morris,2021,215493944.94875,0.3898777505613455,0.003838784230859024
2021,DT Christian,Royal Challengers Bengaluru,0,12,13.0,2,16.67,5,41.67,0.0183840269665739,0.5765938555879073,0.2011694653670126,0.6058720424481359,-0.3215444562236161,0.3315326123712899,powerplay,DT Christian,2021,63653596.0464,0.520838778895729,0.005128242605191188
2021,FA Allen,Punjab Kings,0,12,9.0,6,50.0,3,25.0,0.0183840269665739,0.3697774782358278,0.5968596707764687,0.3655990214290285,-0.051374601720918,0.6017024668739879,powerplay,FA Allen,2021,9945874.38225,6.049769419447142,0.0595667729545205
2021,J Suchith,Sunrisers Hyderabad,0,12,8.0,4,33.33,2,16.67,0.0183840269665739,0.3180733838978078,0.3989552086049825,0.245534578412282,-0.0608810046000046,0.5921960639949013,powerplay,J Suchith,2021,3978349.7529,14.885470126482032,0.14656416763508348
2021,JA Richardson,Punjab Kings,0,24,10.25,12,50.0,7,29.17,0.0183840269665739,0.4344075961583526,0.5968596707764687,0.425703310430209,-0.0957105184824166,0.5573665501124894,powerplay,JA Richardson,2021,185656321.802,0.3002141509120887,0.002955945412998692
2021,Jalaj S Saxena,Punjab Kings,0,6,10.0,2,33.33,2,33.33,0.0183840269665739,0.4214815725738476,0.3989552086049825,0.485663464445775,-0.1606108761447231,0.4924661924501828,powerplay,Jalaj S Saxena,2021,3978349.7529,12.378655046384544,0.12188175837909883
2021,JDS Neesham,Mumbai Indians,2,12,5.5,5,41.67,1,8.33,0.1811249776003867,0.1888131480527581,0.4979667991574837,0.1253260004099211,0.3016057320394619,0.954682800634368,powerplay,JDS Neesham,2021,6630582.9215,14.398173010381344,0.14176618036256775
2021,KA Jamieson,Royal Challengers Bengaluru,4,96,9.19,45,46.88,25,26.04,0.3438659282341994,0.3796012561600515,0.559819363519418,0.38058905993292,0.4178262613405147,1.0709033299354207,powerplay,KA Jamieson,2021,198917487.645,0.5383656020463211,0.005300813859207801
2021,M Jansen,Mumbai Indians,0,18,10.33,6,33.33,5,27.78,0.0183840269665739,0.4385439237053942,0.3989552086049825,0.4056685474298155,-0.1531430683073045,0.4999340002876015,powerplay,M Jansen,2021,2652233.1686,18.8495493611331,0.18559497879048917
2021,MC Henriques,Punjab Kings,0,18,5.0,11,61.11,2,11.11,0.0183840269665739,0.1629611008837482,0.7287564059129541,0.1653955264107081,0.1316433064997314,0.7847203750946374,powerplay,MC Henriques,2021,55696896.5406,1.4089122084614158,0.013872322697869472
2021,MM Ali,Chennai Super Kings,0,6,4.0,2,33.33,0,0.0,0.0183840269665739,0.1112570065457283,0.3989552086049825,0.0052615573931746,0.0905817882798565,0.7436588568747626,powerplay,MM Ali,2021,92828160.901,0.8011134225398097,0.0078878611799404
2021,Mujeeb Ur Rahman,Sunrisers Hyderabad,0,6,13.0,1,16.67,2,33.33,0.0183840269665739,0.5765938555879073,0.2011694653670126,0.485663464445775,-0.2975027406231439,0.3555743279717621,powerplay,Mujeeb Ur Rahman,2021,13261165.843,2.6813202713957045,0.026400608808521662
2021,Mujeeb Ur Rahman,Sunrisers Hyderabad,0,6,13.0,1,16.67,2,33.33,0.0183840269665739,0.5765938555879073,0.2011694653670126,0.485663464445775,-0.2975027406231439,0.3555743279717621,powerplay,Mujeeb Ur Rahman,2021,19891748.7645,1.7875468475971363,0.017600405872347777
2021,NM Coulter-Nile,Mumbai Indians,2,30,8.2,12,40.0,7,23.33,0.1811249776003867,0.3284142027654119,0.4781407372602803,0.3415284788314334,0.1826168904296715,0.8356939590245775,powerplay,NM Coulter-Nile,2021,66305829.215,1.2603627296701134,0.012409686279491315
2021,RP Meredith,Punjab Kings,1,30,8.8,12,40.0,8,26.67,0.0997545022834803,0.3594366593682239,0.4781407372602803,0.3896695640266236,0.0354217321138679,0.6884988007087739,powerplay,RP Meredith,2021,106089326.744,0.648980271474588,0.006389939484077492
2021,Shakib Al Hasan,Kolkata Knight Riders,1,72,8.42,20,27.78,12,16.67,0.0997545022834803,0.3397891035197762,0.333066200503498,0.245534578412282,0.0305501461339253,0.6836272147288314,powerplay,Shakib Al Hasan,2021,42435730.6976,1.6109707632947503,0.015861816052870046
2021,TK Curran,Delhi Capitals,0,6,3.0,3,50.0,0,0.0,0.0183840269665739,0.0595529122077084,0.5968596707764687,0.0052615573931746,0.1758051741003123,0.8288822426952184,powerplay,TK Curran,2021,69621120.67575,1.190561477106371,0.011722414571244037
2022,AF Milne,Chennai Super Kings,0,12,6.0,9,75.0,2,16.67,0.0130279553275054,0.2288436006318523,0.8111715110331277,0.2437238611832416,0.0997268137486219,0.7528038823435279,powerplay,AF Milne,2022,23631790.5652,3.185555831101945,0.03136537407776758
2022,AK Markram,Sunrisers Hyderabad,0,6,7.0,2,33.33,1,16.67,0.0130279553275054,0.2746123207582228,0.3604846195031219,0.2437238611832416,-0.0583636137735649,0.594713454821341,powerplay,AK Markram,2022,32338239.7208,1.8390409000488064,0.018107422639141692
2022,Akash Deep,Royal Challengers Bengaluru,2,42,9.29,14,33.33,8,19.05,0.1441797374514546,0.3794226898476112,0.3604846195031219,0.2759329055250711,0.0795170659992987,0.7325941345942047,powerplay,Akash Deep,2022,2487556.9016,29.450346809071952,0.289971732834768
2022,AR Patel,Delhi Capitals,3,84,6.21,35,41.67,9,10.71,0.2097556285134292,0.2384550318583901,0.4506868915300057,0.1630659182095846,0.2979988106580336,0.9510758792529396,powerplay,AR Patel,2022,2487556.9016,38.233331613086165,0.3764500802577229
2022,Arshdeep Singh,Punjab Kings,3,96,8.44,42,43.75,20,20.83,0.2097556285134292,0.3405192777401963,0.4731833814359911,0.3000220227219016,0.2263244137864627,0.8794014823813687,powerplay,Arshdeep Singh,2022,6218892.254000001,14.140805893778534,0.1392321121133947
2022,Arshdeep Singh,Punjab Kings,3,96,8.44,42,43.75,20,20.83,0.2097556285134292,0.3405192777401963,0.4731833814359911,0.3000220227219016,0.2263244137864627,0.8794014823813687,powerplay,Arshdeep Singh,2022,2487556.9016,35.352014734446335,0.34808028028348675
2022,Arshdeep Singh,Punjab Kings,3,96,8.44,42,43.75,20,20.83,0.2097556285134292,0.3405192777401963,0.4731833814359911,0.3000220227219016,0.2263244137864627,0.8794014823813687,powerplay,Arshdeep Singh,2022,2487556.9016,35.352014734446335,0.34808028028348675
2022,AS Joseph,Gujarat Titans,1,66,9.91,30,45.45,19,28.79,0.07860384638948,0.4077992963259609,0.4915699356860753,0.4077463895122221,-0.0200721757753822,0.6330048928195238,powerplay,AS Joseph,2022,29850682.8192,2.120570898339297,0.020879401589967345
2022,AS Roy,Kolkata Knight Riders,0,24,7.75,7,29.17,3,12.5,0.0130279553275054,0.3089388608530006,0.315491639691151,0.1872903675254983,-0.0777380790329964,0.5753389895619095,powerplay,AS Roy,2022,2487556.9016,23.12867654170446,0.22772779072696545
2022,B Kumar,Sunrisers Hyderabad,2,96,6.63,43,44.79,12,12.5,0.1441797374514546,0.2576778943114657,0.4844316263889837,0.1872903675254983,0.1953020734330445,0.8483791420279505,powerplay,B Kumar,2022,52238694.9336,1.6240435238788322,0.01599053205964836
2022,Basil Thampi,Mumbai Indians,0,24,11.25,11,45.83,7,29.17,0.0130279553275054,0.4691293812952973,0.4956798713419765,0.4128890100373881,-0.1488965982612751,0.5041804703336308,powerplay,Basil Thampi,2022,3731335.3524,13.512065325603638,0.13304145523457553
2022,C Sakariya,Delhi Capitals,2,24,6.25,11,45.83,2,8.33,0.1441797374514546,0.2402857806634449,0.4956798713419765,0.130856873867755,0.2186593024745014,0.8717363710694075,powerplay,C Sakariya,2022,52238694.9336,1.6687560287971617,0.016430776876275012
2022,CJ Jordan,Chennai Super Kings,0,24,5.75,13,54.17,2,8.33,0.0130279553275054,0.2174014206002597,0.5858821433688602,0.130856873867755,0.0604344909282353,0.7135115595231414,powerplay,CJ Jordan,2022,44776024.2288,1.593512536703091,0.015689920209000185
2022,DJ Mitchell,Rajasthan Royals,0,6,20.0,0,0.0,4,66.67,0.0130279553275054,0.8696056824010391,0.0,0.9203844565998278,-0.5993377995292269,0.053739269065679,powerplay,DJ Mitchell,2022,9328338.381,0.5760861888879956,0.005672215391452419
2022,DJ Willey,Royal Challengers Bengaluru,1,42,7.0,14,33.33,5,11.9,0.07860384638948,0.2746123207582228,0.3604846195031219,0.1791704403804993,0.0529109069799453,0.7059879755748514,powerplay,DJ Willey,2022,24875569.016000003,2.838077694306244,0.027944061653093242
2022,DR Sams,Mumbai Indians,5,90,8.53,36,40.0,17,18.89,0.3409074106373784,0.3446384625515696,0.4326248058843347,0.273767591619738,0.4140758081216357,1.0671528767165417,powerplay,DR Sams,2022,32338239.7208,3.299972063816905,0.03249193036180301
2022,FA Allen,Mumbai Indians,1,6,11.0,3,50.0,2,33.33,0.07860384638948,0.4576872012637047,0.5407810073554183,0.4691871715760481,-0.0425409631562164,0.6105361054386895,powerplay,FA Allen,2022,9328338.381,6.544960961989029,0.06444248971965416
2022,Fazalhaq Farooqi,Sunrisers Hyderabad,1,24,6.75,10,41.67,3,12.5,0.07860384638948,0.2631701407266302,0.4506868915300057,0.1872903675254983,0.084068693174807,0.737145761769713,powerplay,Fazalhaq Farooqi,2022,6218892.254000001,11.853329044181136,0.11670933402193778
2022,HR Shokeen,Mumbai Indians,1,36,7.0,22,61.11,7,19.44,0.07860384638948,0.2746123207582228,0.6609425471897923,0.2812108581693205,0.1226402017281822,0.7757172703230882,powerplay,HR Shokeen,2022,2487556.9016,31.183900550140013,0.3070405159468519
2022,HV Patel,Royal Challengers Bengaluru,1,36,6.0,14,38.89,4,11.11,0.07860384638948,0.2288436006318523,0.4206194675210444,0.1684792029729172,0.0959739689300238,0.7490510375249297,powerplay,HV Patel,2022,133706183.461,0.5602216876853838,0.005516011563561892
2022,J Suchith,Sunrisers Hyderabad,1,30,8.8,11,36.67,4,13.33,0.07860384638948,0.3569960169856897,0.3966087907944639,0.1985229334094137,0.0186858116478316,0.6717628802427377,powerplay,J Suchith,2022,2487556.9016,27.00492518626042,0.2658938111017772
2022,JD Unadkat,Mumbai Indians,0,36,7.67,18,50.0,6,16.67,0.0130279553275054,0.305277363242891,0.5407810073554183,0.2437238611832416,-0.0196072186602101,0.6334698499346958,powerplay,JD Unadkat,2022,16169119.8604,3.9177757070509136,0.038574900933987036
2022,JO Holder,Lucknow Super Giants,1,66,10.0,24,36.36,17,25.76,0.07860384638948,0.4119184811373342,0.3932559485488602,0.366740757429977,-0.0434248379057843,0.6096522306891217,powerplay,JO Holder,2022,108830614.445,0.5601844975314579,0.005515645384737303
2022,JR Hazlewood,Royal Challengers Bengaluru,7,150,6.88,77,51.33,26,17.33,0.4720591927613277,0.2691200743430584,0.5551657821510725,0.2526557810427405,0.689547330407236,1.342624399002142,powerplay,JR Hazlewood,2022,96392829.937,1.3928674984224954,0.013714344511636908
2022,K Gowtham,Lucknow Super Giants,0,12,11.0,5,41.67,5,41.67,0.0130279553275054,0.4576872012637047,0.4506868915300057,0.5820541588915348,-0.1905064319598994,0.4625706366350065,powerplay,K Gowtham,2022,11194006.0572,4.132306470724844,0.04068719718951816
2022,K Rabada,Punjab Kings,10,156,8.38,72,46.15,35,22.44,0.6687868659472513,0.3377731545326141,0.4991408697890511,0.3218104938943157,0.919673883812422,1.5727509524073282,powerplay,K Rabada,2022,115049506.699,1.3670210308002984,0.013459857016034395
2022,Kartik Tyagi,Sunrisers Hyderabad,0,12,14.0,4,33.33,5,41.67,0.0130279553275054,0.5949933616428161,0.3604846195031219,0.5820541588915348,-0.2862201937575203,0.3668568748373857,powerplay,Kartik Tyagi,2022,49751138.032000005,0.7373838857744779,0.007260372331391161
2022,KH Pandya,Lucknow Super Giants,1,72,8.33,19,26.39,13,18.06,0.07860384638948,0.3354847185262956,0.2854242156821898,0.2625350257358227,-0.0167163301214352,0.6363607384734707,powerplay,KH Pandya,2022,102611722.191,0.6201637833238564,0.0061062088014661
2022,KK Ahmed,Delhi Capitals,5,96,6.38,49,51.04,13,13.54,0.3409074106373784,0.2462357142798731,0.5520292523084112,0.2013649079101633,0.5135790529266218,1.1666561215215276,powerplay,KK Ahmed,2022,65298368.667,1.7866543151653396,0.017591617888371314
2022,KL Nagarkoti,Delhi Capitals,0,6,16.0,2,33.33,3,50.0,0.0130279553275054,0.6865308018955572,0.3604846195031219,0.6947858140879379,-0.3545352449231714,0.2985418236717345,powerplay,KL Nagarkoti,2022,13681562.9588,2.182073967504656,0.021484968364992283
2022,Kuldeep Yadav,Delhi Capitals,1,18,5.67,8,44.44,2,11.11,0.07860384638948,0.2137399229901501,0.4806461593374958,0.1684792029729172,0.1215338152958103,0.7746108838907163,powerplay,Kuldeep Yadav,2022,2487556.9016,31.139423721020638,0.3066025916230959
2022,Kuldeep Yadav,Delhi Capitals,1,18,5.67,8,44.44,2,11.11,0.07860384638948,0.2137399229901501,0.4806461593374958,0.1684792029729172,0.1215338152958103,0.7746108838907163,powerplay,Kuldeep Yadav,2022,24875569.016000003,3.113942372102063,0.030660259162309585
2022,Lalit Yadav,Delhi Capitals,1,42,6.86,18,42.86,6,14.29,0.07860384638948,0.268204699940531,0.4635574795050646,0.2115148168414121,0.0805677000971915,0.7336447686920976,powerplay,Lalit Yadav,2022,8084559.9302,9.074640735255809,0.08935002755364907
2022,LH Ferguson,Gujarat Titans,6,78,8.46,33,42.31,18,23.08,0.406483301699353,0.3414346521427238,0.4576088884241551,0.3304717495156479,0.5101959431017846,1.1632730116966905,powerplay,LH Ferguson,2022,124377845.08,0.9352734893810644,0.009208817680432383
2022,M Ashwin,Mumbai Indians,2,72,7.75,28,38.89,12,16.67,0.1441797374514546,0.3089388608530006,0.4206194675210444,0.2437238611832416,0.1392412437703466,0.7923183123652526,powerplay,M Ashwin,2022,19900455.2128,3.981407982344205,0.03920143213413341
2022,M Jansen,Sunrisers Hyderabad,5,126,7.52,63,50.0,21,16.67,0.3409074106373784,0.2984120552239355,0.5407810073554183,0.2437238611832416,0.4756446183140771,1.1287216869089831,powerplay,M Jansen,2022,52238694.9336,2.1607003933457527,0.021274521527951288
2022,M Markande,Mumbai Indians,0,12,4.5,4,33.33,0,0.0,0.0130279553275054,0.1601905204422966,0.3604846195031219,0.0181252186713518,0.043967014886776,0.6970440834816821,powerplay,M Markande,2022,8084559.9302,8.621917451287151,0.08489245847990902
2022,M Prasidh Krishna,Rajasthan Royals,10,216,6.92,127,58.8,41,18.98,0.6687868659472513,0.2709508231481132,0.635958464649972,0.2749855806914879,1.0034953106035145,1.6565723791984204,powerplay,M Prasidh Krishna,2022,124377845.08,1.3318870238770504,0.01311392326744354
2022,M Theekshana,Chennai Super Kings,6,90,8.2,27,30.0,15,16.67,0.406483301699353,0.3295347849098674,0.324468604413251,0.2437238611832416,0.4935533691814229,1.146630437776329,powerplay,M Theekshana,2022,8706449.1556,13.169897592967793,0.1296724297016743
2022,MJ Santner,Chennai Super Kings,0,48,7.25,21,43.75,9,18.75,0.0130279553275054,0.2860545007898155,0.4731833814359911,0.2718729419525716,-0.0359048913633665,0.6171721772315395,powerplay,MJ Santner,2022,23631790.5652,2.6116183432176427,0.025714315060378395
2022,MK Lomror,Royal Challengers Bengaluru,0,12,9.0,3,25.0,2,16.67,0.0130279553275054,0.3661497610109638,0.2703905036777091,0.2437238611832416,-0.1311605686475593,0.5219164999473467,powerplay,MK Lomror,2022,11815895.2826,4.4170711356583965,0.0434910250655097
2022,Mohammed Shami,Gujarat Titans,9,144,7.38,81,56.25,28,19.44,0.6032109748852769,0.2920044344062436,0.6083786332748456,0.2812108581693205,0.8850856634733831,1.5381627320682891,powerplay,Mohammed Shami,2022,77736153.175,1.9786967443649672,0.019482491239840995
2022,MR Marsh,Delhi Capitals,1,24,3.75,12,50.0,1,4.17,0.07860384638948,0.1258639803475188,0.5407810073554183,0.0745587123290951,0.2022963391512671,0.8553734077461732,powerplay,MR Marsh,2022,80845599.302,1.0580333563375697,0.010417526412275842
2022,Mukesh Choudhary,Chennai Super Kings,6,132,9.68,58,43.94,34,25.76,0.406483301699353,0.3972724906968957,0.4752383492639416,0.366740757429977,0.4803120604937688,1.1333891290886748,powerplay,Mukesh Choudhary,2022,2487556.9016,45.56233983470599,0.4486123956206343
2022,NM Coulter-Nile,Rajasthan Royals,0,6,7.0,3,50.0,1,16.67,0.0130279553275054,0.2746123207582228,0.5407810073554183,0.2437238611832416,-0.004274697417876,0.6488023711770299,powerplay,NM Coulter-Nile,2022,24875569.016000003,2.608191075989937,0.025680569766193966
2022,NT Ellis,Punjab Kings,0,12,8.5,7,58.33,3,25.0,0.0130279553275054,0.3432654009477786,0.630875123180831,0.3564555163796448,-0.0341193338043107,0.6189577347905952,powerplay,NT Ellis,2022,9328338.381,6.635241020536851,0.06533139826756545
2022,OC McCoy,Rajasthan Royals,0,24,6.0,8,33.33,2,8.33,0.0130279553275054,0.2288436006318523,0.3604846195031219,0.130856873867755,-0.0129058562472824,0.6401712123476235,powerplay,OC McCoy,2022,9328338.381,6.862649983318861,0.06757049485367912
2022,OF Smith,Punjab Kings,1,24,7.75,12,50.0,5,20.83,0.07860384638948,0.3089388608530006,0.5407810073554183,0.3000220227219016,0.0656662368199649,0.7187433054148709,powerplay,OF Smith,2022,74626707.04800001,0.9631180764181034,0.009482978905274447
2022,PH Solanki,Chennai Super Kings,0,6,6.0,0,0.0,0,0.0,0.0130279553275054,0.2288436006318523,0.0,0.0181252186713518,-0.0985049110589383,0.5545721575359677,powerplay,PH Solanki,2022,14925341.4096,3.715641353297728,0.03658466125350926
2022,PJ Cummins,Kolkata Knight Riders,1,48,11.0,16,33.33,14,29.17,0.07860384638948,0.4576872012637047,0.3604846195031219,0.4128890100373881,-0.0853702472041733,0.5677068213907326,powerplay,PJ Cummins,2022,90173937.683,0.6295686270089094,0.0061988100478308755
2022,PJ Sangwan,Gujarat Titans,1,36,7.67,14,38.89,7,19.44,0.07860384638948,0.305277363242891,0.4206194675210444,0.2812108581693205,0.0352107565852237,0.6882878251801298,powerplay,PJ Sangwan,2022,2487556.9016,27.669229384759888,0.2724346318539784
2022,PVD Chameera,Lucknow Super Giants,4,138,8.52,68,49.28,32,23.19,0.2753315195754038,0.3441807753503059,0.5329937608495003,0.3319604028255645,0.3344129393776899,0.987490007972596,powerplay,PVD Chameera,2022,24875569.016000003,3.969718269911498,0.03908633378936933
2022,PWH de Silva,Royal Challengers Bengaluru,2,42,7.71,18,42.86,8,19.05,0.1441797374514546,0.3071081120479459,0.4635574795050646,0.2759329055250711,0.1465962128997142,0.7996732814946201,powerplay,PWH de Silva,2022,133706183.461,0.5980824976040635,0.005888793749449952
2022,R Ashwin,Rajasthan Royals,3,90,8.07,30,33.33,15,16.67,0.2097556285134292,0.3235848512934393,0.3604846195031219,0.2437238611832416,0.2122416307377125,0.8653186993326185,powerplay,R Ashwin,2022,62188922.54,1.3914354261018822,0.013700244151629433
2022,R Dhawan,Punjab Kings,4,48,7.38,20,41.67,7,14.58,0.2753315195754038,0.2920044344062436,0.4506868915300057,0.2154394482948283,0.35911323996002,1.012190308554926,powerplay,R Dhawan,2022,6840781.479400001,14.796413415674614,0.14568730431931987
2022,R Parag,Rajasthan Royals,1,6,12.0,2,33.33,2,33.33,0.07860384638948,0.5034559213900752,0.3604846195031219,0.4691871715760481,-0.1195142395750905,0.5335628290198154,powerplay,R Parag,2022,47263581.1304,1.1289090167495308,0.011115376872194164
2022,R Sai Kishore,Gujarat Titans,0,6,6.0,1,16.67,0,0.0,0.0130279553275054,0.2288436006318523,0.1802963878522964,0.0181252186713518,-0.0444159947032494,0.6086610738916566,powerplay,R Sai Kishore,2022,37313353.524,1.6312151452700838,0.016061144724943546
2022,R Shepherd,Sunrisers Hyderabad,2,18,5.67,12,66.67,3,16.67,0.1441797374514546,0.2137399229901501,0.721077395207715,0.2437238611832416,0.2769780910077731,0.9300551596026791,powerplay,R Shepherd,2022,96392829.937,0.9648592745026164,0.009500122955531244
2022,R Tewatia,Gujarat Titans,0,6,9.0,2,33.33,1,16.67,0.0130279553275054,0.3661497610109638,0.3604846195031219,0.2437238611832416,-0.1041323338999354,0.5489447346949705,powerplay,R Tewatia,2022,111940060.572,0.4903916720161935,0.004828456650244652
2022,Rasikh Salam,Kolkata Knight Riders,0,18,6.67,7,38.89,3,16.67,0.0130279553275054,0.2595086431165206,0.4206194675210444,0.2437238611832416,-0.0327713205473371,0.6203057480475689,powerplay,Rasikh Salam,2022,2487556.9016,24.936344075127984,0.24552630734390737
2022,RD Chahar,Punjab Kings,4,36,7.83,15,41.67,4,11.11,0.2753315195754038,0.3126003584631103,0.4506868915300057,0.1684792029729172,0.3582073269959688,1.0112843955908748,powerplay,RD Chahar,2022,65298368.667,1.5487131091254198,0.015248819541190685
2022,RP Meredith,Mumbai Indians,1,48,7.13,26,54.17,8,16.67,0.07860384638948,0.280562254374651,0.5858821433688602,0.2437238611832416,0.1046445131709043,0.7577215817658103,powerplay,RP Meredith,2022,12437784.508,6.092094466489934,0.05998351056759101
2022,S Gopal,Sunrisers Hyderabad,0,6,1.0,5,83.33,0,0.0,0.0130279553275054,0.0,0.9012656268585404,0.0181252186713518,0.2862965773145499,0.939373645909456,powerplay,S Gopal,2022,9328338.381,10.07010688873354,0.09915150959980888
2022,SA Abbott,Sunrisers Hyderabad,1,12,8.5,5,41.67,3,25.0,0.07860384638948,0.3432654009477786,0.4506868915300057,0.3564555163796448,0.0101880332934035,0.6632651018883096,powerplay,SA Abbott,2022,29850682.8192,2.2219428141914945,0.021877521927599057
2022,Sandeep Sharma,Punjab Kings,1,60,5.0,35,58.33,6,10.0,0.07860384638948,0.1830748805054819,0.630875123180831,0.153457337754669,0.1849393987347946,0.8380164673297006,powerplay,Sandeep Sharma,2022,6218892.254000001,13.475333437248205,0.132679788549094
2022,Shahbaz Ahmed,Royal Challengers Bengaluru,1,60,9.3,19,31.67,13,21.67,0.07860384638948,0.379880377048875,0.342530690058922,0.3113899207249003,-0.0315531960675208,0.6215238725273852,powerplay,Shahbaz Ahmed,2022,29850682.8192,2.0821093986085306,0.020500704938391113
2022,Shivam Mavi,Kolkata Knight Riders,1,54,10.11,22,40.74,14,25.93,0.07860384638948,0.416953040351235,0.4406283647931949,0.3690414034543933,-0.0321905218443176,0.6208865467505884,powerplay,Shivam Mavi,2022,90173937.683,0.6885432340032333,0.006779481273682983
2022,Simarjeet Singh,Chennai Super Kings,3,90,8.47,45,50.0,20,22.22,0.2097556285134292,0.3418923393439875,0.5407810073554183,0.3188331872744827,0.242154937849879,0.8952320064447851,powerplay,Simarjeet Singh,2022,2487556.9016,35.98840315447541,0.35434623885124683
2022,Simarjeet Singh,Chennai Super Kings,3,90,8.47,45,50.0,20,22.22,0.2097556285134292,0.3418923393439875,0.5407810073554183,0.3188331872744827,0.242154937849879,0.8952320064447851,powerplay,Simarjeet Singh,2022,2487556.9016,35.98840315447541,0.35434623885124683
2022,SN Thakur,Delhi Capitals,4,102,9.0,35,34.31,22,21.57,0.2753315195754038,0.3661497610109638,0.3710839272472881,0.310036599534067,0.2792402571249968,0.9323173257199028,powerplay,SN Thakur,2022,133706183.461,0.6972881145708906,0.006865584442113433
2022,TG Southee,Kolkata Knight Riders,3,72,7.92,34,47.22,15,20.83,0.2097556285134292,0.3167195432744836,0.5107135833464571,0.3000220227219016,0.2494833415924588,0.9025604101873648,powerplay,TG Southee,2022,18656676.762,4.837734081482848,0.04763292411107609
2022,Tilak Varma,Mumbai Indians,0,6,6.0,3,50.0,1,16.67,0.0130279553275054,0.2288436006318523,0.5407810073554183,0.2437238611832416,0.0186096626453091,0.6716867312402152,powerplay,Tilak Varma,2022,2487556.9016,27.001863989852264,0.26586367018585605
2022,TS Mills,Mumbai Indians,3,30,9.6,14,46.67,8,26.67,0.2097556285134292,0.3936109930867861,0.5047649922655475,0.3790559802665588,0.1934462478531032,0.8465233164480093,powerplay,TS Mills,2022,18656676.762,4.537374620608809,0.04467554795833983
2022,TU Deshpande,Chennai Super Kings,0,24,9.5,11,45.83,8,33.33,0.0130279553275054,0.389034121074149,0.4956798713419765,0.4691871715760481,-0.120108600458433,0.532968468136473,powerplay,TU Deshpande,2022,2487556.9016,21.42537795994403,0.2109569036304532
2022,UT Yadav,Kolkata Knight Riders,4,114,7.89,53,46.49,23,20.18,0.2753315195754038,0.3153464816706925,0.502818180639068,0.291225434981486,0.3479244057231826,1.0010014743180886,powerplay,UT Yadav,2022,24875569.016000003,4.024034480072569,0.039621137867689095
2022,VG Arora,Punjab Kings,3,54,7.44,25,46.3,11,20.37,0.2097556285134292,0.2947505576138258,0.5007632128111174,0.293796745244069,0.2587277787577524,0.9118048473526584,powerplay,VG Arora,2022,24875569.016000003,3.665463277508081,0.03609060175460528
2022,VR Aaron,Gujarat Titans,1,12,9.5,4,33.33,3,25.0,0.07860384638948,0.389034121074149,0.3604846195031219,0.3564555163796448,-0.0397570083778468,0.6133200602170592,powerplay,VR Aaron,2022,6218892.254000001,9.862207530972592,0.09710450698160518
2022,Washington Sundar,Sunrisers Hyderabad,3,72,7.33,28,38.89,11,15.28,0.2097556285134292,0.2897159983999251,0.4206194675210444,0.2249126966306605,0.2509787445003625,0.9040558130952684,powerplay,Washington Sundar,2022,108830614.445,0.8306999071039457,0.008179173341836873
2022,Yash Dayal,Gujarat Titans,6,96,9.19,46,47.92,26,27.08,0.406483301699353,0.3748458178349741,0.518284517449433,0.3846045971489749,0.5008664794365775,1.1539435480314837,powerplay,Yash Dayal,2022,39800910.4256,2.8992893270332463,0.0285467589091414
2022,YS Chahal,Rajasthan Royals,1,54,7.67,15,27.78,8,14.81,0.07860384638948,0.305277363242891,0.3004579276866705,0.2185520870337446,0.0116940488620267,0.6647711174569327,powerplay,YS Chahal,2022,80845599.302,0.8222724838412908,0.008096195897033021
2023,A Mishra,Lucknow Super Giants,0,18,9.33,3,16.67,3,16.67,0.0235796238897797,0.3284931268890782,0.2533314808512671,0.2072458807079902,-0.0943268594960874,0.5587502090988186,powerplay,A Mishra,2023,5915430.661499999,9.445638721376442,0.09300291930433197
2023,A Zampa,Rajasthan Royals,2,48,7.5,17,35.42,8,16.67,0.1631108019126996,0.2584653823232587,0.4485347763499734,0.2072458807079902,0.208544768470814,0.86162183706572,powerplay,A Zampa,2023,17746291.9845,4.855221799676684,0.047805110332884204
2023,AJ Hosein,Sunrisers Hyderabad,0,18,10.33,4,22.22,5,27.78,0.0235796238897797,0.3667596539742255,0.3111116563188841,0.33937156723377,-0.1225512077035319,0.5305258608913741,powerplay,AJ Hosein,2023,11830861.323,4.48425390516577,0.044152514867887536
2023,Arshdeep Singh,Punjab Kings,6,114,11.0,50,43.86,40,35.09,0.4421731579585394,0.3923982271212742,0.5364022864304577,0.4263057498173389,0.5427201593428415,1.1957972279377476,powerplay,Arshdeep Singh,2023,2366172.2646,50.53720077054054,0.49759548758651795
2023,Arshdeep Singh,Punjab Kings,6,114,11.0,50,43.86,40,35.09,0.4421731579585394,0.3923982271212742,0.5364022864304577,0.4263057498173389,0.5427201593428415,1.1957972279377476,powerplay,Arshdeep Singh,2023,7098516.793799999,16.84573359018018,0.16586516252883934
2023,AU Rashid,Sunrisers Hyderabad,0,12,9.0,3,25.0,2,16.67,0.0235796238897797,0.3158651729509796,0.3400537982648257,0.2072458807079902,-0.0619961873029705,0.5910808812919355,powerplay,AU Rashid,2023,23661722.646,2.498046698184325,0.024596074690419096
2023,BA Stokes,Chennai Super Kings,0,6,18.0,0,0.0,3,50.0,0.0235796238897797,0.6602639167173051,0.0797827375998839,0.6036229402853294,-0.3915522893010836,0.2615247792938223,powerplay,BA Stokes,2023,192251496.49875,0.1360326364458353,0.001339394050875148
2023,D Jansen,Mumbai Indians,0,6,16.0,2,33.33,2,33.33,0.0235796238897797,0.5837308625470105,0.4267761156783842,0.4053749479914727,-0.2095381503336149,0.4435389182612911,powerplay,D Jansen,2023,2366172.2646,18.74499692592209,0.1845655426685046
2023,D Wiese,Kolkata Knight Riders,0,12,11.5,3,25.0,3,25.0,0.0235796238897797,0.4115314906638478,0.3400537982648257,0.3063104143497315,-0.1296422528877529,0.5234348157071531,powerplay,D Wiese,2023,11830861.323,4.424317058721331,0.04356236931419268
2023,H Sharma,Royal Challengers Bengaluru,0,6,8.0,1,16.67,1,16.67,0.0235796238897797,0.2775986458658324,0.2533314808512671,0.2072458807079902,-0.0688796189844645,0.5841974496104415,powerplay,H Sharma,2023,2366172.2646,24.689556984102328,0.24309641132638687
2023,I Sharma,Delhi Capitals,6,84,8.36,39,46.43,21,25.0,0.4421731579585394,0.2913745956164854,0.5631581514668138,0.3063104143497315,0.6252578016996642,1.2783348702945705,powerplay,I Sharma,2023,5915430.661499999,21.61017419432346,0.2127764300574845
2023,J Little,Gujarat Titans,3,78,8.0,35,44.87,15,19.23,0.2328763909241595,0.2775986458658324,0.5469172372813214,0.2376906833637954,0.3270522979649605,0.9801293665598664,powerplay,J Little,2023,52055789.8212,1.8828440984689536,0.018538714312273455
2023,JD Unadkat,Lucknow Super Giants,0,18,10.0,6,33.33,4,22.22,0.0235796238897797,0.3541317000361269,0.4267761156783842,0.273249261465693,-0.0683134317730171,0.5847636368218888,powerplay,JD Unadkat,2023,5915430.661499999,9.88539415444028,0.09733280532488452
2023,JO Holder,Rajasthan Royals,0,30,9.0,12,40.0,8,26.67,0.0235796238897797,0.3158651729509796,0.4962164346637907,0.3261708910822294,-0.0389323984581289,0.6141446701367771,powerplay,JO Holder,2023,68027452.60724999,0.9027894571952926,0.008888975908672091
2023,K Khejroliya,Kolkata Knight Riders,0,12,13.5,3,25.0,5,41.67,0.0235796238897797,0.4880645448341424,0.3400537982648257,0.5045584066435883,-0.2075583784316715,0.4455186901632344,powerplay,K Khejroliya,2023,2366172.2646,18.8286667386218,0.18538936592368682
2023,KM Asif,Rajasthan Royals,1,24,10.75,10,41.67,7,29.17,0.0933452129012396,0.3828315953499873,0.5136025415162089,0.3559021436757892,0.0315023553965706,0.6845794239914766,powerplay,KM Asif,2023,3549258.3969,19.28795673455061,0.18991159165014673
2023,M Markande,Sunrisers Hyderabad,0,24,10.75,3,12.5,6,25.0,0.0235796238897797,0.3828315953499873,0.2099182679323548,0.3063104143497315,-0.1543329643305639,0.498744104264342,powerplay,M Markande,2023,5915430.661499999,8.431239123642666,0.08301501623993936
2023,Mayank Dagar,Sunrisers Hyderabad,0,12,11.0,6,50.0,4,33.33,0.0235796238897797,0.3923982271212742,0.6003248589297674,0.4053749479914727,-0.0618072096453318,0.5912698589495742,powerplay,Mayank Dagar,2023,21295550.3814,2.776494846857784,0.02733770937129165
2023,MM Sharma,Gujarat Titans,2,24,8.25,11,45.83,6,25.0,0.1631108019126996,0.2871652776371192,0.5569116460108551,0.3063104143497315,0.2068949749838,0.859972043578706,powerplay,MM Sharma,2023,5915430.661499999,14.537775739233153,0.1431407259818795
2023,Mukesh Kumar,Delhi Capitals,1,72,8.75,29,40.28,16,22.22,0.0933452129012396,0.3062985411796928,0.499131470543238,0.273249261465693,0.0819581376318459,0.7350352062267519,powerplay,Mukesh Kumar,2023,65069737.2765,1.1296114553273455,0.011122293168730141
2023,Nithish Kumar Reddy,Sunrisers Hyderabad,0,18,9.0,7,38.89,4,22.22,0.0235796238897797,0.3158651729509796,0.4846603995702673,0.273249261465693,-0.0318148830628786,0.6212621855320274,powerplay,Nithish Kumar Reddy,2023,2366172.2646,26.255999819905394,0.25851979993464946
2023,RJW Topley,Royal Challengers Bengaluru,1,12,7.0,7,58.33,3,25.0,0.0933452129012396,0.2393321187806851,0.687047176343326,0.3063104143497315,0.1652038299945684,0.8182808985894745,powerplay,RJW Topley,2023,22478636.5137,3.6402603782963383,0.035842450912638366
2023,Sandeep Sharma,Rajasthan Royals,2,126,8.0,53,42.06,25,19.84,0.1631108019126996,0.2775986458658324,0.517662770062582,0.244945108996624,0.212176689155583,0.865253757750489,powerplay,Sandeep Sharma,2023,2366172.2646,36.56765700010264,0.3600496433801195
2023,Sikandar Raza,Punjab Kings,0,12,14.0,4,33.33,5,41.67,0.0235796238897797,0.507197808376716,0.4267761156783842,0.5045584066435883,-0.1911083149788908,0.4619687536160152,powerplay,Sikandar Raza,2023,5915430.661499999,7.809554029982864,0.07689382843000339
2023,SM Curran,Punjab Kings,0,84,9.07,26,30.95,19,22.62,0.0235796238897797,0.31854382984694,0.4019983107030818,0.2780062618806626,-0.0589042382540083,0.5941728303408976,powerplay,SM Curran,2023,218870934.4755,0.2714717839373086,0.0026729445365919523
2023,VG Arora,Kolkata Knight Riders,2,42,7.0,17,40.48,4,9.52,0.1631108019126996,0.2393321187806851,0.5012136390285575,0.1222144982904092,0.2509213355291923,0.9039984041240984,powerplay,VG Arora,2023,7098516.793799999,12.735032266369652,0.12539069227016209
2023,Yash Thakur,Lucknow Super Giants,2,42,9.0,16,38.1,7,16.67,0.1631108019126996,0.3158651729509796,0.4764358340532551,0.2072458807079902,0.1882151904679381,0.8412922590628441,powerplay,Yash Thakur,2023,5323887.59535,15.802216782293586,0.1555905678360573
2024,A Kamboj,Mumbai Indians,1,36,11.83,11,30.56,10,27.78,0.0861418418239243,0.3808283205996491,0.4127390944505206,0.3112121456796423,0.0003779016352895,0.6534549702301956,powerplay,A Kamboj,2024,2217593.5,29.46685090077129,0.29013423414926687
2024,Arshad Khan,Lucknow Super Giants,0,24,11.25,9,37.5,8,33.33,0.0173974674120771,0.3629311104439792,0.485173407950089,0.3674628706496408,-0.0833099058487752,0.5697671627461307,powerplay,Arshad Khan,2024,2217593.5,25.69303899682835,0.252976818507502
2024,Arshdeep Singh,Punjab Kings,6,150,9.04,61,40.67,36,24.0,0.4298637138831599,0.2947365682990989,0.5182593984102666,0.2729008411054811,0.5983249379771742,1.2514020065720803,powerplay,Arshdeep Singh,2024,2217593.5,56.430631067960846,0.5556229263383586
2024,AS Joseph,Royal Challengers Bengaluru,0,18,11.67,8,44.44,5,27.78,0.0173974674120771,0.3758911591773954,0.5576077214496574,0.3112121456796423,-0.0568094911716131,0.5962675774232928,powerplay,AS Joseph,2024,127511626.25,0.4676182046758993,0.004604226292954364
2024,Azmatullah Omarzai,Gujarat Titans,2,72,10.67,27,37.5,22,30.56,0.1548862162357714,0.3450339002883092,0.485173407950089,0.3393881844934433,0.1374867596958405,0.7905638282907466,powerplay,Azmatullah Omarzai,2024,5543983.75,14.259851109605917,0.14040424593385353
2024,G Coetzee,Mumbai Indians,2,54,11.22,24,44.44,17,31.48,0.1548862162357714,0.3620053926773066,0.5576077214496574,0.3487126289929746,0.1488664186513061,0.8019434872462121,powerplay,G Coetzee,2024,55439837.5,1.4465112514916951,0.014242527494814703
2024,HV Patel,Punjab Kings,1,42,10.14,19,45.24,11,26.19,0.0861418418239243,0.3286795530770936,0.565957498221942,0.2950970731206697,0.0756408210397882,0.7287178896346942,powerplay,HV Patel,2024,130283618.125,0.5593319406707982,0.005507251005145497
2024,JA Richardson,Delhi Capitals,0,6,13.0,3,50.0,2,33.33,0.0173974674120771,0.4169313134998799,0.6156386700170351,0.3674628706496408,-0.0711704287566417,0.5819066398382642,powerplay,JA Richardson,2024,55439837.5,1.049618227755924,0.010334670022411683
2024,JD Unadkat,Sunrisers Hyderabad,0,30,10.4,4,13.33,5,16.67,0.0173974674120771,0.336702440388256,0.2329057772174422,0.1986093430820416,-0.1121051545271878,0.540971914067718,powerplay,JD Unadkat,2024,17740748.0,3.0493185184058644,0.030023964759386804
2024,Kartik Tyagi,Gujarat Titans,0,6,10.0,2,33.33,1,16.67,0.0173974674120771,0.3243595368326215,0.4416501965245558,0.1986093430820416,-0.0433103769572365,0.6097666916376694,powerplay,Kartik Tyagi,2024,6652780.5,9.165591614478627,0.09024554108434076
2024,LH Ferguson,Royal Challengers Bengaluru,2,30,14.0,7,23.33,13,43.33,0.1548862162357714,0.447788572388966,0.3372779868709991,0.4688155282532417,0.0158553285698254,0.6689323971647315,powerplay,LH Ferguson,2024,22175935.0,3.0164788865260093,0.029700621709351
2024,M Siddharth,Lucknow Super Giants,1,31,9.68,10,32.26,6,19.35,0.0861418418239243,0.314485213988114,0.4304823700916252,0.2257718553198066,0.0559604957053556,0.7090375643002617,powerplay,M Siddharth,2024,26611122.0,2.6644406962632456,0.02623441043800991
2024,MJ Suthar,Gujarat Titans,0,12,13.0,4,33.33,4,33.33,0.0173974674120771,0.4169313134998799,0.4416501965245558,0.3674628706496408,-0.1233669708043855,0.5297100977905205,powerplay,MJ Suthar,2024,2217593.5,23.886708623132257,0.2351914677295145
2024,Mohammad Nabi,Mumbai Indians,0,24,6.75,6,25.0,2,8.33,0.0173974674120771,0.2240734454430916,0.354708145883143,0.1140812266406384,-0.0023443231666148,0.6507327454282912,powerplay,Mohammad Nabi,2024,16631951.25,3.912546012472777,0.038523408718671194
2024,N Burger,Rajasthan Royals,4,66,10.45,30,45.45,20,30.3,0.2923749650594656,0.3382453033327103,0.5681493146246667,0.3367530153957497,0.3725339872310933,1.0256110558259994,powerplay,N Burger,2024,5543983.75,18.49953214285665,0.18214866625761392
2024,N Thushara,Mumbai Indians,2,48,11.25,13,27.08,16,33.33,0.1548862162357714,0.3629311104439792,0.3764175654910828,0.3674628706496408,0.0902964646490642,0.7433735332439703,powerplay,N Thushara,2024,53222244.0,1.396734668391604,0.013752421142257895
2024,Naman Dhir,Mumbai Indians,0,6,6.0,3,50.0,1,16.67,0.0173974674120771,0.2009305012762771,0.6156386700170351,0.1986093430820416,0.0706006828686794,0.7236777514635855,powerplay,Naman Dhir,2024,2217593.5,32.633471890298445,0.3213131734506296
2024,PJ Cummins,Sunrisers Hyderabad,6,120,9.65,54,45.0,32,26.67,0.4298637138831599,0.3135594962214414,0.5634525651902567,0.2999620006856426,0.5970591921339677,1.2501362607288735,powerplay,PJ Cummins,2024,227303333.75,0.549985888946019,0.005415228631644524
2024,Rasikh Salam,Delhi Capitals,0,18,14.33,4,22.22,9,50.0,0.0173974674120771,0.4579714678223644,0.3256926715994542,0.5364177508748436,-0.2124652814881988,0.4406117871067071,powerplay,Rasikh Salam,2024,2217593.5,19.868915881414114,0.19563178678449825
2024,S Gopal,Mumbai Indians,1,12,10.0,1,8.33,1,8.33,0.0861418418239243,0.3243595368326215,0.1807196723906638,0.1140812266406384,-0.0015673492913528,0.6515097193035532,powerplay,S Gopal,2024,2217593.5,29.37913189696638,0.2892705420609953
2024,Sandeep Sharma,Rajasthan Royals,4,90,7.73,38,42.22,18,20.0,0.2923749650594656,0.2543135591543961,0.5344370909065679,0.2323597780640407,0.4252648396711626,1.0783419082660686,powerplay,Sandeep Sharma,2024,2217593.5,48.626671581877766,0.47878418247491594
2024,SH Johnson,Gujarat Titans,1,36,9.33,15,41.67,9,25.0,0.0861418418239243,0.3036851733769338,0.5286966193756223,0.2830361068658412,0.0793719404869379,0.732449009081844,powerplay,SH Johnson,2024,110879675.0,0.6605800468677816,0.006504152297701212
2024,Simarjeet Singh,Chennai Super Kings,1,12,8.0,5,41.67,1,8.33,0.0861418418239243,0.2626450190544493,0.5286966193756223,0.1140812266406384,0.1336829936932208,0.7867600622881268,powerplay,Simarjeet Singh,2024,2217593.5,35.478101026546426,0.34932174140596534
2024,Simarjeet Singh,Chennai Super Kings,1,12,8.0,5,41.67,1,8.33,0.0861418418239243,0.2626450190544493,0.5286966193756223,0.1140812266406384,0.1336829936932208,0.7867600622881268,powerplay,Simarjeet Singh,2024,2217593.5,35.478101026546426,0.34932174140596534
2024,SN Thakur,Chennai Super Kings,0,54,10.89,15,27.78,17,31.48,0.0173974674120771,0.3518224972439082,0.3837236201668318,0.3487126289929746,-0.1044404872523837,0.5486365813425222,powerplay,SN Thakur,2024,44351870.0,1.2370089047936923,0.0121797416505999
2024,Sumit Kumar,Delhi Capitals,0,6,5.0,1,16.67,0,0.0,0.0173974674120771,0.170073242387191,0.2677660952417303,0.0296544628568388,0.0154585159256716,0.6685355845205776,powerplay,Sumit Kumar,2024,11087967.5,6.0293790049490825,0.05936600642828726
2024,UT Yadav,Gujarat Titans,4,84,9.71,37,44.05,24,28.57,0.2923749650594656,0.3154109317547865,0.5535372052731687,0.3192190056303267,0.3830743421676904,1.0361514107625964,powerplay,UT Yadav,2024,64310211.5,1.6111771157253874,0.01586384782425374
2024,Yash Dayal,Royal Challengers Bengaluru,6,180,9.23,76,42.22,45,25.0,0.4298637138831599,0.3005994474880252,0.5344370909065679,0.2830361068658412,0.5982197529795295,1.2512968215744356,powerplay,Yash Dayal,2024,55439837.5,2.2570355145330927,0.022223048966512227
2025,A Kamboj,Chennai Super Kings,7,126,8.1,54,42.86,25,19.84,0.5098776887594718,0.2383838833158767,0.5597769274237323,0.202577940135178,0.7730420816813535,1.4261191502762594,powerplay,A Kamboj,2025,35683000.0,3.9966346727468527,0.039351355998528584
2025,A Nortje,Kolkata Knight Riders,0,18,13.33,7,38.89,7,38.89,0.0,0.4592843378065421,0.508870360674223,0.4482945461273783,-0.1666399699264798,0.4864370986684261,powerplay,A Nortje,2025,68217500.0,0.7130679058429672,0.0070209542056207845
2025,A Zampa,Sunrisers Hyderabad,0,6,19.0,1,16.67,3,50.0,0.0,0.6987691517572252,0.2239474606303701,0.5915969866824095,-0.4005197350259835,0.2525573335689225,powerplay,A Zampa,2025,25188000.000000004,1.0026891121523045,0.009872600184653683
2025,Abhishek Sharma,Sunrisers Hyderabad,0,24,10.0,10,41.67,6,25.0,0.0,0.3186345264386806,0.5445177802116627,0.2691342491598369,-0.0497887789878088,0.6032882896070971,powerplay,Abhishek Sharma,2025,3148500.0000000005,19.161133543182373,0.18866287492694145
2025,Abhishek Sharma,Sunrisers Hyderabad,0,24,10.0,10,41.67,6,25.0,0.0,0.3186345264386806,0.5445177802116627,0.2691342491598369,-0.0497887789878088,0.6032882896070971,powerplay,Abhishek Sharma,2025,39881000.00000001,1.5127210691986084,0.01489443749423222
2025,AK Markram,Lucknow Super Giants,1,12,12.0,4,33.33,3,25.0,0.0728396698227816,0.4031088876205794,0.4375755215993435,0.2691342491598369,-0.0148491324282815,0.6382279361666244,powerplay,AK Markram,2025,20990000.000000004,3.040628566777629,0.029938402428042254
2025,Akash Deep,Lucknow Super Giants,2,66,12.0,23,34.85,24,36.36,0.1456793396455633,0.4031088876205794,0.4570661970298861,0.4156613170900939,0.0709521613490023,0.7240292299439083,powerplay,Akash Deep,2025,83960000.00000001,0.8623502024105624,0.008490806037855401
2025,Akash Madhwal,Rajasthan Royals,0,6,13.0,1,16.67,2,33.33,0.0,0.4453460682115288,0.2239474606303701,0.3765788333023581,-0.230804562577125,0.422272506017781,powerplay,Akash Madhwal,2025,12594000.000000002,3.352965745734325,0.03301371266455523
2025,Arshad Khan,Gujarat Titans,5,102,10.0,41,40.2,27,26.47,0.3641983491139083,0.3186345264386806,0.5256682454202828,0.2880950581261642,0.4870617224523741,1.14013879104728,powerplay,Arshad Khan,2025,102326250.0,1.1142192653862326,0.010970739775546618
2025,Arshad Khan,Gujarat Titans,5,102,10.0,41,40.2,27,26.47,0.3641983491139083,0.3186345264386806,0.5256682454202828,0.2880950581261642,0.4870617224523741,1.14013879104728,powerplay,Arshad Khan,2025,13643500.000000002,8.356644490396745,0.08228054831659964
2025,Arshdeep Singh,Punjab Kings,5,108,9.11,47,43.52,28,25.93,0.3641983491139083,0.2810434357127356,0.5682399838606784,0.2811298629956767,0.5200218283735629,1.1730988969684688,powerplay,Arshdeep Singh,2025,188910000.00000003,0.6209829532414741,0.006114274449114927
2025,Arshdeep Singh,Punjab Kings,5,108,9.11,47,43.52,28,25.93,0.3641983491139083,0.2810434357127356,0.5682399838606784,0.2811298629956767,0.5200218283735629,1.1730988969684688,powerplay,Arshdeep Singh,2025,3148500.0000000005,37.258977194488445,0.3668564669468956
2025,Arshdeep Singh,Punjab Kings,5,108,9.11,47,43.52,28,25.93,0.3641983491139083,0.2810434357127356,0.5682399838606784,0.2811298629956767,0.5200218283735629,1.1730988969684688,powerplay,Arshdeep Singh,2025,3148500.0000000005,37.258977194488445,0.3668564669468956
2025,AS Roy,Kolkata Knight Riders,0,12,6.0,4,33.33,1,8.33,0.0,0.149685804074883,0.4375755215993435,0.0541160957797856,0.0456065352864044,0.6986836038813105,powerplay,AS Roy,2025,4198000.0,16.64324925872583,0.16387147692491902
2025,Ashwani Kumar,Mumbai Indians,3,30,12.2,10,33.33,10,33.33,0.218519009468345,0.4115563237387692,0.4375755215993435,0.3765788333023581,0.1779572421524642,0.8310343107473703,powerplay,Ashwani Kumar,2025,3148500.0000000005,26.394610473157694,0.25988457745572596
2025,Azmatullah Omarzai,Punjab Kings,0,54,10.89,18,33.33,14,25.93,0.0,0.3562256171646256,0.4375755215993435,0.2811298629956767,-0.1030661247016451,0.5500109438932609,powerplay,Azmatullah Omarzai,2025,25188000.000000004,2.1836229311309383,0.02150021965115618
2025,B Kumar,Royal Challengers Bengaluru,8,126,9.24,58,46.03,32,25.4,0.5827173585822535,0.2865342691895591,0.6004252439466401,0.2742936529601981,0.8560777458705531,1.5091548144654592,powerplay,B Kumar,2025,112821250.0,1.33765120885069,0.01317067814085887
2025,DL Chahar,Mumbai Indians,7,180,9.57,75,41.67,44,24.44,0.5098776887594718,0.3004725387845724,0.5445177802116627,0.2619110838393313,0.7255533810425541,1.37863044963746,powerplay,DL Chahar,2025,97078750.0,1.4201155758983914,0.013982632430055163
2025,E Malinga,Sunrisers Hyderabad,2,42,9.14,14,33.33,10,23.81,0.1456793396455633,0.2823105511304642,0.4375755215993435,0.2537850228537625,0.1578793858121634,0.8109564544070694,powerplay,E Malinga,2025,12594000.000000002,6.4392286359144775,0.06340143624727046
2025,Fazalhaq Farooqi,Rajasthan Royals,0,54,10.33,18,33.33,14,25.93,0.0,0.3325727960336939,0.4375755215993435,0.2811298629956767,-0.0912397141361792,0.5618373544587267,powerplay,Fazalhaq Farooqi,2025,20990000.000000004,2.676690588178784,0.026355024378783374
2025,G Coetzee,Gujarat Titans,0,6,14.0,1,16.67,3,50.0,0.0,0.4875832488024782,0.2239474606303701,0.5915969866824095,-0.2949267835486099,0.358150285046296,powerplay,G Coetzee,2025,25188000.000000004,1.4219083890991582,0.014000284689087822
2025,HV Patel,Sunrisers Hyderabad,3,66,9.55,25,37.88,16,24.24,0.218519009468345,0.2996277951727534,0.4959193197631388,0.2593313819391507,0.2748741361572523,0.9279512047521584,powerplay,HV Patel,2025,83960000.00000001,1.1052301152360149,0.010882231498796288
2025,I Sharma,Gujarat Titans,1,54,11.67,21,38.89,18,33.33,0.0728396698227816,0.3891706180255662,0.508870360674223,0.3765788333023581,-0.0079804627368153,0.6450966058580907,powerplay,I Sharma,2025,7871250.000000001,8.195605600865056,0.08069493962567224
2025,J Overton,Chennai Super Kings,0,30,14.0,7,23.33,9,30.0,0.0,0.4875832488024782,0.3093473937668264,0.3336267966643514,-0.2177127656040614,0.4353643029908445,powerplay,J Overton,2025,15742500.000000002,2.765534718061581,0.027229794596646338
2025,JD Unadkat,Sunrisers Hyderabad,3,78,8.0,25,32.05,15,19.23,0.218519009468345,0.2341601652567818,0.4211623212367812,0.1947098493396272,0.2981051580772355,0.9511822266721416,powerplay,JD Unadkat,2025,10495000.000000002,9.06319415599944,0.0892373231280096
2025,JR Hazlewood,Royal Challengers Bengaluru,9,126,7.43,66,52.38,26,20.63,0.655557028405035,0.2100849723199406,0.6818501051202885,0.2127677626408913,1.0402945354554904,1.6933716040503963,powerplay,JR Hazlewood,2025,131187500.0,1.2908025566844372,0.012709400555990602
2025,K Khejroliya,Gujarat Titans,1,6,8.0,2,33.33,1,16.67,0.0728396698227816,0.2341601652567818,0.4375755215993435,0.1616896650173158,0.0911141455821214,0.7441912141770275,powerplay,K Khejroliya,2025,3148500.0000000005,23.636373326251466,0.23272663564122584
2025,K Rabada,Gujarat Titans,1,48,11.5,15,31.25,14,29.17,0.0728396698227816,0.3819902973251047,0.4109040710101799,0.3229210337786021,-0.0230486293810463,0.6300284392138596,powerplay,K Rabada,2025,112821250.0,0.5584306495574722,0.005498376782114643
2025,KH Pandya,Royal Challengers Bengaluru,4,54,8.0,18,33.33,9,16.67,0.2913586792911267,0.2341601652567818,0.4375755215993435,0.1616896650173158,0.418892659784639,1.071969728379545,powerplay,KH Pandya,2025,60346250.00000001,1.7763651069942952,0.017490309080627958
2025,KK Ahmed,Chennai Super Kings,5,144,9.79,67,46.53,40,27.78,0.3641983491139083,0.3097647185145812,0.606836650338266,0.304992105572347,0.5124677384005822,1.1655448069954883,powerplay,KK Ahmed,2025,50376000.00000001,2.3136906602260763,0.022780882491431533
2025,KT Maphaka,Rajasthan Royals,1,18,10.33,8,44.44,6,33.33,0.0728396698227816,0.3325727960336939,0.5800369716212699,0.3765788333023581,0.0416684315432348,0.6947455001381408,powerplay,KT Maphaka,2025,15742500.000000002,4.413184056777137,0.04345275240929374
2025,L Ngidi,Royal Challengers Bengaluru,2,18,10.0,8,44.44,5,27.78,0.1456793396455633,0.3186345264386806,0.5800369716212699,0.304992105572347,0.1722144166209162,0.8252914852158222,powerplay,L Ngidi,2025,10495000.000000002,7.863663508488061,0.0774265970030412
2025,LH Ferguson,Punjab Kings,1,20,7.5,10,50.0,3,15.0,0.0728396698227816,0.2130415749613071,0.6513318106961494,0.1401491541508079,0.1701084296322021,0.8231854982271082,powerplay,LH Ferguson,2025,20990000.000000004,3.9217984670181423,0.03861450952284468
2025,LS Livingstone,Royal Challengers Bengaluru,0,6,10.0,0,0.0,1,16.67,0.0,0.3186345264386806,0.0101911715335642,0.1616896650173158,-0.1885978447627342,0.4644792238321718,powerplay,LS Livingstone,2025,91831250.0,0.505796473239961,0.004980134215666564
2025,M Jansen,Punjab Kings,4,114,9.68,50,43.86,30,26.32,0.2913586792911267,0.3051186286495768,0.572599740206984,0.2861602817010288,0.399026570333791,1.052103638928697,powerplay,M Jansen,2025,73465000.0,1.4321154821053523,0.014100784980829718
2025,M Prasidh Krishna,Gujarat Titans,4,114,8.89,41,35.96,24,21.05,0.2913586792911267,0.2717512559827268,0.4712995192192954,0.2181851366312705,0.3989152193848611,1.0519922879797672,powerplay,M Prasidh Krishna,2025,99702500.0,1.0551313036080008,0.010388952444565834
2025,M Siddharth,Lucknow Super Giants,1,18,11.0,6,33.33,5,27.78,0.0728396698227816,0.36087170702963,0.4375755215993435,0.304992105572347,-0.0009021134153088,0.6521749551795971,powerplay,M Siddharth,2025,7871250.000000001,8.285532223974554,0.08158036820483612
2025,M Theekshana,Rajasthan Royals,1,96,9.38,29,30.21,21,21.88,0.0728396698227816,0.292447474472292,0.3975683457155982,0.2288908995170198,0.0365280913093019,0.689605159904208,powerplay,M Theekshana,2025,46178000.00000001,1.4933629864961842,0.014703835433686991
2025,MA Starc,Delhi Capitals,5,90,13.33,35,38.89,35,38.89,0.3641983491139083,0.4592843378065421,0.508870360674223,0.4482945461273783,0.3796575537443826,1.0327346223392886,powerplay,MA Starc,2025,3148500.0000000005,32.80084555627405,0.3229611551286892
2025,MJ Santner,Mumbai Indians,0,54,9.22,16,29.63,12,22.22,0.0,0.2856895255777401,0.3901311143013121,0.2332763927473269,-0.0724607070479418,0.5806163615469642,powerplay,MJ Santner,2025,20990000.000000004,2.766157034525793,0.0272359220010083
2025,MM Ali,Kolkata Knight Riders,4,66,7.45,22,33.33,8,12.12,0.2913586792911267,0.2109297159317596,0.4375755215993435,0.1030014467882075,0.4422455280929717,1.0953225966878777,powerplay,MM Ali,2025,20990000.000000004,5.2183067969884585,0.051380089823596695
2025,MM Sharma,Delhi Capitals,0,18,8.33,7,38.89,4,22.22,0.0,0.2480984348517951,0.508870360674223,0.2332763927473269,-0.018043387773096,0.6350336808218099,powerplay,MM Sharma,2025,23089000.000000004,2.750373254891116,0.027080512967592788
2025,Mohammed Shami,Sunrisers Hyderabad,4,84,12.29,27,32.14,29,34.52,0.2913586792911267,0.4153576699919548,0.422316374387274,0.3919280596084326,0.2776684843352083,0.9307455529301144,powerplay,Mohammed Shami,2025,104950000.0,0.8868466440496562,0.00873200101176945
2025,MP Stoinis,Punjab Kings,1,16,13.13,5,31.25,4,25.0,0.0728396698227816,0.4508369016883523,0.4109040710101799,0.2691342491598369,-0.046714574638917,0.6063624939559888,powerplay,MP Stoinis,2025,115445000.0,0.5252392862020778,0.005171570540758349
2025,Mukesh Choudhary,Chennai Super Kings,1,24,12.0,7,29.17,9,37.5,0.0728396698227816,0.4031088876205794,0.3842326204210164,0.4303656179211232,-0.0630982765340369,0.589978792060869,powerplay,Mukesh Choudhary,2025,3148500.0000000005,18.7384085139231,0.18450067235453643
2025,Mukesh Kumar,Delhi Capitals,3,114,8.79,43,37.72,24,21.05,0.218519009468345,0.2675275379236318,0.4938676697178184,0.2181851366312705,0.298538018829793,0.9516150874246988,powerplay,Mukesh Kumar,2025,83960000.00000001,1.1334148254224616,0.011159741617953599
2025,N Thushara,Royal Challengers Bengaluru,1,12,6.0,7,58.33,2,16.67,0.0728396698227816,0.149685804074883,0.7581458411806361,0.1616896650173158,0.2295224220474586,0.8825994906423646,powerplay,N Thushara,2025,16792000.0,5.256071287770156,0.05175192363942864
2025,NT Ellis,Chennai Super Kings,0,6,9.0,1,16.67,1,16.67,0.0,0.2763973458477312,0.2239474606303701,0.1616896650173158,-0.1033523677382177,0.5497247008566882,powerplay,NT Ellis,2025,20990000.000000004,2.618983805891797,0.02578683631075961
2025,Prince Yadav,Lucknow Super Giants,0,24,8.25,14,58.33,6,25.0,0.0,0.2447194604045191,0.7581458411806361,0.2691342491598369,0.0512571723199638,0.7043342409148698,powerplay,Prince Yadav,2025,3148500.0000000005,22.370469776556128,0.22026239376704304
2025,PVD Chameera,Delhi Capitals,0,36,13.5,10,27.78,11,30.56,0.0,0.4664646585070035,0.3664089106522966,0.3408499619848571,-0.1914796484547842,0.4615974201401218,powerplay,PVD Chameera,2025,7871250.000000001,5.864347087694099,0.057741081895828765
2025,PVSN Raju,Mumbai Indians,0,6,13.0,0,0.0,2,33.33,0.0,0.4453460682115288,0.0101911715335642,0.3765788333023581,-0.2949314493061667,0.3581456192887392,powerplay,PVSN Raju,2025,3148500.0000000005,11.375118922939151,0.11200081841719295
2025,PWH de Silva,Rajasthan Royals,2,18,5.67,7,38.89,2,11.11,0.1456793396455633,0.1357475344798697,0.508870360674223,0.0899739521922956,0.2853115599922179,0.938388628587124,powerplay,PWH de Silva,2025,55098750.00000001,1.703103298327319,0.016768964311838063
2025,R Ashwin,Chennai Super Kings,1,78,11.0,23,29.49,22,28.21,0.0728396698227816,0.36087170702963,0.3883359205116569,0.3105384646577353,-0.0167832655586925,0.6362938030362135,powerplay,R Ashwin,2025,102326250.0,0.6218285171558748,0.0061225999752987405
2025,R Sai Kishore,Gujarat Titans,0,12,12.0,4,33.33,4,33.33,0.0,0.4031088876205794,0.4375755215993435,0.3765788333023581,-0.1455975539909583,0.5074795146039477,powerplay,R Sai Kishore,2025,20990000.000000004,2.417720412596225,0.023805172213950232
2025,R Shepherd,Royal Challengers Bengaluru,0,6,15.0,2,33.33,3,50.0,0.0,0.5298204293934277,0.4375755215993435,0.5915969866824095,-0.2519569555533927,0.4011201130415133,powerplay,R Shepherd,2025,15742500.000000002,2.548007705520173,0.025087996906658794
2025,Rasikh Salam,Royal Challengers Bengaluru,0,12,13.0,5,41.67,5,41.67,0.0,0.4453460682115288,0.5445177802116627,0.4841524025398884,-0.1561481805502433,0.4969288880446627,powerplay,Rasikh Salam,2025,62970000.00000001,0.7891517993404202,0.007770085568361692
2025,RJW Topley,Mumbai Indians,0,12,10.5,4,33.33,3,25.0,0.0,0.3397531167341553,0.4375755215993435,0.2691342491598369,-0.092430751719242,0.5606463168756639,powerplay,RJW Topley,2025,7871250.000000001,7.122710076235209,0.07013107847848367
2025,Sandeep Sharma,Rajasthan Royals,2,78,7.31,28,35.9,12,15.38,0.1456793396455633,0.2050165106490267,0.4705301504523003,0.145050587761151,0.2281596817272915,0.8812367503221976,powerplay,Sandeep Sharma,2025,27287000.000000004,3.2295113069307635,0.03179816509297331
2025,SH Johnson,Kolkata Knight Riders,0,36,12.83,12,33.33,13,36.11,0.0,0.4381657475110674,0.4375755215993435,0.4124366897148682,-0.1702975552187043,0.4827795133762017,powerplay,SH Johnson,2025,29386000.000000004,1.6428895166957111,0.016176092020267183
2025,Shahbaz Ahmed,Lucknow Super Giants,0,12,10.0,3,25.0,3,25.0,0.0,0.3186345264386806,0.3307614911148568,0.2691342491598369,-0.1139156657168506,0.5391614028780554,powerplay,Shahbaz Ahmed,2025,25188000.000000004,2.140548685398028,0.021076105335739184
2025,Simarjeet Singh,Sunrisers Hyderabad,2,30,15.2,11,36.67,14,46.67,0.1456793396455633,0.5382678655116175,0.4804037162954042,0.548644950044403,-0.016222798407723,0.6368542701871829,powerplay,Simarjeet Singh,2025,5247500.000000001,12.136336735344122,0.11949586251832951
2025,Simarjeet Singh,Sunrisers Hyderabad,2,30,15.2,11,36.67,14,46.67,0.1456793396455633,0.5382678655116175,0.4804037162954042,0.548644950044403,-0.016222798407723,0.6368542701871829,powerplay,Simarjeet Singh,2025,15742500.000000002,4.0454455784480405,0.039831954172776504
2025,SM Curran,Chennai Super Kings,0,18,9.67,6,33.33,4,22.22,0.0,0.3046962568436673,0.4375755215993435,0.2332763927473269,-0.0677307504914959,0.58534631810341,powerplay,SM Curran,2025,25188000.000000004,2.3239094731753607,0.02288149817917296
2025,TU Deshpande,Rajasthan Royals,3,72,10.92,22,30.56,23,31.94,0.218519009468345,0.3574927325823541,0.4020563301897362,0.3586499050961031,0.1979190659490407,0.8509961345439467,powerplay,TU Deshpande,2025,68217500.0,1.2474748188425944,0.012282790326126024
2025,V Nigam,Delhi Capitals,6,90,11.27,30,33.33,24,26.67,0.4370380189366901,0.3722757457891864,0.4375755215993435,0.2906747600263448,0.542556859984976,1.195633928579882,powerplay,V Nigam,2025,5247500.000000001,22.784829510812425,0.22434223061712183
2025,V Puthur,Mumbai Indians,1,6,7.0,4,66.67,1,16.67,0.0728396698227816,0.1919229846658324,0.8650880997929554,0.1616896650173158,0.2404865093356797,0.8935635779305857,powerplay,V Puthur,2025,3148500.0000000005,28.38061228936273,0.2794389953303764
2025,VG Arora,Kolkata Knight Riders,3,90,11.13,30,33.33,27,30.0,0.218519009468345,0.3663625405064535,0.4375755215993435,0.3336267966643514,0.2091445410962235,0.8622216096911295,powerplay,VG Arora,2025,18891000.0,4.564192523906249,0.04493960032894752
2025,Vijaykumar Vyshak,Punjab Kings,1,18,5.67,8,44.44,1,5.56,0.0728396698227816,0.1357475344798697,0.5800369716212699,0.0183872244622845,0.2117193840881617,0.8647964526830677,powerplay,Vijaykumar Vyshak,2025,18891000.0,4.5778225222755164,0.04507380296741879
2025,Washington Sundar,Gujarat Titans,0,6,21.0,1,16.67,4,66.67,0.0,0.7832435129391241,0.2239474606303701,0.8066151400624608,-0.4857605462929432,0.1673165223019628,powerplay,Washington Sundar,2025,33584000.0,0.498203079746197,0.004905368730432797
2025,WG Jacks,Mumbai Indians,3,30,10.4,8,26.67,8,26.67,0.218519009468345,0.3355293986750604,0.3521755884628871,0.2906747600263448,0.2075315393985844,0.8606086079934905,powerplay,WG Jacks,2025,55098750.00000001,1.5619385339839658,0.0153790386991711
2025,XC Bartlett,Punjab Kings,2,48,9.0,25,52.08,12,25.0,0.1456793396455633,0.2763973458477312,0.678003261285313,0.2691342491598369,0.2298944650981058,0.8829715336930118,powerplay,XC Bartlett,2025,8396000.0,10.516573769568982,0.10354747735966247
2025,Yash Thakur,Punjab Kings,0,18,13.67,7,38.89,7,38.89,0.0,0.473644979207465,0.508870360674223,0.4482945461273783,-0.1738202906269412,0.4792567779679647,powerplay,Yash Thakur,2025,16792000.0,2.854078001238475,0.028101602640882156
2025,YS Chahal,Punjab Kings,2,36,7.83,5,13.89,4,11.11,0.1456793396455633,0.2269798445563204,0.1883000410929304,0.0899739521922956,0.1435243090796047,0.7966013776745108,powerplay,YS Chahal,2025,188910000.00000003,0.4216830118440054,0.004151942740916179
2025,Zeeshan Ansari,Sunrisers Hyderabad,1,30,7.8,9,30.0,3,10.0,0.0728396698227816,0.2257127291385919,0.3948755550311152,0.0756566066462934,0.0997344853449524,0.7528115539398584,powerplay,Zeeshan Ansari,2025,4198000.0,17.932623962359656,0.17656681866435295
