season,player,team,wickets,balls,economy,dot_balls,dot_pct,boundaries_conceded,boundary_pct_conceded,wickets_z,economy_z,dot_pct_z,boundary_pct_conceded_z,impact_score,impact_score_pos,phase,name,year,adj_price,ROI
2013,AM Nayar,Lucknow Super Giants,1,42,7.43,10,23.81,3,7.14,0.07099391835357045,0.2954077173083614,0.3262829608252121,0.13112989914499348,-0.05817638789776852,0.8698287006997487,middle,AM Nayar,2013,83114359.61769001,1.0465444295074793
2013,B Laughlin,Chennai Super Kings,1,24,6.75,6,25.0,2,8.33,0.07099391835357045,0.2645629710498034,0.338973852538847,0.14784985473538376,-0.03303731449490972,0.8949677741026075,middle,B Laughlin,2013,2462647.6923760003,36.34168934814743
2013,CH Morris,Chennai Super Kings,4,96,6.88,39,40.63,13,13.54,0.20719463978997454,0.2704597607757042,0.5056617831977669,0.22105234937902532,0.20191221614792343,1.1299173047454407,middle,CH Morris,2013,76957740.38675001,1.4682308745904669
2013,DJG Sammy,Sunrisers Hyderabad,7,78,5.77,34,43.59,8,10.26,0.34339536122637865,0.220110248500705,0.5372290432585731,0.174967093634084,0.46518013728975904,1.3931852258872763,middle,DJG Sammy,2013,52331263.46299,2.662242670430788
2013,DP Nannes,Chennai Super Kings,0,18,10.67,5,27.78,4,22.22,0.025593677874769075,0.44237386124619676,0.36862148192028,0.343009672508931,-0.27352406211050606,0.6544810264870112,middle,DP Nannes,2013,73879430.77128,0.8858771916004462
2013,DT Christian,Royal Challengers Bengaluru,0,6,5.0,1,16.67,0,0.0,0.025593677874769075,0.18518310935498494,0.2501376105434023,0.0308101656026517,-0.040876720629344006,0.8871283679681733,middle,DT Christian,2013,12313238.46188,7.204671384498838
2013,J Botha,Delhi Capitals,4,72,6.75,25,34.72,8,11.11,0.20719463978997454,0.2645629710498034,0.4426339092250082,0.18690991905579135,0.19454977180146327,1.1225548603989806,middle,J Botha,2013,55409573.07846001,2.025922233346649
2013,JD Unadkat,Royal Challengers Bengaluru,5,168,8.64,48,28.57,30,17.86,0.2525948802687759,0.3502932216802074,0.3770465276797519,0.2817500032869968,0.1554217007055242,1.0834267893030414,middle,JD Unadkat,2013,64644501.92487001,1.6759766987797395
2013,JDP Oram,Mumbai Indians,0,6,8.0,3,50.0,1,16.67,0.025593677874769075,0.321262872260388,0.6055892246740354,0.26503004769660654,-0.0899490231332675,0.8380560654642498,middle,JDP Oram,2013,6156619.23094,13.612277031079188
2013,JO Holder,Chennai Super Kings,0,36,7.33,11,30.56,4,11.11,0.025593677874769075,0.29087172521151466,0.3982691113017129,0.18690991905579135,-0.11220811377770254,0.8157969748198147,middle,JO Holder,2013,2462647.6923760003,33.12682432592383
2013,JP Faulkner,Rajasthan Royals,7,102,7.06,40,39.22,14,13.73,0.34339536122637865,0.2786245465500284,0.4906246762093422,0.22372192212034814,0.39463642303827823,1.3226415116357955,middle,JP Faulkner,2013,49252953.84752,2.685405459600457
2013,KW Richardson,Lucknow Super Giants,0,18,9.33,3,16.67,2,11.11,0.025593677874769075,0.38159156714845,0.2501376105434023,0.18690991905579135,-0.229223437554744,0.6987816510427733,middle,KW Richardson,2013,86192669.23316,0.8107205140062403
2013,MC Henriques,Royal Challengers Bengaluru,1,24,14.0,3,12.5,8,33.33,0.07099391835357045,0.5934223980711942,0.20566616647125283,0.49910942596207064,-0.406369076177638,0.5216360124198793,middle,MC Henriques,2013,36939715.38564,1.412127860147674
2013,MS Gony,Punjab Kings,7,126,9.0,47,37.3,27,21.43,0.34339536122637865,0.3666227932288557,0.47014861562935967,0.3319098700581677,0.2964574179336577,1.224462506531175,middle,MS Gony,2013,61566192.30940001,1.9888553451180746
2013,NLTC Perera,Sunrisers Hyderabad,4,126,6.9,43,34.13,15,11.9,0.20719463978997454,0.2713669591950736,0.43634178644261784,0.19800972150655466,0.18499898396037734,1.1130040725578947,middle,NLTC Perera,2013,83114359.61769001,1.3391236817290035
2013,NM Coulter-Nile,Mumbai Indians,0,6,12.0,0,0.0,2,33.33,0.025593677874769075,0.5027025561342587,0.07235848040365864,0.49910942596207064,-0.44188586916656997,0.4861192194309473,middle,NM Coulter-Nile,2013,55409573.07846001,0.8773199149948369
2013,SMSM Senanayake,Kolkata Knight Riders,4,54,9.44,14,25.93,10,18.52,0.20719463978997454,0.3865811584549815,0.348891944382276,0.2910232559673813,0.04798996504218315,0.9759950536397004,middle,SMSM Senanayake,2013,76957740.38675001,1.2682220771229136
2014,A Mishra,Sunrisers Hyderabad,3,162,8.11,52,32.1,23,14.2,0.17941441735530966,0.30370101892454693,0.42314378318213797,0.20975773944329645,0.11115239795930906,1.0391574865568263,middle,A Mishra,2014,92008373.22575,1.129416215203772
2014,A Mishra,Sunrisers Hyderabad,3,162,8.11,52,32.1,23,14.2,0.17941441735530966,0.30370101892454693,0.42314378318213797,0.20975773944329645,0.11115239795930906,1.0391574865568263,middle,A Mishra,2014,1937018.3837,53.647270222179166
2014,A Mishra,Sunrisers Hyderabad,3,162,8.11,52,32.1,23,14.2,0.17941441735530966,0.30370101892454693,0.42314378318213797,0.20975773944329645,0.11115239795930906,1.0391574865568263,middle,A Mishra,2014,1937018.3837,53.647270222179166
2014,A Nehra,Chennai Super Kings,0,12,16.5,2,16.67,5,41.67,0.025661740602515005,0.6531529556540906,0.24940005053712788,0.582741544054872,-0.5257580472693361,0.40224704132818123,middle,A Nehra,2014,38740367.673999995,1.0383149811924557
2014,AB Dinda,Royal Challengers Bengaluru,1,84,6.07,31,36.9,3,3.57,0.07691263285344656,0.2187329675624172,0.4771923843938066,0.06542509135370611,0.0704552722776368,0.9984603608751541,middle,AB Dinda,2014,29055275.7555,3.436416743304015
2014,AD Russell,Kolkata Knight Riders,1,12,10.0,3,25.0,3,25.0,0.07691263285344656,0.38242141945122604,0.34319689388987795,0.3563986236735482,-0.15888884284855725,0.76911624574896,middle,AD Russell,2014,11622110.302199999,6.617698728976705
2014,AR Patel,Punjab Kings,10,258,6.02,107,41.47,27,10.47,0.5381706631118305,0.21665041728393358,0.5286511567974163,0.15911232294525582,0.7607085432907726,1.68871363188829,middle,AR Patel,2014,14527637.87775,11.624144586331287
2014,B Kumar,Sunrisers Hyderabad,4,44,7.36,16,36.36,7,15.91,0.2306653096062412,0.27246276474729336,0.4711119167574939,0.23297587944641965,0.22276615174949135,1.1507712403470087,middle,B Kumar,2014,82323281.30725,1.3978685276793787
2014,BCJ Cutting,Rajasthan Royals,1,12,7.0,7,58.33,3,25.0,0.07691263285344656,0.25746840274221167,0.7184968685534026,0.3563986236735482,0.05366356291771163,0.9816686515152289,middle,BCJ Cutting,2014,15496147.0696,6.334920849073798
2014,BE Hendricks,Punjab Kings,0,6,8.0,1,16.67,0,0.0,0.025661740602515005,0.2991194083118831,0.24940005053712788,0.016952132399817323,-0.12937332706455906,0.7986317615329582,middle,BE Hendricks,2014,34866330.9066,2.290552922452135
2014,BW Hilfenhaus,Chennai Super Kings,2,24,12.5,7,29.17,7,29.17,0.12816352510437812,0.4865489333754047,0.39015161619251515,0.4130182984180066,-0.16255203386960337,0.7654530547279139,middle,BW Hilfenhaus,2014,19370183.836999997,3.951707744073044
2014,CJ Anderson,Mumbai Indians,0,30,9.8,4,13.33,6,20.0,0.025661740602515005,0.37409121833729175,0.21179123219400842,0.28850932541880203,-0.25494485919161886,0.6730602294058985,middle,CJ Anderson,2014,87165827.2665,0.7721606626276721
2014,DJG Sammy,Sunrisers Hyderabad,2,66,11.91,15,22.73,18,27.27,0.12816352510437812,0.4619748400892985,0.3176364095668596,0.38722036508120294,-0.15948773456105436,0.7685173540364629,middle,DJG Sammy,2014,67795643.4295,1.1335792613807647
2014,DR Smith,Chennai Super Kings,4,54,10.22,13,24.07,12,22.22,0.2306653096062412,0.39158464067655374,0.33272497740511714,0.31865217384390937,0.06881731032087207,0.9968223989183893,middle,DR Smith,2014,87165827.2665,1.1435931146167106
2014,DS Kulkarni,Rajasthan Royals,1,36,9.0,9,25.0,7,19.44,0.07691263285344656,0.34077041388155455,0.34319689388987795,0.2809057240142705,-0.11046945846096452,0.8175356301365527,middle,DS Kulkarni,2014,21307202.2207,3.8368980669940553
2014,HV Patel,Royal Challengers Bengaluru,1,36,10.5,11,30.56,9,25.0,0.07691263285344656,0.4032469222360618,0.40580319029339423,0.3563986236735482,-0.15676735615537102,0.7712377324421462,middle,HV Patel,2014,7748073.5348,9.953928921533578
2014,I Sharma,Sunrisers Hyderabad,1,42,9.43,15,35.71,8,19.05,0.07691263285344656,0.3586803462765133,0.4637928353434138,0.2756103587504003,-0.08755954888809676,0.8404455397094205,middle,I Sharma,2014,50362477.9762,1.668793064762606
2014,IC Pandey,Chennai Super Kings,2,72,7.42,25,34.72,12,16.67,0.12816352510437812,0.27496182508147365,0.4526453113435071,0.2432950527811411,0.059410410438212165,0.9874154990357294,middle,IC Pandey,2014,29055275.7555,3.398403468426271
2014,IK Pathan,Sunrisers Hyderabad,1,84,8.79,23,27.38,15,17.86,0.07691263285344656,0.33202370271192355,0.3699959919906637,0.2594527057657706,-0.09114175644532403,0.8368633321521932,middle,IK Pathan,2014,46488441.208799995,1.800153565901409
2014,Iqbal Abdulla,Rajasthan Royals,0,6,9.0,1,16.67,1,16.67,0.025661740602515005,0.34077041388155455,0.24940005053712788,0.2432950527811411,-0.207962715596561,0.7200423730009563,middle,Iqbal Abdulla,2014,12590619.49405,5.7188796257501835
2014,JD Unadkat,Delhi Capitals,3,54,7.44,16,29.63,7,12.96,0.17941441735530966,0.27579484519286707,0.39533127380863337,0.1929211934761194,0.12850089332603698,1.0565059819235543,middle,JD Unadkat,2014,54236514.743599996,1.9479606809510632
2014,JDS Neesham,Delhi Capitals,1,36,9.33,10,27.78,7,19.44,0.07691263285344656,0.3545152457195462,0.37450004209163607,0.2809057240142705,-0.11207437947083042,0.8159307091266869,middle,JDS Neesham,2014,19370183.836999997,4.212302350833321
2014,JH Kallis,Kolkata Knight Riders,2,84,8.86,21,25.0,16,19.05,0.12816352510437812,0.33493927310180055,0.34319689388987795,0.2756103587504003,-0.027869134407989937,0.9001359541895273,middle,JH Kallis,2014,106536011.1035,0.8449123867750624
2014,JJ Bumrah,Mumbai Indians,2,54,7.56,21,38.89,9,16.67,0.12816352510437812,0.2807929658612276,0.4996000336461443,0.2432950527811411,0.06883191450520013,0.9968370031027174,middle,JJ Bumrah,2014,23244220.604399998,4.288537009126569
2014,JO Holder,Sunrisers Hyderabad,0,6,14.0,0,0.0,2,33.33,0.025661740602515005,0.549025441729912,0.061693762579103396,0.4695021945659553,-0.4761200526196171,0.4518850359779002,middle,JO Holder,2014,14527637.87775,3.110519685171881
2014,JP Duminy,Delhi Capitals,3,120,7.5,31,25.83,13,10.83,0.17941441735530966,0.2782939055270474,0.35254279784939563,0.16400035241959754,0.11944927048222578,1.0474543590797432,middle,JP Duminy,2014,42614404.4414,2.4579819260882094
2014,JW Hastings,Chennai Super Kings,1,6,3.0,4,66.67,0,0.0,0.07691263285344656,0.09086438046352581,0.8124063131586771,0.016952132399817323,0.28300891237698883,1.211014000974506,middle,JW Hastings,2014,9685091.918499999,12.503897858328894
2014,K Santokie,Mumbai Indians,1,12,7.0,6,50.0,2,16.67,0.07691263285344656,0.25746840274221167,0.6247000252006525,0.2432950527811411,0.04814522409036801,0.9761503126878853,middle,K Santokie,2014,5811055.151099999,16.798159496096087
2014,KK Cooper,Rajasthan Royals,1,30,10.2,8,26.67,6,20.0,0.07691263285344656,0.3907516205651603,0.36200130306143774,0.28850932541880203,-0.1463338213372875,0.7816712672602297,middle,KK Cooper,2014,5811055.151099999,13.451451533931214
2014,KV Sharma,Sunrisers Hyderabad,11,210,8.34,74,35.24,34,16.19,0.5894215553627621,0.3132807502055714,0.4585005764747712,0.23677768014868544,0.7237023697923801,1.6517074583898974,middle,KV Sharma,2014,72638189.38875,2.273883025291527
2014,KW Richardson,Rajasthan Royals,1,30,7.0,11,36.67,3,10.0,0.07691263285344656,0.25746840274221167,0.47460255558574754,0.15273072890930967,0.02122884798026281,0.9492339365777801,middle,KW Richardson,2014,19370183.836999997,4.900490075703871
2014,L Balaji,Punjab Kings,4,84,7.79,30,35.71,10,11.9,0.2306653096062412,0.2903726971422521,0.4637928353434138,0.17852866224611325,0.2171319248493616,1.1451370134468788,middle,L Balaji,2014,34866330.9066,3.28436340638903
2014,LR Shukla,Delhi Capitals,1,48,8.63,21,43.75,11,22.92,0.07691263285344656,0.32535954182077614,0.554324242372959,0.3281566755995738,-0.04425274658447817,0.8837523420130391,middle,LR Shukla,2014,29055275.7555,3.041624348878361
2014,M de Lange,Mumbai Indians,1,12,6.0,4,33.33,1,8.33,0.07691263285344656,0.2158173971725402,0.436993737242628,0.13005570329222446,0.04780201205648116,0.9758071006539984,middle,M de Lange,2014,5811055.151099999,16.792253304794116
2014,M Morkel,Kolkata Knight Riders,5,78,8.62,30,38.46,16,20.51,0.2819162018571728,0.3249430317650794,0.494758179787599,0.29543403384078615,0.25226052454181813,1.1802656131393354,middle,M Morkel,2014,54236514.743599996,2.176145754790796
2014,M Muralitharan,Royal Challengers Bengaluru,2,48,7.63,13,27.08,5,10.42,0.12816352510437812,0.28370853625110465,0.3666179544149344,0.15843342996270834,0.04357715898762209,0.9715822475851393,middle,M Muralitharan,2014,19370183.836999997,5.015864876456513
2014,M Vijay,Delhi Capitals,0,6,13.0,2,33.33,3,50.0,0.025661740602515005,0.5073744361602405,0.436993737242628,0.695845114947279,-0.3754778398410873,0.55252724875643,middle,M Vijay,2014,96850919.185,0.5704925192305287
2014,MC Henriques,Sunrisers Hyderabad,0,24,6.5,6,25.0,2,8.33,0.025661740602515005,0.23664289995737592,0.34319689388987795,0.13005570329222446,-0.07387378155360975,0.8541313070439075,middle,MC Henriques,2014,19370183.836999997,4.409515749728646
2014,MG Johnson,Punjab Kings,2,66,8.0,27,40.91,10,15.15,0.12816352510437812,0.2991194083118831,0.5223454866560548,0.22265670611169824,0.06512206578153748,0.9931271543790547,middle,MG Johnson,2014,125906194.94049999,0.7887833913560655
2014,MK Tiwary,Delhi Capitals,0,6,11.0,3,50.0,2,33.33,0.025661740602515005,0.42407242502089754,0.6247000252006525,0.4695021945659553,-0.20725576046594085,0.7207493281315764,middle,MK Tiwary,2014,54236514.743599996,1.3289005230864805
2014,MM Sharma,Chennai Super Kings,4,78,5.77,29,37.18,4,5.13,0.2306653096062412,0.20623766589151574,0.4803452194644873,0.08660655240918688,0.307790087053658,1.2357951756511754,middle,MM Sharma,2014,38740367.673999995,3.18994178385292
2014,Mohammed Shami,Delhi Capitals,3,66,6.18,26,39.39,5,7.58,0.17941441735530966,0.22331457817508105,0.5052300962723598,0.11987230855401254,0.21806453066380513,1.1460696192613224,middle,Mohammed Shami,2014,82323281.30725,1.3921573594520837
2014,P Negi,Chennai Super Kings,0,30,12.0,5,16.67,8,26.67,0.025661740602515005,0.465723430590569,0.24940005053712788,0.3790736492906335,-0.335080848265671,0.5929242403318462,middle,P Negi,2014,1937018.3837,30.61015038996536
2014,P Suyal,Mumbai Indians,1,6,1.0,5,83.33,0,0.0,0.07691263285344656,0.007562369324182875,0.9999999998641772,0.016952132399817323,0.4059286273001132,1.3339337158976305,middle,P Suyal,2014,1937018.3837,68.86531006224185
2014,Parvez Rasool,Sunrisers Hyderabad,1,36,9.17,9,25.0,6,16.67,0.07691263285344656,0.3478510848283987,0.34319689388987795,0.2432950527811411,-0.108611860971814,0.8193932276257033,middle,Parvez Rasool,2014,18401674.64515,4.452818797346062
2014,PJ Cummins,Kolkata Knight Riders,0,6,9.0,1,16.67,1,16.67,0.025661740602515005,0.34077041388155455,0.24940005053712788,0.2432950527811411,-0.207962715596561,0.7200423730009563,middle,PJ Cummins,2014,19370183.836999997,3.71727175673762
2014,PP Ojha,Mumbai Indians,1,162,8.85,48,29.63,24,14.81,0.07691263285344656,0.33452276304610384,0.39533127380863337,0.2180402338303755,-0.07725792578019838,0.8507471628173189,middle,PP Ojha,2014,62953097.470249996,1.3513984172412803
2014,PV Tambe,Rajasthan Royals,14,240,7.18,70,29.17,25,10.42,0.7431742321155568,0.2649655837447525,0.39015161619251515,0.15843342996270834,0.9881476800427461,1.9161527686402633,middle,PV Tambe,2014,1937018.3837,98.92279726226035
2014,R Bhatia,Rajasthan Royals,11,204,7.65,49,24.02,22,10.78,0.5894215553627621,0.2845415563624981,0.33216197114249557,0.16332145943705006,0.7234833874094833,1.6514884760070005,middle,R Bhatia,2014,32929312.522899996,5.015253430688866
2014,R Dhawan,Punjab Kings,10,204,7.0,67,32.84,20,9.8,0.5381706631118305,0.25746840274221167,0.43147627586893694,0.15001515697911982,0.7007211238388336,1.6287262124363509,middle,R Dhawan,2014,58110551.511,2.8028063236124034
2014,R Rampaul,Royal Challengers Bengaluru,0,6,6.0,3,50.0,1,16.67,0.025661740602515005,0.2158173971725402,0.6247000252006525,0.2432950527811411,0.0045896901697078454,0.9325947787672252,middle,R Rampaul,2014,17433165.4533,5.349543554011818
2014,R Shukla,Delhi Capitals,0,18,10.0,3,16.67,3,16.67,0.025661740602515005,0.38242141945122604,0.24940005053712788,0.2432950527811411,-0.24128352005229825,0.686721568545219,middle,R Shukla,2014,7748073.5348,8.863126627036397
2014,R Tewatia,Rajasthan Royals,2,42,7.71,14,33.33,6,14.29,0.12816352510437812,0.28704061669667835,0.436993737242628,0.2109797468118819,0.0515149661096365,0.9795200547071538,middle,R Tewatia,2014,1937018.3837,50.56844390067798
2014,RG Sharma,Mumbai Indians,1,18,8.67,4,22.22,3,16.67,0.07691263285344656,0.32702558204356297,0.31189374568811984,0.2432950527811411,-0.1013424032044728,0.8266626853930445,middle,RG Sharma,2014,36803349.2903,2.2461615622872735
2014,RN ten Doeschate,Kolkata Knight Riders,1,30,7.0,13,43.33,4,13.33,0.07691263285344656,0.25746840274221167,0.549594989766938,0.19794500154697062,0.034683723707087756,0.962688812304605,middle,RN ten Doeschate,2014,19370183.836999997,4.969951862128036
2014,S Badree,Chennai Super Kings,1,18,9.67,4,22.22,3,16.67,0.07691263285344656,0.36867658761323446,0.31189374568811984,0.2432950527811411,-0.13466320766021,0.7933418809373073,middle,S Badree,2014,5811055.151099999,13.652286208075864
2014,S Gopal,Mumbai Indians,5,72,8.17,24,33.33,10,13.89,0.2819162018571728,0.3062000792587273,0.436993737242628,0.2055486029515022,0.26790263996126534,1.1959077285587827,middle,S Gopal,2014,1937018.3837,61.739616857658156
2014,S Kaul,Delhi Capitals,1,30,12.6,5,16.67,9,30.0,0.07691263285344656,0.4907140339323718,0.24940005053712788,0.4242879219282944,-0.28723984709024813,0.6407652415072691,middle,S Kaul,2014,8716582.72665,7.351106065318458
2014,S Nadeem,Delhi Capitals,5,150,8.12,43,28.67,18,12.0,0.2819162018571728,0.3041175289802437,0.3845215535662997,0.17988644821120814,0.25895945602921255,1.1869645446267298,middle,S Nadeem,2014,16464656.261449998,7.209166871013663
2014,S Rana,Royal Challengers Bengaluru,0,12,8.0,3,25.0,2,16.67,0.025661740602515005,0.2991194083118831,0.34319689388987795,0.2432950527811411,-0.1465028581349988,0.7815022304625185,middle,S Rana,2014,3874036.7674,20.172813976337444
2014,Sandeep Sharma,Punjab Kings,0,12,10.0,2,16.67,2,16.67,0.025661740602515005,0.38242141945122604,0.24940005053712788,0.2432950527811411,-0.24128352005229825,0.686721568545219,middle,Sandeep Sharma,2014,16464656.261449998,4.1708831186053645
2014,Sandeep Sharma,Punjab Kings,0,12,10.0,2,16.67,2,16.67,0.025661740602515005,0.38242141945122604,0.24940005053712788,0.2432950527811411,-0.24128352005229825,0.686721568545219,middle,Sandeep Sharma,2014,1937018.3837,35.45250650814559
2014,SB Jakati,Royal Challengers Bengaluru,0,6,4.0,2,33.33,0,0.0,0.025661740602515005,0.13251538603319724,0.436993737242628,0.016952132399817323,0.06018799677003966,0.9881930853675569,middle,SB Jakati,2014,3874036.7674,25.508097746598505
2014,Shakib Al Hasan,Kolkata Knight Riders,6,180,6.77,57,31.67,16,8.89,0.3331670941081043,0.24788867146118718,0.41830192932359267,0.13765930469675602,0.3993984218509332,1.3274035104484505,middle,Shakib Al Hasan,2014,54236514.743599996,2.447435121382106
2014,TG Southee,Rajasthan Royals,0,6,12.0,1,16.67,2,33.33,0.025661740602515005,0.465723430590569,0.24940005053712788,0.4695021945659553,-0.3531665573207354,0.5748385312767819,middle,TG Southee,2014,23244220.604399998,2.47303852884604
2014,UT Yadav,Kolkata Knight Riders,3,72,8.67,22,30.56,13,18.06,0.17941441735530966,0.32702558204356297,0.40580319029339423,0.26216827769596046,0.07680846194694033,1.0048135505444575,middle,UT Yadav,2014,50362477.9762,1.9951630478137041
2014,V Shankar,Chennai Super Kings,0,6,19.0,1,16.67,3,50.0,0.025661740602515005,0.7572804695782692,0.24940005053712788,0.695845114947279,-0.6316807725871603,0.296324316010357,middle,V Shankar,2014,1937018.3837,15.297960954006667
2014,VR Aaron,Royal Challengers Bengaluru,5,66,8.18,27,40.91,14,21.21,0.2819162018571728,0.3066165893144239,0.5223454866560548,0.30493853559645057,0.27329697021174637,1.2013020588092638,middle,VR Aaron,2014,38740367.673999995,3.100905156394526
2014,VS Malik,Rajasthan Royals,1,6,5.0,1,16.67,0,0.0,0.07691263285344656,0.1741663916028687,0.24940005053712788,0.016952132399817323,0.047465424679049746,0.9754705132765671,middle,VS Malik,2014,3874036.7674,25.17969167162136
2014,WD Parnell,Delhi Capitals,1,54,7.44,18,33.33,8,14.81,0.07691263285344656,0.27579484519286707,0.436993737242628,0.2180402338303755,-0.017776852467410537,0.9102282361301067,middle,WD Parnell,2014,19370183.836999997,4.699120275727236
2014,Y Venugopal Rao,Sunrisers Hyderabad,0,6,7.0,2,33.33,1,16.67,0.025661740602515005,0.25746840274221167,0.436993737242628,0.2432950527811411,-0.08504300067343665,0.8429620879240807,middle,Y Venugopal Rao,2014,10653601.11035,7.912461515995196
2014,YK Pathan,Kolkata Knight Riders,0,6,10.0,1,16.67,1,16.67,0.025661740602515005,0.38242141945122604,0.24940005053712788,0.2432950527811411,-0.24128352005229825,0.686721568545219,middle,YK Pathan,2014,62953097.470249996,1.0908463540967874
2014,YS Chahal,Royal Challengers Bengaluru,11,294,7.1,109,37.07,33,11.22,0.5894215553627621,0.2616335032991788,0.4791066056867199,0.16929571768346774,0.7846983685741226,1.71270345717164,middle,YS Chahal,2014,1937018.3837,88.41957678791441
2014,Yuvraj Singh,Royal Challengers Bengaluru,5,106,8.55,26,24.53,16,15.09,0.2819162018571728,0.32202746137520244,0.33790463502123547,0.22184203453264129,0.22225531728543962,1.1502604058829569,middle,Yuvraj Singh,2014,271182573.718,0.4241645730079622
2014,Z Khan,Mumbai Indians,0,18,8.33,7,38.89,3,16.67,0.025661740602515005,0.3128642401498747,0.4996000336461443,0.2432950527811411,-0.1105777816785122,0.8174273069190051,middle,Z Khan,2014,50362477.9762,1.6230879411956258
2015,A Mishra,Delhi Capitals,9,198,7.48,64,32.32,22,11.11,0.48953901214012385,0.2780158315247314,0.4277772905718594,0.17452956195264713,0.6053231277714292,1.5333282163689463,middle,A Mishra,2015,61093668.0445,2.5097989127974536
2015,AD Mathews,Delhi Capitals,1,90,7.53,27,30.0,12,13.33,0.06910665558366824,0.2800727112135696,0.4009569760554395,0.20375538573081742,-0.04086216992488496,0.8871429186726323,middle,AD Mathews,2015,130915002.9525,0.677648014868483
2015,CH Morris,Rajasthan Royals,3,42,4.86,23,54.76,4,9.52,0.17421474472278217,0.17023533582961267,0.6871944706358515,0.15359755303044412,0.3005726790051497,1.228577767602667,middle,CH Morris,2015,24437467.2178,5.027434949182392
2015,D Wiese,Royal Challengers Bengaluru,3,126,8.81,27,21.43,23,18.25,0.17421474472278217,0.3327288312478261,0.3018836590702162,0.2685261303202759,0.031998923742922035,0.9600040123404393,middle,D Wiese,2015,48874934.4356,1.9642052177182714
2015,DJ Muthuswami,Delhi Capitals,0,6,8.0,4,66.67,2,33.33,0.016552611014111304,0.2994073802886481,0.8248797921404034,0.46705109544406315,-0.060643269156443164,0.8673618194410742,middle,DJ Muthuswami,2015,13091500.29525,6.62538135339446
2015,DJG Sammy,Royal Challengers Bengaluru,0,12,9.0,1,8.33,2,16.67,0.016552611014111304,0.340544974065411,0.150441365895604,0.2477257692529295,-0.25201980681306657,0.6759852817844507,middle,DJG Sammy,2015,48874934.4356,1.3830919459854456
2015,GB Hogg,Kolkata Knight Riders,2,54,7.56,21,38.89,9,16.67,0.1216607001532252,0.2813068390268724,0.5037296467670657,0.2477257692529295,0.059019319187873634,0.9870244077853909,middle,GB Hogg,2015,8727666.863499999,11.309143935285025
2015,GS Sandhu,Delhi Capitals,0,18,9.67,2,11.11,3,16.67,0.016552611014111304,0.36810716189584214,0.18257950139372783,0.2477257692529295,-0.2644281164279743,0.663576972169543,middle,GS Sandhu,2015,29674067.3359,2.2362184619253074
2015,HH Pandya,Mumbai Indians,1,84,9.64,25,29.76,19,22.62,0.06910665558366824,0.36687303408253924,0.3981824607606375,0.3260562428926201,-0.13559495424086182,0.7924101343566554,middle,HH Pandya,2015,1745533.3727,45.396447111804655
2015,J Suchith,Mumbai Indians,8,162,8.41,49,30.25,26,16.05,0.4369849675705669,0.3162737937371209,0.4038470961541917,0.23956360225181886,0.4756998247620473,1.4037049133595647,middle,J Suchith,2015,1745533.3727,80.41696224852504
2015,J Theron,Rajasthan Royals,0,6,4.0,2,33.33,0,0.0,0.016552611014111304,0.13485700518159657,0.439453375770818,0.028268795206939167,0.04312556606574726,0.9711306546632645,middle,J Theron,2015,5236600.1181,18.54506039723386
2015,JD Unadkat,Delhi Capitals,0,6,15.0,1,16.67,2,33.33,0.016552611014111304,0.5873705367259884,0.24685577238997541,0.46705109544406315,-0.4644210002314438,0.4635840883660735,middle,JD Unadkat,2015,19200867.0997,2.414391422840048
2015,KC Cariappa,Kolkata Knight Riders,1,6,16.0,1,16.67,3,50.0,0.06910665558366824,0.6285081305027512,0.24685577238997541,0.6865080694900534,-0.46239140320771666,0.46561368538980064,middle,KC Cariappa,2015,41892800.9448,1.1114408081792286
2015,M Vijay,Punjab Kings,0,18,7.67,3,16.67,2,11.11,0.016552611014111304,0.2858319743423164,0.24685577238997541,0.17452956195264713,-0.164685843626223,0.7633192449712943,middle,M Vijay,2015,52366001.181,1.4576618946574253
2015,MJ McClenaghan,Mumbai Indians,5,66,8.73,21,31.82,12,18.18,0.27932283386189605,0.32943782374568503,0.42199705037435514,0.2676045953362795,0.22851218784134666,1.156517276438864,middle,MJ McClenaghan,2015,5236600.1181,22.08527002933507
2015,P Kumar,Sunrisers Hyderabad,1,72,8.33,18,25.0,9,12.5,0.06910665558366824,0.3129827862349799,0.3431545740803967,0.19282861377771773,-0.0823455961439061,0.8456594924536112,middle,P Kumar,2015,38401734.1994,2.20213880983225
2015,PP Ojha,Mumbai Indians,0,6,12.0,0,0.0,1,16.67,0.016552611014111304,0.4639577553956996,0.05414256420518268,0.2477257692529295,-0.3796396723844238,0.5483654162130935,middle,PP Ojha,2015,8727666.863499999,6.283069974936993
2015,RS Bopara,Sunrisers Hyderabad,6,90,8.07,29,32.22,17,18.89,0.33187687843145297,0.3022870118530215,0.4266212425323585,0.27695159303109973,0.32858176231824987,1.2565868509157672,middle,RS Bopara,2015,17455333.726999998,7.198870388665628
2015,SA Abbott,Royal Challengers Bengaluru,0,12,9.5,4,33.33,3,25.0,0.016552611014111304,0.36111377095379243,0.439453375770818,0.35738843234849627,-0.20370377398032086,0.7243013146171964,middle,SA Abbott,2015,17455333.726999998,4.149455552928464
2015,Yuvraj Singh,Delhi Capitals,1,42,8.14,7,16.67,4,9.52,0.06910665558366824,0.30516664341739497,0.24685577238997541,0.15359755303044412,-0.09713611024750982,0.8308689783500075,middle,Yuvraj Singh,2015,279285339.63199997,0.29749824299578387
2015,Z Khan,Delhi Capitals,0,6,8.0,1,16.67,1,16.67,0.016552611014111304,0.2994073802886481,0.24685577238997541,0.2477257692529295,-0.1901854098433448,0.7378196787541724,middle,Z Khan,2015,69821334.90799999,1.056725254145255
2016,A Mishra,Delhi Capitals,10,216,7.83,72,33.33,31,14.35,0.5666808672906736,0.2923034712433083,0.4871021484911594,0.22235489784952323,0.7178381889188069,1.6458432775163243,middle,A Mishra,2016,1636386.3998999998,100.57791225940903
2016,A Nehra,Sunrisers Hyderabad,2,30,7.2,12,40.0,5,16.67,0.12523487056124408,0.2623286573048948,0.5812228723063042,0.25830356426143225,0.10069552883755506,1.0287006174350724,middle,A Nehra,2016,90001251.9945,1.1429847859204632
2016,A Zampa,Lucknow Super Giants,7,66,6.45,19,28.79,5,7.58,0.4011386185171375,0.22664435499725963,0.42303796766345975,0.11745297043201298,0.5238132399905339,1.4518183285880513,middle,A Zampa,2016,4909159.1997,29.573665663088953
2016,BCJ Cutting,Sunrisers Hyderabad,4,43,5.44,17,39.53,2,4.65,0.23559636974360143,0.17858949455631096,0.5745906773748022,0.07205228397214516,0.36848970538836495,1.2964947939858822,middle,BCJ Cutting,2016,8181931.9995,15.845827049957288
2016,CH Morris,Delhi Capitals,2,48,6.13,16,33.33,4,8.33,0.12523487056124408,0.2114190526793353,0.4871021484911594,0.1290743065565525,0.13903284693443518,1.0670379355319524,middle,CH Morris,2016,114547047.99299999,0.9315280962955583
2016,CR Brathwaite,Delhi Capitals,7,102,8.53,29,28.43,16,15.69,0.4011386185171375,0.3256088200637678,0.4179579885669901,0.2431183517253672,0.41798459794971565,1.345989686547233,middle,CR Brathwaite,2016,68728228.7958,1.95842335839373
2016,DL Chahar,Lucknow Super Giants,0,6,7.0,2,33.33,1,16.67,0.014873371378886712,0.2528128433561921,0.4871021484911594,0.25830356426143225,-0.08547028592156228,0.842534802675955,middle,DL Chahar,2016,1636386.3998999998,51.48752169581968
2016,DR Smith,Gujarat Titans,2,66,8.91,20,30.3,11,16.67,0.12523487056124408,0.34368886656630293,0.4443456577625405,0.25830356426143225,-0.005455802934700542,0.9225492856628168,middle,DR Smith,2016,37636887.1977,2.451183810225395
2016,DS Kulkarni,Gujarat Titans,1,60,8.9,20,33.33,11,18.33,0.0700541209700654,0.3432130758688678,0.4871021484911594,0.28402545488374636,-0.08016372566939758,0.8478413629281197,middle,DS Kulkarni,2016,32727727.998,2.5905903488929374
2016,I Sharma,Lucknow Super Giants,1,12,12.0,1,8.33,4,33.33,0.0700541209700654,0.49070819207375976,0.13432582234743862,0.5164521773745371,-0.35047806097458556,0.5775270276229317,middle,I Sharma,2016,62182683.1962,0.9287586156433736
2016,IK Pathan,Lucknow Super Giants,0,24,7.75,8,33.33,3,12.5,0.014873371378886712,0.2884971456638272,0.4871021484911594,0.19368893540899235,-0.1010948019971824,0.8269102866003348,middle,IK Pathan,2016,16363863.999,5.05327034403896
2016,Iqbal Abdulla,Royal Challengers Bengaluru,3,102,8.41,20,19.61,13,12.75,0.18041562015242274,0.31989933169454615,0.29349850070348543,0.19756271411717222,0.06324097226060837,0.9912460608581257,middle,Iqbal Abdulla,2016,1636386.3998999998,60.57530549744859
2016,JO Holder,Kolkata Knight Riders,0,42,9.57,12,28.57,9,21.43,0.014873371378886712,0.3750910525970219,0.419933535993395,0.3320603108651765,-0.21819478638430428,0.709810302213213,middle,JO Holder,2016,11454704.7993,6.196670404431458
2016,JW Hastings,Kolkata Knight Riders,0,6,4.0,2,33.33,0,0.0,0.014873371378886712,0.11007563412565143,0.4871021484911594,0.0,0.08038019431515674,1.008385282912674,middle,JW Hastings,2016,21273023.1987,4.740206756199545
2016,KC Cariappa,Punjab Kings,3,72,8.67,24,33.33,10,13.89,0.18041562015242274,0.33226988982785965,0.4871021484911594,0.21522714502647233,0.1078927339083997,1.035897822505917,middle,KC Cariappa,2016,13091091.199199999,7.912998288249806
2016,KH Pandya,Mumbai Indians,5,126,6.86,34,26.98,9,7.14,0.2907771193347801,0.24615177359210016,0.39749696165065435,0.11063511990561643,0.336366324642563,1.2643714132400803,middle,KH Pandya,2016,32727727.998,3.863303353405242
2016,KJ Abbott,Punjab Kings,2,36,12.0,12,33.33,12,33.33,0.12523487056124408,0.49070819207375976,0.4871021484911594,0.5164521773745371,-0.1618740387447013,0.766131049852816,middle,KJ Abbott,2016,34364114.3979,2.2294508771034547
2016,KW Richardson,Royal Challengers Bengaluru,0,12,15.0,0,0.0,4,33.33,0.014873371378886712,0.6334454013043004,0.01678075047635085,0.5164521773745371,-0.5827024743071125,0.34530261429040476,middle,KW Richardson,2016,32727727.998,1.0550766442189519
2016,M Ashwin,Lucknow Super Giants,5,132,8.09,40,30.3,17,12.88,0.2907771193347801,0.3046740293766218,0.4443456577625405,0.19957707904542576,0.2858147370205497,1.213819825618067,middle,M Ashwin,2016,73637387.9955,1.6483743634310384
2016,MM Sharma,Punjab Kings,0,72,8.5,20,27.78,13,18.06,0.014873371378886712,0.3241814479714624,0.40878580408725346,0.2798417738789121,-0.17036771485844626,0.757637373739071,middle,MM Sharma,2016,106365115.9935,0.7122987331536125
2016,MM Sharma,Punjab Kings,0,72,8.5,20,27.78,13,18.06,0.014873371378886712,0.3241814479714624,0.40878580408725346,0.2798417738789121,-0.17036771485844626,0.757637373739071,middle,MM Sharma,2016,1636386.3998999998,46.299417654984815
2016,MM Sharma,Punjab Kings,0,72,8.5,20,27.78,13,18.06,0.014873371378886712,0.3241814479714624,0.40878580408725346,0.2798417738789121,-0.17036771485844626,0.757637373739071,middle,MM Sharma,2016,1636386.3998999998,46.299417654984815
2016,MP Stoinis,Punjab Kings,4,66,8.36,17,25.76,12,18.18,0.23559636974360143,0.31752037820737045,0.3802814769348408,0.2817011876588385,0.15712245759819032,1.0851275461957077,middle,MP Stoinis,2016,9000125.19945,12.056805012690493
2016,MR Marsh,Lucknow Super Giants,1,18,7.0,4,22.22,2,11.11,0.0700541209700654,0.2528128433561921,0.3303283491528899,0.17215072579151242,-0.032500733642291106,0.8955043549552262,middle,MR Marsh,2016,78546547.1952,1.1400938512672785
2016,NLTC Perera,Lucknow Super Giants,1,54,10.78,10,18.52,15,27.78,0.0700541209700654,0.43266172698667327,0.2781174528836192,0.4304542900529446,-0.2437038222797437,0.6843012663177737,middle,NLTC Perera,2016,16363863.999,4.181782898950954
2016,P Kumar,Gujarat Titans,0,12,14.0,3,25.0,4,33.33,0.014873371378886712,0.5858663315607869,0.36955707662007165,0.5164521773745371,-0.43880632066918546,0.48919876792833183,middle,P Kumar,2016,57273523.99649999,0.8541446968728987
2016,P Negi,Delhi Capitals,1,30,8.2,7,23.33,4,13.33,0.0700541209700654,0.3099077270484083,0.3459916180336711,0.20654988072014946,-0.08035749091755712,0.8476475976799602,middle,P Negi,2016,139092843.9915,0.6094113639172984
2016,P Sahu,Punjab Kings,3,87,8.55,19,21.84,13,14.94,0.18041562015242274,0.3265604014586381,0.32496614899550536,0.23149701560082767,0.06056555064020969,0.9885706392377269,middle,P Sahu,2016,1636386.3998999998,60.41180978393237
2016,PJ Sangwan,Gujarat Titans,0,6,12.0,1,16.67,2,33.33,0.014873371378886712,0.49070819207375976,0.2520120047489839,0.5164521773745371,-0.39794333064089,0.5300617579566274,middle,PJ Sangwan,2016,3272772.7997999997,16.19610618827618
2016,PV Tambe,Gujarat Titans,4,72,9.08,18,25.0,12,16.67,0.23559636974360143,0.3517773084227003,0.36955707662007165,0.25830356426143225,0.13117911801097693,1.0591842066084942,middle,PV Tambe,2016,3272772.7997999997,32.36351165816403
2016,R Bhatia,Lucknow Super Giants,5,162,7.15,42,25.93,16,9.88,0.2907771193347801,0.25994970381771915,0.38268035595261807,0.1530917345472676,0.31239167582432675,1.240396764421844,middle,R Bhatia,2016,9818318.3994,12.633495003560336
2016,R Sathish,Kolkata Knight Riders,1,36,9.83,8,22.22,6,16.67,0.0700541209700654,0.3874616107303354,0.3303283491528899,0.25830356426143225,-0.15745031523558975,0.7705547733619276,middle,R Sathish,2016,3272772.7997999997,23.544401658710203
2016,S Ladda,Gujarat Titans,0,6,14.0,1,16.67,2,33.33,0.014873371378886712,0.5858663315607869,0.2520120047489839,0.5164521773745371,-0.4740698422305118,0.4539352463670055,middle,S Ladda,2016,1636386.3998999998,27.740101384046312
2016,Sachin Baby,Royal Challengers Bengaluru,0,6,4.0,2,33.33,0,0.0,0.014873371378886712,0.11007563412565143,0.4871021484911594,0.0,0.08038019431515674,1.008385282912674,middle,Sachin Baby,2016,1636386.3998999998,61.62268783059409
2016,SB Jakati,Gujarat Titans,1,90,8.87,23,25.56,14,15.56,0.0700541209700654,0.34178570377656237,0.377459266325691,0.24110398679711373,-0.10333039902786727,0.8246746895696501,middle,SB Jakati,2016,3272772.7997999997,25.19804276117322
2016,SM Boland,Lucknow Super Giants,0,6,10.0,0,0.0,1,16.67,0.014873371378886712,0.3955500525867327,0.01678075047635085,0.25830356426143225,-0.34075647271043735,0.58724861588708,middle,SM Boland,2016,8181931.9995,7.1773832381272165
2016,SR Watson,Royal Challengers Bengaluru,6,114,7.26,40,35.09,16,14.04,0.3459578689259588,0.2651834014895056,0.5119376018516774,0.21755141225138022,0.4168610803025609,1.3448661689000783,middle,SR Watson,2016,155456707.9905,0.8651065536408139
2016,STR Binny,Royal Challengers Bengaluru,0,24,8.0,4,16.67,4,16.67,0.014873371378886712,0.30039191309970564,0.2520120047489839,0.25830356426143225,-0.19406058483902577,0.7339445037584915,middle,STR Binny,2016,32727727.998,2.2425770093278183
2016,TG Southee,Mumbai Indians,4,72,7.08,25,34.72,7,9.72,0.23559636974360143,0.25661916893567316,0.5067165122247502,0.15061251617403248,0.2699916698994822,1.1979967584969995,middle,TG Southee,2016,40909659.997499995,2.9283957837102763
2016,Yuvraj Singh,Sunrisers Hyderabad,0,36,7.67,7,19.44,3,8.33,0.014873371378886712,0.28469082008434615,0.29109962168570813,0.1290743065565525,-0.14392757380474494,0.7840775147927723,middle,Yuvraj Singh,2016,114547047.99299999,0.6845025939391188
2017,A Choudhary,Royal Challengers Bengaluru,0,29,11.59,7,24.14,8,27.59,0.0,0.40738660499327933,0.3716431329416744,0.3542007382281998,-0.28525649175776113,0.6427485968397562,middle,A Choudhary,2017,31196004.192,2.060355527855021
2017,AD Mathews,Delhi Capitals,0,18,9.67,2,11.11,3,16.67,0.0,0.3449340270783864,0.2196717020541661,0.23458841177133738,-0.25696339340072677,0.6710416951967906,middle,AD Mathews,2017,31196004.192,2.1510501507397364
2017,BA Stokes,Lucknow Super Giants,3,108,7.72,37,34.26,17,15.74,0.173426776967677,0.2815056276335733,0.48967466637080587,0.22440164770495621,0.1369577337149074,1.0649628223124248,middle,BA Stokes,2017,226171030.39200002,0.47086614959777534
2017,Basil Thampi,Gujarat Titans,2,72,8.0,18,25.0,10,13.89,0.11561785131178466,0.2906132952461618,0.38167348064415,0.2041376546696819,0.014610654030056174,0.9426157426275734,middle,Basil Thampi,2017,13258301.7816,7.109626543089739
2017,CJ Anderson,Delhi Capitals,2,84,9.0,15,17.86,13,15.48,0.11561785131178466,0.32314067957683523,0.2983982683235967,0.22155373517026902,-0.03987703323076599,0.8881280553667513,middle,CJ Anderson,2017,15598002.096,5.693857776788641
2017,CR Woakes,Kolkata Knight Riders,5,84,7.29,30,35.71,13,15.48,0.28904462827946165,0.26751885237138373,0.5065862991249799,0.22155373517026902,0.3272170032255256,1.2552220918230428,middle,CR Woakes,2017,65511608.80320001,1.9160300208681942
2017,DT Christian,Lucknow Super Giants,8,150,6.8,44,29.33,13,8.67,0.4624714052471387,0.25158043404935376,0.4321751150066143,0.1469603337809619,0.5927032283770168,1.5207083169745341,middle,DT Christian,2017,15598002.096,9.74937884746476
2017,JD Unadkat,Lucknow Super Giants,2,36,6.0,15,41.67,4,11.11,0.11561785131178466,0.22555852658481504,0.5760989413421364,0.1736868975680264,0.13107225858886057,1.059077347186378,middle,JD Unadkat,2017,4679400.6288,22.63275644038991
2017,K Rabada,Delhi Capitals,2,18,5.0,9,50.0,1,5.56,0.11561785131178466,0.19303114225414167,0.6732533557161152,0.11289491846220344,0.19839888618675752,1.126403974784275,middle,K Rabada,2017,77990010.48,1.444292631648169
2017,KV Sharma,Mumbai Indians,7,106,6.91,44,41.51,12,11.32,0.40466247959124635,0.2551584463257278,0.5742328301416758,0.17598713461527377,0.5399393844457353,1.4679444730432527,middle,KV Sharma,2017,49913606.707200006,2.9409705486810727
2017,LH Ferguson,Lucknow Super Giants,2,30,3.2,19,63.33,0,0.0,0.11561785131178466,0.13448185045892955,0.828723745104487,0.051993404258892525,0.3040597392801009,1.2320648278776183,middle,LH Ferguson,2017,7799001.048,15.797726148447854
2017,MG Johnson,Mumbai Indians,1,42,6.29,18,42.86,5,11.9,0.05780892565589233,0.23499146804071033,0.5899781433955619,0.182340170269576,0.03924562301602359,0.9672507116135409,middle,MG Johnson,2017,31196004.192,3.1005596282795267
2017,MJ Henry,Punjab Kings,0,6,27.0,0,0.0,4,66.67,0.0,0.9086335975289564,0.09009360557218478,0.7822638992111839,-0.8563315761937467,0.07167351240377062,middle,MJ Henry,2017,7799001.048,0.9190088828382809
2017,MM Patel,Gujarat Titans,1,30,9.2,7,23.33,6,20.0,0.05780892565589233,0.32964615644296985,0.3621959449893427,0.27106359923483114,-0.1225574730207008,0.8054476155768164,middle,MM Patel,2017,4679400.6288,17.212623570197877
2017,Mohammad Nabi,Sunrisers Hyderabad,1,30,4.8,15,50.0,2,6.67,0.05780892565589233,0.18652566538800697,0.6732533557161152,0.12505331428336805,0.11445820003159388,1.0424632886291112,middle,Mohammad Nabi,2017,4679400.6288,22.27770971805942
2017,MS Gony,Gujarat Titans,0,6,15.0,2,33.33,3,50.0,0.0,0.5183049855608756,0.4788278950181288,0.599668891698739,-0.39092939828300965,0.5370756903145076,middle,MS Gony,2017,9358801.2576,5.73872310706849
2017,NM Coulter-Nile,Kolkata Knight Riders,6,54,5.89,24,44.44,5,9.26,0.346853553935354,0.22198051430844096,0.6084059915001101,0.1534229045327521,0.49453313599976095,1.4225382245972782,middle,NM Coulter-Nile,2017,54593007.336,2.6057150796659276
2017,P Negi,Royal Challengers Bengaluru,8,139,6.69,56,40.29,14,10.07,0.4624714052471387,0.2480024217729797,0.5600037322381639,0.16229524742927762,0.6308472406379179,1.5588523292354353,middle,P Negi,2017,15598002.096,9.99392306553922
2017,PJ Cummins,Delhi Capitals,4,120,7.55,36,30.0,14,11.67,0.23123570262356932,0.27597597229735876,0.439989455658543,0.1798208630273527,0.22210544018955933,1.1501105287870765,middle,PJ Cummins,2017,70191009.43200001,1.6385439361736012
2017,R Tewatia,Punjab Kings,3,48,5.63,18,37.5,3,6.25,0.173426776967677,0.2135233943824659,0.5274634181801325,0.12045284018887334,0.22346990736180788,1.1514749959593251,middle,R Tewatia,2017,3899500.524,29.528781670175896
2017,RA Tripathi,Lucknow Super Giants,0,6,12.0,0,0.0,2,33.33,0.0,0.4207228325688554,0.09009360557218478,0.4170738841862942,-0.39296496122068775,0.5350401273768295,middle,RA Tripathi,2017,1559800.2096000002,34.30183712528394
2017,Rashid Khan,Sunrisers Hyderabad,12,228,7.05,80,35.09,28,12.28,0.693707107870708,0.2597122801320221,0.49935511822319517,0.1865025039741188,0.9452968723725793,1.8733019609700965,middle,Rashid Khan,2017,62392008.384,3.0024710046847787
2017,RD Chahar,Lucknow Super Giants,2,30,9.4,9,30.0,5,16.67,0.11561785131178466,0.3361516333091046,0.439989455658543,0.23458841177133738,-0.010415375336311275,0.917589713261206,middle,RD Chahar,2017,1559800.2096000002,58.82738748294664
2017,SS Agarwal,Gujarat Titans,1,18,10.33,6,33.33,4,22.22,0.05780892565589233,0.3664021007366308,0.4788278950181288,0.2953803908771603,-0.12183600177545958,0.8061690868220577,middle,SS Agarwal,2017,1559800.2096000002,51.68412479113553
2017,TS Mills,Royal Challengers Bengaluru,0,30,9.2,8,26.67,7,23.33,0.0,0.32964615644296985,0.4011510162989573,0.30753878669832485,-0.2048793776043537,0.7231257109931636,middle,TS Mills,2017,187176025.152,0.3863345801931284
2017,VR Aaron,Punjab Kings,4,60,8.1,26,43.33,11,18.33,0.23123570262356932,0.29386603367922914,0.5954598450469148,0.25277123795434026,0.23984443291517707,1.1678495215126943,middle,VR Aaron,2017,43674405.8688,2.6739906319984525
2018,A Dananjaya,Mumbai Indians,0,18,11.67,4,22.22,4,22.22,0.006215104255032099,0.4344044376223769,0.31819681803161054,0.29384941223835714,-0.30151173075354165,0.6264933578439756,middle,A Dananjaya,2018,7461730.8149999995,8.396086288513153
2018,A Mishra,Delhi Capitals,9,180,7.1,54,30.0,17,9.44,0.4237924120248238,0.2379440277288672,0.4296086652091952,0.1279956312641755,0.5486168691640655,1.4766219577615827,middle,A Mishra,2018,59693846.519999996,2.4736585826595228
2018,AJ Tye,Punjab Kings,6,120,7.65,25,20.83,13,10.83,0.2845999761015599,0.26158805955412545,0.2982916165435845,0.14603450102584314,0.2779101012669462,1.2059151898644636,middle,AJ Tye,2018,107448923.73599999,1.1223148152022209
2018,B Laughlin,Rajasthan Royals,3,49,8.08,15,30.61,8,16.33,0.145407540178296,0.2800733935266001,0.4383440414017822,0.21741132382380862,0.08207354310193682,1.010078631699454,middle,B Laughlin,2018,7461730.8149999995,13.536787331820335
2018,BA Stokes,Rajasthan Royals,3,108,7.56,32,29.63,13,12.04,0.145407540178296,0.25771903616453773,0.4243101583382818,0.16173740204139553,0.1068816484290192,1.0348867370265364,middle,BA Stokes,2018,186543270.375,0.554770340922054
2018,Basil Thampi,Sunrisers Hyderabad,2,30,11.6,8,26.67,8,26.67,0.09901006153720802,0.4313951972082531,0.3819221033709746,0.3515997506839838,-0.15234438458629485,0.7756607040112224,middle,Basil Thampi,2018,14177288.5485,5.471149870144173
2018,BCJ Cutting,Mumbai Indians,2,66,8.64,21,31.82,14,21.21,0.09901006153720802,0.3041473168395904,0.4556715908985531,0.28074203205182163,-0.014249690306658729,0.9137553982908586,middle,BCJ Cutting,2018,32831615.586,2.7831569722706564
2018,C de Grandhomme,Royal Challengers Bengaluru,2,84,9.0,23,27.38,13,15.48,0.09901006153720802,0.31962341039794123,0.39208950844759216,0.2063803603004867,-0.030832855538360668,0.8971722330591566,middle,C de Grandhomme,2018,32831615.586,2.7326472275148324
2018,CJ Jordan,Sunrisers Hyderabad,0,6,4.0,2,33.33,0,0.0,0.006215104255032099,0.1046776665319569,0.47729522704741584,0.00548704813457653,0.06767168164429208,0.9956767702418093,middle,CJ Jordan,2018,14923461.629999999,6.671888834693974
2018,CR Brathwaite,Sunrisers Hyderabad,1,30,10.2,7,23.33,7,23.33,0.05261258289612007,0.37121038892577746,0.33409233864435084,0.30825455283940106,-0.17947264577101685,0.7485324428265004,middle,CR Brathwaite,2018,29846923.259999998,2.5079048728270847
2018,CR Woakes,Royal Challengers Bengaluru,1,18,8.0,7,38.89,3,16.67,0.05261258289612007,0.27663426162474436,0.55691603299952,0.22182370923313743,-0.019678466902386907,0.9083266216951303,middle,CR Woakes,2018,110433616.06199999,0.8225091725559133
2018,DJM Short,Rajasthan Royals,1,18,7.67,7,38.89,3,16.67,0.05261258289612007,0.2624478425295894,0.55691603299952,0.22182370923313743,-0.00832933162626294,0.9196757569712544,middle,DJM Short,2018,59693846.519999996,1.5406542057280956
2018,DL Chahar,Chennai Super Kings,0,24,6.0,10,41.67,2,8.33,0.006215104255032099,0.19065596407835061,0.5967264359755722,0.11359049066313154,0.013097717779912987,0.9411028063774303,middle,DL Chahar,2018,11938769.304,7.882745552861303
2018,DS Kulkarni,Rajasthan Royals,2,23,12.26,8,34.78,7,30.43,0.09901006153720802,0.459768035398563,0.4980596458658603,0.40039554226950197,-0.1499605507071807,0.7780445378903366,middle,DS Kulkarni,2018,11192596.222499998,6.9514214791941376
2018,DT Christian,Delhi Capitals,3,48,6.75,16,33.33,5,10.42,0.145407540178296,0.22289782565824828,0.47729522704741584,0.14071368332635842,0.15483888118979844,1.0828439697873158,middle,DT Christian,2018,22385192.444999997,4.837322584774928
2018,HV Patel,Delhi Capitals,3,48,10.13,13,27.08,10,20.83,0.145407540178296,0.36820114851165375,0.3877934217955002,0.27581054247668946,-0.015273690498566861,0.9127313980989504,middle,HV Patel,2018,2984692.326,30.580418294644367
2018,Imran Tahir,Chennai Super Kings,6,96,9.19,33,34.38,19,19.79,0.2845999761015599,0.3277913486648486,0.49233153032973775,0.26231383416580145,0.25990357748622195,1.1879086660837392,middle,Imran Tahir,2018,14923461.629999999,7.960007507210908
2018,JD Unadkat,Rajasthan Royals,3,120,7.85,40,33.33,18,15.0,0.145407540178296,0.2701858893087648,0.47729522704741584,0.20015111031084606,0.10512094487248766,1.033126033470005,middle,JD Unadkat,2018,171619808.74499997,0.6019853075381687
2018,JP Duminy,Mumbai Indians,0,6,8.0,1,16.67,1,16.67,0.006215104255032099,0.27663426162474436,0.2387192149679095,0.22182370923313743,-0.18473373027350198,0.7432713583240154,middle,JP Duminy,2018,14923461.629999999,4.980555964507917
2018,JPR Scantlebury-Searles,Kolkata Knight Riders,2,30,13.0,6,20.0,8,26.67,0.09901006153720802,0.4915800054907287,0.28640577680613016,0.3515997506839838,-0.2291471291817287,0.6988579594157887,middle,JPR Scantlebury-Searles,2018,4477038.489,15.609826923151758
2018,K Gowtham,Rajasthan Royals,3,78,9.38,18,23.08,14,17.95,0.145407540178296,0.3359592869317561,0.3305122664342741,0.23843504253884573,0.0008105521445521818,0.9288156407420695,middle,K Gowtham,2018,92525462.10599999,1.0038486915936609
2018,K Khejroliya,Royal Challengers Bengaluru,2,36,8.83,9,25.0,5,13.89,0.09901006153720802,0.31231525510649777,0.35800722100766263,0.18574596970980212,-0.031084139419047835,0.8969209491784694,middle,K Khejroliya,2018,12684942.385499999,7.070753038687261
2018,KH Pandya,Mumbai Indians,6,138,6.57,43,31.16,11,7.97,0.2845999761015599,0.21515977887907287,0.44622020026395076,0.10891855317090107,0.3668544904940866,1.2948595790916038,middle,KH Pandya,2018,131326462.344,0.9859852736303932
2018,KK Ahmed,Sunrisers Hyderabad,0,6,14.0,1,16.67,2,33.33,0.006215104255032099,0.5345691542639256,0.2387192149679095,0.43803059429024743,-0.434323021396269,0.4936820672012483,middle,KK Ahmed,2018,44770384.88999999,1.102697840132972
2018,KM Asif,Chennai Super Kings,0,12,19.5,1,8.33,6,50.0,0.006215104255032099,0.7710094725165083,0.11928800603975324,0.6543672553888084,-0.7025719708964944,0.22543311770102292,middle,KM Asif,2018,5969384.652,3.7764883793423025
2018,Kuldeep Yadav,Kolkata Knight Riders,17,242,8.16,71,29.34,35,14.46,0.7949722411535275,0.28351252542845584,0.4201572745745929,0.19314320407250038,1.0530668829454044,1.9810719715429217,middle,Kuldeep Yadav,2018,86556077.454,2.2887728162078016
2018,KV Sharma,Chennai Super Kings,2,42,9.71,12,28.57,7,16.67,0.09901006153720802,0.3501457060269111,0.4091306521675569,0.22182370923313743,-0.05322701871207726,0.87477806988544,middle,KV Sharma,2018,74617308.14999999,1.1723527577903385
2018,KV Sharma,Chennai Super Kings,2,42,9.71,12,28.57,7,16.67,0.09901006153720802,0.3501457060269111,0.4091306521675569,0.22182370923313743,-0.05322701871207726,0.87477806988544,middle,KV Sharma,2018,2984692.326,29.308818944758464
2018,L Ngidi,Chennai Super Kings,2,24,4.75,11,45.83,1,4.17,0.09901006153720802,0.13691952811185457,0.6562988375512473,0.05960365741957946,0.22394838959778665,1.151953478195304,middle,L Ngidi,2018,7461730.8149999995,15.438153784368382
2018,M Ashwin,Royal Challengers Bengaluru,3,42,7.71,19,45.24,7,16.67,0.145407540178296,0.2641674084805173,0.6478498671354664,0.22182370923313743,0.15676760177704258,1.0847726903745598,middle,M Ashwin,2018,32831615.586,3.3040490728611194
2018,M Markande,Mumbai Indians,11,198,9.15,57,28.79,38,19.19,0.5165873693069997,0.3260717827139208,0.4122811157124243,0.2545272716787507,0.58680250816734,1.5148075967648573,middle,M Markande,2018,2984692.326,50.752554411360705
2018,MG Johnson,Kolkata Knight Riders,0,42,9.14,14,33.33,10,23.81,0.006215104255032099,0.3256418912261888,0.47729522704741584,0.3144838028290417,-0.17089904904998648,0.7571060395475309,middle,MG Johnson,2018,29846923.259999998,2.536630100705164
2018,MK Lomror,Rajasthan Royals,0,18,9.0,2,11.11,3,16.67,0.006215104255032099,0.31962341039794123,0.15909840901580527,0.22182370923313743,-0.24301129107769076,0.6849937975198266,middle,MK Lomror,2018,2984692.326,22.95023147118939
2018,MK Tiwary,Punjab Kings,0,6,10.0,0,0.0,0,0.0,0.006215104255032099,0.3626125591711381,0.0,0.00548704813457653,-0.28186480058127766,0.6461402880162397,middle,MK Tiwary,2018,14923461.629999999,4.3296944370958235
2018,MM Ali,Royal Challengers Bengaluru,3,61,7.87,19,31.15,9,14.75,0.145407540178296,0.27104567228422877,0.4460769973755477,0.1969067092745749,0.09571652979781028,1.0237216183953275,middle,MM Ali,2018,25369884.770999998,4.035184344098918
2018,MM Sharma,Punjab Kings,1,30,11.2,5,16.67,8,26.67,0.05261258289612007,0.41419953769897433,0.2387192149679095,0.3515997506839838,-0.2511449414614233,0.676860147136094,middle,MM Sharma,2018,35816307.912,1.8898099402069213
2018,Mohammad Nabi,Sunrisers Hyderabad,0,6,12.0,1,16.67,2,33.33,0.006215104255032099,0.4485908567175318,0.2387192149679095,0.43803059429024743,-0.36554038335915395,0.5624647052383633,middle,Mohammad Nabi,2018,14923461.629999999,3.768996223420875
2018,Mohammed Shami,Delhi Capitals,1,42,9.86,13,30.95,10,23.81,0.05261258289612007,0.35659407834289053,0.4432129396074864,0.3144838028290417,-0.13628926701369473,0.7917158215838226,middle,Mohammed Shami,2018,44770384.88999999,1.7683918142072124
2018,MP Stoinis,Punjab Kings,2,42,10.43,10,23.81,10,23.81,0.09901006153720802,0.3810978931436127,0.34096607728769796,0.3144838028290417,-0.1169701595885771,0.8110349290089403,middle,MP Stoinis,2018,92525462.10599999,0.8765532325359195
2018,Mujeeb Ur Rahman,Punjab Kings,8,144,6.96,48,33.33,15,10.42,0.3773949333837358,0.23192554690061962,0.47729522704741584,0.14071368332635842,0.4955977940040611,1.4236028826015783,middle,Mujeeb Ur Rahman,2018,32831615.586,4.336073194060631
2018,Mujeeb Ur Rahman,Punjab Kings,8,144,6.96,48,33.33,15,10.42,0.3773949333837358,0.23192554690061962,0.47729522704741584,0.14071368332635842,0.4955977940040611,1.4236028826015783,middle,Mujeeb Ur Rahman,2018,59693846.519999996,2.3848402567333475
2018,N Rana,Kolkata Knight Riders,3,18,10.33,5,27.78,5,27.78,0.145407540178296,0.37679897826629305,0.3978176239837148,0.36600489128502767,-0.03718356340748161,0.8908215251900357,middle,N Rana,2018,50739769.541999996,1.7556672669801063
2018,P Negi,Royal Challengers Bengaluru,0,18,13.67,6,33.33,6,33.33,0.006215104255032099,0.5203827351687705,0.47729522704741584,0.43803059429024743,-0.35140108249629304,0.5766040061012243,middle,P Negi,2018,14923461.629999999,3.863741673326662
2018,R Ashwin,Punjab Kings,6,198,7.97,52,26.26,25,12.63,0.2845999761015599,0.2753445871615484,0.3760507849464489,0.16939418848699547,0.28556069220963676,1.213565780807154,middle,R Ashwin,2018,113418308.388,1.069991078208986
2018,R Tewatia,Delhi Capitals,3,102,8.24,30,29.41,14,13.73,0.145407540178296,0.28695165733031164,0.42115969479341436,0.18366955304658858,0.07816398223190124,1.0061690708294186,middle,R Tewatia,2018,44770384.88999999,2.2473987509858526
2018,Rashid Khan,Sunrisers Hyderabad,16,276,6.52,104,37.68,32,11.59,0.7485747625124395,0.213010321440413,0.5395884835027491,0.15589748017610744,1.0831509356319322,2.0111560242294493,middle,Rashid Khan,2018,134311154.67,1.4973857005181903
2018,S Gopal,Rajasthan Royals,11,150,7.6,54,36.0,20,13.33,0.5165873693069997,0.2594386021154656,0.5155303982510343,0.17847851138855472,0.6862935894657265,1.6142986780632438,middle,S Gopal,2018,2984692.326,54.085932543227365
2018,S Kaul,Sunrisers Hyderabad,8,132,7.73,45,34.09,21,15.91,0.3773949333837358,0.26502719145598125,0.4881786465660489,0.2119607300828731,0.4581320948640588,1.386137183461576,middle,S Kaul,2018,56709154.194,2.444291760585337
2018,S Lamichhane,Delhi Capitals,3,42,7.43,14,33.33,5,11.9,0.145407540178296,0.25213044682402214,0.47729522704741584,0.1599205374610837,0.12761141343023427,1.0556165020277515,middle,S Lamichhane,2018,2984692.326,35.367682384953184
2018,S Nadeem,Delhi Capitals,3,36,10.33,6,16.67,6,16.67,0.145407540178296,0.37679897826629305,0.2387192149679095,0.22182370923313743,-0.05607684970184515,0.8719282388956722,middle,S Nadeem,2018,47755077.216,1.825833586137599
2018,Sandeep Sharma,Sunrisers Hyderabad,6,108,8.5,35,32.41,17,15.74,0.2845999761015599,0.29812883601134277,0.4641205613143339,0.2097545373782087,0.2856821562619241,1.2136872448594413,middle,Sandeep Sharma,2018,44770384.88999999,2.7109153692590504
2018,Shakib Al Hasan,Sunrisers Hyderabad,9,216,8.44,53,24.54,30,13.89,0.4237924120248238,0.29554948708495093,0.3514198881411217,0.18574596970980212,0.46752580086965106,1.3955308894671683,middle,Shakib Al Hasan,2018,29846923.259999998,4.675627290995918
2018,Shakib Al Hasan,Sunrisers Hyderabad,9,216,8.44,53,24.54,30,13.89,0.4237924120248238,0.29554948708495093,0.3514198881411217,0.18574596970980212,0.46752580086965106,1.3955308894671683,middle,Shakib Al Hasan,2018,2984692.326,46.75627290995917
2018,Shivam Mavi,Kolkata Knight Riders,2,54,7.67,23,42.59,9,16.67,0.09901006153720802,0.2624478425295894,0.6099011017086542,0.22182370923313743,0.07716240694810926,1.0051674955456265,middle,Shivam Mavi,2018,44770384.88999999,2.245161613006688
2018,SN Thakur,Chennai Super Kings,5,90,7.8,35,38.89,14,15.56,0.23820249746047192,0.268036431870105,0.55691603299952,0.20741856863209346,0.26846569686806115,1.1964707854655785,middle,SN Thakur,2018,38801000.238,3.0836080980556977
2018,SR Watson,Chennai Super Kings,4,84,8.36,22,26.19,12,14.29,0.19180501881938397,0.29211035518309525,0.3750483647276274,0.19093701136783597,0.12834635122732077,1.0563514398248381,middle,SR Watson,2018,59693846.519999996,1.7696152977357813
2018,STR Binny,Rajasthan Royals,0,6,19.0,0,0.0,4,66.67,0.006215104255032099,0.7495148981299099,0.0,0.8707039164873692,-0.7644300454188536,0.16357504317866367,middle,STR Binny,2018,7461730.8149999995,2.1921863336296687
2018,TG Southee,Royal Challengers Bengaluru,0,12,7.0,4,33.33,2,16.67,0.006215104255032099,0.23364511285154752,0.47729522704741584,0.22182370923313743,-0.0787696076310926,0.8492354809664246,middle,TG Southee,2018,14923461.629999999,5.690606522948019
2018,UT Yadav,Royal Challengers Bengaluru,6,102,8.12,35,34.31,17,16.67,0.2845999761015599,0.28179295947752797,0.4913291101109163,0.22182370923313743,0.3044995877569649,1.2325046763544822,middle,UT Yadav,2018,62678538.84599999,1.9663902494324625
2018,V Shankar,Delhi Capitals,1,30,11.6,8,26.67,8,26.67,0.05261258289612007,0.4313951972082531,0.3819221033709746,0.3515997506839838,-0.22194060254792677,0.7060644860495905,middle,V Shankar,2018,47755077.216,1.4785118718497823
2018,Washington Sundar,Royal Challengers Bengaluru,4,84,8.36,17,20.24,11,13.1,0.19180501881938397,0.29211035518309525,0.2898426461278037,0.17549366243518524,0.10587330543390383,1.0338783940314211,middle,Washington Sundar,2018,47755077.216,2.1649601556607423
2018,YK Pathan,Sunrisers Hyderabad,1,12,7.0,2,16.67,1,8.33,0.05261258289612007,0.23364511285154752,0.2387192149679095,0.11359049066313154,-0.05909954957931138,0.8689055390182059,middle,YK Pathan,2018,28354577.097,3.0644277854884274
2018,YS Chahal,Royal Challengers Bengaluru,4,168,8.11,57,33.93,24,14.29,0.19180501881938397,0.281363067989796,0.4858874003515998,0.19093701136783597,0.1701958916691519,1.0982009802666692,middle,YS Chahal,2018,89540769.77999999,1.2264815044196389
2018,Yuvraj Singh,Punjab Kings,0,12,11.5,0,0.0,3,25.0,0.006215104255032099,0.42709628233093344,0.0,0.3299271517616924,-0.39833979983453716,0.5296652887629801,middle,Yuvraj Singh,2018,29846923.259999998,1.7746059925473878
2019,AR Patel,Delhi Capitals,9,204,7.32,62,30.39,24,11.76,0.43091622130039864,0.260423446933458,0.42574890728211023,0.17686474585500336,0.5303872974174639,1.4583923860149812,middle,AR Patel,2019,72212627.65,2.0195808316012456
2019,Arshdeep Singh,Punjab Kings,0,6,13.0,0,0.0,2,33.33,0.03693514384940652,0.494474899240743,0.1025363347933704,0.44318636552945734,-0.398053576286365,0.5299515123111522,middle,Arshdeep Singh,2019,2888505.106,18.346912775412356
2019,Arshdeep Singh,Punjab Kings,0,6,13.0,0,0.0,2,33.33,0.03693514384940652,0.494474899240743,0.1025363347933704,0.44318636552945734,-0.398053576286365,0.5299515123111522,middle,Arshdeep Singh,2019,11554020.424,4.586728193853089
2019,CR Brathwaite,Kolkata Knight Riders,0,12,12.0,2,16.67,3,25.0,0.03693514384940652,0.4532686576373478,0.2798299703112148,0.34033707986009243,-0.29133063521442254,0.6366744533830948,middle,CR Brathwaite,2019,72212627.65,0.8816663706920167
2019,CV Varun,Punjab Kings,1,6,1.0,5,83.33,0,0.0,0.08071081912173897,0.0,0.9887918025619352,0.031665754321782244,0.4113706185868326,1.33937570718435,middle,CV Varun,2019,121317214.452,1.1040277451427003
2019,GC Viljoen,Punjab Kings,4,72,8.0,25,34.72,10,13.89,0.21203784493873637,0.28844369122376673,0.4718005834544117,0.20316354279086737,0.18820928090724123,1.1162143695047586,middle,GC Viljoen,2019,10831894.1475,10.30488623970149
2019,GH Vihari,Delhi Capitals,0,6,9.0,0,0.0,1,16.67,0.03693514384940652,0.329649932827162,0.1025363347933704,0.2374877941907275,-0.22505388888775424,0.702951199709763,middle,GH Vihari,2019,28885051.060000002,2.43361591519985
2019,HF Gurney,Kolkata Knight Riders,2,48,8.13,12,25.0,7,14.58,0.12448649439407145,0.2938005026322082,0.3684236106149727,0.21168287137572475,0.019879848394687455,0.9478849369922048,middle,HF Gurney,2019,10831894.1475,8.750869645554802
2019,I Sharma,Delhi Capitals,2,36,10.17,11,30.56,9,25.0,0.12448649439407145,0.37786123550313444,0.42755694075769707,0.34033707986009243,-0.05535958055610976,0.8726455080414075,middle,I Sharma,2019,15886778.083,5.492904247055614
2019,JD Unadkat,Rajasthan Royals,2,108,10.56,23,21.3,24,22.22,0.12448649439407145,0.3939316697284586,0.3290722937933756,0.3060128284602323,-0.09089647174569356,0.8371086168518237,middle,JD Unadkat,2019,121317214.452,0.6900163514577162
2019,KMA Paul,Delhi Capitals,6,114,7.21,38,33.33,12,10.53,0.2995891954834013,0.2558907603570845,0.45701725091873063,0.1616781166385185,0.3494407368873498,1.277445825484867,middle,KMA Paul,2019,7221262.765000001,17.6900615177222
2019,LH Ferguson,Kolkata Knight Riders,0,24,10.75,5,20.83,6,25.0,0.03693514384940652,0.4017608556331037,0.3240736130079295,0.34033707986009243,-0.23685130080201283,0.6911537877955045,middle,LH Ferguson,2019,23108040.848,2.990966617818333
2019,LS Livingstone,Rajasthan Royals,0,6,13.0,3,50.0,2,33.33,0.03693514384940652,0.494474899240743,0.6343108864365751,0.44318636552945734,-0.2385212107934036,0.6894838778041137,middle,LS Livingstone,2019,7221262.765000001,9.54796827427334
2019,M Ashwin,Punjab Kings,1,156,8.19,36,23.08,22,14.1,0.08071081912173897,0.2962728771284118,0.3480034678318737,0.2057563819253892,-0.05270230905563676,0.8753027795418805,middle,M Ashwin,2019,2888505.106,30.30296805512659
2019,MM Sharma,Chennai Super Kings,0,6,10.0,2,33.33,2,33.33,0.03693514384940652,0.37085617443055724,0.45701725091873063,0.44318636552945734,-0.19281432160060832,0.735190766996909,middle,MM Sharma,2019,72212627.65,1.018091697978683
2019,Mohammed Shami,Punjab Kings,5,60,9.1,16,26.67,11,18.33,0.2558135202110688,0.3337705569875015,0.3861848806398558,0.2579835702064712,0.18096258487726452,1.1089676734747818,middle,Mohammed Shami,2019,69324122.544,1.5996851208191207
2019,P Ray Barman,Royal Challengers Bengaluru,0,18,16.67,1,5.56,7,38.89,0.03693514384940652,0.6457018059252037,0.16166966493609475,0.5118348683291776,-0.5150248031510603,0.41298028544645704,middle,P Ray Barman,2019,21663788.295,1.9063161060421403
2019,R Parag,Rajasthan Royals,1,48,9.13,9,18.75,8,16.67,0.08071081912173897,0.33500674423560345,0.30195179165957214,0.2374877941907275,-0.10385118804614818,0.8241539005513692,middle,R Parag,2019,2888505.106,28.532194692660834
2019,SE Rutherford,Delhi Capitals,1,36,9.67,4,11.11,5,13.89,0.08071081912173897,0.3572581147014368,0.22069664016849047,0.20316354279086737,-0.13916397958616733,0.78884110901135,middle,SE Rutherford,2019,28885051.060000002,2.730966642131842
2019,SL Malinga,Mumbai Indians,3,84,11.86,11,13.1,21,25.0,0.16826216966640392,0.4474997838128724,0.24186126732389002,0.34033707986009243,-0.1011156083255436,0.8268894802719737,middle,SL Malinga,2019,28885051.060000002,2.862690041829456
2019,SM Curran,Punjab Kings,1,72,8.83,20,27.78,10,13.89,0.08071081912173897,0.32264487175458484,0.39799027568633494,0.20316354279086737,-0.05828529457333239,0.8697197940241849,middle,SM Curran,2019,103986183.81600001,0.8363801440806061
2019,VR Aaron,Rajasthan Royals,1,24,11.75,6,25.0,7,29.17,0.08071081912173897,0.44296709723649896,0.3684236106149727,0.39182345695988263,-0.20114505731407545,0.7268600312834419,middle,VR Aaron,2019,34662061.272,2.0969902094962807
2020,Abdul Samad,Sunrisers Hyderabad,1,30,13.0,8,26.67,9,30.0,0.07196107341957797,0.5167919193586127,0.412409677221336,0.4586420794202183,-0.27349743807516613,0.6545076505223512,middle,Abdul Samad,2020,2778744.6906,23.554076512910108
2020,AJ Tye,Rajasthan Royals,0,12,12.0,2,16.67,3,25.0,0.028725149458794504,0.4695088014628575,0.2884397254411554,0.3826413962418186,-0.32251567859811137,0.6054894099994059,middle,AJ Tye,2020,13893723.453,4.358006779447346
2020,Arshdeep Singh,Punjab Kings,0,30,10.6,6,20.0,6,20.0,0.028725149458794504,0.40331243640880027,0.3297217193839555,0.30664071306341883,-0.24197385173634564,0.6860312368611716,middle,Arshdeep Singh,2020,2778744.6906,24.688530730509125
2020,CH Morris,Royal Challengers Bengaluru,2,42,6.86,18,42.86,5,11.9,0.11519699738036146,0.22647357547867594,0.6131170291534481,0.18351960631441128,0.13884782317075361,1.066852911768271,middle,CH Morris,2020,138937234.53,0.7678668107777192
2020,CJ Jordan,Punjab Kings,3,78,7.08,29,37.18,8,10.26,0.15843292134114492,0.23687586141574207,0.5427020965423056,0.15859138223189614,0.17924104539543617,1.1072461339929536,middle,CJ Jordan,2020,41681170.359,2.6564660359971675
2020,CV Varun,Kolkata Knight Riders,15,216,6.44,81,37.5,21,9.72,0.6772640088705466,0.20661466596245878,0.5466691349992714,0.150383308448629,0.9845283593459085,1.9125334479434257,middle,CV Varun,2020,55574893.812,3.441362307255479
2020,DW Steyn,Royal Challengers Bengaluru,0,12,13.0,3,25.0,5,41.67,0.028725149458794504,0.5167919193586127,0.39170669527404584,0.6360276739586034,-0.3800393375082054,0.5479657510893119,middle,DW Steyn,2020,27787446.906,1.9719902765553912
2020,I Udana,Royal Challengers Bengaluru,4,60,8.8,15,25.0,10,16.67,0.20166884530192838,0.318202824196441,0.39170669527404584,0.2560242580666046,0.11424816556463258,1.0422532541621499,middle,I Udana,2020,6946861.7265,15.003224408315129
2020,JD Unadkat,Rajasthan Royals,0,36,8.83,4,11.11,4,11.11,0.028725149458794504,0.31962131773331365,0.21951243225137504,0.1715114983722241,-0.1810578999974915,0.7469471886000258,middle,JD Unadkat,2020,41681170.359,1.7920494606235102
2020,JDS Neesham,Punjab Kings,1,54,9.78,10,18.52,10,18.52,0.07196107341957797,0.36454027973428105,0.3113741665204888,0.2841445108426125,-0.14710726587043377,0.7808978227270835,middle,JDS Neesham,2020,6946861.7265,11.241015777645528
2020,JR Hazlewood,Chennai Super Kings,0,6,8.0,2,33.33,1,16.67,0.028725149458794504,0.28037632987983685,0.4949736651069362,0.2560242580666046,-0.08392609179691782,0.8440789968005995,middle,JR Hazlewood,2020,27787446.906,3.0376270250950683
2020,Kartik Tyagi,Rajasthan Royals,4,90,7.8,32,35.56,12,13.33,0.20166884530192838,0.2709197063006858,0.5226189643539164,0.20525580170343358,0.2015020318778321,1.1295071204753495,middle,Kartik Tyagi,2020,18061840.4889,6.253554952882538
2020,MM Sharma,Delhi Capitals,0,6,14.0,0,0.0,2,33.33,0.028725149458794504,0.5640750372543679,0.08178181582359446,0.5092585344170325,-0.48548946775163077,0.4425156208458865,middle,MM Sharma,2020,6946861.7265,6.37000761304683
2020,MP Stoinis,Delhi Capitals,3,90,10.0,22,24.44,19,21.11,0.15843292134114492,0.3749425656713472,0.3847643779743557,0.3235128647290236,-0.011577930078858434,0.9164271585186589,middle,MP Stoinis,2020,66689872.5744,1.3741624074874068
2020,NM Coulter-Nile,Mumbai Indians,3,66,6.82,30,45.45,9,13.64,0.15843292134114492,0.22458225076284577,0.645225246664515,0.20996784406049437,0.20955758658869633,1.1375626751862136,middle,NM Coulter-Nile,2020,111149787.624,1.023450156319134
2020,PJ Cummins,Kolkata Knight Riders,2,54,10.22,14,25.93,13,24.07,0.11519699738036146,0.38534485160841336,0.4032359007896026,0.36850526917063625,-0.08821066881343503,0.8397944197840823,middle,PJ Cummins,2020,215352713.5215,0.3899623116196492
2020,Shahbaz Ahmed,Royal Challengers Bengaluru,1,30,7.8,7,23.33,3,10.0,0.07196107341957797,0.2709197063006858,0.37100371332675564,0.15463934670661936,-0.02842091025447888,0.8995841783430384,middle,Shahbaz Ahmed,2020,2778744.6906,32.37376148252022
2020,SM Curran,Chennai Super Kings,2,42,8.86,7,16.67,6,14.29,0.11519699738036146,0.32103981127018627,0.2884397254411554,0.2198479328736863,-0.041474021887997495,0.8865310667095198,middle,SM Curran,2020,76415478.9915,1.1601459264661969
2020,SS Cottrell,Punjab Kings,0,18,7.0,5,27.78,1,5.56,0.028725149458794504,0.23309321198408164,0.426170341868936,0.08715074004420037,-0.03296589084723284,0.8950391977502845,middle,SS Cottrell,2020,118096649.3505,0.7578870380089197
2020,TK Curran,Rajasthan Royals,1,36,9.5,6,16.67,6,16.67,0.07196107341957797,0.3513010067234696,0.2884397254411554,0.2560242580666046,-0.13777212923038304,0.7902329593671342,middle,TK Curran,2020,13893723.453,5.687697484697691
2020,TU Deshpande,Delhi Capitals,1,48,11.88,7,14.58,12,25.0,0.07196107341957797,0.46383482731536696,0.26253000551909766,0.3826413962418186,-0.26089552931556104,0.6671095592819563,middle,TU Deshpande,2020,2778744.6906,24.007587366290597
2020,TU Deshpande,Delhi Capitals,1,48,11.88,7,14.58,12,25.0,0.07196107341957797,0.46383482731536696,0.26253000551909766,0.3826413962418186,-0.26089552931556104,0.6671095592819563,middle,TU Deshpande,2020,2778744.6906,24.007587366290597
2021,AF Milne,Mumbai Indians,1,24,6.75,9,37.5,3,12.5,0.06559591708744812,0.24707513156484492,0.5120181680777138,0.1993391693278103,0.01447138693704833,0.9424764755345656,middle,AF Milne,2021,42435730.6976,2.2209502700700954
2021,Arshdeep Singh,Punjab Kings,2,48,8.63,12,25.0,7,14.58,0.11400829805492109,0.32764246415471493,0.3538575720355983,0.22718222657663392,-0.030380697946037608,0.8976243906514797,middle,Arshdeep Singh,2021,2652233.1686,33.84409792014241
2021,C Sakariya,Rajasthan Royals,5,102,8.76,28,27.45,15,14.71,0.25924544095734,0.33321360949337614,0.38485704885985295,0.22892241765468538,0.19196990496832786,1.1199749935658452,middle,C Sakariya,2021,15913399.0116,7.037936978450954
2021,CH Morris,Rajasthan Royals,4,90,9.4,29,32.22,17,18.89,0.21083305998986704,0.3606407865452468,0.4452111323095242,0.2848762538566483,0.10432504967013075,1.032330138267648,middle,CH Morris,2021,215493944.94875,0.47905296759645044
2021,DT Christian,Royal Challengers Bengaluru,4,78,8.92,24,30.77,13,16.67,0.21083305998986704,0.3400704037563438,0.42686450316863883,0.25515914467761536,0.1212207889947941,1.0492258775923113,middle,DT Christian,2021,63653596.0464,1.6483371604449226
2021,FA Allen,Punjab Kings,1,48,7.75,12,25.0,6,12.5,0.06559591708744812,0.28993009570839284,0.3538575720355983,0.1993391693278103,-0.06726076319042466,0.8607443254070927,middle,FA Allen,2021,9945874.38225,8.654285106830107
2021,J Suchith,Sunrisers Hyderabad,0,30,10.0,7,23.33,8,26.67,0.01718353611997515,0.38635376503137553,0.33272731640437164,0.38901999683542127,-0.2612935122909105,0.6667115763066067,middle,J Suchith,2021,3978349.7529,16.758495801446575
2021,JA Richardson,Punjab Kings,2,30,10.8,8,26.67,7,23.33,0.11400829805492109,0.4206377363462138,0.374987827666825,0.34431047221471406,-0.12186348813748474,0.8061416004600326,middle,JA Richardson,2021,185656321.80200002,0.43421176970196135
2021,Jalaj S Saxena,Punjab Kings,0,12,8.5,3,25.0,2,16.67,0.01718353611997515,0.32207131881605366,0.3538575720355983,0.25515914467761536,-0.17675630819772378,0.7512487803997935,middle,Jalaj S Saxena,2021,3978349.7529,18.88342722638134
2021,JDS Neesham,Mumbai Indians,3,42,8.14,14,33.33,7,16.67,0.16242067902239404,0.3066435317243765,0.45925579323806404,0.25515914467761536,0.085061102189986,1.0130661907875034,middle,JDS Neesham,2021,6630582.9215,15.278689713729166
2021,KA Jamieson,Royal Challengers Bengaluru,3,42,8.43,15,35.71,8,19.05,0.16242067902239404,0.31907147132600533,0.4893695707244829,0.28701802749117317,0.07778110719189704,1.0057861957894143,middle,KA Jamieson,2021,198917487.645,0.505629850696888
2021,M Jansen,Mumbai Indians,2,12,4.5,6,50.0,0,0.0,0.11400829805492109,0.15065146224186224,0.6701787641198292,0.032013104130552875,0.24514228569873006,1.1731473742962473,middle,M Jansen,2021,2652233.1686,44.23243733564728
2021,MC Henriques,Punjab Kings,3,30,4.6,12,40.0,1,3.33,0.16242067902239404,0.15493695865621698,0.543650287286137,0.07658876789910224,0.2674587842146381,1.1954638728121554,middle,MC Henriques,2021,55696896.5406,2.146374299222807
2021,MM Ali,Chennai Super Kings,6,138,6.65,44,31.88,11,7.97,0.30765782192481295,0.24278963515049018,0.4409091640971787,0.13870020330032418,0.371787733335916,1.2997928219334334,middle,MM Ali,2021,92828160.90100001,1.4002139106468403
2021,Mujeeb Ur Rahman,Sunrisers Hyderabad,1,12,4.5,4,33.33,0,0.0,0.06559591708744812,0.15065146224186224,0.45925579323806404,0.032013104130552875,0.10924682298299102,1.0372519115805083,middle,Mujeeb Ur Rahman,2021,13261165.843,7.821724906095108
2021,Mujeeb Ur Rahman,Sunrisers Hyderabad,1,12,4.5,4,33.33,0,0.0,0.06559591708744812,0.15065146224186224,0.45925579323806404,0.032013104130552875,0.10924682298299102,1.0372519115805083,middle,Mujeeb Ur Rahman,2021,19891748.7645,5.214483270730073
2021,NM Coulter-Nile,Mumbai Indians,1,42,5.71,17,40.48,4,9.52,0.06559591708744812,0.20250596885555516,0.5497236541741541,0.15944863538478413,0.06941646972201745,0.9974215583195347,middle,NM Coulter-Nile,2021,66305829.215,1.5042743151365243
2021,RP Meredith,Punjab Kings,2,46,8.74,18,39.13,9,19.57,0.11400829805492109,0.33235651021050516,0.5326423098016057,0.29397879180337905,0.006124173493783344,0.9341292620913006,middle,RP Meredith,2021,106089326.744,0.8805120088521359
2021,RV Patel,Delhi Capitals,0,18,7.33,5,27.78,2,11.11,0.01718353611997515,0.27193101076810267,0.3890324885953648,0.18073251087787523,-0.11120626003148501,0.8167988285660323,middle,RV Patel,2021,2652233.1686,30.796644813743328
2021,Shakib Al Hasan,Kolkata Knight Riders,2,60,7.2,14,23.33,6,10.0,0.11400829805492109,0.26635986542944146,0.33272731640437164,0.1658739562883588,0.024567958402468178,0.9525730469999855,middle,Shakib Al Hasan,2021,42435730.6976,2.244742888458992
2021,TK Curran,Delhi Capitals,3,36,6.17,12,33.33,3,8.33,0.16242067902239404,0.22221925236158716,0.45925579323806404,0.14351919397800522,0.1749285158201395,1.1029336044176568,middle,TK Curran,2021,69621120.67575,1.5841939826771902
2021,VR Iyer,Kolkata Knight Riders,2,42,7.71,10,23.81,4,9.52,0.11400829805492109,0.2882158971426509,0.3388006832923889,0.15944863538478413,0.01019020727902075,0.938195295876538,middle,VR Iyer,2021,2652233.1686,35.373786399472976
2022,A Badoni,Lucknow Super Giants,2,12,6.0,3,25.0,0,0.0,0.10577211026428558,0.1885708615786535,0.37314072344559246,0.0031019064861975308,0.11912331186994381,1.047128400467461,middle,A Badoni,2022,2487556.9016,42.09465117336398
2022,Abhishek Sharma,Sunrisers Hyderabad,0,24,9.75,3,12.5,4,16.67,0.02530795437488299,0.3430086674937951,0.23128402572419163,0.21681901677962814,-0.21042359807137975,0.7175814905261375,middle,Abhishek Sharma,2022,6840781.479400001,10.489758994451552
2022,AK Markram,Sunrisers Hyderabad,1,30,11.4,6,20.0,7,23.33,0.06554003231958429,0.41096130209645737,0.3163980443570321,0.3022032971967995,-0.19598023933003972,0.7320248492674776,middle,AK Markram,2022,32338239.7208,2.263650883868729
2022,Akash Deep,Royal Challengers Bengaluru,2,54,9.33,22,40.74,13,24.07,0.10577211026428558,0.3257116332312992,0.5517666772163804,0.3116904394653741,0.0012807740832283254,0.9292858626807456,middle,Akash Deep,2022,2487556.9016,37.357371084980116
2022,AR Patel,Delhi Capitals,3,168,7.93,50,29.76,24,14.29,0.1460041882089869,0.26805485235631304,0.42715975393790195,0.18630631596988817,0.09544906341582285,1.0234541520133402,middle,AR Patel,2022,2487556.9016,41.14294436260144
2022,Arshdeep Singh,Punjab Kings,3,90,7.93,31,34.44,11,12.22,0.1460041882089869,0.26805485235631304,0.48027090156479435,0.1597679585429295,0.1166900791892823,1.0446951677867995,middle,Arshdeep Singh,2022,6218892.254000001,16.79873400467503
2022,Arshdeep Singh,Punjab Kings,3,90,7.93,31,34.44,11,12.22,0.1460041882089869,0.26805485235631304,0.48027090156479435,0.1597679585429295,0.1166900791892823,1.0446951677867995,middle,Arshdeep Singh,2022,2487556.9016,41.99683501168758
2022,Arshdeep Singh,Punjab Kings,3,90,7.93,31,34.44,11,12.22,0.1460041882089869,0.26805485235631304,0.48027090156479435,0.1597679585429295,0.1166900791892823,1.0446951677867995,middle,Arshdeep Singh,2022,2487556.9016,41.99683501168758
2022,AS Joseph,Gujarat Titans,3,72,7.5,25,34.72,9,12.5,0.1460041882089869,0.25034598394471014,0.48344849159375375,0.16335768804995773,0.13109250502584677,1.059097593623364,middle,AS Joseph,2022,29850682.8192,3.5479844800808067
2022,AS Roy,Kolkata Knight Riders,1,18,8.0,4,22.22,2,11.11,0.06554003231958429,0.27093769140006235,0.34159179387235294,0.14553724514006758,-0.04507001550698109,0.8829350730905362,middle,AS Roy,2022,2487556.9016,35.49406538289159
2022,B Kumar,Sunrisers Hyderabad,0,30,8.6,6,20.0,3,10.0,0.02530795437488299,0.29564774034648494,0.3163980443570321,0.1313065317372057,-0.12989815375519498,0.7981069348423223,middle,B Kumar,2022,52238694.9336,1.5278079512835967
2022,Basil Thampi,Mumbai Indians,3,36,9.67,13,36.11,8,22.22,0.1460041882089869,0.3397139943009387,0.4992229563803735,0.2879725837939376,0.03940745702805393,0.9674125456255712,middle,Basil Thampi,2022,3731335.3524,25.92671133146288
2022,C Sakariya,Delhi Capitals,0,24,9.75,3,12.5,5,20.83,0.02530795437488299,0.3430086674937951,0.23128402572419163,0.2701521408840475,-0.22109022289226363,0.7069148657052536,middle,C Sakariya,2022,52238694.9336,1.3532399050240533
2022,CJ Jordan,Chennai Super Kings,1,24,11.0,3,12.5,6,25.0,0.06554003231958429,0.3944879361321756,0.23128402572419163,0.3236134696137179,-0.21261778663185016,0.7153873019656671,middle,CJ Jordan,2022,44776024.2288,1.597701703729044
2022,D Pretorius,Chennai Super Kings,5,72,7.67,18,25.0,6,8.33,0.2264683440983895,0.2573471644795299,0.37314072344559246,0.10989635932028731,0.22378772973358066,1.151792818331098,middle,D Pretorius,2022,6218892.254000001,18.52086788592073
2022,DG Nalkande,Gujarat Titans,2,30,10.6,8,26.67,7,23.33,0.10577211026428558,0.37801457016789386,0.3920927782611716,0.3022032971967995,-0.08656631669889513,0.8414387718986222,middle,DG Nalkande,2022,2487556.9016,33.82591052921875
2022,DJ Mitchell,Rajasthan Royals,0,6,7.0,1,16.67,0,0.0,0.02530795437488299,0.2297542764893579,0.278607420084051,0.0031019064861975308,-0.06287964490118603,0.8651254436963313,middle,DJ Mitchell,2022,9328338.381000001,9.274164469188023
2022,DJ Willey,Royal Challengers Bengaluru,0,6,14.0,0,0.0,2,33.33,0.02530795437488299,0.5180381808642889,0.08942732800279082,0.4304079224478077,-0.435721999217831,0.4922830893796863,middle,DJ Willey,2022,24875569.016000003,1.9789822257454657
2022,DR Sams,Mumbai Indians,4,84,11.14,27,32.14,20,23.81,0.18623626615368818,0.40025361421967426,0.4541692691840566,0.3083571192088479,0.03373086476824024,0.9617359533657576,middle,DR Sams,2022,32338239.7208,2.973989807946064
2022,FA Allen,Mumbai Indians,0,18,11.67,3,16.67,5,27.78,0.02530795437488299,0.42208082412234754,0.278607420084051,0.35925435543349815,-0.2879713727970379,0.6400337158004794,middle,FA Allen,2022,9328338.381000001,6.861176017200478
2022,Fazalhaq Farooqi,Sunrisers Hyderabad,1,24,8.25,6,25.0,4,16.67,0.06554003231958429,0.28123354512773846,0.37314072344559246,0.21681901677962814,-0.05809837394506223,0.8699067146524551,middle,Fazalhaq Farooqi,2022,6218892.254000001,13.98812970417569
2022,HR Shokeen,Mumbai Indians,1,54,9.78,19,35.19,10,18.52,0.06554003231958429,0.3442441699411162,0.4887823034280784,0.24053687245106462,-0.07855797093530595,0.8494471176622114,middle,HR Shokeen,2022,2487556.9016,34.147846713208686
2022,HV Patel,Royal Challengers Bengaluru,9,156,6.62,62,39.74,17,10.9,0.38739665587719474,0.21410457882329023,0.5404181413986684,0.1428449480097964,0.5433677735748011,1.4713728621723186,middle,HV Patel,2022,133706183.46100001,1.1004523680847527
2022,J Suchith,Sunrisers Hyderabad,4,66,7.09,30,45.45,9,13.64,0.18623626615368818,0.2334607838313213,0.6052182809178043,0.17797301532857265,0.23855665337510196,1.1665617419726193,middle,J Suchith,2022,2487556.9016,46.89588170715955
2022,JD Unadkat,Mumbai Indians,3,42,7.71,10,23.81,5,11.9,0.1460041882089869,0.25899450107595806,0.35963596582251506,0.15566541053489721,0.08856838909248896,1.0165734776900062,middle,JD Unadkat,2022,16169119.8604,6.287129333364084
2022,JDS Neesham,Rajasthan Royals,0,12,8.5,2,16.67,2,16.67,0.02530795437488299,0.2915293988554145,0.278607420084051,0.21681901677962814,-0.15504316485271746,0.7729619237447998,middle,JDS Neesham,2022,18656676.762000002,4.143084717634021
2022,JO Holder,Lucknow Super Giants,7,99,9.27,25,25.25,16,16.16,0.3069324999877921,0.32324062833665695,0.3759778574000205,0.2102805808918267,0.2725434883540033,1.2005485769515207,middle,JO Holder,2022,108830614.44500001,1.103134980054941
2022,JR Hazlewood,Royal Challengers Bengaluru,5,42,7.0,18,42.86,5,11.9,0.2264683440983895,0.2297542764893579,0.57582557314993,0.15566541053489721,0.2975136847940975,1.2255187733916149,middle,JR Hazlewood,2022,96392829.937,1.271379597624205
2022,K Gowtham,Lucknow Super Giants,5,60,7.9,26,43.33,9,15.0,0.2264683440983895,0.2668193499089919,0.5811593849842547,0.19540884436270975,0.2615130828431252,1.1895181714406424,middle,K Gowtham,2022,11194006.0572,10.62638491852113
2022,K Rabada,Punjab Kings,4,60,8.3,26,43.33,9,15.0,0.18623626615368818,0.2832927158732737,0.5811593849842547,0.19540884436270975,0.18798627315464778,1.115991361752165,middle,K Rabada,2022,115049506.699,0.9700096886741932
2022,Kartik Tyagi,Sunrisers Hyderabad,0,24,7.75,10,41.67,4,16.67,0.02530795437488299,0.2606418376723862,0.5623208155268526,0.21681901677962814,-0.0452190972734543,0.882785991324063,middle,Kartik Tyagi,2022,49751138.032000005,1.7744036141570345
2022,KH Pandya,Lucknow Super Giants,7,150,6.68,44,29.33,13,8.67,0.3069324999877921,0.21657558371793253,0.4222798835362857,0.11425531657882158,0.3909711847524635,1.3189762733499808,middle,KH Pandya,2022,102611722.191,1.2854050640480013
2022,KK Ahmed,Delhi Capitals,6,54,8.33,22,40.74,11,20.37,0.2667004220430908,0.2845282183205948,0.5517666772163804,0.26425472812250117,0.2851071159485742,1.2131122045460914,middle,KK Ahmed,2022,65298368.667,1.8577986392471162
2022,KL Nagarkoti,Delhi Capitals,0,6,13.0,2,33.33,3,50.0,0.02530795437488299,0.47685476595358445,0.467674026807134,0.6441250327412382,-0.3320446797066506,0.5959604088908668,middle,KL Nagarkoti,2022,13681562.958800001,4.355938065596111
2022,Kuldeep Yadav,Delhi Capitals,19,268,8.53,83,30.97,46,17.16,0.7897174353242077,0.29276490130273564,0.4408914822773335,0.22310104341692752,1.0380114679439374,1.9660165565414547,middle,Kuldeep Yadav,2022,2487556.9016,79.03403356429395
2022,Kuldeep Yadav,Delhi Capitals,19,268,8.53,83,30.97,46,17.16,0.7897174353242077,0.29276490130273564,0.4408914822773335,0.22310104341692752,1.0380114679439374,1.9660165565414547,middle,Kuldeep Yadav,2022,24875569.016000003,7.903403356429394
2022,Lalit Yadav,Delhi Capitals,2,54,9.11,14,25.93,9,16.67,0.10577211026428558,0.3166512819509442,0.3836948617560647,0.21681901677962814,-0.02291820499343321,0.9050868836040841,middle,Lalit Yadav,2022,8084559.9302,11.195252325647534
2022,LH Ferguson,Gujarat Titans,4,126,8.19,53,42.06,22,17.46,0.18623626615368818,0.27876254023309616,0.5667467444957605,0.22694718217445775,0.18097895395789193,1.1089840425554092,middle,LH Ferguson,2022,124377845.08,0.8916250654142698
2022,LS Livingstone,Punjab Kings,5,120,8.9,30,25.0,18,15.0,0.2264683440983895,0.30800276481969635,0.37314072344559246,0.19540884436270975,0.166160752452963,1.0941658410504802,middle,LS Livingstone,2022,143034521.842,0.7649662661571497
2022,M Ashwin,Mumbai Indians,7,102,8.24,37,36.27,16,15.69,0.3069324999877921,0.2808217109786314,0.5010387221112075,0.2042549635050293,0.3452020051311394,1.2732070937286566,middle,M Ashwin,2022,19900455.2128,6.397879245042234
2022,M Jansen,Sunrisers Hyderabad,1,54,9.67,13,24.07,11,20.37,0.06554003231958429,0.3397139943009387,0.3625865851351202,0.26425472812250117,-0.1175361170453387,0.8104689715521786,middle,M Jansen,2022,52238694.9336,1.5514724718570327
2022,M Markande,Mumbai Indians,1,30,10.4,6,20.0,7,23.33,0.06554003231958429,0.369777887185753,0.3163980443570321,0.3022032971967995,-0.16303350740147624,0.764971581196041,middle,M Markande,2022,8084559.9302,9.462130132012229
2022,M Prasidh Krishna,Rajasthan Royals,3,66,8.64,23,34.85,14,21.21,0.1460041882089869,0.2972950769429132,0.48492380125005635,0.27502391664358583,0.07164257780544953,0.9996476664029668,middle,M Prasidh Krishna,2022,124377845.08,0.803718432137164
2022,M Theekshana,Chennai Super Kings,2,96,7.5,26,27.08,11,11.46,0.10577211026428558,0.25034598394471014,0.3967456779464335,0.15002440702385286,0.04740020021981972,0.975405288817337,middle,M Theekshana,2022,8706449.1556,11.203250273275357
2022,MJ Santner,Chennai Super Kings,4,66,7.0,20,30.3,6,9.09,0.18623626615368818,0.2297542764893579,0.43328796327946645,0.11963991083936393,0.20160938485501312,1.1296144734525304,middle,MJ Santner,2022,23631790.5652,4.780062984799773
2022,Mohammed Shami,Gujarat Titans,1,60,11.8,10,16.67,15,25.0,0.06554003231958429,0.42743466806073915,0.278607420084051,0.3236134696137179,-0.2247781538667432,0.703226934730774,middle,Mohammed Shami,2022,77736153.175,0.9046330516866022
2022,MR Marsh,Delhi Capitals,2,36,9.67,11,30.56,9,25.0,0.10577211026428558,0.3397139943009387,0.43623858259207154,0.3236134696137179,-0.04696414918944471,0.8810409394080726,middle,MR Marsh,2022,80845599.302,1.0897821860617674
2022,Mukesh Choudhary,Chennai Super Kings,3,30,9.6,11,36.67,7,23.33,0.1460041882089869,0.3368311552571894,0.5055781364382923,0.3022032971967995,0.04077413959985661,0.9687792281973739,middle,Mukesh Choudhary,2022,2487556.9016,38.945007753360485
2022,N Rana,Kolkata Knight Riders,0,12,11.5,1,8.33,4,33.33,0.02530795437488299,0.4150796435875278,0.1839606313643323,0.4304079224478077,-0.32499517838795966,0.6030099102095576,middle,N Rana,2022,99502276.06400001,0.6060262479038175
2022,NM Coulter-Nile,Rajasthan Royals,0,6,17.0,0,0.0,2,33.33,0.02530795437488299,0.6415884255964021,0.08942732800279082,0.4304079224478077,-0.5345621950035215,0.39344289359399576,middle,NM Coulter-Nile,2022,24875569.016000003,1.5816437941215846
2022,NT Ellis,Punjab Kings,1,12,6.5,4,33.33,1,8.33,0.06554003231958429,0.2091625690340057,0.467674026807134,0.10989635932028731,0.049302929430254605,0.9773080180277719,middle,NT Ellis,2022,9328338.381000001,10.476764222215149
2022,OC McCoy,Rajasthan Royals,3,73,11.01,15,20.55,15,20.55,0.1460041882089869,0.39489977028128265,0.3226397390567738,0.26656241137701925,-0.0534340944699175,0.8745709941275998,middle,OC McCoy,2022,9328338.381000001,9.375420985037696
2022,OF Smith,Punjab Kings,2,48,12.75,17,35.42,16,33.33,0.10577211026428558,0.46655891222590834,0.4913924666661522,0.4304079224478077,-0.1532528088740142,0.7747522797235031,middle,OF Smith,2022,74626707.04800001,1.038170261519353
2022,PH Solanki,Chennai Super Kings,1,18,6.0,6,33.33,1,5.56,0.06554003231958429,0.1885708615786535,0.467674026807134,0.07438367812575804,0.0728788316334422,1.0008839202309594,middle,PH Solanki,2022,14925341.4096,6.7059365193963965
2022,PJ Cummins,Kolkata Knight Riders,4,36,7.5,12,33.33,5,13.89,0.18623626615368818,0.25034598394471014,0.467674026807134,0.18117813095984786,0.18314419392493478,1.111149282522452,middle,PJ Cummins,2022,90173937.683,1.2322288579973268
2022,PJ Sangwan,Gujarat Titans,2,18,6.67,7,38.89,2,11.11,0.10577211026428558,0.21616374956882548,0.530771885953613,0.14553724514006758,0.11585128249943838,1.0438563710969557,middle,PJ Sangwan,2022,2487556.9016,41.963115313082724
2022,PVD Chameera,Lucknow Super Giants,1,54,7.22,23,42.59,9,16.67,0.06554003231958429,0.23881462776971288,0.5727614684791477,0.21681901677962814,0.0357229834514248,0.9637280720489421,middle,PVD Chameera,2022,24875569.016000003,3.874195084458453
2022,PWH de Silva,Royal Challengers Bengaluru,18,264,7.73,105,39.77,40,15.15,0.7494853573795064,0.2598181693741722,0.5407585974731998,0.19733191374147488,1.0391346970635866,1.967139785661104,middle,PWH de Silva,2022,133706183.46100001,1.4712406971326706
2022,R Ashwin,Rajasthan Royals,9,300,7.48,84,28.0,30,10.0,0.38739665587719474,0.24952231564649605,0.40718633089872863,0.1313065317372057,0.47737172422077273,1.40537681281829,middle,R Ashwin,2022,62188922.54,2.2598507184528716
2022,R Dhawan,Punjab Kings,1,60,9.0,9,15.0,9,15.0,0.06554003231958429,0.3121211063107668,0.25965536526847177,0.19540884436270975,-0.11257199586123742,0.8154330927362798,middle,R Dhawan,2022,6840781.479400001,11.92017454718932
2022,R Parag,Rajasthan Royals,0,12,16.5,1,8.33,4,33.33,0.02530795437488299,0.6209967181410498,0.1839606313643323,0.4304079224478077,-0.48972883803077727,0.43827625056674,middle,R Parag,2022,47263581.1304,0.9273022485484921
2022,R Powell,Delhi Capitals,0,6,17.0,0,0.0,2,33.33,0.02530795437488299,0.6415884255964021,0.08942732800279082,0.4304079224478077,-0.5345621950035215,0.39344289359399576,middle,R Powell,2022,34825796.6224,1.1297455672297034
2022,R Sai Kishore,Gujarat Titans,5,84,7.14,24,28.57,10,11.9,0.2264683440983895,0.23551995457685654,0.4136549963148245,0.15566541053489721,0.24424996927356696,1.1722550578710842,middle,R Sai Kishore,2022,37313353.524000004,3.141650232850521
2022,R Shepherd,Sunrisers Hyderabad,1,30,12.8,10,33.33,10,33.33,0.06554003231958429,0.4686180829714436,0.467674026807134,0.4304079224478077,-0.2223637943451998,0.7056412942523175,middle,R Shepherd,2022,96392829.937,0.7320474922393163
2022,R Tewatia,Gujarat Titans,0,24,14.5,2,8.33,8,33.33,0.02530795437488299,0.5386298883196411,0.1839606313643323,0.4304079224478077,-0.42383537417365025,0.504169714423867,middle,R Tewatia,2022,111940060.572,0.45039256888697543
2022,Rasikh Salam,Kolkata Knight Riders,0,6,8.0,1,16.67,1,16.67,0.02530795437488299,0.27093769140006235,0.278607420084051,0.21681901677962814,-0.13856979888843574,0.7894352897090815,middle,Rasikh Salam,2022,2487556.9016,31.735366101628294
2022,RD Chahar,Punjab Kings,6,216,7.53,71,32.87,27,12.5,0.2667004220430908,0.25158148639203126,0.4624537003309864,0.16335768804995773,0.3048500164403155,1.232855105037833,middle,RD Chahar,2022,65298368.667,1.8880335454090507
2022,RP Meredith,Mumbai Indians,3,78,8.69,32,41.03,14,17.95,0.1460041882089869,0.29935424768844837,0.5550577526035169,0.23322920881175713,0.09939436818142527,1.0273994567789426,middle,RP Meredith,2022,12437784.508000001,8.260309190259068
2022,S Gopal,Sunrisers Hyderabad,1,12,16.5,2,16.67,5,41.67,0.06554003231958429,0.6209967181410498,0.278607420084051,0.5373305799071485,-0.42237121598967786,0.5056338726078394,middle,S Gopal,2022,9328338.381000001,5.420406635738222
2022,S Kaul,Royal Challengers Bengaluru,0,12,6.0,3,25.0,1,8.33,0.02530795437488299,0.1885708615786535,0.37314072344559246,0.10989635932028731,-0.022931812530978053,0.9050732760665392,middle,S Kaul,2022,9328338.381000001,9.702406142448652
2022,SA Abbott,Sunrisers Hyderabad,0,6,12.0,0,0.0,1,16.67,0.02530795437488299,0.43567135104288,0.08942732800279082,0.21681901677962814,-0.3271107542270679,0.6008943343704494,middle,SA Abbott,2022,29850682.8192,2.013000298887479
2022,Sandeep Sharma,Punjab Kings,1,30,12.2,9,30.0,10,33.33,0.06554003231958429,0.4439080340250209,0.4298834025341528,0.4304079224478077,-0.21393294246995606,0.7140721461275612,middle,Sandeep Sharma,2022,6218892.254000001,11.482304516021626
2022,Shahbaz Ahmed,Royal Challengers Bengaluru,3,138,10.17,31,22.46,27,19.57,0.1460041882089869,0.36030570175629095,0.34431544246860385,0.25399835810242044,-0.01674331797145539,0.911261770626062,middle,Shahbaz Ahmed,2022,29850682.8192,3.0527334203555876
2022,Shivam Mavi,Kolkata Knight Riders,0,24,7.75,8,33.33,4,16.67,0.02530795437488299,0.2606418376723862,0.467674026807134,0.21681901677962814,-0.07361313388936991,0.8543919547081473,middle,Shivam Mavi,2022,90173937.683,0.9474932299304716
2022,Simarjeet Singh,Chennai Super Kings,1,18,5.33,10,55.56,2,11.11,0.06554003231958429,0.16097797358848154,0.7199519780348732,0.14553724514006758,0.15640581399103964,1.0844109025885569,middle,Simarjeet Singh,2022,2487556.9016,43.593410944331055
2022,Simarjeet Singh,Chennai Super Kings,1,18,5.33,10,55.56,2,11.11,0.06554003231958429,0.16097797358848154,0.7199519780348732,0.14553724514006758,0.15640581399103964,1.0844109025885569,middle,Simarjeet Singh,2022,2487556.9016,43.593410944331055
2022,SN Thakur,Delhi Capitals,3,78,10.23,28,35.9,17,21.79,0.1460041882089869,0.3627767066509332,0.49683976385865397,0.2824597849081443,0.02134488916870113,0.9493499777662184,middle,SN Thakur,2022,133706183.46100001,0.7100269809459702
2022,TG Southee,Kolkata Knight Riders,3,60,7.0,20,33.33,7,11.67,0.1460041882089869,0.2297542764893579,0.467674026807134,0.15271670415412403,0.14496172833330942,1.0729668169308266,middle,TG Southee,2022,18656676.762000002,5.7511143630694725
2022,TS Mills,Mumbai Indians,1,54,11.33,10,18.52,15,27.78,0.06554003231958429,0.40807846305270806,0.2996022113468183,0.35925435543349815,-0.21012292964544418,0.7178821589520731,middle,TS Mills,2022,18656676.762000002,3.8478565508207683
2022,TU Deshpande,Chennai Super Kings,1,12,11.5,2,16.67,3,25.0,0.06554003231958429,0.4150796435875278,0.278607420084051,0.3236134696137179,-0.21489413428817417,0.7131109543093431,middle,TU Deshpande,2022,2487556.9016,28.667121296830203
2022,UT Yadav,Kolkata Knight Riders,7,90,7.53,32,35.56,14,15.56,0.3069324999877921,0.25158148639203126,0.4929812616806319,0.20258830337676623,0.3665102786968995,1.2945153672944167,middle,UT Yadav,2022,24875569.016000003,5.203962837842152
2022,V Shankar,Gujarat Titans,0,6,14.0,2,33.33,3,50.0,0.02530795437488299,0.5180381808642889,0.467674026807134,0.6441250327412382,-0.36499141163521415,0.5630136769623031,middle,V Shankar,2022,17412898.3112,3.2333139888617617
2022,VG Arora,Punjab Kings,0,12,11.0,1,8.33,3,25.0,0.02530795437488299,0.3944879361321756,0.1839606313643323,0.3236134696137179,-0.28716292185685993,0.6408421667406574,middle,VG Arora,2022,24875569.016000003,2.5761909861377115
2022,VR Aaron,Gujarat Titans,0,12,12.5,1,8.33,4,33.33,0.02530795437488299,0.4562630584982322,0.1839606313643323,0.4304079224478077,-0.3579419103165231,0.5700631782809942,middle,VR Aaron,2022,6218892.254000001,9.166635390962574
2022,Washington Sundar,Sunrisers Hyderabad,3,84,8.14,18,21.43,10,11.9,0.1460041882089869,0.276703369487561,0.3326264505763604,0.15566541053489721,0.06629843978936019,0.9943035283868775,middle,Washington Sundar,2022,108830614.44500001,0.913624841187836
2022,Yash Dayal,Gujarat Titans,2,42,9.86,14,33.33,10,23.81,0.10577211026428558,0.34753884313397254,0.467674026807134,0.3083571192088479,-0.040742124910379075,0.8872629636871382,middle,Yash Dayal,2022,39800910.4256,2.229252934667669
2022,YS Chahal,Rajasthan Royals,19,276,7.43,90,32.61,31,11.23,0.7897174353242077,0.2474631449009608,0.4595030810183813,0.1470757006430797,1.095041421242441,2.0230465098399586,middle,YS Chahal,2022,80845599.302,2.5023582326142906
2023,A Mishra,Lucknow Super Giants,4,78,7.54,22,28.21,10,12.82,0.20236568325665466,0.257124202909236,0.4042651723583782,0.1757715910981029,0.18397439604548602,1.1119794846430033,middle,A Mishra,2023,5915430.661499999,18.7979463926475
2023,A Zampa,Rajasthan Royals,5,66,8.64,19,28.79,10,15.15,0.24652942526331953,0.29195640140386336,0.4118312938141329,0.19898857170257772,0.21998069057561292,1.1479857791731303,middle,A Zampa,2023,17746291.9845,6.468876879608463
2023,AJ Hosein,Sunrisers Hyderabad,1,6,10.0,1,16.67,1,16.67,0.06987445723666007,0.3350216649972208,0.25372544546284537,0.21413441312695614,-0.1299148951293242,0.7980901934681931,middle,AJ Hosein,2023,11830861.322999999,6.745833390140847
2023,Arshdeep Singh,Punjab Kings,4,84,9.0,25,29.76,16,19.05,0.20236568325665466,0.30335603000210504,0.424484979697033,0.23784961219933812,0.1406392723525402,1.0686443609500575,middle,Arshdeep Singh,2023,2366172.2646,45.16342182426482
2023,Arshdeep Singh,Punjab Kings,4,84,9.0,25,29.76,16,19.05,0.20236568325665466,0.30335603000210504,0.424484979697033,0.23784961219933812,0.1406392723525402,1.0686443609500575,middle,Arshdeep Singh,2023,7098516.793799999,15.05447394142161
2023,AU Rashid,Sunrisers Hyderabad,2,30,7.6,11,36.67,4,13.33,0.11403819924332492,0.2590241410089429,0.5146261853164552,0.18085341947075617,0.08205515775861838,1.0100602463561357,middle,AU Rashid,2023,23661722.645999998,4.268751947892881
2023,D Jansen,Mumbai Indians,0,6,13.0,1,16.67,2,33.33,0.025710715229995205,0.43001856998256827,0.25372544546284537,0.38014080663363015,-0.30535931082893425,0.622645777768583,middle,D Jansen,2023,2366172.2646,26.314473679026108
2023,D Wiese,Kolkata Knight Riders,0,6,15.0,0,0.0,2,33.33,0.025710715229995205,0.49334983997279985,0.036264678794861574,0.38014080663363015,-0.42126255682151464,0.5067425317760026,middle,D Wiese,2023,11830861.322999999,4.283226030135783
2023,H Sharma,Royal Challengers Bengaluru,0,12,12.5,1,8.33,4,33.33,0.025710715229995205,0.41418575248501033,0.14492983694389008,0.38014080663363015,-0.3253317393865745,0.6026733492109428,middle,H Sharma,2023,2366172.2646,25.470391916407
2023,I Sharma,Delhi Capitals,2,30,7.2,9,30.0,3,10.0,0.11403819924332492,0.24635788701089661,0.4276157885752763,0.14767206950813766,0.07272131192722542,1.0007264005247427,middle,I Sharma,2023,5915430.661499999,16.917219688464485
2023,J Little,Gujarat Titans,4,78,8.23,27,34.62,12,15.38,0.20236568325665466,0.2789734910558659,0.4878838594814601,0.20128037665495077,0.18647881455373713,1.1144839031512543,middle,J Little,2023,52055789.8212,2.1409412996695614
2023,JD Unadkat,Lucknow Super Giants,0,6,14.0,0,0.0,2,33.33,0.025710715229995205,0.461684204977684,0.036264678794861574,0.38014080663363015,-0.39593004882542193,0.5320750397720954,middle,JD Unadkat,2023,5915430.661499999,8.994696586252859
2023,JO Holder,Rajasthan Royals,3,78,9.15,12,15.38,13,16.67,0.1582019412499898,0.3081058752513724,0.23689734774228755,0.21413441312695614,0.01906053337118182,0.9470656219686991,middle,JO Holder,2023,68027452.60724999,1.392181517418405
2023,KM Asif,Rajasthan Royals,2,48,7.75,16,33.33,4,8.33,0.11403819924332492,0.2637739862582103,0.4710557617609023,0.13103157268003768,0.07514852385068228,1.0031536124481997,middle,KM Asif,2023,3549258.3968999996,28.26375260038481
2023,M Ashwin,Rajasthan Royals,0,18,14.0,3,16.67,6,33.33,0.025710715229995205,0.461684204977684,0.25372544546284537,0.38014080663363015,-0.3306918188250268,0.5973132697724906,middle,M Ashwin,2023,2366172.2646,25.24386236407289
2023,M Markande,Sunrisers Hyderabad,11,186,7.35,69,37.1,27,14.52,0.5115118773033087,0.251107732260164,0.5202355512233078,0.19271101900694718,0.6839100917124348,1.611915180309952,middle,M Markande,2023,5915430.661499999,27.2493292973738
2023,Mayank Dagar,Sunrisers Hyderabad,1,54,6.78,16,29.63,6,11.11,0.06987445723666007,0.23305832031294801,0.42278912488798454,0.15873251949567715,0.013455263171891586,0.9414603517694089,middle,Mayank Dagar,2023,21295550.3814,4.420925192859542
2023,MM Sharma,Gujarat Titans,12,150,8.2,45,30.0,24,16.0,0.5556756193099736,0.2780235220060124,0.4276157885752763,0.20745828565699986,0.6978876908013334,1.6258927793988507,middle,MM Sharma,2023,5915430.661499999,27.485619770354415
2023,Mohit Rathee,Punjab Kings,0,12,14.5,3,25.0,5,41.67,0.025710715229995205,0.4775170224752419,0.36239060361187386,0.4632436470805486,-0.32737909346774835,0.600625995129769,middle,Mohit Rathee,2023,2366172.2646,25.383865922006507
2023,Mukesh Kumar,Delhi Capitals,4,54,12.78,13,24.07,17,31.48,0.20236568325665466,0.42305213028364275,0.350258719208681,0.3617067233210643,-0.0021569082435408254,0.9258481803539764,middle,Mukesh Kumar,2023,65069737.276499994,1.422855261301858
2023,Nithish Kumar Reddy,Sunrisers Hyderabad,0,12,13.5,3,25.0,3,25.0,0.025710715229995205,0.44585138748012615,0.36239060361187386,0.29713760988029314,-0.26882537803160467,0.6591797105659126,middle,Nithish Kumar Reddy,2023,2366172.2646,27.858483527502024
2023,R Goyal,Mumbai Indians,0,24,8.5,6,25.0,3,12.5,0.025710715229995205,0.28752321250454715,0.36239060361187386,0.1725829929034969,-0.11725191465578216,0.8107531739417351,middle,R Goyal,2023,2366172.2646,34.26433426134307
2023,Sandeep Sharma,Rajasthan Royals,1,54,8.56,11,20.37,8,14.81,0.06987445723666007,0.2894231506042541,0.3019920823357632,0.19560068612080886,-0.07524934715184602,0.8527557414456712,middle,Sandeep Sharma,2023,2366172.2646,36.039461462871515
2023,Sikandar Raza,Punjab Kings,3,61,9.44,15,24.59,10,16.39,0.1582019412499898,0.31728890939995597,0.3570421384448748,0.2113443897066759,0.04831554794714717,0.9763206365446645,middle,Sikandar Raza,2023,5915430.661499999,16.50464171440554
2023,SM Curran,Punjab Kings,3,90,11.87,21,23.33,25,27.78,0.1582019412499898,0.39423640243808733,0.34060539183409744,0.3248385566959326,-0.04087230386444246,0.8871327847330748,middle,SM Curran,2023,218870934.4755,0.4053223361333886
2023,Tilak Varma,Mumbai Indians,0,6,7.0,3,50.0,1,16.67,0.025710715229995205,0.24002476001187345,0.6885165284288861,0.21413441312695614,0.010274340738768616,0.9382794293362859,middle,Tilak Varma,2023,2366172.2646,39.65389347909128
2023,Vivrant Sharma,Sunrisers Hyderabad,0,18,12.33,5,27.78,3,16.67,0.025710715229995205,0.40880259453584067,0.3986558064515256,0.21413441312695614,-0.2117061434736133,0.716298945123904,middle,Vivrant Sharma,2023,30760239.439799998,2.3286520461771847
2023,Yash Thakur,Lucknow Super Giants,3,66,8.64,19,28.79,11,16.67,0.1582019412499898,0.29195640140386336,0.4118312938141329,0.21413441312695614,0.08446029627074267,1.0124653848682599,middle,Yash Thakur,2023,5323887.59535,19.017407237383622
2024,A Kamboj,Mumbai Indians,1,24,11.0,8,33.33,5,20.83,0.06296694510867487,0.3560244677155636,0.5025535679558125,0.2435320503943468,-0.0883094962015642,0.839695592395953,middle,A Kamboj,2024,2217593.5,37.865171971145884
2024,A Mishra,Lucknow Super Giants,1,12,10.0,5,41.67,3,25.0,0.06296694510867487,0.3242665706375354,0.6180833784687566,0.2806041337540084,-0.03565865205719071,0.8923464365403266,middle,A Mishra,2024,24393528.5,3.658127755237733
2024,Abhishek Sharma,Sunrisers Hyderabad,2,24,6.0,8,33.33,2,8.33,0.10887934081415863,0.19723498232542255,0.5025535679558125,0.13240470219392256,0.12981615530885915,1.0578212439063766,middle,Abhishek Sharma,2024,2217593.5,47.70131423574143
2024,Arshad Khan,Lucknow Super Giants,0,6,18.0,1,16.67,3,50.0,0.017054549403191115,0.578329747261761,0.2717709968352315,0.502858830154857,-0.4561224406850241,0.4718826479124932,middle,Arshad Khan,2024,2217593.5,21.27904180421223
2024,Arshdeep Singh,Punjab Kings,3,54,10.33,11,20.37,12,22.22,0.1547917365196424,0.3347466766732847,0.32302522931699323,0.25588941151423406,0.010119949933086944,0.9381250385306042,middle,Arshdeep Singh,2024,2217593.5,42.30374225621622
2024,AS Joseph,Royal Challengers Bengaluru,1,18,11.0,4,22.22,4,22.22,0.06296694510867487,0.3560244677155636,0.34865234555787405,0.25588941151423406,-0.1369513351449232,0.7910537534525941,middle,AS Joseph,2024,127511626.25,0.6203777464979151
2024,Azmatullah Omarzai,Gujarat Titans,1,6,5.0,2,33.33,0,0.0,0.06296694510867487,0.16547708524739435,0.5025535679558125,0.05834943735315978,0.1011649323812086,1.029170020978726,middle,Azmatullah Omarzai,2024,5543983.75,18.56372722915586
2024,DJ Mitchell,Chennai Super Kings,1,36,11.67,4,11.11,9,25.0,0.06296694510867487,0.3773022587578425,0.1947511231599355,0.2806041337540084,-0.20508687914608278,0.7229182094514345,middle,DJ Mitchell,2024,155231545.0,0.46570315940064533
2024,G Coetzee,Mumbai Indians,4,93,11.48,26,27.96,26,27.96,0.20070413222512615,0.3712682583130172,0.4281656683809314,0.3069190898078688,0.07110747423998112,0.9991125628374984,middle,G Coetzee,2024,55439837.5,1.802156369663779
2024,HV Patel,Punjab Kings,9,150,9.0,33,22.0,25,16.67,0.4302661107525449,0.29250867355950716,0.34560479659949905,0.20654886891324564,0.4737638924784122,1.4017689810759295,middle,HV Patel,2024,130283618.125,1.075936484762811
2024,JA Richardson,Delhi Capitals,0,18,9.0,5,27.78,3,16.67,0.017054549403191115,0.29250867355950716,0.42567221923317006,0.20654886891324564,-0.12203322275551717,0.8059718658420001,middle,JA Richardson,2024,55439837.5,1.4537774679480258
2024,JD Unadkat,Sunrisers Hyderabad,6,120,9.45,30,25.0,22,18.33,0.2925289236360937,0.30679972724461985,0.3871622823955221,0.22130658075426196,0.2652409722262488,1.193246060823766,middle,JD Unadkat,2024,17740748.0,6.726018885019764
2024,Kartik Tyagi,Gujarat Titans,0,18,14.0,2,11.11,7,38.89,0.017054549403191115,0.45129815894964825,0.1947511231599355,0.40408884307431986,-0.35784913472181534,0.570155953875702,middle,Kartik Tyagi,2024,6652780.5,8.570190371915952
2024,LH Ferguson,Royal Challengers Bengaluru,5,84,9.07,21,25.0,13,15.48,0.2466165279306099,0.2947317263549692,0.3871622823955221,0.19596954536456526,0.21109418645768305,1.1390992750552003,middle,LH Ferguson,2024,22175935.0,5.1366459860889755
2024,M Siddharth,Lucknow Super Giants,0,6,9.0,2,33.33,1,16.67,0.017054549403191115,0.29250867355950716,0.5025535679558125,0.20654886891324564,-0.09896881813872443,0.8290362704587928,middle,M Siddharth,2024,26611122.0,3.115375106915044
2024,Mohammad Nabi,Mumbai Indians,2,36,11.17,7,19.44,8,22.22,0.10887934081415863,0.3614233102188284,0.3101424087202261,0.25588941151423406,-0.08395479664060378,0.8440502919569135,middle,Mohammad Nabi,2024,16631951.25,5.074872330189842
2024,N Burger,Rajasthan Royals,2,18,8.0,5,27.78,3,16.67,0.10887934081415863,0.260750776481479,0.42567221923317006,0.20654886891324564,0.04111028202335665,0.9691153706208739,middle,N Burger,2024,5543983.75,17.48048721500805
2024,N Thushara,Mumbai Indians,0,30,8.8,8,26.67,4,13.33,0.017054549403191115,0.28615709414390156,0.4102959494886415,0.17685564147409227,-0.11562619465856058,0.8123788939389567,middle,N Thushara,2024,53222244.0,1.5263897815713234
2024,Naman Dhir,Mumbai Indians,0,22,13.36,0,0.0,6,27.27,0.017054549403191115,0.43097310481971013,0.04084990076199697,0.30078486018720546,-0.36709866155982346,0.5609064270376938,middle,Naman Dhir,2024,2217593.5,25.29347362524709
2024,PJ Cummins,Sunrisers Hyderabad,8,156,7.81,51,32.69,25,16.03,0.3843537150470612,0.2547167760366536,0.4936879709859943,0.2008591486853839,0.4806917132999904,1.4086968018975077,middle,PJ Cummins,2024,227303333.75,0.6197431329568028
2024,R Ravindra,Chennai Super Kings,0,12,3.5,5,41.67,0,0.0,0.017054549403191115,0.11784023963035205,0.6180833784687566,0.05834943735315978,0.10506475847050006,1.0330698470680173,middle,R Ravindra,2024,19958341.5,5.17613072743553
2024,Rasikh Salam,Delhi Capitals,6,84,10.86,20,23.81,19,22.62,0.2925289236360937,0.3515783621246396,0.3706778130297662,0.2594454866566476,0.2168449423320291,1.1448500309295464,middle,Rasikh Salam,2024,2217593.5,51.62578402802616
2024,S Gopal,Mumbai Indians,2,30,9.4,9,30.0,5,16.67,0.10887934081415863,0.3052118323907185,0.45642475872222704,0.20654886891324564,0.014767199142682125,0.9427722877401994,middle,S Gopal,2024,2217593.5,42.51330497407209
2024,Sandeep Sharma,Rajasthan Royals,2,60,6.6,16,26.67,4,6.67,0.10887934081415863,0.21628972057223947,0.4102959494886415,0.11764699035290618,0.08984662153945758,1.0178517101369748,middle,Sandeep Sharma,2024,2217593.5,45.898930986989946
2024,SH Johnson,Gujarat Titans,1,36,11.33,10,27.78,11,30.56,0.06296694510867487,0.3665045737513129,0.42567221923317006,0.33003357823355706,-0.1370582912147984,0.7909467973827189,middle,SH Johnson,2024,110879675.0,0.713337947087885
2024,Simarjeet Singh,Chennai Super Kings,4,42,10.14,17,40.48,10,23.81,0.20070413222512615,0.3287126762284594,0.6015989091030007,0.270024810205328,0.16456076804475628,1.0925658566422736,middle,Simarjeet Singh,2024,2217593.5,49.268085275424625
2024,Simarjeet Singh,Chennai Super Kings,4,42,10.14,17,40.48,10,23.81,0.20070413222512615,0.3287126762284594,0.6015989091030007,0.270024810205328,0.16456076804475628,1.0925658566422736,middle,Simarjeet Singh,2024,2217593.5,49.268085275424625
2024,SN Thakur,Chennai Super Kings,1,90,9.67,18,20.0,15,16.67,0.06296694510867487,0.3137864646017861,0.317899806068817,0.20654886891324564,-0.10251858598042062,0.8254865026170967,middle,SN Thakur,2024,44351870.0,1.861221415505359
2024,Sumit Kumar,Delhi Capitals,0,12,12.5,2,16.67,4,33.33,0.017054549403191115,0.4036613133326059,0.2717709968352315,0.35465939859477114,-0.28674780722968285,0.6412572813678344,middle,Sumit Kumar,2024,11087967.5,5.783361841273745
2024,T Stubbs,Delhi Capitals,3,12,7.5,6,50.0,2,16.67,0.1547917365196424,0.2448718279424649,0.7334746640290472,0.20654886891324564,0.2150227678515567,1.143027856449074,middle,T Stubbs,2024,5543983.75,20.61744600981332
2024,TM Head,Sunrisers Hyderabad,0,10,19.2,2,20.0,6,60.0,0.017054549403191115,0.6164392237553948,0.317899806068817,0.5917607087151964,-0.49055175482192337,0.4374533337755939,middle,TM Head,2024,75398179.0,0.5801908475476496
2024,UT Yadav,Gujarat Titans,1,12,15.0,3,25.0,6,50.0,0.06296694510867487,0.48305605602767643,0.3871622823955221,0.502858830154857,-0.2764175084714436,0.6515875801260738,middle,UT Yadav,2024,64310211.5,1.0131945843873857
2024,Yash Dayal,Royal Challengers Bengaluru,3,48,7.5,16,33.33,5,10.42,0.1547917365196424,0.2448718279424649,0.5025535679558125,0.1509851948130335,0.15685917384962872,1.084864262447146,middle,Yash Dayal,2024,55439837.5,1.9568316058775355
2025,A Nortje,Kolkata Knight Riders,1,18,10.0,7,38.89,5,27.78,0.06352246450243781,0.3088204877656271,0.5898716403275771,0.2921057518750819,-0.03323235173558822,0.894772736861929,middle,A Nortje,2025,68217500.0,1.3116469188433013
2025,A Zampa,Sunrisers Hyderabad,2,36,8.83,8,22.22,6,16.67,0.1089813811437599,0.2700325598278012,0.3690162016368606,0.1832064844237004,0.02150958745971695,0.9495146760572343,middle,A Zampa,2025,25188000.000000004,3.7697104814087425
2025,Abhishek Sharma,Sunrisers Hyderabad,0,36,11.67,8,22.22,11,30.56,0.01806354786111572,0.3641844532837204,0.3690162016368606,0.3193550735235824,-0.21741839504896104,0.7105866935485563,middle,Abhishek Sharma,2025,3148500.0000000005,22.56905490070053
2025,Abhishek Sharma,Sunrisers Hyderabad,0,36,11.67,8,22.22,11,30.56,0.01806354786111572,0.3641844532837204,0.3690162016368606,0.3193550735235824,-0.21741839504896104,0.7105866935485563,middle,Abhishek Sharma,2025,39881000.00000001,1.7817674921605682
2025,AK Markram,Lucknow Super Giants,3,54,8.67,11,20.37,7,12.96,0.15444029778508198,0.2647282278021157,0.34450614995252793,0.1468413825114929,0.09386143291939023,1.0218665215169076,middle,AK Markram,2025,20990000.000000004,4.868349316421665
2025,Akash Deep,Lucknow Super Giants,1,30,13.0,7,23.33,10,33.33,0.06352246450243781,0.40827671324723186,0.38372223264746014,0.34650637602946244,-0.18552227925578324,0.742482809341734,middle,Akash Deep,2025,83960000.00000001,0.8843292155094497
2025,Akash Madhwal,Rajasthan Royals,2,54,11.0,12,22.22,14,25.93,0.1089813811437599,0.34197256292616196,0.3690162016368606,0.2739722104902884,-0.05419556023228923,0.8738095283652281,middle,Akash Madhwal,2025,12594000.000000002,6.9383002093475294
2025,Arshad Khan,Gujarat Titans,0,6,13.0,1,16.67,2,33.33,0.01806354786111572,0.40827671324723186,0.2954860465838626,0.34650637602946244,-0.28018151003684566,0.6478235785606716,middle,Arshad Khan,2025,102326250.00000001,0.6330961787035795
2025,Arshad Khan,Gujarat Titans,0,6,13.0,1,16.67,2,33.33,0.01806354786111572,0.40827671324723186,0.2954860465838626,0.34650637602946244,-0.28018151003684566,0.6478235785606716,middle,Arshad Khan,2025,13643500.000000002,4.748221340276846
2025,Arshdeep Singh,Punjab Kings,2,66,8.36,18,27.27,11,16.67,0.1089813811437599,0.2544510845023498,0.4359220183967957,0.1832064844237004,0.0540465127480586,0.9820516013455759,middle,Arshdeep Singh,2025,188910000.00000003,0.5198515702427483
2025,Arshdeep Singh,Punjab Kings,2,66,8.36,18,27.27,11,16.67,0.1089813811437599,0.2544510845023498,0.4359220183967957,0.1832064844237004,0.0540465127480586,0.9820516013455759,middle,Arshdeep Singh,2025,3148500.0000000005,31.191094214564895
2025,Arshdeep Singh,Punjab Kings,2,66,8.36,18,27.27,11,16.67,0.1089813811437599,0.2544510845023498,0.4359220183967957,0.1832064844237004,0.0540465127480586,0.9820516013455759,middle,Arshdeep Singh,2025,3148500.0000000005,31.191094214564895
2025,AS Roy,Kolkata Knight Riders,0,6,8.0,2,33.33,1,16.67,0.01806354786111572,0.24251633744455725,0.5162089985087178,0.1832064844237004,-0.048696345496097006,0.8793087431014203,middle,AS Roy,2025,4198000.0,20.945896691315394
2025,Ashwani Kumar,Mumbai Indians,6,72,10.92,16,22.22,17,23.61,0.29081704770904826,0.33932039691331917,0.3690162016368606,0.25123176940233116,0.22522776064350897,1.1532328492410262,middle,Ashwani Kumar,2025,3148500.0000000005,36.62800855140625
2025,Azmatullah Omarzai,Punjab Kings,5,72,9.58,17,23.61,13,18.06,0.2453581310677262,0.29489661619820245,0.3874318620915754,0.19683114524795065,0.20898323322090978,1.1369883218184271,middle,Azmatullah Omarzai,2025,25188000.000000004,4.5140079475084445
2025,B Kumar,Royal Challengers Bengaluru,2,30,12.8,8,26.67,9,30.0,0.1089813811437599,0.4016462982151249,0.42797281244512025,0.31386600153683414,-0.09222632343029083,0.8357787651672265,middle,B Kumar,2025,112821250.00000001,0.7407990650406961
2025,DL Chahar,Mumbai Indians,0,12,9.5,3,25.0,2,16.67,0.01806354786111572,0.2922444501853596,0.4058475225462902,0.1832064844237004,-0.12158727847746714,0.8064178101200501,middle,DL Chahar,2025,97078750.00000001,0.8306841714793917
2025,E Malinga,Sunrisers Hyderabad,5,78,9.85,20,25.64,16,20.51,0.2453581310677262,0.3038476764915468,0.41432667556141073,0.2208458351899745,0.20508789103878017,1.1330929796362974,middle,E Malinga,2025,12594000.000000002,8.99708575223358
2025,Fazalhaq Farooqi,Rajasthan Royals,0,18,14.67,3,16.67,8,44.44,0.01806354786111572,0.4636406787653251,0.2954860465838626,0.45540564348084395,-0.34625253594159655,0.5817525526559207,middle,Fazalhaq Farooqi,2025,20990000.000000004,2.7715700460024806
2025,G Coetzee,Gujarat Titans,2,48,9.0,16,33.33,8,16.67,0.1089813811437599,0.2756684126050922,0.5162089985087178,0.1832064844237004,0.06115874429944134,0.9891638328969586,middle,G Coetzee,2025,25188000.000000004,3.9271233638913707
2025,HV Patel,Sunrisers Hyderabad,6,120,9.75,31,25.83,24,20.0,0.29081704770904826,0.30053246897549335,0.41684392411277454,0.2158468589163287,0.2776834018337443,1.2056884904312617,middle,HV Patel,2025,83960000.00000001,1.4360272634960238
2025,I Sharma,Gujarat Titans,1,30,11.8,4,13.33,8,26.67,0.06352246450243781,0.36849422305458995,0.2512354667862025,0.28122562704420584,-0.18038616706299568,0.7476189215345216,middle,I Sharma,2025,7871250.000000001,9.498096509887521
2025,J Overton,Chennai Super Kings,0,6,14.0,2,33.33,2,33.33,0.01806354786111572,0.4414287884077667,0.5162089985087178,0.34650637602946244,-0.24048628458781698,0.6875188040097003,middle,J Overton,2025,15742500.000000002,4.367278412003813
2025,JD Unadkat,Sunrisers Hyderabad,2,42,6.71,12,28.57,4,9.52,0.1089813811437599,0.19975016048746724,0.4531452979587592,0.113122797450039,0.11699097322328597,1.0449960618208032,middle,JD Unadkat,2025,10495000.000000002,9.957084914919514
2025,JR Hazlewood,Royal Challengers Bengaluru,6,61,10.62,19,31.15,16,26.23,0.29081704770904826,0.3293747743651587,0.48732688355096365,0.2769127847689036,0.26354126018295376,1.191546348780471,middle,JR Hazlewood,2025,131187500.00000001,0.908277350189973
2025,K Khejroliya,Gujarat Titans,0,12,10.5,2,16.67,3,25.0,0.01806354786111572,0.3253965253458945,0.2954860465838626,0.26485643022658145,-0.19754737055519953,0.7304577180423177,middle,K Khejroliya,2025,3148500.0000000005,23.20018161163467
2025,K Rabada,Gujarat Titans,0,12,13.5,1,8.33,3,25.0,0.01806354786111572,0.42485275082749924,0.18499208385557372,0.26485643022658145,-0.31026053975897006,0.6177445488385472,middle,K Rabada,2025,112821250.00000001,0.5475427269583941
2025,Karim Janat,Gujarat Titans,0,6,30.0,0,0.0,6,100.0,0.01806354786111572,0.9718619909763253,0.0746306078931461,0.9999999998803721,-0.9280050885975173,0.0,middle,Karim Janat,2025,7871250.000000001,0.0
2025,KH Pandya,Royal Challengers Bengaluru,10,204,8.24,55,26.96,28,13.73,0.47265271427433664,0.2504728354830857,0.43181492865509674,0.1543888564932718,0.607267510322911,1.5352725989204283,middle,KH Pandya,2025,60346250.00000001,2.5441060528540347
2025,KK Ahmed,Chennai Super Kings,0,6,4.0,3,50.0,0,0.0,0.01806354786111572,0.10990803680241763,0.7370644371994343,0.019808573675317832,0.15632650877450616,1.0843315973720236,middle,KK Ahmed,2025,50376000.00000001,2.152476570930648
2025,KT Maphaka,Rajasthan Royals,0,6,11.0,2,33.33,1,16.67,0.01806354786111572,0.34197256292616196,0.5162089985087178,0.1832064844237004,-0.12826132588138076,0.7997437627161366,middle,KT Maphaka,2025,15742500.000000002,5.080157298498564
2025,KV Sharma,Mumbai Indians,6,84,9.14,22,26.19,15,17.86,0.29081704770904826,0.2803097031275671,0.4216134476837799,0.19487076239554055,0.2994876908875445,1.2274927794850619,middle,KV Sharma,2025,5247500.000000001,23.391953872988314
2025,L Ngidi,Royal Challengers Bengaluru,0,18,10.0,1,5.56,4,22.22,0.01806354786111572,0.3088204877656271,0.14829324971200533,0.2376071085780809,-0.22299451522284272,0.7050105733746745,middle,L Ngidi,2025,10495000.000000002,6.7175852632174795
2025,LH Ferguson,Punjab Kings,4,36,9.33,12,33.33,6,16.67,0.1998992144264041,0.2866085974080687,0.5162089985087178,0.1832064844237004,0.18878334638102642,1.1167884349785437,middle,LH Ferguson,2025,20990000.000000004,5.320573773123123
2025,LS Livingstone,Royal Challengers Bengaluru,2,42,8.86,8,19.05,7,16.67,0.1089813811437599,0.27102712208261726,0.32701789685884186,0.1832064844237004,0.0081144462224585,0.9361195348199758,middle,LS Livingstone,2025,91831250.00000001,1.019391040435555
2025,M Jansen,Punjab Kings,5,116,8.84,40,34.48,21,18.1,0.2453581310677262,0.2703640805794066,0.5314449765827625,0.1972232218184327,0.2717347807492062,1.1997398693467236,middle,M Jansen,2025,73465000.0,1.6330767975862295
2025,M Prasidh Krishna,Gujarat Titans,10,150,6.56,64,42.67,19,12.67,0.47265271427433664,0.194777349213387,0.6399516378231325,0.1439988273754982,0.7163429179126355,1.6443480065101528,middle,M Prasidh Krishna,2025,99702500.00000001,1.6492545387629725
2025,M Shahrukh Khan,Gujarat Titans,1,6,13.0,1,16.67,2,33.33,0.06352246450243781,0.40827671324723186,0.2954860465838626,0.34650637602946244,-0.21199313507486248,0.7160119535226548,middle,M Shahrukh Khan,2025,3148500.0000000005,22.741367429653952
2025,M Siddharth,Lucknow Super Giants,1,24,8.75,5,20.83,4,16.67,0.06352246450243781,0.2673803938149585,0.35060054118214573,0.1832064844237004,-0.050081752828406455,0.8779233357691109,middle,M Siddharth,2025,7871250.000000001,11.15354404661408
2025,M Theekshana,Rajasthan Royals,7,120,9.7,30,25.0,23,19.17,0.3362759643503704,0.2988748652174666,0.4058475225462902,0.20771127007882675,0.345526057099704,1.2735311456972214,middle,M Theekshana,2025,46178000.00000001,2.757874194848675
2025,M Tiwari,Delhi Capitals,0,6,14.0,0,0.0,2,33.33,0.01806354786111572,0.4414287884077667,0.0746306078931461,0.34650637602946244,-0.37295980177248844,0.5550452868250288,middle,M Tiwari,2025,4198000.0,13.221660000596207
2025,MA Starc,Delhi Capitals,2,36,8.33,10,27.78,7,19.44,0.1089813811437599,0.2534565222475338,0.44267884345571984,0.21035778692958043,0.05143894956841269,0.97944403816593,middle,MA Starc,2025,3148500.0000000005,31.10827499335969
2025,MJ Santner,Mumbai Indians,6,162,6.81,56,34.57,19,11.73,0.29081704770904826,0.20306536800352074,0.5326373574755138,0.13478502796917072,0.40660747880957576,1.334612567407093,middle,MJ Santner,2025,20990000.000000004,6.358325714183386
2025,MM Ali,Kolkata Knight Riders,2,30,10.8,7,23.33,6,20.0,0.1089813811437599,0.33534214789405503,0.38372223264746014,0.2158468589163287,-0.0328543485886319,0.8951507400088854,middle,MM Ali,2025,20990000.000000004,4.264653358784589
2025,MM Sharma,Delhi Capitals,2,78,8.92,15,19.23,12,15.38,0.1089813811437599,0.2730162465922494,0.32940265864434454,0.1705620150256552,0.009767469030012653,0.93777255762753,middle,MM Sharma,2025,23089000.000000004,4.061555535655636
2025,Mohammed Shami,Sunrisers Hyderabad,1,42,12.0,8,19.05,14,33.33,0.06352246450243781,0.37512463808669694,0.32701789685884186,0.34650637602946244,-0.17601191986394077,0.7519931687335766,middle,Mohammed Shami,2025,104950000.00000001,0.7165251726856374
2025,MP Stoinis,Punjab Kings,0,60,11.4,15,25.0,15,25.0,0.01806354786111572,0.355233392990376,0.4058475225462902,0.26485643022658145,-0.18830842188205646,0.7396966667154609,middle,MP Stoinis,2025,115445000.00000001,0.6407351264372305
2025,Mukesh Choudhary,Chennai Super Kings,0,6,8.0,2,33.33,1,16.67,0.01806354786111572,0.24251633744455725,0.5162089985087178,0.1832064844237004,-0.048696345496097006,0.8793087431014203,middle,Mukesh Choudhary,2025,3148500.0000000005,27.927862255087188
2025,Mukesh Kumar,Delhi Capitals,5,48,7.5,19,39.58,7,14.58,0.2453581310677262,0.22594029986428982,0.5990132271720039,0.16272048361601477,0.33444482813855564,1.262449916736073,middle,Mukesh Kumar,2025,83960000.00000001,1.503632583058686
2025,N Rana,Rajasthan Royals,0,12,9.0,0,0.0,2,16.67,0.01806354786111572,0.2756684126050922,0.0746306078931461,0.1832064844237004,-0.20769152280919645,0.7203135657883208,middle,N Rana,2025,44079000.00000001,1.634142257737972
2025,Naman Dhir,Mumbai Indians,0,18,6.33,3,16.67,1,5.56,0.01806354786111572,0.18715237192646397,0.2954860465838626,0.07430721697231886,-0.04884220516880258,0.8791628834287147,middle,Naman Dhir,2025,55098750.00000001,1.5956131190430176
2025,NT Ellis,Chennai Super Kings,0,6,8.0,1,16.67,0,0.0,0.01806354786111572,0.24251633744455725,0.2954860465838626,0.019808573675317832,-0.08223364892387704,0.8457714396736402,middle,NT Ellis,2025,20990000.000000004,4.029401808831063
2025,P Dubey,Punjab Kings,1,12,10.5,3,25.0,4,33.33,0.06352246450243781,0.3253965253458945,0.4058475225462902,0.34650637602946244,-0.11258054196506433,0.815424546632453,middle,P Dubey,2025,3148500.0000000005,25.89882631832469
2025,Prince Yadav,Lucknow Super Giants,3,90,9.6,23,25.56,17,18.89,0.15444029778508198,0.2955596577014131,0.4132667814345206,0.2049667340854526,0.07819940812975812,1.0062044967272754,middle,Prince Yadav,2025,3148500.0000000005,31.958218095196926
2025,PVD Chameera,Delhi Capitals,1,30,9.8,4,13.33,5,16.67,0.06352246450243781,0.3021900727335201,0.2512354667862025,0.1832064844237004,-0.10773901828203872,0.8202660703154786,middle,PVD Chameera,2025,7871250.000000001,10.421039483125025
2025,PVSN Raju,Mumbai Indians,0,6,12.0,0,0.0,2,33.33,0.01806354786111572,0.37512463808669694,0.0746306078931461,0.34650637602946244,-0.3199164815156327,0.6080886070818846,middle,PVSN Raju,2025,3148500.0000000005,19.313597175857854
2025,PWH de Silva,Rajasthan Royals,9,222,9.41,53,23.87,40,18.02,0.42719379763301457,0.2892607634209115,0.3908765180039681,0.19643906867746863,0.4873572273784893,1.4153623159760067,middle,PWH de Silva,2025,55098750.00000001,2.5687739122502897
2025,R Ashwin,Chennai Super Kings,6,102,7.35,30,29.41,11,10.78,0.29081704770904826,0.22096748859020957,0.46427418629110484,0.1254732094202227,0.37363919469469165,1.3016442832922088,middle,R Ashwin,2025,102326250.00000001,1.2720531469610277
2025,R Sai Kishore,Gujarat Titans,16,210,9.17,62,29.52,38,18.1,0.7454062141222692,0.2813042653823831,0.46573154071557865,0.1972232218184327,0.9933407267284843,1.9213458153260015,middle,R Sai Kishore,2025,20990000.000000004,9.153624656150553
2025,R Shepherd,Royal Challengers Bengaluru,4,66,10.64,20,30.3,16,24.24,0.1998992144264041,0.33003781586836944,0.47606550845275675,0.257406975387423,0.127156826403253,1.0551619150007703,middle,R Shepherd,2025,15742500.000000002,6.702632459906433
2025,Rasikh Salam,Royal Challengers Bengaluru,1,24,11.25,8,33.33,7,29.17,0.06352246450243781,0.3502605817162957,0.5162089985087178,0.3057304126993322,-0.09120815160663095,0.8367969369908863,middle,Rasikh Salam,2025,62970000.00000001,1.328881907242951
2025,RD Chahar,Sunrisers Hyderabad,0,6,9.0,2,33.33,1,16.67,0.01806354786111572,0.2756684126050922,0.5162089985087178,0.1832064844237004,-0.07521800562452494,0.8527870829729923,middle,RD Chahar,2025,33584000.0,2.53926596883335
2025,RJW Topley,Mumbai Indians,0,6,19.0,2,33.33,3,50.0,0.01806354786111572,0.6071891642104413,0.5162089985087178,0.5099042867778449,-0.4057741673796332,0.5222309212178842,middle,RJW Topley,2025,7871250.000000001,6.634663124889746
2025,Sandeep Sharma,Rajasthan Royals,0,48,9.38,5,10.42,8,16.67,0.01806354786111572,0.28826620116609547,0.21268181792057655,0.1832064844237004,-0.1763543906497699,0.7516506979477474,middle,Sandeep Sharma,2025,27287000.000000004,2.754610979395856
2025,SH Johnson,Kolkata Knight Riders,0,6,16.0,1,16.67,3,50.0,0.01806354786111572,0.5077329387288365,0.2954860465838626,0.5099042867778449,-0.39242607257180584,0.5355790160257115,middle,SH Johnson,2025,29386000.000000004,1.8225652216215593
2025,Shahbaz Ahmed,Lucknow Super Giants,0,30,13.8,4,13.33,10,33.33,0.01806354786111572,0.4347983733756597,0.2512354667862025,0.34650637602946244,-0.3146740120788859,0.6133310765186314,middle,Shahbaz Ahmed,2025,25188000.000000004,2.4350130082524664
2025,Simarjeet Singh,Sunrisers Hyderabad,0,24,13.25,9,37.5,8,33.33,0.01806354786111572,0.41656473203736555,0.5714559798728623,0.34650637602946244,-0.20402094508225266,0.7239841435152646,middle,Simarjeet Singh,2025,5247500.000000001,13.796744040309948
2025,Simarjeet Singh,Sunrisers Hyderabad,0,24,13.25,9,37.5,8,33.33,0.01806354786111572,0.41656473203736555,0.5714559798728623,0.34650637602946244,-0.20402094508225266,0.7239841435152646,middle,Simarjeet Singh,2025,15742500.000000002,4.5989146801033165
2025,SM Curran,Chennai Super Kings,1,48,10.88,7,14.58,12,25.0,0.06352246450243781,0.3379943139068978,0.2677963125188597,0.26485643022658145,-0.14774414666151994,0.7802609419359974,middle,SM Curran,2025,25188000.000000004,3.0977486975384996
2025,Suryansh Shedge,Punjab Kings,0,18,13.33,1,5.56,5,27.78,0.01806354786111572,0.41921689805020834,0.14829324971200533,0.2921057518750819,-0.3222113721099079,0.6057937164876094,middle,Suryansh Shedge,2025,3148500.0000000005,19.240708797446697
2025,TU Deshpande,Rajasthan Royals,1,78,9.85,24,30.77,14,17.95,0.06352246450243781,0.3038476764915468,0.4822923864482359,0.19575293467912508,-0.04225731544093497,0.8857477731565824,middle,TU Deshpande,2025,68217500.0,1.2984172289465055
2025,V Nigam,Delhi Capitals,3,120,8.4,32,26.67,17,14.17,0.15444029778508198,0.2557771675087712,0.42797281244512025,0.15870169876857404,0.12369021665042723,1.0516953052479445,middle,V Nigam,2025,5247500.000000001,20.041835259608277
2025,V Puthur,Mumbai Indians,5,54,8.67,18,33.33,9,16.67,0.2453581310677262,0.2647282278021157,0.5162089985087178,0.1832064844237004,0.27447601702777197,1.2024811056252893,middle,V Puthur,2025,3148500.0000000005,38.1921901103792
2025,VG Arora,Kolkata Knight Riders,5,51,11.76,12,23.53,15,29.41,0.2453581310677262,0.3671681400481685,0.38637196796468537,0.30808287212222435,0.12859770052801522,1.0566027891255325,middle,VG Arora,2025,18891000.0,5.593154354589659
2025,Vijaykumar Vyshak,Punjab Kings,2,54,10.56,14,25.93,10,18.52,0.1089813811437599,0.32738564985552665,0.41816879177138716,0.2013400258084939,-0.013253815799064116,0.9147512727984531,middle,Vijaykumar Vyshak,2025,18891000.0,4.842259662264852
2025,Washington Sundar,Gujarat Titans,1,47,10.47,10,21.28,10,21.28,0.06352246450243781,0.3244019630910785,0.3565624456459024,0.22839330917175343,-0.10294780185978603,0.8250572867377313,middle,Washington Sundar,2025,33584000.0,2.4566974950504146
2025,WG Jacks,Mumbai Indians,3,54,7.67,23,42.59,7,12.96,0.15444029778508198,0.23157615264158077,0.6388917436962425,0.1468413825114929,0.2086987711709325,1.1367038597684498,middle,WG Jacks,2025,55098750.00000001,2.063030213513827
2025,XC Bartlett,Punjab Kings,0,12,12.0,3,25.0,4,33.33,0.01806354786111572,0.37512463808669694,0.4058475225462902,0.34650637602946244,-0.22055140711968943,0.7074536814778278,middle,XC Bartlett,2025,8396000.0,8.426080055714957
2025,Yash Thakur,Punjab Kings,0,12,11.5,1,8.33,3,25.0,0.01806354786111572,0.35854860050642945,0.18499208385557372,0.26485643022658145,-0.2572172195021142,0.6707878690954031,middle,Yash Thakur,2025,16792000.0,3.9946871670760067
2025,YS Chahal,Punjab Kings,8,204,9.76,58,28.43,40,19.61,0.38173488099169245,0.3008639897270987,0.4512904832367016,0.212024112354129,0.42489345220604435,1.3528985408035616,middle,YS Chahal,2025,188910000.00000003,0.716160362502547
2025,Zeeshan Ansari,Sunrisers Hyderabad,5,166,9.94,37,22.29,35,21.08,0.2453581310677262,0.30683136325599497,0.36994360899788936,0.22643292631934325,0.18826860343229146,1.1162736920298086,middle,Zeeshan Ansari,2025,4198000.0,26.590607242253657
