season,player,team,wickets,balls,economy,dot_balls,dot_pct,boundaries_conceded,boundary_pct_conceded,wickets_z,economy_z,dot_pct_z,boundary_pct_conceded_z,impact_score,impact_score_pos,phase,name,year,adj_price,ROI
2013,A Chandila,Punjab Kings,0,18,7.67,6,33.33,2,11.11,0.0343977699328372,0.32267680567727697,0.3681765650163661,0.2044548107923352,-0.04017974059293991,0.5716631639195587,powerplay,,,,
2013,A Chandila,Rajasthan Royals,3,54,6.67,24,44.44,8,14.81,0.2699680649980968,0.2893603672019713,0.4573272373604973,0.24521245686712306,0.34842759373088406,0.9602704982433827,powerplay,,,,
2013,A Mishra,Sunrisers Hyderabad,0,12,10.5,5,41.67,4,33.33,0.0343977699328372,0.4169623265623921,0.43509975199656903,0.4492209988414665,-0.11619878255126287,0.4956441219612358,powerplay,,,,
2013,A Mithun,Royal Challengers Bengaluru,0,12,8.0,6,50.0,3,25.0,0.0343977699328372,0.3336712303741279,0.5019426953472993,0.3574612172730928,-0.03614839513823691,0.5756945093742618,powerplay,,,,
2013,A Nehra,Delhi Capitals,2,90,7.6,40,44.44,18,20.0,0.19144463330967693,0.32034465498400555,0.4573272373604973,0.30238331717202815,0.2037161302462562,0.8155590347587549,powerplay,,,,
2013,A Nehra,Punjab Kings,0,12,13.5,5,41.67,5,41.67,0.0343977699328372,0.5169116419883092,0.43509975199656903,0.5410909362100423,-0.1845474277379366,0.4272954767745621,powerplay,,,,
2013,A Nehra,Royal Challengers Bengaluru,1,12,10.5,6,50.0,4,33.33,0.11292120162125706,0.4169623265623921,0.5019426953472993,0.4492209988414665,0.021639247986586008,0.6334821524990847,powerplay,,,,
2013,AA Chavan,Rajasthan Royals,0,36,7.17,20,55.56,6,16.67,0.0343977699328372,0.30601858643962415,0.5465581533341013,0.26570143570471916,0.009414520538730278,0.6212574250512289,powerplay,,,,
2013,AB Agarkar,Delhi Capitals,0,12,12.0,3,25.0,4,33.33,0.0343977699328372,0.46693698427535063,0.3013336216656359,0.4492209988414665,-0.18131595050702204,0.43052695400547664,powerplay,,,,
2013,AB Dinda,Delhi Capitals,1,6,4.0,5,83.33,1,16.67,0.11292120162125706,0.2004054764729051,0.7693947123796929,0.26570143570471916,0.24685719076839707,0.8587000952808957,powerplay,,,,
2013,AB Dinda,Lucknow Super Giants,2,84,8.36,38,45.24,21,25.0,0.19144463330967693,0.3456651482252379,0.46374672771831055,0.3574612172730928,0.181966150712771,0.7938090552252697,powerplay,,,,
2013,AB Dinda,Punjab Kings,0,6,8.0,3,50.0,1,16.67,0.0343977699328372,0.3336712303741279,0.5019426953472993,0.26570143570471916,-0.01779643882456218,0.5940464656879365,powerplay,,,,
2013,AB Dinda,Royal Challengers Bengaluru,0,6,5.0,4,66.67,1,16.67,0.0343977699328372,0.2337219149482108,0.6357088256782324,0.26570143570471916,0.0723080579876763,0.6841509625001749,powerplay,,,,
2013,AB McDonald,Royal Challengers Bengaluru,1,6,6.0,3,50.0,1,16.67,0.11292120162125706,0.26703835342351645,0.5019426953472993,0.26570143570471916,0.13330514718337333,0.745148051695872,powerplay,,,,
2013,AD Mascarenhas,Punjab Kings,0,12,6.5,3,25.0,1,8.33,0.0343977699328372,0.2836965726611693,0.3013336216656359,0.1738314983361433,-0.03461784459886676,0.5772250599136319,powerplay,,,,
2013,AD Mathews,Lucknow Super Giants,1,54,6.22,19,35.19,6,11.11,0.11292120162125706,0.2743679698880837,0.38310188009828183,0.2044548107923352,0.10623741935886122,0.7180803238713599,powerplay,,,,
2013,AD Russell,Delhi Capitals,0,6,9.0,1,16.67,1,16.67,0.0343977699328372,0.36698766884943357,0.23449067831490564,0.26570143570471916,-0.11469026317193314,0.4971526413405655,powerplay,,,,
2013,AG Murtaza,Lucknow Super Giants,1,6,3.0,4,66.67,0,0.0,0.11292120162125706,0.1670890379975994,0.6357088256782324,0.0820717167677696,0.26013558778300166,0.8719784922955003,powerplay,,,,
2013,AG Murtaza,Royal Challengers Bengaluru,0,6,18.0,1,16.67,3,50.0,0.0343977699328372,0.6668356151271848,0.23449067831490564,0.6328507177784161,-0.33804409272554814,0.27379881178695054,powerplay,,,,
2013,AM Nayar,Lucknow Super Giants,1,6,7.0,3,50.0,1,16.67,0.11292120162125706,0.3003547918988222,0.5019426953472993,0.26570143570471916,0.11664692794572044,0.7284898324582191,powerplay,AM Nayar,2013.0,83114359.61769001,0.14034509618106156
2013,AN Ahmed,Lucknow Super Giants,0,18,7.33,8,44.44,3,16.67,0.0343977699328372,0.31134921659567305,0.4573272373604973,0.26570143570471916,-0.020020069331375387,0.5918228351811233,powerplay,,,,
2013,AN Ahmed,Mumbai Indians,0,6,10.0,4,66.67,2,33.33,0.0343977699328372,0.4003041073247392,0.6357088256782324,0.4492209988414665,-0.04768695082793739,0.5641559536845613,powerplay,,,,
2013,Anand Rajan,Delhi Capitals,0,6,1.0,5,83.33,0,0.0,0.0343977699328372,0.10045616104698801,0.7693947123796929,0.0820717167677696,0.21577264473611574,0.8276155492486144,powerplay,,,,
2013,Anand Rajan,Sunrisers Hyderabad,0,18,4.67,11,61.11,1,5.56,0.0343977699328372,0.22272749025135988,0.5910933676914305,0.14331834168015348,0.08889725174497431,0.700740156257473,powerplay,,,,
2013,Ankit Sharma,Sunrisers Hyderabad,0,6,10.0,3,50.0,1,16.67,0.0343977699328372,0.4003041073247392,0.5019426953472993,0.26570143570471916,-0.05111287729986784,0.5607300272126309,powerplay,,,,
2013,AS Rajpoot,Chennai Super Kings,1,18,8.67,7,38.89,4,22.22,0.11292120162125706,0.35599324415258266,0.4127920230031681,0.32683790481690084,0.04985520629316449,0.6616981108056632,powerplay,,,,
2013,AS Rajpoot,Punjab Kings,0,6,11.0,1,16.67,2,33.33,0.0343977699328372,0.4336205458000449,0.23449067831490564,0.4492209988414665,-0.18471061427458826,0.42713229023791044,powerplay,,,,
2013,Azhar Mahmood,Lucknow Super Giants,1,12,3.0,6,50.0,0,0.0,0.11292120162125706,0.1670890379975994,0.5019426953472993,0.0820717167677696,0.22000574868372175,0.8318486531962204,powerplay,,,,
2013,Azhar Mahmood,Punjab Kings,3,90,7.27,41,45.56,14,15.56,0.2699680649980968,0.3093502302871547,0.4663145238614359,0.2534741418822828,0.339476511135542,0.9513194156480407,powerplay,,,,
2013,Azhar Mahmood,Royal Challengers Bengaluru,0,6,3.0,3,50.0,0,0.0,0.0343977699328372,0.1670890379975994,0.5019426953472993,0.0820717167677696,0.10222060115109198,0.7140635056635907,powerplay,,,,
2013,B Kumar,Delhi Capitals,0,12,11.0,8,66.67,3,25.0,0.0343977699328372,0.4336205458000449,0.6357088256782324,0.3574612172730928,-0.04599321375191549,0.5658496907605832,powerplay,,,,
2013,B Kumar,Lucknow Super Giants,5,120,4.85,74,61.67,13,10.83,0.42701492837493654,0.2287244491769149,0.5955870109418997,0.20137044838667562,0.6645621815791821,1.276405086091681,powerplay,,,,
2013,B Kumar,Punjab Kings,0,6,11.0,1,16.67,1,16.67,0.0343977699328372,0.4336205458000449,0.23449067831490564,0.26570143570471916,-0.14800670164723878,0.4638362028652599,powerplay,,,,
2013,B Kumar,Royal Challengers Bengaluru,0,12,2.5,11,91.67,1,8.33,0.0343977699328372,0.15043081875994654,0.8363178993598958,0.1738314983361433,0.19251031566002258,0.8043532201725212,powerplay,,,,
2013,B Lee,Delhi Capitals,0,12,5.5,5,41.67,1,8.33,0.0343977699328372,0.25038013418586363,0.43509975199656903,0.1738314983361433,0.02217021373806602,0.6340131182505647,powerplay,,,,
2013,B Lee,Kolkata Knight Riders,1,18,7.33,8,44.44,3,16.67,0.11292120162125706,0.31134921659567305,0.4573272373604973,0.26570143570471916,0.0977650782012544,0.709607982713753,powerplay,,,,
2013,BA Bhatt,Punjab Kings,0,6,9.0,3,50.0,2,33.33,0.0343977699328372,0.36698766884943357,0.5019426953472993,0.4492209988414665,-0.0711585706895645,0.5406843338229341,powerplay,,,,
2013,BAW Mendis,Lucknow Super Giants,1,24,1.75,17,70.83,0,0.0,0.11292120162125706,0.1254434899034673,0.6690901755388611,0.0820717167677696,0.29097276678825634,0.902815671300755,powerplay,,,,
2013,BAW Mendis,Punjab Kings,1,12,10.0,4,33.33,3,25.0,0.11292120162125706,0.4003041073247392,0.3681765650163661,0.3574612172730928,0.008190474819807239,0.620033379332306,powerplay,,,,
2013,Bipul Sharma,Punjab Kings,1,12,5.5,6,50.0,1,8.33,0.11292120162125706,0.25038013418586363,0.5019426953472993,0.1738314983361433,0.1600082442759149,0.7718511487884135,powerplay,,,,
2013,BMAJ Mendis,Delhi Capitals,1,6,2.0,4,66.67,0,0.0,0.11292120162125706,0.1337725995222937,0.6357088256782324,0.0820717167677696,0.27679380702065454,0.8886367115331533,powerplay,,,,
2013,CH Morris,Chennai Super Kings,3,60,8.9,26,43.33,13,21.67,0.2699680649980968,0.36365602500190297,0.4484201944890314,0.32077933580578377,0.2934942761817464,0.9053371806942451,powerplay,CH Morris,2013.0,76957740.38675001,0.38137070385226374
2013,CH Morris,Delhi Capitals,1,12,6.5,8,66.67,2,16.67,0.11292120162125706,0.2836965726611693,0.6357088256782324,0.26570143570471916,0.1651058766638268,0.7769487811763255,powerplay,CH Morris,2013.0,76957740.38675001,0.21454096213595877
2013,CH Morris,Lucknow Super Giants,0,12,7.0,6,50.0,2,16.67,0.0343977699328372,0.3003547918988222,0.5019426953472993,0.26570143570471916,-0.0011382195869093364,0.6107046849255894,powerplay,CH Morris,2013.0,76957740.38675001,-0.0014790189800132259
2013,CH Morris,Punjab Kings,0,12,8.0,6,50.0,3,25.0,0.0343977699328372,0.3336712303741279,0.5019426953472993,0.3574612172730928,-0.03614839513823691,0.5756945093742618,powerplay,CH Morris,2013.0,76957740.38675001,-0.046971747034896906
2013,CH Morris,Royal Challengers Bengaluru,0,12,12.0,3,25.0,3,25.0,0.0343977699328372,0.46693698427535063,0.3013336216656359,0.3574612172730928,-0.1629639941933473,0.4488789103191514,powerplay,CH Morris,2013.0,76957740.38675001,-0.21175776910077415
2013,DJ Bravo,Chennai Super Kings,1,6,8.0,3,50.0,1,16.67,0.11292120162125706,0.3336712303741279,0.5019426953472993,0.26570143570471916,0.0999887087080676,0.7118316132205663,powerplay,,,,
2013,DJ Bravo,Royal Challengers Bengaluru,1,6,10.0,2,33.33,2,33.33,0.11292120162125706,0.4003041073247392,0.3681765650163661,0.4492209988414665,-0.010161481493867502,0.6016814230186311,powerplay,,,,
2013,DJ Hussey,Punjab Kings,0,18,8.67,5,27.78,4,22.22,0.0343977699328372,0.35599324415258266,0.3236413506590369,0.32683790481690084,-0.09467514294270464,0.517167761569794,powerplay,,,,
2013,DJG Sammy,Sunrisers Hyderabad,0,24,9.75,8,33.33,5,20.83,0.0343977699328372,0.3919749977059128,0.3681765650163661,0.3115262485888049,-0.09624312416655177,0.5155997803459469,powerplay,DJG Sammy,2013.0,52331263.46299,-0.18391133291596784
2013,DP Nannes,Chennai Super Kings,0,36,5.67,15,41.67,3,8.33,0.0343977699328372,0.2560439287266656,0.43509975199656903,0.1738314983361433,0.01933831646766504,0.6311812209801637,powerplay,DP Nannes,2013.0,73879430.77128,0.02617550821084919
2013,DP Nannes,Punjab Kings,2,12,5.5,6,50.0,1,8.33,0.19144463330967693,0.25038013418586363,0.5019426953472993,0.1738314983361433,0.27779339180854473,0.8896362963210434,powerplay,DP Nannes,2013.0,73879430.77128,0.376009112290744
2013,DS Kulkarni,Mumbai Indians,3,48,7.25,27,56.25,9,18.75,0.2699680649980968,0.3086839015176486,0.552094963767715,0.288613842146762,0.358515867439283,0.9703587719517817,powerplay,,,,
2013,DT Christian,Royal Challengers Bengaluru,0,24,6.75,11,45.83,3,12.5,0.0343977699328372,0.29202568227999576,0.46848110185719777,0.21976646702043123,0.0021748509123309875,0.6140177554248296,powerplay,DT Christian,2013.0,12313238.46188,0.017662704406026165
2013,DW Steyn,Delhi Capitals,0,6,4.0,2,33.33,0,0.0,0.0343977699328372,0.2004054764729051,0.3681765650163661,0.0820717167677696,0.04543254281415915,0.6572754473266578,powerplay,,,,
2013,DW Steyn,Lucknow Super Giants,0,12,11.0,5,41.67,4,33.33,0.0343977699328372,0.4336205458000449,0.43509975199656903,0.4492209988414665,-0.12452789217008925,0.4873150123424094,powerplay,,,,
2013,DW Steyn,Punjab Kings,0,6,10.0,2,33.33,2,33.33,0.0343977699328372,0.4003041073247392,0.3681765650163661,0.4492209988414665,-0.12794662902649728,0.4838962754860014,powerplay,,,,
2013,DW Steyn,Royal Challengers Bengaluru,0,12,3.0,9,75.0,1,8.33,0.0343977699328372,0.1670890379975994,0.7025517690289627,0.1738314983361433,0.14405136694191623,0.7558942714544149,powerplay,,,,
2013,DW Steyn,Sunrisers Hyderabad,1,96,5.25,57,59.38,9,9.38,0.11292120162125706,0.24205102456703723,0.5772112197926594,0.18539785735736689,0.1844400846146914,0.7962829891271901,powerplay,,,,
2013,GB Hogg,Rajasthan Royals,0,6,7.0,2,33.33,0,0.0,0.0343977699328372,0.3003547918988222,0.3681765650163661,0.0820717167677696,-0.004542114898799396,0.6073007896136993,powerplay,,,,
2013,GH Vihari,Punjab Kings,0,6,4.0,3,50.0,0,0.0,0.0343977699328372,0.2004054764729051,0.5019426953472993,0.0820717167677696,0.08556238191343912,0.6974052864259378,powerplay,,,,
2013,GH Vihari,Sunrisers Hyderabad,1,12,10.0,3,25.0,3,25.0,0.11292120162125706,0.4003041073247392,0.3013336216656359,0.3574612172730928,-0.011862408185411816,0.5999804963270868,powerplay,,,,
2013,Harbhajan Singh,Delhi Capitals,0,6,10.0,0,0.0,1,16.67,0.0343977699328372,0.4003041073247392,0.10072454798397246,0.26570143570471916,-0.17147832150886588,0.4403645830036328,powerplay,,,,
2013,Harbhajan Singh,Mumbai Indians,5,96,4.69,54,56.25,8,8.33,0.42701492837493654,0.22339381902086602,0.552094963767715,0.1738314983361433,0.6596876725150577,1.2715305770275562,powerplay,,,,
2013,Harbhajan Singh,Punjab Kings,0,6,8.0,1,16.67,1,16.67,0.0343977699328372,0.3336712303741279,0.23449067831490564,0.26570143570471916,-0.09803204393428029,0.5138108605782183,powerplay,,,,
2013,Harmeet Singh,Delhi Capitals,1,12,7.5,6,50.0,2,16.67,0.11292120162125706,0.317013011136475,0.5019426953472993,0.26570143570471916,0.10831781832689404,0.7201607228393927,powerplay,,,,
2013,Harmeet Singh,Lucknow Super Giants,0,6,17.0,0,0.0,3,50.0,0.0343977699328372,0.6335191766518791,0.10072454798397246,0.6328507177784161,-0.3615157125871752,0.2503271919253235,powerplay,,,,
2013,Harmeet Singh,Punjab Kings,1,12,6.0,6,50.0,2,16.67,0.11292120162125706,0.26703835342351645,0.5019426953472993,0.26570143570471916,0.13330514718337333,0.745148051695872,powerplay,,,,
2013,I Sharma,Delhi Capitals,2,18,6.0,10,55.56,2,11.11,0.19144463330967693,0.26703835342351645,0.5465581533341013,0.2044548107923352,0.27672425709452053,0.8885671616070192,powerplay,,,,
2013,I Sharma,Lucknow Super Giants,0,12,5.5,7,58.33,2,16.67,0.0343977699328372,0.25038013418586363,0.5687856386980294,0.26570143570471916,0.043901992274788984,0.6557448967872876,powerplay,,,,
2013,I Sharma,Punjab Kings,0,18,7.33,10,55.56,4,22.22,0.0343977699328372,0.31134921659567305,0.5465581533341013,0.32683790481690084,-0.005478088361730513,0.6063648161507682,powerplay,,,,
2013,I Sharma,Royal Challengers Bengaluru,1,18,7.33,11,61.11,4,22.22,0.11292120162125706,0.31134921659567305,0.5910933676914305,0.32683790481690084,0.125667623478098,0.7375105279905967,powerplay,,,,
2013,I Sharma,Sunrisers Hyderabad,7,174,7.0,91,52.3,28,16.09,0.5840617917517762,0.3003547918988222,0.5203987301260123,0.25931239929299565,0.8301724308574577,1.4420153353699563,powerplay,,,,
2013,IC Pandey,Lucknow Super Giants,1,12,8.5,5,41.67,3,25.0,0.11292120162125706,0.3503294496117807,0.43509975199656903,0.3574612172730928,0.05325475977034737,0.665097664282846,powerplay,,,,
2013,IC Pandey,Royal Challengers Bengaluru,0,6,21.0,2,33.33,4,66.67,0.0343977699328372,0.7667849305531018,0.3681765650163661,0.8164804367153656,-0.3846389282154584,0.22720397629704026,powerplay,,,,
2013,IK Pathan,Delhi Capitals,1,84,8.07,39,46.43,20,23.81,0.11292120162125706,0.3360033810673993,0.4732957196255578,0.3443526770490394,0.07449829237604537,0.686341196888544,powerplay,,,,
2013,IK Pathan,Lucknow Super Giants,0,6,8.0,3,50.0,1,16.67,0.0343977699328372,0.3336712303741279,0.5019426953472993,0.26570143570471916,-0.01779643882456218,0.5940464656879365,powerplay,,,,
2013,IK Pathan,Royal Challengers Bengaluru,0,6,5.0,4,66.67,1,16.67,0.0343977699328372,0.2337219149482108,0.6357088256782324,0.26570143570471916,0.0723080579876763,0.6841509625001749,powerplay,,,,
2013,Iqbal Abdulla,Kolkata Knight Riders,1,30,6.4,13,43.33,3,10.0,0.11292120162125706,0.2803649288136388,0.4484201944890314,0.1922275169698989,0.12527989297779582,0.7371227974902945,powerplay,,,,
2013,J Botha,Delhi Capitals,1,24,7.5,11,45.83,4,16.67,0.11292120162125706,0.317013011136475,0.46848110185719777,0.26570143570471916,0.09827934027986356,0.7101222447923622,powerplay,J Botha,2013.0,55409573.07846001,0.1773688819812777
2013,J Syed Mohammad,Royal Challengers Bengaluru,0,6,7.0,0,0.0,0,0.0,0.0343977699328372,0.3003547918988222,0.10072454798397246,0.0820717167677696,-0.08477772000851748,0.5270651845039812,powerplay,,,,
2013,JA Morkel,Chennai Super Kings,3,66,6.73,27,40.91,10,15.15,0.2699680649980968,0.29135935351048964,0.4290012361566464,0.24895775407399548,0.3381812407740952,0.9500241452865938,powerplay,,,,
2013,JA Morkel,Delhi Capitals,0,6,3.0,3,50.0,0,0.0,0.0343977699328372,0.1670890379975994,0.5019426953472993,0.0820717167677696,0.10222060115109198,0.7140635056635907,powerplay,,,,
2013,JA Morkel,Lucknow Super Giants,0,6,12.0,2,33.33,2,33.33,0.0343977699328372,0.46693698427535063,0.3681765650163661,0.4492209988414665,-0.161263067501803,0.4505798370106957,powerplay,,,,
2013,JD Unadkat,Delhi Capitals,2,12,3.5,9,75.0,1,8.33,0.19144463330967693,0.18374725723525226,0.7025517690289627,0.1738314983361433,0.3712925523883494,0.9831354569008481,powerplay,JD Unadkat,2013.0,64644501.92487001,0.5743606050517127
2013,JD Unadkat,Royal Challengers Bengaluru,3,78,6.69,32,41.03,12,15.38,0.2699680649980968,0.29002669597147746,0.4299641597103184,0.25149133747864444,0.33862972992877305,0.9504726344412717,powerplay,JD Unadkat,2013.0,64644501.92487001,0.5238337675218371
2013,JDP Oram,Royal Challengers Bengaluru,0,6,3.0,4,66.67,0,0.0,0.0343977699328372,0.1670890379975994,0.6357088256782324,0.0820717167677696,0.1423504402503719,0.7541933447628706,powerplay,JDP Oram,2013.0,6156619.23094,2.3121527401758395
2013,JH Kallis,Delhi Capitals,1,6,8.0,4,66.67,2,33.33,0.11292120162125706,0.3336712303741279,0.6357088256782324,0.4492209988414665,0.10341463517999805,0.7152575396924967,powerplay,,,,
2013,JH Kallis,Kolkata Knight Riders,1,54,7.78,23,42.59,10,18.52,0.11292120162125706,0.3263416139095606,0.4424821659080542,0.286080258742113,0.08173959350109893,0.6935824980135976,powerplay,,,,
2013,JH Kallis,Lucknow Super Giants,1,12,3.5,6,50.0,0,0.0,0.11292120162125706,0.18374725723525226,0.5019426953472993,0.0820717167677696,0.2116766390648953,0.823519543577394,powerplay,,,,
2013,JH Kallis,Punjab Kings,0,12,7.5,3,25.0,2,16.67,0.0343977699328372,0.317013011136475,0.3013336216656359,0.26570143570471916,-0.06965005131023477,0.542192853202264,powerplay,,,,
2013,JH Kallis,Royal Challengers Bengaluru,0,12,3.5,8,66.67,1,8.33,0.0343977699328372,0.18374725723525226,0.6357088256782324,0.1738314983361433,0.11566937431787072,0.7275122788303694,powerplay,,,,
2013,JJ Bumrah,Delhi Capitals,0,12,12.5,4,33.33,4,33.33,0.0343977699328372,0.4835952035130035,0.3681765650163661,0.4492209988414665,-0.16959217712062943,0.4422507273918692,powerplay,,,,
2013,JJ Bumrah,Royal Challengers Bengaluru,2,12,8.5,7,58.33,4,33.33,0.19144463330967693,0.3503294496117807,0.5687856386980294,0.4492209988414665,0.1927937169997406,0.8046366215122392,powerplay,,,,
2013,JO Holder,Chennai Super Kings,2,78,8.38,35,44.87,17,21.79,0.19144463330967693,0.34633147699474404,0.4607777134278219,0.3221012054082093,0.18781428441384812,0.7996571889263469,powerplay,JO Holder,2013.0,2462647.6923760003,7.6265186041549455
2013,JO Holder,Royal Challengers Bengaluru,0,6,20.0,1,16.67,3,50.0,0.0343977699328372,0.7334684920777962,0.23449067831490564,0.6328507177784161,-0.3713605312008538,0.24048237331164485,powerplay,JO Holder,2013.0,2462647.6923760003,-15.079726277962216
2013,JP Faulkner,Lucknow Super Giants,1,12,5.0,5,41.67,1,8.33,0.11292120162125706,0.2337219149482108,0.43509975199656903,0.1738314983361433,0.14828447088952224,0.7601273754020209,powerplay,JP Faulkner,2013.0,49252953.84752,0.30106716309561743
2013,JP Faulkner,Punjab Kings,0,6,9.0,3,50.0,2,33.33,0.0343977699328372,0.36698766884943357,0.5019426953472993,0.4492209988414665,-0.0711585706895645,0.5406843338229341,powerplay,JP Faulkner,2013.0,49252953.84752,-0.1444757423277822
2013,JP Faulkner,Rajasthan Royals,6,132,5.73,72,54.55,17,12.88,0.5055383600633563,0.258042915035184,0.538453546757362,0.22395238742811213,0.7460316691190285,1.3578745736315272,powerplay,JP Faulkner,2013.0,49252953.84752,1.5146942687511378
2013,JP Faulkner,Royal Challengers Bengaluru,0,12,6.0,6,50.0,2,16.67,0.0343977699328372,0.26703835342351645,0.5019426953472993,0.26570143570471916,0.015519999650743535,0.6273629041632423,powerplay,JP Faulkner,2013.0,49252953.84752,0.031510799735567536
2013,K Upadhyay,Lucknow Super Giants,0,24,10.5,8,33.33,7,29.17,0.0343977699328372,0.4169623265623921,0.3681765650163661,0.40339618595738075,-0.1271107760685066,0.48473212844399205,powerplay,,,,
2013,KA Pollard,Mumbai Indians,0,6,4.0,3,50.0,0,0.0,0.0343977699328372,0.2004054764729051,0.5019426953472993,0.0820717167677696,0.08556238191343912,0.6974052864259378,powerplay,,,,
2013,KK Cooper,Lucknow Super Giants,0,6,6.0,3,50.0,1,16.67,0.0343977699328372,0.26703835342351645,0.5019426953472993,0.26570143570471916,0.015519999650743535,0.6273629041632423,powerplay,,,,
2013,KK Cooper,Rajasthan Royals,1,30,10.0,10,33.33,6,20.0,0.11292120162125706,0.4003041073247392,0.3681765650163661,0.30238331717202815,0.019206054840020165,0.6310489593525188,powerplay,,,,
2013,KV Sharma,Sunrisers Hyderabad,1,36,6.0,15,41.67,4,11.11,0.11292120162125706,0.26703835342351645,0.43509975199656903,0.2044548107923352,0.125501589160631,0.7373444936731297,powerplay,,,,
2013,KW Richardson,Delhi Capitals,0,12,4.0,8,66.67,1,8.33,0.0343977699328372,0.2004054764729051,0.6357088256782324,0.1738314983361433,0.10734026469904429,0.7191831692115429,powerplay,KW Richardson,2013.0,86192669.23316,0.1245352599635566
2013,KW Richardson,Lucknow Super Giants,1,24,8.75,12,50.0,6,25.0,0.11292120162125706,0.35865855923060713,0.5019426953472993,0.3574612172730928,0.06914308796615325,0.6809859924786519,powerplay,KW Richardson,2013.0,86192669.23316,0.0802192211719469
2013,L Balaji,Delhi Capitals,1,12,7.0,5,41.67,2,16.67,0.11292120162125706,0.3003547918988222,0.43509975199656903,0.26570143570471916,0.09659404494050135,0.7084369494530001,powerplay,,,,
2013,L Balaji,Kolkata Knight Riders,0,72,7.0,35,48.61,12,16.67,0.0343977699328372,0.3003547918988222,0.49078883085059877,0.26570143570471916,-0.004484378935919506,0.6073585255765792,powerplay,,,,
2013,L Balaji,Lucknow Super Giants,1,18,6.0,9,50.0,2,11.11,0.11292120162125706,0.26703835342351645,0.5019426953472993,0.2044548107923352,0.1455544721658501,0.7573973766783488,powerplay,,,,
2013,L Balaji,Punjab Kings,0,6,14.0,1,16.67,3,50.0,0.0343977699328372,0.5335698612259621,0.23449067831490564,0.6328507177784161,-0.27141121577493676,0.3404316887375619,powerplay,,,,
2013,M Kartik,Royal Challengers Bengaluru,0,12,8.5,1,8.33,1,8.33,0.0343977699328372,0.3503294496117807,0.1675674913347027,0.1738314983361433,-0.1080641221734524,0.5037787823390463,powerplay,,,,
2013,M Morkel,Delhi Capitals,2,60,9.1,27,45.0,13,21.67,0.19144463330967693,0.3703193126969641,0.4618208806109666,0.32077933580578377,0.17639769063816657,0.7882405951506652,powerplay,,,,
2013,M Morkel,Lucknow Super Giants,0,12,6.0,5,41.67,1,8.33,0.0343977699328372,0.26703835342351645,0.43509975199656903,0.1738314983361433,0.013841104119239611,0.6256840086317383,powerplay,,,,
2013,M Morkel,Punjab Kings,0,12,4.5,6,50.0,1,8.33,0.0343977699328372,0.21706369571055795,0.5019426953472993,0.1738314983361433,0.05888131598093796,0.6707242204934366,powerplay,,,,
2013,M Morkel,Royal Challengers Bengaluru,1,12,10.0,6,50.0,2,16.67,0.11292120162125706,0.4003041073247392,0.5019426953472993,0.26570143570471916,0.06667227023276194,0.6785151747452606,powerplay,,,,
2013,M Muralitharan,Royal Challengers Bengaluru,0,24,9.25,6,25.0,5,20.83,0.0343977699328372,0.37531677846826,0.3013336216656359,0.3115262485888049,-0.10796689755294442,0.5038760069595543,powerplay,,,,
2013,MC Henriques,Delhi Capitals,1,12,10.5,5,41.67,4,33.33,0.11292120162125706,0.4169623265623921,0.43509975199656903,0.4492209988414665,0.0015863649813669112,0.6134292694938656,powerplay,MC Henriques,2013.0,36939715.38564,0.004294469962222819
2013,MC Henriques,Lucknow Super Giants,1,18,8.33,7,38.89,4,22.22,0.11292120162125706,0.34466565507097874,0.4127920230031681,0.32683790481690084,0.05551900083396645,0.6673619053464651,powerplay,MC Henriques,2013.0,36939715.38564,0.15029623334766945
2013,MC Henriques,Punjab Kings,0,12,9.0,5,41.67,3,25.0,0.0343977699328372,0.36698766884943357,0.43509975199656903,0.3574612172730928,-0.07285949738110885,0.5389834071313898,powerplay,MC Henriques,2013.0,36939715.38564,-0.19723892461129344
2013,MC Henriques,Royal Challengers Bengaluru,3,54,6.67,26,48.15,8,14.81,0.2699680649980968,0.2893603672019713,0.4870976238948561,0.24521245686712306,0.35735870969119177,0.9692016142036904,powerplay,MC Henriques,2013.0,36939715.38564,0.9674105660004947
2013,MG Johnson,Lucknow Super Giants,1,6,2.0,4,66.67,0,0.0,0.11292120162125706,0.1337725995222937,0.6357088256782324,0.0820717167677696,0.27679380702065454,0.8886367115331533,powerplay,,,,
2013,MG Johnson,Mumbai Indians,11,138,6.91,73,52.9,26,18.84,0.8981555185054557,0.29735631243604466,0.5252133478943722,0.28960524434858115,1.298198077038757,1.9100409815512556,powerplay,,,,
2013,MG Johnson,Royal Challengers Bengaluru,1,6,7.0,3,50.0,1,16.67,0.11292120162125706,0.3003547918988222,0.5019426953472993,0.26570143570471916,0.11664692794572044,0.7284898324582191,powerplay,,,,
2013,MG Neser,Punjab Kings,0,6,18.0,1,16.67,3,50.0,0.0343977699328372,0.6668356151271848,0.23449067831490564,0.6328507177784161,-0.33804409272554814,0.27379881178695054,powerplay,,,,
2013,MM Patel,Delhi Capitals,0,12,12.0,3,25.0,5,41.67,0.0343977699328372,0.46693698427535063,0.3013336216656359,0.5410909362100423,-0.19968993798073723,0.4121529665317615,powerplay,,,,
2013,MM Patel,Mumbai Indians,1,18,11.0,6,33.33,4,22.22,0.11292120162125706,0.4336205458000449,0.3681765650163661,0.32683790481690084,-0.0023430819266072184,0.6094998225858914,powerplay,,,,
2013,MM Patel,Royal Challengers Bengaluru,0,12,4.0,9,75.0,1,8.33,0.0343977699328372,0.2004054764729051,0.7025517690289627,0.1738314983361433,0.12739314770426335,0.739236052216762,powerplay,,,,
2013,MM Sharma,Chennai Super Kings,6,168,6.64,93,55.36,31,18.45,0.5055383600633563,0.2883608740477121,0.5449532807446479,0.2853091681406981,0.720551253666433,1.3323941581789316,powerplay,,,,
2013,MM Sharma,Delhi Capitals,3,18,3.33,11,61.11,0,0.0,0.2699680649980968,0.17808346269445027,0.5910933676914305,0.0820717167677696,0.47682403310379523,1.0886669376162939,powerplay,,,,
2013,MM Sharma,Lucknow Super Giants,3,18,5.0,10,55.56,2,11.11,0.2699680649980968,0.2337219149482108,0.5465581533341013,0.2044548107923352,0.4111676238648031,1.0230105283773017,powerplay,,,,
2013,MM Sharma,Royal Challengers Bengaluru,1,6,14.0,2,33.33,3,50.0,0.11292120162125706,0.5335698612259621,0.3681765650163661,0.6328507177784161,-0.11352030223186885,0.49832260228062986,powerplay,,,,
2013,MN Samuels,Lucknow Super Giants,0,6,11.0,1,16.67,2,33.33,0.0343977699328372,0.4336205458000449,0.23449067831490564,0.4492209988414665,-0.18471061427458826,0.42713229023791044,powerplay,,,,
2013,Mohammed Shami,Kolkata Knight Riders,0,30,7.4,15,50.0,6,20.0,0.0343977699328372,0.31368136728894447,0.5019426953472993,0.30238331717202815,-0.015137883575432276,0.5967050209370663,powerplay,,,,
2013,MR Marsh,Lucknow Super Giants,0,12,10.0,2,16.67,2,16.67,0.0343977699328372,0.4003041073247392,0.23449067831490564,0.26570143570471916,-0.13134848240958596,0.4804944221029127,powerplay,,,,
2013,MR Marsh,Royal Challengers Bengaluru,0,6,28.0,1,16.67,5,83.33,0.0343977699328372,0.9999999998802417,0.23449067831490564,0.999999999852113,-0.578056141516816,0.03378676299568273,powerplay,,,,
2013,MS Gony,Punjab Kings,0,24,10.5,9,37.5,9,37.5,0.0343977699328372,0.4169623265623921,0.40163815850646756,0.49515596752575447,-0.1354242543351509,0.47641865017734775,powerplay,MS Gony,2013.0,61566192.30940001,-0.21996529142906596
2013,NLTC Perera,Delhi Capitals,0,6,9.0,3,50.0,2,33.33,0.0343977699328372,0.36698766884943357,0.5019426953472993,0.4492209988414665,-0.0711585706895645,0.5406843338229341,powerplay,NLTC Perera,2013.0,83114359.61769001,-0.08561525471275981
2013,NLTC Perera,Lucknow Super Giants,2,12,4.5,7,58.33,1,8.33,0.19144463330967693,0.21706369571055795,0.5687856386980294,0.1738314983361433,0.3145044940514166,0.9263473985639152,powerplay,NLTC Perera,2013.0,83114359.61769001,0.37839970794225747
2013,NLTC Perera,Punjab Kings,0,6,7.0,2,33.33,1,16.67,0.0343977699328372,0.3003547918988222,0.3681765650163661,0.26570143570471916,-0.04126805868618931,0.5705748458263094,powerplay,NLTC Perera,2013.0,83114359.61769001,-0.04965214058799755
2013,NLTC Perera,Royal Challengers Bengaluru,1,6,8.0,3,50.0,1,16.67,0.11292120162125706,0.3336712303741279,0.5019426953472993,0.26570143570471916,0.0999887087080676,0.7118316132205663,powerplay,NLTC Perera,2013.0,83114359.61769001,0.12030256765256489
2013,NLTC Perera,Sunrisers Hyderabad,3,90,7.13,44,48.89,18,20.0,0.2699680649980968,0.3046859289006119,0.4930356524758334,0.30238331717202815,0.34004316535518353,0.9518860698676822,powerplay,NLTC Perera,2013.0,83114359.61769001,0.4091268547568872
2013,NM Coulter-Nile,Punjab Kings,1,12,7.5,7,58.33,3,25.0,0.11292120162125706,0.317013011136475,0.5687856386980294,0.3574612172730928,0.11001874501843835,0.721861649530937,powerplay,NM Coulter-Nile,2013.0,55409573.07846001,0.19855548221360902
2013,P Awana,Delhi Capitals,1,18,4.0,10,55.56,1,5.56,0.11292120162125706,0.2004054764729051,0.5465581533341013,0.14331834168015348,0.2044828418596327,0.8163257463721314,powerplay,,,,
2013,P Awana,Lucknow Super Giants,0,6,3.0,3,50.0,0,0.0,0.0343977699328372,0.1670890379975994,0.5019426953472993,0.0820717167677696,0.10222060115109198,0.7140635056635907,powerplay,,,,
2013,P Awana,Punjab Kings,2,84,7.29,37,44.05,15,17.86,0.19144463330967693,0.3100165590566608,0.4541977358110633,0.2788099759287725,0.21265599599374949,0.8244989005062482,powerplay,,,,
2013,P Awana,Royal Challengers Bengaluru,1,12,5.0,8,66.67,2,16.67,0.11292120162125706,0.2337219149482108,0.6357088256782324,0.26570143570471916,0.19009320552030606,0.8019361100328047,powerplay,,,,
2013,P Kumar,Delhi Capitals,0,6,12.0,1,16.67,2,33.33,0.0343977699328372,0.46693698427535063,0.23449067831490564,0.4492209988414665,-0.20136883351224114,0.41047407100025757,powerplay,,,,
2013,P Kumar,Lucknow Super Giants,0,6,11.0,1,16.67,2,33.33,0.0343977699328372,0.4336205458000449,0.23449067831490564,0.4492209988414665,-0.18471061427458826,0.42713229023791044,powerplay,,,,
2013,P Kumar,Punjab Kings,2,120,6.7,62,51.67,18,15.0,0.19144463330967693,0.29035986035623046,0.5153433814692344,0.24730541707096354,0.2471289508129778,0.8589718553254765,powerplay,,,,
2013,P Negi,Delhi Capitals,0,6,6.0,1,16.67,0,0.0,0.0343977699328372,0.26703835342351645,0.23449067831490564,0.0820717167677696,-0.027989661671584662,0.583853242840914,powerplay,,,,
2013,P Suyal,Mumbai Indians,1,18,7.33,9,50.0,3,16.67,0.11292120162125706,0.31134921659567305,0.5019426953472993,0.26570143570471916,0.11114971559729502,0.7229926201097937,powerplay,,,,
2013,Parvez Rasool,Lucknow Super Giants,1,12,5.5,7,58.33,2,16.67,0.11292120162125706,0.25038013418586363,0.5687856386980294,0.26570143570471916,0.16168713980741878,0.7735300443199175,powerplay,,,,
2013,PJ Sangwan,Kolkata Knight Riders,0,12,9.0,4,33.33,3,25.0,0.0343977699328372,0.36698766884943357,0.3681765650163661,0.3574612172730928,-0.09293645347516973,0.5189064510373289,powerplay,,,,
2013,PP Chawla,Punjab Kings,0,30,8.4,7,23.33,6,20.0,0.0343977699328372,0.34699780576425016,0.28793293554370075,0.30238331717202815,-0.09599903075416469,0.515843873758334,powerplay,,,,
2013,PP Ojha,Lucknow Super Giants,0,6,10.0,1,16.67,1,16.67,0.0343977699328372,0.4003041073247392,0.23449067831490564,0.26570143570471916,-0.13134848240958596,0.4804944221029127,powerplay,,,,
2013,PP Ojha,Mumbai Indians,2,90,7.2,32,35.56,13,14.44,0.19144463330967693,0.3070180795938833,0.3860708943887705,0.2411366922596443,0.20125184003227606,0.8130947445447747,powerplay,,,,
2013,PV Tambe,Rajasthan Royals,0,12,6.5,4,33.33,1,8.33,0.0343977699328372,0.2836965726611693,0.3681765650163661,0.1738314983361433,-0.014564961593647702,0.597277942918851,powerplay,,,,
2013,R Ashwin,Chennai Super Kings,2,42,4.0,22,52.38,2,4.76,0.19144463330967693,0.2004054764729051,0.5210406791617936,0.13450587766398314,0.3163752399438043,0.9282181444563029,powerplay,,,,
2013,R Ashwin,Royal Challengers Bengaluru,0,6,16.0,1,16.67,3,50.0,0.0343977699328372,0.6002027381765734,0.23449067831490564,0.6328507177784161,-0.30472765425024245,0.3071152502622562,powerplay,,,,
2013,R Bhatia,Kolkata Knight Riders,0,6,5.0,1,16.67,0,0.0,0.0343977699328372,0.2337219149482108,0.23449067831490564,0.0820717167677696,-0.011331442433931832,0.6005114620785669,powerplay,,,,
2013,R Dhawan,Mumbai Indians,1,24,6.5,13,54.17,4,16.67,0.11292120162125706,0.2836965726611693,0.5354042888374008,0.26570143570471916,0.1350145156115773,0.746857420124076,powerplay,,,,
2013,R Dhawan,Punjab Kings,1,12,2.5,10,83.33,1,8.33,0.11292120162125706,0.15043081875994654,0.7693947123796929,0.1738314983361433,0.29021850709859154,0.9020614116110902,powerplay,,,,
2013,R McLaren,Kolkata Knight Riders,0,12,15.5,3,25.0,7,58.33,0.0343977699328372,0.5835445189389206,0.3013336216656359,0.7246104993467898,-0.2946976179398717,0.31714528657262697,powerplay,R McLaren,2013.0,6156619.23094,-4.786679294033211
2013,R McLaren,Royal Challengers Bengaluru,1,12,15.0,5,41.67,5,41.67,0.11292120162125706,0.5668862997012677,0.43509975199656903,0.5410909362100423,-0.09174960906178604,0.5200932954507126,powerplay,R McLaren,2013.0,6156619.23094,-1.4902595989808776
2013,R Rampaul,Delhi Capitals,0,6,9.0,3,50.0,2,33.33,0.0343977699328372,0.36698766884943357,0.5019426953472993,0.4492209988414665,-0.0711585706895645,0.5406843338229341,powerplay,,,,
2013,R Rampaul,Punjab Kings,1,6,1.0,5,83.33,0,0.0,0.11292120162125706,0.10045616104698801,0.7693947123796929,0.0820717167677696,0.33355779226874555,0.9454006967812443,powerplay,,,,
2013,R Rampaul,Royal Challengers Bengaluru,5,72,7.08,38,52.78,11,15.28,0.42701492837493654,0.3030201069768466,0.5242504243407002,0.25038977947662316,0.596209510480867,1.2080524149933658,powerplay,,,,
2013,R Sharma,Delhi Capitals,0,6,9.0,1,16.67,1,16.67,0.0343977699328372,0.36698766884943357,0.23449067831490564,0.26570143570471916,-0.11469026317193314,0.4971526413405655,powerplay,,,,
2013,R Sharma,Lucknow Super Giants,1,30,7.0,11,36.67,4,13.33,0.11292120162125706,0.3003547918988222,0.39497793726023633,0.22890939843720795,0.09191590797310378,0.7037588124856025,powerplay,,,,
2013,R Sharma,Punjab Kings,0,6,11.0,1,16.67,2,33.33,0.0343977699328372,0.4336205458000449,0.23449067831490564,0.4492209988414665,-0.18471061427458826,0.42713229023791044,powerplay,,,,
2013,R Shukla,Rajasthan Royals,2,24,10.0,7,29.17,6,25.0,0.19144463330967693,0.4003041073247392,0.3347952151557373,0.3574612172730928,0.11596121739424843,0.7278041219067471,powerplay,,,,
2013,R Vinay Kumar,Delhi Capitals,0,6,17.0,1,16.67,4,66.67,0.0343977699328372,0.6335191766518791,0.23449067831490564,0.8164804367153656,-0.3581118172752852,0.2537310872372135,powerplay,,,,
2013,R Vinay Kumar,Lucknow Super Giants,0,6,4.0,2,33.33,0,0.0,0.0343977699328372,0.2004054764729051,0.3681765650163661,0.0820717167677696,0.04543254281415915,0.6572754473266578,powerplay,,,,
2013,R Vinay Kumar,Punjab Kings,1,12,7.0,4,33.33,2,16.67,0.11292120162125706,0.3003547918988222,0.3681765650163661,0.26570143570471916,0.07651708884644047,0.6883599933589392,powerplay,,,,
2013,R Vinay Kumar,Royal Challengers Bengaluru,4,90,6.93,44,48.89,15,16.67,0.34849149668651663,0.2980226412055508,0.4930356524758334,0.26570143570471916,0.4684963330288057,1.0803392375413043,powerplay,,,,
2013,RA Jadeja,Chennai Super Kings,1,30,9.0,9,30.0,6,20.0,0.11292120162125706,0.36698766884943357,0.34145543640196857,0.30238331717202815,0.027847935493353723,0.6396908400058524,powerplay,,,,
2013,RA Jadeja,Punjab Kings,1,6,7.0,2,33.33,1,16.67,0.11292120162125706,0.3003547918988222,0.3681765650163661,0.26570143570471916,0.07651708884644047,0.6883599933589392,powerplay,,,,
2013,RE van der Merwe,Delhi Capitals,2,18,4.67,10,55.56,2,11.11,0.19144463330967693,0.22272749025135988,0.5465581533341013,0.2044548107923352,0.29887968868059883,0.9107225931930976,powerplay,,,,
2013,RJ Harris,Lucknow Super Giants,0,12,3.0,9,75.0,1,8.33,0.0343977699328372,0.1670890379975994,0.7025517690289627,0.1738314983361433,0.14405136694191623,0.7558942714544149,powerplay,,,,
2013,RJ Harris,Punjab Kings,0,24,8.75,10,41.67,6,25.0,0.0343977699328372,0.35865855923060713,0.43509975199656903,0.3574612172730928,-0.06869494257169563,0.5431479619408031,powerplay,,,,
2013,RP Singh,Lucknow Super Giants,0,12,6.5,4,33.33,1,8.33,0.0343977699328372,0.2836965726611693,0.3681765650163661,0.1738314983361433,-0.014564961593647702,0.597277942918851,powerplay,,,,
2013,RP Singh,Punjab Kings,0,6,6.0,3,50.0,1,16.67,0.0343977699328372,0.26703835342351645,0.5019426953472993,0.26570143570471916,0.015519999650743535,0.6273629041632423,powerplay,,,,
2013,RP Singh,Royal Challengers Bengaluru,2,72,7.5,36,50.0,15,20.83,0.19144463330967693,0.317013011136475,0.5019426953472993,0.3115262485888049,0.21693800328270674,0.8287809077952054,powerplay,,,,
2013,S Badree,Delhi Capitals,0,12,11.0,3,25.0,3,25.0,0.0343977699328372,0.4336205458000449,0.3013336216656359,0.3574612172730928,-0.14630577495569444,0.46553712955680426,powerplay,,,,
2013,S Kaul,Delhi Capitals,1,42,7.71,21,50.0,8,19.05,0.11292120162125706,0.3240094632162892,0.5019426953472993,0.2919185161528259,0.09957617619736558,0.7114190807098643,powerplay,,,,
2013,S Kaul,Lucknow Super Giants,0,12,7.0,6,50.0,2,16.67,0.0343977699328372,0.3003547918988222,0.5019426953472993,0.26570143570471916,-0.0011382195869093364,0.6107046849255894,powerplay,,,,
2013,S Kaul,Punjab Kings,0,6,8.0,2,33.33,1,16.67,0.0343977699328372,0.3336712303741279,0.3681765650163661,0.26570143570471916,-0.057926277923842154,0.5539166265886565,powerplay,,,,
2013,S Nadeem,Delhi Capitals,0,6,4.0,2,33.33,0,0.0,0.0343977699328372,0.2004054764729051,0.3681765650163661,0.0820717167677696,0.04543254281415915,0.6572754473266578,powerplay,,,,
2013,S Narwal,Kolkata Knight Riders,0,6,12.0,2,33.33,2,33.33,0.0343977699328372,0.46693698427535063,0.3681765650163661,0.4492209988414665,-0.161263067501803,0.4505798370106957,powerplay,,,,
2013,S Sreesanth,Delhi Capitals,1,18,4.0,12,66.67,2,11.11,0.11292120162125706,0.2004054764729051,0.6357088256782324,0.2044548107923352,0.2190007497404357,0.8308436542529344,powerplay,,,,
2013,S Sreesanth,Lucknow Super Giants,0,12,14.0,5,41.67,3,25.0,0.0343977699328372,0.5335698612259621,0.43509975199656903,0.3574612172730928,-0.1561505935693731,0.45569231094312557,powerplay,,,,
2013,S Sreesanth,Punjab Kings,0,12,9.0,6,50.0,4,33.33,0.0343977699328372,0.36698766884943357,0.5019426953472993,0.4492209988414665,-0.0711585706895645,0.5406843338229341,powerplay,,,,
2013,S Sreesanth,Rajasthan Royals,2,18,8.0,10,55.56,3,16.67,0.19144463330967693,0.3336712303741279,0.5465581533341013,0.26570143570471916,0.23115849363673807,0.8430013981492368,powerplay,,,,
2013,S Sreesanth,Royal Challengers Bengaluru,0,6,9.0,3,50.0,2,33.33,0.0343977699328372,0.36698766884943357,0.5019426953472993,0.4492209988414665,-0.0711585706895645,0.5406843338229341,powerplay,,,,
2013,Sandeep Sharma,Punjab Kings,4,30,7.6,16,53.33,7,23.33,0.34849149668651663,0.32034465498400555,0.5286638239616969,0.3390651986393372,0.45335102499841373,1.0651939295109125,powerplay,,,,
2013,Sandeep Sharma,Royal Challengers Bengaluru,0,18,5.67,10,55.56,3,16.67,0.0343977699328372,0.2560439287266656,0.5465581533341013,0.26570143570471916,0.03440184939520956,0.6462447539077082,powerplay,,,,
2013,SK Trivedi,Delhi Capitals,0,6,7.0,1,16.67,0,0.0,0.0343977699328372,0.3003547918988222,0.23449067831490564,0.0820717167677696,-0.04464788090923753,0.5671950236032611,powerplay,,,,
2013,SK Trivedi,Rajasthan Royals,3,30,3.0,19,63.33,0,0.0,0.2699680649980968,0.1670890379975994,0.6089074534343621,0.0820717167677696,0.4876654711751001,1.0995083756875987,powerplay,,,,
2013,SL Malinga,Delhi Capitals,0,6,9.0,3,50.0,2,33.33,0.0343977699328372,0.36698766884943357,0.5019426953472993,0.4492209988414665,-0.0711585706895645,0.5406843338229341,powerplay,,,,
2013,SL Malinga,Lucknow Super Giants,1,6,11.0,2,33.33,2,33.33,0.11292120162125706,0.4336205458000449,0.3681765650163661,0.4492209988414665,-0.026819700731520346,0.5850232037809784,powerplay,,,,
2013,SL Malinga,Mumbai Indians,2,96,7.56,44,45.83,22,22.92,0.19144463330967693,0.3190119974449933,0.46848110185719777,0.33454881083105,0.20129551963296807,0.8131384241454668,powerplay,,,,
2013,SMSM Senanayake,Kolkata Knight Riders,3,108,5.44,48,44.44,10,9.26,0.2699680649980968,0.2483811478773453,0.4573272373604973,0.1840759877549413,0.38114449721563337,0.992987401728132,powerplay,SMSM Senanayake,2013.0,76957740.38675001,0.4952646677256858
2013,SMSM Senanayake,Punjab Kings,1,12,5.0,5,41.67,1,8.33,0.11292120162125706,0.2337219149482108,0.43509975199656903,0.1738314983361433,0.14828447088952224,0.7601273754020209,powerplay,SMSM Senanayake,2013.0,76957740.38675001,0.19268298438119513
2013,SP Narine,Delhi Capitals,0,6,2.0,4,66.67,0,0.0,0.0343977699328372,0.1337725995222937,0.6357088256782324,0.0820717167677696,0.15900865948802473,0.7708515640005233,powerplay,,,,
2013,SP Narine,Kolkata Knight Riders,3,72,5.25,37,51.39,8,11.11,0.2699680649980968,0.24205102456703723,0.5130965598439997,0.2044548107923352,0.3969645910083594,1.0088074955208581,powerplay,,,,
2013,SP Narine,Lucknow Super Giants,0,6,5.0,4,66.67,1,16.67,0.0343977699328372,0.2337219149482108,0.6357088256782324,0.26570143570471916,0.0723080579876763,0.6841509625001749,powerplay,,,,
2013,SP Narine,Punjab Kings,0,6,4.0,5,83.33,1,16.67,0.0343977699328372,0.2004054764729051,0.7693947123796929,0.26570143570471916,0.12907204323576732,0.7409149477482659,powerplay,,,,
2013,SP Narine,Royal Challengers Bengaluru,0,12,4.5,6,50.0,1,8.33,0.0343977699328372,0.21706369571055795,0.5019426953472993,0.1738314983361433,0.05888131598093796,0.6707242204934366,powerplay,,,,
2013,SR Watson,Rajasthan Royals,5,90,7.2,46,51.11,16,17.78,0.42701492837493654,0.3070180795938833,0.5108497382187651,0.27792872952715547,0.5846825283256617,1.1965254328381603,powerplay,,,,
2013,SR Watson,Royal Challengers Bengaluru,1,6,5.0,4,66.67,1,16.67,0.11292120162125706,0.2337219149482108,0.6357088256782324,0.26570143570471916,0.19009320552030606,0.8019361100328047,powerplay,,,,
2013,STR Binny,Rajasthan Royals,0,18,7.0,8,44.44,3,16.67,0.0343977699328372,0.3003547918988222,0.4573272373604973,0.26570143570471916,-0.014522856982949958,0.5973200475295487,powerplay,,,,
2013,SW Tait,Rajasthan Royals,0,18,8.0,8,44.44,4,22.22,0.0343977699328372,0.3336712303741279,0.4573272373604973,0.32683790481690084,-0.04340837004303914,0.5684345344694596,powerplay,,,,
2013,SW Tait,Royal Challengers Bengaluru,0,12,11.5,5,41.67,3,25.0,0.0343977699328372,0.4502787650376978,0.43509975199656903,0.3574612172730928,-0.11450504547524097,0.4973378590372577,powerplay,,,,
2013,TL Suman,Lucknow Super Giants,1,12,8.0,3,25.0,1,8.33,0.11292120162125706,0.3336712303741279,0.3013336216656359,0.1738314983361433,0.058179974077283744,0.6700228785897824,powerplay,,,,
2013,UT Yadav,Delhi Capitals,2,108,7.61,51,47.22,20,18.52,0.19144463330967693,0.32067781936875867,0.4796349663538983,0.286080258742113,0.21350247843788295,0.8253453829503816,powerplay,,,,
2013,UT Yadav,Lucknow Super Giants,1,6,3.0,4,66.67,0,0.0,0.11292120162125706,0.1670890379975994,0.6357088256782324,0.0820717167677696,0.26013558778300166,0.8719784922955003,powerplay,,,,
2013,UT Yadav,Punjab Kings,0,6,3.0,3,50.0,0,0.0,0.0343977699328372,0.1670890379975994,0.5019426953472993,0.0820717167677696,0.10222060115109198,0.7140635056635907,powerplay,,,,
2013,UT Yadav,Royal Challengers Bengaluru,0,6,4.0,2,33.33,0,0.0,0.0343977699328372,0.2004054764729051,0.3681765650163661,0.0820717167677696,0.04543254281415915,0.6572754473266578,powerplay,,,,
2013,V Sehwag,Delhi Capitals,0,6,9.0,0,0.0,1,16.67,0.0343977699328372,0.36698766884943357,0.10072454798397246,0.26570143570471916,-0.15482010227121307,0.4570228022412856,powerplay,,,,
2013,VS Malik,Rajasthan Royals,1,36,5.83,18,50.0,5,13.89,0.11292120162125706,0.2613745588827145,0.5019426953472993,0.23507812324852717,0.1422617069450127,0.7541046114575114,powerplay,,,,
2013,WD Parnell,Lucknow Super Giants,3,30,8.8,13,43.33,6,20.0,0.2699680649980968,0.36032438115437243,0.4484201944890314,0.30238331717202815,0.2988393018322627,0.9106822063447614,powerplay,,,,
2013,YK Pathan,Kolkata Knight Riders,0,12,9.5,5,41.67,3,25.0,0.0343977699328372,0.3836458880870864,0.43509975199656903,0.3574612172730928,-0.08118860699993526,0.5306542975125634,powerplay,,,,
2013,Yuvraj Singh,Lucknow Super Giants,0,12,6.5,2,16.67,1,8.33,0.0343977699328372,0.2836965726611693,0.23449067831490564,0.1738314983361433,-0.05467072760408584,0.5571721769084128,powerplay,,,,
2013,Yuvraj Singh,Punjab Kings,1,6,4.0,3,50.0,0,0.0,0.11292120162125706,0.2004054764729051,0.5019426953472993,0.0820717167677696,0.20334752944606893,0.8151904339585676,powerplay,,,,
2013,Z Khan,Royal Challengers Bengaluru,3,18,4.67,9,50.0,1,5.56,0.2699680649980968,0.22272749025135988,0.5019426953472993,0.14331834168015348,0.41550749263962433,1.027350397152123,powerplay,,,,
2014,A Mishra,Delhi Capitals,1,6,8.0,1,16.67,1,16.67,0.1146932881406259,0.32864357004023215,0.24517578916018284,0.26873822891646854,0.02752323815558392,0.6393661426680826,powerplay,A Mishra,2014.0,92008373.22575,0.0299138406545385
2014,A Mishra,Delhi Capitals,1,6,8.0,1,16.67,1,16.67,0.1146932881406259,0.32864357004023215,0.24517578916018284,0.26873822891646854,0.02752323815558392,0.6393661426680826,powerplay,A Mishra,2014.0,1937018.3837,1.4209074310905787
2014,A Mishra,Delhi Capitals,1,6,8.0,1,16.67,1,16.67,0.1146932881406259,0.32864357004023215,0.24517578916018284,0.26873822891646854,0.02752323815558392,0.6393661426680826,powerplay,A Mishra,2014.0,1937018.3837,1.4209074310905787
2014,A Mishra,Punjab Kings,1,6,9.0,2,33.33,1,16.67,0.1146932881406259,0.36118236378383406,0.3676658832087142,0.26873822891646854,0.04800086949834236,0.659843774010841,powerplay,A Mishra,2014.0,92008373.22575,0.05217010997528273
2014,A Mishra,Punjab Kings,1,6,9.0,2,33.33,1,16.67,0.1146932881406259,0.36118236378383406,0.3676658832087142,0.26873822891646854,0.04800086949834236,0.659843774010841,powerplay,A Mishra,2014.0,1937018.3837,2.4780802238259296
2014,A Mishra,Punjab Kings,1,6,9.0,2,33.33,1,16.67,0.1146932881406259,0.36118236378383406,0.3676658832087142,0.26873822891646854,0.04800086949834236,0.659843774010841,powerplay,A Mishra,2014.0,1937018.3837,2.4780802238259296
2014,A Mishra,Sunrisers Hyderabad,0,24,7.75,6,25.0,3,12.5,0.024008172263007544,0.3205088716043316,0.30642083618444854,0.2245793157381943,-0.07723178969995881,0.5346111148125399,powerplay,A Mishra,2014.0,92008373.22575,-0.08393995784542822
2014,A Mishra,Sunrisers Hyderabad,0,24,7.75,6,25.0,3,12.5,0.024008172263007544,0.3205088716043316,0.30642083618444854,0.2245793157381943,-0.07723178969995881,0.5346111148125399,powerplay,A Mishra,2014.0,1937018.3837,-3.98714799765784
2014,A Mishra,Sunrisers Hyderabad,0,24,7.75,6,25.0,3,12.5,0.024008172263007544,0.3205088716043316,0.30642083618444854,0.2245793157381943,-0.07723178969995881,0.5346111148125399,powerplay,A Mishra,2014.0,1937018.3837,-3.98714799765784
2014,A Nehra,Chennai Super Kings,1,18,11.67,5,27.78,7,38.89,0.1146932881406259,0.4480609430792513,0.32686035968114224,0.5040406391853541,-0.05474055926141495,0.5571023452510837,powerplay,A Nehra,2014.0,38740367.673999995,-0.1413010834642988
2014,A Nehra,Royal Challengers Bengaluru,0,6,10.0,2,33.33,1,16.67,0.024008172263007544,0.3937211575274361,0.3676658832087142,0.26873822891646854,-0.10429620118988617,0.5075467033226125,powerplay,A Nehra,2014.0,38740367.673999995,-0.2692184082183685
2014,AB Dinda,Punjab Kings,1,6,9.0,3,50.0,2,33.33,0.1146932881406259,0.36118236378383406,0.49022950072306093,0.4451620882809885,0.04948518287974238,0.661328087392241,powerplay,AB Dinda,2014.0,29055275.7555,0.17031393298814285
2014,AB Dinda,Royal Challengers Bengaluru,2,42,9.0,18,42.86,9,21.43,0.20537840401824425,0.36118236378383406,0.4377337461308332,0.31914504587775994,0.1949675387991473,0.806810443311646,powerplay,AB Dinda,2014.0,29055275.7555,0.6710228477602421
2014,AD Russell,Kolkata Knight Riders,0,6,8.0,2,33.33,1,16.67,0.024008172263007544,0.32864357004023215,0.3676658832087142,0.26873822891646854,-0.0717574074462842,0.5400854970662144,powerplay,AD Russell,2014.0,11622110.302199999,-0.6174214973050198
2014,AN Ahmed,Royal Challengers Bengaluru,0,24,6.75,7,29.17,3,12.5,0.024008172263007544,0.28797007786072965,0.33708012142948907,0.2245793157381943,-0.05176460725464565,0.5600782972578531,powerplay,,,,
2014,Ankit Sharma,Rajasthan Royals,2,24,5.0,10,41.67,1,4.17,0.20537840401824425,0.23102718880942621,0.42898445369879523,0.13636738605593432,0.29397587052110496,0.9058187750336036,powerplay,,,,
2014,AR Patel,Delhi Capitals,0,6,8.0,2,33.33,1,16.67,0.024008172263007544,0.32864357004023215,0.3676658832087142,0.26873822891646854,-0.0717574074462842,0.5400854970662144,powerplay,AR Patel,2014.0,14527637.87775,-0.49393719784401585
2014,AR Patel,Punjab Kings,1,60,6.9,19,31.67,8,13.33,0.1146932881406259,0.29285089692226995,0.3554609878833503,0.23336873970413377,0.08557903217398219,0.6974219366864809,powerplay,AR Patel,2014.0,14527637.87775,0.5890774046966845
2014,AR Patel,Royal Challengers Bengaluru,1,6,5.0,2,33.33,0,0.0,0.1146932881406259,0.23102718880942621,0.3676658832087142,0.09220847287766012,0.14838440819330798,0.7602273127058067,powerplay,AR Patel,2014.0,14527637.87775,1.021393907543415
2014,B Kumar,Delhi Capitals,0,12,7.5,5,41.67,2,16.67,0.024008172263007544,0.31237417316843114,0.42898445369879523,0.26873822891646854,-0.04522713786335939,0.5666157666491393,powerplay,B Kumar,2014.0,82323281.30725,-0.05493845379481534
2014,B Kumar,Punjab Kings,0,12,4.0,9,75.0,1,8.33,0.024008172263007544,0.19848839506582425,0.6740381652616734,0.18042040255992012,0.10289542992811718,0.7147383344406159,powerplay,B Kumar,2014.0,82323281.30725,0.12498946627757347
2014,B Kumar,Royal Challengers Bengaluru,2,18,2.33,15,83.33,1,5.56,0.20537840401824425,0.14414860951400896,0.735283212285939,0.15108702378202574,0.4263608601997384,1.038203764712237,powerplay,B Kumar,2014.0,82323281.30725,0.5179104299893715
2014,B Kumar,Sunrisers Hyderabad,3,108,6.28,57,52.78,16,14.81,0.2960635198958626,0.2726768448012368,0.5106690242197547,0.24904144749882104,0.41114927520933775,1.0229921797218364,powerplay,B Kumar,2014.0,82323281.30725,0.49943256473807357
2014,BCJ Cutting,Rajasthan Royals,0,12,8.5,2,16.67,2,16.67,0.024008172263007544,0.3449129669120331,0.24517578916018284,0.26873822891646854,-0.11663913409674409,0.4952037704157546,powerplay,BCJ Cutting,2014.0,15496147.0696,-0.7526976452460508
2014,BE Hendricks,Delhi Capitals,0,12,11.5,5,41.67,4,33.33,0.024008172263007544,0.442529348142839,0.42898445369879523,0.4451620882809885,-0.14558949722346734,0.4662534072890313,powerplay,BE Hendricks,2014.0,34866330.9066,-0.41756472057089344
2014,BE Hendricks,Punjab Kings,0,24,10.5,9,37.5,5,20.83,0.024008172263007544,0.40999055439923704,0.3983251684537547,0.31279124542045433,-0.11204371735307166,0.499799187159427,powerplay,BE Hendricks,2014.0,34866330.9066,-0.3213521883137478
2014,BW Hilfenhaus,Chennai Super Kings,3,42,6.0,23,54.76,5,11.9,0.2960635198958626,0.26356598255302816,0.5252266704512127,0.21822551528088868,0.426235186646466,1.0380780911589647,powerplay,BW Hilfenhaus,2014.0,19370183.836999997,2.200470528484567
2014,BW Hilfenhaus,Delhi Capitals,0,6,9.0,4,66.67,2,33.33,0.024008172263007544,0.36118236378383406,0.6127931182374077,0.4451620882809885,-0.04977340568238112,0.5620694988301176,powerplay,BW Hilfenhaus,2014.0,19370183.836999997,-0.2569588709184388
2014,BW Hilfenhaus,Punjab Kings,1,12,5.5,6,50.0,1,8.33,0.1146932881406259,0.2472965856812272,0.49022950072306093,0.18042040255992012,0.1593764090752595,0.7712193135877582,powerplay,BW Hilfenhaus,2014.0,19370183.836999997,0.8227924443898479
2014,CJ Anderson,Delhi Capitals,1,6,5.0,2,33.33,0,0.0,0.1146932881406259,0.23102718880942621,0.3676658832087142,0.09220847287766012,0.14838440819330798,0.7602273127058067,powerplay,CJ Anderson,2014.0,87165827.2665,0.1702323179239025
2014,CJ Anderson,Mumbai Indians,1,42,12.0,16,38.1,16,38.1,0.1146932881406259,0.45879874501464,0.40273657640268146,0.4956748019165683,-0.03567342775889039,0.5761694767536083,powerplay,CJ Anderson,2014.0,87165827.2665,-0.04092593264769091
2014,DJG Sammy,Sunrisers Hyderabad,1,18,9.33,5,27.78,5,27.78,0.1146932881406259,0.3719201657192227,0.32686035968114224,0.3863894340509113,0.006860070445487906,0.6187029749579865,powerplay,DJG Sammy,2014.0,67795643.4295,0.010118748194523184
2014,DR Smith,Punjab Kings,0,6,7.0,2,33.33,1,16.67,0.024008172263007544,0.2961047762966302,0.3676658832087142,0.26873822891646854,-0.055488010574483236,0.5563548939380154,powerplay,DR Smith,2014.0,87165827.2665,-0.06365798652358877
2014,DS Kulkarni,Delhi Capitals,0,6,6.0,3,50.0,1,16.67,0.024008172263007544,0.26356598255302816,0.49022950072306093,0.26873822891646854,-0.002449528448378209,0.6093933760641205,powerplay,DS Kulkarni,2014.0,21307202.2207,-0.011496246306793325
2014,DS Kulkarni,Rajasthan Royals,3,66,6.55,39,59.09,11,16.67,0.2960635198958626,0.28146231911200925,0.5570623311493005,0.26873822891646854,0.4167351738492857,1.0285780783617844,powerplay,DS Kulkarni,2014.0,21307202.2207,1.9558418300663916
2014,DW Steyn,Delhi Capitals,1,6,4.0,5,83.33,1,16.67,0.1146932881406259,0.19848839506582425,0.735283212285939,0.26873822891646854,0.2396330525805147,0.8514759570930134,powerplay,,,,
2014,DW Steyn,Punjab Kings,0,6,12.0,3,50.0,3,50.0,0.024008172263007544,0.45879874501464,0.49022950072306093,0.6216918443197968,-0.1706566327598498,0.4411862717526489,powerplay,,,,
2014,DW Steyn,Royal Challengers Bengaluru,0,6,8.0,4,66.67,2,33.33,0.024008172263007544,0.32864357004023215,0.6127931182374077,0.4451620882809885,-0.03350400881058016,0.5783388957019185,powerplay,,,,
2014,DW Steyn,Sunrisers Hyderabad,3,114,6.95,60,52.63,19,16.67,0.2960635198958626,0.29447783660945004,0.509566172232523,0.26873822891646854,0.39597856742553206,1.0078214719380307,powerplay,,,,
2014,Harbhajan Singh,Delhi Capitals,0,12,4.5,8,66.67,1,8.33,0.024008172263007544,0.21475779193762523,0.6127931182374077,0.18042040255992012,0.07638721738493698,0.6882301218974356,powerplay,,,,
2014,Harbhajan Singh,Mumbai Indians,4,66,6.09,32,48.48,9,13.64,0.38674863577348095,0.26649447398995235,0.4790539339191133,0.23665153660707502,0.5432615895195643,1.155104494032063,powerplay,,,,
2014,Harbhajan Singh,Royal Challengers Bengaluru,0,6,4.0,4,66.67,0,0.0,0.024008172263007544,0.19848839506582425,0.6127931182374077,0.09220847287766012,0.10216430175728947,0.7140072062697882,powerplay,,,,
2014,HV Patel,Royal Challengers Bengaluru,2,24,11.0,9,37.5,6,25.0,0.20537840401824425,0.42625995127103805,0.3983251684537547,0.35695015859872853,0.14304514920822803,0.7548880537207268,powerplay,HV Patel,2014.0,7748073.5348,1.8462027827401155
2014,I Sharma,Royal Challengers Bengaluru,0,6,16.0,3,50.0,3,50.0,0.024008172263007544,0.5889539199890479,0.49022950072306093,0.6216918443197968,-0.23573422024705373,0.37610868426544497,powerplay,I Sharma,2014.0,50362477.9762,-0.46807510217915727
2014,I Sharma,Sunrisers Hyderabad,1,12,7.5,5,41.67,2,16.67,0.1146932881406259,0.31237417316843114,0.42898445369879523,0.26873822891646854,0.09080053595306814,0.7026434404655668,powerplay,I Sharma,2014.0,50362477.9762,0.18029401967865463
2014,IC Pandey,Chennai Super Kings,3,126,7.76,63,50.0,26,20.63,0.2960635198958626,0.32083425954176764,0.49022950072306093,0.3106733119346857,0.3686123379028912,0.9804552424153898,powerplay,IC Pandey,2014.0,29055275.7555,1.2686588866158497
2014,IC Pandey,Delhi Capitals,0,18,8.67,10,55.56,4,22.22,0.024008172263007544,0.3504445618484454,0.5311085477164483,0.3275108831465457,-0.04537963484408601,0.5664632696684127,powerplay,IC Pandey,2014.0,29055275.7555,-0.15618380367804943
2014,IC Pandey,Punjab Kings,0,6,12.0,3,50.0,3,50.0,0.024008172263007544,0.45879874501464,0.49022950072306093,0.6216918443197968,-0.1706566327598498,0.4411862717526489,powerplay,IC Pandey,2014.0,29055275.7555,-0.5873516197055726
2014,IK Pathan,Punjab Kings,0,6,16.0,1,16.67,3,50.0,0.024008172263007544,0.5889539199890479,0.24517578916018284,0.6216918443197968,-0.30925033371591715,0.30259257079658153,powerplay,IK Pathan,2014.0,46488441.208799995,-0.6652198388991752
2014,IK Pathan,Sunrisers Hyderabad,0,6,16.0,3,50.0,3,50.0,0.024008172263007544,0.5889539199890479,0.49022950072306093,0.6216918443197968,-0.23573422024705373,0.37610868426544497,powerplay,IK Pathan,2014.0,46488441.208799995,-0.507081360694087
2014,Imran Tahir,Delhi Capitals,1,18,7.67,5,27.78,1,5.56,0.1146932881406259,0.3179057681048435,0.32686035968114224,0.15108702378202574,0.08092775130645463,0.6927706558189533,powerplay,,,,
2014,Iqbal Abdulla,Rajasthan Royals,0,6,9.0,1,16.67,1,16.67,0.024008172263007544,0.36118236378383406,0.24517578916018284,0.26873822891646854,-0.12477383253264457,0.4870690719798541,powerplay,Iqbal Abdulla,2014.0,12590619.49405,-0.9910063010927257
2014,JA Morkel,Delhi Capitals,1,18,6.0,7,38.89,2,11.11,0.1146932881406259,0.26356598255302816,0.40854493020210153,0.20985967801210292,0.12084848439263464,0.7326913889051333,powerplay,,,,
2014,JA Morkel,Punjab Kings,0,6,10.0,1,16.67,1,16.67,0.024008172263007544,0.3937211575274361,0.24517578916018284,0.26873822891646854,-0.14104322940444558,0.4707996751080531,powerplay,,,,
2014,JA Morkel,Royal Challengers Bengaluru,2,48,9.25,18,37.5,12,25.0,0.20537840401824425,0.3693170622197346,0.3983251684537547,0.35695015859872853,0.17151659373387979,0.7833594982463785,powerplay,,,,
2014,JD Unadkat,Delhi Capitals,2,54,7.44,21,38.89,7,12.96,0.20537840401824425,0.310421845543815,0.40854493020210153,0.229450562755462,0.22953004976499694,0.8413729542774956,powerplay,JD Unadkat,2014.0,54236514.743599996,0.4232020638680178
2014,JD Unadkat,Punjab Kings,1,12,1.5,10,83.33,0,0.0,0.1146932881406259,0.11714141070681933,0.735283212285939,0.09220847287766012,0.31561249596777885,0.9274554004802775,powerplay,JD Unadkat,2014.0,54236514.743599996,0.5819188372627164
2014,JDS Neesham,Delhi Capitals,0,12,11.0,2,16.67,3,25.0,0.024008172263007544,0.42625995127103805,0.24517578916018284,0.35695015859872853,-0.1749550122126986,0.4368878922998001,powerplay,JDS Neesham,2014.0,19370183.836999997,-0.9032181299100938
2014,JDS Neesham,Punjab Kings,0,6,18.0,2,33.33,4,66.67,0.024008172263007544,0.6540315074762518,0.3676658832087142,0.7982216003586053,-0.34034805045272143,0.27149485405977725,powerplay,JDS Neesham,2014.0,19370183.836999997,-1.7570718652788668
2014,JH Kallis,Delhi Capitals,0,6,6.0,3,50.0,1,16.67,0.024008172263007544,0.26356598255302816,0.49022950072306093,0.26873822891646854,-0.002449528448378209,0.6093933760641205,powerplay,JH Kallis,2014.0,106536011.1035,-0.002299249261358665
2014,JH Kallis,Kolkata Knight Riders,2,24,7.75,8,33.33,3,12.5,0.20537840401824425,0.3205088716043316,0.3676658832087142,0.2245793157381943,0.21319707204017593,0.8250399765526746,powerplay,JH Kallis,2014.0,106536011.1035,0.2001173779944271
2014,JJ Bumrah,Mumbai Indians,0,84,6.64,46,54.76,15,17.86,0.024008172263007544,0.2843908105489334,0.5252266704512127,0.28133993315679134,-0.004883132375949832,0.6069597721365488,powerplay,JJ Bumrah,2014.0,23244220.604399998,-0.021007941969994396
2014,JJ Bumrah,Punjab Kings,0,6,9.0,3,50.0,2,33.33,0.024008172263007544,0.36118236378383406,0.49022950072306093,0.4451620882809885,-0.08654249093668515,0.5253004135758135,powerplay,JJ Bumrah,2014.0,23244220.604399998,-0.37231831692521083
2014,JJ Bumrah,Royal Challengers Bengaluru,0,6,6.0,1,16.67,0,0.0,0.024008172263007544,0.26356598255302816,0.24517578916018284,0.09220847287766012,-0.04065969070947994,0.5711832138030187,powerplay,JJ Bumrah,2014.0,23244220.604399998,-0.17492387205180496
2014,JO Holder,Sunrisers Hyderabad,1,12,10.5,6,50.0,0,0.0,0.1146932881406259,0.40999055439923704,0.49022950072306093,0.09220847287766012,0.09567181065270658,0.7075147151652053,powerplay,JO Holder,2014.0,14527637.87775,0.6585503538688422
2014,JP Duminy,Delhi Capitals,0,30,6.8,7,23.33,2,6.67,0.024008172263007544,0.28959701754790973,0.2941424173932692,0.16284155462804115,-0.05311183608707103,0.5587310684254276,powerplay,JP Duminy,2014.0,42614404.4414,-0.12463352892824367
2014,JP Duminy,Punjab Kings,0,6,12.0,2,33.33,1,16.67,0.024008172263007544,0.45879874501464,0.3676658832087142,0.26873822891646854,-0.13683499493348814,0.4750079095790105,powerplay,JP Duminy,2014.0,42614404.4414,-0.32110033385930087
2014,JP Duminy,Royal Challengers Bengaluru,0,12,8.0,5,41.67,2,16.67,0.024008172263007544,0.32864357004023215,0.42898445369879523,0.26873822891646854,-0.053361836299259884,0.5584810682132388,powerplay,JP Duminy,2014.0,42614404.4414,-0.12522018551881656
2014,JP Faulkner,Delhi Capitals,1,6,2.0,4,66.67,0,0.0,0.1146932881406259,0.13341080757862028,0.6127931182374077,0.09220847287766012,0.270730769317319,0.8825736738298177,powerplay,,,,
2014,JP Faulkner,Punjab Kings,1,6,6.0,3,50.0,1,16.67,0.1146932881406259,0.26356598255302816,0.49022950072306093,0.26873822891646854,0.13357814536804932,0.745421049880548,powerplay,,,,
2014,JP Faulkner,Rajasthan Royals,3,78,10.38,21,26.92,17,21.79,0.2960635198958626,0.40608589915000487,0.32053734162101394,0.32295732615214334,0.272622067524667,0.8844649720371657,powerplay,,,,
2014,JP Faulkner,Royal Challengers Bengaluru,0,6,7.0,2,33.33,1,16.67,0.024008172263007544,0.2961047762966302,0.3676658832087142,0.26873822891646854,-0.055488010574483236,0.5563548939380154,powerplay,,,,
2014,JW Hastings,Chennai Super Kings,0,12,13.0,5,41.67,6,50.0,0.024008172263007544,0.491337538758242,0.42898445369879523,0.6216918443197968,-0.2052995437389305,0.4065433607735682,powerplay,JW Hastings,2014.0,9685091.918499999,-2.119748015470841
2014,K Santokie,Mumbai Indians,1,12,9.5,5,41.67,2,16.67,0.1146932881406259,0.3774517606556351,0.42898445369879523,0.26873822891646854,0.05826174220946615,0.6701046467219648,powerplay,K Santokie,2014.0,5811055.151099999,1.0026017770359232
2014,K Santokie,Punjab Kings,0,6,12.0,2,33.33,2,33.33,0.024008172263007544,0.45879874501464,0.3676658832087142,0.4451620882809885,-0.17211976680639213,0.43972313770610655,powerplay,K Santokie,2014.0,5811055.151099999,-2.9619365559421826
2014,KA Pollard,Mumbai Indians,0,6,11.0,3,50.0,2,33.33,0.024008172263007544,0.42625995127103805,0.49022950072306093,0.4451620882809885,-0.11908128468028717,0.4927616198322115,powerplay,,,,
2014,Karanveer Singh,Punjab Kings,1,18,5.67,7,38.89,1,5.56,0.1146932881406259,0.2528281806176395,0.40854493020210153,0.15108702378202574,0.1379719162063444,0.7498148207188431,powerplay,,,,
2014,KK Cooper,Punjab Kings,0,6,7.0,3,50.0,1,16.67,0.024008172263007544,0.2961047762966302,0.49022950072306093,0.26873822891646854,-0.01871892532017922,0.5931239791923194,powerplay,KK Cooper,2014.0,5811055.151099999,-0.32212609988111773
2014,KK Cooper,Rajasthan Royals,2,30,6.0,13,43.33,3,10.0,0.20537840401824425,0.26356598255302816,0.4411893490241591,0.1981051471660875,0.26902039002488254,0.8808632945373812,powerplay,KK Cooper,2014.0,5811055.151099999,4.629458558381751
2014,KV Sharma,Delhi Capitals,0,6,14.0,1,16.67,2,33.33,0.024008172263007544,0.523876332501844,0.24517578916018284,0.4451620882809885,-0.2414055887645535,0.37043731574794514,powerplay,KV Sharma,2014.0,72638189.38875,-0.3323397661698073
2014,KV Sharma,Punjab Kings,0,6,5.0,4,66.67,1,16.67,0.024008172263007544,0.23102718880942621,0.6127931182374077,0.26873822891646854,0.05058895367772679,0.6624318581902254,powerplay,KV Sharma,2014.0,72638189.38875,0.06964511932832107
2014,KV Sharma,Royal Challengers Bengaluru,1,6,2.0,4,66.67,0,0.0,0.1146932881406259,0.13341080757862028,0.6127931182374077,0.09220847287766012,0.270730769317319,0.8825736738298177,powerplay,KV Sharma,2014.0,72638189.38875,0.3727113404058073
2014,KV Sharma,Sunrisers Hyderabad,3,60,6.4,26,43.33,8,13.33,0.2960635198958626,0.276581500050469,0.4411893490241591,0.23336873970413377,0.39148758658498045,1.0033304910974792,powerplay,KV Sharma,2014.0,72638189.38875,0.5389555960567665
2014,KW Richardson,Delhi Capitals,0,6,7.0,2,33.33,1,16.67,0.024008172263007544,0.2961047762966302,0.3676658832087142,0.26873822891646854,-0.055488010574483236,0.5563548939380154,powerplay,KW Richardson,2014.0,19370183.836999997,-0.2864609393561495
2014,KW Richardson,Rajasthan Royals,3,54,5.89,24,44.44,6,11.11,0.2960635198958626,0.2599867152412319,0.44935045372967347,0.20985967801210292,0.4069351227396595,1.018778027252158,powerplay,KW Richardson,2014.0,19370183.836999997,2.100832527786089
2014,KW Richardson,Royal Challengers Bengaluru,1,6,1.0,5,83.33,0,0.0,0.1146932881406259,0.10087201383501831,0.735283212285939,0.09220847287766012,0.3237471944036794,0.9355900989161781,powerplay,KW Richardson,2014.0,19370183.836999997,1.6713687238490376
2014,L Balaji,Punjab Kings,4,48,7.5,23,47.92,9,18.75,0.38674863577348095,0.31237417316843114,0.47493661983344837,0.2907647371684614,0.5082639055923482,1.120106810104847,powerplay,L Balaji,2014.0,34866330.9066,1.4577499047831752
2014,L Balaji,Royal Challengers Bengaluru,0,6,8.0,4,66.67,2,33.33,0.024008172263007544,0.32864357004023215,0.6127931182374077,0.4451620882809885,-0.03350400881058016,0.5783388957019185,powerplay,L Balaji,2014.0,34866330.9066,-0.09609272882865356
2014,LR Shukla,Delhi Capitals,0,8,14.25,1,12.5,2,25.0,0.024008172263007544,0.5320110309377445,0.21451650391514226,0.35695015859872853,-0.23702833761956393,0.37481456689293474,powerplay,LR Shukla,2014.0,29055275.7555,-0.8157841612454696
2014,M de Lange,Mumbai Indians,0,6,14.0,1,16.67,3,50.0,0.024008172263007544,0.523876332501844,0.24517578916018284,0.6216918443197968,-0.2767115399723152,0.3351313645401835,powerplay,M de Lange,2014.0,5811055.151099999,-4.7618123176809855
2014,M Kartik,Punjab Kings,1,12,10.5,5,41.67,4,33.33,0.1146932881406259,0.40999055439923704,0.42898445369879523,0.4451620882809885,0.006707573464761196,0.6185504779772599,powerplay,,,,
2014,M Morkel,Kolkata Knight Riders,2,108,7.67,62,57.41,20,18.52,0.20537840401824425,0.3179057681048435,0.5447103888923057,0.28832911365982755,0.2548620159106708,0.8667049204231695,powerplay,M Morkel,2014.0,54236514.743599996,0.46990854245615954
2014,M Morkel,Punjab Kings,3,30,5.2,22,73.33,4,13.33,0.2960635198958626,0.2375349475581466,0.661759746470494,0.23336873970413377,0.4771819820650421,1.0890248865775407,powerplay,M Morkel,2014.0,54236514.743599996,0.8798168251055446
2014,M Morkel,Royal Challengers Bengaluru,0,18,10.0,7,38.89,6,33.33,0.024008172263007544,0.3937211575274361,0.40854493020210153,0.4451620882809885,-0.12731725896477397,0.4845256455477247,powerplay,M Morkel,2014.0,54236514.743599996,-0.23474454353613797
2014,M Muralitharan,Royal Challengers Bengaluru,0,30,8.8,14,46.67,6,20.0,0.024008172263007544,0.3546746050351137,0.46574618660651773,0.3040018214545148,-0.06240155243199319,0.5494413520805055,powerplay,M Muralitharan,2014.0,19370183.836999997,-0.3221526081378574
2014,MA Starc,Delhi Capitals,1,6,8.0,3,50.0,1,16.67,0.1146932881406259,0.32864357004023215,0.49022950072306093,0.26873822891646854,0.10103935162444733,0.712882256136946,powerplay,,,,
2014,MA Starc,Punjab Kings,0,6,2.0,4,66.67,0,0.0,0.024008172263007544,0.13341080757862028,0.6127931182374077,0.09220847287766012,0.13470309550089143,0.7465460000133901,powerplay,,,,
2014,MA Starc,Royal Challengers Bengaluru,4,108,7.33,52,48.15,19,17.59,0.38674863577348095,0.3068425782320188,0.4766276595472036,0.27848072295100385,0.5139938178181723,1.125836722330671,powerplay,,,,
2014,MC Henriques,Delhi Capitals,0,6,15.0,2,33.33,3,50.0,0.024008172263007544,0.5564151262454459,0.3676658832087142,0.6216918443197968,-0.25623390862955675,0.3556089958829419,powerplay,MC Henriques,2014.0,19370183.836999997,-1.3228264160307608
2014,MC Henriques,Sunrisers Hyderabad,1,18,13.67,5,27.78,8,44.44,0.1146932881406259,0.5131385305664553,0.32686035968114224,0.5628132934154312,-0.09903388385103236,0.5128090206614663,powerplay,MC Henriques,2014.0,19370183.836999997,-0.5112697157879451
2014,MG Johnson,Punjab Kings,4,156,8.65,69,44.23,32,20.51,0.38674863577348095,0.3497937859735734,0.44780646094754917,0.3094025518432247,0.47768748858905463,1.0895303931015534,powerplay,MG Johnson,2014.0,125906194.94049999,0.37939951152903745
2014,MG Johnson,Royal Challengers Bengaluru,0,12,4.5,9,75.0,2,16.67,0.024008172263007544,0.21475779193762523,0.6740381652616734,0.26873822891646854,0.07709716622090701,0.6889400707334057,powerplay,MG Johnson,2014.0,125906194.94049999,0.06123381479151294
2014,MM Sharma,Chennai Super Kings,2,90,9.4,39,43.33,25,27.78,0.20537840401824425,0.3741978812812749,0.4411893490241591,0.3863894340509113,0.17604758328379438,0.7878904877962931,powerplay,MM Sharma,2014.0,38740367.673999995,0.45442930424727496
2014,MM Sharma,Delhi Capitals,1,6,3.0,4,66.67,0,0.0,0.1146932881406259,0.16594960132222228,0.6127931182374077,0.09220847287766012,0.254461372445518,0.8663042769580167,powerplay,MM Sharma,2014.0,38740367.673999995,0.6568377837474574
2014,MM Sharma,Punjab Kings,1,12,3.0,9,75.0,1,8.33,0.1146932881406259,0.16594960132222228,0.6740381652616734,0.18042040255992012,0.2551925006163457,0.8670354051288444,powerplay,MM Sharma,2014.0,38740367.673999995,0.6587250352495087
2014,MM Sharma,Royal Challengers Bengaluru,1,6,3.0,4,66.67,0,0.0,0.1146932881406259,0.16594960132222228,0.6127931182374077,0.09220847287766012,0.254461372445518,0.8663042769580167,powerplay,MM Sharma,2014.0,38740367.673999995,0.6568377837474574
2014,Mohammed Shami,Delhi Capitals,1,102,8.53,42,41.18,23,22.55,0.1146932881406259,0.3458891307243412,0.42538180387383845,0.3310054733980638,0.060508813331307046,0.6723517178438058,powerplay,Mohammed Shami,2014.0,82323281.30725,0.07350145957554075
2014,Mohammed Shami,Punjab Kings,1,12,8.5,6,50.0,2,16.67,0.1146932881406259,0.3449129669120331,0.49022950072306093,0.26873822891646854,0.09290465318854685,0.7047475577010456,powerplay,Mohammed Shami,2014.0,82323281.30725,0.1128534379500796
2014,Mohammed Shami,Royal Challengers Bengaluru,0,12,7.0,6,50.0,2,16.67,0.024008172263007544,0.2961047762966302,0.49022950072306093,0.26873822891646854,-0.01871892532017922,0.5931239791923194,powerplay,Mohammed Shami,2014.0,82323281.30725,-0.02273831293278478
2014,NM Coulter-Nile,Delhi Capitals,1,12,1.5,9,75.0,0,0.0,0.1146932881406259,0.11714141070681933,0.6740381652616734,0.09220847287766012,0.2972389818604992,0.9090818863729979,powerplay,NM Coulter-Nile,2014.0,82323281.30725,0.36106308827891936
2014,P Awana,Punjab Kings,3,72,11.83,23,31.94,22,30.56,0.2960635198958626,0.4532671500782277,0.3574461214603673,0.41582870950309414,0.24152979934217145,0.8533727038546701,powerplay,,,,
2014,P Kumar,Mumbai Indians,1,24,4.0,11,45.83,1,4.17,0.1146932881406259,0.19848839506582425,0.45957021547802035,0.13636738605593432,0.18339332211024598,0.7952362266227446,powerplay,,,,
2014,P Kumar,Punjab Kings,0,12,1.0,10,83.33,0,0.0,0.024008172263007544,0.10087201383501831,0.735283212285939,0.09220847287766012,0.18771952058725183,0.7995624250997505,powerplay,,,,
2014,P Negi,Chennai Super Kings,0,6,8.0,1,16.67,0,0.0,0.024008172263007544,0.32864357004023215,0.24517578916018284,0.09220847287766012,-0.07319848445308191,0.5386444200594167,powerplay,P Negi,2014.0,1937018.3837,-3.77892564515891
2014,P Suyal,Mumbai Indians,0,6,28.0,0,0.0,5,83.33,0.024008172263007544,0.9794194449122715,0.12261217164583607,0.9746454597231251,-0.6118429045124987,0.0,powerplay,P Suyal,2014.0,1937018.3837,-31.586840355318962
2014,Parvez Rasool,Sunrisers Hyderabad,0,18,9.33,5,27.78,3,16.67,0.024008172263007544,0.3719201657192227,0.32686035968114224,0.26873822891646854,-0.10563736234405105,0.5062055421684476,powerplay,Parvez Rasool,2014.0,18401674.64515,-0.5740638522369113
2014,PJ Cummins,Kolkata Knight Riders,1,12,8.0,9,75.0,3,25.0,0.1146932881406259,0.32864357004023215,0.6740381652616734,0.35695015859872853,0.1385395650495791,0.7503824695620778,powerplay,PJ Cummins,2014.0,19370183.836999997,0.7152207031971863
2014,PP Chawla,Kolkata Knight Riders,0,6,10.0,3,50.0,2,33.33,0.024008172263007544,0.3937211575274361,0.49022950072306093,0.4451620882809885,-0.10281188780848616,0.5090310167040125,powerplay,,,,
2014,PP Ojha,Delhi Capitals,0,6,6.0,3,50.0,1,16.67,0.024008172263007544,0.26356598255302816,0.49022950072306093,0.26873822891646854,-0.002449528448378209,0.6093933760641205,powerplay,PP Ojha,2014.0,62953097.470249996,-0.0038910372115300487
2014,PP Ojha,Mumbai Indians,3,84,7.86,35,41.67,13,15.48,0.2960635198958626,0.32408813891612787,0.42898445369879523,0.25613652467614567,0.3595192415601394,0.971362146072638,powerplay,PP Ojha,2014.0,62953097.470249996,0.5710906309733829
2014,PP Ojha,Punjab Kings,0,6,14.0,3,50.0,2,33.33,0.024008172263007544,0.523876332501844,0.49022950072306093,0.4451620882809885,-0.1678894752956901,0.4439534292168086,powerplay,PP Ojha,2014.0,62953097.470249996,-0.26668977705986635
2014,PV Tambe,Delhi Capitals,0,6,11.0,2,33.33,2,33.33,0.024008172263007544,0.42625995127103805,0.3676658832087142,0.4451620882809885,-0.15585036993459117,0.4559925345779075,powerplay,PV Tambe,2014.0,1937018.3837,-8.045890077557925
2014,PV Tambe,Rajasthan Royals,1,36,7.5,14,38.89,5,13.89,0.1146932881406259,0.31237417316843114,0.40854493020210153,0.23929895346428573,0.09055653399449659,0.7023994385069953,powerplay,PV Tambe,2014.0,1937018.3837,4.675047730911042
2014,PV Tambe,Royal Challengers Bengaluru,0,6,9.0,3,50.0,2,33.33,0.024008172263007544,0.36118236378383406,0.49022950072306093,0.4451620882809885,-0.08654249093668515,0.5253004135758135,powerplay,PV Tambe,2014.0,1937018.3837,-4.46781980310253
2014,R Ashwin,Chennai Super Kings,5,96,6.13,46,47.92,11,11.46,0.4774337516510992,0.2677960257396964,0.47493661983344837,0.21356606161219788,0.6820203882343954,1.293863292746894,powerplay,,,,
2014,R Ashwin,Royal Challengers Bengaluru,1,6,3.0,3,50.0,0,0.0,0.1146932881406259,0.16594960132222228,0.49022950072306093,0.09220847287766012,0.21769228719121397,0.8295351917037126,powerplay,,,,
2014,R Bhatia,Delhi Capitals,0,6,4.0,2,33.33,0,0.0,0.024008172263007544,0.19848839506582425,0.3676658832087142,0.09220847287766012,0.028626131248681415,0.6404690357611801,powerplay,R Bhatia,2014.0,32929312.522899996,0.08693206464232733
2014,R Bhatia,Rajasthan Royals,1,18,7.67,5,27.78,2,11.11,0.1146932881406259,0.3179057681048435,0.32686035968114224,0.20985967801210292,0.0691732204604392,0.6810161249729378,powerplay,R Bhatia,2014.0,32929312.522899996,0.21006578990173008
2014,R Dhawan,Delhi Capitals,0,6,11.0,2,33.33,2,33.33,0.024008172263007544,0.42625995127103805,0.3676658832087142,0.4451620882809885,-0.15585036993459117,0.4559925345779075,powerplay,R Dhawan,2014.0,58110551.511,-0.2681963359185975
2014,R Dhawan,Punjab Kings,0,36,9.33,10,27.78,8,22.22,0.024008172263007544,0.3719201657192227,0.32686035968114224,0.3275108831465457,-0.11739189319006649,0.4944510113224322,powerplay,R Dhawan,2014.0,58110551.511,-0.20201476347689604
2014,R Rampaul,Royal Challengers Bengaluru,1,30,6.2,15,50.0,4,13.33,0.1146932881406259,0.27007374130174855,0.49022950072306093,0.23336873970413377,0.13739816383615608,0.7492410683486548,powerplay,R Rampaul,2014.0,17433165.4533,0.7881423726759124
2014,R Sharma,Delhi Capitals,0,6,9.0,1,16.67,1,16.67,0.024008172263007544,0.36118236378383406,0.24517578916018284,0.26873822891646854,-0.12477383253264457,0.4870690719798541,powerplay,,,,
2014,R Shukla,Delhi Capitals,1,18,10.67,6,33.33,6,33.33,0.1146932881406259,0.41552214933564935,0.3676658832087142,0.4451620882809885,-0.014453795150469281,0.5973891093620294,powerplay,R Shukla,2014.0,7748073.5348,-0.1865469537111508
2014,R Shukla,Royal Challengers Bengaluru,1,6,1.0,5,83.33,0,0.0,0.1146932881406259,0.10087201383501831,0.735283212285939,0.09220847287766012,0.3237471944036794,0.9355900989161781,powerplay,R Shukla,2014.0,7748073.5348,4.178421809622593
2014,R Tewatia,Punjab Kings,0,6,3.0,3,50.0,0,0.0,0.024008172263007544,0.16594960132222228,0.49022950072306093,0.09220847287766012,0.08166461337478642,0.6935075178872852,powerplay,R Tewatia,2014.0,1937018.3837,4.215995783106331
2014,R Tewatia,Royal Challengers Bengaluru,0,6,2.0,4,66.67,0,0.0,0.024008172263007544,0.13341080757862028,0.6127931182374077,0.09220847287766012,0.13470309550089143,0.7465460000133901,powerplay,R Tewatia,2014.0,1937018.3837,6.954146467293099
2014,R Vinay Kumar,Kolkata Knight Riders,1,54,7.67,22,40.74,8,14.81,0.1146932881406259,0.3179057681048435,0.4221467713779589,0.24904144749882104,0.08992279007214057,0.7017656945846392,powerplay,,,,
2014,R Vinay Kumar,Royal Challengers Bengaluru,0,6,12.0,1,16.67,2,33.33,0.024008172263007544,0.45879874501464,0.24517578916018284,0.4451620882809885,-0.20886679502095154,0.40297610949154716,powerplay,,,,
2014,RA Jadeja,Chennai Super Kings,4,30,5.6,17,56.67,3,10.0,0.38674863577348095,0.25055046505558737,0.5392696524219627,0.1981051471660875,0.577007587425799,1.1888504919382976,powerplay,,,,
2014,RA Jadeja,Delhi Capitals,0,6,3.0,4,66.67,0,0.0,0.024008172263007544,0.16594960132222228,0.6127931182374077,0.09220847287766012,0.11843369862909045,0.7302766031415892,powerplay,,,,
2014,S Badree,Chennai Super Kings,1,42,7.43,21,50.0,6,14.29,0.1146932881406259,0.31009645760637894,0.49022950072306093,0.24353482043582278,0.11535358953750309,0.7271964940500018,powerplay,S Badree,2014.0,5811055.151099999,1.9850713259134585
2014,S Badree,Royal Challengers Bengaluru,0,12,8.0,8,66.67,4,33.33,0.024008172263007544,0.32864357004023215,0.6127931182374077,0.4451620882809885,-0.03350400881058016,0.5783388957019185,powerplay,S Badree,2014.0,5811055.151099999,-0.5765563729719213
2014,S Gopal,Mumbai Indians,1,6,4.0,5,83.33,1,16.67,0.1146932881406259,0.19848839506582425,0.735283212285939,0.26873822891646854,0.2396330525805147,0.8514759570930134,powerplay,S Gopal,2014.0,1937018.3837,12.371232746009312
2014,S Gopal,Punjab Kings,0,6,11.0,1,16.67,1,16.67,0.024008172263007544,0.42625995127103805,0.24517578916018284,0.26873822891646854,-0.1573126262762466,0.4545302782362521,powerplay,S Gopal,2014.0,1937018.3837,-8.12138013763997
2014,S Kaul,Delhi Capitals,1,36,9.83,12,33.33,8,22.22,0.1146932881406259,0.3881895625910237,0.3676658832087142,0.3275108831465457,0.022742739248732102,0.6345856437612307,powerplay,S Kaul,2014.0,8716582.72665,0.26091347907705464
2014,S Kaul,Royal Challengers Bengaluru,0,6,5.0,4,66.67,1,16.67,0.024008172263007544,0.23102718880942621,0.6127931182374077,0.26873822891646854,0.05058895367772679,0.6624318581902254,powerplay,S Kaul,2014.0,8716582.72665,0.5803759944026756
2014,S Nadeem,Delhi Capitals,2,42,7.57,14,33.33,6,14.29,0.20537840401824425,0.3146518887304833,0.3676658832087142,0.24353482043582278,0.21233446253757443,0.8241773670500732,powerplay,S Nadeem,2014.0,16464656.261449998,1.289637992836388
2014,Sandeep Sharma,Delhi Capitals,1,12,9.0,5,41.67,2,16.67,0.1146932881406259,0.36118236378383406,0.42898445369879523,0.26873822891646854,0.06639644064536668,0.6782393451578653,powerplay,Sandeep Sharma,2014.0,16464656.261449998,0.40326648544024524
2014,Sandeep Sharma,Delhi Capitals,1,12,9.0,5,41.67,2,16.67,0.1146932881406259,0.36118236378383406,0.42898445369879523,0.26873822891646854,0.06639644064536668,0.6782393451578653,powerplay,Sandeep Sharma,2014.0,1937018.3837,3.427765126242084
2014,Sandeep Sharma,Punjab Kings,8,108,8.5,53,49.07,23,21.3,0.7494890992839544,0.3449129669120331,0.4833918184022245,0.3177683891120104,1.03324103316818,1.6450839376806787,powerplay,Sandeep Sharma,2014.0,16464656.261449998,6.275509289479605
2014,Sandeep Sharma,Punjab Kings,8,108,8.5,53,49.07,23,21.3,0.7494890992839544,0.3449129669120331,0.4833918184022245,0.3177683891120104,1.03324103316818,1.6450839376806787,powerplay,Sandeep Sharma,2014.0,1937018.3837,53.341828960576635
2014,Sandeep Sharma,Royal Challengers Bengaluru,3,12,6.5,8,66.67,2,16.67,0.2960635198958626,0.27983537942482917,0.6127931182374077,0.26873822891646854,0.4342678798193079,1.0461107843318067,powerplay,Sandeep Sharma,2014.0,16464656.261449998,2.6375763509627204
2014,Sandeep Sharma,Royal Challengers Bengaluru,3,12,6.5,8,66.67,2,16.67,0.2960635198958626,0.27983537942482917,0.6127931182374077,0.26873822891646854,0.4342678798193079,1.0461107843318067,powerplay,Sandeep Sharma,2014.0,1937018.3837,22.41939898318312
2014,SB Jakati,Royal Challengers Bengaluru,0,6,15.0,0,0.0,2,33.33,0.024008172263007544,0.5564151262454459,0.12261217164583607,0.4451620882809885,-0.2944440708906585,0.3173988336218402,powerplay,SB Jakati,2014.0,3874036.7674,-7.60044595777727
2014,Shakib Al Hasan,Delhi Capitals,0,12,2.5,7,58.33,0,0.0,0.024008172263007544,0.14968020445042127,0.5514745477473265,0.09220847287766012,0.10817282591796662,0.7200157304304653,powerplay,Shakib Al Hasan,2014.0,54236514.743599996,0.19944649177652257
2014,Shakib Al Hasan,Kolkata Knight Riders,2,66,5.82,32,48.48,8,12.12,0.20537840401824425,0.2577089996791798,0.4790539339191133,0.22055524211523406,0.2788182379404637,0.8906611424529624,powerplay,Shakib Al Hasan,2014.0,54236514.743599996,0.5140784566607218
2014,Shakib Al Hasan,Punjab Kings,0,6,15.0,1,16.67,2,33.33,0.024008172263007544,0.5564151262454459,0.24517578916018284,0.4451620882809885,-0.2576749856363545,0.3541679188761442,powerplay,Shakib Al Hasan,2014.0,54236514.743599996,-0.4750950293441571
2014,Shivam Sharma,Punjab Kings,0,6,2.0,5,83.33,0,0.0,0.024008172263007544,0.13341080757862028,0.735283212285939,0.09220847287766012,0.17145012371545082,0.7832930282279496,powerplay,,,,
2014,SK Raina,Chennai Super Kings,0,6,10.0,2,33.33,1,16.67,0.024008172263007544,0.3937211575274361,0.3676658832087142,0.26873822891646854,-0.10429620118988617,0.5075467033226125,powerplay,,,,
2014,SK Raina,Royal Challengers Bengaluru,0,6,5.0,4,66.67,0,0.0,0.024008172263007544,0.23102718880942621,0.6127931182374077,0.09220847287766012,0.08589490488548848,0.6977378093979871,powerplay,,,,
2014,SL Malinga,Delhi Capitals,0,7,6.86,5,71.43,0,0.0,0.024008172263007544,0.2915493451725259,0.6477902879655596,0.09220847287766012,0.06613297762238421,0.6779758821348829,powerplay,,,,
2014,SL Malinga,Mumbai Indians,2,54,4.78,28,51.85,3,5.56,0.20537840401824425,0.22386865418583377,0.5038313418989183,0.15108702378202574,0.31706527674771984,0.9289081812602185,powerplay,,,,
2014,SL Malinga,Royal Challengers Bengaluru,1,12,6.0,7,58.33,2,16.67,0.1146932881406259,0.26356598255302816,0.5514745477473265,0.26873822891646854,0.15195165947532902,0.7637945639878276,powerplay,,,,
2014,SP Narine,Delhi Capitals,0,6,6.0,3,50.0,1,16.67,0.024008172263007544,0.26356598255302816,0.49022950072306093,0.26873822891646854,-0.002449528448378209,0.6093933760641205,powerplay,,,,
2014,SP Narine,Kolkata Knight Riders,3,72,5.83,43,59.72,10,13.89,0.2960635198958626,0.25803438761661585,0.5616943094956734,0.23929895346428573,0.4357265881913309,1.0475694927038295,powerplay,,,,
2014,SP Narine,Punjab Kings,0,18,6.0,6,33.33,2,11.11,0.024008172263007544,0.26356598255302816,0.3676658832087142,0.20985967801210292,-0.0274429035218091,0.5844000009906896,powerplay,,,,
2014,SP Narine,Royal Challengers Bengaluru,0,6,1.0,5,83.33,0,0.0,0.024008172263007544,0.10087201383501831,0.735283212285939,0.09220847287766012,0.18771952058725183,0.7995624250997505,powerplay,,,,
2014,SR Watson,Delhi Capitals,0,6,11.0,2,33.33,1,16.67,0.024008172263007544,0.42625995127103805,0.3676658832087142,0.26873822891646854,-0.12056559806168718,0.49127730645081147,powerplay,,,,
2014,SR Watson,Punjab Kings,0,12,8.0,8,66.67,3,25.0,0.024008172263007544,0.32864357004023215,0.6127931182374077,0.35695015859872853,-0.015861622874128165,0.5959812816383705,powerplay,,,,
2014,SR Watson,Rajasthan Royals,2,30,8.6,15,50.0,8,26.67,0.20537840401824425,0.3481668462863933,0.49022950072306093,0.3746349032048959,0.2061260524601088,0.8179689569726074,powerplay,,,,
2014,SR Watson,Royal Challengers Bengaluru,0,12,5.0,8,66.67,2,16.67,0.024008172263007544,0.23102718880942621,0.6127931182374077,0.26873822891646854,0.05058895367772679,0.6624318581902254,powerplay,,,,
2014,STR Binny,Rajasthan Royals,0,6,12.0,1,16.67,2,33.33,0.024008172263007544,0.45879874501464,0.24517578916018284,0.4451620882809885,-0.20886679502095154,0.40297610949154716,powerplay,,,,
2014,TG Southee,Rajasthan Royals,0,36,6.5,19,52.78,5,13.89,0.024008172263007544,0.27983537942482917,0.5106690242197547,0.23929895346428573,0.0014354852551659997,0.6132783897676647,powerplay,TG Southee,2014.0,23244220.604399998,0.006175665252868365
2014,UT Yadav,Delhi Capitals,1,12,7.0,6,50.0,2,16.67,0.1146932881406259,0.2961047762966302,0.49022950072306093,0.26873822891646854,0.11730874849624831,0.729151653008747,powerplay,UT Yadav,2014.0,50362477.9762,0.23292886531851226
2014,UT Yadav,Kolkata Knight Riders,3,84,7.36,37,44.05,15,17.86,0.2960635198958626,0.3078187420443269,0.44648303856287114,0.28133993315679134,0.36786283375913353,0.9797057382716322,powerplay,UT Yadav,2014.0,50362477.9762,0.730430369079488
2014,UT Yadav,Punjab Kings,1,18,8.33,5,27.78,3,16.67,0.1146932881406259,0.3393813719756208,0.32686035968114224,0.26873822891646854,0.046659708344177424,0.6585026128566761,powerplay,UT Yadav,2014.0,50362477.9762,0.09264776122856304
2014,UT Yadav,Royal Challengers Bengaluru,0,6,10.0,2,33.33,2,33.33,0.024008172263007544,0.3937211575274361,0.3676658832087142,0.4451620882809885,-0.13958097306279016,0.4722619314497085,powerplay,UT Yadav,2014.0,50362477.9762,-0.27715271104958833
2014,VR Aaron,Delhi Capitals,1,12,2.5,10,83.33,0,0.0,0.1146932881406259,0.14968020445042127,0.735283212285939,0.09220847287766012,0.2993430990959779,0.9111860036084766,powerplay,VR Aaron,2014.0,38740367.673999995,0.7726903926543719
2014,VR Aaron,Punjab Kings,1,12,5.0,6,50.0,1,8.33,0.1146932881406259,0.23102718880942621,0.49022950072306093,0.18042040255992012,0.16751110751116,0.7793540120236586,powerplay,VR Aaron,2014.0,38740367.673999995,0.4323942119516396
2014,VR Aaron,Royal Challengers Bengaluru,3,72,7.5,31,43.06,10,13.89,0.2960635198958626,0.31237417316843114,0.43920421544714217,0.23929895346428573,0.37180966720086384,0.9836525717133625,powerplay,VR Aaron,2014.0,38740367.673999995,0.9597473888984235
2014,VS Malik,Punjab Kings,0,6,9.0,3,50.0,2,33.33,0.024008172263007544,0.36118236378383406,0.49022950072306093,0.4451620882809885,-0.08654249093668515,0.5253004135758135,powerplay,VS Malik,2014.0,3874036.7674,-2.233909901551265
2014,WD Parnell,Delhi Capitals,2,78,8.46,40,51.28,19,24.36,0.20537840401824425,0.34361141516228905,0.4996405043474379,0.35017277144426917,0.21611949546159936,0.827962399974098,powerplay,WD Parnell,2014.0,19370183.836999997,1.1157328050174633
2014,Y Venugopal Rao,Sunrisers Hyderabad,0,6,9.0,1,16.67,1,16.67,0.024008172263007544,0.36118236378383406,0.24517578916018284,0.26873822891646854,-0.12477383253264457,0.4870690719798541,powerplay,Y Venugopal Rao,2014.0,10653601.11035,-1.1711892649277669
2014,YS Chahal,Punjab Kings,0,6,7.0,1,16.67,0,0.0,0.024008172263007544,0.2961047762966302,0.24517578916018284,0.09220847287766012,-0.05692908758128095,0.5549138169312178,powerplay,YS Chahal,2014.0,1937018.3837,-2.939006054890286
2014,YS Chahal,Royal Challengers Bengaluru,1,30,6.8,5,16.67,3,10.0,0.1146932881406259,0.28959701754790973,0.24517578916018284,0.1981051471660875,0.06117313075182134,0.67301603526432,powerplay,YS Chahal,2014.0,1937018.3837,3.1581079078336547
2014,Yuvraj Singh,Royal Challengers Bengaluru,0,18,9.33,5,27.78,3,16.67,0.024008172263007544,0.3719201657192227,0.32686035968114224,0.26873822891646854,-0.10563736234405105,0.5062055421684476,powerplay,Yuvraj Singh,2014.0,271182573.718,-0.038954332830361836
2014,Z Khan,Delhi Capitals,0,6,2.0,4,66.67,0,0.0,0.024008172263007544,0.13341080757862028,0.6127931182374077,0.09220847287766012,0.13470309550089143,0.7465460000133901,powerplay,Z Khan,2014.0,50362477.9762,0.26746717181896534
2014,Z Khan,Mumbai Indians,2,42,7.43,16,38.1,6,14.29,0.20537840401824425,0.31009645760637894,0.40273657640268146,0.24353482043582278,0.22513338605781674,0.8369762905703154,powerplay,Z Khan,2014.0,50362477.9762,0.4470260303001948
2014,Z Khan,Royal Challengers Bengaluru,2,12,3.5,8,66.67,1,8.33,0.20537840401824425,0.18221899819402324,0.6127931182374077,0.18042040255992012,0.36471196188959304,0.9765548664020918,powerplay,Z Khan,2014.0,50362477.9762,0.7241739813953285
2015,A Mishra,Delhi Capitals,0,18,7.67,6,33.33,3,16.67,0.032311952470777575,0.3039817868579439,0.3910662699831093,0.25770947262058097,-0.03774497825198901,0.5740979262605097,powerplay,A Mishra,2015.0,61093668.0445,-0.0617821444678947
2015,A Nehra,Chennai Super Kings,7,192,8.0,84,43.75,39,20.31,0.5711612094741133,0.3152278604732921,0.4695370605693818,0.2985153128553732,0.7802859395742638,1.3921288440867625,powerplay,,,,
2015,A Nehra,Punjab Kings,1,6,4.0,5,83.33,1,16.67,0.10929041775696839,0.17891181665088932,0.7676055722205013,0.25770947262058097,0.25321949545204214,0.8650623999645408,powerplay,,,,
2015,A Nehra,Royal Challengers Bengaluru,2,18,3.33,9,50.0,0,0.0,0.18626888304315922,0.15607887931063685,0.5166044733490558,0.0708321768200351,0.3421787915501301,0.9540216960626288,powerplay,,,,
2015,AB Dinda,Royal Challengers Bengaluru,0,24,11.25,3,12.5,4,16.67,0.032311952470777575,0.42598464607899433,0.2341999966710118,0.25770947262058097,-0.14580628985614347,0.4660366146563552,powerplay,,,,
2015,AD Mathews,Delhi Capitals,4,48,9.63,19,39.58,14,29.17,0.3402258136155409,0.3707766483309212,0.43813368276278336,0.3978394184818181,0.3768226173903221,0.9886655219028208,powerplay,AD Mathews,2015.0,130915002.9525,0.287837611344702
2015,AD Mathews,Punjab Kings,1,12,6.5,6,50.0,2,16.67,0.10929041775696839,0.26410934403989106,0.5166044733490558,0.25770947262058097,0.13532040209610757,0.7471633066086063,powerplay,AD Mathews,2015.0,130915002.9525,0.10336508348489744
2015,AD Russell,Delhi Capitals,0,6,8.0,1,16.67,1,16.67,0.032311952470777575,0.3152278604732921,0.26560337447761034,0.25770947262058097,-0.08100688371131277,0.5308360208011859,powerplay,,,,
2015,AD Russell,Kolkata Knight Riders,0,36,6.83,18,50.0,6,16.67,0.032311952470777575,0.27535541765523924,0.5166044733490558,0.25770947262058097,0.014229667359147269,0.626072571871646,powerplay,,,,
2015,AD Russell,Punjab Kings,1,6,14.0,1,16.67,3,50.0,0.10929041775696839,0.5197019262068963,0.26560337447761034,0.6313519602649837,-0.1425047161777092,0.46933818833478946,powerplay,,,,
2015,AN Ahmed,Royal Challengers Bengaluru,0,30,7.0,15,50.0,6,20.0,0.032311952470777575,0.2811488495176914,0.5166044733490558,0.2950400901980145,0.0038668279124344715,0.6157097324249331,powerplay,,,,
2015,Ankit Sharma,Rajasthan Royals,2,18,3.67,11,61.11,1,5.56,0.18626888304315922,0.16766574303554108,0.6002715063062043,0.13316197673911337,0.3490195095910069,0.9608624141035056,powerplay,,,,
2015,Ankit Sharma,Royal Challengers Bengaluru,0,6,3.0,3,50.0,0,0.0,0.032311952470777575,0.1448328056952886,0.5166044733490558,0.0708321768200351,0.11686643249923176,0.7287093370117305,powerplay,,,,
2015,Anureet Singh,Delhi Capitals,0,12,5.5,5,41.67,1,8.33,0.032311952470777575,0.23003033308429036,0.4538730255963064,0.16421477274196353,0.036771715294520384,0.6486146198070191,powerplay,,,,
2015,Anureet Singh,Punjab Kings,6,108,8.22,50,46.3,22,20.37,0.49418274418792246,0.3227252428835243,0.48874056498348883,0.29918793659550713,0.6666960770160667,1.2785389815285653,powerplay,,,,
2015,Anureet Singh,Royal Challengers Bengaluru,0,12,5.0,5,41.67,1,8.33,0.032311952470777575,0.21299082760649002,0.4538730255963064,0.16421477274196353,0.045291468033420566,0.6571343725459192,powerplay,,,,
2015,AR Patel,Punjab Kings,2,30,7.4,10,33.33,4,13.33,0.18626888304315922,0.2947804538999317,0.3910662699831093,0.2202667510864584,0.2052796283924141,0.8171225329049128,powerplay,,,,
2015,Azhar Mahmood,Kolkata Knight Riders,0,6,14.0,1,16.67,2,33.33,0.032311952470777575,0.5197019262068963,0.26560337447761034,0.44447466446443784,-0.22059695494688625,0.3912459495656124,powerplay,,,,
2015,B Kumar,Delhi Capitals,1,6,2.0,4,66.67,0,0.0,0.10929041775696839,0.11075379473968792,0.6421426767150024,0.0708321768200351,0.2870350969161023,0.898878001428601,powerplay,,,,
2015,B Kumar,Punjab Kings,1,12,4.5,7,58.33,1,8.33,0.10929041775696839,0.19595132212868965,0.5793359211018053,0.16421477274196353,0.20691778735325664,0.8187606918657553,powerplay,,,,
2015,B Kumar,Royal Challengers Bengaluru,0,12,7.0,7,58.33,3,25.0,0.032311952470777575,0.2811488495176914,0.5793359211018053,0.35109206854250946,0.011475866569360352,0.6233187710818591,powerplay,,,,
2015,B Kumar,Sunrisers Hyderabad,2,101,9.09,47,46.53,23,22.77,0.18626888304315922,0.35237398241489687,0.49047264577378086,0.3260928862008647,0.18513954984925168,0.7969824543617503,powerplay,,,,
2015,BB Sran,Rajasthan Royals,0,12,10.5,5,41.67,3,25.0,0.032311952470777575,0.4004253878622938,0.4538730255963064,0.35109206854250946,-0.08580127125459051,0.5260416332579082,powerplay,,,,
2015,BE Hendricks,Punjab Kings,1,30,10.6,8,26.67,7,23.33,0.10929041775696839,0.4038332889578539,0.34091123492508874,0.3323707077754481,-0.0021817889210373753,0.6096611155914613,powerplay,,,,
2015,Bipul Sharma,Sunrisers Hyderabad,2,12,6.5,7,58.33,2,16.67,0.18626888304315922,0.26410934403989106,0.5793359211018053,0.25770947262058097,0.26960753435121865,0.8814504388637173,powerplay,,,,
2015,CH Morris,Delhi Capitals,0,6,5.0,4,66.67,1,16.67,0.032311952470777575,0.21299082760649002,0.6421426767150024,0.25770947262058097,0.08307342339330587,0.6949163279058046,powerplay,CH Morris,2015.0,24437467.2178,0.3399428535408778
2015,CH Morris,Punjab Kings,0,6,10.0,3,50.0,1,16.67,0.032311952470777575,0.3833858823844935,0.5166044733490558,0.25770947262058097,-0.03978556500547986,0.5720573395070188,powerplay,CH Morris,2015.0,24437467.2178,-0.1628055994955994
2015,CH Morris,Rajasthan Royals,2,66,7.45,39,59.09,13,19.7,0.18626888304315922,0.29648440444771174,0.5850593184958137,0.29167697149734484,0.24834352359015813,0.8601864281026568,powerplay,CH Morris,2015.0,24437467.2178,1.0162408459796
2015,CH Morris,Royal Challengers Bengaluru,0,6,10.0,3,50.0,2,33.33,0.032311952470777575,0.3833858823844935,0.5166044733490558,0.44447466446443784,-0.07713860337425124,0.5347043011382474,powerplay,CH Morris,2015.0,24437467.2178,-0.3156571124443874
2015,CJ Anderson,Mumbai Indians,1,12,10.5,5,41.67,3,25.0,0.10929041775696839,0.4004253878622938,0.4538730255963064,0.35109206854250946,0.029666426674695698,0.6415093311871943,powerplay,,,,
2015,D Wiese,Delhi Capitals,1,6,4.0,4,66.67,0,0.0,0.10929041775696839,0.17891181665088932,0.6421426767150024,0.0708321768200351,0.2529560859605016,0.8647989904730002,powerplay,D Wiese,2015.0,48874934.4356,0.5175579034153159
2015,D Wiese,Punjab Kings,1,12,8.5,4,33.33,2,16.67,0.10929041775696839,0.3322673659510924,0.3910662699831093,0.25770947262058097,0.06357993013072295,0.6754228346432216,powerplay,D Wiese,2015.0,48874934.4356,0.13008698807463154
2015,D Wiese,Royal Challengers Bengaluru,4,66,7.82,24,36.36,11,16.67,0.3402258136155409,0.309093638501284,0.4138845516986953,0.25770947262058097,0.4284153721581617,1.0402582766706603,powerplay,D Wiese,2015.0,48874934.4356,0.8765543669887941
2015,DJ Hooda,Delhi Capitals,0,6,5.0,1,16.67,0,0.0,0.032311952470777575,0.21299082760649002,0.26560337447761034,0.0708321768200351,0.007487091882197436,0.6193299963946961,powerplay,,,,
2015,DJ Hooda,Rajasthan Royals,0,12,8.5,5,41.67,3,25.0,0.032311952470777575,0.3322673659510924,0.4538730255963064,0.35109206854250946,-0.05172226029898981,0.5601206442135088,powerplay,,,,
2015,DJ Muthuswami,Delhi Capitals,3,48,8.38,25,52.08,12,25.0,0.26324734832935,0.3281778846364204,0.5322685083221314,0.35109206854250946,0.3202442189639523,0.932087123476451,powerplay,DJ Muthuswami,2015.0,13091500.29525,2.4461995320746146
2015,DJ Muthuswami,Punjab Kings,0,18,8.67,7,38.89,3,16.67,0.032311952470777575,0.33806079781354453,0.43293744039190735,0.25770947262058097,-0.04222313260714991,0.5696197719053487,powerplay,DJ Muthuswami,2015.0,13091500.29525,-0.32252325291143114
2015,DJG Sammy,Royal Challengers Bengaluru,0,6,8.0,1,16.67,1,16.67,0.032311952470777575,0.3152278604732921,0.26560337447761034,0.25770947262058097,-0.08100688371131277,0.5308360208011859,powerplay,DJG Sammy,2015.0,48874934.4356,-0.16574320691529806
2015,DS Kulkarni,Delhi Capitals,0,6,18.0,1,16.67,4,66.67,0.032311952470777575,0.6560179700292991,0.26560337447761034,0.8182292560655295,-0.363505895178306,0.24833700933419267,powerplay,,,,
2015,DS Kulkarni,Punjab Kings,0,12,6.0,7,58.33,2,16.67,0.032311952470777575,0.24706983856209072,0.5793359211018053,0.25770947262058097,0.04719189123154638,0.659034795744045,powerplay,,,,
2015,DS Kulkarni,Rajasthan Royals,5,78,7.31,41,52.56,16,20.51,0.4172042789017317,0.2917133429139276,0.5358832856236103,0.300757391989153,0.5805632541848862,1.1924061586973849,powerplay,,,,
2015,DS Kulkarni,Royal Challengers Bengaluru,1,24,8.5,13,54.17,7,29.17,0.10929041775696839,0.3322673659510924,0.5480078511556544,0.3978394184818181,0.08263641531023906,0.6944793198227377,powerplay,,,,
2015,DW Steyn,Sunrisers Hyderabad,1,54,9.0,19,35.19,13,24.07,0.10929041775696839,0.3493068714288928,0.40507353202634033,0.3406664005704334,0.042670970414821596,0.6545138749273203,powerplay,,,,
2015,GB Hogg,Kolkata Knight Riders,3,24,3.25,14,58.33,1,4.17,0.26324734832935,0.15335255843418877,0.5793359211018053,0.1175795267593438,0.46847961425560336,1.080322518768102,powerplay,GB Hogg,2015.0,8727666.863499999,5.36775316453511
2015,GB Hogg,Royal Challengers Bengaluru,1,12,11.5,4,33.33,3,25.0,0.10929041775696839,0.43450439881789454,0.3910662699831093,0.35109206854250946,-0.0062151054870638045,0.6056277990254348,powerplay,GB Hogg,2015.0,8727666.863499999,-0.07121153435697707
2015,GJ Maxwell,Punjab Kings,1,12,5.0,8,66.67,1,8.33,0.10929041775696839,0.21299082760649002,0.6421426767150024,0.16421477274196353,0.21724006129831558,0.8290829658108143,powerplay,,,,
2015,GS Sandhu,Delhi Capitals,0,6,7.0,3,50.0,1,16.67,0.032311952470777575,0.2811488495176914,0.5166044733490558,0.25770947262058097,0.011332951427921178,0.6231758559404199,powerplay,GS Sandhu,2015.0,29674067.3359,0.03819143260556821
2015,Gurkeerat Singh,Punjab Kings,0,18,7.67,6,33.33,3,16.67,0.032311952470777575,0.3039817868579439,0.3910662699831093,0.25770947262058097,-0.03774497825198901,0.5740979262605097,powerplay,,,,
2015,Harbhajan Singh,Delhi Capitals,0,12,6.0,3,25.0,1,8.33,0.032311952470777575,0.24706983856209072,0.3283348222303598,0.16421477274196353,-0.009409498454163771,0.602433406058335,powerplay,,,,
2015,Harbhajan Singh,Mumbai Indians,3,36,10.17,12,33.33,10,27.78,0.26324734832935,0.3891793142469456,0.3910662699831093,0.3822569685020486,0.24114985266507521,0.852992757177574,powerplay,,,,
2015,Harbhajan Singh,Royal Challengers Bengaluru,1,12,7.0,6,50.0,2,16.67,0.10929041775696839,0.2811488495176914,0.5166044733490558,0.25770947262058097,0.1268006493572074,0.738643553869706,powerplay,,,,
2015,HH Pandya,Mumbai Indians,0,6,7.0,2,33.33,1,16.67,0.032311952470777575,0.2811488495176914,0.3910662699831093,0.25770947262058097,-0.026328509581862766,0.585514394930636,powerplay,HH Pandya,2015.0,1745533.3727,-1.5083360761609326
2015,HV Patel,Delhi Capitals,0,6,4.0,2,33.33,0,0.0,0.032311952470777575,0.17891181665088932,0.3910662699831093,0.0708321768200351,0.06216546601164746,0.6740083705241462,powerplay,,,,
2015,HV Patel,Punjab Kings,2,6,7.0,2,33.33,1,16.67,0.18626888304315922,0.2811488495176914,0.3910662699831093,0.25770947262058097,0.20460688627670967,0.8164497907892083,powerplay,,,,
2015,HV Patel,Royal Challengers Bengaluru,4,108,8.06,44,40.74,22,20.37,0.3402258136155409,0.31727260113062816,0.4468693945746908,0.29918793659550713,0.425925650911303,1.0377685554238016,powerplay,,,,
2015,I Sharma,Delhi Capitals,0,12,11.5,6,50.0,5,41.67,0.032311952470777575,0.43450439881789454,0.5166044733490558,0.5379693643430553,-0.12139680156667525,0.4904461029458234,powerplay,,,,
2015,I Sharma,Sunrisers Hyderabad,1,36,8.17,18,50.0,8,22.22,0.10929041775696839,0.32102129233574417,0.5166044733490558,0.3199271685829702,0.09442088875570318,0.7062637932682019,powerplay,,,,
2015,IC Pandey,Chennai Super Kings,3,60,8.5,30,50.0,15,25.0,0.26324734832935,0.3322673659510924,0.5166044733490558,0.35109206854250946,0.31350026781469353,0.9253431723271922,powerplay,,,,
2015,IC Pandey,Delhi Capitals,2,18,7.33,10,55.56,4,22.22,0.18626888304315922,0.2923949231330396,0.5584756437578539,0.3199271685829702,0.23676312240898112,0.8486060269214798,powerplay,,,,
2015,IC Pandey,Punjab Kings,1,18,7.33,8,44.44,3,16.67,0.10929041775696839,0.2923949231330396,0.47473330294025784,0.25770947262058097,0.10861626142689393,0.7204591659393926,powerplay,,,,
2015,Imran Tahir,Delhi Capitals,0,18,6.0,6,33.33,2,11.11,0.032311952470777575,0.24706983856209072,0.3910662699831093,0.19537967270150267,0.0031769558797532377,0.6150198603922519,powerplay,,,,
2015,Iqbal Abdulla,Royal Challengers Bengaluru,0,24,8.0,8,33.33,4,16.67,0.032311952470777575,0.3152278604732921,0.3910662699831093,0.25770947262058097,-0.043368015059663104,0.5684748894528355,powerplay,,,,
2015,J Botha,Kolkata Knight Riders,0,30,6.4,9,30.0,3,10.0,0.032311952470777575,0.260701442944331,0.36598875245409906,0.18293613350902482,-0.008673393731574393,0.6031695107809243,powerplay,,,,
2015,J Suchith,Mumbai Indians,1,54,9.67,17,31.48,12,22.22,0.10929041775696839,0.37213980876914526,0.37713431580032586,0.3199271685829702,0.027020583274383655,0.6388634877868823,powerplay,J Suchith,2015.0,1745533.3727,1.5479843408887726
2015,J Suchith,Punjab Kings,1,12,7.0,2,16.67,1,8.33,0.10929041775696839,0.2811488495176914,0.26560337447761034,0.16421477274196353,0.07019925967149726,0.682042164183996,powerplay,J Suchith,2015.0,1745533.3727,4.021650961786694
2015,J Theron,Rajasthan Royals,0,6,12.0,1,16.67,2,33.33,0.032311952470777575,0.4515439042956949,0.26560337447761034,0.44447466446443784,-0.18651794399128557,0.4253249605212131,powerplay,J Theron,2015.0,5236600.1181,-3.561813768185149
2015,J Yadav,Delhi Capitals,0,6,6.0,1,16.67,0,0.0,0.032311952470777575,0.24706983856209072,0.26560337447761034,0.0708321768200351,-0.009552413595602922,0.6022904909168958,powerplay,,,,
2015,JA Morkel,Delhi Capitals,0,18,9.33,6,33.33,4,22.22,0.032311952470777575,0.360552945044241,0.3910662699831093,0.3199271685829702,-0.0784740965376154,0.5333688079748833,powerplay,,,,
2015,JD Unadkat,Delhi Capitals,0,6,13.0,1,16.67,2,33.33,0.032311952470777575,0.4856229152512956,0.26560337447761034,0.44447466446443784,-0.20355744946908588,0.4082854550434128,powerplay,JD Unadkat,2015.0,19200867.0997,-1.0601471715424056
2015,JJ Bumrah,Delhi Capitals,0,6,14.0,3,50.0,2,33.33,0.032311952470777575,0.5197019262068963,0.5166044733490558,0.44447466446443784,-0.14529662528545262,0.46654627922704606,powerplay,,,,
2015,JJ Bumrah,Mumbai Indians,0,18,7.33,5,27.78,2,11.11,0.032311952470777575,0.2923949231330396,0.34927040743475884,0.19537967270150267,-0.032024345170226315,0.5798185593422723,powerplay,,,,
2015,JJ Bumrah,Royal Challengers Bengaluru,0,6,7.0,4,66.67,0,0.0,0.032311952470777575,0.2811488495176914,0.6421426767150024,0.0708321768200351,0.08636987159781434,0.698212776110313,powerplay,,,,
2015,JP Duminy,Delhi Capitals,3,42,7.71,13,30.95,7,16.67,0.26324734832935,0.30534494729616785,0.3731429991966095,0.25770947262058097,0.30259955408080763,0.9144424585933063,powerplay,,,,
2015,JP Faulkner,Punjab Kings,1,12,4.5,7,58.33,1,8.33,0.10929041775696839,0.19595132212868965,0.5793359211018053,0.16421477274196353,0.20691778735325664,0.8187606918657553,powerplay,,,,
2015,JP Faulkner,Rajasthan Royals,0,42,8.43,16,38.1,8,19.05,0.032311952470777575,0.3298818351842004,0.42698811941655657,0.2843902143125605,-0.04525459592347897,0.5665883085890198,powerplay,,,,
2015,JP Faulkner,Royal Challengers Bengaluru,0,12,9.5,3,25.0,3,25.0,0.032311952470777575,0.36634637690669314,0.3283348222303598,0.35109206854250946,-0.10642322678657415,0.5054196777259246,powerplay,,,,
2015,Karanveer Singh,Punjab Kings,0,12,15.5,2,16.67,4,33.33,0.032311952470777575,0.5708204426402973,0.26560337447761034,0.44447466446443784,-0.24615621316358677,0.3656866913489119,powerplay,,,,
2015,KC Cariappa,Kolkata Knight Riders,0,6,12.0,2,33.33,2,33.33,0.032311952470777575,0.4515439042956949,0.3910662699831093,0.44447466446443784,-0.1488790753396359,0.4629638291728628,powerplay,KC Cariappa,2015.0,41892800.9448,-0.3553810487291271
2015,KV Sharma,Punjab Kings,0,6,6.0,1,16.67,0,0.0,0.032311952470777575,0.24706983856209072,0.26560337447761034,0.0708321768200351,-0.009552413595602922,0.6022904909168958,powerplay,,,,
2015,KV Sharma,Sunrisers Hyderabad,1,36,8.0,10,27.78,3,8.33,0.10929041775696839,0.3152278604732921,0.34927040743475884,0.16421477274196353,0.07825986408084148,0.6901027685933402,powerplay,,,,
2015,M de Lange,Mumbai Indians,0,12,2.5,12,100.0,0,0.0,0.032311952470777575,0.12779330021748825,0.8931437755864479,0.0708321768200351,0.23834797590934953,0.8501908804218482,powerplay,,,,
2015,M Morkel,Delhi Capitals,1,12,6.0,8,66.67,2,16.67,0.10929041775696839,0.24706983856209072,0.6421426767150024,0.25770947262058097,0.1815016158447917,0.7933445203572904,powerplay,,,,
2015,M Morkel,Kolkata Knight Riders,4,72,8.33,30,41.67,14,19.44,0.3402258136155409,0.32647393408864034,0.4538730255963064,0.28876226862343113,0.4255112073331968,1.0373541118456955,powerplay,,,,
2015,M Morkel,Punjab Kings,1,18,6.67,9,50.0,3,16.67,0.10929041775696839,0.2699027759023432,0.5166044733490558,0.25770947262058097,0.1324236861648815,0.7442665906773802,powerplay,,,,
2015,M Vijay,Punjab Kings,0,6,5.0,1,16.67,0,0.0,0.032311952470777575,0.21299082760649002,0.26560337447761034,0.0708321768200351,0.007487091882197436,0.6193299963946961,powerplay,M Vijay,2015.0,52366001.181,0.01429762004610347
2015,MA Starc,Delhi Capitals,0,6,7.0,3,50.0,1,16.67,0.032311952470777575,0.2811488495176914,0.5166044733490558,0.25770947262058097,0.011332951427921178,0.6231758559404199,powerplay,,,,
2015,MA Starc,Royal Challengers Bengaluru,0,48,8.38,21,43.75,12,25.0,0.032311952470777575,0.3281778846364204,0.4695370605693818,0.35109206854250946,-0.04497830914973118,0.5668645953627675,powerplay,,,,
2015,MC Henriques,Delhi Capitals,0,6,7.0,2,33.33,1,16.67,0.032311952470777575,0.2811488495176914,0.3910662699831093,0.25770947262058097,-0.026328509581862766,0.585514394930636,powerplay,,,,
2015,MC Henriques,Sunrisers Hyderabad,4,30,5.8,17,56.67,4,13.33,0.3402258136155409,0.24025403637097054,0.566834816267524,0.2202667510864584,0.5162087969007915,1.1280517014132903,powerplay,,,,
2015,MG Johnson,Punjab Kings,2,54,9.56,24,44.44,15,27.78,0.18626888304315922,0.3683911175640292,0.47473330294025784,0.3822569685020486,0.16117636296439186,0.7730192674768905,powerplay,,,,
2015,MG Johnson,Royal Challengers Bengaluru,0,18,12.0,9,50.0,6,33.33,0.032311952470777575,0.4515439042956949,0.5166044733490558,0.44447466446443784,-0.11121761432985194,0.5006252901826467,powerplay,,,,
2015,MJ McClenaghan,Delhi Capitals,0,6,10.0,4,66.67,2,33.33,0.032311952470777575,0.3833858823844935,0.6421426767150024,0.44447466446443784,-0.039477142364467255,0.5723657621480314,powerplay,MJ McClenaghan,2015.0,5236600.1181,-0.7538697145886095
2015,MJ McClenaghan,Mumbai Indians,4,96,8.13,47,48.96,21,21.88,0.3402258136155409,0.31965813189752024,0.5087724558625181,0.3161156340555446,0.43991826442219767,1.0517611689346964,powerplay,MJ McClenaghan,2015.0,5236600.1181,8.400837461345313
2015,MJ McClenaghan,Punjab Kings,0,6,12.0,2,33.33,2,33.33,0.032311952470777575,0.4515439042956949,0.3910662699831093,0.44447466446443784,-0.1488790753396359,0.4629638291728628,powerplay,MJ McClenaghan,2015.0,5236600.1181,-2.843048389833017
2015,MJ McClenaghan,Royal Challengers Bengaluru,0,6,8.0,4,66.67,2,33.33,0.032311952470777575,0.3152278604732921,0.6421426767150024,0.44447466446443784,-0.005398131408866552,0.6064447731036321,powerplay,MJ McClenaghan,2015.0,5236600.1181,-0.10308465964793129
2015,MM Sharma,Chennai Super Kings,4,132,8.95,52,39.39,27,20.45,0.3402258136155409,0.3476029208811127,0.43670283341428123,0.30008476824901903,0.4075311563572355,1.0193740608697341,powerplay,,,,
2015,MM Sharma,Delhi Capitals,0,12,8.5,4,33.33,3,25.0,0.032311952470777575,0.3322673659510924,0.3910662699831093,0.35109206854250946,-0.07056428698294895,0.5412786175295498,powerplay,,,,
2015,MM Sharma,Royal Challengers Bengaluru,0,18,8.67,7,38.89,3,16.67,0.032311952470777575,0.33806079781354453,0.43293744039190735,0.25770947262058097,-0.04222313260714991,0.5696197719053487,powerplay,,,,
2015,NLTC Perera,Delhi Capitals,0,6,9.0,0,0.0,1,16.67,0.032311952470777575,0.3493068714288928,0.14006517111166375,0.25770947262058097,-0.13570785019889708,0.4761350543136016,powerplay,,,,
2015,NLTC Perera,Punjab Kings,1,6,7.0,2,33.33,1,16.67,0.10929041775696839,0.2811488495176914,0.3910662699831093,0.25770947262058097,0.08913918834742343,0.7009820928599221,powerplay,,,,
2015,NM Coulter-Nile,Delhi Capitals,6,120,6.9,60,50.0,19,15.83,0.49418274418792246,0.2777409484221314,0.5166044733490558,0.24829274025870585,0.7077264360237935,1.319569340536292,powerplay,,,,
2015,NM Coulter-Nile,Punjab Kings,0,6,5.0,5,83.33,1,16.67,0.032311952470777575,0.21299082760649002,0.7676055722205013,0.25770947262058097,0.12071229204495554,0.7325551965574542,powerplay,,,,
2015,P Kumar,Delhi Capitals,0,6,13.0,2,33.33,3,50.0,0.032311952470777575,0.4856229152512956,0.3910662699831093,0.6313519602649837,-0.20329403997754542,0.40854886453495326,powerplay,P Kumar,2015.0,38401734.1994,-0.5293876545312939
2015,P Kumar,Punjab Kings,0,6,15.0,2,33.33,3,50.0,0.032311952470777575,0.553780937162497,0.3910662699831093,0.6313519602649837,-0.2373730509331461,0.3744698535793526,powerplay,P Kumar,2015.0,38401734.1994,-0.6181310711141136
2015,P Kumar,Royal Challengers Bengaluru,1,6,8.0,4,66.67,2,33.33,0.10929041775696839,0.3152278604732921,0.6421426767150024,0.44447466446443784,0.11006956652041966,0.7219124710329183,powerplay,P Kumar,2015.0,38401734.1994,0.2866265516783339
2015,P Kumar,Sunrisers Hyderabad,3,72,8.25,35,48.61,15,20.83,0.26324734832935,0.32374761321219225,0.5061366807468564,0.3043447186032007,0.3239692763913456,0.9358121809038442,powerplay,P Kumar,2015.0,38401734.1994,0.8436318909691516
2015,P Negi,Chennai Super Kings,0,24,6.5,4,16.67,1,4.17,0.032311952470777575,0.26410934403989106,0.26560337447761034,0.1175795267593438,-0.027421636322364815,0.5844212681901338,powerplay,,,,
2015,P Negi,Punjab Kings,1,6,10.0,1,16.67,1,16.67,0.10929041775696839,0.3833858823844935,0.26560337447761034,0.25770947262058097,0.00038180326237273465,0.6122247077748714,powerplay,,,,
2015,P Suyal,Mumbai Indians,0,30,9.6,11,36.67,7,23.33,0.032311952470777575,0.3697542780022532,0.4162190953725671,0.3323707077754481,-0.07801762323827971,0.533825281274219,powerplay,,,,
2015,Parvez Rasool,Delhi Capitals,0,6,6.0,2,33.33,0,0.0,0.032311952470777575,0.24706983856209072,0.3910662699831093,0.0708321768200351,0.028086455056046747,0.6399293595685455,powerplay,,,,
2015,PJ Cummins,Kolkata Knight Riders,0,12,14.0,4,33.33,5,41.67,0.032311952470777575,0.5197019262068963,0.3910662699831093,0.5379693643430553,-0.20165702627096005,0.4101858782415386,powerplay,,,,
2015,PJ Cummins,Royal Challengers Bengaluru,0,6,14.0,0,0.0,2,33.33,0.032311952470777575,0.5197019262068963,0.14006517111166375,0.44447466446443784,-0.2582584159566702,0.35358448855582847,powerplay,,,,
2015,PP Chawla,Delhi Capitals,0,6,9.0,2,33.33,0,0.0,0.032311952470777575,0.3493068714288928,0.3910662699831093,0.0708321768200351,-0.023032061377354265,0.5888108431351444,powerplay,,,,
2015,PP Chawla,Kolkata Knight Riders,2,18,8.67,9,50.0,5,27.78,0.18626888304315922,0.33806079781354453,0.5166044733490558,0.3822569685020486,0.18890287396227357,0.8007457784747722,powerplay,,,,
2015,PP Chawla,Royal Challengers Bengaluru,1,12,10.5,3,25.0,3,25.0,0.10929041775696839,0.4004253878622938,0.3283348222303598,0.35109206854250946,-0.007995034335088275,0.6038478701774104,powerplay,,,,
2015,PP Ojha,Mumbai Indians,0,6,11.0,1,16.67,1,16.67,0.032311952470777575,0.4174648933400942,0.26560337447761034,0.25770947262058097,-0.1321254001447138,0.4797175043677849,powerplay,PP Ojha,2015.0,8727666.863499999,-1.5138685081722794
2015,PV Tambe,Delhi Capitals,1,12,2.5,7,58.33,0,0.0,0.10929041775696839,0.12779330021748825,0.5793359211018053,0.0708321768200351,0.259673317493243,0.8715162220057417,powerplay,,,,
2015,PV Tambe,Rajasthan Royals,1,30,8.0,12,40.0,4,13.33,0.10929041775696839,0.3152278604732921,0.44129661290157746,0.2202667510864584,0.09465733005198809,0.7065002345644867,powerplay,,,,
2015,PV Tambe,Royal Challengers Bengaluru,0,6,15.0,1,16.67,3,50.0,0.032311952470777575,0.553780937162497,0.26560337447761034,0.6313519602649837,-0.27501191958479576,0.3368309849277029,powerplay,,,,
2015,R Ashwin,Chennai Super Kings,1,48,6.63,25,52.08,6,12.5,0.10929041775696839,0.26853961546411914,0.5322685083221314,0.21096212268127223,0.14715394686377797,0.7589968513762766,powerplay,,,,
2015,R Ashwin,Delhi Capitals,0,6,4.0,5,83.33,1,16.67,0.032311952470777575,0.17891181665088932,0.7676055722205013,0.25770947262058097,0.13775179752275588,0.7495947020352546,powerplay,,,,
2015,R Ashwin,Punjab Kings,0,6,2.0,4,66.67,0,0.0,0.032311952470777575,0.11075379473968792,0.6421426767150024,0.0708321768200351,0.17156739898681608,0.7834103034993147,powerplay,,,,
2015,R Dhawan,Punjab Kings,0,24,7.5,5,20.83,2,8.33,0.032311952470777575,0.29818835499549173,0.29693144442376135,0.16421477274196353,-0.0443897700128438,0.5674531344996548,powerplay,,,,
2015,R Tewatia,Rajasthan Royals,0,6,7.0,3,50.0,1,16.67,0.032311952470777575,0.2811488495176914,0.5166044733490558,0.25770947262058097,0.011332951427921178,0.6231758559404199,powerplay,,,,
2015,R Vinay Kumar,Mumbai Indians,4,120,7.7,53,44.17,24,20.0,0.3402258136155409,0.3050041571866119,0.4726999907081759,0.2950400901980145,0.44063862100285517,1.052481525515354,powerplay,,,,
2015,R Vinay Kumar,Punjab Kings,0,12,4.0,7,58.33,1,8.33,0.032311952470777575,0.17891181665088932,0.5793359211018053,0.16421477274196353,0.09996984216287058,0.7118127466753692,powerplay,,,,
2015,RA Jadeja,Chennai Super Kings,1,36,6.5,18,50.0,6,16.67,0.10929041775696839,0.26410934403989106,0.5166044733490558,0.25770947262058097,0.13532040209610757,0.7471633066086063,powerplay,,,,
2015,RG More,Chennai Super Kings,0,6,15.0,0,0.0,3,50.0,0.032311952470777575,0.553780937162497,0.14006517111166375,0.6313519602649837,-0.3126733805945797,0.29916952391791896,powerplay,,,,
2015,RS Bopara,Royal Challengers Bengaluru,0,6,10.0,1,16.67,0,0.0,0.032311952470777575,0.3833858823844935,0.26560337447761034,0.0708321768200351,-0.0777104355068043,0.5341324690056943,powerplay,RS Bopara,2015.0,17455333.726999998,-0.4451959310671982
2015,RS Bopara,Sunrisers Hyderabad,0,6,6.0,1,16.67,0,0.0,0.032311952470777575,0.24706983856209072,0.26560337447761034,0.0708321768200351,-0.009552413595602922,0.6022904909168958,powerplay,RS Bopara,2015.0,17455333.726999998,-0.05472489810279136
2015,S Aravind,Punjab Kings,0,12,15.5,2,16.67,5,41.67,0.032311952470777575,0.5708204426402973,0.26560337447761034,0.5379693643430553,-0.26485515313931024,0.34698775137318844,powerplay,,,,
2015,S Aravind,Royal Challengers Bengaluru,5,60,5.1,29,48.33,5,8.33,0.4172042789017317,0.21639872870205004,0.5040280606543269,0.16421477274196353,0.6359725176494778,1.2478154221619766,powerplay,,,,
2015,S Nadeem,Delhi Capitals,0,18,6.0,9,50.0,2,11.11,0.032311952470777575,0.24706983856209072,0.5166044733490558,0.19537967270150267,0.04083841688953718,0.6526813214020358,powerplay,,,,
2015,SA Abbott,Royal Challengers Bengaluru,0,6,9.0,2,33.33,1,16.67,0.032311952470777575,0.3493068714288928,0.3910662699831093,0.25770947262058097,-0.06040752053746344,0.5514353839750352,powerplay,SA Abbott,2015.0,17455333.726999998,-0.3460691240982966
2015,Sandeep Sharma,Delhi Capitals,0,12,4.5,8,66.67,1,8.33,0.032311952470777575,0.19595132212868965,0.6421426767150024,0.16421477274196353,0.11029211610792955,0.7221350206204282,powerplay,,,,
2015,Sandeep Sharma,Punjab Kings,5,132,7.95,61,46.21,28,21.21,0.4172042789017317,0.31352390992551205,0.48806279423946153,0.3086046689573823,0.5537423678702035,1.1655852723827023,powerplay,,,,
2015,Sandeep Sharma,Royal Challengers Bengaluru,0,6,24.0,0,0.0,4,66.67,0.032311952470777575,0.8604920357629032,0.14006517111166375,0.8182292560655295,-0.503404389054892,0.10843851545760663,powerplay,,,,
2015,Shakib Al Hasan,Kolkata Knight Riders,3,30,8.0,15,50.0,6,20.0,0.26324734832935,0.3152278604732921,0.5166044733490558,0.2950400901980145,0.33323041622249266,0.9450733207349913,powerplay,,,,
2015,SK Raina,Chennai Super Kings,0,6,4.0,3,50.0,0,0.0,0.032311952470777575,0.17891181665088932,0.5166044733490558,0.0708321768200351,0.0998269270214314,0.71166983153393,powerplay,,,,
2015,SL Malinga,Delhi Capitals,0,12,4.5,8,66.67,1,8.33,0.032311952470777575,0.19595132212868965,0.6421426767150024,0.16421477274196353,0.11029211610792955,0.7221350206204282,powerplay,,,,
2015,SL Malinga,Mumbai Indians,2,78,7.54,34,43.59,14,17.95,0.18626888304315922,0.2995515154337158,0.4683321348022222,0.2720587790767717,0.2157154514731932,0.8275583559856918,powerplay,,,,
2015,SL Malinga,Punjab Kings,1,6,7.0,3,50.0,1,16.67,0.10929041775696839,0.2811488495176914,0.5166044733490558,0.25770947262058097,0.1268006493572074,0.738643553869706,powerplay,,,,
2015,SL Malinga,Royal Challengers Bengaluru,0,12,2.0,8,66.67,0,0.0,0.032311952470777575,0.11075379473968792,0.6421426767150024,0.0708321768200351,0.17156739898681608,0.7834103034993147,powerplay,,,,
2015,SN Thakur,Delhi Capitals,0,6,19.0,2,33.33,3,50.0,0.032311952470777575,0.6900969809848998,0.3910662699831093,0.6313519602649837,-0.30553107284434755,0.3063118316681511,powerplay,,,,
2015,SP Narine,Delhi Capitals,1,6,4.0,5,83.33,1,16.67,0.10929041775696839,0.17891181665088932,0.7676055722205013,0.25770947262058097,0.25321949545204214,0.8650623999645408,powerplay,,,,
2015,SP Narine,Kolkata Knight Riders,1,48,5.0,26,54.17,6,12.5,0.10929041775696839,0.21299082760649002,0.5480078511556544,0.21096212268127223,0.17965014364264942,0.7914930481551481,powerplay,,,,
2015,SP Narine,Punjab Kings,0,6,2.0,4,66.67,0,0.0,0.032311952470777575,0.11075379473968792,0.6421426767150024,0.0708321768200351,0.17156739898681608,0.7834103034993147,powerplay,,,,
2015,SR Watson,Rajasthan Royals,3,30,5.8,16,53.33,4,13.33,0.26324734832935,0.24025403637097054,0.5416819908780661,0.2202667510864584,0.3931952513546679,1.0050381558671666,powerplay,,,,
2015,SR Watson,Royal Challengers Bengaluru,0,12,4.5,6,50.0,0,0.0,0.032311952470777575,0.19595132212868965,0.5166044733490558,0.0708321768200351,0.09130717428253124,0.7031500787950299,powerplay,,,,
2015,STR Binny,Rajasthan Royals,2,36,7.33,19,52.78,6,16.67,0.18626888304315922,0.2923949231330396,0.5375400585534549,0.25770947262058097,0.24292598604013924,0.8547688905526379,powerplay,,,,
2015,TA Boult,Punjab Kings,1,12,4.0,7,58.33,0,0.0,0.10929041775696839,0.17891181665088932,0.5793359211018053,0.0708321768200351,0.2341140592765425,0.8459569637890412,powerplay,,,,
2015,TA Boult,Royal Challengers Bengaluru,0,12,7.0,9,75.0,2,16.67,0.032311952470777575,0.2811488495176914,0.7048741244677519,0.25770947262058097,0.06781384676353003,0.6796567512760288,powerplay,,,,
2015,TA Boult,Sunrisers Hyderabad,0,42,8.29,19,45.24,10,23.81,0.032311952470777575,0.32511077365041624,0.48075793177605614,0.3377516976965196,-0.03741041812552884,0.5744324863869699,powerplay,,,,
2015,TG Southee,Delhi Capitals,0,6,13.0,1,16.67,2,33.33,0.032311952470777575,0.4856229152512956,0.26560337447761034,0.44447466446443784,-0.20355744946908588,0.4082854550434128,powerplay,,,,
2015,TG Southee,Punjab Kings,0,6,11.0,2,33.33,2,33.33,0.032311952470777575,0.4174648933400942,0.3910662699831093,0.44447466446443784,-0.13183956986183554,0.48000333465066314,powerplay,,,,
2015,TG Southee,Rajasthan Royals,0,24,5.75,15,62.5,3,12.5,0.032311952470777575,0.2385500858231905,0.610739298908404,0.21096212268127223,0.07022225093083782,0.6820651554433365,powerplay,,,,
2015,TG Southee,Royal Challengers Bengaluru,1,6,6.0,3,50.0,1,16.67,0.10929041775696839,0.24706983856209072,0.5166044733490558,0.25770947262058097,0.14384015483500776,0.7556830593475065,powerplay,,,,
2015,UT Yadav,Delhi Capitals,0,6,7.0,2,33.33,1,16.67,0.032311952470777575,0.2811488495176914,0.3910662699831093,0.25770947262058097,-0.026328509581862766,0.585514394930636,powerplay,,,,
2015,UT Yadav,Kolkata Knight Riders,1,66,9.36,30,45.45,20,30.3,0.10929041775696839,0.361575315372909,0.4823393968454532,0.41050716558767397,0.04574835488509922,0.6575912593975979,powerplay,,,,
2015,UT Yadav,Punjab Kings,0,6,12.0,3,50.0,2,33.33,0.032311952470777575,0.4515439042956949,0.5166044733490558,0.44447466446443784,-0.11121761432985194,0.5006252901826467,powerplay,,,,
2015,UT Yadav,Royal Challengers Bengaluru,0,6,18.0,2,33.33,3,50.0,0.032311952470777575,0.6560179700292991,0.3910662699831093,0.6313519602649837,-0.28849156736654713,0.32335133714595155,powerplay,,,,
2015,VR Aaron,Delhi Capitals,2,18,7.67,9,50.0,3,16.67,0.18626888304315922,0.3039817868579439,0.5166044733490558,0.25770947262058097,0.23085187861636738,0.842694783128866,powerplay,,,,
2015,VR Aaron,Royal Challengers Bengaluru,0,48,10.5,23,47.92,15,31.25,0.032311952470777575,0.4004253878622938,0.5009404383759803,0.421157041473128,-0.08569404200681205,0.5261488625056866,powerplay,,,,
2015,YK Pathan,Kolkata Knight Riders,0,12,13.0,3,25.0,4,33.33,0.032311952470777575,0.4856229152512956,0.3283348222303598,0.44447466446443784,-0.18473801514326105,0.42710488936923763,powerplay,,,,
2015,YS Chahal,Punjab Kings,1,6,16.0,1,16.67,2,33.33,0.10929041775696839,0.5878599481180976,0.26560337447761034,0.44447466446443784,-0.13920826797320068,0.472634636539298,powerplay,,,,
2015,YS Chahal,Royal Challengers Bengaluru,3,48,10.13,15,31.25,13,27.08,0.26324734832935,0.3878161538087216,0.37540223501003384,0.37440969153381926,0.2387016777859104,0.850544582298409,powerplay,,,,
2015,Yuvraj Singh,Delhi Capitals,0,6,5.0,2,33.33,0,0.0,0.032311952470777575,0.21299082760649002,0.3910662699831093,0.0708321768200351,0.045125960533847105,0.6569688650463458,powerplay,Yuvraj Singh,2015.0,279285339.63199997,0.016157654602746884
2015,Z Khan,Delhi Capitals,4,78,5.23,50,64.1,10,12.82,0.3402258136155409,0.2208290001262782,0.6227885565800003,0.2145494492953199,0.5438508974751083,1.1556938019876069,powerplay,Z Khan,2015.0,69821334.90799999,0.7789179313052563
2016,A Mishra,Delhi Capitals,2,30,5.2,13,43.33,2,6.67,0.2405128575599674,0.2271477871512456,0.4874990580113722,0.16118701101123326,0.36120770796549334,0.9730506124779921,powerplay,A Mishra,2016.0,1636386.3998999998,22.07349731014428
2016,A Mishra,Gujarat Titans,0,6,4.0,2,33.33,0,0.0,0.05064107197812105,0.18595477287968643,0.40641677710220464,0.0866119446043228,0.08758686573713519,0.6994297702496338,powerplay,A Mishra,2016.0,1636386.3998999998,5.352456225649862
2016,A Nehra,Lucknow Super Giants,0,12,7.0,7,58.33,3,25.0,0.05064107197812105,0.28893730855858435,0.6091224793751236,0.36612868525990916,0.04100396044844466,0.6528468649609434,powerplay,A Nehra,2016.0,90001251.9945,0.04555932227581726
2016,A Nehra,Punjab Kings,0,12,11.5,3,25.0,4,33.33,0.05064107197812105,0.4434111120769312,0.33887523710486794,0.4592636632463505,-0.13593410958909374,0.47590879492340493,powerplay,A Nehra,2016.0,90001251.9945,-0.1510357984768931
2016,A Nehra,Royal Challengers Bengaluru,0,6,15.0,3,50.0,3,50.0,0.05064107197812105,0.563557403702312,0.5415809393777871,0.6456454259154955,-0.1724718972537374,0.43937100725876127,powerplay,A Nehra,2016.0,90001251.9945,-0.19163277557991884
2016,A Nehra,Sunrisers Hyderabad,4,66,6.45,37,56.06,10,15.15,0.43038464314181374,0.270057177017453,0.5907168016087426,0.25599908944160815,0.6365635987982954,1.248406503310794,powerplay,A Nehra,2016.0,90001251.9945,0.7072830485038096
2016,A Zampa,Lucknow Super Giants,0,6,9.0,2,33.33,0,0.0,0.05064107197812105,0.3575923323445163,0.40641677710220464,0.0866119446043228,0.0017680860047202401,0.6136109905172189,powerplay,A Zampa,2016.0,4909159.1997,0.03601606574152837
2016,A Zampa,Royal Challengers Bengaluru,0,6,4.0,2,33.33,0,0.0,0.05064107197812105,0.18595477287968643,0.40641677710220464,0.0866119446043228,0.08758686573713519,0.6994297702496338,powerplay,A Zampa,2016.0,4909159.1997,1.7841520752166204
2016,AB Dinda,Delhi Capitals,1,12,9.5,5,41.67,2,16.67,0.14557696476904422,0.37475608829099927,0.4740393993804504,0.27299370727346783,0.11860048136750823,0.7304433858800069,powerplay,AB Dinda,2016.0,8181931.9995,1.449541274295068
2016,AB Dinda,Lucknow Super Giants,4,72,7.17,37,51.39,13,18.06,0.43038464314181374,0.29477298558038856,0.5528513764241614,0.2885348380539184,0.6063389172389911,1.21818182175149,powerplay,AB Dinda,2016.0,8181931.9995,7.410705897776279
2016,AB Dinda,Royal Challengers Bengaluru,0,12,7.5,3,25.0,1,8.33,0.05064107197812105,0.3061010645050673,0.33887523710486794,0.17974692259076416,-0.011375737672044535,0.6004671668404541,powerplay,AB Dinda,2016.0,8181931.9995,-0.1390348596485489
2016,AD Russell,Delhi Capitals,0,12,7.5,5,41.67,2,16.67,0.05064107197812105,0.3061010645050673,0.4740393993804504,0.27299370727346783,0.010524154074089465,0.6223670585865881,powerplay,,,,
2016,AD Russell,Kolkata Knight Riders,5,42,8.86,20,47.62,9,21.43,0.5253205359327369,0.3527864806795011,0.5222833565214051,0.32621369469429146,0.7030298315769179,1.3148727360894166,powerplay,,,,
2016,AD Russell,Lucknow Super Giants,0,12,8.0,3,25.0,2,16.67,0.05064107197812105,0.3232648204515503,0.33887523710486794,0.27299370727346783,-0.03860697258182677,0.5732359319306719,powerplay,,,,
2016,AD Russell,Royal Challengers Bengaluru,0,12,4.5,5,41.67,0,0.0,0.05064107197812105,0.2031185288261694,0.4740393993804504,0.0866119446043228,0.09929177444736742,0.711134678959866,powerplay,,,,
2016,AF Milne,Royal Challengers Bengaluru,0,6,13.0,1,16.67,2,33.33,0.05064107197812105,0.49490237991638014,0.2713336971075314,0.4592636632463505,-0.18194220550801918,0.42990069900447947,powerplay,,,,
2016,Ankit Sharma,Lucknow Super Giants,0,6,8.0,1,16.67,1,16.67,0.05064107197812105,0.3232648204515503,0.2713336971075314,0.27299370727346783,-0.058869434581027724,0.552973469931471,powerplay,,,,
2016,Ankit Sharma,Punjab Kings,0,12,8.5,4,33.33,2,16.67,0.05064107197812105,0.3404285763980333,0.40641677710220464,0.27299370727346783,-0.026926388555867264,0.5849165159566314,powerplay,,,,
2016,Anureet Singh,Punjab Kings,0,18,6.67,5,27.78,2,11.11,0.05064107197812105,0.27760922963390555,0.3614161111976166,0.21082918415166538,0.003415989679180692,0.6152588941916793,powerplay,,,,
2016,AR Patel,Delhi Capitals,0,6,8.0,2,33.33,1,16.67,0.05064107197812105,0.3232648204515503,0.40641677710220464,0.27299370727346783,-0.01834451058262576,0.5934983939298729,powerplay,,,,
2016,AR Patel,Gujarat Titans,3,12,4.5,7,58.33,1,8.33,0.3354487503508906,0.2031185288261694,0.6091224793751236,0.17974692259076416,0.5484012204076354,1.160244124920134,powerplay,,,,
2016,AR Patel,Lucknow Super Giants,1,6,3.0,3,50.0,0,0.0,0.14557696476904422,0.15162726098672047,0.5415809393777871,0.0866119446043228,0.28770370955267766,0.8995466140651763,powerplay,,,,
2016,AR Patel,Punjab Kings,0,54,8.33,14,25.93,9,16.67,0.05064107197812105,0.3345928993762291,0.34641588922942057,0.27299370727346783,-0.042008816406800376,0.5698340881056982,powerplay,,,,
2016,AR Patel,Royal Challengers Bengaluru,0,6,10.0,2,33.33,2,33.33,0.05064107197812105,0.3919198442374823,0.40641677710220464,0.4592636632463505,-0.08992601367016828,0.5219168908423304,powerplay,,,,
2016,AS Rajpoot,Gujarat Titans,0,12,12.0,3,25.0,2,16.67,0.05064107197812105,0.4605748680234142,0.33887523710486794,0.27299370727346783,-0.10726199636775871,0.50458090814474,powerplay,,,,
2016,AS Rajpoot,Kolkata Knight Riders,0,18,6.33,7,38.89,2,11.11,0.05064107197812105,0.26593787559029713,0.45149852528770185,0.21082918415166538,0.03627639092801048,0.6481192954405092,powerplay,,,,
2016,B Kumar,Delhi Capitals,0,6,4.0,5,83.33,1,16.67,0.05064107197812105,0.18595477287968643,0.8118281816480428,0.27299370727346783,0.17193393456705763,0.7837768390795563,powerplay,,,,
2016,B Kumar,Gujarat Titans,0,12,6.5,6,50.0,2,16.67,0.05064107197812105,0.27177355261210134,0.5415809393777871,0.27299370727346783,0.04795037201977345,0.6597932765322722,powerplay,,,,
2016,B Kumar,Lucknow Super Giants,0,12,2.5,7,58.33,0,0.0,0.05064107197812105,0.13446350504023746,0.6091224793751236,0.0866119446043228,0.1741442103387354,0.7859871148512341,powerplay,,,,
2016,B Kumar,Punjab Kings,0,6,3.0,3,50.0,0,0.0,0.05064107197812105,0.15162726098672047,0.5415809393777871,0.0866119446043228,0.14529987036629288,0.7571427748787916,powerplay,,,,
2016,B Kumar,Royal Challengers Bengaluru,1,18,9.0,7,38.89,4,22.22,0.14557696476904422,0.3575923323445163,0.45149852528770185,0.335046423699008,0.10800955382781711,0.7198524583403157,powerplay,,,,
2016,B Kumar,Sunrisers Hyderabad,3,72,7.5,27,37.5,12,16.67,0.3354487503508906,0.3061010645050673,0.44022808824132753,0.27299370727346783,0.4275922782915069,1.0394351828040056,powerplay,,,,
2016,BB Sran,Delhi Capitals,1,12,8.0,6,50.0,3,25.0,0.14557696476904422,0.3232648204515503,0.5415809393777871,0.36612868525990916,0.14598158168914543,0.7578244862016441,powerplay,,,,
2016,BB Sran,Gujarat Titans,0,18,11.0,6,33.33,5,27.78,0.05064107197812105,0.42624735613044823,0.40641677710220464,0.39721094682081043,-0.09467922633154324,0.5171636781809554,powerplay,,,,
2016,BB Sran,Lucknow Super Giants,0,6,5.0,4,66.67,1,16.67,0.05064107197812105,0.2202822847726524,0.6767451016533695,0.27299370727346783,0.11424525462217267,0.7260881591346713,powerplay,,,,
2016,BB Sran,Royal Challengers Bengaluru,0,12,14.5,5,41.67,4,33.33,0.05064107197812105,0.5463936477558291,0.4740393993804504,0.4592636632463505,-0.14687612874586797,0.4649667757666307,powerplay,,,,
2016,BB Sran,Sunrisers Hyderabad,4,90,8.0,41,45.56,16,17.78,0.43038464314181374,0.3232648204515503,0.5055804066541166,0.2854042505585759,0.5785378263714653,1.190380730883964,powerplay,,,,
2016,BCJ Cutting,Gujarat Titans,0,6,8.0,1,16.67,1,16.67,0.05064107197812105,0.3232648204515503,0.2713336971075314,0.27299370727346783,-0.058869434581027724,0.552973469931471,powerplay,BCJ Cutting,2016.0,8181931.9995,-0.7195053024716564
2016,BCJ Cutting,Punjab Kings,0,6,10.0,2,33.33,2,33.33,0.05064107197812105,0.3919198442374823,0.40641677710220464,0.4592636632463505,-0.08992601367016828,0.5219168908423304,powerplay,BCJ Cutting,2016.0,8181931.9995,-1.0990804332725288
2016,BCJ Cutting,Royal Challengers Bengaluru,0,6,13.0,1,16.67,2,33.33,0.05064107197812105,0.49490237991638014,0.2713336971075314,0.4592636632463505,-0.18194220550801918,0.42990069900447947,powerplay,BCJ Cutting,2016.0,8181931.9995,-2.223707133219119
2016,Bipul Sharma,Gujarat Titans,0,6,6.0,3,50.0,1,16.67,0.05064107197812105,0.25460979666561834,0.5415809393777871,0.27299370727346783,0.056532249993014955,0.6683751545055137,powerplay,,,,
2016,Bipul Sharma,Sunrisers Hyderabad,0,6,17.0,0,0.0,3,50.0,0.05064107197812105,0.632212427488244,0.13616953483194888,0.6456454259154955,-0.32842283051045484,0.28342007400204383,powerplay,,,,
2016,CH Gayle,Royal Challengers Bengaluru,0,18,8.0,8,44.44,3,16.67,0.05064107197812105,0.3232648204515503,0.4964991911922898,0.27299370727346783,0.008680213644399776,0.6205231181568984,powerplay,,,,
2016,CH Morris,Delhi Capitals,1,72,7.5,36,50.0,11,15.28,0.14557696476904422,0.3061010645050673,0.5415809393777871,0.25745257649301717,0.17629868141576535,0.788141585928264,powerplay,CH Morris,2016.0,114547047.99299999,0.15390940622628618
2016,CH Morris,Gujarat Titans,0,12,6.0,7,58.33,2,16.67,0.05064107197812105,0.25460979666561834,0.6091224793751236,0.27299370727346783,0.07679471199221594,0.6886376165047146,powerplay,CH Morris,2016.0,114547047.99299999,0.06704206990730034
2016,CH Morris,Lucknow Super Giants,1,12,6.5,7,58.33,2,16.67,0.14557696476904422,0.27177355261210134,0.6091224793751236,0.27299370727346783,0.21061667320535915,0.8224595777178578,powerplay,CH Morris,2016.0,114547047.99299999,0.18386914101726132
2016,CH Morris,Punjab Kings,1,12,8.5,5,41.67,3,25.0,0.14557696476904422,0.3404285763980333,0.4740393993804504,0.36612868525990916,0.11713724171670294,0.7289801462292016,powerplay,CH Morris,2016.0,114547047.99299999,0.10226124877863393
2016,CH Morris,Royal Challengers Bengaluru,0,12,9.0,4,33.33,3,25.0,0.05064107197812105,0.3575923323445163,0.40641677710220464,0.36612868525990916,-0.054135262126397035,0.5577076423861016,powerplay,CH Morris,2016.0,114547047.99299999,-0.047260285686022446
2016,CJ Jordan,Delhi Capitals,0,6,8.0,3,50.0,1,16.67,0.05064107197812105,0.3232648204515503,0.5415809393777871,0.27299370727346783,0.02220473810004897,0.6340476426125476,powerplay,,,,
2016,CJ Jordan,Gujarat Titans,0,6,10.0,2,33.33,1,16.67,0.05064107197812105,0.3919198442374823,0.40641677710220464,0.27299370727346783,-0.052672022475591745,0.5591708820369069,powerplay,,,,
2016,CJ Jordan,Punjab Kings,0,6,13.0,0,0.0,2,33.33,0.05064107197812105,0.49490237991638014,0.13616953483194888,0.4592636632463505,-0.22249145419069394,0.38935145032180474,powerplay,,,,
2016,CJ Jordan,Royal Challengers Bengaluru,2,24,9.0,10,41.67,6,25.0,0.2405128575599674,0.3575923323445163,0.4740393993804504,0.36612868525990916,0.25095920292984625,0.8628021074423449,powerplay,,,,
2016,CR Brathwaite,Delhi Capitals,0,24,6.75,10,41.67,4,16.67,0.05064107197812105,0.28035543058534285,0.4740393993804504,0.27299370727346783,0.02339697103395169,0.6352398755464503,powerplay,CR Brathwaite,2016.0,68728228.7958,0.03404273825165343
2016,DJ Bravo,Delhi Capitals,0,6,6.0,1,16.67,0,0.0,0.05064107197812105,0.25460979666561834,0.2713336971075314,0.0866119446043228,0.012734429845767267,0.6245773343582659,powerplay,,,,
2016,DJ Bravo,Gujarat Titans,0,12,10.5,4,33.33,3,25.0,0.05064107197812105,0.4090836001839653,0.40641677710220464,0.36612868525990916,-0.07988089604612152,0.5319620084663772,powerplay,,,,
2016,DJ Hooda,Gujarat Titans,0,6,9.0,1,16.67,1,16.67,0.05064107197812105,0.3575923323445163,0.2713336971075314,0.27299370727346783,-0.07603319052751073,0.535809713984988,powerplay,,,,
2016,DJ Hooda,Sunrisers Hyderabad,1,24,5.25,12,50.0,2,8.33,0.14557696476904422,0.22886416274589388,0.5415809393777871,0.17974692259076416,0.2304582630758027,0.8423011675883014,powerplay,,,,
2016,DL Chahar,Lucknow Super Giants,0,24,8.75,11,45.83,5,20.83,0.05064107197812105,0.34901045437127476,0.5077696282386641,0.3195052929185574,-0.010113789330568057,0.6017291151819306,powerplay,DL Chahar,2016.0,1636386.3998999998,-0.6180563057225429
2016,DR Smith,Gujarat Titans,6,36,5.83,20,55.56,5,13.89,0.6202564287236602,0.24877411964381413,0.5866626875632842,0.2419114457125666,0.9336141003900552,1.5454570049025538,powerplay,DR Smith,2016.0,37636887.1977,2.480582667439906
2016,DS Kulkarni,Delhi Capitals,3,18,4.0,12,66.67,2,11.11,0.3354487503508906,0.18595477287968643,0.6767451016533695,0.21082918415166538,0.5710534327521705,1.182896337264669,powerplay,DS Kulkarni,2016.0,32727727.998,1.744861216113345
2016,DS Kulkarni,Gujarat Titans,10,150,7.08,73,48.67,29,19.33,0.9999999998873526,0.2916835095100216,0.5307969960168678,0.3027342884792222,1.452850486185234,2.064693390697733,powerplay,DS Kulkarni,2016.0,32727727.998,4.439203620471357
2016,DS Kulkarni,Lucknow Super Giants,0,18,8.33,4,22.22,3,16.67,0.05064107197812105,0.3345928993762291,0.31633436301211937,0.27299370727346783,-0.05103327427199074,0.5608096302405079,powerplay,DS Kulkarni,2016.0,32727727.998,-0.1559328355305
2016,DS Kulkarni,Royal Challengers Bengaluru,1,12,5.5,7,58.33,2,16.67,0.14557696476904422,0.2374460407191354,0.6091224793751236,0.27299370727346783,0.22778042915184216,0.8396233336643408,powerplay,DS Kulkarni,2016.0,32727727.998,0.6959860738446674
2016,DW Steyn,Gujarat Titans,0,6,7.0,2,33.33,0,0.0,0.05064107197812105,0.28893730855858435,0.40641677710220464,0.0866119446043228,0.036095597897686224,0.6479385024101849,powerplay,DW Steyn,2016.0,37636887.1977,0.0959048438519433
2016,GB Hogg,Kolkata Knight Riders,0,12,6.5,6,50.0,2,16.67,0.05064107197812105,0.27177355261210134,0.5415809393777871,0.27299370727346783,0.04795037201977345,0.6597932765322722,powerplay,,,,
2016,GJ Maxwell,Punjab Kings,0,12,11.0,5,41.67,4,33.33,0.05064107197812105,0.42624735613044823,0.4740393993804504,0.4592636632463505,-0.08680298293317754,0.5250399215793211,powerplay,,,,
2016,Harbhajan Singh,Mumbai Indians,1,42,8.14,15,35.71,7,16.67,0.14557696476904422,0.32807067211656554,0.42571435995858653,0.27299370727346783,0.12744567762816594,0.7392885821406646,powerplay,,,,
2016,HH Pandya,Delhi Capitals,1,6,7.0,2,33.33,1,16.67,0.14557696476904422,0.28893730855858435,0.40641677710220464,0.27299370727346783,0.14122308455024196,0.7530659890627407,powerplay,,,,
2016,HH Pandya,Mumbai Indians,0,24,10.25,4,16.67,4,16.67,0.05064107197812105,0.4005017222107237,0.2713336971075314,0.27299370727346783,-0.09748788546061443,0.5143550190518842,powerplay,,,,
2016,HV Patel,Lucknow Super Giants,0,12,7.5,5,41.67,2,16.67,0.05064107197812105,0.3061010645050673,0.4740393993804504,0.27299370727346783,0.010524154074089465,0.6223670585865881,powerplay,,,,
2016,HV Patel,Royal Challengers Bengaluru,0,24,11.0,11,45.83,6,25.0,0.05064107197812105,0.42624735613044823,0.5077696282386641,0.36612868525990916,-0.05805691867842515,0.5537859858340736,powerplay,,,,
2016,I Sharma,Gujarat Titans,0,12,8.5,4,33.33,3,25.0,0.05064107197812105,0.3404285763980333,0.40641677710220464,0.36612868525990916,-0.04555338415315553,0.5662895203593431,powerplay,I Sharma,2016.0,62182683.1962,-0.07325734724155376
2016,I Sharma,Lucknow Super Giants,2,30,8.4,19,63.33,6,20.0,0.2405128575599674,0.3369958252087367,0.6496636198297074,0.3102253371287919,0.32512539225873655,0.9369682967712352,powerplay,I Sharma,2016.0,62182683.1962,0.5228551994658942
2016,I Sharma,Punjab Kings,0,12,11.5,6,50.0,5,41.67,0.05064107197812105,0.4434111120769312,0.5415809393777871,0.5525104479290542,-0.09377175584375876,0.5180711486687399,powerplay,I Sharma,2016.0,62182683.1962,-0.15080043353531128
2016,IK Pathan,Lucknow Super Giants,0,12,3.0,6,50.0,0,0.0,0.05064107197812105,0.15162726098672047,0.5415809393777871,0.0866119446043228,0.14529987036629288,0.7571427748787916,powerplay,IK Pathan,2016.0,16363863.999,0.8879313001817432
2016,Iqbal Abdulla,Gujarat Titans,2,18,8.33,8,44.44,5,27.78,0.2405128575599674,0.3345928993762291,0.4964991911922898,0.39721094682081043,0.2629804046453614,0.8748233091578601,powerplay,Iqbal Abdulla,2016.0,1636386.3998999998,16.07080116660907
2016,Iqbal Abdulla,Royal Challengers Bengaluru,1,12,6.5,5,41.67,2,16.67,0.14557696476904422,0.27177355261210134,0.4740393993804504,0.27299370727346783,0.1700917492069572,0.7819346537194558,powerplay,Iqbal Abdulla,2016.0,1636386.3998999998,10.394351188530505
2016,J Yadav,Delhi Capitals,0,36,8.5,15,41.67,8,22.22,0.05064107197812105,0.3404285763980333,0.4740393993804504,0.335046423699008,-0.019050145157501572,0.5927927593549971,powerplay,,,,
2016,JA Morkel,Lucknow Super Giants,0,12,17.0,2,16.67,6,50.0,0.05064107197812105,0.632212427488244,0.2713336971075314,0.6456454259154955,-0.2878735818277801,0.32396932268471856,powerplay,,,,
2016,JD Unadkat,Kolkata Knight Riders,0,6,19.0,1,16.67,4,66.67,0.05064107197812105,0.700867451274176,0.2713336971075314,0.8320271885846406,-0.3594774462545751,0.25236545825792356,powerplay,JD Unadkat,2016.0,26182182.398399998,-1.3729850353366375
2016,JJ Bumrah,Delhi Capitals,0,6,7.0,3,50.0,1,16.67,0.05064107197812105,0.28893730855858435,0.5415809393777871,0.27299370727346783,0.03936849404653195,0.6512113985590307,powerplay,,,,
2016,JJ Bumrah,Gujarat Titans,0,12,13.5,4,33.33,5,41.67,0.05064107197812105,0.5120661358628632,0.40641677710220464,0.5525104479290542,-0.16864851641939949,0.4431943880930992,powerplay,,,,
2016,JJ Bumrah,Lucknow Super Giants,0,6,10.0,3,50.0,2,33.33,0.05064107197812105,0.3919198442374823,0.5415809393777871,0.4592636632463505,-0.04937676498749355,0.5624661395250051,powerplay,,,,
2016,JJ Bumrah,Mumbai Indians,1,72,6.42,33,45.83,8,11.11,0.14557696476904422,0.26902735166066405,0.5077696282386641,0.21082918415166538,0.19401682296450046,0.8058597274769992,powerplay,,,,
2016,JJ Bumrah,Punjab Kings,1,6,5.0,1,16.67,0,0.0,0.14557696476904422,0.2202822847726524,0.2713336971075314,0.0866119446043228,0.17230202497863495,0.7841449294911336,powerplay,,,,
2016,JJ Bumrah,Royal Challengers Bengaluru,0,6,1.0,5,83.33,0,0.0,0.05064107197812105,0.08297223720078852,0.8118281816480428,0.0866119446043228,0.2607015549403356,0.8725444594528342,powerplay,,,,
2016,JO Holder,Delhi Capitals,0,12,9.0,5,41.67,3,25.0,0.05064107197812105,0.3575923323445163,0.4740393993804504,0.36612868525990916,-0.03384847544292331,0.5779944290695753,powerplay,JO Holder,2016.0,11454704.7993,-0.29549845269684993
2016,JO Holder,Kolkata Knight Riders,0,12,3.5,5,41.67,0,0.0,0.05064107197812105,0.16879101693320345,0.4740393993804504,0.0866119446043228,0.11645553039385038,0.728298434906349,powerplay,JO Holder,2016.0,11454704.7993,1.0166611225194297
2016,JP Faulkner,Punjab Kings,0,6,14.0,2,33.33,3,50.0,0.05064107197812105,0.5292298918093461,0.40641677710220464,0.6456454259154955,-0.1958573899899292,0.4159855145225695,powerplay,,,,
2016,JW Hastings,Kolkata Knight Riders,1,24,6.0,15,62.5,4,16.67,0.14557696476904422,0.25460979666561834,0.6429337905142466,0.27299370727346783,0.22934194452033752,0.8411848490328362,powerplay,JW Hastings,2016.0,21273023.1987,1.0780881606632793
2016,KC Cariappa,Gujarat Titans,0,6,2.0,4,66.67,0,0.0,0.05064107197812105,0.11729974909375449,0.6767451016533695,0.0866119446043228,0.20301287499545062,0.8148557795079493,powerplay,KC Cariappa,2016.0,13091091.199199999,1.5507712222481254
2016,KC Cariappa,Punjab Kings,0,12,8.5,4,33.33,2,16.67,0.05064107197812105,0.3404285763980333,0.40641677710220464,0.27299370727346783,-0.026926388555867264,0.5849165159566314,powerplay,KC Cariappa,2016.0,13091091.199199999,-0.20568482906537802
2016,KC Cariappa,Royal Challengers Bengaluru,0,12,18.5,3,25.0,5,41.67,0.05064107197812105,0.683703695327693,0.33887523710486794,0.5525104479290542,-0.2747297581510154,0.33711314636148326,powerplay,KC Cariappa,2016.0,13091091.199199999,-2.098600903244828
2016,KH Pandya,Delhi Capitals,0,6,6.0,1,16.67,0,0.0,0.05064107197812105,0.25460979666561834,0.2713336971075314,0.0866119446043228,0.012734429845767267,0.6245773343582659,powerplay,KH Pandya,2016.0,32727727.998,0.03891021658009829
2016,KH Pandya,Gujarat Titans,0,12,14.0,2,16.67,5,41.67,0.05064107197812105,0.5292298918093461,0.2713336971075314,0.5525104479290542,-0.2177553183910429,0.3940875861214558,powerplay,KH Pandya,2016.0,32727727.998,-0.6653542170857384
2016,KH Pandya,Lucknow Super Giants,0,12,14.0,4,33.33,4,33.33,0.05064107197812105,0.5292298918093461,0.40641677710220464,0.4592636632463505,-0.1585810374561002,0.4532618670563985,powerplay,KH Pandya,2016.0,32727727.998,-0.4845464294551431
2016,KH Pandya,Mumbai Indians,0,12,6.0,6,50.0,2,16.67,0.05064107197812105,0.25460979666561834,0.5415809393777871,0.27299370727346783,0.056532249993014955,0.6683751545055137,powerplay,KH Pandya,2016.0,32727727.998,0.17273502760860654
2016,KH Pandya,Punjab Kings,0,6,10.0,1,16.67,1,16.67,0.05064107197812105,0.3919198442374823,0.2713336971075314,0.27299370727346783,-0.09319694647399371,0.518645958038505,powerplay,KH Pandya,2016.0,32727727.998,-0.28476448618641964
2016,KH Pandya,Royal Challengers Bengaluru,0,12,5.0,4,33.33,0,0.0,0.05064107197812105,0.2202822847726524,0.40641677710220464,0.0866119446043228,0.0704231097906522,0.6822660143031509,powerplay,KH Pandya,2016.0,32727727.998,0.21517873099824028
2016,KJ Abbott,Lucknow Super Giants,0,6,7.0,2,33.33,1,16.67,0.05064107197812105,0.28893730855858435,0.40641677710220464,0.27299370727346783,-0.0011807546361427834,0.6106621498763559,powerplay,KJ Abbott,2016.0,34364114.3979,-0.0034360106664495906
2016,KJ Abbott,Punjab Kings,0,30,9.6,9,30.0,7,23.33,0.05064107197812105,0.37818883948029586,0.3794163775594518,0.347456966984116,-0.06879929190195402,0.5430436126105447,powerplay,KJ Abbott,2016.0,34364114.3979,-0.200206794522132
2016,KJ Abbott,Royal Challengers Bengaluru,0,6,18.0,2,33.33,3,50.0,0.05064107197812105,0.6665399393812099,0.40641677710220464,0.6456454259154955,-0.2645124137758611,0.3473304907366376,powerplay,KJ Abbott,2016.0,34364114.3979,-0.769734411639677
2016,KS Williamson,Sunrisers Hyderabad,0,6,7.0,2,33.33,1,16.67,0.05064107197812105,0.28893730855858435,0.40641677710220464,0.27299370727346783,-0.0011807546361427834,0.6106621498763559,powerplay,,,,
2016,KV Sharma,Punjab Kings,0,6,4.0,2,33.33,0,0.0,0.05064107197812105,0.18595477287968643,0.40641677710220464,0.0866119446043228,0.08758686573713519,0.6994297702496338,powerplay,,,,
2016,KV Sharma,Sunrisers Hyderabad,0,12,6.0,2,16.67,0,0.0,0.05064107197812105,0.25460979666561834,0.2713336971075314,0.0866119446043228,0.012734429845767267,0.6245773343582659,powerplay,,,,
2016,KW Richardson,Gujarat Titans,1,12,18.5,4,33.33,6,50.0,0.14557696476904422,0.683703695327693,0.40641677710220464,0.6456454259154955,-0.1306904525627179,0.48115245194978074,powerplay,KW Richardson,2016.0,32727727.998,-0.3993263833367976
2016,KW Richardson,Lucknow Super Giants,1,12,3.0,9,75.0,1,8.33,0.14557696476904422,0.15162726098672047,0.7442866416507062,0.17974692259076416,0.32988842463726514,0.9417313291497638,powerplay,KW Richardson,2016.0,32727727.998,1.0079783865761311
2016,KW Richardson,Royal Challengers Bengaluru,2,18,6.33,10,55.56,3,16.67,0.2405128575599674,0.26593787559029713,0.5866626875632842,0.27299370727346783,0.34920041335909424,0.9610433178715929,powerplay,KW Richardson,2016.0,32727727.998,1.066986420140237
2016,M Ashwin,Gujarat Titans,0,6,20.0,1,16.67,4,66.67,0.05064107197812105,0.735194963167142,0.2713336971075314,0.8320271885846406,-0.3766412022010581,0.23520170231144055,powerplay,M Ashwin,2016.0,73637387.9955,-0.5114809371349168
2016,M Ashwin,Lucknow Super Giants,0,6,13.0,3,50.0,2,33.33,0.05064107197812105,0.49490237991638014,0.5415809393777871,0.4592636632463505,-0.10086803282694248,0.5109748716855562,powerplay,M Ashwin,2016.0,73637387.9955,-0.13697937362078424
2016,M Morkel,Gujarat Titans,1,12,10.5,4,33.33,3,25.0,0.14557696476904422,0.4090836001839653,0.40641677710220464,0.36612868525990916,0.06252294314026323,0.6743658476527619,powerplay,,,,
2016,M Morkel,Kolkata Knight Riders,3,78,8.08,43,55.13,20,25.64,0.3354487503508906,0.3260110214029876,0.5831761494841902,0.3732843138206922,0.44046359690596065,1.0523065014184594,powerplay,,,,
2016,M Morkel,Lucknow Super Giants,0,6,11.0,3,50.0,2,33.33,0.05064107197812105,0.42624735613044823,0.5415809393777871,0.4592636632463505,-0.06654052093397653,0.5453023835785221,powerplay,,,,
2016,M Morkel,Punjab Kings,1,12,7.5,5,41.67,2,16.67,0.14557696476904422,0.3061010645050673,0.4740393993804504,0.27299370727346783,0.1529279932604742,0.7647708977729729,powerplay,,,,
2016,M Morkel,Royal Challengers Bengaluru,1,12,9.5,4,33.33,2,16.67,0.14557696476904422,0.37475608829099927,0.40641677710220464,0.27299370727346783,0.0983136946840345,0.7101565991965332,powerplay,,,,
2016,M Vijay,Punjab Kings,0,6,8.0,2,33.33,1,16.67,0.05064107197812105,0.3232648204515503,0.40641677710220464,0.27299370727346783,-0.01834451058262576,0.5934983939298729,powerplay,,,,
2016,MC Henriques,Delhi Capitals,0,6,8.0,2,33.33,1,16.67,0.05064107197812105,0.3232648204515503,0.40641677710220464,0.27299370727346783,-0.01834451058262576,0.5934983939298729,powerplay,,,,
2016,MC Henriques,Gujarat Titans,0,6,5.0,1,16.67,0,0.0,0.05064107197812105,0.2202822847726524,0.2713336971075314,0.0866119446043228,0.02989818579225023,0.6417410903047489,powerplay,,,,
2016,MC Henriques,Lucknow Super Giants,0,6,5.0,1,16.67,0,0.0,0.05064107197812105,0.2202822847726524,0.2713336971075314,0.0866119446043228,0.02989818579225023,0.6417410903047489,powerplay,,,,
2016,MC Henriques,Royal Challengers Bengaluru,0,12,6.5,6,50.0,1,8.33,0.05064107197812105,0.27177355261210134,0.5415809393777871,0.17974692259076416,0.06659972895631419,0.6784426334688128,powerplay,,,,
2016,MC Henriques,Sunrisers Hyderabad,0,30,6.2,11,36.67,3,10.0,0.05064107197812105,0.2614752990442116,0.43349825892586663,0.19841864086655733,0.0355897079495243,0.647432612462023,powerplay,,,,
2016,MG Johnson,Delhi Capitals,0,12,5.5,4,33.33,1,8.33,0.05064107197812105,0.2374460407191354,0.40641677710220464,0.17974692259076416,0.04321423622012243,0.6550571407326211,powerplay,,,,
2016,MG Johnson,Punjab Kings,0,24,10.75,9,37.5,8,33.33,0.05064107197812105,0.4176654781572067,0.44022808824132753,0.4592636632463505,-0.09265543728829365,0.5191874672242051,powerplay,,,,
2016,MJ McClenaghan,Delhi Capitals,1,12,6.5,7,58.33,2,16.67,0.14557696476904422,0.27177355261210134,0.6091224793751236,0.27299370727346783,0.21061667320535915,0.8224595777178578,powerplay,,,,
2016,MJ McClenaghan,Gujarat Titans,0,6,18.0,2,33.33,4,66.67,0.05064107197812105,0.6665399393812099,0.40641677710220464,0.8320271885846406,-0.3017887663096902,0.31005413820280847,powerplay,,,,
2016,MJ McClenaghan,Lucknow Super Giants,1,12,7.5,7,58.33,2,16.67,0.14557696476904422,0.3061010645050673,0.6091224793751236,0.27299370727346783,0.1934529172588762,0.8052958217713748,powerplay,,,,
2016,MJ McClenaghan,Mumbai Indians,2,96,7.94,43,44.79,19,19.79,0.2405128575599674,0.32120516973797236,0.49933707102411073,0.307877396507285,0.28839234347674114,0.9002352479892398,powerplay,,,,
2016,MJ McClenaghan,Punjab Kings,0,12,8.0,3,25.0,2,16.67,0.05064107197812105,0.3232648204515503,0.33887523710486794,0.27299370727346783,-0.03860697258182677,0.5732359319306719,powerplay,,,,
2016,MJ McClenaghan,Royal Challengers Bengaluru,1,12,4.5,6,50.0,1,8.33,0.14557696476904422,0.2031185288261694,0.5415809393777871,0.17974692259076416,0.2433310800356649,0.8551739845481636,powerplay,,,,
2016,MM Sharma,Delhi Capitals,0,6,3.0,4,66.67,0,0.0,0.05064107197812105,0.15162726098672047,0.6767451016533695,0.0866119446043228,0.18584911904896761,0.7976920235614663,powerplay,MM Sharma,2016.0,106365115.9935,0.1747275103430761
2016,MM Sharma,Delhi Capitals,0,6,3.0,4,66.67,0,0.0,0.05064107197812105,0.15162726098672047,0.6767451016533695,0.0866119446043228,0.18584911904896761,0.7976920235614663,powerplay,MM Sharma,2016.0,1636386.3998999998,11.357288172299947
2016,MM Sharma,Delhi Capitals,0,6,3.0,4,66.67,0,0.0,0.05064107197812105,0.15162726098672047,0.6767451016533695,0.0866119446043228,0.18584911904896761,0.7976920235614663,powerplay,MM Sharma,2016.0,1636386.3998999998,11.357288172299947
2016,MM Sharma,Gujarat Titans,2,12,6.5,4,33.33,1,8.33,0.2405128575599674,0.27177355261210134,0.40641677710220464,0.17974692259076416,0.310858158646409,0.9227010631589077,powerplay,MM Sharma,2016.0,106365115.9935,0.29225574169016616
2016,MM Sharma,Gujarat Titans,2,12,6.5,4,33.33,1,8.33,0.2405128575599674,0.27177355261210134,0.40641677710220464,0.17974692259076416,0.310858158646409,0.9227010631589077,powerplay,MM Sharma,2016.0,1636386.3998999998,18.9966232098608
2016,MM Sharma,Gujarat Titans,2,12,6.5,4,33.33,1,8.33,0.2405128575599674,0.27177355261210134,0.40641677710220464,0.17974692259076416,0.310858158646409,0.9227010631589077,powerplay,MM Sharma,2016.0,1636386.3998999998,18.9966232098608
2016,MM Sharma,Lucknow Super Giants,0,12,11.5,5,41.67,4,33.33,0.05064107197812105,0.4434111120769312,0.4740393993804504,0.4592636632463505,-0.09538486090641901,0.5164580436060797,powerplay,MM Sharma,2016.0,106365115.9935,-0.08967682685764006
2016,MM Sharma,Lucknow Super Giants,0,12,11.5,5,41.67,4,33.33,0.05064107197812105,0.4434111120769312,0.4740393993804504,0.4592636632463505,-0.09538486090641901,0.5164580436060797,powerplay,MM Sharma,2016.0,1636386.3998999998,-5.828993745746604
2016,MM Sharma,Lucknow Super Giants,0,12,11.5,5,41.67,4,33.33,0.05064107197812105,0.4434111120769312,0.4740393993804504,0.4592636632463505,-0.09538486090641901,0.5164580436060797,powerplay,MM Sharma,2016.0,1636386.3998999998,-5.828993745746604
2016,MM Sharma,Punjab Kings,1,78,7.85,28,35.9,15,19.23,0.14557696476904422,0.3181156936676054,0.42725492329586073,0.3016162215165999,0.12716083300520187,0.7390037375177005,powerplay,MM Sharma,2016.0,106365115.9935,0.11955125683590914
2016,MM Sharma,Punjab Kings,1,78,7.85,28,35.9,15,19.23,0.14557696476904422,0.3181156936676054,0.42725492329586073,0.3016162215165999,0.12716083300520187,0.7390037375177005,powerplay,MM Sharma,2016.0,1636386.3998999998,7.7708316943340945
2016,MM Sharma,Punjab Kings,1,78,7.85,28,35.9,15,19.23,0.14557696476904422,0.3181156936676054,0.42725492329586073,0.3016162215165999,0.12716083300520187,0.7390037375177005,powerplay,MM Sharma,2016.0,1636386.3998999998,7.7708316943340945
2016,MM Sharma,Royal Challengers Bengaluru,0,6,6.0,3,50.0,1,16.67,0.05064107197812105,0.25460979666561834,0.5415809393777871,0.27299370727346783,0.056532249993014955,0.6683751545055137,powerplay,MM Sharma,2016.0,106365115.9935,0.053149239264186625
2016,MM Sharma,Royal Challengers Bengaluru,0,6,6.0,3,50.0,1,16.67,0.05064107197812105,0.25460979666561834,0.5415809393777871,0.27299370727346783,0.056532249993014955,0.6683751545055137,powerplay,MM Sharma,2016.0,1636386.3998999998,3.454700552172131
2016,MM Sharma,Royal Challengers Bengaluru,0,6,6.0,3,50.0,1,16.67,0.05064107197812105,0.25460979666561834,0.5415809393777871,0.27299370727346783,0.056532249993014955,0.6683751545055137,powerplay,MM Sharma,2016.0,1636386.3998999998,3.454700552172131
2016,Mohammed Shami,Delhi Capitals,0,48,10.25,11,22.92,14,29.17,0.05064107197812105,0.4005017222107237,0.3220101226757611,0.41275207760126104,-0.11023663185570418,0.5016062726567945,powerplay,,,,
2016,Mohammed Shami,Gujarat Titans,0,6,8.0,3,50.0,1,16.67,0.05064107197812105,0.3232648204515503,0.5415809393777871,0.27299370727346783,0.02220473810004897,0.6340476426125476,powerplay,,,,
2016,Mohammed Shami,Punjab Kings,0,6,10.0,2,33.33,2,33.33,0.05064107197812105,0.3919198442374823,0.40641677710220464,0.4592636632463505,-0.08992601367016828,0.5219168908423304,powerplay,,,,
2016,Mohammed Shami,Royal Challengers Bengaluru,0,6,16.0,1,16.67,3,50.0,0.05064107197812105,0.597884915595278,0.2713336971075314,0.6456454259154955,-0.2707098258812971,0.34113307863120157,powerplay,,,,
2016,MP Stoinis,Gujarat Titans,0,6,4.0,5,83.33,1,16.67,0.05064107197812105,0.18595477287968643,0.8118281816480428,0.27299370727346783,0.17193393456705763,0.7837768390795563,powerplay,MP Stoinis,2016.0,9000125.19945,1.9103504757640992
2016,MP Stoinis,Punjab Kings,1,48,10.5,11,22.92,13,27.08,0.14557696476904422,0.4090836001839653,0.3220101226757611,0.38938447808245397,0.032549788247821204,0.6443926927603199,powerplay,MP Stoinis,2016.0,9000125.19945,0.36165928280431403
2016,MR Marsh,Lucknow Super Giants,3,30,2.8,22,73.33,1,3.33,0.3354487503508906,0.14476175860812726,0.7307459007388751,0.12384357445964692,0.6252473015520055,1.2370902060645041,powerplay,MR Marsh,2016.0,78546547.1952,0.7960213706124749
2016,Mustafizur Rahman,Delhi Capitals,0,12,4.5,7,58.33,1,8.33,0.05064107197812105,0.2031185288261694,0.6091224793751236,0.17974692259076416,0.12118970284848113,0.7330326073609799,powerplay,,,,
2016,Mustafizur Rahman,Gujarat Titans,0,6,2.0,4,66.67,0,0.0,0.05064107197812105,0.11729974909375449,0.6767451016533695,0.0866119446043228,0.20301287499545062,0.8148557795079493,powerplay,,,,
2016,Mustafizur Rahman,Punjab Kings,1,6,4.0,3,50.0,0,0.0,0.14557696476904422,0.18595477287968643,0.5415809393777871,0.0866119446043228,0.27053995360619465,0.8823828581186933,powerplay,,,,
2016,Mustafizur Rahman,Royal Challengers Bengaluru,0,18,4.67,9,50.0,1,5.56,0.05064107197812105,0.2089542058479736,0.5415809393777871,0.1487764677261252,0.10420349331130585,0.7160463978238045,powerplay,,,,
2016,Mustafizur Rahman,Sunrisers Hyderabad,2,54,5.67,27,50.0,6,11.11,0.2405128575599674,0.2432817177409396,0.5415809393777871,0.21082918415166538,0.3594368724524843,0.971279776964983,powerplay,,,,
2016,NLTC Perera,Delhi Capitals,0,6,9.0,3,50.0,2,33.33,0.05064107197812105,0.3575923323445163,0.5415809393777871,0.4592636632463505,-0.03221300904101057,0.5796298954714881,powerplay,NLTC Perera,2016.0,16363863.999,-0.19685453901950734
2016,NLTC Perera,Lucknow Super Giants,1,66,7.18,27,40.91,11,16.67,0.14557696476904422,0.29511626069931823,0.46787714603135366,0.27299370727346783,0.15657171915861973,0.7684146236711185,powerplay,NLTC Perera,2016.0,16363863.999,0.9568138623505296
2016,NLTC Perera,Royal Challengers Bengaluru,0,6,9.0,2,33.33,1,16.67,0.05064107197812105,0.3575923323445163,0.40641677710220464,0.27299370727346783,-0.03550826652910877,0.5763346379833899,powerplay,NLTC Perera,2016.0,16363863.999,-0.2169919435365552
2016,NM Coulter-Nile,Delhi Capitals,0,24,8.75,9,37.5,6,25.0,0.05064107197812105,0.34901045437127476,0.44022808824132753,0.36612868525990916,-0.039700929798039394,0.5721419747144593,powerplay,,,,
2016,NM Coulter-Nile,Lucknow Super Giants,0,12,7.0,6,50.0,2,16.67,0.05064107197812105,0.28893730855858435,0.5415809393777871,0.27299370727346783,0.03936849404653195,0.6512113985590307,powerplay,,,,
2016,P Kumar,Delhi Capitals,0,12,4.0,6,50.0,0,0.0,0.05064107197812105,0.18595477287968643,0.5415809393777871,0.0866119446043228,0.12813611441980993,0.7399790189323086,powerplay,P Kumar,2016.0,57273523.99649999,0.22372661131806795
2016,P Kumar,Gujarat Titans,3,102,7.82,48,47.06,19,18.63,0.3354487503508906,0.3170858683108164,0.5177427487904918,0.2949078197408658,0.440971452059902,1.0528143565724006,powerplay,P Kumar,2016.0,57273523.99649999,0.7699394437242065
2016,P Kumar,Lucknow Super Giants,0,12,9.0,4,33.33,3,25.0,0.05064107197812105,0.3575923323445163,0.40641677710220464,0.36612868525990916,-0.054135262126397035,0.5577076423861016,powerplay,P Kumar,2016.0,57273523.99649999,-0.09452057137204489
2016,P Kumar,Punjab Kings,0,6,7.0,2,33.33,1,16.67,0.05064107197812105,0.28893730855858435,0.40641677710220464,0.27299370727346783,-0.0011807546361427834,0.6106621498763559,powerplay,P Kumar,2016.0,57273523.99649999,-0.002061606399869754
2016,P Kumar,Royal Challengers Bengaluru,0,6,7.0,2,33.33,1,16.67,0.05064107197812105,0.28893730855858435,0.40641677710220464,0.27299370727346783,-0.0011807546361427834,0.6106621498763559,powerplay,P Kumar,2016.0,57273523.99649999,-0.002061606399869754
2016,P Negi,Delhi Capitals,0,18,11.33,4,22.22,6,33.33,0.05064107197812105,0.43757543505512697,0.31633436301211937,0.4592636632463505,-0.1397785333060162,0.4720643712064825,powerplay,P Negi,2016.0,139092843.9915,-0.10049297238796706
2016,P Negi,Royal Challengers Bengaluru,0,6,9.0,0,0.0,1,16.67,0.05064107197812105,0.3575923323445163,0.13616953483194888,0.27299370727346783,-0.11658243921018549,0.49526046530231316,powerplay,P Negi,2016.0,139092843.9915,-0.08381627398265713
2016,P Sahu,Delhi Capitals,0,6,10.0,1,16.67,1,16.67,0.05064107197812105,0.3919198442374823,0.2713336971075314,0.27299370727346783,-0.09319694647399371,0.518645958038505,powerplay,P Sahu,2016.0,1636386.3998999998,-5.6952897237283935
2016,P Sahu,Punjab Kings,0,12,9.0,4,33.33,3,25.0,0.05064107197812105,0.3575923323445163,0.40641677710220464,0.36612868525990916,-0.054135262126397035,0.5577076423861016,powerplay,P Sahu,2016.0,1636386.3998999998,-3.308219998021571
2016,Parvez Rasool,Royal Challengers Bengaluru,1,42,8.86,16,38.1,10,23.81,0.14557696476904422,0.3527864806795011,0.4450930250958776,0.35282368840470324,0.10493537666163841,0.7167782811741371,powerplay,,,,
2016,PJ Sangwan,Gujarat Titans,0,6,16.0,2,33.33,2,33.33,0.05064107197812105,0.597884915595278,0.40641677710220464,0.4592636632463505,-0.19290854934906615,0.4189343551634325,powerplay,PJ Sangwan,2016.0,3272772.7997999997,-5.894345900236486
2016,PJ Sangwan,Punjab Kings,0,12,10.5,6,50.0,4,33.33,0.05064107197812105,0.4090836001839653,0.5415809393777871,0.4592636632463505,-0.05795864296073505,0.5538842615517636,powerplay,PJ Sangwan,2016.0,3272772.7997999997,-1.7709338993613282
2016,PP Chawla,Kolkata Knight Riders,0,18,5.67,7,38.89,1,5.56,0.05064107197812105,0.2432817177409396,0.45149852528770185,0.1487764677261252,0.06001501313779728,0.6718579176502959,powerplay,,,,
2016,PV Tambe,Gujarat Titans,1,18,7.67,5,27.78,3,16.67,0.14557696476904422,0.31193674152687156,0.3614161111976166,0.27299370727346783,0.11622316829472196,0.7280660728072206,powerplay,PV Tambe,2016.0,3272772.7997999997,3.551214074555508
2016,PV Tambe,Royal Challengers Bengaluru,0,6,11.0,3,50.0,2,33.33,0.05064107197812105,0.42624735613044823,0.5415809393777871,0.4592636632463505,-0.06654052093397653,0.5453023835785221,powerplay,PV Tambe,2016.0,3272772.7997999997,-2.0331543007825914
2016,R Ashwin,Delhi Capitals,0,6,6.0,0,0.0,0,0.0,0.05064107197812105,0.25460979666561834,0.13616953483194888,0.0866119446043228,-0.027814818836907493,0.5840280856755912,powerplay,,,,
2016,R Ashwin,Gujarat Titans,0,6,4.0,4,66.67,0,0.0,0.05064107197812105,0.18595477287968643,0.6767451016533695,0.0866119446043228,0.16868536310248466,0.7805282676149834,powerplay,,,,
2016,R Ashwin,Lucknow Super Giants,0,30,11.8,10,33.33,8,26.67,0.05064107197812105,0.45370936564482106,0.40641677710220464,0.38480040353570233,-0.10592812243170804,0.5059147820807907,powerplay,,,,
2016,R Ashwin,Punjab Kings,0,12,5.5,4,33.33,1,8.33,0.05064107197812105,0.2374460407191354,0.40641677710220464,0.17974692259076416,0.04321423622012243,0.6550571407326211,powerplay,,,,
2016,R Bhatia,Gujarat Titans,0,6,13.0,3,50.0,2,33.33,0.05064107197812105,0.49490237991638014,0.5415809393777871,0.4592636632463505,-0.10086803282694248,0.5109748716855562,powerplay,R Bhatia,2016.0,9818318.3994,-1.027345302155882
2016,R Bhatia,Lucknow Super Giants,1,24,6.0,7,29.17,1,4.17,0.14557696476904422,0.25460979666561834,0.3726865482439909,0.13323533694567463,0.17621944590481947,0.7880623504173181,powerplay,R Bhatia,2016.0,9818318.3994,1.794802722180901
2016,R Dhawan,Punjab Kings,0,6,10.0,0,0.0,1,16.67,0.05064107197812105,0.3919198442374823,0.13616953483194888,0.27299370727346783,-0.13374619515666847,0.4780967093558302,powerplay,,,,
2016,R Vinay Kumar,Gujarat Titans,0,6,7.0,2,33.33,1,16.67,0.05064107197812105,0.28893730855858435,0.40641677710220464,0.27299370727346783,-0.0011807546361427834,0.6106621498763559,powerplay,,,,
2016,R Vinay Kumar,Mumbai Indians,1,18,8.67,8,44.44,4,22.22,0.14557696476904422,0.3462642534198375,0.4964991911922898,0.335046423699008,0.12717379306153287,0.7390166975740315,powerplay,,,,
2016,RA Jadeja,Gujarat Titans,2,36,8.67,10,27.78,6,16.67,0.2405128575599674,0.3462642534198375,0.3614161111976166,0.27299370727346783,0.24146325153462372,0.8533061560471225,powerplay,,,,
2016,RA Jadeja,Lucknow Super Giants,0,6,7.0,1,16.67,0,0.0,0.05064107197812105,0.28893730855858435,0.2713336971075314,0.0866119446043228,-0.004429326100715739,0.6074135784117829,powerplay,,,,
2016,RA Jadeja,Punjab Kings,0,6,5.0,2,33.33,0,0.0,0.05064107197812105,0.2202822847726524,0.40641677710220464,0.0866119446043228,0.0704231097906522,0.6822660143031509,powerplay,,,,
2016,RP Singh,Gujarat Titans,0,6,14.0,2,33.33,2,33.33,0.05064107197812105,0.5292298918093461,0.40641677710220464,0.4592636632463505,-0.1585810374561002,0.4532618670563985,powerplay,,,,
2016,RP Singh,Lucknow Super Giants,1,24,7.75,13,54.17,4,16.67,0.14557696476904422,0.31468294247830886,0.5753922505169099,0.27299370727346783,0.17904290961479127,0.79088581412729,powerplay,,,,
2016,RP Singh,Royal Challengers Bengaluru,0,12,9.0,4,33.33,2,16.67,0.05064107197812105,0.3575923323445163,0.40641677710220464,0.27299370727346783,-0.03550826652910877,0.5763346379833899,powerplay,,,,
2016,S Aravind,Delhi Capitals,1,12,7.5,5,41.67,2,16.67,0.14557696476904422,0.3061010645050673,0.4740393993804504,0.27299370727346783,0.1529279932604742,0.7647708977729729,powerplay,,,,
2016,S Aravind,Gujarat Titans,0,6,2.0,4,66.67,0,0.0,0.05064107197812105,0.11729974909375449,0.6767451016533695,0.0866119446043228,0.20301287499545062,0.8148557795079493,powerplay,,,,
2016,S Aravind,Royal Challengers Bengaluru,4,72,7.75,30,41.67,13,18.06,0.43038464314181374,0.31468294247830886,0.4740393993804504,0.2885348380539184,0.5727403456769177,1.1845832501894162,powerplay,,,,
2016,S Kaushik,Gujarat Titans,0,12,2.0,8,66.67,0,0.0,0.05064107197812105,0.11729974909375449,0.6767451016533695,0.0866119446043228,0.20301287499545062,0.8148557795079493,powerplay,,,,
2016,S Kaushik,Royal Challengers Bengaluru,0,12,10.0,4,33.33,3,25.0,0.05064107197812105,0.3919198442374823,0.40641677710220464,0.36612868525990916,-0.07129901807288001,0.5405438864396187,powerplay,,,,
2016,S Ladda,Punjab Kings,0,6,7.0,2,33.33,1,16.67,0.05064107197812105,0.28893730855858435,0.40641677710220464,0.27299370727346783,-0.0011807546361427834,0.6106621498763559,powerplay,S Ladda,2016.0,1636386.3998999998,-0.0721562239954414
2016,S Nadeem,Delhi Capitals,0,24,10.5,5,20.83,5,20.83,0.05064107197812105,0.4090836001839653,0.30506392596574505,0.3195052929185574,-0.10096207291878903,0.5108808315937097,powerplay,,,,
2016,S Nadeem,Gujarat Titans,2,6,7.0,3,50.0,1,16.67,0.2405128575599674,0.28893730855858435,0.5415809393777871,0.27299370727346783,0.32417617241930147,0.9360190769318002,powerplay,,,,
2016,S Nadeem,Punjab Kings,0,12,8.0,3,25.0,2,16.67,0.05064107197812105,0.3232648204515503,0.33887523710486794,0.27299370727346783,-0.03860697258182677,0.5732359319306719,powerplay,,,,
2016,Sandeep Sharma,Delhi Capitals,1,6,0.0,6,100.0,0,0.0,0.14557696476904422,0.04864472530782252,0.9469923439236252,0.0866119446043228,0.46081839875587804,1.0726613032683767,powerplay,,,,
2016,Sandeep Sharma,Lucknow Super Giants,1,12,4.0,7,58.33,1,8.33,0.14557696476904422,0.18595477287968643,0.6091224793751236,0.17974692259076416,0.2721754200081074,0.8840183245206061,powerplay,,,,
2016,Sandeep Sharma,Punjab Kings,2,54,7.56,26,48.15,9,16.67,0.2405128575599674,0.30816071521864524,0.5265807174095911,0.27299370727346783,0.31006440249881223,0.9219073070113109,powerplay,,,,
2016,Sandeep Sharma,Royal Challengers Bengaluru,0,6,6.0,3,50.0,1,16.67,0.05064107197812105,0.25460979666561834,0.5415809393777871,0.27299370727346783,0.056532249993014955,0.6683751545055137,powerplay,,,,
2016,SB Jakati,Gujarat Titans,0,24,9.5,6,25.0,6,25.0,0.05064107197812105,0.37475608829099927,0.33887523710486794,0.36612868525990916,-0.08297960209883952,0.5288633024136592,powerplay,SB Jakati,2016.0,3272772.7997999997,-2.535452571101496
2016,Shakib Al Hasan,Kolkata Knight Riders,3,54,7.56,23,42.59,10,18.52,0.3354487503508906,0.30816071521864524,0.48149896922409385,0.2936779460819812,0.43480686946784514,1.0466497739803438,powerplay,,,,
2016,Shakib Al Hasan,Lucknow Super Giants,1,12,5.0,5,41.67,1,8.33,0.14557696476904422,0.2202822847726524,0.4740393993804504,0.17974692259076416,0.21448674006322238,0.8263296445757211,powerplay,,,,
2016,Shakib Al Hasan,Punjab Kings,0,12,7.5,5,41.67,2,16.67,0.05064107197812105,0.3061010645050673,0.4740393993804504,0.27299370727346783,0.010524154074089465,0.6223670585865881,powerplay,,,,
2016,SK Raina,Gujarat Titans,0,30,6.4,10,33.33,3,10.0,0.05064107197812105,0.2683408014228048,0.40641677710220464,0.19841864086655733,0.024032512213129083,0.6358754167256278,powerplay,,,,
2016,SM Boland,Delhi Capitals,1,12,9.0,4,33.33,3,25.0,0.14557696476904422,0.3575923323445163,0.40641677710220464,0.36612868525990916,0.08826857705998771,0.7001114815724864,powerplay,SM Boland,2016.0,8181931.9995,1.0788231565036452
2016,SM Boland,Lucknow Super Giants,0,6,4.0,5,83.33,1,16.67,0.05064107197812105,0.18595477287968643,0.8118281816480428,0.27299370727346783,0.17193393456705763,0.7837768390795563,powerplay,SM Boland,2016.0,8181931.9995,2.1013855233405088
2016,SP Narine,Delhi Capitals,1,12,4.0,7,58.33,1,8.33,0.14557696476904422,0.18595477287968643,0.6091224793751236,0.17974692259076416,0.2721754200081074,0.8840183245206061,powerplay,,,,
2016,SP Narine,Gujarat Titans,1,12,7.0,6,50.0,1,8.33,0.14557696476904422,0.28893730855858435,0.5415809393777871,0.17974692259076416,0.20042169016945743,0.8122645946819561,powerplay,,,,
2016,SP Narine,Kolkata Knight Riders,1,30,9.0,12,40.0,7,23.33,0.14557696476904422,0.3575923323445163,0.4604986584686194,0.347456966984116,0.10822748512507077,0.7200703896375694,powerplay,,,,
2016,SP Narine,Lucknow Super Giants,0,6,4.0,2,33.33,0,0.0,0.05064107197812105,0.18595477287968643,0.40641677710220464,0.0866119446043228,0.08758686573713519,0.6994297702496338,powerplay,,,,
2016,SP Narine,Punjab Kings,0,6,3.0,3,50.0,0,0.0,0.05064107197812105,0.15162726098672047,0.5415809393777871,0.0866119446043228,0.14529987036629288,0.7571427748787916,powerplay,,,,
2016,SP Narine,Royal Challengers Bengaluru,0,6,10.0,2,33.33,2,33.33,0.05064107197812105,0.3919198442374823,0.40641677710220464,0.4592636632463505,-0.08992601367016828,0.5219168908423304,powerplay,,,,
2016,SR Watson,Delhi Capitals,0,6,8.0,4,66.67,1,16.67,0.05064107197812105,0.3232648204515503,0.6767451016533695,0.27299370727346783,0.0627539867827237,0.6745968912952224,powerplay,SR Watson,2016.0,155456707.9905,0.040367500118784594
2016,SR Watson,Gujarat Titans,1,18,3.33,11,61.11,1,5.56,0.14557696476904422,0.16295533991139924,0.6316633534678723,0.1487764677261252,0.29663148969300335,0.908474394205502,powerplay,SR Watson,2016.0,155456707.9905,0.19081292375696685
2016,SR Watson,Lucknow Super Giants,0,6,4.0,2,33.33,0,0.0,0.05064107197812105,0.18595477287968643,0.40641677710220464,0.0866119446043228,0.08758686573713519,0.6994297702496338,powerplay,SR Watson,2016.0,155456707.9905,0.05634164448052486
2016,SR Watson,Punjab Kings,1,6,7.0,3,50.0,1,16.67,0.14557696476904422,0.28893730855858435,0.5415809393777871,0.27299370727346783,0.1817723332329167,0.7936152377454153,powerplay,SR Watson,2016.0,155456707.9905,0.1169279444950197
2016,SR Watson,Royal Challengers Bengaluru,2,72,8.0,27,37.5,12,16.67,0.2405128575599674,0.3232648204515503,0.44022808824132753,0.27299370727346783,0.27660656113188065,0.8884494656443793,powerplay,SR Watson,2016.0,155456707.9905,0.17793156995758855
2016,STR Binny,Delhi Capitals,0,6,5.0,1,16.67,0,0.0,0.05064107197812105,0.2202822847726524,0.2713336971075314,0.0866119446043228,0.02989818579225023,0.6417410903047489,powerplay,STR Binny,2016.0,32727727.998,0.09135429686435098
2016,STR Binny,Punjab Kings,0,6,11.0,0,0.0,1,16.67,0.05064107197812105,0.42624735613044823,0.13616953483194888,0.27299370727346783,-0.15090995110315145,0.46093295340934726,powerplay,STR Binny,2016.0,32727727.998,-0.4611073249947983
2016,STR Binny,Royal Challengers Bengaluru,0,12,8.5,4,33.33,2,16.67,0.05064107197812105,0.3404285763980333,0.40641677710220464,0.27299370727346783,-0.026926388555867264,0.5849165159566314,powerplay,STR Binny,2016.0,32727727.998,-0.08227393162615121
2016,Swapnil Singh,Punjab Kings,0,6,3.0,3,50.0,0,0.0,0.05064107197812105,0.15162726098672047,0.5415809393777871,0.0866119446043228,0.14529987036629288,0.7571427748787916,powerplay,,,,
2016,T Shamsi,Gujarat Titans,0,6,6.0,0,0.0,0,0.0,0.05064107197812105,0.25460979666561834,0.13616953483194888,0.0866119446043228,-0.027814818836907493,0.5840280856755912,powerplay,,,,
2016,T Shamsi,Lucknow Super Giants,0,6,5.0,1,16.67,0,0.0,0.05064107197812105,0.2202822847726524,0.2713336971075314,0.0866119446043228,0.02989818579225023,0.6417410903047489,powerplay,,,,
2016,T Shamsi,Royal Challengers Bengaluru,0,12,11.5,2,16.67,3,25.0,0.05064107197812105,0.4434111120769312,0.2713336971075314,0.36612868525990916,-0.13756957599100644,0.47427332852149223,powerplay,,,,
2016,TA Boult,Gujarat Titans,1,12,6.5,9,75.0,3,25.0,0.14557696476904422,0.27177355261210134,0.7442866416507062,0.36612868525990916,0.23253892629074568,0.8443818308032444,powerplay,,,,
2016,TG Southee,Delhi Capitals,0,6,5.0,3,50.0,0,0.0,0.05064107197812105,0.2202822847726524,0.5415809393777871,0.0866119446043228,0.11097235847332694,0.7228152629858257,powerplay,TG Southee,2016.0,40909659.997499995,0.27126199161789294
2016,TG Southee,Lucknow Super Giants,0,6,14.0,1,16.67,3,50.0,0.05064107197812105,0.5292298918093461,0.2713336971075314,0.6456454259154955,-0.23638231398833115,0.3754605905241675,powerplay,TG Southee,2016.0,40909659.997499995,-0.5778153961748315
2016,TG Southee,Mumbai Indians,0,60,9.3,18,30.0,14,23.33,0.05064107197812105,0.3678905859124061,0.3794163775594518,0.347456966984116,-0.06365016511800914,0.5481927393944895,powerplay,TG Southee,2016.0,40909659.997499995,-0.15558712813037023
2016,TG Southee,Punjab Kings,1,12,9.0,4,33.33,2,16.67,0.14557696476904422,0.3575923323445163,0.40641677710220464,0.27299370727346783,0.10689557265727598,0.7187384771697747,powerplay,TG Southee,2016.0,40909659.997499995,0.2612966538069698
2016,TG Southee,Royal Challengers Bengaluru,1,6,5.0,4,66.67,1,16.67,0.14557696476904422,0.2202822847726524,0.6767451016533695,0.27299370727346783,0.2566490938085574,0.8684919983210561,powerplay,TG Southee,2016.0,40909659.997499995,0.62735572435518
2016,UT Yadav,Kolkata Knight Riders,3,54,7.89,21,38.89,10,18.52,0.3354487503508906,0.31948879414332404,0.45149852528770185,0.2936779460819812,0.42014269682458816,1.031985601337087,powerplay,,,,
2016,UT Yadav,Punjab Kings,0,6,6.0,2,33.33,0,0.0,0.05064107197812105,0.25460979666561834,0.40641677710220464,0.0866119446043228,0.05325935384416923,0.6651022583566679,powerplay,,,,
2016,UT Yadav,Royal Challengers Bengaluru,0,6,11.0,1,16.67,2,33.33,0.05064107197812105,0.42624735613044823,0.2713336971075314,0.4592636632463505,-0.14761469361505322,0.4642282108974455,powerplay,,,,
2016,VR Aaron,Punjab Kings,0,6,7.0,2,33.33,1,16.67,0.05064107197812105,0.28893730855858435,0.40641677710220464,0.27299370727346783,-0.0011807546361427834,0.6106621498763559,powerplay,,,,
2016,VR Aaron,Royal Challengers Bengaluru,0,36,10.33,13,36.11,8,22.22,0.05064107197812105,0.403247923162161,0.4289576511949532,0.335046423699008,-0.06398434299521456,0.5478585615172841,powerplay,,,,
2016,YK Pathan,Kolkata Knight Riders,0,12,6.5,4,33.33,1,8.33,0.05064107197812105,0.27177355261210134,0.40641677710220464,0.17974692259076416,0.026050480273639452,0.6378933847861381,powerplay,,,,
2016,YS Chahal,Delhi Capitals,1,6,2.0,4,66.67,0,0.0,0.14557696476904422,0.11729974909375449,0.6767451016533695,0.0866119446043228,0.34541671418183534,0.9572596186943341,powerplay,,,,
2016,YS Chahal,Gujarat Titans,0,6,16.0,1,16.67,1,16.67,0.05064107197812105,0.597884915595278,0.2713336971075314,0.27299370727346783,-0.19617948215289158,0.41566342235960707,powerplay,,,,
2016,YS Chahal,Punjab Kings,0,12,7.0,4,33.33,2,16.67,0.05064107197812105,0.28893730855858435,0.40641677710220464,0.27299370727346783,-0.0011807546361427834,0.6106621498763559,powerplay,,,,
2016,YS Chahal,Royal Challengers Bengaluru,4,48,8.75,18,37.5,11,22.92,0.43038464314181374,0.34901045437127476,0.44022808824132753,0.3428728924373644,0.5345655855120087,1.1464084900245073,powerplay,,,,
2016,Z Khan,Delhi Capitals,3,84,6.64,38,45.24,13,15.48,0.3354487503508906,0.2765794042771166,0.5029857736650233,0.2596887104182619,0.4638414134036322,1.0756843179161308,powerplay,,,,
2016,Z Khan,Gujarat Titans,1,6,3.0,3,50.0,0,0.0,0.14557696476904422,0.15162726098672047,0.5415809393777871,0.0866119446043228,0.28770370955267766,0.8995466140651763,powerplay,,,,
2016,Z Khan,Lucknow Super Giants,0,12,7.5,6,50.0,3,25.0,0.05064107197812105,0.3061010645050673,0.5415809393777871,0.36612868525990916,0.012159620476002206,0.6240025249885008,powerplay,,,,
2016,Z Khan,Punjab Kings,0,6,4.0,3,50.0,0,0.0,0.05064107197812105,0.18595477287968643,0.5415809393777871,0.0866119446043228,0.12813611441980993,0.7399790189323086,powerplay,,,,
2016,Z Khan,Royal Challengers Bengaluru,0,12,10.5,1,8.33,3,25.0,0.05064107197812105,0.4090836001839653,0.20371107482928552,0.36612868525990916,-0.14069260672799727,0.4711502977845014,powerplay,,,,
2017,A Choudhary,Royal Challengers Bengaluru,2,30,5.2,18,60.0,3,10.0,0.23642634815991978,0.2058117992967488,0.6305432746855307,0.17042170071544746,0.40681226485407496,1.0186551693665735,powerplay,A Choudhary,2017.0,31196004.192,1.3040524752795075
2017,A Mishra,Delhi Capitals,0,30,7.8,8,26.67,5,16.67,0.035582644660053585,0.290221325513674,0.3724562826287201,0.23697792546559746,-0.027395396071260104,0.5844475084412386,powerplay,,,,
2017,A Mishra,Gujarat Titans,1,6,12.0,1,16.67,2,33.33,0.13600449640998669,0.4265751755563995,0.29502244162757674,0.40321881067361814,-0.0014178728096703314,0.6104250317028284,powerplay,,,,
2017,A Mishra,Punjab Kings,0,6,9.0,2,33.33,1,16.67,0.035582644660053585,0.3291795683830242,0.4240272207354815,0.23697792546559746,-0.03140323607390679,0.5804396684385918,powerplay,,,,
2017,A Nehra,Punjab Kings,1,12,12.0,5,41.67,5,41.67,0.13600449640998669,0.4265751755563995,0.48860704413043504,0.48643903772253133,0.0400134625314045,0.6518563670439032,powerplay,,,,
2017,A Nehra,Sunrisers Hyderabad,1,43,9.21,18,41.86,11,25.58,0.13600449640998669,0.33599726088516046,0.4900782871094568,0.32588586587396867,0.11785442713044308,0.7296973316429418,powerplay,,,,
2017,A Zampa,Delhi Capitals,0,6,9.0,1,16.67,1,16.67,0.035582644660053585,0.3291795683830242,0.29502244162757674,0.23697792546559746,-0.07010466980627819,0.5417382347062205,powerplay,,,,
2017,A Zampa,Lucknow Super Giants,0,6,9.0,1,16.67,1,16.67,0.035582644660053585,0.3291795683830242,0.29502244162757674,0.23697792546559746,-0.07010466980627819,0.5417382347062205,powerplay,,,,
2017,AB Dinda,Lucknow Super Giants,0,12,12.5,3,25.0,5,41.67,0.035582644660053585,0.44280777675196203,0.3595248311815291,0.48643903772253133,-0.1574602795759482,0.45438262493655046,powerplay,,,,
2017,AB Dinda,Punjab Kings,1,6,8.0,3,50.0,1,16.67,0.13600449640998669,0.2967143659918991,0.5531094336843874,0.23697792546559746,0.17418680663122718,0.7860297111437259,powerplay,,,,
2017,AD Mathews,Delhi Capitals,0,6,16.0,1,16.67,2,33.33,0.035582644660053585,0.5564359851208999,0.29502244162757674,0.40321881067361814,-0.21698105521682015,0.3948618492956785,powerplay,AD Mathews,2017.0,31196004.192,-0.6955411785476789
2017,AF Milne,Gujarat Titans,0,6,10.0,1,16.67,1,16.67,0.035582644660053585,0.3616447707741493,0.29502244162757674,0.23697792546559746,-0.08633727100184074,0.5255056335106579,powerplay,,,,
2017,AF Milne,Lucknow Super Giants,0,6,9.0,3,50.0,2,33.33,0.035582644660053585,0.3291795683830242,0.5531094336843874,0.40321881067361814,-0.025926749230839152,0.5859161552816595,powerplay,,,,
2017,AF Milne,Royal Challengers Bengaluru,0,12,17.0,1,8.33,7,58.33,0.035582644660053585,0.588901187512025,0.23044261823262321,0.6526799229305521,-0.30247982588225564,0.30936307863024304,powerplay,,,,
2017,AJ Tye,Gujarat Titans,1,30,7.8,13,43.33,5,16.67,0.13600449640998669,0.290221325513674,0.5014610617366247,0.23697792546559746,0.16193881528601092,0.7737817197985096,powerplay,,,,
2017,AJ Tye,Royal Challengers Bengaluru,2,6,1.0,5,83.33,0,0.0,0.23642634815991978,0.06945794925402336,0.8111964257411981,0.07063725581267392,0.5491420241726926,1.1609849286851914,powerplay,,,,
2017,Ankit Soni,Gujarat Titans,0,6,3.0,4,66.67,0,0.0,0.035582644660053585,0.13438835403627358,0.6821916466332933,0.07063725581267392,0.1767098327993968,0.7885527373118955,powerplay,,,,
2017,Ankit Soni,Lucknow Super Giants,0,6,4.0,3,50.0,0,0.0,0.035582644660053585,0.16685355642739869,0.5531094336843874,0.07063725581267392,0.12175256771916244,0.7335954722316611,powerplay,,,,
2017,Anureet Singh,Punjab Kings,0,6,10.0,2,33.33,2,33.33,0.035582644660053585,0.3616447707741493,0.4240272207354815,0.40321881067361814,-0.08088401431107348,0.5309588902014252,powerplay,,,,
2017,AR Patel,Delhi Capitals,0,6,5.0,1,16.67,0,0.0,0.035582644660053585,0.1993187588185238,0.29502244162757674,0.07063725581267392,0.02809386890655672,0.6399367734190554,powerplay,,,,
2017,AR Patel,Lucknow Super Giants,1,6,7.0,2,33.33,1,16.67,0.13600449640998669,0.264249163600774,0.4240272207354815,0.23697792546559746,0.15169474394211796,0.7635376484546166,powerplay,,,,
2017,AR Patel,Punjab Kings,1,48,8.38,17,35.42,8,16.67,0.13600449640998669,0.30905114290052665,0.4402108935047205,0.23697792546559746,0.13414885612301333,0.745991760635512,powerplay,,,,
2017,Avesh Khan,Delhi Capitals,0,6,4.0,5,83.33,1,16.67,0.035582644660053585,0.16685355642739869,0.8111964257411981,0.23697792546559746,0.16591053140562095,0.7777534359181196,powerplay,,,,
2017,B Kumar,Delhi Capitals,0,6,12.0,2,33.33,2,33.33,0.035582644660053585,0.4265751755563995,0.4240272207354815,0.40321881067361814,-0.11334921670219858,0.4984936878103001,powerplay,,,,
2017,B Kumar,Lucknow Super Giants,0,6,10.0,3,50.0,2,33.33,0.035582644660053585,0.3616447707741493,0.5531094336843874,0.40321881067361814,-0.042159350426401704,0.5696835540860969,powerplay,,,,
2017,B Kumar,Punjab Kings,1,6,3.0,3,50.0,0,0.0,0.13600449640998669,0.13438835403627358,0.5531094336843874,0.07063725581267392,0.2886179465396247,0.9004608510521234,powerplay,,,,
2017,B Kumar,Sunrisers Hyderabad,3,54,6.67,23,42.59,7,12.96,0.3368481999098529,0.2535356468117027,0.4957309575025402,0.19995789640666844,0.48723218442835625,1.099075088940855,powerplay,,,,
2017,B Stanlake,Punjab Kings,0,12,9.5,2,16.67,2,16.67,0.035582644660053585,0.3454121695785867,0.29502244162757674,0.23697792546559746,-0.07822097040405945,0.5336219341084392,powerplay,,,,
2017,B Stanlake,Royal Challengers Bengaluru,1,12,7.0,6,50.0,2,16.67,0.13600449640998669,0.264249163600774,0.5531094336843874,0.23697792546559746,0.19041940782678973,0.8022623123392885,powerplay,,,,
2017,BA Stokes,Delhi Capitals,0,6,14.0,1,16.67,3,50.0,0.035582644660053585,0.49150558033864966,0.29502244162757674,0.5695594803265417,-0.21778398675627977,0.39405891775621893,powerplay,BA Stokes,2017.0,226171030.39200002,-0.09629172506258481
2017,BA Stokes,Gujarat Titans,0,6,2.0,4,66.67,0,0.0,0.035582644660053585,0.10192315164514847,0.6821916466332933,0.07063725581267392,0.19294243399495936,0.804785338507458,powerplay,BA Stokes,2017.0,226171030.39200002,0.08530819957823564
2017,BA Stokes,Lucknow Super Giants,3,66,6.55,39,59.09,12,18.18,0.3368481999098529,0.24963982252476766,0.6234967951544267,0.25204537664591625,0.5170923518195402,1.128935256332039,powerplay,BA Stokes,2017.0,226171030.39200002,0.2286289057105655
2017,BA Stokes,Punjab Kings,0,12,6.5,5,41.67,2,16.67,0.035582644660053585,0.24801656240521142,0.48860704413043504,0.23697792546559746,0.028552213933485678,0.6403951184459844,powerplay,BA Stokes,2017.0,226171030.39200002,0.012624169365987736
2017,BA Stokes,Royal Challengers Bengaluru,1,6,3.0,3,50.0,0,0.0,0.13600449640998669,0.13438835403627358,0.5531094336843874,0.07063725581267392,0.2886179465396247,0.9004608510521234,powerplay,BA Stokes,2017.0,226171030.39200002,0.1276104839949624
2017,Basil Thampi,Delhi Capitals,0,12,10.0,4,33.33,2,16.67,0.035582644660053585,0.3616447707741493,0.4240272207354815,0.23697792546559746,-0.04763583726946934,0.5642070672430294,powerplay,Basil Thampi,2017.0,13258301.7816,-0.35929063958687996
2017,Basil Thampi,Gujarat Titans,0,48,10.75,18,37.5,15,31.25,0.035582644660053585,0.3859936725674931,0.45631713243295824,0.3824636461338413,-0.079220458790547,0.5326224457219517,powerplay,Basil Thampi,2017.0,13258301.7816,-0.5975158817133723
2017,Basil Thampi,Lucknow Super Giants,1,12,5.0,6,50.0,1,8.33,0.13600449640998669,0.1993187588185238,0.5531094336843874,0.1537576984166843,0.23952865562769746,0.8513715601401961,powerplay,Basil Thampi,2017.0,13258301.7816,1.8066314945411608
2017,Basil Thampi,Punjab Kings,0,6,8.0,1,16.67,1,16.67,0.035582644660053585,0.2967143659918991,0.29502244162757674,0.23697792546559746,-0.05387206861071565,0.557970835901783,powerplay,Basil Thampi,2017.0,13258301.7816,-0.4063270658500157
2017,Basil Thampi,Royal Challengers Bengaluru,1,18,8.0,10,55.56,4,22.22,0.13600449640998669,0.2967143659918991,0.5961626492810231,0.29235829238663674,0.17602669792601006,0.7878696024385088,powerplay,Basil Thampi,2017.0,13258301.7816,1.3276715285686256
2017,BB Sran,Sunrisers Hyderabad,0,6,9.0,3,50.0,2,33.33,0.035582644660053585,0.3291795683830242,0.5531094336843874,0.40321881067361814,-0.025926749230839152,0.5859161552816595,powerplay,,,,
2017,BCJ Cutting,Sunrisers Hyderabad,0,18,8.33,5,27.78,3,16.67,0.035582644660053585,0.30742788278097033,0.381051438979847,0.23697792546559746,-0.03342012779957019,0.5784227767129285,powerplay,,,,
2017,Bipul Sharma,Lucknow Super Giants,1,12,6.5,5,41.67,2,16.67,0.13600449640998669,0.24801656240521142,0.48860704413043504,0.23697792546559746,0.17918499155838533,0.791027896070884,powerplay,,,,
2017,Bipul Sharma,Sunrisers Hyderabad,1,14,8.14,3,21.43,2,14.29,0.13600449640998669,0.3012594943266566,0.33188094994412093,0.21322922757873733,0.11029543691914054,0.7221383414316392,powerplay,,,,
2017,C de Grandhomme,Kolkata Knight Riders,0,12,8.0,7,58.33,3,25.0,0.035582644660053585,0.2967143659918991,0.6176118232383397,0.32009836806960784,0.026280657351711187,0.6381235618642098,powerplay,,,,
2017,C de Grandhomme,Lucknow Super Giants,0,6,5.0,1,16.67,0,0.0,0.035582644660053585,0.1993187588185238,0.29502244162757674,0.07063725581267392,0.02809386890655672,0.6399367734190554,powerplay,,,,
2017,C de Grandhomme,Punjab Kings,0,6,3.0,3,50.0,0,0.0,0.035582644660053585,0.13438835403627358,0.5531094336843874,0.07063725581267392,0.137985168914725,0.7498280734272237,powerplay,,,,
2017,CH Morris,Delhi Capitals,2,60,6.6,30,50.0,9,15.0,0.23642634815991978,0.2512630826443239,0.5531094336843874,0.22031392316683426,0.35087802638966703,0.9627209309021657,powerplay,,,,
2017,CH Morris,Lucknow Super Giants,1,12,9.5,5,41.67,3,25.0,0.13600449640998669,0.3454121695785867,0.48860704413043504,0.32009836806960784,0.11386309945089561,0.7257060039633942,powerplay,,,,
2017,CH Morris,Punjab Kings,0,12,6.5,6,50.0,1,8.33,0.035582644660053585,0.24801656240521142,0.5531094336843874,0.1537576984166843,0.06454697620945402,0.6763898807219527,powerplay,,,,
2017,CH Morris,Royal Challengers Bengaluru,1,12,6.5,8,66.67,3,25.0,0.13600449640998669,0.24801656240521142,0.6821916466332933,0.32009836806960784,0.22063628378844075,0.8324791883009395,powerplay,,,,
2017,CJ Jordan,Sunrisers Hyderabad,1,6,10.0,2,33.33,1,16.67,0.13600449640998669,0.3616447707741493,0.4240272207354815,0.23697792546559746,0.1029969403554303,0.714839844867929,powerplay,CJ Jordan,2017.0,7799001.048,1.3206427300307024
2017,CR Woakes,Delhi Capitals,0,6,9.0,0,0.0,1,16.67,0.035582644660053585,0.3291795683830242,0.16594022867867084,0.23697792546559746,-0.10882933369094996,0.5030135708215487,powerplay,CR Woakes,2017.0,65511608.80320001,-0.1661222120462321
2017,CR Woakes,Gujarat Titans,0,6,12.0,2,33.33,2,33.33,0.035582644660053585,0.4265751755563995,0.4240272207354815,0.40321881067361814,-0.11334921670219858,0.4984936878103001,powerplay,CR Woakes,2017.0,65511608.80320001,-0.1730215739972209
2017,CR Woakes,Kolkata Knight Riders,4,54,9.22,23,42.59,12,22.22,0.43727005165978594,0.3363219129090717,0.4957309575025402,0.29235829238663674,0.5779917498085777,1.1898346543210763,powerplay,CR Woakes,2017.0,65511608.80320001,0.8822737837882939
2017,CR Woakes,Lucknow Super Giants,0,12,10.0,3,25.0,3,25.0,0.035582644660053585,0.3616447707741493,0.3595248311815291,0.32009836806960784,-0.08361064265645711,0.5282322618560416,powerplay,CR Woakes,2017.0,65511608.80320001,-0.1276272162810525
2017,CR Woakes,Punjab Kings,0,6,4.0,2,33.33,0,0.0,0.035582644660053585,0.16685355642739869,0.4240272207354815,0.07063725581267392,0.08302790383449067,0.6948708083469893,powerplay,CR Woakes,2017.0,65511608.80320001,0.12673769634311752
2017,CR Woakes,Royal Challengers Bengaluru,0,12,10.0,5,41.67,3,25.0,0.035582644660053585,0.3616447707741493,0.48860704413043504,0.32009836806960784,-0.04488597877178534,0.5669569257407133,powerplay,CR Woakes,2017.0,65511608.80320001,-0.06851606851333014
2017,DJ Hooda,Punjab Kings,0,6,17.0,1,16.67,3,50.0,0.035582644660053585,0.588901187512025,0.29502244162757674,0.5695594803265417,-0.26648179034296743,0.34536111416953125,powerplay,,,,
2017,DJ Hooda,Sunrisers Hyderabad,1,6,7.0,4,66.67,1,16.67,0.13600449640998669,0.264249163600774,0.6821916466332933,0.23697792546559746,0.22914407171146153,0.8409869762239602,powerplay,,,,
2017,DL Chahar,Lucknow Super Giants,1,36,11.83,10,27.78,13,36.11,0.13600449640998669,0.4210560911499082,0.381051438979847,0.4309588863565892,0.021602353462662177,0.6334452579751608,powerplay,,,,
2017,DR Smith,Gujarat Titans,0,12,20.0,2,16.67,8,66.67,0.035582644660053585,0.6862967946854003,0.29502244162757674,0.7359001499794652,-0.3484477278602398,0.26339517665225887,powerplay,,,,
2017,DS Kulkarni,Gujarat Titans,0,36,10.0,12,33.33,11,30.56,0.035582644660053585,0.3616447707741493,0.4240272207354815,0.37557851943554993,-0.07535595606345984,0.5364869484490389,powerplay,,,,
2017,DS Kulkarni,Punjab Kings,0,12,4.5,5,41.67,0,0.0,0.035582644660053585,0.1830861576229612,0.48860704413043504,0.07063725581267392,0.09428555025519549,0.7061284547676941,powerplay,,,,
2017,DT Christian,Lucknow Super Giants,0,12,6.5,5,41.67,2,16.67,0.035582644660053585,0.24801656240521142,0.48860704413043504,0.23697792546559746,0.028552213933485678,0.6403951184459844,powerplay,DT Christian,2017.0,15598002.096,0.18305045580682217
2017,DT Christian,Punjab Kings,0,12,12.0,4,33.33,4,33.33,0.035582644660053585,0.4265751755563995,0.4240272207354815,0.40321881067361814,-0.11334921670219858,0.4984936878103001,powerplay,DT Christian,2017.0,15598002.096,-0.7266906107883278
2017,DT Christian,Royal Challengers Bengaluru,0,6,4.0,3,50.0,0,0.0,0.035582644660053585,0.16685355642739869,0.5531094336843874,0.07063725581267392,0.12175256771916244,0.7335954722316611,powerplay,DT Christian,2017.0,15598002.096,0.7805651452655276
2017,GJ Maxwell,Punjab Kings,0,6,18.0,0,0.0,4,66.67,0.035582644660053585,0.6213663899031502,0.16594022867867084,0.7359001499794652,-0.35470718935378653,0.25713571515871214,powerplay,,,,
2017,Harbhajan Singh,Delhi Capitals,1,12,3.5,8,66.67,1,8.33,0.13600449640998669,0.1506209552318361,0.6821916466332933,0.1537576984166843,0.3026022213057131,0.9144451258182118,powerplay,,,,
2017,Harbhajan Singh,Gujarat Titans,0,6,10.0,2,33.33,2,33.33,0.035582644660053585,0.3616447707741493,0.4240272207354815,0.40321881067361814,-0.08088401431107348,0.5309588902014252,powerplay,,,,
2017,Harbhajan Singh,Mumbai Indians,0,24,5.75,11,45.83,2,8.33,0.035582644660053585,0.22366766061186763,0.5208195219869106,0.1537576984166843,0.06703445359688287,0.6788773581093815,powerplay,,,,
2017,Harbhajan Singh,Punjab Kings,0,6,6.0,3,50.0,1,16.67,0.035582644660053585,0.23178396120964886,0.5531094336843874,0.23697792546559746,0.05601923139745265,0.6678621359099514,powerplay,,,,
2017,Harbhajan Singh,Royal Challengers Bengaluru,0,18,5.33,11,61.11,2,11.11,0.035582644660053585,0.21003227560759508,0.6391384310366576,0.18149777409965534,0.10379980367734903,0.7156427081898478,powerplay,,,,
2017,HH Pandya,Lucknow Super Giants,0,12,9.5,2,16.67,3,25.0,0.035582644660053585,0.3454121695785867,0.29502244162757674,0.32009836806960784,-0.09484505892486153,0.5169978455876372,powerplay,,,,
2017,HH Pandya,Mumbai Indians,1,12,5.0,4,33.33,0,0.0,0.13600449640998669,0.1993187588185238,0.4240272207354815,0.07063725581267392,0.2174280802638278,0.8292709847763264,powerplay,,,,
2017,HH Pandya,Punjab Kings,0,6,11.0,1,16.67,2,33.33,0.035582644660053585,0.3941099731652744,0.29502244162757674,0.40321881067361814,-0.13581804923900742,0.47602485527349125,powerplay,,,,
2017,HV Patel,Delhi Capitals,0,6,15.0,1,16.67,3,50.0,0.035582644660053585,0.5239707827297748,0.29502244162757674,0.5695594803265417,-0.23401658795184235,0.37782631656065635,powerplay,,,,
2017,I Sharma,Lucknow Super Giants,0,6,12.0,1,16.67,2,33.33,0.035582644660053585,0.4265751755563995,0.29502244162757674,0.40321881067361814,-0.15205065043457,0.4597922540779287,powerplay,,,,
2017,I Sharma,Punjab Kings,0,66,9.27,23,34.85,14,21.21,0.035582644660053585,0.3379451730286279,0.43579716456765527,0.2822800634514567,-0.041315482844228354,0.5705274216682703,powerplay,,,,
2017,IK Pathan,Gujarat Titans,0,6,16.0,2,33.33,3,50.0,0.035582644660053585,0.5564359851208999,0.4240272207354815,0.5695594803265417,-0.21154775541503346,0.4002951490974652,powerplay,,,,
2017,Imran Tahir,Gujarat Titans,0,6,15.0,2,33.33,3,50.0,0.035582644660053585,0.5239707827297748,0.4240272207354815,0.5695594803265417,-0.19531515421947093,0.41652775029302774,powerplay,,,,
2017,Imran Tahir,Lucknow Super Giants,4,36,6.17,14,38.89,5,13.89,0.43727005165978594,0.23730304561614013,0.46708043633211715,0.2092378497826264,0.6355301156247187,1.2473730201372173,powerplay,,,,
2017,Imran Tahir,Punjab Kings,1,6,8.0,1,16.67,1,16.67,0.13600449640998669,0.2967143659918991,0.29502244162757674,0.23697792546559746,0.09676070901418402,0.7086036135266827,powerplay,,,,
2017,Imran Tahir,Royal Challengers Bengaluru,0,6,7.0,1,16.67,0,0.0,0.035582644660053585,0.264249163600774,0.29502244162757674,0.07063725581267392,-0.004371333484568385,0.6074715710279303,powerplay,,,,
2017,Iqbal Abdulla,Punjab Kings,0,6,8.0,2,33.33,1,16.67,0.035582644660053585,0.2967143659918991,0.4240272207354815,0.23697792546559746,-0.01517063487834424,0.5966722696341544,powerplay,,,,
2017,Iqbal Abdulla,Royal Challengers Bengaluru,0,6,11.0,0,0.0,1,16.67,0.035582644660053585,0.3941099731652744,0.16594022867867084,0.23697792546559746,-0.14129453608207507,0.4705483684304236,powerplay,,,,
2017,J Yadav,Delhi Capitals,0,12,8.0,3,25.0,1,8.33,0.035582644660053585,0.2967143659918991,0.3595248311815291,0.1537576984166843,-0.017877306334747302,0.5939655981777514,powerplay,,,,
2017,JD Unadkat,Delhi Capitals,1,6,2.0,4,66.67,0,0.0,0.13600449640998669,0.10192315164514847,0.6821916466332933,0.07063725581267392,0.34357521161985904,0.9554181161323577,powerplay,JD Unadkat,2017.0,4679400.6288,7.342291008495388
2017,JD Unadkat,Lucknow Super Giants,3,60,7.5,21,35.0,8,13.33,0.3368481999098529,0.2804817647963365,0.4369586721826724,0.20364992086807107,0.45538903494779853,1.0672319394602972,powerplay,JD Unadkat,2017.0,4679400.6288,9.731781291498008
2017,JD Unadkat,Royal Challengers Bengaluru,0,6,7.0,4,66.67,1,16.67,0.035582644660053585,0.264249163600774,0.6821916466332933,0.23697792546559746,0.07851129408656188,0.6903541985990606,powerplay,JD Unadkat,2017.0,4679400.6288,1.6778066319723421
2017,JJ Bumrah,Delhi Capitals,1,6,6.0,3,50.0,1,16.67,0.13600449640998669,0.23178396120964886,0.5531094336843874,0.23697792546559746,0.20665200902235228,0.8184949135348509,powerplay,,,,
2017,JJ Bumrah,Gujarat Titans,1,6,1.0,5,83.33,0,0.0,0.13600449640998669,0.06945794925402336,0.8111964257411981,0.07063725581267392,0.39850924654779296,1.0103521510602915,powerplay,,,,
2017,JJ Bumrah,Lucknow Super Giants,0,6,4.0,2,33.33,0,0.0,0.035582644660053585,0.16685355642739869,0.4240272207354815,0.07063725581267392,0.08302790383449067,0.6948708083469893,powerplay,,,,
2017,JJ Bumrah,Mumbai Indians,4,84,6.29,41,48.81,9,10.71,0.43727005165978594,0.24119886990307518,0.5438948066052514,0.1775063963035444,0.6629728052590078,1.2748157097715065,powerplay,,,,
2017,JP Faulkner,Delhi Capitals,0,6,5.0,2,33.33,0,0.0,0.035582644660053585,0.1993187588185238,0.4240272207354815,0.07063725581267392,0.06679530263892812,0.6786382071514268,powerplay,,,,
2017,JP Faulkner,Gujarat Titans,0,18,14.0,3,16.67,8,44.44,0.035582644660053585,0.49150558033864966,0.29502244162757674,0.5140793289605996,-0.20668795648309135,0.4051549480294073,powerplay,,,,
2017,JP Faulkner,Lucknow Super Giants,0,6,6.0,3,50.0,1,16.67,0.035582644660053585,0.23178396120964886,0.5531094336843874,0.23697792546559746,0.05601923139745265,0.6678621359099514,powerplay,,,,
2017,JP Faulkner,Punjab Kings,0,6,15.0,0,0.0,2,33.33,0.035582644660053585,0.5239707827297748,0.16594022867867084,0.40321881067361814,-0.2394731179059294,0.3723697866065693,powerplay,,,,
2017,K Rabada,Delhi Capitals,3,54,9.22,18,33.33,11,20.37,0.3368481999098529,0.3363219129090717,0.4240272207354815,0.2738981700796237,0.40953987561496313,1.0213827801274618,powerplay,K Rabada,2017.0,77990010.48,0.5251183748974964
2017,K Rabada,Punjab Kings,0,12,9.0,5,41.67,3,25.0,0.035582644660053585,0.3291795683830242,0.48860704413043504,0.32009836806960784,-0.028653377576222785,0.5831895269362759,powerplay,K Rabada,2017.0,77990010.48,-0.03673980475175182
2017,KC Cariappa,Delhi Capitals,1,6,6.0,2,33.33,0,0.0,0.13600449640998669,0.23178396120964886,0.4240272207354815,0.07063725581267392,0.20119547906826524,0.813038383580764,powerplay,,,,
2017,KC Cariappa,Gujarat Titans,0,12,7.5,4,33.33,2,16.67,0.035582644660053585,0.2804817647963365,0.4240272207354815,0.23697792546559746,-0.00705433428056295,0.6047885702319358,powerplay,,,,
2017,KC Cariappa,Punjab Kings,0,12,11.5,2,16.67,3,25.0,0.035582644660053585,0.41034257436083693,0.29502244162757674,0.32009836806960784,-0.12731026131598663,0.484532643196512,powerplay,,,,
2017,KH Pandya,Gujarat Titans,0,6,3.0,3,50.0,0,0.0,0.035582644660053585,0.13438835403627358,0.5531094336843874,0.07063725581267392,0.137985168914725,0.7498280734272237,powerplay,,,,
2017,KH Pandya,Mumbai Indians,2,24,4.25,11,45.83,1,4.17,0.23642634815991978,0.17496985702517995,0.5208195219869106,0.11224736933713053,0.4009509764559367,1.0127938809684354,powerplay,,,,
2017,KH Pandya,Punjab Kings,0,6,6.0,1,16.67,0,0.0,0.035582644660053585,0.23178396120964886,0.29502244162757674,0.07063725581267392,0.01186126771099418,0.6237041722234928,powerplay,,,,
2017,Kuldeep Yadav,Delhi Capitals,0,6,9.0,2,33.33,1,16.67,0.035582644660053585,0.3291795683830242,0.4240272207354815,0.23697792546559746,-0.03140323607390679,0.5804396684385918,powerplay,,,,
2017,Kuldeep Yadav,Gujarat Titans,0,6,12.0,2,33.33,2,33.33,0.035582644660053585,0.4265751755563995,0.4240272207354815,0.40321881067361814,-0.11334921670219858,0.4984936878103001,powerplay,,,,
2017,Kuldeep Yadav,Kolkata Knight Riders,0,24,7.0,9,37.5,3,12.5,0.035582644660053585,0.264249163600774,0.45631713243295824,0.19536781194114086,0.019070962531352653,0.6309138670438513,powerplay,,,,
2017,KV Sharma,Mumbai Indians,6,78,7.31,31,39.74,11,14.1,0.6381137551596522,0.27431337634202274,0.4736623128172144,0.21133332312558462,0.9198459737885142,1.5316888783010127,powerplay,KV Sharma,2017.0,49913606.707200006,1.842876190423296
2017,LH Ferguson,Gujarat Titans,0,12,11.0,5,41.67,4,33.33,0.035582644660053585,0.3941099731652744,0.48860704413043504,0.40321881067361814,-0.07774266848814995,0.5341002360243488,powerplay,LH Ferguson,2017.0,7799001.048,-0.9968285426514529
2017,LH Ferguson,Lucknow Super Giants,1,24,8.75,12,50.0,6,25.0,0.13600449640998669,0.3210632677852429,0.5531094336843874,0.32009836806960784,0.1453882672137532,0.7572311717262519,powerplay,LH Ferguson,2017.0,7799001.048,1.8641908921276142
2017,MC Henriques,Delhi Capitals,0,6,16.0,1,16.67,3,50.0,0.035582644660053585,0.5564359851208999,0.29502244162757674,0.5695594803265417,-0.25024918914740485,0.3615937153650938,powerplay,,,,
2017,MC Henriques,Punjab Kings,0,6,8.0,1,16.67,1,16.67,0.035582644660053585,0.2967143659918991,0.29502244162757674,0.23697792546559746,-0.05387206861071565,0.557970835901783,powerplay,,,,
2017,MC Henriques,Sunrisers Hyderabad,0,17,6.71,6,35.29,2,11.76,0.035582644660053585,0.2548342549073477,0.43920425357170556,0.18798376301833564,0.020121363004251075,0.6319642675167497,powerplay,,,,
2017,MG Johnson,Mumbai Indians,1,42,7.57,19,45.24,8,19.05,0.13600449640998669,0.2827543289637153,0.5162509253678432,0.26072662335245755,0.16535953307298384,0.7772024375854825,powerplay,MG Johnson,2017.0,31196004.192,0.5300663894492909
2017,MJ Henry,Punjab Kings,0,18,12.0,6,33.33,7,38.89,0.035582644660053585,0.4265751755563995,0.4240272207354815,0.4586989620395603,-0.12444524697538702,0.4873976575371117,powerplay,MJ Henry,2017.0,7799001.048,-1.5956562412220745
2017,MJ McClenaghan,Delhi Capitals,0,6,14.0,3,50.0,3,50.0,0.035582644660053585,0.49150558033864966,0.5531094336843874,0.5695594803265417,-0.14035788913923658,0.4714850153732621,powerplay,,,,
2017,MJ McClenaghan,Gujarat Titans,0,6,15.0,2,33.33,3,50.0,0.035582644660053585,0.5239707827297748,0.4240272207354815,0.5695594803265417,-0.19531515421947093,0.41652775029302774,powerplay,,,,
2017,MJ McClenaghan,Lucknow Super Giants,1,12,10.0,4,33.33,3,25.0,0.13600449640998669,0.3616447707741493,0.4240272207354815,0.32009836806960784,0.08637285183462824,0.698215756347127,powerplay,,,,
2017,MJ McClenaghan,Mumbai Indians,5,78,9.08,35,44.87,20,25.64,0.5376919034097191,0.3317767845743142,0.5133858732508009,0.32648457254338537,0.7293683102939846,1.3412112148064832,powerplay,,,,
2017,MJ McClenaghan,Punjab Kings,1,12,7.0,5,41.67,2,16.67,0.13600449640998669,0.264249163600774,0.48860704413043504,0.23697792546559746,0.17106869096060404,0.7829115954731027,powerplay,,,,
2017,MJ McClenaghan,Royal Challengers Bengaluru,0,12,5.5,5,41.67,1,8.33,0.035582644660053585,0.2155513600140863,0.48860704413043504,0.1537576984166843,0.061428860538830864,0.6732717650513296,powerplay,,,,
2017,MM Patel,Gujarat Titans,0,12,6.0,3,25.0,1,8.33,0.035582644660053585,0.23178396120964886,0.3595248311815291,0.1537576984166843,0.014587896056377815,0.6264308005688765,powerplay,MM Patel,2017.0,4679400.6288,0.3117471063835537
2017,MM Sharma,Delhi Capitals,0,12,8.5,6,50.0,3,25.0,0.035582644660053585,0.3129469671874616,0.5531094336843874,0.32009836806960784,-0.0011863601122557993,0.6106565444002429,powerplay,,,,
2017,MM Sharma,Gujarat Titans,1,12,7.5,5,41.67,2,16.67,0.13600449640998669,0.2804817647963365,0.48860704413043504,0.23697792546559746,0.16295239036282277,0.7747952948753214,powerplay,,,,
2017,MM Sharma,Lucknow Super Giants,0,6,6.0,3,50.0,1,16.67,0.035582644660053585,0.23178396120964886,0.5531094336843874,0.23697792546559746,0.05601923139745265,0.6678621359099514,powerplay,,,,
2017,MM Sharma,Punjab Kings,2,72,9.75,27,37.5,19,26.39,0.23642634815991978,0.353528470176368,0.45631713243295824,0.33396840591109334,0.2479767456993644,0.8598196502118631,powerplay,,,,
2017,Mohammad Nabi,Gujarat Titans,0,12,7.5,5,41.67,2,16.67,0.035582644660053585,0.2804817647963365,0.48860704413043504,0.23697792546559746,0.012319612737923126,0.6241625172504218,powerplay,Mohammad Nabi,2017.0,4679400.6288,0.2632733060319823
2017,Mohammad Nabi,Sunrisers Hyderabad,1,24,5.0,14,58.33,2,8.33,0.13600449640998669,0.1993187588185238,0.6176118232383397,0.1537576984166843,0.25887937249388315,0.8707222770063818,powerplay,Mohammad Nabi,2017.0,4679400.6288,5.532319051730157
2017,Mohammed Shami,Delhi Capitals,1,48,10.0,17,35.42,12,25.0,0.13600449640998669,0.3616447707741493,0.4402108935047205,0.32009836806960784,0.09122795366539994,0.7030708581778986,powerplay,,,,
2017,Mohammed Shami,Gujarat Titans,0,12,9.0,7,58.33,3,25.0,0.035582644660053585,0.3291795683830242,0.6176118232383397,0.32009836806960784,0.010048056156148635,0.6218909606686474,powerplay,,,,
2017,Mohammed Shami,Punjab Kings,0,6,11.0,2,33.33,2,33.33,0.035582644660053585,0.3941099731652744,0.4240272207354815,0.40321881067361814,-0.09711661550663603,0.5147262890058626,powerplay,,,,
2017,Mohammed Siraj,Delhi Capitals,1,12,9.5,4,33.33,3,25.0,0.13600449640998669,0.3454121695785867,0.4240272207354815,0.32009836806960784,0.09448915243240953,0.7063320569449082,powerplay,,,,
2017,Mohammed Siraj,Gujarat Titans,0,12,11.0,4,33.33,4,33.33,0.035582644660053585,0.3941099731652744,0.4240272207354815,0.40321881067361814,-0.09711661550663603,0.5147262890058626,powerplay,,,,
2017,Mohammed Siraj,Lucknow Super Giants,0,6,13.0,2,33.33,2,33.33,0.035582644660053585,0.45904037794752456,0.4240272207354815,0.40321881067361814,-0.1295818178977611,0.48226108661473754,powerplay,,,,
2017,Mohammed Siraj,Sunrisers Hyderabad,2,36,10.17,15,41.67,11,30.56,0.23642634815991978,0.36716385518064054,0.48860704413043504,0.37557851943554993,0.24252400400157992,0.8543669085140786,powerplay,,,,
2017,MP Stoinis,Punjab Kings,1,6,14.0,1,16.67,2,33.33,0.13600449640998669,0.49150558033864966,0.29502244162757674,0.40321881067361814,-0.03388307520079541,0.5779598293117033,powerplay,,,,
2017,MS Gony,Gujarat Titans,0,6,17.0,2,33.33,3,50.0,0.035582644660053585,0.588901187512025,0.4240272207354815,0.5695594803265417,-0.22778035661059604,0.38406254790190264,powerplay,MS Gony,2017.0,9358801.2576,-2.43386252513507
2017,Mustafizur Rahman,Sunrisers Hyderabad,0,6,19.0,1,16.67,4,66.67,0.035582644660053585,0.6538315922942751,0.29502244162757674,0.7359001499794652,-0.33221512666467723,0.27962777784782145,powerplay,,,,
2017,NB Singh,Gujarat Titans,1,12,4.0,7,58.33,1,8.33,0.13600449640998669,0.16685355642739869,0.6176118232383397,0.1537576984166843,0.27511197368944573,0.8869548782019444,powerplay,NB Singh,2017.0,7799001.048,3.527528359032549
2017,NB Singh,Royal Challengers Bengaluru,0,6,7.0,3,50.0,1,16.67,0.035582644660053585,0.264249163600774,0.5531094336843874,0.23697792546559746,0.039786630201890084,0.6516295347143888,powerplay,NB Singh,2017.0,7799001.048,0.510150337934537
2017,NM Coulter-Nile,Delhi Capitals,1,6,6.0,3,50.0,1,16.67,0.13600449640998669,0.23178396120964886,0.5531094336843874,0.23697792546559746,0.20665200902235228,0.8184949135348509,powerplay,NM Coulter-Nile,2017.0,54593007.336,0.37853201189391295
2017,NM Coulter-Nile,Kolkata Knight Riders,3,42,12.71,16,38.1,17,40.48,0.3368481999098529,0.44962546925409835,0.4609631628930269,0.47456468877910124,0.3238355763498179,0.9356784808623166,powerplay,NM Coulter-Nile,2017.0,54593007.336,0.5931814203909456
2017,P Kumar,Gujarat Titans,3,42,10.14,17,40.48,10,23.81,0.3368481999098529,0.3661898991089068,0.4793924170512989,0.30822401912617775,0.40435027160048004,1.0161931761129788,powerplay,,,,
2017,P Negi,Gujarat Titans,0,6,11.0,3,50.0,2,33.33,0.035582644660053585,0.3941099731652744,0.5531094336843874,0.40321881067361814,-0.058391951621964255,0.5534509528905345,powerplay,P Negi,2017.0,15598002.096,-0.37435532616666634
2017,P Negi,Lucknow Super Giants,0,6,8.0,0,0.0,0,0.0,0.035582644660053585,0.2967143659918991,0.16594022867867084,0.07063725581267392,-0.05932859856480271,0.552514305947696,powerplay,P Negi,2017.0,15598002.096,-0.3803602422903707
2017,P Negi,Royal Challengers Bengaluru,1,12,5.0,3,25.0,0,0.0,0.13600449640998669,0.1993187588185238,0.3595248311815291,0.07063725581267392,0.1980773633976421,0.8099202679101407,powerplay,P Negi,2017.0,15598002.096,1.2698893241490052
2017,PJ Cummins,Delhi Capitals,2,60,9.4,17,28.33,16,26.67,0.23642634815991978,0.34216564933947424,0.3853103002349098,0.33676237036837103,0.23179731356694128,0.84364021807944,powerplay,PJ Cummins,2017.0,70191009.43200001,0.3302378971932339
2017,PJ Cummins,Gujarat Titans,1,6,11.0,1,16.67,2,33.33,0.13600449640998669,0.3941099731652744,0.29502244162757674,0.40321881067361814,0.01481472838589222,0.6266576328983909,powerplay,PJ Cummins,2017.0,70191009.43200001,0.02110630478999523
2017,PJ Cummins,Lucknow Super Giants,0,6,7.0,1,16.67,0,0.0,0.035582644660053585,0.264249163600774,0.29502244162757674,0.07063725581267392,-0.004371333484568385,0.6074715710279303,powerplay,PJ Cummins,2017.0,70191009.43200001,-0.006227768370824283
2017,PJ Cummins,Royal Challengers Bengaluru,1,12,8.0,6,50.0,3,25.0,0.13600449640998669,0.2967143659918991,0.5531094336843874,0.32009836806960784,0.1575627181104251,0.7694056226229238,powerplay,PJ Cummins,2017.0,70191009.43200001,0.22447706534705059
2017,PJ Sangwan,Delhi Capitals,1,12,13.5,3,25.0,4,33.33,0.13600449640998669,0.47527297914308714,0.3595248311815291,0.40321881067361814,-0.006416057736828434,0.6054268467756703,powerplay,,,,
2017,PJ Sangwan,Gujarat Titans,1,24,8.25,12,50.0,7,29.17,0.13600449640998669,0.3048306665896804,0.5531094336843874,0.3617084815940644,0.14518254510664316,0.7570254496191419,powerplay,,,,
2017,PJ Sangwan,Lucknow Super Giants,0,12,9.5,6,50.0,3,25.0,0.035582644660053585,0.3454121695785867,0.5531094336843874,0.32009836806960784,-0.01741896130781835,0.5944239432046803,powerplay,,,,
2017,PJ Sangwan,Punjab Kings,0,6,10.0,2,33.33,2,33.33,0.035582644660053585,0.3616447707741493,0.4240272207354815,0.40321881067361814,-0.08088401431107348,0.5309588902014252,powerplay,,,,
2017,PP Chawla,Gujarat Titans,1,12,7.5,6,50.0,2,16.67,0.13600449640998669,0.2804817647963365,0.5531094336843874,0.23697792546559746,0.18230310722900847,0.7941460117415071,powerplay,,,,
2017,PP Chawla,Kolkata Knight Riders,3,18,3.67,12,66.67,1,5.56,0.3368481999098529,0.1561400396383274,0.6821916466332933,0.126117407178616,0.6066362925998804,1.2184791971123792,powerplay,,,,
2017,R Tewatia,Lucknow Super Giants,0,6,6.0,5,83.33,1,16.67,0.035582644660053585,0.23178396120964886,0.8111964257411981,0.23697792546559746,0.13344532901449588,0.7452882335269946,powerplay,R Tewatia,2017.0,3899500.524,3.4221133756282027
2017,R Vinay Kumar,Mumbai Indians,1,6,10.0,3,50.0,1,16.67,0.13600449640998669,0.3616447707741493,0.5531094336843874,0.23697792546559746,0.14172160424010208,0.7535645087526007,powerplay,,,,
2017,RA Jadeja,Gujarat Titans,0,36,6.83,7,19.44,3,8.33,0.035582644660053585,0.25873007919428276,0.31647161558489345,0.1537576984166843,-0.01180112761492983,0.6000417768975689,powerplay,,,,
2017,RA Jadeja,Punjab Kings,0,6,10.0,0,0.0,1,16.67,0.035582644660053585,0.3616447707741493,0.16594022867867084,0.23697792546559746,-0.12506193488651252,0.48678096962598616,powerplay,,,,
2017,RA Jadeja,Royal Challengers Bengaluru,0,6,10.0,0,0.0,1,16.67,0.035582644660053585,0.3616447707741493,0.16594022867867084,0.23697792546559746,-0.12506193488651252,0.48678096962598616,powerplay,,,,
2017,Rashid Khan,Delhi Capitals,0,6,8.0,1,16.67,1,16.67,0.035582644660053585,0.2967143659918991,0.29502244162757674,0.23697792546559746,-0.05387206861071565,0.557970835901783,powerplay,Rashid Khan,2017.0,62392008.384,-0.08634450149312835
2017,Rashid Khan,Lucknow Super Giants,0,6,3.0,3,50.0,0,0.0,0.035582644660053585,0.13438835403627358,0.5531094336843874,0.07063725581267392,0.137985168914725,0.7498280734272237,powerplay,Rashid Khan,2017.0,62392008.384,0.22115840231568878
2017,Rashid Khan,Sunrisers Hyderabad,5,72,6.67,32,44.44,8,11.11,0.5376919034097191,0.2535356468117027,0.5100562180877517,0.18149777409965534,0.7964873423151216,1.4083302468276204,powerplay,Rashid Khan,2017.0,62392008.384,1.2765855162299524
2017,RD Chahar,Gujarat Titans,0,6,10.0,3,50.0,2,33.33,0.035582644660053585,0.3616447707741493,0.5531094336843874,0.40321881067361814,-0.042159350426401704,0.5696835540860969,powerplay,RD Chahar,2017.0,1559800.2096000002,-2.7028686216943885
2017,S Aravind,Gujarat Titans,0,6,19.0,0,0.0,3,50.0,0.035582644660053585,0.6538315922942751,0.16594022867867084,0.5695594803265417,-0.33767165661876425,0.2741712478937344,powerplay,,,,
2017,S Aravind,Lucknow Super Giants,0,6,7.0,4,66.67,1,16.67,0.035582644660053585,0.264249163600774,0.6821916466332933,0.23697792546559746,0.07851129408656188,0.6903541985990606,powerplay,,,,
2017,S Aravind,Royal Challengers Bengaluru,1,78,9.0,28,35.9,18,23.08,0.13600449640998669,0.3291795683830242,0.44392771787277535,0.30093975464827527,0.11240732485564547,0.7242502293681441,powerplay,,,,
2017,S Badree,Lucknow Super Giants,1,12,5.5,5,41.67,1,8.33,0.13600449640998669,0.2155513600140863,0.48860704413043504,0.1537576984166843,0.21206163816373053,0.8239045426762293,powerplay,,,,
2017,S Badree,Royal Challengers Bengaluru,6,54,8.11,24,44.44,10,18.52,0.6381137551596522,0.3002855382549228,0.5100562180877517,0.25543804777261053,0.9089571194838203,1.520800023996319,powerplay,,,,
2017,S Kaul,Delhi Capitals,0,6,12.0,2,33.33,2,33.33,0.035582644660053585,0.4265751755563995,0.4240272207354815,0.40321881067361814,-0.11334921670219858,0.4984936878103001,powerplay,,,,
2017,S Kaul,Gujarat Titans,0,12,12.5,2,16.67,3,25.0,0.035582644660053585,0.44280777675196203,0.29502244162757674,0.32009836806960784,-0.14354286251154919,0.4683000420009495,powerplay,,,,
2017,S Kaul,Lucknow Super Giants,0,6,18.0,1,16.67,3,50.0,0.035582644660053585,0.6213663899031502,0.29502244162757674,0.5695594803265417,-0.28271439153853,0.32912851297396867,powerplay,,,,
2017,S Kaul,Punjab Kings,1,6,5.0,4,66.67,1,16.67,0.13600449640998669,0.1993187588185238,0.6821916466332933,0.23697792546559746,0.26160927410258666,0.8734521786150853,powerplay,,,,
2017,S Kaul,Sunrisers Hyderabad,3,48,7.75,16,33.33,6,12.5,0.3368481999098529,0.2885980653941178,0.4240272207354815,0.19536781194114086,0.44910787100013666,1.0609507755126353,powerplay,,,,
2017,S Kaushik,Gujarat Titans,0,24,11.5,9,37.5,9,37.5,0.035582644660053585,0.41034257436083693,0.45631713243295824,0.4448289241980748,-0.1038679653000656,0.5079749392124331,powerplay,,,,
2017,S Nadeem,Delhi Capitals,2,18,9.0,9,50.0,5,27.78,0.23642634815991978,0.3291795683830242,0.5531094336843874,0.34783844375257883,0.286414879403168,0.8982577839156667,powerplay,,,,
2017,S Nadeem,Lucknow Super Giants,1,6,2.0,4,66.67,0,0.0,0.13600449640998669,0.10192315164514847,0.6821916466332933,0.07063725581267392,0.34357521161985904,0.9554181161323577,powerplay,,,,
2017,S Nadeem,Royal Challengers Bengaluru,0,12,3.0,7,58.33,0,0.0,0.035582644660053585,0.13438835403627358,0.6176118232383397,0.07063725581267392,0.15733588578091073,0.7691787902934094,powerplay,,,,
2017,Sandeep Sharma,Delhi Capitals,0,6,5.0,4,66.67,1,16.67,0.035582644660053585,0.1993187588185238,0.6821916466332933,0.23697792546559746,0.11097649647768698,0.7228194009901856,powerplay,,,,
2017,Sandeep Sharma,Gujarat Titans,0,6,11.0,1,16.67,2,33.33,0.035582644660053585,0.3941099731652744,0.29502244162757674,0.40321881067361814,-0.13581804923900742,0.47602485527349125,powerplay,,,,
2017,Sandeep Sharma,Lucknow Super Giants,0,6,9.0,1,16.67,1,16.67,0.035582644660053585,0.3291795683830242,0.29502244162757674,0.23697792546559746,-0.07010466980627819,0.5417382347062205,powerplay,,,,
2017,Sandeep Sharma,Punjab Kings,3,84,7.71,34,40.48,16,19.05,0.3368481999098529,0.28729945729847284,0.4793924170512989,0.26072662335245755,0.4532949716604411,1.0651378761729398,powerplay,,,,
2017,Sandeep Sharma,Royal Challengers Bengaluru,2,18,5.0,12,66.67,2,11.11,0.23642634815991978,0.1993187588185238,0.6821916466332933,0.18149777409965534,0.4233380820006747,1.0351809865131734,powerplay,,,,
2017,SB Jakati,Gujarat Titans,0,6,12.0,2,33.33,2,33.33,0.035582644660053585,0.4265751755563995,0.4240272207354815,0.40321881067361814,-0.11334921670219858,0.4984936878103001,powerplay,,,,
2017,Shakib Al Hasan,Kolkata Knight Riders,0,12,12.5,2,16.67,4,33.33,0.035582644660053585,0.44280777675196203,0.29502244162757674,0.40321881067361814,-0.16016695103235123,0.45167595348014744,powerplay,,,,
2017,SK Raina,Delhi Capitals,0,6,10.0,1,16.67,1,16.67,0.035582644660053585,0.3616447707741493,0.29502244162757674,0.23697792546559746,-0.08633727100184074,0.5255056335106579,powerplay,,,,
2017,SK Raina,Gujarat Titans,1,36,9.0,10,27.78,6,16.67,0.13600449640998669,0.3291795683830242,0.381051438979847,0.23697792546559746,0.10633680702430251,0.7181797115368012,powerplay,,,,
2017,SL Malinga,Delhi Capitals,2,12,3.0,9,75.0,1,8.33,0.23642634815991978,0.13438835403627358,0.7466940361872456,0.1537576984166843,0.48070201639457966,1.0925449209070783,powerplay,,,,
2017,SL Malinga,Gujarat Titans,2,12,7.5,7,58.33,2,16.67,0.23642634815991978,0.2804817647963365,0.6176118232383397,0.23697792546559746,0.35228660172009385,0.9641295062325925,powerplay,,,,
2017,SL Malinga,Mumbai Indians,1,78,8.23,32,41.03,12,15.38,0.13600449640998669,0.3041813625418579,0.48365127830636184,0.22410573207313966,0.1521903004213317,0.7640332049338303,powerplay,,,,
2017,SL Malinga,Punjab Kings,0,6,7.0,4,66.67,1,16.67,0.035582644660053585,0.264249163600774,0.6821916466332933,0.23697792546559746,0.07851129408656188,0.6903541985990606,powerplay,,,,
2017,SN Thakur,Delhi Capitals,0,12,10.0,4,33.33,3,25.0,0.035582644660053585,0.3616447707741493,0.4240272207354815,0.32009836806960784,-0.06425992579027141,0.5475829787222273,powerplay,,,,
2017,SN Thakur,Gujarat Titans,0,6,6.0,3,50.0,1,16.67,0.035582644660053585,0.23178396120964886,0.5531094336843874,0.23697792546559746,0.05601923139745265,0.6678621359099514,powerplay,,,,
2017,SN Thakur,Lucknow Super Giants,3,72,7.75,29,40.28,13,18.06,0.3368481999098529,0.2885980653941178,0.4778437402312761,0.250847963307083,0.45415679657568664,1.0659997010881854,powerplay,,,,
2017,SN Thakur,Royal Challengers Bengaluru,1,12,10.5,5,41.67,4,33.33,0.13600449640998669,0.37787737196971183,0.48860704413043504,0.40321881067361814,0.08100640973453099,0.6928493142470297,powerplay,,,,
2017,SP Narine,Delhi Capitals,0,12,4.0,4,33.33,0,0.0,0.035582644660053585,0.16685355642739869,0.4240272207354815,0.07063725581267392,0.08302790383449067,0.6948708083469893,powerplay,,,,
2017,SP Narine,Gujarat Titans,0,12,8.5,5,41.67,3,25.0,0.035582644660053585,0.3129469671874616,0.48860704413043504,0.32009836806960784,-0.020537076978441496,0.5913058275340571,powerplay,,,,
2017,SP Narine,Kolkata Knight Riders,1,72,7.92,35,48.61,10,13.89,0.13600449640998669,0.2941171498006091,0.5423461297852284,0.2092378497826264,0.17780443869371873,0.7896473432062174,powerplay,,,,
2017,SP Narine,Lucknow Super Giants,0,12,10.0,2,16.67,3,25.0,0.035582644660053585,0.3616447707741493,0.29502244162757674,0.32009836806960784,-0.10296135952264282,0.5088815449898558,powerplay,,,,
2017,SP Narine,Punjab Kings,1,12,5.5,7,58.33,2,16.67,0.13600449640998669,0.2155513600140863,0.6176118232383397,0.23697792546559746,0.2341190264863193,0.845961930998818,powerplay,,,,
2017,SP Narine,Royal Challengers Bengaluru,1,12,7.0,5,41.67,2,16.67,0.13600449640998669,0.264249163600774,0.48860704413043504,0.23697792546559746,0.17106869096060404,0.7829115954731027,powerplay,,,,
2017,SR Watson,Delhi Capitals,1,6,2.0,4,66.67,0,0.0,0.13600449640998669,0.10192315164514847,0.6821916466332933,0.07063725581267392,0.34357521161985904,0.9554181161323577,powerplay,,,,
2017,SR Watson,Punjab Kings,0,6,17.0,0,0.0,3,50.0,0.035582644660053585,0.588901187512025,0.16594022867867084,0.5695594803265417,-0.3052064542276392,0.3066364502848595,powerplay,,,,
2017,SR Watson,Royal Challengers Bengaluru,0,24,9.75,9,37.5,8,33.33,0.035582644660053585,0.353528470176368,0.45631713243295824,0.40321881067361814,-0.06713889050293981,0.5447040140095589,powerplay,,,,
2017,STR Binny,Royal Challengers Bengaluru,2,12,6.0,6,50.0,2,16.67,0.23642634815991978,0.23178396120964886,0.5531094336843874,0.23697792546559746,0.35728478664725194,0.9691276911597506,powerplay,,,,
2017,Swapnil Singh,Lucknow Super Giants,0,6,6.0,1,16.67,0,0.0,0.035582644660053585,0.23178396120964886,0.29502244162757674,0.07063725581267392,0.01186126771099418,0.6237041722234928,powerplay,,,,
2017,T Natarajan,Gujarat Titans,0,6,11.0,1,16.67,1,16.67,0.035582644660053585,0.3941099731652744,0.29502244162757674,0.23697792546559746,-0.1025698721974033,0.5092730323150954,powerplay,,,,
2017,T Natarajan,Punjab Kings,1,18,4.67,12,66.67,2,11.11,0.13600449640998669,0.18860524202945247,0.6821916466332933,0.18149777409965534,0.2780620627703107,0.8899049672828094,powerplay,,,,
2017,T Natarajan,Royal Challengers Bengaluru,0,6,15.0,2,33.33,3,50.0,0.035582644660053585,0.5239707827297748,0.4240272207354815,0.5695594803265417,-0.19531515421947093,0.41652775029302774,powerplay,,,,
2017,TA Boult,Kolkata Knight Riders,1,42,7.71,18,42.86,9,21.43,0.13600449640998669,0.28729945729847284,0.49782167120957105,0.2844753212393177,0.1528084530807514,0.7646513575932501,powerplay,,,,
2017,Tejas Baroka,Gujarat Titans,0,6,8.0,4,66.67,2,33.33,0.035582644660053585,0.2967143659918991,0.6821916466332933,0.40321881067361814,0.0290305158493952,0.6408734203618939,powerplay,,,,
2017,TG Southee,Lucknow Super Giants,0,6,12.0,2,33.33,2,33.33,0.035582644660053585,0.4265751755563995,0.4240272207354815,0.40321881067361814,-0.11334921670219858,0.4984936878103001,powerplay,,,,
2017,TG Southee,Mumbai Indians,0,6,19.0,1,16.67,3,50.0,0.035582644660053585,0.6538315922942751,0.29502244162757674,0.5695594803265417,-0.2989469927340925,0.3128959117784062,powerplay,,,,
2017,TG Southee,Royal Challengers Bengaluru,0,6,17.0,1,16.67,3,50.0,0.035582644660053585,0.588901187512025,0.29502244162757674,0.5695594803265417,-0.26648179034296743,0.34536111416953125,powerplay,,,,
2017,TM Head,Delhi Capitals,0,6,5.0,3,50.0,0,0.0,0.035582644660053585,0.1993187588185238,0.5531094336843874,0.07063725581267392,0.10551996652359989,0.7173628710360985,powerplay,,,,
2017,TS Mills,Punjab Kings,1,6,12.0,2,33.33,2,33.33,0.13600449640998669,0.4265751755563995,0.4240272207354815,0.40321881067361814,0.037283560922701076,0.6491264654351998,powerplay,TS Mills,2017.0,187176025.152,0.019918983156322623
2017,TS Mills,Royal Challengers Bengaluru,2,30,7.8,14,46.67,4,13.33,0.23642634815991978,0.290221325513674,0.5273239646310067,0.20364992086807107,0.32699606469873044,0.9388389692112291,powerplay,TS Mills,2017.0,187176025.152,0.1746997589211475
2017,UT Yadav,Delhi Capitals,0,6,17.0,1,16.67,4,66.67,0.035582644660053585,0.588901187512025,0.29502244162757674,0.7359001499794652,-0.2997499242735522,0.3120929802389465,powerplay,,,,
2017,UT Yadav,Kolkata Knight Riders,4,102,8.65,42,41.18,22,21.57,0.43727005165978594,0.3178167475461304,0.48481278592137894,0.2858723034679565,0.5852660787994359,1.1971089833119346,powerplay,,,,
2017,UT Yadav,Lucknow Super Giants,0,6,11.0,2,33.33,2,33.33,0.035582644660053585,0.3941099731652744,0.4240272207354815,0.40321881067361814,-0.09711661550663603,0.5147262890058626,powerplay,,,,
2017,UT Yadav,Punjab Kings,1,12,9.5,3,25.0,2,16.67,0.13600449640998669,0.3454121695785867,0.3595248311815291,0.23697792546559746,0.0917625240870259,0.7036054285995246,powerplay,,,,
2017,UT Yadav,Royal Challengers Bengaluru,1,12,7.0,6,50.0,2,16.67,0.13600449640998669,0.264249163600774,0.5531094336843874,0.23697792546559746,0.19041940782678973,0.8022623123392885,powerplay,,,,
2017,VR Aaron,Delhi Capitals,0,6,14.0,1,16.67,3,50.0,0.035582644660053585,0.49150558033864966,0.29502244162757674,0.5695594803265417,-0.21778398675627977,0.39405891775621893,powerplay,VR Aaron,2017.0,43674405.8688,-0.4986535762169571
2017,VR Aaron,Punjab Kings,2,24,10.0,9,37.5,6,25.0,0.23642634815991978,0.3616447707741493,0.45631713243295824,0.32009836806960784,0.24669260296877088,0.8585355074812695,powerplay,VR Aaron,2017.0,43674405.8688,0.5648447827999017
2017,VR Aaron,Royal Challengers Bengaluru,0,12,6.5,8,66.67,3,25.0,0.035582644660053585,0.24801656240521142,0.6821916466332933,0.32009836806960784,0.0700035061635411,0.6818464106760398,powerplay,VR Aaron,2017.0,43674405.8688,0.1602849650063586
2017,Washington Sundar,Delhi Capitals,0,6,15.0,2,33.33,3,50.0,0.035582644660053585,0.5239707827297748,0.4240272207354815,0.5695594803265417,-0.19531515421947093,0.41652775029302774,powerplay,,,,
2017,Washington Sundar,Lucknow Super Giants,3,108,6.56,51,47.22,16,14.81,0.3368481999098529,0.2499644745486789,0.5315828258860695,0.21841801871368158,0.4960813066135244,1.107924211126023,powerplay,,,,
2017,YK Pathan,Kolkata Knight Riders,1,18,8.67,7,38.89,4,22.22,0.13600449640998669,0.31846605159395286,0.46708043633211715,0.29235829238663674,0.12642619124031138,0.7382690957528101,powerplay,,,,
2017,YS Chahal,Delhi Capitals,0,12,9.5,5,41.67,3,25.0,0.035582644660053585,0.3454121695785867,0.48860704413043504,0.32009836806960784,-0.03676967817400405,0.5750732263384947,powerplay,,,,
2017,YS Chahal,Gujarat Titans,2,18,8.67,6,33.33,3,16.67,0.23642634815991978,0.31846605159395286,0.4240272207354815,0.23697792546559746,0.2752190775704282,0.8870619820829269,powerplay,,,,
2017,YS Chahal,Lucknow Super Giants,0,6,12.0,0,0.0,2,33.33,0.035582644660053585,0.4265751755563995,0.16594022867867084,0.40321881067361814,-0.19077531431924177,0.4210675901932569,powerplay,,,,
2017,YS Chahal,Punjab Kings,0,6,5.0,2,33.33,0,0.0,0.035582644660053585,0.1993187588185238,0.4240272207354815,0.07063725581267392,0.06679530263892812,0.6786382071514268,powerplay,,,,
2017,YS Chahal,Royal Challengers Bengaluru,0,54,9.33,17,31.48,11,20.37,0.035582644660053585,0.3398930851720955,0.40970196015027,0.2738981700796237,-0.048441621566811116,0.5634012829456876,powerplay,,,,
2017,Z Khan,Delhi Capitals,2,67,6.36,24,35.82,8,11.94,0.23642634815991978,0.2434714340704539,0.4433082471447662,0.18977988302658555,0.3279403027427654,0.9397832072552641,powerplay,,,,
2017,Z Khan,Gujarat Titans,0,12,7.0,4,33.33,2,16.67,0.035582644660053585,0.264249163600774,0.4240272207354815,0.23697792546559746,0.0010619663172183116,0.612904870829717,powerplay,,,,
2017,Z Khan,Lucknow Super Giants,2,12,7.0,4,33.33,1,8.33,0.23642634815991978,0.264249163600774,0.4240272207354815,0.1537576984166843,0.3189715669768002,0.9308144714892989,powerplay,,,,
2018,A Dananjaya,Mumbai Indians,0,6,12.0,2,33.33,2,33.33,0.033032370017799774,0.4273789549187907,0.4160805179191766,0.40317749085919535,-0.11995226522878177,0.4918906392837169,powerplay,A Dananjaya,2018.0,7461730.8149999995,-1.6075662363435417
2018,A Mishra,Delhi Capitals,3,42,7.43,19,45.24,7,16.67,0.24134101485754947,0.2722349660588536,0.515481818373751,0.2256415047455037,0.33541028381992194,0.9472531883324207,powerplay,A Mishra,2018.0,59693846.519999996,0.5618841863500037
2018,AD Russell,Kolkata Knight Riders,4,89,10.18,32,35.96,25,28.09,0.3107772298041327,0.3655929462262118,0.43803059518160575,0.34733784096509307,0.3453109819545563,0.957153886467055,powerplay,,,,
2018,AJ Tye,Delhi Capitals,0,6,6.0,4,66.67,1,16.67,0.033032370017799774,0.2236888163718273,0.6943373908961293,0.2256415047455037,0.10087706316052406,0.7127199676730227,powerplay,AJ Tye,2018.0,107448923.73599999,0.09388373531630445
2018,AJ Tye,Punjab Kings,7,96,7.44,46,47.92,17,17.71,0.5190858746438823,0.2725744496230985,0.5378491974852756,0.23672418335044004,0.756351509729769,1.3681944142422675,powerplay,AJ Tye,2018.0,107448923.73599999,0.7039172505702436
2018,Ankit Sharma,Rajasthan Royals,0,6,11.0,1,16.67,2,33.33,0.033032370017799774,0.39343059849429673,0.2770355418005195,0.40317749085919535,-0.14469157985213194,0.46715132466036674,powerplay,,,,
2018,AR Patel,Delhi Capitals,1,12,13.0,2,16.67,4,33.33,0.10246858496438302,0.46132731134328453,0.2770355418005195,0.40317749085919535,-0.07448561385675098,0.5373572906557477,powerplay,,,,
2018,AR Patel,Punjab Kings,1,30,7.8,5,16.67,3,10.0,0.10246858496438302,0.2847958579359163,0.2770355418005195,0.15456317176961393,0.06350297666484943,0.6753458811773481,powerplay,,,,
2018,AS Rajpoot,Punjab Kings,6,84,8.93,46,54.76,23,27.38,0.4496496596972992,0.3231575006955944,0.5949360904415549,0.3397717815328769,0.6234222100240426,1.2352651145365412,powerplay,,,,
2018,Avesh Khan,Delhi Capitals,1,60,12.5,24,40.0,21,35.0,0.10246858496438302,0.4443531331310376,0.471748584588531,0.4209737151575066,-0.011143856773886296,0.6006990477386124,powerplay,,,,
2018,Avesh Khan,Punjab Kings,1,18,8.67,7,38.89,4,22.22,0.10246858496438302,0.314330928025226,0.4624844835386085,0.28478464537761583,0.07832582942002089,0.6901687339325195,powerplay,,,,
2018,B Kumar,Delhi Capitals,0,12,5.5,7,58.33,2,16.67,0.033032370017799774,0.20671463815958038,0.6247314424669815,0.2256415047455037,0.08848236773790319,0.7003252722504019,powerplay,,,,
2018,B Kumar,Punjab Kings,0,6,5.0,4,66.67,1,16.67,0.033032370017799774,0.18974045994733343,0.6943373908961293,0.2256415047455037,0.11785124137277098,0.7296941458852697,powerplay,,,,
2018,B Kumar,Sunrisers Hyderabad,2,78,7.85,36,46.15,15,19.23,0.17190479991096624,0.286493275757141,0.523076712027291,0.2529219443884239,0.22094918671838137,0.83279209123088,powerplay,,,,
2018,B Laughlin,Rajasthan Royals,3,36,10.17,9,25.0,8,22.22,0.24134101485754947,0.36525346266196684,0.34655802985984807,0.28478464537761583,0.22639527083777203,0.8382381753502707,powerplay,B Laughlin,2018.0,7461730.8149999995,3.0340852069155226
2018,B Stanlake,Sunrisers Hyderabad,1,48,7.88,27,56.25,10,20.83,0.10246858496438302,0.2875117264498758,0.6073716855446042,0.26997221916524905,0.13816407605196807,0.7500069805644667,powerplay,,,,
2018,BA Stokes,Delhi Capitals,0,6,6.0,1,16.67,0,0.0,0.033032370017799774,0.2236888163718273,0.2770355418005195,0.047998954414456896,0.01121501849805047,0.6230579230105492,powerplay,BA Stokes,2018.0,186543270.375,0.006012019879090463
2018,BA Stokes,Rajasthan Royals,3,66,8.27,26,39.39,15,22.73,0.24134101485754947,0.3007515854554284,0.4666575020295645,0.2902194204627289,0.29358909607493355,0.9054320005874322,powerplay,BA Stokes,2018.0,186543270.375,0.1573839117780791
2018,Basil Thampi,Sunrisers Hyderabad,0,12,13.0,3,25.0,4,33.33,0.033032370017799774,0.46132731134328453,0.34655802985984807,0.40317749085919535,-0.15778318985882725,0.45405971465367145,powerplay,Basil Thampi,2018.0,14177288.5485,-1.1129292411525418
2018,BB Sran,Punjab Kings,0,54,9.78,20,37.04,14,25.93,0.033032370017799774,0.35201360365641415,0.44704431512207093,0.32431997001637913,-0.057208946268161975,0.5546339582443367,powerplay,,,,
2018,BCJ Cutting,Mumbai Indians,0,6,10.0,0,0.0,1,16.67,0.033032370017799774,0.3594822420698029,0.1379071053120432,0.2256415047455037,-0.13394873536368956,0.4778941691488091,powerplay,BCJ Cutting,2018.0,32831615.586,-0.4079870361932714
2018,CH Morris,Delhi Capitals,1,36,8.33,18,50.0,7,19.44,0.10246858496438302,0.30278848684089804,0.5552089544076529,0.2551597929528822,0.11783936175784493,0.7296822662703436,powerplay,,,,
2018,CJ Dala,Delhi Capitals,0,6,17.0,2,33.33,3,50.0,0.033032370017799774,0.59712073704126,0.4160805179191766,0.5808200411902421,-0.2403516663562258,0.3714912381562729,powerplay,,,,
2018,CJ Jordan,Punjab Kings,0,12,9.0,6,50.0,3,25.0,0.033032370017799774,0.325533885645309,0.5552089544076529,0.31440949780234956,-0.009537601034128873,0.6023053034783699,powerplay,CJ Jordan,2018.0,14923461.629999999,-0.06391011194718953
2018,CR Brathwaite,Sunrisers Hyderabad,0,6,4.0,3,50.0,0,0.0,0.033032370017799774,0.15579210352283954,0.5552089544076529,0.047998954414456896,0.1286153987046844,0.7404583032171831,powerplay,CR Brathwaite,2018.0,29846923.259999998,0.4309167735123008
2018,CR Woakes,Delhi Capitals,0,6,6.0,1,16.67,0,0.0,0.033032370017799774,0.2236888163718273,0.2770355418005195,0.047998954414456896,0.01121501849805047,0.6230579230105492,powerplay,CR Woakes,2018.0,110433616.06199999,0.010155438984950107
2018,CR Woakes,Royal Challengers Bengaluru,2,36,9.33,18,50.0,10,27.78,0.17190479991096624,0.336736843265392,0.5552089544076529,0.3440343502270832,0.18724459451063263,0.7990874990231314,powerplay,CR Woakes,2018.0,110433616.06199999,0.1695539829154097
2018,DJ Bravo,Chennai Super Kings,1,6,4.0,3,50.0,0,0.0,0.10246858496438302,0.15579210352283954,0.5552089544076529,0.047998954414456896,0.23276972112455924,0.8446126256370579,powerplay,,,,
2018,DJ Hooda,Punjab Kings,0,6,2.0,4,66.67,0,0.0,0.033032370017799774,0.08789539067385176,0.6943373908961293,0.047998954414456896,0.2043022860757212,0.8161451905882199,powerplay,,,,
2018,DJ Willey,Chennai Super Kings,0,6,10.0,2,33.33,2,33.33,0.033032370017799774,0.3594822420698029,0.4160805179191766,0.40317749085919535,-0.08600390880428788,0.5258389957082108,powerplay,,,,
2018,DJ Willey,Royal Challengers Bengaluru,0,6,9.0,2,33.33,1,16.67,0.033032370017799774,0.325533885645309,0.4160805179191766,0.2256415047455037,-0.0335225333693026,0.5783203711431961,powerplay,,,,
2018,DL Chahar,Chennai Super Kings,6,85,5.86,42,49.41,8,9.41,0.4496496596972992,0.21893604647239817,0.5502847925883246,0.1482758829456597,0.7004367274971152,1.3122796320096137,powerplay,DL Chahar,2018.0,11938769.304,5.866908972455301
2018,DL Chahar,Delhi Capitals,1,12,9.0,6,50.0,3,25.0,0.10246858496438302,0.325533885645309,0.5552089544076529,0.31440949780234956,0.09461672138574598,0.7064596258982446,powerplay,DL Chahar,2018.0,11938769.304,0.7925165398249661
2018,DL Chahar,Punjab Kings,1,30,10.2,12,40.0,8,26.67,0.10246858496438302,0.3662719133547016,0.471748584588531,0.33220572210066074,0.045650351725650865,0.6574932562381496,powerplay,DL Chahar,2018.0,11938769.304,0.3823706662156211
2018,DL Chahar,Royal Challengers Bengaluru,0,6,15.0,0,0.0,2,33.33,0.033032370017799774,0.5292240241922723,0.1379071053120432,0.40317749085919535,-0.2543268236476626,0.35751608086483605,powerplay,DL Chahar,2018.0,11938769.304,-2.1302599721267104
2018,DS Kulkarni,Delhi Capitals,0,6,16.0,3,50.0,3,50.0,0.033032370017799774,0.5631723806167661,0.5552089544076529,0.5808200411902421,-0.18163895719743595,0.43020394731506273,powerplay,DS Kulkarni,2018.0,11192596.222499998,-1.622849190541645
2018,DS Kulkarni,Rajasthan Royals,0,72,10.25,27,37.5,22,30.56,0.033032370017799774,0.3679693311759264,0.4508834921337505,0.37365920265181685,-0.07390290345150176,0.5379400010609969,powerplay,DS Kulkarni,2018.0,11192596.222499998,-0.6602838339056484
2018,DT Christian,Delhi Capitals,0,6,18.0,2,33.33,4,66.67,0.033032370017799774,0.631069093465754,0.4160805179191766,0.758462591521289,-0.2928543546346821,0.31898854987781655,powerplay,DT Christian,2018.0,22385192.444999997,-1.3082503326885389
2018,DT Christian,Punjab Kings,0,6,8.0,1,16.67,1,16.67,0.033032370017799774,0.29158552922081504,0.2770355418005195,0.2256415047455037,-0.058261847992652764,0.5535810565198459,powerplay,DT Christian,2018.0,22385192.444999997,-0.26026958729884075
2018,GJ Maxwell,Delhi Capitals,2,36,8.33,15,41.67,6,16.67,0.17190479991096624,0.30278848684089804,0.48568646634832435,0.2256415047455037,0.2070405954013969,0.8188834999138956,powerplay,,,,
2018,Harbhajan Singh,Chennai Super Kings,2,41,8.78,14,34.15,9,21.95,0.17190479991096624,0.3180652472319203,0.42292426824434465,0.28190741150902665,0.16932037442198727,0.781163278934486,powerplay,,,,
2018,Harbhajan Singh,Punjab Kings,0,12,12.0,5,41.67,5,41.67,0.033032370017799774,0.4273789549187907,0.48568646634832435,0.49205204813339637,-0.11684539215487767,0.494997512357621,powerplay,,,,
2018,Harbhajan Singh,Royal Challengers Bengaluru,0,12,12.0,6,50.0,4,33.33,0.033032370017799774,0.4273789549187907,0.5552089544076529,0.40317749085919535,-0.07821373428223888,0.5336291702302598,powerplay,,,,
2018,HH Pandya,Delhi Capitals,0,6,10.0,2,33.33,2,33.33,0.033032370017799774,0.3594822420698029,0.4160805179191766,0.40317749085919535,-0.08600390880428788,0.5258389957082108,powerplay,,,,
2018,HH Pandya,Mumbai Indians,4,78,9.23,36,46.15,20,25.64,0.3107772298041327,0.3333420076229426,0.523076712027291,0.32122960771307957,0.3921719329602991,1.0040148374727977,powerplay,,,,
2018,HH Pandya,Punjab Kings,0,6,16.0,0,0.0,3,50.0,0.033032370017799774,0.5631723806167661,0.1379071053120432,0.5808200411902421,-0.30682951192611885,0.30501339258637983,powerplay,,,,
2018,HV Patel,Delhi Capitals,1,30,9.6,9,30.0,8,26.67,0.10246858496438302,0.3459028995000053,0.38828821476940906,0.33220572210066074,0.03079674770726243,0.642639652219761,powerplay,HV Patel,2018.0,2984692.326,1.0318231946049647
2018,Imran Tahir,Chennai Super Kings,0,6,12.0,2,33.33,2,33.33,0.033032370017799774,0.4273789549187907,0.4160805179191766,0.40317749085919535,-0.11995226522878177,0.4918906392837169,powerplay,Imran Tahir,2018.0,14923461.629999999,-0.8037831181717708
2018,Imran Tahir,Punjab Kings,0,6,17.0,1,16.67,3,50.0,0.033032370017799774,0.59712073704126,0.2770355418005195,0.5808200411902421,-0.28206515919182296,0.3297777453206757,powerplay,Imran Tahir,2018.0,14923461.629999999,-1.8900786304485777
2018,IS Sodhi,Rajasthan Royals,0,30,4.6,13,43.33,2,6.67,0.033032370017799774,0.17616111737753584,0.4995408877382986,0.11907728739034665,0.08751480518135199,0.6993577096938507,powerplay,,,,
2018,JC Archer,Delhi Capitals,0,6,5.0,4,66.67,1,16.67,0.033032370017799774,0.18974045994733343,0.6943373908961293,0.2256415047455037,0.11785124137277098,0.7296941458852697,powerplay,,,,
2018,JC Archer,Rajasthan Royals,4,84,8.0,43,51.19,16,19.05,0.3107772298041327,0.29158552922081504,0.5651407384161284,0.2510037884760311,0.4397145439254238,1.0515574484379224,powerplay,,,,
2018,JD Unadkat,Delhi Capitals,0,6,15.0,2,33.33,3,50.0,0.033032370017799774,0.5292240241922723,0.4160805179191766,0.5808200411902421,-0.20640330993173195,0.4054395945807667,powerplay,JD Unadkat,2018.0,171619808.74499997,-0.12026776596541648
2018,JD Unadkat,Rajasthan Royals,2,84,9.29,34,40.48,21,25.0,0.17190479991096624,0.33537890900841216,0.47575468233984886,0.31440949780234956,0.17001225050372806,0.7818551550162267,powerplay,JD Unadkat,2018.0,171619808.74499997,0.09906330262629502
2018,JJ Bumrah,Delhi Capitals,1,12,8.5,6,50.0,3,25.0,0.10246858496438302,0.30855970743306205,0.5552089544076529,0.31440949780234956,0.10310381049186945,0.7149467150043681,powerplay,,,,
2018,JJ Bumrah,Mumbai Indians,0,66,6.27,30,45.45,10,15.15,0.033032370017799774,0.23285487260644067,0.5172344861399525,0.20944374370751984,0.046402715823961105,0.6582456203364597,powerplay,,,,
2018,JJ Bumrah,Punjab Kings,0,12,5.5,6,50.0,1,8.33,0.033032370017799774,0.20671463815958038,0.5552089544076529,0.13676694747130272,0.0854005327749448,0.6972434372874434,powerplay,,,,
2018,JJ Bumrah,Royal Challengers Bengaluru,0,6,3.0,3,50.0,0,0.0,0.033032370017799774,0.12184374709834565,0.5552089544076529,0.047998954414456896,0.14558957691693133,0.75743248142943,powerplay,,,,
2018,JP Duminy,Royal Challengers Bengaluru,0,6,22.0,0,0.0,4,66.67,0.033032370017799774,0.7668625191637296,0.1379071053120432,0.758462591521289,-0.4442030912658099,0.16763981324668875,powerplay,JP Duminy,2018.0,14923461.629999999,-2.9765419195560323
2018,JPR Scantlebury-Searles,Kolkata Knight Riders,0,12,12.0,1,8.33,3,25.0,0.033032370017799774,0.4273789549187907,0.20742959337137173,0.31440949780234956,-0.16479394398175407,0.4470489605307446,powerplay,JPR Scantlebury-Searles,2018.0,4477038.489,-3.6808694941231734
2018,K Gowtham,Delhi Capitals,0,6,11.0,1,16.67,2,33.33,0.033032370017799774,0.39343059849429673,0.2770355418005195,0.40317749085919535,-0.14469157985213194,0.46715132466036674,powerplay,K Gowtham,2018.0,92525462.10599999,-0.1563802833930933
2018,K Gowtham,Rajasthan Royals,5,90,7.27,34,37.78,15,16.67,0.38021344475071595,0.26680322903093456,0.4532203824886859,0.2256415047455037,0.5277563664081117,1.1395992709206104,powerplay,K Gowtham,2018.0,92525462.10599999,0.5703904140500243
2018,K Khejroliya,Punjab Kings,0,12,9.5,4,33.33,3,25.0,0.033032370017799774,0.34250806385755594,0.4160805179191766,0.31440949780234956,-0.05976322108679524,0.5520796834257035,powerplay,K Khejroliya,2018.0,12684942.385499999,-0.4711351401572769
2018,K Khejroliya,Royal Challengers Bengaluru,0,6,13.0,1,16.67,2,33.33,0.033032370017799774,0.46132731134328453,0.2770355418005195,0.40317749085919535,-0.17863993627662583,0.43320296823587284,powerplay,K Khejroliya,2018.0,12684942.385499999,-1.4082833870875673
2018,KH Pandya,Mumbai Indians,2,72,8.92,25,34.72,15,20.83,0.17190479991096624,0.32281801713134944,0.4276815093240346,0.26997221916524905,0.1707582002649352,0.7826011047774339,powerplay,KH Pandya,2018.0,131326462.344,0.13002573679145232
2018,KH Pandya,Royal Challengers Bengaluru,0,6,5.0,3,50.0,0,0.0,0.033032370017799774,0.18974045994733343,0.5552089544076529,0.047998954414456896,0.11164122049243744,0.7234841250049361,powerplay,KH Pandya,2018.0,131326462.344,0.08501045295806528
2018,KK Ahmed,Sunrisers Hyderabad,0,12,12.5,5,41.67,4,33.33,0.033032370017799774,0.4443531331310376,0.48568646634832435,0.40317749085919535,-0.10755756980616091,0.5042853347063377,powerplay,KK Ahmed,2018.0,44770384.88999999,-0.24024267396947305
2018,KM Asif,Chennai Super Kings,3,24,9.0,15,62.5,7,29.17,0.24134101485754947,0.325533885645309,0.6595344166815554,0.35884677643945007,0.3253355491802463,0.937178453692745,powerplay,KM Asif,2018.0,5969384.652,5.450068443340219
2018,Kuldeep Yadav,Delhi Capitals,0,6,10.0,1,16.67,1,16.67,0.033032370017799774,0.3594822420698029,0.2770355418005195,0.2256415047455037,-0.0922102044171467,0.519632700095352,powerplay,Kuldeep Yadav,2018.0,86556077.454,-0.10653232809233017
2018,Kuldeep Yadav,Kolkata Knight Riders,0,36,7.17,14,38.89,5,13.89,0.033032370017799774,0.26340839338848515,0.4624844835386085,0.19601665232077006,0.01738637292988561,0.6292292774423843,powerplay,Kuldeep Yadav,2018.0,86556077.454,0.02008683092082766
2018,Kuldeep Yadav,Royal Challengers Bengaluru,0,18,9.67,4,22.22,2,11.11,0.033032370017799774,0.3482792844497199,0.32335604705013216,0.16639179989603636,-0.06086263306232791,0.5509802714501708,powerplay,Kuldeep Yadav,2018.0,86556077.454,-0.07031584014961076
2018,KV Sharma,Chennai Super Kings,0,6,9.0,1,16.67,1,16.67,0.033032370017799774,0.325533885645309,0.2770355418005195,0.2256415047455037,-0.07523602620489975,0.5366068783075989,powerplay,KV Sharma,2018.0,74617308.14999999,-0.10082918838837762
2018,KV Sharma,Chennai Super Kings,0,6,9.0,1,16.67,1,16.67,0.033032370017799774,0.325533885645309,0.2770355418005195,0.2256415047455037,-0.07523602620489975,0.5366068783075989,powerplay,KV Sharma,2018.0,2984692.326,-2.5207297097094408
2018,L Ngidi,Chennai Super Kings,1,36,6.67,17,47.22,7,19.44,0.10246858496438302,0.24643421517623823,0.5320069715979371,0.2551597929528822,0.13905590274726007,0.7508988072597588,powerplay,L Ngidi,2018.0,7461730.8149999995,1.8635877679709636
2018,L Ngidi,Delhi Capitals,0,6,4.0,3,50.0,0,0.0,0.033032370017799774,0.15579210352283954,0.5552089544076529,0.047998954414456896,0.1286153987046844,0.7404583032171831,powerplay,L Ngidi,2018.0,7461730.8149999995,1.7236670940492032
2018,L Ngidi,Punjab Kings,2,18,2.67,11,61.11,0,0.0,0.17190479991096624,0.11064078947826265,0.6479334252766975,0.047998954414456896,0.3873170418274359,0.9991599463399345,powerplay,L Ngidi,2018.0,7461730.8149999995,5.190713139220045
2018,L Ngidi,Royal Challengers Bengaluru,1,18,7.67,10,55.56,4,22.22,0.10246858496438302,0.28038257160073216,0.6016129200270848,0.28478464537761583,0.1370385385788107,0.7488814430913093,powerplay,L Ngidi,2018.0,7461730.8149999995,1.8365516255736267
2018,LE Plunkett,Delhi Capitals,0,48,11.38,8,16.67,11,22.92,0.033032370017799774,0.40633097393560447,0.2770355418005195,0.2922441405924769,-0.12895509751944212,0.48288780699305656,powerplay,,,,
2018,LE Plunkett,Punjab Kings,1,6,6.0,3,50.0,1,16.67,0.10246858496438302,0.2236888163718273,0.5552089544076529,0.2256415047455037,0.16329285463385598,0.7751357591463547,powerplay,,,,
2018,M Markande,Delhi Capitals,0,6,14.0,0,0.0,2,33.33,0.033032370017799774,0.4952756677677784,0.1379071053120432,0.40317749085919535,-0.23735264543541568,0.374490259077083,powerplay,M Markande,2018.0,2984692.326,-7.952332083538707
2018,M Markande,Mumbai Indians,3,42,6.57,13,30.95,5,11.9,0.24134101485754947,0.24303937953378882,0.3962169499022256,0.17481037306709382,0.3243948428766787,0.9362377473891774,powerplay,M Markande,2018.0,2984692.326,10.868619189014483
2018,M Markande,Punjab Kings,1,6,5.0,4,66.67,1,16.67,0.10246858496438302,0.18974045994733343,0.6943373908961293,0.2256415047455037,0.22200556379264585,0.8338484683051446,powerplay,M Markande,2018.0,2984692.326,7.438138995390906
2018,M Markande,Royal Challengers Bengaluru,0,6,7.0,2,33.33,1,16.67,0.033032370017799774,0.2576371727963212,0.4160805179191766,0.2256415047455037,0.00042582305519129476,0.61226872756769,powerplay,M Markande,2018.0,2984692.326,0.014266899522001008
2018,M Prasidh Krishna,Kolkata Knight Riders,0,66,9.55,23,34.85,16,24.24,0.033032370017799774,0.3442054816787806,0.42876649413168316,0.3063106172833576,-0.05518636102985724,0.5566565434826415,powerplay,,,,
2018,MG Johnson,Delhi Capitals,0,6,6.0,3,50.0,1,16.67,0.033032370017799774,0.2236888163718273,0.5552089544076529,0.2256415047455037,0.05913853221398114,0.6709814367264798,powerplay,MG Johnson,2018.0,29846923.259999998,0.19813945879385475
2018,MG Johnson,Kolkata Knight Riders,0,18,16.67,3,16.67,9,50.0,0.033032370017799774,0.5859177794211772,0.2770355418005195,0.5808200411902421,-0.2764636803817815,0.3353792241307172,powerplay,MG Johnson,2018.0,29846923.259999998,-0.9262719576603404
2018,MG Johnson,Royal Challengers Bengaluru,0,6,14.0,1,16.67,2,33.33,0.033032370017799774,0.4952756677677784,0.2770355418005195,0.40317749085919535,-0.19561411448887278,0.4162287900236259,powerplay,MG Johnson,2018.0,29846923.259999998,-0.6553912200090295
2018,MJ McClenaghan,Mumbai Indians,7,84,8.29,36,42.86,17,20.24,0.5190858746438823,0.3014305525839183,0.49561825035679985,0.26368493034129475,0.7238620247126455,1.3357049292251442,powerplay,,,,
2018,MJ McClenaghan,Punjab Kings,0,12,6.5,8,66.67,2,16.67,0.033032370017799774,0.24066299458407425,0.6943373908961293,0.2256415047455037,0.09238997405440058,0.7042328785668992,powerplay,,,,
2018,MJ McClenaghan,Royal Challengers Bengaluru,1,12,3.5,9,75.0,1,8.33,0.10246858496438302,0.13881792531059262,0.7638598789554578,0.13676694747130272,0.28609848898365503,0.8979413934961538,powerplay,,,,
2018,MM Ali,Delhi Capitals,0,6,4.0,3,50.0,0,0.0,0.033032370017799774,0.15579210352283954,0.5552089544076529,0.047998954414456896,0.1286153987046844,0.7404583032171831,powerplay,MM Ali,2018.0,25369884.770999998,0.5069609100144715
2018,MM Ali,Royal Challengers Bengaluru,0,6,10.0,2,33.33,1,16.67,0.033032370017799774,0.3594822420698029,0.4160805179191766,0.2256415047455037,-0.05049671158154955,0.5613461929309491,powerplay,MM Ali,2018.0,25369884.770999998,-0.19904194298616493
2018,MM Sharma,Delhi Capitals,0,6,5.0,1,16.67,0,0.0,0.033032370017799774,0.18974045994733343,0.2770355418005195,0.047998954414456896,0.028189196710297404,0.6400321012227961,powerplay,MM Sharma,2018.0,35816307.912,0.0787049206176073
2018,MM Sharma,Punjab Kings,4,72,10.08,24,33.33,20,27.78,0.3107772298041327,0.3621981105837624,0.4160805179191766,0.3440343502270832,0.3410840747446542,0.9529269792571529,powerplay,MM Sharma,2018.0,35816307.912,0.9523150057306057
2018,Mohammad Nabi,Sunrisers Hyderabad,1,24,8.75,11,45.83,6,25.0,0.10246858496438302,0.3170467965391855,0.520405980193079,0.31440949780234956,0.08841937367443556,0.7002622781869342,powerplay,Mohammad Nabi,2018.0,14923461.629999999,0.5924856837282971
2018,Mohammed Shami,Delhi Capitals,0,18,11.0,7,38.89,6,33.33,0.033032370017799774,0.39343059849429673,0.4624844835386085,0.40317749085919535,-0.08905689733070524,0.5227860071817935,powerplay,Mohammed Shami,2018.0,44770384.88999999,-0.1989192131126779
2018,Mohammed Siraj,Delhi Capitals,0,6,4.0,2,33.33,0,0.0,0.033032370017799774,0.15579210352283954,0.4160805179191766,0.047998954414456896,0.08687686775814149,0.6987197722706402,powerplay,,,,
2018,Mohammed Siraj,Punjab Kings,1,6,6.0,3,50.0,1,16.67,0.10246858496438302,0.2236888163718273,0.5552089544076529,0.2256415047455037,0.16329285463385598,0.7751357591463547,powerplay,,,,
2018,Mohammed Siraj,Royal Challengers Bengaluru,1,48,9.13,20,41.67,9,18.75,0.10246858496438302,0.3299471719804932,0.48568646634832435,0.24780686195537638,0.08487385896974992,0.6967167634822486,powerplay,,,,
2018,MP Stoinis,Punjab Kings,1,12,8.5,2,16.67,2,16.67,0.10246858496438302,0.30855970743306205,0.2770355418005195,0.2256415047455037,0.037405385321098585,0.6492482898335973,powerplay,MP Stoinis,2018.0,92525462.10599999,0.04042712618743351
2018,Mujeeb Ur Rahman,Delhi Capitals,1,12,5.5,6,50.0,1,8.33,0.10246858496438302,0.20671463815958038,0.5552089544076529,0.13676694747130272,0.18955485519481965,0.8013977597073183,powerplay,Mujeeb Ur Rahman,2018.0,32831615.586,0.5773546376305931
2018,Mujeeb Ur Rahman,Delhi Capitals,1,12,5.5,6,50.0,1,8.33,0.10246858496438302,0.20671463815958038,0.5552089544076529,0.13676694747130272,0.18955485519481965,0.8013977597073183,powerplay,Mujeeb Ur Rahman,2018.0,59693846.519999996,0.3175450506968263
2018,Mujeeb Ur Rahman,Punjab Kings,3,62,5.9,26,41.94,7,11.29,0.24134101485754947,0.22029398072937795,0.48793989633344065,0.16830995580842917,0.3645845096599816,0.9764274141724802,powerplay,Mujeeb Ur Rahman,2018.0,32831615.586,1.1104677706309618
2018,Mujeeb Ur Rahman,Punjab Kings,3,62,5.9,26,41.94,7,11.29,0.24134101485754947,0.22029398072937795,0.48793989633344065,0.16830995580842917,0.3645845096599816,0.9764274141724802,powerplay,Mujeeb Ur Rahman,2018.0,59693846.519999996,0.6107572738470292
2018,Mustafizur Rahman,Delhi Capitals,0,12,5.0,6,50.0,1,8.33,0.033032370017799774,0.18974045994733343,0.5552089544076529,0.13676694747130272,0.09388762188106828,0.7057305263935669,powerplay,,,,
2018,Mustafizur Rahman,Mumbai Indians,1,36,7.67,13,36.11,7,19.44,0.10246858496438302,0.28038257160073216,0.4392825007288925,0.2551597929528822,0.09426438327429976,0.7061072877867984,powerplay,,,,
2018,N Rana,Kolkata Knight Riders,1,7,6.0,3,42.86,1,14.29,0.10246858496438302,0.2236888163718273,0.49561825035679985,0.2002792210149763,0.15048810016470554,0.7623310046772043,powerplay,N Rana,2018.0,50739769.541999996,0.2965880640039931
2018,PJ Sangwan,Mumbai Indians,0,6,13.0,2,33.33,3,50.0,0.033032370017799774,0.46132731134328453,0.4160805179191766,0.5808200411902421,-0.17245495350723805,0.4393879510052606,powerplay,PJ Sangwan,2018.0,22385192.444999997,-0.7703974577433573
2018,PP Chawla,Delhi Capitals,0,6,18.0,0,0.0,4,66.67,0.033032370017799774,0.631069093465754,0.1379071053120432,0.758462591521289,-0.37630637841682213,0.23553652609567655,powerplay,,,,
2018,PP Chawla,Kolkata Knight Riders,3,90,9.87,32,35.56,25,27.78,0.24134101485754947,0.3550689557346186,0.4346921803888409,0.3440343502270832,0.2460778284902505,0.8579207330027492,powerplay,,,,
2018,PP Chawla,Royal Challengers Bengaluru,1,24,6.75,12,50.0,4,16.67,0.10246858496438302,0.24915008369019773,0.5552089544076529,0.2256415047455037,0.15056222097467076,0.7624051254871694,powerplay,,,,
2018,R Ashwin,Punjab Kings,1,58,7.66,17,29.31,8,13.79,0.10246858496438302,0.2800430880364872,0.38252944925188964,0.19495101014721847,0.08944996617445411,0.7012928706869528,powerplay,R Ashwin,2018.0,113418308.388,0.07886730762060827
2018,R Tewatia,Delhi Capitals,0,18,7.33,4,22.22,2,11.11,0.033032370017799774,0.2688401304164042,0.32335604705013216,0.16639179989603636,-0.021143056045670065,0.5906998484668287,powerplay,R Tewatia,2018.0,44770384.88999999,-0.04722554004755189
2018,RA Jadeja,Chennai Super Kings,3,48,7.63,18,37.5,7,14.58,0.24134101485754947,0.2790246373437524,0.4508834921337505,0.20336958331827587,0.317090334590918,0.9289332391034166,powerplay,,,,
2018,RA Jadeja,Delhi Capitals,0,12,7.0,3,25.0,1,8.33,0.033032370017799774,0.2576371727963212,0.34655802985984807,0.13676694747130272,-0.0026560119077670592,0.6091868926047316,powerplay,,,,
2018,RA Jadeja,Royal Challengers Bengaluru,1,12,7.5,4,33.33,1,8.33,0.10246858496438302,0.27461135100856815,0.4160805179191766,0.13676694747130272,0.11386796782378288,0.7257108723362815,powerplay,,,,
2018,Rashid Khan,Punjab Kings,0,6,13.0,3,50.0,2,33.33,0.033032370017799774,0.46132731134328453,0.5552089544076529,0.40317749085919535,-0.0951879124944858,0.5166549920180129,powerplay,Rashid Khan,2018.0,134311154.67,-0.07087118916396835
2018,Rashid Khan,Royal Challengers Bengaluru,1,12,6.0,6,50.0,2,16.67,0.10246858496438302,0.2236888163718273,0.5552089544076529,0.2256415047455037,0.16329285463385598,0.7751357591463547,powerplay,Rashid Khan,2018.0,134311154.67,0.12157802904387464
2018,Rashid Khan,Sunrisers Hyderabad,0,36,6.17,16,44.44,4,11.11,0.033032370017799774,0.22946003696399125,0.5088049887882211,0.16639179989603636,0.054181673201963106,0.6660245777144618,powerplay,Rashid Khan,2018.0,134311154.67,0.040340412034344034
2018,S Gopal,Delhi Capitals,0,6,14.0,2,33.33,2,33.33,0.033032370017799774,0.4952756677677784,0.4160805179191766,0.40317749085919535,-0.15390062165327564,0.457942282859223,powerplay,S Gopal,2018.0,2984692.326,-5.156331200795122
2018,S Gopal,Rajasthan Royals,0,30,7.0,9,30.0,3,10.0,0.033032370017799774,0.2576371727963212,0.38828821476940906,0.15456317176961393,0.006303798705438984,0.6181467032179376,powerplay,S Gopal,2018.0,2984692.326,0.2112043057344928
2018,S Kaul,Delhi Capitals,0,12,17.5,1,8.33,7,58.33,0.033032370017799774,0.614094915253507,0.20742959337137173,0.669588034247088,-0.3291876314380599,0.2826552730744388,powerplay,S Kaul,2018.0,56709154.194,-0.5804841142788353
2018,S Kaul,Punjab Kings,0,6,11.0,1,16.67,2,33.33,0.033032370017799774,0.39343059849429673,0.2770355418005195,0.40317749085919535,-0.14469157985213194,0.46715132466036674,powerplay,S Kaul,2018.0,56709154.194,-0.2551467781676785
2018,S Kaul,Royal Challengers Bengaluru,0,6,5.0,4,66.67,1,16.67,0.033032370017799774,0.18974045994733343,0.6943373908961293,0.2256415047455037,0.11785124137277098,0.7296941458852697,powerplay,S Kaul,2018.0,56709154.194,0.20781696191342594
2018,S Kaul,Sunrisers Hyderabad,6,96,8.81,39,40.63,23,23.96,0.4496496596972992,0.3190836979246552,0.47700658788713574,0.3033268191974132,0.5973692531102793,1.209212157622778,powerplay,S Kaul,2018.0,56709154.194,1.0533912233405922
2018,S Lamichhane,Delhi Capitals,1,18,5.0,10,55.56,2,11.11,0.10246858496438302,0.18974045994733343,0.6016129200270848,0.16639179989603636,0.20603816350182594,0.8178810680143246,powerplay,S Lamichhane,2018.0,2984692.326,6.90316257079511
2018,S Nadeem,Delhi Capitals,0,48,10.75,14,29.17,14,29.17,0.033032370017799774,0.38494350938817334,0.3813610040744219,0.35884677643945007,-0.10028425373295045,0.5115586507795482,powerplay,S Nadeem,2018.0,47755077.216,-0.20999705074155117
2018,Sandeep Sharma,Delhi Capitals,0,24,8.0,8,33.33,4,16.67,0.033032370017799774,0.29158552922081504,0.4160805179191766,0.2256415047455037,-0.016548355157055626,0.595294549355443,powerplay,Sandeep Sharma,2018.0,44770384.88999999,-0.03696272702974216
2018,Sandeep Sharma,Royal Challengers Bengaluru,0,6,9.0,3,50.0,2,33.33,0.033032370017799774,0.325533885645309,0.5552089544076529,0.40317749085919535,-0.027291199645498032,0.5845517048670006,powerplay,Sandeep Sharma,2018.0,44770384.88999999,-0.06095815283373597
2018,Sandeep Sharma,Sunrisers Hyderabad,3,78,8.46,37,47.44,18,23.08,0.24134101485754947,0.3072017731760823,0.5338430997339577,0.29394916807015936,0.3097737320044385,0.9216166365169371,powerplay,Sandeep Sharma,2018.0,44770384.88999999,0.691916615784177
2018,Shakib Al Hasan,Delhi Capitals,2,24,6.5,7,29.17,2,8.33,0.17190479991096624,0.24066299458407425,0.3813610040744219,0.13676694747130272,0.22458061430247825,0.8364235188149769,powerplay,Shakib Al Hasan,2018.0,29846923.259999998,0.7524414236808618
2018,Shakib Al Hasan,Delhi Capitals,2,24,6.5,7,29.17,2,8.33,0.17190479991096624,0.24066299458407425,0.3813610040744219,0.13676694747130272,0.22458061430247825,0.8364235188149769,powerplay,Shakib Al Hasan,2018.0,2984692.326,7.524414236808617
2018,Shakib Al Hasan,Royal Challengers Bengaluru,0,12,9.5,2,16.67,3,25.0,0.033032370017799774,0.34250806385755594,0.2770355418005195,0.31440949780234956,-0.10147671392239238,0.5103661905901062,powerplay,Shakib Al Hasan,2018.0,29846923.259999998,-0.33999053449635996
2018,Shakib Al Hasan,Royal Challengers Bengaluru,0,12,9.5,2,16.67,3,25.0,0.033032370017799774,0.34250806385755594,0.2770355418005195,0.31440949780234956,-0.10147671392239238,0.5103661905901062,powerplay,Shakib Al Hasan,2018.0,2984692.326,-3.3999053449636
2018,Shakib Al Hasan,Sunrisers Hyderabad,3,78,7.08,31,39.74,12,15.38,0.24134101485754947,0.26035304131028075,0.4695786149732339,0.21189472070668844,0.3303296419818163,0.9421725464943149,powerplay,Shakib Al Hasan,2018.0,29846923.259999998,1.1067460424790745
2018,Shakib Al Hasan,Sunrisers Hyderabad,3,78,7.08,31,39.74,12,15.38,0.24134101485754947,0.26035304131028075,0.4695786149732339,0.21189472070668844,0.3303296419818163,0.9421725464943149,powerplay,Shakib Al Hasan,2018.0,2984692.326,11.067460424790744
2018,Shivam Mavi,Delhi Capitals,1,12,5.5,7,58.33,2,16.67,0.10246858496438302,0.20671463815958038,0.6247314424669815,0.2256415047455037,0.192636690157778,0.8044795946702767,powerplay,Shivam Mavi,2018.0,44770384.88999999,0.43027704727373417
2018,Shivam Mavi,Kolkata Knight Riders,1,48,12.13,11,22.92,16,33.33,0.10246858496438302,0.43179224125397486,0.32919827293747067,0.40317749085919535,-0.044069259471010785,0.5677736450414879,powerplay,Shivam Mavi,2018.0,44770384.88999999,-0.09843395266600487
2018,Shivam Mavi,Royal Challengers Bengaluru,0,6,4.0,2,33.33,0,0.0,0.033032370017799774,0.15579210352283954,0.4160805179191766,0.047998954414456896,0.08687686775814149,0.6987197722706402,powerplay,Shivam Mavi,2018.0,44770384.88999999,0.19404985677830636
2018,SN Thakur,Chennai Super Kings,2,66,7.36,33,50.0,11,16.67,0.17190479991096624,0.269858581109139,0.5552089544076529,0.2256415047455037,0.24436229468507503,0.8562051991975737,powerplay,SN Thakur,2018.0,38801000.238,0.6297834931733469
2018,SN Thakur,Delhi Capitals,0,6,6.0,4,66.67,1,16.67,0.033032370017799774,0.2236888163718273,0.6943373908961293,0.2256415047455037,0.10087706316052406,0.7127199676730227,powerplay,SN Thakur,2018.0,38801000.238,0.25998572856822766
2018,SN Thakur,Punjab Kings,0,6,14.0,1,16.67,3,50.0,0.033032370017799774,0.4952756677677784,0.2770355418005195,0.5808200411902421,-0.23114262455508214,0.3807002799574165,powerplay,SN Thakur,2018.0,38801000.238,-0.5957130567183451
2018,SN Thakur,Royal Challengers Bengaluru,1,18,5.33,10,55.56,2,11.11,0.10246858496438302,0.2009434175674164,0.6016129200270848,0.16639179989603636,0.20043668469178447,0.8122795892042831,powerplay,SN Thakur,2018.0,38801000.238,0.5165760765504327
2018,SP Narine,Delhi Capitals,0,6,11.0,3,50.0,2,33.33,0.033032370017799774,0.39343059849429673,0.5552089544076529,0.40317749085919535,-0.0612395560699919,0.5506033484425068,powerplay,,,,
2018,SP Narine,Kolkata Knight Riders,2,90,7.33,41,45.56,17,18.89,0.17190479991096624,0.2688401304164042,0.5181525502079628,0.24929876099834858,0.22902314752096642,0.8408660520334651,powerplay,,,,
2018,SP Narine,Royal Challengers Bengaluru,0,18,5.67,10,55.56,3,16.67,0.033032370017799774,0.21248585875174433,0.6016129200270848,0.2256415047455037,0.07866120070985219,0.6905041052223508,powerplay,,,,
2018,SR Watson,Chennai Super Kings,1,72,9.17,31,43.06,17,23.61,0.10246858496438302,0.33130510623747295,0.49728745775318234,0.29959707158998267,0.07731714733579621,0.6891600518482949,powerplay,SR Watson,2018.0,59693846.519999996,0.1295228098760425
2018,TA Boult,Delhi Capitals,6,102,8.71,43,42.16,23,22.55,0.4496496596972992,0.3156888622822058,0.4897760244694613,0.28830126455033606,0.6059026128356171,1.2177455173481158,powerplay,,,,
2018,TA Boult,Punjab Kings,0,6,14.0,1,16.67,3,50.0,0.033032370017799774,0.4952756677677784,0.2770355418005195,0.5808200411902421,-0.23114262455508214,0.3807002799574165,powerplay,,,,
2018,TG Southee,Delhi Capitals,0,12,6.0,6,50.0,1,8.33,0.033032370017799774,0.2236888163718273,0.5552089544076529,0.13676694747130272,0.07691344366882134,0.68875634818132,powerplay,TG Southee,2018.0,14923461.629999999,0.5153860784833294
2018,TG Southee,Punjab Kings,0,12,10.0,6,50.0,4,33.33,0.033032370017799774,0.3594822420698029,0.5552089544076529,0.40317749085919535,-0.04426537785774498,0.5675775266547537,powerplay,TG Southee,2018.0,14923461.629999999,-0.29661601949483474
2018,TG Southee,Royal Challengers Bengaluru,1,54,9.22,17,31.48,11,20.37,0.10246858496438302,0.3330025240586976,0.4006403495026391,0.26507026516691184,0.054379667234635054,0.6662225717471337,powerplay,TG Southee,2018.0,14923461.629999999,0.36439043824334916
2018,TK Curran,Kolkata Knight Riders,1,12,11.5,3,25.0,4,33.33,0.10246858496438302,0.4104047767065437,0.34655802985984807,0.40317749085919535,-0.028167600120581976,0.5836753043919167,powerplay,,,,
2018,UT Yadav,Delhi Capitals,1,24,8.5,11,45.83,6,25.0,0.10246858496438302,0.30855970743306205,0.520405980193079,0.31440949780234956,0.09266291822749728,0.704505822739996,powerplay,UT Yadav,2018.0,62678538.84599999,0.1478383509468342
2018,UT Yadav,Punjab Kings,5,30,7.0,18,60.0,6,20.0,0.38021344475071595,0.2576371727963212,0.6386693242267748,0.261127389124771,0.5808769001709916,1.1927198046834904,powerplay,UT Yadav,2018.0,62678538.84599999,0.9267556501248303
2018,UT Yadav,Royal Challengers Bengaluru,6,114,7.47,56,49.12,21,18.42,0.4496496596972992,0.27359290031583333,0.5478644418635703,0.2442902427826562,0.653179323390572,1.2650222279030707,powerplay,UT Yadav,2018.0,62678538.84599999,1.042110003545905
2018,Washington Sundar,Royal Challengers Bengaluru,0,30,15.2,5,16.67,11,36.67,0.033032370017799774,0.536013695477171,0.2770355418005195,0.4387699394558178,-0.22310161806289358,0.3887412864496051,powerplay,Washington Sundar,2018.0,47755077.216,-0.4671788447829061
2018,YS Chahal,Delhi Capitals,2,18,5.0,10,55.56,2,11.11,0.17190479991096624,0.18974045994733343,0.6016129200270848,0.16639179989603636,0.31019248592170084,0.9220353904341996,powerplay,YS Chahal,2018.0,89540769.77999999,0.3464259763276975
2018,YS Chahal,Punjab Kings,1,12,7.0,4,33.33,1,8.33,0.10246858496438302,0.2576371727963212,0.4160805179191766,0.13676694747130272,0.12235505692990635,0.734197961442405,powerplay,YS Chahal,2018.0,89540769.77999999,0.1366473141011971
2018,YS Chahal,Royal Challengers Bengaluru,3,66,5.73,36,54.55,9,13.64,0.24134101485754947,0.214522760137214,0.5931834226753534,0.1933525468868911,0.394034659642945,1.0058775641554436,powerplay,YS Chahal,2018.0,89540769.77999999,0.44006172898790225
2019,A Mishra,Delhi Capitals,3,36,6.17,16,44.44,3,8.33,0.2362548903028289,0.24507634752573892,0.49443225205603075,0.16094197795272785,0.3479854417176375,0.9598283462301362,powerplay,,,,
2019,A Mishra,Punjab Kings,0,6,11.0,0,0.0,1,16.67,0.029134139604215455,0.4038821648455049,0.10458305042457064,0.24803808910471534,-0.17647257571000113,0.43537032880249754,powerplay,,,,
2019,Abhishek Sharma,Sunrisers Hyderabad,0,6,11.0,0,0.0,1,16.67,0.029134139604215455,0.4038821648455049,0.10458305042457064,0.24803808910471534,-0.17647257571000113,0.43537032880249754,powerplay,,,,
2019,AD Russell,Kolkata Knight Riders,3,60,9.9,23,38.33,18,30.0,0.2362548903028289,0.3677152085200923,0.44083237307384754,0.38724566244476244,0.225325310627399,0.8371682151398977,powerplay,,,,
2019,AD Russell,Punjab Kings,0,6,13.0,2,33.33,2,33.33,0.029134139604215455,0.4696402672553458,0.39696995164816573,0.4220214478327862,-0.15643222829345726,0.4554106762190414,powerplay,,,,
2019,AD Russell,Royal Challengers Bengaluru,0,6,5.0,2,33.33,0,0.0,0.029134139604215455,0.206607857615982,0.39696995164816573,0.07395029858869238,0.04469820637504342,0.6565411108875421,powerplay,,,,
2019,AJ Tye,Punjab Kings,1,30,11.6,9,30.0,10,33.33,0.0981743898370866,0.4236095955684571,0.36775757897866157,0.4220214478327862,-0.038620228901557446,0.5732226756109412,powerplay,,,,
2019,AR Patel,Delhi Capitals,0,78,7.46,34,43.59,14,17.95,0.029134139604215455,0.28749032358008636,0.48697564041366487,0.2614053579625743,-0.006232331852135405,0.6056105726603632,powerplay,AR Patel,2019.0,72212627.65,-0.008630529112362808
2019,AR Patel,Royal Challengers Bengaluru,0,6,2.0,4,66.67,0,0.0,0.029134139604215455,0.10797070400122057,0.6894445777146122,0.07395029858869238,0.18175917100235808,0.7936020755148567,powerplay,AR Patel,2019.0,72212627.65,0.2516999822846885
2019,Arshdeep Singh,Punjab Kings,1,30,13.2,6,20.0,10,33.33,0.0981743898370866,0.4762160774963299,0.2800327361272979,0.4220214478327862,-0.09124092272090294,0.5206019817915958,powerplay,Arshdeep Singh,2019.0,2888505.106,-3.158759267254795
2019,Arshdeep Singh,Punjab Kings,1,30,13.2,6,20.0,10,33.33,0.0981743898370866,0.4762160774963299,0.2800327361272979,0.4220214478327862,-0.09124092272090294,0.5206019817915958,powerplay,Arshdeep Singh,2019.0,11554020.424,-0.7896898168136988
2019,AS Joseph,Mumbai Indians,2,24,7.25,14,58.33,5,20.83,0.16721464006995773,0.2805857228270531,0.6162820587765748,0.291481712892757,0.2371173737458311,0.8489602782583298,powerplay,,,,
2019,AS Joseph,Punjab Kings,0,12,11.0,4,33.33,3,25.0,0.029134139604215455,0.4038821648455049,0.39696995164816573,0.33502976846875077,-0.1061548412157297,0.505688063296769,powerplay,,,,
2019,AS Rajpoot,Punjab Kings,0,24,9.75,8,33.33,6,25.0,0.029134139604215455,0.36278335083935426,0.39696995164816573,0.33502976846875077,-0.08560543421265439,0.5262374702998442,powerplay,,,,
2019,AS Rajpoot,Royal Challengers Bengaluru,0,12,11.0,5,41.67,3,25.0,0.029134139604215455,0.4038821648455049,0.470132470586203,0.33502976846875077,-0.0842060855343185,0.5276368189781802,powerplay,,,,
2019,Avesh Khan,Punjab Kings,0,6,12.0,3,50.0,3,50.0,0.029134139604215455,0.43676121605042534,0.5432072646813889,0.5961092383488091,-0.13093906688423462,0.48090383762826405,powerplay,,,,
2019,B Kumar,Sunrisers Hyderabad,2,96,7.25,53,55.21,18,18.75,0.16721464006995773,0.2805857228270531,0.5889119078069494,0.2697599009987362,0.23325069083374766,0.8450935953462464,powerplay,,,,
2019,BA Stokes,Punjab Kings,0,6,9.0,2,33.33,1,16.67,0.029134139604215455,0.3381240624356639,0.39696995164816573,0.24803808910471534,-0.05587745413800212,0.5559654503744965,powerplay,,,,
2019,BA Stokes,Rajasthan Royals,1,12,15.5,4,33.33,7,58.33,0.0981743898370866,0.551837895267647,0.39696995164816573,0.6831009177128446,-0.14618656092631285,0.4656563435861858,powerplay,,,,
2019,Basil Thampi,Sunrisers Hyderabad,0,6,2.0,4,66.67,0,0.0,0.029134139604215455,0.10797070400122057,0.6894445777146122,0.07395029858869238,0.18175917100235808,0.7936020755148567,powerplay,,,,
2019,BB Sran,Mumbai Indians,0,6,17.0,1,16.67,3,50.0,0.029134139604215455,0.6011564720750276,0.2508203634577939,0.5961092383488091,-0.3008527652636143,0.31099013924888436,powerplay,,,,
2019,CH Morris,Delhi Capitals,0,42,10.14,18,42.86,14,33.33,0.029134139604215455,0.37560618080927327,0.4805717268855153,0.4220214478327862,-0.08433465249921611,0.5275082520132826,powerplay,,,,
2019,CH Morris,Punjab Kings,1,12,10.0,6,50.0,4,33.33,0.0981743898370866,0.37100311364058436,0.5432072646813889,0.4220214478327862,0.04031791777319714,0.6521608222856958,powerplay,,,,
2019,CH Morris,Royal Challengers Bengaluru,1,12,9.0,4,33.33,2,16.67,0.0981743898370866,0.3381240624356639,0.39696995164816573,0.24803808910471534,0.04768292121130459,0.6595258257238032,powerplay,,,,
2019,CV Varun,Punjab Kings,0,12,17.0,3,25.0,6,50.0,0.029134139604215455,0.6011564720750276,0.32389515755297976,0.5961092383488091,-0.2789303270350586,0.3329125774774401,powerplay,CV Varun,2019.0,121317214.452,-0.22991817632395384
2019,DJ Bravo,Chennai Super Kings,0,6,8.0,3,50.0,1,16.67,0.029134139604215455,0.3052450112307434,0.5432072646813889,0.24803808910471534,0.004433265374425108,0.6162761698869238,powerplay,,,,
2019,DJ Hooda,Sunrisers Hyderabad,0,6,8.0,1,16.67,1,16.67,0.029134139604215455,0.3052450112307434,0.2508203634577939,0.24803808910471534,-0.0832828049926534,0.5285600995198453,powerplay,,,,
2019,DL Chahar,Chennai Super Kings,10,186,8.29,84,45.16,42,22.58,0.7195366419329269,0.3147799360801703,0.500748440741329,0.3097572757843611,1.0101880719248315,1.6220309764373302,powerplay,,,,
2019,DL Chahar,Royal Challengers Bengaluru,1,30,4.8,17,56.67,2,6.67,0.0981743898370866,0.20003204737499788,0.6017197348632485,0.143606301152692,0.19904022129656712,0.8108831258090659,powerplay,,,,
2019,DS Kulkarni,Punjab Kings,0,18,8.33,8,44.44,4,22.22,0.029134139604215455,0.31609509812836717,0.49443225205603075,0.3059977314180882,-0.027216210324668838,0.5846266941878299,powerplay,,,,
2019,DS Kulkarni,Rajasthan Royals,1,78,9.38,28,35.9,20,25.64,0.0981743898370866,0.3506181018935337,0.41951523626096615,0.34171340289768026,0.029464424107616807,0.6413073286201155,powerplay,,,,
2019,DS Kulkarni,Royal Challengers Bengaluru,0,12,8.0,6,50.0,3,25.0,0.029134139604215455,0.3052450112307434,0.5432072646813889,0.33502976846875077,-0.012965070498381984,0.5988778340141167,powerplay,,,,
2019,DW Steyn,Royal Challengers Bengaluru,1,24,7.75,10,41.67,5,20.83,0.0981743898370866,0.29702524842951333,0.470132470586203,0.291481712892757,0.08149235913818273,0.6933352636506814,powerplay,,,,
2019,GC Viljoen,Punjab Kings,2,36,9.17,12,33.33,8,22.22,0.16721464006995773,0.34371350114050037,0.39696995164816573,0.3059977314180882,0.1368566487455185,0.7486995532580172,powerplay,GC Viljoen,2019.0,10831894.1475,1.263459990301927
2019,Harbhajan Singh,Chennai Super Kings,7,138,7.78,61,44.2,24,17.39,0.5124158912343134,0.29801161996566095,0.49232685582759805,0.255557177837261,0.7162046480494669,1.3280475525619657,powerplay,,,,
2019,Harbhajan Singh,Royal Challengers Bengaluru,2,18,6.33,7,38.89,1,5.56,0.16721464006995773,0.25033699571852625,0.4457449642735239,0.13201437269001734,0.2329740769897272,0.8448169815022258,powerplay,,,,
2019,Harpreet Brar,Punjab Kings,0,18,10.33,4,22.22,4,22.22,0.029134139604215455,0.38185320053820815,0.2995076512403007,0.3059977314180882,-0.11857264177430833,0.49327026273819036,powerplay,,,,
2019,HF Gurney,Kolkata Knight Riders,2,36,6.17,14,38.89,4,11.11,0.16721464006995773,0.24507634752573892,0.4457449642735239,0.18997401500339034,0.22401247262344623,0.8358553771359449,powerplay,HF Gurney,2019.0,10831894.1475,2.0680821800234104
2019,HF Gurney,Punjab Kings,0,12,8.0,5,41.67,1,8.33,0.029134139604215455,0.3052450112307434,0.470132470586203,0.16094197795272785,-6.995062373316846e-05,0.6117729538887655,powerplay,HF Gurney,2019.0,10831894.1475,-0.0006457838562733098
2019,HF Gurney,Royal Challengers Bengaluru,0,6,4.0,3,50.0,0,0.0,0.029134139604215455,0.1737288064110615,0.5432072646813889,0.07395029858869238,0.10500892588747063,0.7168518303999694,powerplay,HF Gurney,2019.0,10831894.1475,0.969441950387843
2019,HH Pandya,Mumbai Indians,2,36,7.83,18,50.0,7,19.44,0.16721464006995773,0.29965557252590697,0.5432072646813889,0.2769656943674258,0.20856321437291467,0.8204061188854134,powerplay,,,,
2019,HH Pandya,Royal Challengers Bengaluru,1,6,4.0,2,33.33,0,0.0,0.0981743898370866,0.1737288064110615,0.39696995164816573,0.07395029858869238,0.16469810732681037,0.776541011839309,powerplay,,,,
2019,HV Patel,Delhi Capitals,1,6,6.0,3,50.0,1,16.67,0.0981743898370866,0.23948690882090246,0.5432072646813889,0.24803808910471534,0.14087269192865226,0.7527155964411509,powerplay,,,,
2019,I Sharma,Delhi Capitals,7,132,7.91,55,41.67,29,21.97,0.5124158912343134,0.3022858966223006,0.470132470586203,0.3033869367192877,0.6978432423723233,1.309686146884822,powerplay,I Sharma,2019.0,15886778.083,4.392603954851399
2019,I Sharma,Punjab Kings,0,12,8.0,7,58.33,3,25.0,0.029134139604215455,0.3052450112307434,0.6162820587765748,0.33502976846875077,0.00895736773017379,0.6208002722426724,powerplay,I Sharma,2019.0,15886778.083,0.05638253196070524
2019,I Sharma,Royal Challengers Bengaluru,0,12,6.0,4,33.33,1,8.33,0.029134139604215455,0.23948690882090246,0.39696995164816573,0.16094197795272785,0.010860344899776102,0.6227032494122747,powerplay,I Sharma,2019.0,15886778.083,0.06836090265147882
2019,Imran Tahir,Chennai Super Kings,2,36,8.5,10,27.78,7,19.44,0.16721464006995773,0.3216845368332037,0.34828266386565887,0.2769656943674258,0.13907135197454729,0.7509142564870459,powerplay,,,,
2019,IS Sodhi,Punjab Kings,0,6,11.0,1,16.67,1,16.67,0.029134139604215455,0.4038821648455049,0.2508203634577939,0.24803808910471534,-0.13260138180003417,0.4792415227124645,powerplay,,,,
2019,IS Sodhi,Rajasthan Royals,2,12,8.5,8,66.67,3,25.0,0.16721464006995773,0.3216845368332037,0.6894445777146122,0.33502976846875077,0.22980711130896825,0.8416500158214669,powerplay,,,,
2019,J Suchith,Delhi Capitals,1,18,4.67,8,44.44,1,5.56,0.0981743898370866,0.1957577707183582,0.49443225205603075,0.13201437269001734,0.17130950047525653,0.7831524049877552,powerplay,,,,
2019,J Yadav,Mumbai Indians,1,18,7.33,9,50.0,3,16.67,0.0981743898370866,0.28321604692344665,0.5432072646813889,0.24803808910471534,0.11900812287738018,0.7308510273898788,powerplay,,,,
2019,JC Archer,Punjab Kings,1,24,2.25,18,75.0,1,4.17,0.0981743898370866,0.11619046680245068,0.7625193718097981,0.11749835416468617,0.29442249206440674,0.9062653965769054,powerplay,,,,
2019,JC Archer,Rajasthan Royals,2,66,5.36,42,63.64,9,13.64,0.16721464006995773,0.21844431604975337,0.662863950330649,0.21639525735525222,0.2971799357082042,0.9090228402207029,powerplay,,,,
2019,JC Archer,Royal Challengers Bengaluru,0,6,14.0,1,16.67,3,50.0,0.029134139604215455,0.5025193184602663,0.2508203634577939,0.5961092383488091,-0.25153418845623365,0.360308716056265,powerplay,,,,
2019,JD Unadkat,Punjab Kings,0,6,12.0,4,66.67,2,33.33,0.029134139604215455,0.43676121605042534,0.6894445777146122,0.4220214478327862,-0.05225031487106309,0.5595925896414355,powerplay,JD Unadkat,2019.0,121317214.452,-0.043069167971818444
2019,JD Unadkat,Rajasthan Royals,1,36,6.33,13,36.11,4,11.11,0.0981743898370866,0.25033699571852625,0.42135745796084484,0.18997401500339034,0.11050552128394214,0.7223484257964408,powerplay,JD Unadkat,2019.0,121317214.452,0.0910880799424095
2019,JD Unadkat,Royal Challengers Bengaluru,1,6,9.0,2,33.33,1,16.67,0.0981743898370866,0.3381240624356639,0.39696995164816573,0.24803808910471534,0.04768292121130459,0.6595258257238032,powerplay,JD Unadkat,2019.0,121317214.452,0.03930433238736343
2019,JJ Bumrah,Mumbai Indians,2,96,6.81,46,47.92,15,15.63,0.16721464006995773,0.266118940296888,0.5249604973683053,0.2371771831577049,0.22781520253544324,0.8396581070479419,powerplay,,,,
2019,JJ Bumrah,Punjab Kings,0,12,5.0,5,41.67,1,8.33,0.029134139604215455,0.206607857615982,0.470132470586203,0.16094197795272785,0.049248626183647524,0.6610915306961462,powerplay,,,,
2019,JJ Bumrah,Royal Challengers Bengaluru,0,12,3.0,9,75.0,1,8.33,0.029134139604215455,0.14084975520614101,0.7625193718097981,0.16094197795272785,0.16984374775564653,0.7816866522681452,powerplay,,,,
2019,JP Behrendorff,Mumbai Indians,1,24,11.25,11,45.83,9,37.5,0.0981743898370866,0.4121019276467349,0.5066260052123703,0.46556950340877995,8.452181421751692e-05,0.6119274263267162,powerplay,,,,
2019,JP Behrendorff,Punjab Kings,0,12,15.0,3,25.0,5,41.67,0.029134139604215455,0.5353983696651867,0.32389515755297976,0.5091175589847737,-0.228652939957331,0.3831899645551677,powerplay,,,,
2019,JP Behrendorff,Royal Challengers Bengaluru,1,12,13.5,3,25.0,5,41.67,0.0981743898370866,0.4860797928578061,0.32389515755297976,0.5091175589847737,-0.100433276204334,0.5114096283081647,powerplay,,,,
2019,K Gowtham,Punjab Kings,0,12,6.5,5,41.67,1,8.33,0.029134139604215455,0.2559264344233627,0.470132470586203,0.16094197795272785,0.024589337779957164,0.6364322422924559,powerplay,,,,
2019,K Gowtham,Rajasthan Royals,0,18,17.0,2,11.11,10,55.56,0.029134139604215455,0.6011564720750276,0.20204535083243566,0.6541733124501341,-0.32709808387148676,0.2847448206410119,powerplay,,,,
2019,K Gowtham,Royal Challengers Bengaluru,0,12,4.0,5,41.67,0,0.0,0.029134139604215455,0.1737288064110615,0.470132470586203,0.07395029858869238,0.08308648765891485,0.6949293921714135,powerplay,,,,
2019,K Khejroliya,Royal Challengers Bengaluru,0,12,12.5,3,25.0,4,33.33,0.029134139604215455,0.45320074165288554,0.32389515755297976,0.4220214478327862,-0.1701349037207829,0.4417080007917158,powerplay,,,,
2019,K Rabada,Delhi Capitals,2,84,8.29,33,39.29,19,22.62,0.16721464006995773,0.3147799360801703,0.4492539579875785,0.3101750029361692,0.16617317887389116,0.7780160833863898,powerplay,,,,
2019,K Rabada,Punjab Kings,1,12,5.5,8,66.67,2,16.67,0.0981743898370866,0.2230473832184422,0.6894445777146122,0.24803808910471534,0.19296364863984938,0.8048065531523481,powerplay,,,,
2019,K Rabada,Royal Challengers Bengaluru,1,6,4.0,3,50.0,0,0.0,0.0981743898370866,0.1737288064110615,0.5432072646813889,0.07395029858869238,0.20856930123677733,0.820412205749276,powerplay,,,,
2019,KC Cariappa,Kolkata Knight Riders,0,6,20.0,1,16.67,3,50.0,0.029134139604215455,0.6997936256897891,0.2508203634577939,0.5961092383488091,-0.35017134207099504,0.26167156244150364,powerplay,,,,
2019,KH Pandya,Mumbai Indians,4,72,7.0,36,50.0,14,19.44,0.3052951405357,0.2723659600258229,0.5432072646813889,0.2769656943674258,0.42932877132157,1.0411716758340686,powerplay,,,,
2019,KK Ahmed,Sunrisers Hyderabad,7,108,9.11,44,40.74,27,25.0,0.5124158912343134,0.34174075806820514,0.4619740602010262,0.33502976846875077,0.6693397221839252,1.281182626696424,powerplay,,,,
2019,KMA Paul,Delhi Capitals,0,12,16.5,2,16.67,3,25.0,0.029134139604215455,0.5847169464725674,0.2508203634577939,0.33502976846875077,-0.24041710848637254,0.37142579602612613,powerplay,KMA Paul,2019.0,7221262.765000001,-3.3292945612175426
2019,Kuldeep Yadav,Kolkata Knight Riders,0,30,5.4,8,26.67,1,3.33,0.029134139604215455,0.21975947809795018,0.3385452063091575,0.10872608397671614,0.0136398154547521,0.6254827199672508,powerplay,,,,
2019,Kuldeep Yadav,Royal Challengers Bengaluru,0,6,7.0,1,16.67,0,0.0,0.029134139604215455,0.2723659600258229,0.2508203634577939,0.07395029858869238,-0.03202572128698858,0.5798171832255101,powerplay,,,,
2019,LH Ferguson,Kolkata Knight Riders,1,36,9.17,17,47.22,9,25.0,0.0981743898370866,0.34371350114050037,0.5188197583687099,0.33502976846875077,0.0640448080022425,0.6758877125147412,powerplay,LH Ferguson,2019.0,23108040.848,0.27715377700565896
2019,LH Ferguson,Royal Challengers Bengaluru,0,6,13.0,2,33.33,3,50.0,0.029134139604215455,0.4696402672553458,0.39696995164816573,0.5961092383488091,-0.19124978639666185,0.42059311811583683,powerplay,LH Ferguson,2019.0,23108040.848,-0.8276330635498877
2019,M Ashwin,Punjab Kings,2,36,5.5,15,41.67,3,8.33,0.16721464006995773,0.2230473832184422,0.470132470586203,0.16094197795272785,0.24814961408103084,0.8599925185935295,powerplay,M Ashwin,2019.0,2888505.106,8.590935621528752
2019,M Ashwin,Royal Challengers Bengaluru,1,6,5.0,4,66.67,1,16.67,0.0981743898370866,0.206607857615982,0.6894445777146122,0.24803808910471534,0.20118341144107948,0.8130263159535782,powerplay,M Ashwin,2019.0,2888505.106,6.964966446594866
2019,M Markande,Mumbai Indians,1,12,11.0,3,25.0,3,25.0,0.0981743898370866,0.4038821648455049,0.32389515755297976,0.33502976846875077,-0.02451690409497878,0.5873260004175199,powerplay,,,,
2019,M Prasidh Krishna,Kolkata Knight Riders,3,84,7.86,41,48.81,17,20.24,0.2362548903028289,0.3006419440620545,0.5327680083820767,0.28532023740358764,0.3068277184571216,0.9186706229696202,powerplay,,,,
2019,M Prasidh Krishna,Royal Challengers Bengaluru,0,12,11.0,4,33.33,4,33.33,0.029134139604215455,0.4038821648455049,0.39696995164816573,0.4220214478327862,-0.12355317708853679,0.4882897274239619,powerplay,,,,
2019,MJ McClenaghan,Mumbai Indians,2,36,10.33,12,33.33,9,25.0,0.16721464006995773,0.38185320053820815,0.39696995164816573,0.33502976846875077,0.1119803916365321,0.7238232961490307,powerplay,,,,
2019,MJ Santner,Chennai Super Kings,2,30,9.2,16,53.33,5,16.67,0.16721464006995773,0.344699872676648,0.572419637350893,0.24803808910471534,0.2005902971509374,0.8124332016634361,powerplay,,,,
2019,MM Ali,Royal Challengers Bengaluru,0,12,1.5,9,75.0,0,0.0,0.029134139604215455,0.09153117839876032,0.7625193718097981,0.07395029858869238,0.21190137203214396,0.8237442765446427,powerplay,,,,
2019,MM Sharma,Chennai Super Kings,0,6,1.0,5,83.33,0,0.0,0.029134139604215455,0.07509165279630006,0.835594165904984,0.07395029858869238,0.2420435730619299,0.8538864775744286,powerplay,MM Sharma,2019.0,72212627.65,0.33518178321257897
2019,Mohammad Nabi,Sunrisers Hyderabad,5,84,5.36,34,40.48,7,8.33,0.3743353907685712,0.21844431604975337,0.4596932142868907,0.16094197795272785,0.5580004968235018,1.1698434013360006,powerplay,,,,
2019,Mohammed Shami,Punjab Kings,2,108,8.11,43,39.81,24,22.22,0.16721464006995773,0.3088617068632847,0.45381564981584943,0.3059977314180882,0.17133625533443145,0.7831791598469301,powerplay,Mohammed Shami,2019.0,69324122.544,0.2471524327274166
2019,Mohammed Shami,Royal Challengers Bengaluru,1,18,12.0,6,33.33,7,38.89,0.0981743898370866,0.43676121605042534,0.39696995164816573,0.48008552193411125,-0.04804514216195532,0.5637977623505434,powerplay,Mohammed Shami,2019.0,69324122.544,-0.06930508515482628
2019,Mohammed Siraj,Punjab Kings,0,6,24.0,1,16.67,5,83.33,0.029134139604215455,0.831309830509471,0.2508203634577939,0.9441803875929029,-0.48554367432965473,0.12629923018284395,powerplay,,,,
2019,Mohammed Siraj,Royal Challengers Bengaluru,0,48,7.5,26,54.17,11,22.92,0.029134139604215455,0.2888054856282832,0.5797885241504076,0.3133079565747299,0.0105734325223579,0.6224163370348565,powerplay,,,,
2019,MP Stoinis,Royal Challengers Bengaluru,0,6,2.0,4,66.67,0,0.0,0.029134139604215455,0.10797070400122057,0.6894445777146122,0.07395029858869238,0.18175917100235808,0.7936020755148567,powerplay,,,,
2019,Mujeeb Ur Rahman,Punjab Kings,1,54,9.44,23,42.59,10,18.52,0.0981743898370866,0.35259084496582893,0.4782031561285285,0.26735796987583965,0.06095551513610603,0.6727984196486048,powerplay,,,,
2019,Navdeep Saini,Punjab Kings,0,12,5.0,8,66.67,2,16.67,0.029134139604215455,0.206607857615982,0.6894445777146122,0.24803808910471534,0.09762303609177277,0.7094659406042715,powerplay,,,,
2019,Navdeep Saini,Royal Challengers Bengaluru,3,144,8.88,71,49.31,37,25.69,0.2362548903028289,0.3341785762910735,0.5371542505246448,0.34223556183744036,0.27999221009861197,0.8918351146111106,powerplay,,,,
2019,O Thomas,Rajasthan Royals,0,30,10.0,9,30.0,8,26.67,0.029134139604215455,0.37100311364058436,0.36775757897866157,0.3524698770567387,-0.10196704913171827,0.5098758553807804,powerplay,,,,
2019,O Thomas,Royal Challengers Bengaluru,2,6,8.0,2,33.33,1,16.67,0.16721464006995773,0.3052450112307434,0.39696995164816573,0.24803808910471534,0.16768282216307157,0.7795257266755702,powerplay,,,,
2019,P Negi,Royal Challengers Bengaluru,0,12,5.5,4,33.33,1,8.33,0.029134139604215455,0.2230473832184422,0.39696995164816573,0.16094197795272785,0.01908010770100623,0.6309230122135049,powerplay,,,,
2019,P Ray Barman,Royal Challengers Bengaluru,0,6,6.0,1,16.67,0,0.0,0.029134139604215455,0.23948690882090246,0.2508203634577939,0.07395029858869238,-0.015586195684528351,0.5962567088279703,powerplay,P Ray Barman,2019.0,21663788.295,-0.0719458456309123
2019,PP Chawla,Kolkata Knight Riders,2,48,7.63,22,45.83,9,18.75,0.16721464006995773,0.29307976228492283,0.5066260052123703,0.2697599009987362,0.20231790032643904,0.8141608048389377,powerplay,,,,
2019,PP Chawla,Royal Challengers Bengaluru,0,12,7.5,3,25.0,1,8.33,0.029134139604215455,0.2888054856282832,0.32389515755297976,0.16094197795272785,-0.035721381732470046,0.5761215227800286,powerplay,,,,
2019,R Ashwin,Punjab Kings,1,72,7.58,23,31.94,10,13.89,0.0981743898370866,0.2914358097246768,0.3847761984918262,0.21900605205405285,0.07317532903002877,0.6850182335425274,powerplay,,,,
2019,R Parag,Rajasthan Royals,0,30,7.6,8,26.67,3,10.0,0.029134139604215455,0.2920933907487752,0.3385452063091575,0.17838208654071575,-0.036458341383460324,0.5753845631290384,powerplay,R Parag,2019.0,2888505.106,-1.2621871883739826
2019,R Parag,Royal Challengers Bengaluru,1,6,10.0,1,16.67,1,16.67,0.0981743898370866,0.37100311364058436,0.2508203634577939,0.24803808910471534,-0.01260148084826719,0.5992414236642315,powerplay,R Parag,2019.0,2888505.106,-0.43626306292799716
2019,R Tewatia,Delhi Capitals,1,6,2.0,4,66.67,0,0.0,0.0981743898370866,0.10797070400122057,0.6894445777146122,0.07395029858869238,0.2853195463516648,0.8971624508641635,powerplay,,,,
2019,RA Jadeja,Chennai Super Kings,0,48,5.75,19,39.58,5,10.42,0.029134139604215455,0.23126714601967235,0.45179797843026803,0.18276822163470072,0.027053385598627265,0.6388962901111259,powerplay,,,,
2019,RA Jadeja,Royal Challengers Bengaluru,1,6,9.0,3,50.0,1,16.67,0.0981743898370866,0.3381240624356639,0.5432072646813889,0.24803808910471534,0.09155411512127155,0.7033970196337702,powerplay,,,,
2019,Rashid Khan,Sunrisers Hyderabad,2,48,7.13,22,45.83,7,14.58,0.16721464006995773,0.2766402366824626,0.5066260052123703,0.22621184542274245,0.21924727424286794,0.8310901787553666,powerplay,,,,
2019,Rasikh Salam,Mumbai Indians,0,12,7.5,6,50.0,2,16.67,0.029134139604215455,0.2888054856282832,0.5432072646813889,0.24803808910471534,0.01265302817565521,0.6244959326881538,powerplay,Rasikh Salam,2019.0,2888505.106,0.43804763056753304
2019,RD Chahar,Mumbai Indians,4,72,7.08,35,48.61,13,18.06,0.3052951405357,0.2749962841222166,0.5310135115250494,0.26255410763004655,0.4272378006739471,1.039080705186446,powerplay,,,,
2019,S Gopal,Rajasthan Royals,2,54,5.56,27,50.0,6,11.11,0.16721464006995773,0.22502012629073745,0.5432072646813889,0.18997401500339034,0.26327927336330653,0.8751221778758052,powerplay,,,,
2019,S Gopal,Royal Challengers Bengaluru,4,12,9.5,6,50.0,3,25.0,0.3052951405357,0.3545635880381241,0.5432072646813889,0.33502976846875077,0.37661714249515443,0.9884600470076531,powerplay,,,,
2019,S Kaul,Sunrisers Hyderabad,0,36,8.5,10,27.78,6,16.67,0.029134139604215455,0.3216845368332037,0.34828266386565887,0.24803808910471534,-0.06226387767152407,0.5495790268409746,powerplay,,,,
2019,S Lamichhane,Delhi Capitals,1,24,8.75,10,41.67,6,25.0,0.0981743898370866,0.32990429963443374,0.470132470586203,0.33502976846875077,0.05634322242052377,0.6681861269330225,powerplay,,,,
2019,S Lamichhane,Punjab Kings,2,24,10.25,9,37.5,7,29.17,0.16721464006995773,0.3792228764418145,0.43355121111718437,0.3785778240447445,0.11556032041023577,0.7274032249227345,powerplay,,,,
2019,S Nadeem,Sunrisers Hyderabad,0,24,11.5,4,16.67,6,25.0,0.029134139604215455,0.4203216904479651,0.2508203634577939,0.33502976846875077,-0.15821948047407136,0.4536234240384273,powerplay,,,,
2019,S Sandeep Warrier,Kolkata Knight Riders,0,24,6.5,12,50.0,3,12.5,0.029134139604215455,0.2559264344233627,0.5432072646813889,0.20449003352872158,0.03780216489331419,0.6496450694058129,powerplay,,,,
2019,S Sandeep Warrier,Punjab Kings,2,12,6.0,7,58.33,2,16.67,0.16721464006995773,0.23948690882090246,0.6162820587765748,0.24803808910471534,0.26635550550651477,0.8781984100190134,powerplay,,,,
2019,Sandeep Sharma,Sunrisers Hyderabad,2,90,8.67,34,37.78,20,22.22,0.16721464006995773,0.3272739755380401,0.43600750671702254,0.3059977314180882,0.15678767806740568,0.7686305825799044,powerplay,,,,
2019,SC Kuggeleijn,Chennai Super Kings,0,12,7.5,4,33.33,1,8.33,0.029134139604215455,0.2888054856282832,0.39696995164816573,0.16094197795272785,-0.013798943503914259,0.5980439610085844,powerplay,,,,
2019,Shakib Al Hasan,Sunrisers Hyderabad,1,30,6.8,13,43.33,4,13.33,0.0981743898370866,0.26579014978483884,0.4846947944995294,0.2131578719287395,0.11714337382732137,0.72898627833982,powerplay,,,,
2019,SL Malinga,Mumbai Indians,1,96,8.94,39,40.63,22,22.92,0.0981743898370866,0.3361513193633686,0.46100908692966125,0.3133079565747299,0.054827059837897985,0.6666699643503966,powerplay,SL Malinga,2019.0,28885051.060000002,0.18981119238463962
2019,SL Malinga,Royal Challengers Bengaluru,0,6,5.0,1,16.67,0,0.0,0.029134139604215455,0.206607857615982,0.2508203634577939,0.07395029858869238,0.0008533299179318728,0.6126962344304305,powerplay,SL Malinga,2019.0,28885051.060000002,0.002954226794196544
2019,SM Curran,Punjab Kings,1,48,10.0,14,29.17,13,27.08,0.0981743898370866,0.37100311364058436,0.36047641702199845,0.3567515803627716,-0.0014473630306170715,0.6103955414818816,powerplay,SM Curran,2019.0,103986183.81600001,-0.0013918801301316438
2019,SN Thakur,Chennai Super Kings,3,78,9.46,35,44.87,23,29.49,0.2362548903028289,0.35324842598992734,0.49820442029863937,0.38191964125920924,0.25083552029702966,0.8626784248095283,powerplay,,,,
2019,SN Thakur,Royal Challengers Bengaluru,0,18,10.67,6,33.33,5,27.78,0.029134139604215455,0.3930320779478811,0.39696995164816573,0.36406180551941325,-0.1065362051770503,0.5053066993354484,powerplay,,,,
2019,SP Narine,Kolkata Knight Riders,5,60,4.9,36,60.0,6,10.0,0.3743353907685712,0.20331995249548995,0.6309321075327526,0.17838208654071575,0.6134463248567944,1.225289229369293,powerplay,,,,
2019,SP Narine,Punjab Kings,0,6,3.0,3,50.0,0,0.0,0.029134139604215455,0.14084975520614101,0.5432072646813889,0.07395029858869238,0.12144845148993089,0.7332913560024296,powerplay,,,,
2019,SP Narine,Royal Challengers Bengaluru,1,24,6.25,7,29.17,2,8.33,0.0981743898370866,0.24770667162213258,0.36047641702199845,0.16094197795272785,0.09936277846061756,0.7112056829731163,powerplay,,,,
2019,TA Boult,Delhi Capitals,0,30,9.2,10,33.33,6,20.0,0.029134139604215455,0.344699872676648,0.39696995164816573,0.2828138744927391,-0.06612051633609892,0.5457223881763997,powerplay,,,,
2019,TG Southee,Royal Challengers Bengaluru,0,24,11.0,10,41.67,10,41.67,0.029134139604215455,0.4038821648455049,0.470132470586203,0.5091175589847737,-0.1190236436375231,0.4928192608749756,powerplay,,,,
2019,UT Yadav,Punjab Kings,0,12,12.0,3,25.0,4,33.33,0.029134139604215455,0.43676121605042534,0.32389515755297976,0.4220214478327862,-0.1619151409195528,0.44992776359294584,powerplay,,,,
2019,UT Yadav,Royal Challengers Bengaluru,4,72,9.5,30,41.67,19,26.39,0.3052951405357,0.3545635880381241,0.470132470586203,0.34954578699408206,0.3517915005615324,0.9636344050740311,powerplay,,,,
2019,VR Aaron,Rajasthan Royals,1,24,6.75,10,41.67,3,12.5,0.0981743898370866,0.2641461972245928,0.470132470586203,0.20449003352872158,0.11533022061345008,0.7271731251259488,powerplay,VR Aaron,2019.0,34662061.272,0.3327275308540689
2019,Washington Sundar,Royal Challengers Bengaluru,0,6,10.0,2,33.33,2,33.33,0.029134139604215455,0.37100311364058436,0.39696995164816573,0.4220214478327862,-0.10711365148607653,0.5047292530264221,powerplay,,,,
2019,Y Prithvi Raj,Kolkata Knight Riders,0,12,16.5,3,25.0,6,50.0,0.029134139604215455,0.5847169464725674,0.32389515755297976,0.5961092383488091,-0.27071056423382844,0.34113234027867023,powerplay,,,,
2019,YK Pathan,Sunrisers Hyderabad,0,6,8.0,1,16.67,1,16.67,0.029134139604215455,0.3052450112307434,0.2508203634577939,0.24803808910471534,-0.0832828049926534,0.5285600995198453,powerplay,,,,
2019,YS Chahal,Punjab Kings,1,6,9.0,3,50.0,1,16.67,0.0981743898370866,0.3381240624356639,0.5432072646813889,0.24803808910471534,0.09155411512127155,0.7033970196337702,powerplay,,,,
2019,YS Chahal,Royal Challengers Bengaluru,3,80,7.43,37,46.25,13,16.25,0.2362548903028289,0.2865039520439387,0.5103104486121276,0.24365195401073034,0.31549310321376617,0.9273360077262649,powerplay,,,,
2020,A Mishra,Delhi Capitals,0,18,6.33,7,38.89,1,5.56,0.03745377566438196,0.2288220358337176,0.4639134972832344,0.1035641788458546,0.06023085899551353,0.6720737635080122,powerplay,,,,
2020,A Nortje,Delhi Capitals,6,138,8.52,62,44.93,31,22.46,0.410551821067561,0.33338329406125594,0.5252870056133294,0.3285063234632974,0.5410209215620528,1.1528638260745514,powerplay,,,,
2020,A Nortje,Royal Challengers Bengaluru,0,12,9.0,5,41.67,3,25.0,0.03745377566438196,0.3563008301111274,0.49216156899807945,0.362314196086274,-0.04678412007682174,0.5650587844356769,powerplay,,,,
2020,A Zampa,Royal Challengers Bengaluru,0,12,4.5,6,50.0,1,8.33,0.03745377566438196,0.14144892964358274,0.5768041723738563,0.14043339426539997,0.13041077153385844,0.7422536760463572,powerplay,,,,
2020,Abdul Samad,Sunrisers Hyderabad,0,6,11.0,1,16.67,1,16.67,0.03745377566438196,0.45179056365225834,0.23813214710199052,0.2514403461061972,-0.14856304342019852,0.4632798610923001,powerplay,Abdul Samad,2020.0,2778744.6906,-5.346408539178174
2020,Abhishek Sharma,Sunrisers Hyderabad,1,24,9.75,4,16.67,4,16.67,0.09963678323157847,0.3921094801890515,0.23813214710199052,0.2514403461061972,-0.02544799033780034,0.5863949141746984,powerplay,,,,
2020,AD Russell,Kolkata Knight Riders,0,24,8.25,9,37.5,5,20.83,0.03745377566438196,0.3204921800332033,0.4497894614258118,0.30681072016587535,-0.03049073212546024,0.5813521723870384,powerplay,,,,
2020,AD Russell,Royal Challengers Bengaluru,0,6,6.0,3,50.0,1,16.67,0.03745377566438196,0.21306622979943096,0.5768041723738563,0.2514403461061972,0.0724007310877749,0.6842436356002736,powerplay,,,,
2020,AJ Tye,Rajasthan Royals,0,6,8.0,2,33.33,1,16.67,0.03745377566438196,0.3085559633405619,0.40741735385354416,0.2514403461061972,-0.0261601812388842,0.5856827232736145,powerplay,AJ Tye,2020.0,13893723.453,-0.18828776409275347
2020,AR Patel,Delhi Capitals,4,96,6.31,34,35.42,10,10.42,0.286185805933168,0.22786713849830625,0.42865421352405725,0.16825168315595943,0.4102910670766241,1.0221339715891227,powerplay,,,,
2020,Arshdeep Singh,Punjab Kings,2,60,7.4,27,45.0,11,18.33,0.16181979079877498,0.2799090432782227,0.5259982879946384,0.27353525498578024,0.20586759996028664,0.8177105044727853,powerplay,Arshdeep Singh,2020.0,2778744.6906,7.408654730198863
2020,Arshdeep Singh,Royal Challengers Bengaluru,1,12,10.0,3,25.0,3,25.0,0.09963678323157847,0.4040456968816929,0.3227747504777673,0.362314196086274,-0.028198087667403365,0.5836448168450953,powerplay,Arshdeep Singh,2020.0,2778744.6906,-1.0147779233836234
2020,AS Rajpoot,Punjab Kings,0,13,11.54,3,23.08,4,30.77,0.03745377566438196,0.47757279170836364,0.3032652908761477,0.43911396972193345,-0.17944893903915127,0.4323939654733474,powerplay,,,,
2020,AS Rajpoot,Rajasthan Royals,0,48,11.38,19,39.58,15,31.25,0.03745377566438196,0.4699336130250733,0.4709247093275664,0.44550285903651166,-0.12660930202499615,0.4852336024875025,powerplay,,,,
2020,Avesh Khan,Delhi Capitals,0,6,12.0,2,33.33,2,33.33,0.03745377566438196,0.49953543042282383,0.40741735385354416,0.4731880460663508,-0.1659994547720459,0.44584344974045276,powerplay,,,,
2020,B Kumar,Royal Challengers Bengaluru,0,6,7.0,3,50.0,1,16.67,0.03745377566438196,0.26081109656999646,0.5768041723738563,0.2514403461061972,0.04852829770249214,0.6603712022149908,powerplay,,,,
2020,B Kumar,Sunrisers Hyderabad,1,18,6.67,9,50.0,3,16.67,0.09963678323157847,0.24505529053570985,0.5768041723738563,0.2514403461061972,0.1496807120704302,0.7615236165829289,powerplay,,,,
2020,BA Stokes,Rajasthan Royals,0,24,13.0,7,29.17,8,33.33,0.03745377566438196,0.5472802971933893,0.365146858050035,0.4731880460663508,-0.2025530368983814,0.4092898676141173,powerplay,,,,
2020,Basil Thampi,Sunrisers Hyderabad,0,12,10.0,2,16.67,3,25.0,0.03745377566438196,0.4040456968816929,0.23813214710199052,0.362314196086274,-0.14686538003093116,0.4649775244815675,powerplay,,,,
2020,CH Morris,Royal Challengers Bengaluru,2,48,7.63,21,43.75,6,12.5,0.16181979079877498,0.2908903626354527,0.5132968168998341,0.19593687018579856,0.21208617591322665,0.8239290804257253,powerplay,CH Morris,2020.0,138937234.53,0.15264891130925165
2020,CJ Green,Kolkata Knight Riders,0,6,9.0,3,50.0,2,33.33,0.03745377566438196,0.3563008301111274,0.5768041723738563,0.4731880460663508,-0.04356610906010405,0.5682767954523946,powerplay,CJ Green,2020.0,2778744.6906,-1.5678341809335874
2020,CJ Jordan,Punjab Kings,1,30,10.8,13,43.33,9,30.0,0.09963678323157847,0.4422415902981453,0.5090291226119797,0.42886512644646413,-0.004729908807403857,0.6071129957050948,powerplay,CJ Jordan,2020.0,41681170.359,-0.0113478310869516
2020,CV Varun,Kolkata Knight Riders,1,54,6.44,20,37.04,7,12.96,0.09963678323157847,0.2340739711784798,0.44511532006292376,0.20205955577893608,0.1255408741212177,0.7373837786337164,powerplay,CV Varun,2020.0,55574893.812,0.22589494196048343
2020,CV Varun,Royal Challengers Bengaluru,0,6,11.0,0,0.0,1,16.67,0.03745377566438196,0.45179056365225834,0.0687453285816784,0.2514403461061972,-0.19937908897629214,0.41246381553620654,powerplay,CV Varun,2020.0,55574893.812,-0.35875748076236763
2020,DJ Bravo,Chennai Super Kings,0,6,5.0,2,33.33,0,0.0,0.03745377566438196,0.1653213630288655,0.40741735385354416,0.02955954428532315,0.08983327928113881,0.7016761837936375,powerplay,,,,
2020,DJ Bravo,Punjab Kings,0,6,9.0,2,33.33,1,16.67,0.03745377566438196,0.3563008301111274,0.40741735385354416,0.2514403461061972,-0.05003261462416695,0.5618102898883317,powerplay,,,,
2020,DJ Bravo,Royal Challengers Bengaluru,0,6,10.0,1,16.67,1,16.67,0.03745377566438196,0.4040456968816929,0.23813214710199052,0.2514403461061972,-0.1246906100349158,0.4871522944775829,powerplay,,,,
2020,DL Chahar,Chennai Super Kings,4,108,8.22,36,33.33,20,18.52,0.286185805933168,0.31905983403008636,0.40741735385354416,0.2760641903394675,0.33676115997287853,0.9486040644853773,powerplay,,,,
2020,DL Chahar,Punjab Kings,0,18,7.67,7,38.89,3,16.67,0.03745377566438196,0.29280015730627534,0.4639134972832344,0.2514403461061972,-0.0013334351928338609,0.6105094693196648,powerplay,,,,
2020,DL Chahar,Royal Challengers Bengaluru,1,18,5.33,8,44.44,1,5.56,0.09963678323157847,0.1810771690631521,0.5203080289441661,0.1035641788458546,0.19429616322987053,0.8061390677423692,powerplay,,,,
2020,DR Sams,Delhi Capitals,0,6,5.0,3,50.0,0,0.0,0.03745377566438196,0.1653213630288655,0.5768041723738563,0.02955954428532315,0.14064932483723244,0.7524922293497311,powerplay,,,,
2020,DR Sams,Royal Challengers Bengaluru,0,6,6.0,4,66.67,1,16.67,0.03745377566438196,0.21306622979943096,0.7461909908941683,0.2514403461061972,0.12321677664386851,0.7350596811563672,powerplay,,,,
2020,DS Kulkarni,Mumbai Indians,0,6,10.0,2,33.33,2,33.33,0.03745377566438196,0.4040456968816929,0.40741735385354416,0.4731880460663508,-0.11825458800148042,0.49358831651101825,powerplay,,,,
2020,DW Steyn,Punjab Kings,0,12,8.5,4,33.33,3,25.0,0.03745377566438196,0.3324283967258447,0.40741735385354416,0.362314196086274,-0.06027116792754096,0.5515717365849577,powerplay,DW Steyn,2020.0,27787446.906,-0.21690070387332674
2020,DW Steyn,Royal Challengers Bengaluru,0,18,9.0,7,38.89,3,16.67,0.03745377566438196,0.3563008301111274,0.4639134972832344,0.2514403461061972,-0.03308377159525989,0.5787591329172388,powerplay,DW Steyn,2020.0,27787446.906,-0.11906013426557831
2020,GJ Maxwell,Punjab Kings,0,24,7.25,8,33.33,3,12.5,0.03745377566438196,0.2727473132626378,0.40741735385354416,0.19593687018579856,0.002844838984157577,0.6146877434966562,powerplay,,,,
2020,Harpreet Brar,Punjab Kings,0,6,7.0,2,33.33,1,16.67,0.03745377566438196,0.26081109656999646,0.40741735385354416,0.2514403461061972,-0.002287747853601481,0.6095551566588971,powerplay,,,,
2020,HV Patel,Delhi Capitals,0,24,9.75,6,25.0,6,25.0,0.03745377566438196,0.3921094801890515,0.3227747504777673,0.362314196086274,-0.11550449067187743,0.4963384138406213,powerplay,,,,
2020,I Sharma,Delhi Capitals,0,6,3.0,3,50.0,0,0.0,0.03745377566438196,0.06983162948773454,0.5768041723738563,0.02955954428532315,0.1883941916077979,0.8002370961202966,powerplay,,,,
2020,I Udana,Royal Challengers Bengaluru,2,42,10.43,14,33.33,12,28.57,0.16181979079877498,0.42457598959303605,0.40741735385354416,0.40983156036344975,0.07070058548501776,0.6825434899975165,powerplay,I Udana,2020.0,6946861.7265,1.0177341693058062
2020,Imran Tahir,Chennai Super Kings,0,6,5.0,1,16.67,0,0.0,0.03745377566438196,0.1653213630288655,0.23813214710199052,0.02955954428532315,0.03904771725567272,0.6508906217681714,powerplay,,,,
2020,J Yadav,Mumbai Indians,1,24,4.0,11,45.83,0,0.0,0.09963678323157847,0.11757649625830001,0.5344320648015886,0.02955954428532315,0.24508463730162963,0.8569275418141283,powerplay,,,,
2020,JC Archer,Punjab Kings,0,18,6.67,10,55.56,4,22.22,0.03745377566438196,0.24505529053570985,0.6333003158035464,0.3253118788060082,0.05858073720858027,0.6704236417210789,powerplay,,,,
2020,JC Archer,Rajasthan Royals,5,78,4.62,52,66.67,8,10.26,0.3483688135003645,0.1471783136560506,0.7461909908941683,0.16612205338443337,0.6395969500138853,1.2514398545263838,powerplay,,,,
2020,JD Unadkat,Punjab Kings,0,6,17.0,1,16.67,2,33.33,0.03745377566438196,0.7382597642756512,0.23813214710199052,0.4731880460663508,-0.3361471837239257,0.27569572078857296,powerplay,JD Unadkat,2020.0,41681170.359,-0.806472517035125
2020,JD Unadkat,Rajasthan Royals,1,42,8.43,17,40.48,8,19.05,0.09963678323157847,0.32908625605190506,0.4800697685158256,0.2831185889576477,0.07230925958463331,0.684152164097132,powerplay,JD Unadkat,2020.0,41681170.359,0.17348183595094266
2020,JDS Neesham,Punjab Kings,1,24,9.25,11,45.83,6,25.0,0.09963678323157847,0.3682370468037688,0.5344320648015886,0.362314196086274,0.053203431668705045,0.6650463361812037,powerplay,JDS Neesham,2020.0,6946861.7265,0.7658628278975439
2020,JJ Bumrah,Mumbai Indians,7,90,6.0,56,62.22,14,15.56,0.47273482863475746,0.21306622979943096,0.7009737537966646,0.23666603956623497,0.7655280462781731,1.3773709507906717,powerplay,,,,
2020,JJ Bumrah,Royal Challengers Bengaluru,0,12,7.5,7,58.33,3,25.0,0.03745377566438196,0.2846835299552792,0.6614467757496331,0.362314196086274,0.03981009202656845,0.6516529965390672,powerplay,,,,
2020,JL Pattinson,Mumbai Indians,4,78,8.46,34,43.59,17,21.79,0.286185805933168,0.3305186020550221,0.5116710285996992,0.3195884987950319,0.3536030166931443,0.965445921205643,powerplay,,,,
2020,JL Pattinson,Royal Challengers Bengaluru,0,24,9.75,9,37.5,6,25.0,0.03745377566438196,0.3921094801890515,0.4497894614258118,0.362314196086274,-0.07740007738746409,0.5344428271250345,powerplay,,,,
2020,JO Holder,Punjab Kings,0,6,10.0,2,33.33,2,33.33,0.03745377566438196,0.4040456968816929,0.40741735385354416,0.4731880460663508,-0.11825458800148042,0.49358831651101825,powerplay,,,,
2020,JO Holder,Royal Challengers Bengaluru,2,24,6.25,12,50.0,3,12.5,0.16181979079877498,0.22500244649207232,0.5768041723738563,0.19593687018579856,0.2640823406271235,0.8759252451396222,powerplay,,,,
2020,JO Holder,Sunrisers Hyderabad,0,48,10.13,18,37.5,14,29.17,0.03745377566438196,0.4102525295618664,0.4497894614258118,0.4178176720066726,-0.09757229725795125,0.5142706072545474,powerplay,,,,
2020,JR Hazlewood,Chennai Super Kings,1,42,5.57,24,57.14,6,14.29,0.09963678323157847,0.19253593708808783,0.6493549752673793,0.21976210325474663,0.20404127823258822,0.8158841827450869,powerplay,JR Hazlewood,2020.0,27787446.906,0.7342930026023032
2020,K Gowtham,Punjab Kings,0,12,8.0,3,25.0,2,16.67,0.03745377566438196,0.3085559633405619,0.3227747504777673,0.2514403461061972,-0.051552962251617256,0.5602899422608815,powerplay,,,,
2020,K Rabada,Delhi Capitals,2,108,8.61,43,39.81,22,20.37,0.16181979079877498,0.3376803320706068,0.4732617800090104,0.3006880345727379,0.15573044725101462,0.7675733517635133,powerplay,,,,
2020,K Rabada,Royal Challengers Bengaluru,1,6,6.0,3,50.0,1,16.67,0.09963678323157847,0.21306622979943096,0.5768041723738563,0.2514403461061972,0.16567524243856965,0.7775181469510684,powerplay,,,,
2020,KA Pollard,Mumbai Indians,0,24,7.0,7,29.17,2,8.33,0.03745377566438196,0.26081109656999646,0.365146858050035,0.14043339426539997,0.007232493773505214,0.6190753982860039,powerplay,,,,
2020,Kartik Tyagi,Punjab Kings,0,6,14.0,3,50.0,3,50.0,0.03745377566438196,0.5950251639639548,0.5768041723738563,0.6950688478872248,-0.20730443635069254,0.40453846816180616,powerplay,Kartik Tyagi,2020.0,18061840.4889,-1.1477481294228713
2020,Kartik Tyagi,Rajasthan Royals,3,72,10.25,27,37.5,18,25.0,0.22400279836597145,0.4159819135743343,0.4497894614258118,0.362314196086274,0.19048723997227873,0.8023301444847775,powerplay,Kartik Tyagi,2020.0,18061840.4889,1.0546391442740495
2020,KH Pandya,Mumbai Indians,2,90,5.6,42,46.67,7,7.78,0.16181979079877498,0.19396828309120476,0.5429674533772972,0.13311279192577907,0.28201322228059345,0.8938561267930921,powerplay,,,,
2020,KH Pandya,Royal Challengers Bengaluru,0,18,8.0,5,27.78,3,16.67,0.03745377566438196,0.3085559633405619,0.35102282219261244,0.2514403461061972,-0.043078540737163724,0.5687643637753349,powerplay,,,,
2020,KK Ahmed,Punjab Kings,0,12,7.5,5,41.67,2,16.67,0.03745377566438196,0.2846835299552792,0.49216156899807945,0.2514403461061972,0.011199299997117738,0.6230422045096164,powerplay,,,,
2020,KK Ahmed,Sunrisers Hyderabad,4,78,9.08,37,47.44,19,24.36,0.286185805933168,0.3601204194527726,0.5507915595716967,0.3537956770001696,0.3436968316448408,0.9555397361573394,powerplay,,,,
2020,KL Nagarkoti,Kolkata Knight Riders,0,24,7.25,11,45.83,4,16.67,0.03745377566438196,0.2727473132626378,0.5344320648015886,0.2514403461061972,0.029848557084491155,0.6416914615969899,powerplay,,,,
2020,Kuldeep Yadav,Kolkata Knight Riders,0,6,5.0,2,33.33,0,0.0,0.03745377566438196,0.1653213630288655,0.40741735385354416,0.02955954428532315,0.08983327928113881,0.7016761837936375,powerplay,,,,
2020,KV Sharma,Chennai Super Kings,0,6,12.0,0,0.0,1,16.67,0.03745377566438196,0.49953543042282383,0.0687453285816784,0.2514403461061972,-0.2232515223615749,0.3885913821509238,powerplay,,,,
2020,L Ngidi,Chennai Super Kings,0,18,10.67,7,38.89,5,27.78,0.03745377566438196,0.4360347576179717,0.4639134972832344,0.39931651336653967,-0.10252596880075054,0.5093169357117482,powerplay,,,,
2020,L Ngidi,Punjab Kings,1,6,9.0,3,50.0,2,33.33,0.09963678323157847,0.3563008301111274,0.5768041723738563,0.4731880460663508,0.049708402290690706,0.6615513068031894,powerplay,,,,
2020,LH Ferguson,Kolkata Knight Riders,2,24,5.25,14,58.33,3,12.5,0.16181979079877498,0.17725757972150685,0.6614467757496331,0.19593687018579856,0.3133475550251393,0.9251904595376379,powerplay,,,,
2020,M Ashwin,Punjab Kings,0,42,7.43,16,38.1,7,16.67,0.03745377566438196,0.28134138928133956,0.45588616755131794,0.2514403461061972,0.0019877499000590867,0.6138306544125578,powerplay,,,,
2020,M Ashwin,Royal Challengers Bengaluru,1,6,6.0,3,50.0,1,16.67,0.09963678323157847,0.21306622979943096,0.5768041723738563,0.2514403461061972,0.16567524243856965,0.7775181469510684,powerplay,,,,
2020,M Prasidh Krishna,Kolkata Knight Riders,0,61,9.84,22,36.07,16,26.23,0.03745377566438196,0.3964065181984024,0.43525897849335554,0.3786857249548808,-0.08718204704559776,0.5246608574669009,powerplay,,,,
2020,M Prasidh Krishna,Royal Challengers Bengaluru,0,12,10.5,2,16.67,3,25.0,0.03745377566438196,0.42791813026697567,0.23813214710199052,0.362314196086274,-0.15880159672357255,0.45304130778892615,powerplay,,,,
2020,MJ Santner,Chennai Super Kings,0,6,15.0,2,33.33,3,50.0,0.03745377566438196,0.6427700307345203,0.40741735385354416,0.6950688478872248,-0.28199291529206894,0.32984998922042974,powerplay,,,,
2020,MJ Santner,Royal Challengers Bengaluru,1,12,6.0,3,25.0,1,8.33,0.09963678323157847,0.21306622979943096,0.3227747504777673,0.14043339426539997,0.11166780623790243,0.7235107107504011,powerplay,,,,
2020,MM Ali,Royal Challengers Bengaluru,0,6,5.0,1,16.67,0,0.0,0.03745377566438196,0.1653213630288655,0.23813214710199052,0.02955954428532315,0.03904771725567272,0.6508906217681714,powerplay,,,,
2020,MM Sharma,Delhi Capitals,1,12,7.0,6,50.0,1,8.33,0.09963678323157847,0.26081109656999646,0.5768041723738563,0.14043339426539997,0.16400419942144634,0.775847103933945,powerplay,MM Sharma,2020.0,6946861.7265,2.360838690596418
2020,Mohammed Shami,Punjab Kings,7,162,7.48,87,53.7,31,19.14,0.47273482863475746,0.2837286326198679,0.6144005268144775,0.2843165057041311,0.6946947835457193,1.306537688058218,powerplay,,,,
2020,Mohammed Shami,Royal Challengers Bengaluru,0,12,10.5,2,16.67,3,25.0,0.03745377566438196,0.42791813026697567,0.23813214710199052,0.362314196086274,-0.15880159672357255,0.45304130778892615,powerplay,,,,
2020,Mohammed Siraj,Royal Challengers Bengaluru,7,84,8.07,44,52.38,19,22.62,0.47273482863475746,0.3118981040145015,0.600987773338364,0.3306359532348235,0.6673223322994299,1.2791652368119286,powerplay,,,,
2020,Monu Kumar,Royal Challengers Bengaluru,0,6,7.0,4,66.67,1,16.67,0.03745377566438196,0.26081109656999646,0.7461909908941683,0.2514403461061972,0.09934434325858577,0.7111872477710844,powerplay,,,,
2020,MP Stoinis,Delhi Capitals,3,36,7.0,11,30.56,4,11.11,0.22400279836597145,0.26081109656999646,0.3792708939074575,0.17743571154566568,0.28389277512706307,0.8957356796395617,powerplay,MP Stoinis,2020.0,66689872.5744,0.4256909845049546
2020,Mujeeb Ur Rahman,Punjab Kings,0,18,8.33,6,33.33,2,11.11,0.03745377566438196,0.3243117693748485,0.40741735385354416,0.17743571154566568,-0.019237157343921202,0.5926057471685775,powerplay,,,,
2020,Navdeep Saini,Punjab Kings,0,12,8.0,5,41.67,2,16.67,0.03745377566438196,0.3085559633405619,0.49216156899807945,0.2514403461061972,-0.000736916695523622,0.611105987816975,powerplay,,,,
2020,Navdeep Saini,Royal Challengers Bengaluru,3,102,7.0,52,50.98,17,16.67,0.22400279836597145,0.26081109656999646,0.586762125712183,0.2514403461061972,0.33133921775637437,0.943182122268873,powerplay,,,,
2020,NM Coulter-Nile,Mumbai Indians,1,42,7.29,24,57.14,8,19.05,0.09963678323157847,0.27465710793346043,0.6493549752673793,0.2831185889576477,0.15030939566932172,0.7621523001818205,powerplay,NM Coulter-Nile,2020.0,111149787.624,0.1352313835972334
2020,P Dubey,Delhi Capitals,0,6,4.0,2,33.33,0,0.0,0.03745377566438196,0.11757649625830001,0.40741735385354416,0.02955954428532315,0.11370571266642154,0.7255486171789203,powerplay,,,,
2020,PJ Cummins,Kolkata Knight Riders,6,138,7.35,66,47.83,23,16.67,0.410551821067561,0.2775217999396944,0.5547544185532758,0.2514403461061972,0.5932050879762376,1.2050479924887363,powerplay,PJ Cummins,2020.0,215352713.5215,0.2754574475872644
2020,PJ Cummins,Royal Challengers Bengaluru,0,12,6.0,6,50.0,2,16.67,0.03745377566438196,0.21306622979943096,0.5768041723738563,0.2514403461061972,0.0724007310877749,0.6842436356002736,powerplay,PJ Cummins,2020.0,215352713.5215,0.033619604742313444
2020,PP Chawla,Chennai Super Kings,1,12,8.0,3,25.0,2,16.67,0.09963678323157847,0.3085559633405619,0.3227747504777673,0.2514403461061972,0.0417215490991775,0.6535644536116761,powerplay,,,,
2020,R Ashwin,Delhi Capitals,7,96,6.81,40,41.67,13,13.54,0.47273482863475746,0.251739571883589,0.49216156899807945,0.2097794637007181,0.688925034969622,1.3007679394821205,powerplay,,,,
2020,R Ashwin,Royal Challengers Bengaluru,0,12,6.0,4,33.33,1,8.33,0.03745377566438196,0.21306622979943096,0.40741735385354416,0.14043339426539997,0.04378607589984071,0.6556289804123394,powerplay,,,,
2020,R Tewatia,Rajasthan Royals,1,30,6.8,12,40.0,3,10.0,0.09963678323157847,0.25126212321588337,0.4751924036154207,0.16266140500570347,0.1338495533229115,0.7456924578354102,powerplay,,,,
2020,RA Jadeja,Chennai Super Kings,0,30,9.8,5,16.67,6,20.0,0.03745377566438196,0.39449672352757986,0.23813214710199052,0.2957632657260838,-0.1287807072818366,0.48306219723066207,powerplay,,,,
2020,Rashid Khan,Punjab Kings,0,6,9.0,2,33.33,1,16.67,0.03745377566438196,0.3563008301111274,0.40741735385354416,0.2514403461061972,-0.05003261462416695,0.5618102898883317,powerplay,,,,
2020,Rashid Khan,Royal Challengers Bengaluru,0,6,6.0,0,0.0,0,0.0,0.03745377566438196,0.21306622979943096,0.0687453285816784,0.02955954428532315,-0.035640761685703654,0.576202142826795,powerplay,,,,
2020,Rashid Khan,Sunrisers Hyderabad,3,18,5.0,8,44.44,1,5.56,0.22400279836597145,0.1653213630288655,0.5203080289441661,0.1035641788458546,0.3887230889486033,1.000565993461102,powerplay,,,,
2020,Ravi Bishnoi,Punjab Kings,1,42,9.29,21,50.0,10,23.81,0.09963678323157847,0.37014684147459137,0.5768041723738563,0.3464750746605487,0.06812799089011913,0.6799708954026178,powerplay,,,,
2020,Ravi Bishnoi,Royal Challengers Bengaluru,0,6,8.0,2,33.33,1,16.67,0.03745377566438196,0.3085559633405619,0.40741735385354416,0.2514403461061972,-0.0261601812388842,0.5856827232736145,powerplay,,,,
2020,RD Chahar,Mumbai Indians,1,36,6.67,17,47.22,5,13.89,0.09963678323157847,0.24505529053570985,0.5485561006590112,0.21443802882593144,0.14860675401202983,0.7604496585245285,powerplay,,,,
2020,RD Chahar,Royal Challengers Bengaluru,0,6,14.0,1,16.67,3,50.0,0.03745377566438196,0.5950251639639548,0.23813214710199052,0.6950688478872248,-0.3089060439322523,0.3029368605802464,powerplay,,,,
2020,S Gopal,Punjab Kings,0,12,8.5,1,8.33,1,8.33,0.03745377566438196,0.3324283967258447,0.1533879319574552,0.14043339426539997,-0.09210383413219284,0.5197390703803059,powerplay,,,,
2020,S Gopal,Rajasthan Royals,2,90,7.0,31,34.44,12,13.33,0.16181979079877498,0.26081109656999646,0.41869626018573053,0.20698432462559013,0.19653615104376537,0.808379055556264,powerplay,,,,
2020,S Kaul,Sunrisers Hyderabad,1,12,14.0,3,25.0,6,50.0,0.09963678323157847,0.5950251639639548,0.3227747504777673,0.6950688478872248,-0.19023875156872444,0.42160415294377424,powerplay,,,,
2020,S Nadeem,Royal Challengers Bengaluru,0,12,6.5,2,16.67,1,8.33,0.03745377566438196,0.2369386631847137,0.23813214710199052,0.14043339426539997,-0.018935702818266755,0.592907201694232,powerplay,,,,
2020,S Nadeem,Sunrisers Hyderabad,1,24,9.25,10,41.67,5,20.83,0.09963678323157847,0.3682370468037688,0.49216156899807945,0.30681072016587535,0.05162297811173206,0.6634658826242308,powerplay,,,,
2020,S Sandeep Warrier,Kolkata Knight Riders,0,6,16.0,2,33.33,4,66.67,0.03745377566438196,0.6905148975050858,0.40741735385354416,0.9169496497080988,-0.3502415090415264,0.2616013954709723,powerplay,,,,
2020,Sandeep Sharma,Punjab Kings,1,12,8.5,6,50.0,2,16.67,0.09963678323157847,0.3324283967258447,0.5768041723738563,0.2514403461061972,0.1059941589753628,0.7178370634878615,powerplay,,,,
2020,Sandeep Sharma,Royal Challengers Bengaluru,2,36,5.83,16,44.44,4,11.11,0.16181979079877498,0.20494960244843485,0.5203080289441661,0.17743571154566568,0.26086015134806173,0.8727030558605604,powerplay,,,,
2020,Sandeep Sharma,Sunrisers Hyderabad,4,84,7.64,34,40.48,16,19.05,0.286185805933168,0.2913678113031583,0.4800697685158256,0.2831185889576477,0.37099201601139103,0.9828349205238898,powerplay,,,,
2020,Shivam Mavi,Kolkata Knight Riders,5,84,7.29,39,46.43,14,16.67,0.3483688135003645,0.27465710793346043,0.5405287709270948,0.2514403461061972,0.49709522834070546,1.1089381328532042,powerplay,,,,
2020,SM Curran,Chennai Super Kings,2,96,6.5,47,48.96,15,15.63,0.16181979079877498,0.2369386631847137,0.566236548422979,0.23759775259127763,0.24661176861444378,0.8584546731269425,powerplay,SM Curran,2020.0,76415478.9915,0.3227248875085575
2020,SM Curran,Punjab Kings,0,24,8.75,5,20.83,5,20.83,0.03745377566438196,0.34436461341848607,0.28040264290549965,0.30681072016587535,-0.09324299437419528,0.5185999101383034,powerplay,SM Curran,2020.0,76415478.9915,-0.12202108212207512
2020,SM Curran,Royal Challengers Bengaluru,1,24,7.0,7,29.17,2,8.33,0.09963678323157847,0.26081109656999646,0.365146858050035,0.14043339426539997,0.10050700512429997,0.7123499096367987,powerplay,SM Curran,2020.0,76415478.9915,0.13152702364854607
2020,SN Thakur,Chennai Super Kings,1,30,9.2,12,40.0,7,23.33,0.09963678323157847,0.3658498034652405,0.4751924036154207,0.3400861853459704,0.04107075713017956,0.6529136616426783,powerplay,,,,
2020,SN Thakur,Punjab Kings,0,18,7.0,6,33.33,3,16.67,0.03745377566438196,0.26081109656999646,0.40741735385354416,0.2514403461061972,-0.002287747853601481,0.6095551566588971,powerplay,,,,
2020,SN Thakur,Royal Challengers Bengaluru,0,6,11.0,2,33.33,2,33.33,0.03745377566438196,0.45179056365225834,0.40741735385354416,0.4731880460663508,-0.14212702138676314,0.46971588312573553,powerplay,,,,
2020,SP Narine,Kolkata Knight Riders,0,42,8.43,9,21.43,6,14.29,0.03745377566438196,0.32908625605190506,0.2864993490310058,0.21976210325474663,-0.06636508047102717,0.5454778240414715,powerplay,,,,
2020,SS Cottrell,Punjab Kings,2,48,8.5,24,50.0,11,22.92,0.16181979079877498,0.3324283967258447,0.5768041723738563,0.3346290090564349,0.18263093773611005,0.7944738422486087,powerplay,SS Cottrell,2020.0,118096649.3505,0.15464531698446263
2020,T Natarajan,Royal Challengers Bengaluru,0,18,7.33,8,44.44,4,22.22,0.03745377566438196,0.27656690260428307,0.5203080289441661,0.3253118788060082,0.008927245116479562,0.6207701496289783,powerplay,,,,
2020,T Natarajan,Sunrisers Hyderabad,3,96,6.5,47,48.96,15,15.63,0.22400279836597145,0.2369386631847137,0.566236548422979,0.23759775259127763,0.33988627996523846,0.9517291844777371,powerplay,,,,
2020,TA Boult,Mumbai Indians,8,114,7.84,61,53.51,29,25.44,0.534917836201954,0.30091678465727145,0.6124699032080672,0.3681706779579707,0.7620251973451212,1.37386810185762,powerplay,,,,
2020,TA Boult,Royal Challengers Bengaluru,0,12,10.0,6,50.0,3,25.0,0.03745377566438196,0.4040456968816929,0.5768041723738563,0.362314196086274,-0.04526377244937145,0.5665791320631273,powerplay,,,,
2020,TK Curran,Rajasthan Royals,0,24,10.25,11,45.83,7,29.17,0.03745377566438196,0.4159819135743343,0.5344320648015886,0.4178176720066726,-0.07504420825145217,0.5367986962610465,powerplay,TK Curran,2020.0,13893723.453,-0.5401302862066701
2020,TU Deshpande,Delhi Capitals,0,24,13.0,8,33.33,10,41.67,0.03745377566438196,0.5472802971933893,0.40741735385354416,0.584194997907148,-0.21207327852548807,0.3997696259870106,powerplay,TU Deshpande,2020.0,2778744.6906,-7.631981421067374
2020,TU Deshpande,Delhi Capitals,0,24,13.0,8,33.33,10,41.67,0.03745377566438196,0.5472802971933893,0.40741735385354416,0.584194997907148,-0.21207327852548807,0.3997696259870106,powerplay,TU Deshpande,2020.0,2778744.6906,-7.631981421067374
2020,UT Yadav,Punjab Kings,0,6,9.0,3,50.0,2,33.33,0.03745377566438196,0.3563008301111274,0.5768041723738563,0.4731880460663508,-0.04356610906010405,0.5682767954523946,powerplay,,,,
2020,UT Yadav,Royal Challengers Bengaluru,0,12,11.0,6,50.0,4,33.33,0.03745377566438196,0.45179056365225834,0.5768041723738563,0.4731880460663508,-0.09131097583066952,0.5205319286818292,powerplay,,,,
2020,V Shankar,Sunrisers Hyderabad,0,12,4.5,6,50.0,1,8.33,0.03745377566438196,0.14144892964358274,0.5768041723738563,0.14043339426539997,0.13041077153385844,0.7422536760463572,powerplay,,,,
2020,VR Aaron,Punjab Kings,0,18,11.0,9,50.0,4,22.22,0.03745377566438196,0.45179056365225834,0.5768041723738563,0.3253118788060082,-0.06173574237860101,0.5501071621338977,powerplay,,,,
2020,VR Aaron,Rajasthan Royals,0,18,14.0,5,27.78,7,38.89,0.03745377566438196,0.5950251639639548,0.35102282219261244,0.5471926806268822,-0.24546360795299715,0.3663792965595015,powerplay,,,,
2020,Washington Sundar,Royal Challengers Bengaluru,4,126,6.48,55,43.65,15,11.9,0.286185805933168,0.23598376584930242,0.5122806992122497,0.18795075854257576,0.4273808840302606,1.0392237885427593,powerplay,,,,
2020,YS Chahal,Punjab Kings,1,6,7.0,2,33.33,1,16.67,0.09963678323157847,0.26081109656999646,0.40741735385354416,0.2514403461061972,0.09098676349719328,0.7028296680096919,powerplay,,,,
2020,YS Chahal,Royal Challengers Bengaluru,3,54,7.22,18,33.33,7,12.96,0.22400279836597145,0.27131496725952087,0.40741735385354416,0.20205955577893608,0.28216000891947274,0.8940029134319714,powerplay,,,,
2021,A Mishra,Delhi Capitals,0,12,8.0,4,33.33,2,16.67,0.025186216229723273,0.3129450331912276,0.4014099914247413,0.25237219918921083,-0.048744634661448655,0.56309826985105,powerplay,,,,
2021,A Mishra,Royal Challengers Bengaluru,0,6,11.0,0,0.0,1,16.67,0.025186216229723273,0.4566350417498003,0.0513313305090506,0.25237219918921083,-0.22561323721544221,0.38622966729705643,powerplay,,,,
2021,A Nortje,Delhi Capitals,3,42,4.0,20,47.62,0,0.0,0.22789138824403804,0.12135835511313055,0.5515037227324288,0.015494604031396707,0.44351010082294107,1.0553530053354399,powerplay,,,,
2021,Abhishek Sharma,Sunrisers Hyderabad,0,12,9.5,4,33.33,3,25.0,0.025186216229723273,0.38479003747051393,0.4014099914247413,0.3707399476993843,-0.10834068650312655,0.5035022180093721,powerplay,,,,
2021,AD Russell,Royal Challengers Bengaluru,0,6,6.0,1,16.67,0,0.0,0.025186216229723273,0.21715169415217908,0.22642317801773842,0.015494604031396707,-0.005968490132462452,0.6058744143800362,powerplay,,,,
2021,AF Milne,Mumbai Indians,2,42,9.71,16,38.1,10,23.81,0.1603229975725998,0.394848338069614,0.4515112579284271,0.35383026934078804,0.10774765083446321,0.7195905553469619,powerplay,AF Milne,2021.0,42435730.6976,0.25390784855875476
2021,AF Milne,Royal Challengers Bengaluru,0,6,13.0,1,16.67,2,33.33,0.025186216229723273,0.5524283807888488,0.22642317801773842,0.4891076962095577,-0.26832945188642954,0.34351345262606914,powerplay,AF Milne,2021.0,42435730.6976,-0.6323196218737556
2021,AK Markram,Punjab Kings,0,12,6.0,3,25.0,1,8.33,0.025186216229723273,0.21715169415217908,0.3139165847212399,0.13386235254157014,-0.003394017823446692,0.608448886689052,powerplay,,,,
2021,Akash Singh,Rajasthan Royals,0,6,8.0,2,33.33,1,16.67,0.025186216229723273,0.3129450331912276,0.4014099914247413,0.25237219918921083,-0.048744634661448655,0.56309826985105,powerplay,,,,
2021,AR Patel,Delhi Capitals,3,66,6.91,28,42.42,9,13.64,0.22789138824403804,0.26073766341494614,0.4968859898562934,0.2093164635366507,0.31867075490814184,0.9305136594206405,powerplay,,,,
2021,Arshdeep Singh,Punjab Kings,8,102,6.47,41,40.2,12,11.76,0.5657333416012293,0.23966312882635546,0.473568419282251,0.18260201369281806,0.8343185710347779,1.4461614755472767,powerplay,Arshdeep Singh,2021.0,2652233.1686,31.45721050895306
2021,Arshdeep Singh,Royal Challengers Bengaluru,0,12,13.0,5,41.67,4,33.33,0.025186216229723273,0.5524283807888488,0.4890084322299277,0.4891076962095577,-0.18955387562277276,0.4222890288897259,powerplay,Arshdeep Singh,2021.0,2652233.1686,-7.146953664063786
2021,AU Rashid,Punjab Kings,0,6,11.0,3,50.0,2,33.33,0.025186216229723273,0.4566350417498003,0.5765018389334291,0.4891076962095577,-0.11540918409219804,0.49643372042030065,powerplay,,,,
2021,Avesh Khan,Delhi Capitals,5,120,6.95,58,48.33,20,16.67,0.3630281695869146,0.2626535301957271,0.5589611439520549,0.25237219918921083,0.5304293926302825,1.1422722971427812,powerplay,,,,
2021,Avesh Khan,Royal Challengers Bengaluru,1,12,5.5,8,66.67,2,16.67,0.09275460690116154,0.19320335939241692,0.751593686442117,0.25237219918921083,0.21753389675032675,0.8293768012628254,powerplay,,,,
2021,B Kumar,Royal Challengers Bengaluru,1,6,4.0,3,50.0,0,0.0,0.09275460690116154,0.12135835511313055,0.5765018389334291,0.015494604031396707,0.24830436366892641,0.8601472681814251,powerplay,,,,
2021,B Kumar,Sunrisers Hyderabad,2,102,6.53,54,52.94,16,15.69,0.1603229975725998,0.24253692899752696,0.6073818648287826,0.2384465817174257,0.25374127496528587,0.8655841794777845,powerplay,,,,
2021,C Sakariya,Rajasthan Royals,3,120,7.3,53,44.17,19,15.83,0.22789138824403804,0.27941736452756055,0.5152669576511466,0.24043595564196643,0.30862129626922746,0.9204642007817261,powerplay,C Sakariya,2021.0,15913399.0116,1.9393801163677185
2021,CH Morris,Rajasthan Royals,2,84,8.21,31,36.9,15,17.86,0.1603229975725998,0.3230033337903277,0.438907165726242,0.269281877547807,0.156798603672047,0.7686415081845457,powerplay,CH Morris,2021.0,215493944.94875,0.0727624173891929
2021,CJ Jordan,Punjab Kings,1,12,10.0,4,33.33,3,25.0,0.09275460690116154,0.40873837223027604,0.4014099914247413,0.3707399476993843,-0.01896226787585019,0.5928806366366485,powerplay,,,,
2021,CR Woakes,Delhi Capitals,3,24,6.25,14,58.33,5,20.83,0.22789138824403804,0.22912586153206013,0.6639952456369306,0.31148502437556397,0.36417572041599333,0.976018624928492,powerplay,,,,
2021,CV Varun,Kolkata Knight Riders,3,102,6.65,42,41.18,14,13.73,0.22789138824403804,0.24828452933986983,0.4838617612473688,0.21059534677385547,0.32073427671556165,0.9325771812280603,powerplay,,,,
2021,CV Varun,Royal Challengers Bengaluru,2,12,5.0,3,25.0,0,0.0,0.1603229975725998,0.16925502463265482,0.3139165847212399,0.015494604031396707,0.2469330386526649,0.8587759431651636,powerplay,,,,
2021,DJ Bravo,Chennai Super Kings,1,12,4.0,7,58.33,0,0.0,0.09275460690116154,0.12135835511313055,0.6639952456369306,0.015494604031396707,0.27455238567997686,0.8863952901924755,powerplay,,,,
2021,DJ Hooda,Punjab Kings,1,24,6.0,10,41.67,3,12.5,0.09275460690116154,0.21715169415217908,0.4890084322299277,0.19311727586539046,0.13863513777155295,0.7504780422840516,powerplay,,,,
2021,DL Chahar,Chennai Super Kings,9,156,8.85,65,41.67,38,24.36,0.6333017322726676,0.35365720228282316,0.4890084322299277,0.3616456669014838,0.8474973935562714,1.4593402980687702,powerplay,,,,
2021,DL Chahar,Royal Challengers Bengaluru,0,6,10.0,2,33.33,2,33.33,0.025186216229723273,0.40873837223027604,0.4014099914247413,0.4891076962095577,-0.14398840358504228,0.4678545009274564,powerplay,,,,
2021,DR Sams,Royal Challengers Bengaluru,0,12,6.5,6,50.0,2,16.67,0.025186216229723273,0.24110002891194118,0.5765018389334291,0.25237219918921083,0.03970542173080088,0.6515483262432995,powerplay,,,,
2021,DS Kulkarni,Mumbai Indians,0,12,8.5,6,50.0,3,25.0,0.025186216229723273,0.3368933679509897,0.5765018389334291,0.3707399476993843,-0.031864797490758046,0.5799781070217407,powerplay,,,,
2021,DT Christian,Royal Challengers Bengaluru,0,12,13.0,2,16.67,5,41.67,0.025186216229723273,0.5524283807888488,0.22642317801773842,0.6076175428571985,-0.2920314212159577,0.31981148329654097,powerplay,DT Christian,2021.0,63653596.0464,-0.4587822830984799
2021,FA Allen,Punjab Kings,0,12,9.0,6,50.0,3,25.0,0.025186216229723273,0.3608417027107518,0.5765018389334291,0.3707399476993843,-0.0438389648706391,0.5680039396418596,powerplay,FA Allen,2021.0,9945874.38225,-0.440775372639702
2021,GHS Garton,Royal Challengers Bengaluru,1,54,11.67,14,25.93,15,27.78,0.09275460690116154,0.48872581032788154,0.3236847561779333,0.4102432299152645,-0.09017421394187139,0.5216686905706273,powerplay,,,,
2021,GJ Maxwell,Royal Challengers Bengaluru,0,18,10.67,4,22.22,4,22.22,0.025186216229723273,0.44082914080835733,0.2847171044528444,0.331236665483504,-0.16346744782044123,0.4483754566920575,powerplay,,,,
2021,Harbhajan Singh,Kolkata Knight Riders,0,6,14.0,2,33.33,3,50.0,0.025186216229723273,0.600325050308373,0.4014099914247413,0.7259852913673718,-0.2871572616556536,0.3246856428568451,powerplay,,,,
2021,Harbhajan Singh,Royal Challengers Bengaluru,0,6,3.0,4,66.67,0,0.0,0.025186216229723273,0.0734616855936063,0.751593686442117,0.015494604031396707,0.2234276666741375,0.8352705711866362,powerplay,,,,
2021,Harpreet Brar,Punjab Kings,1,24,6.5,11,45.83,2,8.33,0.09275460690116154,0.24110002891194118,0.5327026185308359,0.13386235254157014,0.15162021094670844,0.7634631154592071,powerplay,,,,
2021,Harpreet Brar,Royal Challengers Bengaluru,0,6,2.0,4,66.67,0,0.0,0.025186216229723273,0.02556501607408208,0.751593686442117,0.015494604031396707,0.24737600143389962,0.8592189059463983,powerplay,,,,
2021,HV Patel,Royal Challengers Bengaluru,1,42,7.29,14,33.33,5,11.9,0.09275460690116154,0.27893839783236535,0.4014099914247413,0.1845913876173588,0.08316743133951027,0.695010335852009,powerplay,,,,
2021,I Sharma,Delhi Capitals,0,18,10.0,3,16.67,4,22.22,0.025186216229723273,0.40873837223027604,0.22642317801773842,0.331236665483504,-0.1649102414619324,0.4469326630505663,powerplay,,,,
2021,I Sharma,Royal Challengers Bengaluru,1,12,4.5,7,58.33,1,8.33,0.09275460690116154,0.1453066898728927,0.6639952456369306,0.13386235254157014,0.23890466859806112,0.8507475731105598,powerplay,,,,
2021,IC Porel,Punjab Kings,0,12,13.0,4,33.33,5,41.67,0.025186216229723273,0.5524283807888488,0.4014099914247413,0.6076175428571985,-0.2395353771938568,0.37230752731864186,powerplay,,,,
2021,J Suchith,Sunrisers Hyderabad,0,12,8.0,4,33.33,2,16.67,0.025186216229723273,0.3129450331912276,0.4014099914247413,0.25237219918921083,-0.048744634661448655,0.56309826985105,powerplay,J Suchith,2021.0,3978349.7529,-1.2252475948329196
2021,J Yadav,Mumbai Indians,1,42,9.86,16,38.1,10,23.81,0.09275460690116154,0.4020328384975426,0.4515112579284271,0.35383026934078804,0.002802814613341517,0.6146457191258402,powerplay,,,,
2021,JA Richardson,Punjab Kings,0,24,10.25,12,50.0,7,29.17,0.025186216229723273,0.4207125396101571,0.5765018389334291,0.42999487102320466,-0.08562536798510582,0.5262175365273929,powerplay,JA Richardson,2021.0,185656321.80200002,-0.04612036215843171
2021,Jalaj S Saxena,Punjab Kings,0,6,10.0,2,33.33,2,33.33,0.025186216229723273,0.40873837223027604,0.4014099914247413,0.4891076962095577,-0.14398840358504228,0.4678545009274564,powerplay,Jalaj S Saxena,2021.0,3978349.7529,-3.6192997732309125
2021,JD Unadkat,Rajasthan Royals,3,72,7.83,30,41.67,14,19.44,0.22789138824403804,0.30480259937290843,0.4890084322299277,0.2917333832676238,0.2777916356950563,0.889634540207555,powerplay,,,,
2021,JDS Neesham,Mumbai Indians,2,12,5.5,5,41.67,1,8.33,0.1603229975725998,0.19320335939241692,0.4890084322299277,0.13386235254157014,0.26381287582335544,0.8756557803358541,powerplay,JDS Neesham,2021.0,6630582.9215,3.978728249788248
2021,JJ Bumrah,Mumbai Indians,2,114,7.05,57,50.0,18,15.79,0.1603229975725998,0.2674431971476795,0.5765018389334291,0.23986756309209764,0.23173993684666916,0.8435828413591678,powerplay,,,,
2021,JJ Bumrah,Royal Challengers Bengaluru,1,12,9.5,5,41.67,3,25.0,0.09275460690116154,0.38479003747051393,0.4890084322299277,0.3707399476993843,0.019291431745586757,0.6311343362580855,powerplay,,,,
2021,JO Holder,Royal Challengers Bengaluru,0,12,8.0,5,41.67,2,16.67,0.025186216229723273,0.3129450331912276,0.4890084322299277,0.25237219918921083,-0.02246510241989276,0.5893778020926059,powerplay,,,,
2021,JO Holder,Sunrisers Hyderabad,3,60,7.6,28,46.67,12,20.0,0.22789138824403804,0.29378636538341785,0.5415254830723656,0.2996908789657868,0.2974633688029004,0.9093062733153991,powerplay,,,,
2021,JR Hazlewood,Chennai Super Kings,4,108,9.0,50,46.3,28,25.93,0.2954597789154763,0.3608417027107518,0.5376392213100252,0.38395507448383337,0.34726956851407953,0.9591124730265782,powerplay,,,,
2021,JR Hazlewood,Royal Challengers Bengaluru,0,18,7.33,6,33.33,2,11.11,0.025186216229723273,0.2808542646131463,0.4014099914247413,0.1733656347574504,-0.01689793748605592,0.5949449670264427,powerplay,,,,
2021,K Rabada,Delhi Capitals,4,96,7.5,44,45.83,16,16.67,0.2954597789154763,0.28899669843146547,0.5327026185308359,0.25237219918921083,0.40802766487889036,1.019870569391389,powerplay,,,,
2021,K Rabada,Royal Challengers Bengaluru,0,6,10.0,2,33.33,2,33.33,0.025186216229723273,0.40873837223027604,0.4014099914247413,0.4891076962095577,-0.14398840358504228,0.4678545009274564,powerplay,,,,
2021,K Yadav,Rajasthan Royals,0,12,8.5,4,33.33,3,25.0,0.025186216229723273,0.3368933679509897,0.4014099914247413,0.3707399476993843,-0.08439235174336439,0.5274505527691343,powerplay,,,,
2021,KA Jamieson,Royal Challengers Bengaluru,4,96,9.19,45,46.88,25,26.04,0.2954597789154763,0.3699420699194614,0.5437311992077479,0.38551815399597256,0.3442343623766137,0.9560772668891124,powerplay,KA Jamieson,2021.0,198917487.645,0.1730538458192046
2021,KA Pollard,Mumbai Indians,2,6,8.0,2,33.33,1,16.67,0.1603229975725998,0.3129450331912276,0.4014099914247413,0.25237219918921083,0.15396053735286613,0.7658034418653648,powerplay,,,,
2021,Kartik Tyagi,Rajasthan Royals,1,36,9.0,18,50.0,7,19.44,0.09275460690116154,0.3608417027107518,0.5765018389334291,0.2917333832676238,0.07331493402287037,0.685157838535369,powerplay,,,,
2021,KH Pandya,Mumbai Indians,3,78,7.08,28,35.9,9,11.54,0.22789138824403804,0.2688800972332652,0.4284037555577544,0.17947585466853974,0.30002298948304273,0.9118658939955414,powerplay,,,,
2021,KH Pandya,Royal Challengers Bengaluru,0,6,4.0,2,33.33,0,0.0,0.025186216229723273,0.12135835511313055,0.4014099914247413,0.015494604031396707,0.09442422340916269,0.7062671279216614,powerplay,,,,
2021,KK Ahmed,Sunrisers Hyderabad,2,60,8.0,26,43.33,12,20.0,0.1603229975725998,0.3129450331912276,0.506444093109617,0.2996908789657868,0.17600703190301364,0.7878499364155123,powerplay,,,,
2021,KM Asif,Chennai Super Kings,1,6,8.0,2,33.33,1,16.67,0.09275460690116154,0.3129450331912276,0.4014099914247413,0.25237219918921083,0.05260795134570874,0.6644508558582074,powerplay,,,,
2021,KW Richardson,Royal Challengers Bengaluru,0,6,10.0,3,50.0,2,33.33,0.025186216229723273,0.40873837223027604,0.5765018389334291,0.4891076962095577,-0.09146084933243594,0.5203820551800628,powerplay,,,,
2021,L Ngidi,Chennai Super Kings,1,18,11.0,7,38.89,5,27.78,0.09275460690116154,0.4566350417498003,0.45980895196153226,0.4102432299152645,-0.033291570917751076,0.5785513335947476,powerplay,,,,
2021,Lalit Yadav,Delhi Capitals,1,18,7.33,5,27.78,2,11.11,0.09275460690116154,0.2808542646131463,0.3431160649896353,0.1733656347574504,0.06696647059056968,0.6788093751030684,powerplay,,,,
2021,LH Ferguson,Kolkata Knight Riders,3,54,6.0,26,48.15,7,12.96,0.22789138824403804,0.21715169415217908,0.5570705301217271,0.19965379018888146,0.36045163628870935,0.972294540801208,powerplay,,,,
2021,LH Ferguson,Royal Challengers Bengaluru,2,24,7.5,7,29.17,4,16.67,0.1603229975725998,0.28899669843146547,0.35771580512383305,0.25237219918921083,0.1528264488424747,0.7646693533549733,powerplay,,,,
2021,LI Meriwala,Delhi Capitals,0,12,14.0,4,33.33,4,33.33,0.025186216229723273,0.600325050308373,0.4014099914247413,0.4891076962095577,-0.23978174262409074,0.37206116188840793,powerplay,,,,
2021,M Ashwin,Punjab Kings,0,12,7.5,3,25.0,1,8.33,0.025186216229723273,0.28899669843146547,0.3139165847212399,0.13386235254157014,-0.03931651996308989,0.5725263845494087,powerplay,,,,
2021,M Jansen,Mumbai Indians,0,18,10.33,6,33.33,5,27.78,0.025186216229723273,0.42454427317171906,0.4014099914247413,0.4102432299152645,-0.13611846079690512,0.4757244437155935,powerplay,M Jansen,2021.0,2652233.1686,-5.132220741691283
2021,M Prasidh Krishna,Kolkata Knight Riders,1,42,8.57,22,52.38,8,19.05,0.09275460690116154,0.3402461348173564,0.6014999551344297,0.2861915559064032,0.09222051830211236,0.704063422814611,powerplay,,,,
2021,M Prasidh Krishna,Royal Challengers Bengaluru,1,18,8.0,10,55.56,3,16.67,0.09275460690116154,0.3129450331912276,0.63490079947022,0.25237219918921083,0.12265519375935235,0.734498098271851,powerplay,,,,
2021,MC Henriques,Punjab Kings,0,18,5.0,11,61.11,2,11.11,0.025186216229723273,0.16925502463265482,0.693194725905326,0.1733656347574504,0.12643710284836523,0.738280007360864,powerplay,MC Henriques,2021.0,55696896.5406,0.22700924234835862
2021,MK Lomror,Rajasthan Royals,1,12,5.5,7,58.33,2,16.67,0.09275460690116154,0.19320335939241692,0.6639952456369306,0.25237219918921083,0.1912543645087708,0.8030972690212694,powerplay,,,,
2021,MM Ali,Chennai Super Kings,0,6,4.0,2,33.33,0,0.0,0.025186216229723273,0.12135835511313055,0.4014099914247413,0.015494604031396707,0.09442422340916269,0.7062671279216614,powerplay,MM Ali,2021.0,92828160.90100001,0.10171937318661829
2021,Mohammad Nabi,Sunrisers Hyderabad,0,12,10.0,4,33.33,4,33.33,0.025186216229723273,0.40873837223027604,0.4014099914247413,0.4891076962095577,-0.14398840358504228,0.4678545009274564,powerplay,,,,
2021,Mohammed Shami,Punjab Kings,2,126,6.52,68,53.97,23,18.25,0.1603229975725998,0.24205796230233165,0.6182003773023248,0.27482370490902763,0.24995088741662574,0.8617937919291244,powerplay,,,,
2021,Mohammed Shami,Royal Challengers Bengaluru,0,12,7.0,3,25.0,1,8.33,0.025186216229723273,0.2650483636717033,0.3139165847212399,0.13386235254157014,-0.027342352583208808,0.5845005519292898,powerplay,,,,
2021,Mohammed Siraj,Royal Challengers Bengaluru,4,138,6.96,67,48.55,24,17.39,0.2954597789154763,0.26313249689092233,0.5612718941891222,0.26260326508684884,0.42748433516712026,1.039327239679619,powerplay,,,,
2021,MP Stoinis,Delhi Capitals,1,24,8.0,4,16.67,3,12.5,0.09275460690116154,0.3129450331912276,0.22642317801773842,0.19311727586539046,0.011962891988371943,0.6238057965008706,powerplay,,,,
2021,Mujeeb Ur Rahman,Sunrisers Hyderabad,0,6,13.0,1,16.67,2,33.33,0.025186216229723273,0.5524283807888488,0.22642317801773842,0.4891076962095577,-0.26832945188642954,0.34351345262606914,powerplay,Mujeeb Ur Rahman,2021.0,13261165.843,-2.023422789996018
2021,Mujeeb Ur Rahman,Sunrisers Hyderabad,0,6,13.0,1,16.67,2,33.33,0.025186216229723273,0.5524283807888488,0.22642317801773842,0.4891076962095577,-0.26832945188642954,0.34351345262606914,powerplay,Mujeeb Ur Rahman,2021.0,19891748.7645,-1.3489485266640118
2021,Mustafizur Rahman,Rajasthan Royals,5,108,7.83,45,41.67,18,16.67,0.3630281695869146,0.30480259937290843,0.4890084322299277,0.25237219918921083,0.4883690445250538,1.1002119490375524,powerplay,,,,
2021,Navdeep Saini,Royal Challengers Bengaluru,0,18,13.33,3,16.67,6,33.33,0.025186216229723273,0.5682342817302918,0.22642317801773842,0.4891076962095577,-0.276232402357151,0.33561050215534766,powerplay,,,,
2021,NM Coulter-Nile,Mumbai Indians,2,30,8.2,12,40.0,7,23.33,0.1603229975725998,0.3225243670951324,0.47146773724855345,0.34700955874236267,0.15126072223742698,0.7631036267499256,powerplay,NM Coulter-Nile,2021.0,66305829.215,0.22812582849534457
2021,NT Ellis,Punjab Kings,0,18,6.0,10,55.56,3,16.67,0.025186216229723273,0.21715169415217908,0.63490079947022,0.25237219918921083,0.0691992772717192,0.6810421817842178,powerplay,,,,
2021,PJ Cummins,Kolkata Knight Riders,1,48,8.0,22,45.83,10,20.83,0.09275460690116154,0.3129450331912276,0.5327026185308359,0.31148502437556397,0.08017317444026648,0.6920160789527652,powerplay,,,,
2021,PJ Cummins,Royal Challengers Bengaluru,0,6,9.0,2,33.33,1,16.67,0.025186216229723273,0.3608417027107518,0.4014099914247413,0.25237219918921083,-0.07269296942121074,0.539149935091288,powerplay,,,,
2021,PP Chawla,Mumbai Indians,0,6,16.0,1,16.67,3,50.0,0.025186216229723273,0.6961183893474215,0.22642317801773842,0.7259852913673718,-0.38754997519727874,0.22429292931521994,powerplay,,,,
2021,PWH de Silva,Royal Challengers Bengaluru,0,12,9.5,4,33.33,3,25.0,0.025186216229723273,0.38479003747051393,0.4014099914247413,0.3707399476993843,-0.10834068650312655,0.5035022180093721,powerplay,,,,
2021,R Ashwin,Delhi Capitals,1,102,7.35,39,38.24,15,14.71,0.09275460690116154,0.28181219800353674,0.4529817353520153,0.22452096424564058,0.0892161391064504,0.7010590436189491,powerplay,,,,
2021,R Tewatia,Rajasthan Royals,1,30,7.8,7,23.33,5,16.67,0.09275460690116154,0.3033656992873227,0.2963758897398656,0.25237219918921083,0.025887387792198457,0.6377302923046971,powerplay,,,,
2021,RA Jadeja,Chennai Super Kings,1,36,5.83,10,27.78,2,5.56,0.09275460690116154,0.20900926033385994,0.3431160649896353,0.09450116846315712,0.11866186598907148,0.7305047705015701,powerplay,,,,
2021,RA Jadeja,Royal Challengers Bengaluru,0,6,6.0,3,50.0,1,16.67,0.025186216229723273,0.21715169415217908,0.5765018389334291,0.25237219918921083,0.051679589110681934,0.6635224936231806,powerplay,,,,
2021,Rashid Khan,Sunrisers Hyderabad,4,48,6.88,20,41.67,7,14.58,0.2954597789154763,0.2593007633293604,0.4890084322299277,0.22267368845856705,0.41570707868579915,1.027549983198298,powerplay,,,,
2021,Ravi Bishnoi,Punjab Kings,3,30,5.0,11,36.67,1,3.33,0.22789138824403804,0.16925502463265482,0.43649138138748983,0.06281328380797263,0.37559432770438206,0.9874372322168807,powerplay,,,,
2021,Ravi Bishnoi,Royal Challengers Bengaluru,0,6,10.0,3,50.0,2,33.33,0.025186216229723273,0.40873837223027604,0.5765018389334291,0.4891076962095577,-0.09146084933243594,0.5203820551800628,powerplay,,,,
2021,RD Chahar,Mumbai Indians,0,18,5.0,5,27.78,0,0.0,0.025186216229723273,0.16925502463265482,0.3431160649896353,0.015494604031396707,0.05298771071886875,0.6648306152313674,powerplay,,,,
2021,RD Chahar,Royal Challengers Bengaluru,0,6,10.0,3,50.0,1,16.67,0.025186216229723273,0.40873837223027604,0.5765018389334291,0.25237219918921083,-0.04411374992836656,0.5677291545841321,powerplay,,,,
2021,RP Meredith,Punjab Kings,1,30,8.8,12,40.0,8,26.67,0.09275460690116154,0.351262368806847,0.47146773724855345,0.39447033665640585,0.02604697979160364,0.6378898843041023,powerplay,RP Meredith,2021.0,106089326.744,0.024551932405468636
2021,S Gopal,Rajasthan Royals,0,18,10.33,5,27.78,5,27.78,0.025186216229723273,0.42454427317171906,0.3431160649896353,0.4102432299152645,-0.1536066387274369,0.45823626578506177,powerplay,,,,
2021,S Kaul,Sunrisers Hyderabad,1,54,9.78,20,37.04,15,27.78,0.09275460690116154,0.39820110493598065,0.44037764314983024,0.4102432299152645,-0.009903995154351877,0.6019389093581468,powerplay,,,,
2021,S Nadeem,Royal Challengers Bengaluru,1,12,5.5,6,50.0,1,8.33,0.09275460690116154,0.19320335939241692,0.5765018389334291,0.13386235254157014,0.18870831182724854,0.8005512163397472,powerplay,,,,
2021,S Sandeep Warrier,Kolkata Knight Riders,0,6,10.0,2,33.33,2,33.33,0.025186216229723273,0.40873837223027604,0.4014099914247413,0.4891076962095577,-0.14398840358504228,0.4678545009274564,powerplay,,,,
2021,Sandeep Sharma,Sunrisers Hyderabad,0,54,7.0,25,46.3,11,20.37,0.025186216229723273,0.2650483636717033,0.5376392213100252,0.304948510052073,0.0055572068913261885,0.6174001114038249,powerplay,,,,
2021,Shahbaz Ahmed,Royal Challengers Bengaluru,0,24,9.25,6,25.0,5,20.83,0.025186216229723273,0.37281587009063283,0.3139165847212399,0.31148502437556397,-0.11675064015947234,0.49509226435302633,powerplay,,,,
2021,Shakib Al Hasan,Kolkata Knight Riders,1,54,8.11,16,29.63,8,14.81,0.09275460690116154,0.31821366683837515,0.3625473738013373,0.22594194562031253,0.04360089994889339,0.655443804461392,powerplay,Shakib Al Hasan,2021.0,42435730.6976,0.10274572684890587
2021,Shakib Al Hasan,Royal Challengers Bengaluru,0,18,9.33,4,22.22,4,22.22,0.025186216229723273,0.3766476036521948,0.2847171044528444,0.331236665483504,-0.13137667924236,0.4804662252701387,powerplay,Shakib Al Hasan,2021.0,42435730.6976,-0.3095897657060731
2021,Shivam Mavi,Kolkata Knight Riders,4,78,5.77,43,55.13,11,14.1,0.2954597789154763,0.20613546016268847,0.6303843330977704,0.2158529778601417,0.48606664264917304,1.0979095471616718,powerplay,,,,
2021,Shivam Mavi,Royal Challengers Bengaluru,0,12,11.5,4,33.33,3,25.0,0.025186216229723273,0.4805833765095624,0.4014099914247413,0.3707399476993843,-0.15623735602265076,0.4556055484898479,powerplay,,,,
2021,SM Curran,Chennai Super Kings,4,114,8.26,47,41.23,22,19.3,0.2954597789154763,0.3253981672663039,0.48438693175579317,0.28974400934308314,0.36785786239818385,0.9797007669106825,powerplay,,,,
2021,SN Thakur,Chennai Super Kings,6,84,8.21,39,46.43,19,22.62,0.43059656025835286,0.3230033337903277,0.5390046646319285,0.33692059098219185,0.5787104546855056,1.1905533591980042,powerplay,,,,
2021,SN Thakur,Royal Challengers Bengaluru,0,6,10.0,1,16.67,1,16.67,0.025186216229723273,0.40873837223027604,0.22642317801773842,0.25237219918921083,-0.14913734820307378,0.4627055563094249,powerplay,,,,
2021,SP Narine,Kolkata Knight Riders,1,90,9.27,26,28.89,17,18.89,0.09275460690116154,0.37377380348102335,0.3547748502766565,0.2839179857069281,0.0018938665528419538,0.6137367710653406,powerplay,,,,
2021,SP Narine,Royal Challengers Bengaluru,0,6,7.0,2,33.33,1,16.67,0.025186216229723273,0.2650483636717033,0.4014099914247413,0.25237219918921083,-0.024796299901686525,0.5870466046108122,powerplay,,,,
2021,T Natarajan,Royal Challengers Bengaluru,0,6,11.0,1,16.67,2,33.33,0.025186216229723273,0.4566350417498003,0.22642317801773842,0.4891076962095577,-0.22043278236690525,0.39141012214559345,powerplay,,,,
2021,T Natarajan,Sunrisers Hyderabad,0,6,12.0,2,33.33,2,33.33,0.025186216229723273,0.5045317112693246,0.4014099914247413,0.4891076962095577,-0.19188507310456654,0.41995783140793214,powerplay,,,,
2021,T Shamsi,Rajasthan Royals,0,6,6.0,0,0.0,0,0.0,0.025186216229723273,0.21715169415217908,0.0513313305090506,0.015494604031396707,-0.05849604438506879,0.5533468601274298,powerplay,,,,
2021,TA Boult,Mumbai Indians,3,90,8.47,39,43.33,20,22.22,0.22789138824403804,0.33545646786540395,0.506444093109617,0.331236665483504,0.25979474326953933,0.871637647782038,powerplay,,,,
2021,TA Boult,Royal Challengers Bengaluru,0,6,5.0,4,66.67,1,16.67,0.025186216229723273,0.16925502463265482,0.751593686442117,0.25237219918921083,0.12815547812305042,0.7399983826355491,powerplay,,,,
2021,TG Southee,Kolkata Knight Riders,0,24,8.5,11,45.83,6,25.0,0.025186216229723273,0.3368933679509897,0.5327026185308359,0.3707399476993843,-0.045004563611536014,0.5668383409009626,powerplay,,,,
2021,TK Curran,Delhi Capitals,0,6,3.0,3,50.0,0,0.0,0.025186216229723273,0.0734616855936063,0.5765018389334291,0.015494604031396707,0.17090011242153114,0.7827430169340298,powerplay,TK Curran,2021.0,69621120.67575,0.24547164820496492
2021,Umran Malik,Sunrisers Hyderabad,1,24,9.75,8,33.33,6,25.0,0.09275460690116154,0.396764204850395,0.4014099914247413,0.3707399476993843,-0.012975184185909663,0.598867720326589,powerplay,,,,
2021,V Shankar,Sunrisers Hyderabad,1,18,9.67,8,44.44,3,16.67,0.09275460690116154,0.3929324712888331,0.5181028783966383,0.25237219918921083,0.04762209838847506,0.6594650029009738,powerplay,,,,
2021,Washington Sundar,Royal Challengers Bengaluru,1,24,7.0,11,45.83,4,16.67,0.09275460690116154,0.2650483636717033,0.5327026185308359,0.25237219918921083,0.11594407423729924,0.7277869787497979,powerplay,,,,
2021,YS Chahal,Royal Challengers Bengaluru,3,84,7.5,33,39.29,13,15.48,0.22789138824403804,0.28899669843146547,0.4640103160289273,0.2354625208306146,0.2894493237928795,0.9012922283053781,powerplay,,,,
2022,A Nortje,Delhi Capitals,3,60,9.4,26,43.33,16,26.67,0.18373112663511315,0.3757737079445631,0.4643774065783422,0.38162546960385646,0.15069796403311952,0.7625408685456182,powerplay,,,,
2022,AD Russell,Kolkata Knight Riders,3,30,6.8,16,53.33,4,13.33,0.18373112663511315,0.25946279834267455,0.5588934809185703,0.20361881318874436,0.2728095724191546,0.8846524769316533,powerplay,,,,
2022,AF Milne,Chennai Super Kings,0,12,6.0,9,75.0,2,16.67,0.02315715819191071,0.22367482615747802,0.7637098140138446,0.24818719642910977,0.10237382912745849,0.7142167336399572,powerplay,AF Milne,2022.0,23631790.5652,0.4332038608966577
2022,AJ Tye,Lucknow Super Giants,0,24,9.25,10,41.67,7,29.17,0.02315715819191071,0.3690634631598388,0.44868773823786434,0.41498503789754315,-0.09818668040020266,0.5136562241122961,powerplay,,,,
2022,AK Markram,Sunrisers Hyderabad,0,6,7.0,2,33.33,1,16.67,0.02315715819191071,0.2684097913889737,0.36986133223811407,0.24818719642910977,-0.03814819802100852,0.5736947064914901,powerplay,AK Markram,2022.0,32338239.7208,-0.1179662169319363
2022,Akash Deep,Royal Challengers Bengaluru,2,42,9.29,14,33.33,8,19.05,0.13020647048737902,0.37085286176909854,0.36986133223811407,0.2799455054446995,0.06485257342901359,0.6766954779415123,powerplay,Akash Deep,2022.0,2487556.9016,2.6070789933408287
2022,Aman Hakim Khan,Kolkata Knight Riders,0,6,13.0,1,16.67,2,33.33,0.02315715819191071,0.5368195827779474,0.21239755238729416,0.47049535953823773,-0.26405386029256694,0.34778904421993173,powerplay,,,,
2022,AR Patel,Delhi Capitals,3,78,6.15,33,42.31,8,10.26,0.18373112663511315,0.23038507094220242,0.454736766995639,0.16265326332409713,0.2642945319154408,0.8761374364279395,powerplay,AR Patel,2022.0,2487556.9016,10.62466276632491
2022,AR Patel,Royal Challengers Bengaluru,0,6,7.0,2,33.33,1,16.67,0.02315715819191071,0.2684097913889737,0.36986133223811407,0.24818719642910977,-0.03814819802100852,0.5736947064914901,powerplay,AR Patel,2022.0,2487556.9016,-1.533560820115172
2022,Arshdeep Singh,Punjab Kings,3,84,8.43,36,42.86,19,22.62,0.18373112663511315,0.33238079167001233,0.4599351510843515,0.32758296896808403,0.18187024564935222,0.7937131501618508,powerplay,Arshdeep Singh,2022.0,6218892.254000001,2.924479766189437
2022,Arshdeep Singh,Punjab Kings,3,84,8.43,36,42.86,19,22.62,0.18373112663511315,0.33238079167001233,0.4599351510843515,0.32758296896808403,0.18187024564935222,0.7937131501618508,powerplay,Arshdeep Singh,2022.0,2487556.9016,7.3111994154735935
2022,Arshdeep Singh,Punjab Kings,3,84,8.43,36,42.86,19,22.62,0.18373112663511315,0.33238079167001233,0.4599351510843515,0.32758296896808403,0.18187024564935222,0.7937131501618508,powerplay,Arshdeep Singh,2022.0,2487556.9016,7.3111994154735935
2022,Arshdeep Singh,Royal Challengers Bengaluru,0,12,8.5,6,50.0,1,8.33,0.02315715819191071,0.3355122392362171,0.5274196281632744,0.136899676601371,-0.002174429201534392,0.6096684753109642,powerplay,Arshdeep Singh,2022.0,6218892.254000001,-0.03496489588054522
2022,Arshdeep Singh,Royal Challengers Bengaluru,0,12,8.5,6,50.0,1,8.33,0.02315715819191071,0.3355122392362171,0.5274196281632744,0.136899676601371,-0.002174429201534392,0.6096684753109642,powerplay,Arshdeep Singh,2022.0,2487556.9016,-0.08741223970136305
2022,Arshdeep Singh,Royal Challengers Bengaluru,0,12,8.5,6,50.0,1,8.33,0.02315715819191071,0.3355122392362171,0.5274196281632744,0.136899676601371,-0.002174429201534392,0.6096684753109642,powerplay,Arshdeep Singh,2022.0,2487556.9016,-0.08741223970136305
2022,AS Joseph,Gujarat Titans,1,60,9.6,28,46.67,16,26.67,0.07668181433964487,0.38472070099086225,0.4959457754079784,0.38162546960385646,-0.0048789902843416055,0.6069639142281571,powerplay,AS Joseph,2022.0,29850682.8192,-0.01634465219403099
2022,AS Joseph,Royal Challengers Bengaluru,0,6,13.0,2,33.33,3,50.0,0.02315715819191071,0.5368195827779474,0.36986133223811407,0.6929369609205405,-0.2613030466137815,0.35053985789871717,powerplay,AS Joseph,2022.0,29850682.8192,-0.8753670667985893
2022,AS Roy,Kolkata Knight Riders,0,24,7.75,7,29.17,3,12.5,0.02315715819191071,0.30196101531259534,0.3305426453125792,0.1925434365152404,-0.055590664077705916,0.5562522404347927,powerplay,AS Roy,2022.0,2487556.9016,-2.234749446010659
2022,Avesh Khan,Lucknow Super Giants,8,96,7.69,52,54.17,23,23.96,0.4513544073737839,0.29927691739870566,0.5668328311631495,0.34546369757350004,0.628350262195568,1.2401931667080666,powerplay,,,,
2022,Avesh Khan,Royal Challengers Bengaluru,0,18,6.0,11,61.11,3,16.67,0.02315715819191071,0.22367482615747802,0.6324269867552677,0.24818719642910977,0.06298898094988538,0.674831885462384,powerplay,,,,
2022,B Kumar,Royal Challengers Bengaluru,0,18,5.0,8,44.44,1,5.56,0.02315715819191071,0.1789398609259824,0.4748686908301075,0.09993727493196615,0.06773895908751389,0.6795818636000126,powerplay,B Kumar,2022.0,52238694.9336,0.12967199730700793
2022,B Kumar,Sunrisers Hyderabad,2,78,7.0,35,44.87,11,14.1,0.13020647048737902,0.2684097913889737,0.4789328820267373,0.21389356022319983,0.16200596259996292,0.7738488671124616,powerplay,B Kumar,2022.0,52238694.9336,0.310126359025406
2022,Basil Thampi,Mumbai Indians,0,24,11.25,11,45.83,7,29.17,0.02315715819191071,0.45853339362283,0.4880064251633992,0.41498503789754315,-0.1311260395540378,0.4807168649584609,powerplay,Basil Thampi,2022.0,3731335.3524,-3.514185329648736
2022,C Sakariya,Delhi Capitals,2,24,6.25,11,45.83,2,8.33,0.13020647048737902,0.23485856746535194,0.4880064251633992,0.136899676601371,0.1969024142271381,0.8087453187396367,powerplay,C Sakariya,2022.0,52238694.9336,0.376928279845847
2022,CJ Jordan,Chennai Super Kings,0,24,5.75,13,54.17,2,8.33,0.02315715819191071,0.21249108484960413,0.5668328311631495,0.136899676601371,0.07116010889173464,0.6830030134042333,powerplay,CJ Jordan,2022.0,44776024.2288,0.15892458099476453
2022,CV Varun,Kolkata Knight Riders,0,48,7.63,18,37.5,7,14.58,0.02315715819191071,0.29659281948481586,0.40927453523798923,0.2202985973355877,-0.03483803135026264,0.577004873162236,powerplay,,,,
2022,DJ Bravo,Chennai Super Kings,1,24,8.0,12,50.0,5,20.83,0.07668181433964487,0.31314475662046926,0.5274196281632744,0.30369751806980433,0.055936728034254105,0.6677796325467528,powerplay,,,,
2022,DJ Mitchell,Rajasthan Royals,0,6,20.0,0,0.0,4,66.67,0.02315715819191071,0.8499643393984166,0.05483925646213393,0.9153785623028433,-0.5568703679332707,0.05497253657922796,powerplay,DJ Mitchell,2022.0,9328338.381000001,-5.969663033102515
2022,DJ Willey,Royal Challengers Bengaluru,1,42,7.0,14,33.33,5,11.9,0.07668181433964487,0.2684097913889737,0.36986133223811407,0.18453714012475558,0.054868797461463545,0.6667117019739622,powerplay,DJ Willey,2022.0,24875569.016000003,0.2205730346355971
2022,DR Sams,Mumbai Indians,5,90,8.53,36,40.0,17,18.89,0.2907804389305815,0.3368542881931619,0.4329035538230463,0.27781049307390354,0.3420524818314244,0.953895386343923,powerplay,DR Sams,2022.0,32338239.7208,1.057733769013456
2022,FA Allen,Mumbai Indians,1,6,11.0,3,50.0,2,33.33,0.07668181433964487,0.44734965231495605,0.5274196281632744,0.47049535953823773,-0.04452528810667597,0.5673176164058227,powerplay,FA Allen,2022.0,9328338.381000001,-0.47731210305755273
2022,Fazalhaq Farooqi,Royal Challengers Bengaluru,0,6,6.0,3,50.0,1,16.67,0.02315715819191071,0.22367482615747802,0.5274196281632744,0.24818719642910977,0.031486773372287405,0.6433296778847861,powerplay,Fazalhaq Farooqi,2022.0,6218892.254000001,0.506308392013627
2022,Fazalhaq Farooqi,Sunrisers Hyderabad,1,18,7.0,7,38.89,2,11.11,0.07668181433964487,0.2684097913889737,0.422412269571281,0.1739955165439506,0.0727424033775746,0.6845853078900732,powerplay,Fazalhaq Farooqi,2022.0,6218892.254000001,1.1697003325758952
2022,GJ Maxwell,Royal Challengers Bengaluru,2,42,5.14,24,57.14,3,7.14,0.13020647048737902,0.18520275605839182,0.5949041052421973,0.12102052209357617,0.2569754548558166,0.8688183593683152,powerplay,,,,
2022,Harpreet Brar,Punjab Kings,0,18,12.0,6,33.33,6,33.33,0.02315715819191071,0.4920846175464517,0.36986133223811407,0.47049535953823773,-0.19444724372157313,0.41739566079092555,powerplay,,,,
2022,Harshit Rana,Kolkata Knight Riders,1,12,11.5,6,50.0,4,33.33,0.07668181433964487,0.4697171349307039,0.5274196281632744,0.47049535953823773,-0.05570902941454989,0.5561338750979488,powerplay,,,,
2022,HH Pandya,Gujarat Titans,2,72,5.33,36,50.0,8,11.11,0.13020647048737902,0.193702399452376,0.5274196281632744,0.1739955165439506,0.2218852911450727,0.8337281956575714,powerplay,,,,
2022,HR Shokeen,Mumbai Indians,1,36,7.0,22,61.11,7,19.44,0.07668181433964487,0.2684097913889737,0.6324269867552677,0.2851495980985146,0.11351600222185781,0.7253589067343564,powerplay,HR Shokeen,2022.0,2487556.9016,4.5633529889846605
2022,HV Patel,Royal Challengers Bengaluru,1,36,6.0,14,38.89,4,11.11,0.07668181433964487,0.22367482615747802,0.422412269571281,0.1739955165439506,0.09510988599332243,0.706952790505821,powerplay,HV Patel,2022.0,133706183.46100001,0.0711334984900414
2022,J Suchith,Royal Challengers Bengaluru,0,18,8.67,7,38.89,2,11.11,0.02315715819191071,0.34311718332557134,0.422412269571281,0.1739955165439506,-0.04489827681232544,0.5669446277001733,powerplay,J Suchith,2022.0,2487556.9016,-1.8049145643039082
2022,J Suchith,Sunrisers Hyderabad,1,12,9.0,4,33.33,2,16.67,0.07668181433964487,0.35787972185196487,0.36986133223811407,0.24818719642910977,-0.0025961790309028815,0.6092467254815958,powerplay,J Suchith,2022.0,2487556.9016,-0.10436661887947228
2022,JD Unadkat,Mumbai Indians,0,36,7.67,18,50.0,6,16.67,0.02315715819191071,0.29838221809407567,0.5274196281632744,0.24818719642910977,-0.005866922596011417,0.6059759819164873,powerplay,JD Unadkat,2022.0,16169119.8604,-0.03628473687290904
2022,JJ Bumrah,Mumbai Indians,5,120,7.05,64,53.33,20,16.67,0.2907804389305815,0.2706465396505484,0.5588934809185703,0.24818719642910977,0.41887799356034716,1.030720898072846,powerplay,,,,
2022,JO Holder,Lucknow Super Giants,1,66,10.0,24,36.36,17,25.76,0.07668181433964487,0.4026146870834605,0.39849970276320323,0.36948258674495454,-0.0406312285522929,0.5712116759602057,powerplay,JO Holder,2022.0,108830614.44500001,-0.0373343739346678
2022,JR Hazlewood,Royal Challengers Bengaluru,7,150,6.88,77,51.33,26,17.33,0.39782975122604974,0.26304159556119416,0.5399902660505247,0.256994122458643,0.5758220843819063,1.1876649888944049,powerplay,JR Hazlewood,2022.0,96392829.937,0.5973702450257447
2022,K Gowtham,Lucknow Super Giants,0,12,11.0,5,41.67,5,41.67,0.02315715819191071,0.44734965231495605,0.44868773823786434,0.5817828793659765,-0.170689343271448,0.44115356124105065,powerplay,K Gowtham,2022.0,11194006.0572,-1.5248280410002135
2022,K Kartikeya,Mumbai Indians,1,12,10.5,3,25.0,3,25.0,0.07668181433964487,0.4249821696992083,0.2911294423127041,0.35934127798367377,-0.0819977862430604,0.5298451182694383,powerplay,,,,
2022,K Rabada,Punjab Kings,10,156,8.38,72,46.15,35,22.44,0.5584037196692522,0.3301440434084376,0.49103093954228655,0.32518108005093865,0.7548066236521577,1.3666495281646562,powerplay,K Rabada,2022.0,115049506.699,0.6560711517233462
2022,KA Pollard,Mumbai Indians,0,6,7.0,2,33.33,1,16.67,0.02315715819191071,0.2684097913889737,0.36986133223811407,0.24818719642910977,-0.03814819802100852,0.5736947064914901,powerplay,,,,
2022,Kartik Tyagi,Royal Challengers Bengaluru,0,6,17.0,1,16.67,3,50.0,0.02315715819191071,0.7157594437039297,0.21239755238729416,0.6929369609205405,-0.39801211103201867,0.21383079348048,powerplay,Kartik Tyagi,2022.0,49751138.032000005,-0.8000060436326436
2022,Kartik Tyagi,Sunrisers Hyderabad,0,6,11.0,3,50.0,2,33.33,0.02315715819191071,0.44734965231495605,0.5274196281632744,0.47049535953823773,-0.12481227232827721,0.4870306321842215,powerplay,Kartik Tyagi,2022.0,49751138.032000005,-0.25087320062507473
2022,KH Pandya,Lucknow Super Giants,0,48,8.13,13,27.08,8,16.67,0.02315715819191071,0.3189603021005637,0.31078878577547153,0.24818719642910977,-0.08114521731559628,0.5306976871969024,powerplay,KH Pandya,2022.0,102611722.191,-0.07907987078177454
2022,KH Pandya,Royal Challengers Bengaluru,1,24,8.75,6,25.0,5,20.83,0.07668181433964487,0.346695980544091,0.2911294423127041,0.30369751806980433,-0.031725939682727855,0.5801169648297708,powerplay,KH Pandya,2022.0,102611722.191,-0.03091843602787763
2022,KK Ahmed,Delhi Capitals,4,84,6.5,42,50.0,11,13.1,0.2372557827828473,0.24604230877322586,0.5274196281632744,0.20054973290572517,0.35097846165549534,0.9628213661679941,powerplay,KK Ahmed,2022.0,65298368.667,0.5374995866211741
2022,KK Ahmed,Royal Challengers Bengaluru,1,12,5.5,7,58.33,2,16.67,0.07668181433964487,0.20130734354173024,0.6061515180886843,0.24818719642910977,0.1465770658793855,0.7584199703918841,powerplay,KK Ahmed,2022.0,65298368.667,0.2244727837335108
2022,KL Nagarkoti,Delhi Capitals,0,6,16.0,2,33.33,3,50.0,0.02315715819191071,0.6710244784724342,0.36986133223811407,0.6929369609205405,-0.3284054944610249,0.28343741005147377,powerplay,KL Nagarkoti,2022.0,13681562.958800001,-2.400350716142369
2022,KR Sen,Rajasthan Royals,4,42,8.43,19,45.24,9,21.43,0.2372557827828473,0.33238079167001233,0.4824299767773258,0.3117038144602892,0.27208150848040463,0.8839244129929034,powerplay,,,,
2022,Kuldeep Yadav,Delhi Capitals,1,18,5.67,8,44.44,2,11.11,0.07668181433964487,0.2089122876310845,0.4748686908301075,0.1739955165439506,0.11822808163416718,0.7300709861466659,powerplay,Kuldeep Yadav,2022.0,2487556.9016,4.752778983995209
2022,Kuldeep Yadav,Delhi Capitals,1,18,5.67,8,44.44,2,11.11,0.07668181433964487,0.2089122876310845,0.4748686908301075,0.1739955165439506,0.11822808163416718,0.7300709861466659,powerplay,Kuldeep Yadav,2022.0,24875569.016000003,0.47527789839952084
2022,Lalit Yadav,Delhi Capitals,1,42,6.86,18,42.86,6,14.29,0.07668181433964487,0.2621468962565643,0.4599351510843515,0.21642888741352,0.0786440412237866,0.6904869457362852,powerplay,Lalit Yadav,2022.0,8084559.9302,0.9727683621963213
2022,LH Ferguson,Gujarat Titans,6,78,8.46,33,42.31,18,23.08,0.3443050950783156,0.3337228406269573,0.454736766995639,0.33372112953412236,0.41927302649586196,1.0311159310083606,powerplay,LH Ferguson,2022.0,124377845.08,0.33709622981985654
2022,M Ashwin,Mumbai Indians,2,72,7.75,28,38.89,12,16.67,0.13020647048737902,0.30196101531259534,0.422412269571281,0.24818719642910977,0.12141543966033319,0.7332583441728319,powerplay,M Ashwin,2022.0,19900455.2128,0.6101138811248831
2022,M Jansen,Royal Challengers Bengaluru,3,18,6.0,12,66.67,3,16.67,0.18373112663511315,0.22367482615747802,0.6849779240884346,0.24818719642910977,0.31961521481463917,0.9314581193271378,powerplay,M Jansen,2022.0,52238694.9336,0.6118361402804919
2022,M Jansen,Sunrisers Hyderabad,2,108,7.78,51,47.22,18,16.67,0.13020647048737902,0.3033030642695403,0.5011441594966909,0.24818719642910977,0.1443639821594837,0.7562068866719824,powerplay,M Jansen,2022.0,52238694.9336,0.27635449611247576
2022,M Markande,Mumbai Indians,0,12,4.5,4,33.33,0,0.0,0.02315715819191071,0.15657237831023463,0.36986133223811407,0.025745595046807016,0.062258828794821565,0.6741017333073203,powerplay,M Markande,2022.0,8084559.9302,0.7700954576668142
2022,M Prasidh Krishna,Rajasthan Royals,9,198,6.88,116,58.59,36,18.18,0.504879063521518,0.26304159556119416,0.6086089360215303,0.2683363756784965,0.7547132031724397,1.3665561076849384,powerplay,M Prasidh Krishna,2022.0,124377845.08,0.606790705118751
2022,M Prasidh Krishna,Royal Challengers Bengaluru,1,18,7.33,11,61.11,5,27.78,0.07668181433964487,0.28317232991536717,0.6324269867552677,0.39643711792625336,0.08387722899311331,0.695720133505612,powerplay,M Prasidh Krishna,2022.0,124377845.08,0.0674374354525626
2022,M Theekshana,Chennai Super Kings,6,84,8.36,27,32.14,15,17.86,0.3443050950783156,0.32924934410380763,0.35861391939162696,0.2640663509369046,0.4066038761956768,1.0184467807081754,powerplay,M Theekshana,2022.0,8706449.1556,4.670145876107811
2022,M Theekshana,Royal Challengers Bengaluru,0,6,6.0,0,0.0,0,0.0,0.02315715819191071,0.22367482615747802,0.05483925646213393,0.025745595046807016,-0.06579901786159417,0.5460438866509045,powerplay,M Theekshana,2022.0,8706449.1556,-0.7557503258291258
2022,MJ Santner,Chennai Super Kings,0,48,7.25,21,43.75,9,18.75,0.02315715819191071,0.27959353269684756,0.46834708170063183,0.2759423572494571,-0.019745376000259593,0.5920975285122391,powerplay,MJ Santner,2022.0,23631790.5652,-0.08355429498997205
2022,MK Lomror,Royal Challengers Bengaluru,0,12,9.0,3,25.0,2,16.67,0.02315715819191071,0.35787972185196487,0.2911294423127041,0.24818719642910977,-0.10650273023012709,0.5053401742823715,powerplay,MK Lomror,2022.0,11815895.2826,-0.901351338031594
2022,MM Ali,Chennai Super Kings,0,6,6.0,3,50.0,1,16.67,0.02315715819191071,0.22367482615747802,0.5274196281632744,0.24818719642910977,0.031486773372287405,0.6433296778847861,powerplay,,,,
2022,Mohammed Shami,Gujarat Titans,9,138,7.35,78,56.52,27,19.57,0.504879063521518,0.2840670292199971,0.5890441086331031,0.2868842956497863,0.734621454132252,1.3464643586447507,powerplay,Mohammed Shami,2022.0,77736153.175,0.9450190472873911
2022,Mohammed Shami,Royal Challengers Bengaluru,0,6,8.0,3,50.0,1,16.67,0.02315715819191071,0.31314475662046926,0.5274196281632744,0.24818719642910977,-0.013248191859208211,0.5985947126532905,powerplay,Mohammed Shami,2022.0,77736153.175,-0.017042510232508957
2022,Mohammed Siraj,Royal Challengers Bengaluru,4,150,11.04,57,38.0,42,28.0,0.2372557827828473,0.4491390509242159,0.4140003389550006,0.3993727599360977,0.1756396984114436,0.7874826029239423,powerplay,,,,
2022,Mohsin Khan,Lucknow Super Giants,3,42,6.86,22,52.38,7,16.67,0.18373112663511315,0.2621468962565643,0.5499144538562487,0.24818719642910977,0.2598601386954402,0.8717030432079389,powerplay,,,,
2022,Mohsin Khan,Royal Challengers Bengaluru,0,6,7.0,3,50.0,1,16.67,0.02315715819191071,0.2684097913889737,0.5274196281632744,0.24818719642910977,0.00911929075653957,0.6209621952690383,powerplay,,,,
2022,MP Stoinis,Lucknow Super Giants,1,6,5.0,3,50.0,0,0.0,0.07668181433964487,0.1789398609259824,0.5274196281632744,0.025745595046807016,0.178629560486097,0.7904724649985957,powerplay,,,,
2022,MR Marsh,Delhi Capitals,1,24,3.75,12,50.0,1,4.17,0.07668181433964487,0.12302115438661293,0.5274196281632744,0.08138935496067638,0.19546016177300785,0.8073030662855065,powerplay,MR Marsh,2022.0,80845599.302,0.24176969861137815
2022,Mukesh Choudhary,Chennai Super Kings,6,120,9.45,53,44.17,30,25.0,0.3443050950783156,0.3780104562061379,0.47231675682292135,0.35934127798367377,0.3972791859645461,1.0091220904770448,powerplay,Mukesh Choudhary,2022.0,2487556.9016,15.970657222313813
2022,Mukesh Choudhary,Royal Challengers Bengaluru,0,12,12.0,5,41.67,4,33.33,0.02315715819191071,0.4920846175464517,0.44868773823786434,0.47049535953823773,-0.17079932192164807,0.44104358259085064,powerplay,Mukesh Choudhary,2022.0,2487556.9016,-6.866147335636412
2022,Mustafizur Rahman,Delhi Capitals,1,42,7.14,16,38.1,6,14.29,0.07668181433964487,0.274672686521383,0.4149454996984029,0.21642888741352,0.05888425067559266,0.6707271551880913,powerplay,,,,
2022,Mustafizur Rahman,Royal Challengers Bengaluru,0,6,10.0,2,33.33,2,33.33,0.02315715819191071,0.4026146870834605,0.36986133223811407,0.47049535953823773,-0.1497122784900775,0.46213062602242116,powerplay,,,,
2022,Navdeep Saini,Rajasthan Royals,1,6,16.0,3,50.0,2,33.33,0.07668181433964487,0.6710244784724342,0.5274196281632744,0.47049535953823773,-0.15636270118541504,0.4554802033270836,powerplay,,,,
2022,NM Coulter-Nile,Rajasthan Royals,0,6,7.0,3,50.0,1,16.67,0.02315715819191071,0.2684097913889737,0.5274196281632744,0.24818719642910977,0.00911929075653957,0.6209621952690383,powerplay,NM Coulter-Nile,2022.0,24875569.016000003,0.03665962676340802
2022,NT Ellis,Punjab Kings,0,12,8.5,7,58.33,3,25.0,0.02315715819191071,0.3355122392362171,0.6061515180886843,0.35934127798367377,-0.023043182500371975,0.5887997220121267,powerplay,NT Ellis,2022.0,9328338.381000001,-0.2470234414663433
2022,OC McCoy,Rajasthan Royals,0,18,6.0,7,38.89,2,11.11,0.02315715819191071,0.22367482615747802,0.422412269571281,0.1739955165439506,0.014822901771721207,0.6266658062842199,powerplay,OC McCoy,2022.0,9328338.381000001,0.15890184474774796
2022,OC McCoy,Royal Challengers Bengaluru,0,6,6.0,1,16.67,0,0.0,0.02315715819191071,0.22367482615747802,0.21239755238729416,0.025745595046807016,-0.018531529084046105,0.5933113754284526,powerplay,OC McCoy,2022.0,9328338.381000001,-0.19865841404071707
2022,OF Smith,Punjab Kings,1,12,9.5,5,41.67,3,25.0,0.07668181433964487,0.3802472044677127,0.44868773823786434,0.35934127798367377,-0.012362814849764522,0.5994800896627341,powerplay,OF Smith,2022.0,74626707.04800001,-0.016566207111098633
2022,OF Smith,Royal Challengers Bengaluru,0,12,6.0,7,58.33,2,16.67,0.02315715819191071,0.22367482615747802,0.6061515180886843,0.24818719642910977,0.05510634034991037,0.666949244862409,powerplay,OF Smith,2022.0,74626707.04800001,0.07384265302563316
2022,PH Solanki,Chennai Super Kings,0,6,6.0,0,0.0,0,0.0,0.02315715819191071,0.22367482615747802,0.05483925646213393,0.025745595046807016,-0.06579901786159417,0.5460438866509045,powerplay,PH Solanki,2022.0,14925341.4096,-0.4408543567336567
2022,PJ Cummins,Kolkata Knight Riders,1,48,11.0,16,33.33,14,29.17,0.07668181433964487,0.44734965231495605,0.36986133223811407,0.41498503789754315,-0.08069071255608515,0.5311521919564135,powerplay,PJ Cummins,2022.0,90173937.683,-0.08948340798840076
2022,PJ Sangwan,Gujarat Titans,0,18,11.33,5,27.78,6,33.33,0.02315715819191071,0.46211219084134963,0.3174049109792876,0.47049535953823773,-0.19519795674667,0.41664494776582867,powerplay,PJ Sangwan,2022.0,2487556.9016,-7.8469745404062285
2022,PJ Sangwan,Royal Challengers Bengaluru,1,18,4.0,9,50.0,1,5.56,0.07668181433964487,0.13420489569448682,0.5274196281632744,0.09993727493196615,0.18615870712481294,0.7980016116373116,powerplay,PJ Sangwan,2022.0,2487556.9016,7.483595933225705
2022,PVD Chameera,Lucknow Super Giants,4,120,8.0,62,51.67,25,20.83,0.2372557827828473,0.31314475662046926,0.5432038125780924,0.30369751806980433,0.3015329360235032,0.9133758405360018,powerplay,PVD Chameera,2022.0,24875569.016000003,1.2121649793399973
2022,PVD Chameera,Royal Challengers Bengaluru,0,18,12.0,6,33.33,7,38.89,0.02315715819191071,0.4920846175464517,0.36986133223811407,0.5446870394233969,-0.20928557969860498,0.4025573248138937,powerplay,PVD Chameera,2022.0,24875569.016000003,-0.8413298186827091
2022,PWH de Silva,Royal Challengers Bengaluru,2,42,7.71,18,42.86,8,19.05,0.13020647048737902,0.30017161670333553,0.4599351510843515,0.2799455054446995,0.12721534161576634,0.739058246128265,powerplay,PWH de Silva,2022.0,133706183.46100001,0.09514544378037165
2022,R Ashwin,Rajasthan Royals,3,90,8.07,30,33.33,15,16.67,0.18373112663511315,0.31627620418667396,0.36986133223811407,0.24818719642910977,0.178779548244945,0.7906224527574437,powerplay,R Ashwin,2022.0,62188922.54,0.28747812462895417
2022,R Dhawan,Punjab Kings,4,48,7.38,20,41.67,7,14.58,0.2372557827828473,0.285409078176942,0.44868773823786434,0.2202985973355877,0.3037257370900417,0.9155686416025404,powerplay,R Dhawan,2022.0,6840781.479400001,4.439927484961576
2022,R Parag,Rajasthan Royals,1,6,12.0,2,33.33,2,33.33,0.07668181433964487,0.4920846175464517,0.36986133223811407,0.47049535953823773,-0.1141602594999719,0.4976826450125268,powerplay,R Parag,2022.0,47263581.1304,-0.2415395887692138
2022,R Sai Kishore,Gujarat Titans,0,6,6.0,1,16.67,0,0.0,0.02315715819191071,0.22367482615747802,0.21239755238729416,0.025745595046807016,-0.018531529084046105,0.5933113754284526,powerplay,R Sai Kishore,2022.0,37313353.524000004,-0.04966460351017927
2022,R Sanjay Yadav,Mumbai Indians,0,6,8.0,4,66.67,2,33.33,0.02315715819191071,0.31314475662046926,0.6849779240884346,0.47049535953823773,-0.010442335703485725,0.6014005688090129,powerplay,,,,
2022,R Shepherd,Sunrisers Hyderabad,2,18,5.67,12,66.67,3,16.67,0.13020647048737902,0.2089122876310845,0.6849779240884346,0.24818719642910977,0.24670949985623472,0.8585524043687334,powerplay,R Shepherd,2022.0,96392829.937,0.2559417541921718
2022,R Tewatia,Gujarat Titans,0,6,9.0,2,33.33,1,16.67,0.02315715819191071,0.35787972185196487,0.36986133223811407,0.24818719642910977,-0.0828831632525041,0.5289597412599946,powerplay,R Tewatia,2022.0,111940060.572,-0.07404244988700318
2022,RA Jadeja,Chennai Super Kings,1,42,6.86,13,30.95,3,7.14,0.07668181433964487,0.2621468962565643,0.34736650654513984,0.12102052209357617,0.06395512092601187,0.6757980254385105,powerplay,,,,
2022,RA Jadeja,Royal Challengers Bengaluru,0,6,5.0,1,16.67,0,0.0,0.02315715819191071,0.1789398609259824,0.21239755238729416,0.025745595046807016,0.003835953531701704,0.6156788580442004,powerplay,,,,
2022,Rashid Khan,Gujarat Titans,0,54,8.78,14,25.93,8,14.81,0.02315715819191071,0.3480380295010358,0.29991943722634534,0.22336767761860685,-0.09398098181846962,0.5178619226940291,powerplay,,,,
2022,Rashid Khan,Royal Challengers Bengaluru,0,6,5.0,1,16.67,0,0.0,0.02315715819191071,0.1789398609259824,0.21239755238729416,0.025745595046807016,0.003835953531701704,0.6156788580442004,powerplay,,,,
2022,Rasikh Salam,Kolkata Knight Riders,0,18,6.67,7,38.89,3,16.67,0.02315715819191071,0.2536472528625801,0.422412269571281,0.24818719642910977,-0.015001647557861666,0.596841256954637,powerplay,Rasikh Salam,2022.0,2487556.9016,-0.6030675136802935
2022,Ravi Bishnoi,Lucknow Super Giants,1,54,7.33,21,38.89,9,16.67,0.07668181433964487,0.28317232991536717,0.422412269571281,0.24818719642910977,0.05052279813734603,0.6623657026498447,powerplay,,,,
2022,Ravi Bishnoi,Royal Challengers Bengaluru,0,6,15.0,1,16.67,2,33.33,0.02315715819191071,0.6262895132409385,0.21239755238729416,0.47049535953823773,-0.3087888255240625,0.30305407898843617,powerplay,,,,
2022,RD Chahar,Punjab Kings,3,30,7.6,13,43.33,3,10.0,0.18373112663511315,0.295250770527871,0.4643774065783422,0.1591838682215537,0.23544775301792614,0.8472906575304249,powerplay,RD Chahar,2022.0,65298368.667,0.36057218246696404
2022,RD Chahar,Royal Challengers Bengaluru,1,6,9.0,2,33.33,1,16.67,0.07668181433964487,0.35787972185196487,0.36986133223811407,0.24818719642910977,-0.0025961790309028815,0.6092467254815958,powerplay,RD Chahar,2022.0,65298368.667,-0.003975871195408468
2022,RP Meredith,Mumbai Indians,1,48,7.13,26,54.17,8,16.67,0.07668181433964487,0.2742253368690681,0.5668328311631495,0.24818719642910977,0.09832246313805615,0.7101653676505548,powerplay,RP Meredith,2022.0,12437784.508000001,0.7905142839129831
2022,S Gopal,Sunrisers Hyderabad,0,6,1.0,5,83.33,0,0.0,0.02315715819191071,0.0,0.8424417039392545,0.025745595046807016,0.28231912946028104,0.8941620339727797,powerplay,S Gopal,2022.0,9328338.381000001,3.026467500742789
2022,SA Abbott,Sunrisers Hyderabad,1,12,8.5,5,41.67,3,25.0,0.07668181433964487,0.3355122392362171,0.44868773823786434,0.35934127798367377,0.010004667765983286,0.621847572278482,powerplay,SA Abbott,2022.0,29850682.8192,0.03351570825558559
2022,Sandeep Sharma,Punjab Kings,1,54,4.33,32,59.26,4,7.41,0.07668181433964487,0.14896743422088038,0.6149415130023255,0.1246233554692943,0.20009678720586588,0.8119396917183646,powerplay,Sandeep Sharma,2022.0,6218892.254000001,3.217563177383614
2022,Sandeep Sharma,Royal Challengers Bengaluru,0,6,11.0,3,50.0,2,33.33,0.02315715819191071,0.44734965231495605,0.5274196281632744,0.47049535953823773,-0.12481227232827721,0.4870306321842215,powerplay,Sandeep Sharma,2022.0,6218892.254000001,-2.006985605000598
2022,Shahbaz Ahmed,Royal Challengers Bengaluru,1,60,9.3,19,31.67,13,21.67,0.07668181433964487,0.3713002114214136,0.3541716638976363,0.3149063330164831,-0.027357151635245228,0.5844857528772535,powerplay,Shahbaz Ahmed,2022.0,29850682.8192,-0.09164665277823751
2022,Shivam Mavi,Kolkata Knight Riders,1,54,10.11,22,40.74,14,25.93,0.07668181433964487,0.407535533258925,0.43989774332422316,0.3717510373889252,-0.031125929600513302,0.5807169749119854,powerplay,Shivam Mavi,2022.0,90173937.683,-0.0345176559882904
2022,Simarjeet Singh,Chennai Super Kings,3,78,8.15,39,50.0,17,21.79,0.18373112663511315,0.31985500140519363,0.5274196281632744,0.31650759229458003,0.21059355924013917,0.8224364637526378,powerplay,Simarjeet Singh,2022.0,2487556.9016,8.465879076160434
2022,Simarjeet Singh,Chennai Super Kings,3,78,8.15,39,50.0,17,21.79,0.18373112663511315,0.31985500140519363,0.5274196281632744,0.31650759229458003,0.21059355924013917,0.8224364637526378,powerplay,Simarjeet Singh,2022.0,2487556.9016,8.465879076160434
2022,Simarjeet Singh,Royal Challengers Bengaluru,0,12,10.5,6,50.0,3,25.0,0.02315715819191071,0.4249821696992083,0.5274196281632744,0.35934127798367377,-0.09139771470949055,0.5204451898030081,powerplay,Simarjeet Singh,2022.0,2487556.9016,-3.674195941033687
2022,Simarjeet Singh,Royal Challengers Bengaluru,0,12,10.5,6,50.0,3,25.0,0.02315715819191071,0.4249821696992083,0.5274196281632744,0.35934127798367377,-0.09139771470949055,0.5204451898030081,powerplay,Simarjeet Singh,2022.0,2487556.9016,-3.674195941033687
2022,SN Thakur,Delhi Capitals,3,90,9.6,28,31.11,21,23.33,0.18373112663511315,0.38472070099086225,0.3488787637345835,0.337057086363491,0.12048855130491544,0.7323314558174141,powerplay,SN Thakur,2022.0,133706183.46100001,0.09011441968206359
2022,SN Thakur,Royal Challengers Bengaluru,1,12,4.5,7,58.33,1,8.33,0.07668181433964487,0.15657237831023463,0.6061515180886843,0.136899676601371,0.19120205246068106,0.8030449569731797,powerplay,SN Thakur,2022.0,133706183.46100001,0.14300165296128708
2022,SP Narine,Kolkata Knight Riders,0,78,6.08,30,38.46,7,8.97,0.02315715819191071,0.2272536233759977,0.41834807837465116,0.1454397260845548,0.01752540389535161,0.6293683084078503,powerplay,,,,
2022,T Natarajan,Royal Challengers Bengaluru,1,6,5.0,6,100.0,0,0.0,0.07668181433964487,0.1789398609259824,0.9999999998644149,0.025745595046807016,0.3204036719964392,0.9322465765089378,powerplay,,,,
2022,T Natarajan,Sunrisers Hyderabad,5,60,9.9,26,43.33,18,30.0,0.2907804389305815,0.39814119056031094,0.4643774065783422,0.42606041457104704,0.29120120217501,0.9030441066875087,powerplay,,,,
2022,TA Boult,Rajasthan Royals,5,150,7.96,75,50.0,33,22.0,0.2907804389305815,0.31135535801120945,0.5274196281632744,0.3193097960312497,0.3748569086329999,0.9866998131454986,powerplay,,,,
2022,TA Boult,Royal Challengers Bengaluru,0,12,8.0,6,50.0,3,25.0,0.02315715819191071,0.31314475662046926,0.5274196281632744,0.35934127798367377,-0.03547900817012101,0.5763638963423776,powerplay,,,,
2022,TG Southee,Kolkata Knight Riders,3,72,7.92,34,47.22,15,20.83,0.18373112663511315,0.3095659594019496,0.5011441594966909,0.30369751806980433,0.21041745448674132,0.82226035899924,powerplay,TG Southee,2022.0,18656676.762000002,1.1278399533368155
2022,Tilak Varma,Mumbai Indians,0,6,6.0,3,50.0,1,16.67,0.02315715819191071,0.22367482615747802,0.5274196281632744,0.24818719642910977,0.031486773372287405,0.6433296778847861,powerplay,Tilak Varma,2022.0,2487556.9016,1.2657709800340675
2022,TS Mills,Mumbai Indians,3,30,9.6,14,46.67,8,26.67,0.18373112663511315,0.38472070099086225,0.4959457754079784,0.38162546960385646,0.15569497815886083,0.7675378826713595,powerplay,TS Mills,2022.0,18656676.762000002,0.8345268567657291
2022,TU Deshpande,Chennai Super Kings,0,24,9.5,11,45.83,8,33.33,0.02315715819191071,0.3802472044677127,0.4880064251633992,0.47049535953823773,-0.10308500930461806,0.5087578952078806,powerplay,TU Deshpande,2022.0,2487556.9016,-4.144026182408678
2022,Umran Malik,Sunrisers Hyderabad,1,36,10.67,17,47.22,9,25.0,0.07668181433964487,0.43258711378856257,0.5011441594966909,0.35934127798367377,-0.022795843132541474,0.5890470613799572,powerplay,,,,
2022,UT Yadav,Kolkata Knight Riders,4,114,7.89,53,46.49,23,20.18,0.2372557827828473,0.30822391044500475,0.49424448606985427,0.2950240303134458,0.29104025871003575,0.9028831632225345,powerplay,UT Yadav,2022.0,24875569.016000003,1.1699843268824854
2022,VG Arora,Punjab Kings,3,54,7.44,25,46.3,11,20.37,0.18373112663511315,0.28809317609083174,0.49244868065738995,0.29755935750376605,0.21977283460371766,0.8316157391162163,powerplay,VG Arora,2022.0,24875569.016000003,0.8834886730123016
2022,VR Aaron,Gujarat Titans,1,12,9.5,4,33.33,3,25.0,0.07668181433964487,0.3802472044677127,0.36986133223811407,0.35934127798367377,-0.036010736649689595,0.5758321678628091,powerplay,VR Aaron,2022.0,6218892.254000001,-0.5790538761389127
2022,Washington Sundar,Sunrisers Hyderabad,3,72,7.33,28,38.89,11,15.28,0.18373112663511315,0.28317232991536717,0.422412269571281,0.22963927645781995,0.21480635057480643,0.8266492550873051,powerplay,Washington Sundar,2022.0,108830614.44500001,0.1973767690922701
2022,Yash Dayal,Gujarat Titans,6,96,9.19,46,47.92,26,27.08,0.3443050950783156,0.366379365245949,0.5077602847005069,0.38709643880402106,0.40817675764384675,1.0200196621563453,powerplay,Yash Dayal,2022.0,39800910.4256,1.0255462834370415
2022,YS Chahal,Rajasthan Royals,1,54,7.67,15,27.78,8,14.81,0.07668181433964487,0.29838221809407567,0.3174049109792876,0.22336767761860685,0.016379550232494364,0.628222454744993,powerplay,YS Chahal,2022.0,80845599.302,0.02026028673658327
2023,A Mishra,Lucknow Super Giants,0,12,10.5,3,25.0,3,25.0,0.031513249559429496,0.3647313629007285,0.3570492746167546,0.3064230084892549,-0.08926562642404459,0.5225772780884541,powerplay,A Mishra,2023.0,5915430.661499999,-1.5090300526218856
2023,A Mishra,Royal Challengers Bengaluru,0,6,7.0,0,0.0,0,0.0,0.031513249559429496,0.22776551281904914,0.11398783318346016,0.0117669351468117,-0.03476991914470461,0.5770729853677941,powerplay,A Mishra,2023.0,5915430.661499999,-0.5877833945548754
2023,A Nortje,Delhi Capitals,5,78,8.85,41,52.56,20,25.64,0.30898394240924487,0.30016174786222255,0.6250002076528184,0.31396620396682146,0.43810186118523725,1.0499447656977359,powerplay,,,,
2023,A Zampa,Rajasthan Royals,2,36,7.5,12,33.33,6,16.67,0.14250152669935567,0.2473320628307176,0.4380373469023283,0.20824360485155288,0.17984874173406262,0.7916916462465613,powerplay,A Zampa,2023.0,17746291.9845,1.0134440585737374
2023,A Zampa,Royal Challengers Bengaluru,0,12,7.5,5,41.67,2,16.67,0.031513249559429496,0.2473320628307176,0.5191226437644754,0.20824360485155288,0.03769191508281747,0.6495348195953161,powerplay,A Zampa,2023.0,17746291.9845,0.21239318678932148
2023,Abhishek Sharma,Sunrisers Hyderabad,0,6,12.0,1,16.67,2,33.33,0.031513249559429496,0.42343101293573393,0.2760612023311809,0.40460241212695697,-0.16254775385475984,0.44929515065773884,powerplay,,,,
2023,AD Russell,Kolkata Knight Riders,4,48,11.13,18,37.5,13,27.08,0.2534898038392818,0.38938521591543085,0.47857999533340184,0.33093839379134615,0.2629284176429586,0.8747713221554573,powerplay,,,,
2023,AJ Hosein,Sunrisers Hyderabad,0,18,10.33,4,22.22,5,27.78,0.031513249559429496,0.35807873589676126,0.33002084232937223,0.3391887638449346,-0.10060099367941167,0.511241910833087,powerplay,AJ Hosein,2023.0,11830861.322999999,-0.8503268775861357
2023,AK Markram,Sunrisers Hyderabad,0,24,8.75,6,25.0,5,20.83,0.031513249559429496,0.2962484378598888,0.3570492746167546,0.2572743754557354,-0.04519443729692086,0.5666484672155778,powerplay,,,,
2023,Akash Deep,Royal Challengers Bengaluru,1,12,12.5,5,41.67,2,16.67,0.08700738812939258,0.44299756294740245,0.5191226437644754,0.20824360485155288,0.023100372879419684,0.6349432773919184,powerplay,,,,
2023,Akash Madhwal,Mumbai Indians,3,30,7.2,15,50.0,6,20.0,0.19799566526931872,0.23559213282371655,0.6001107160500491,0.24749179382076628,0.30973228754298127,0.92157519205548,powerplay,,,,
2023,Akash Singh,Chennai Super Kings,1,60,10.6,25,41.67,17,28.33,0.08700738812939258,0.3686446729030622,0.5191226437644754,0.3456711974584683,0.03279129938020674,0.6446342038927054,powerplay,,,,
2023,AR Patel,Delhi Capitals,4,78,7.31,33,42.31,13,16.67,0.2534898038392818,0.2398967738262836,0.5253450166651676,0.20824360485155288,0.3762411028750206,0.9880840073875192,powerplay,,,,
2023,AR Patel,Royal Challengers Bengaluru,0,24,5.25,12,50.0,2,8.33,0.031513249559429496,0.15928258777820947,0.6001107160500491,0.10994633878451379,0.12567252750815147,0.7375154320206502,powerplay,,,,
2023,Arjun Tendulkar,Mumbai Indians,2,24,9.75,9,37.5,5,20.83,0.14250152669935567,0.33538153788322583,0.47857999533340184,0.2572743754557354,0.13818064461629406,0.7500235491287928,powerplay,,,,
2023,Arshad Khan,Mumbai Indians,1,42,12.86,14,33.33,16,38.1,0.08700738812939258,0.4570854789558037,0.4380373469023283,0.4608227909206951,-0.05878501139725352,0.5530578931152451,powerplay,,,,
2023,Arshdeep Singh,Punjab Kings,6,108,11.0,48,44.44,38,35.19,0.364478080979208,0.384297912912397,0.5460538514752843,0.4265248239836348,0.43307935565847183,1.0449222601709705,powerplay,Arshdeep Singh,2023.0,2366172.2646,18.302951232153152
2023,Arshdeep Singh,Punjab Kings,6,108,11.0,48,44.44,38,35.19,0.364478080979208,0.384297912912397,0.5460538514752843,0.4265248239836348,0.43307935565847183,1.0449222601709705,powerplay,Arshdeep Singh,2023.0,7098516.793799999,6.100983744051052
2023,Arshdeep Singh,Royal Challengers Bengaluru,0,6,11.0,2,33.33,2,33.33,0.031513249559429496,0.384297912912397,0.4380373469023283,0.40460241212695697,-0.09438836047174717,0.5174545440407515,powerplay,Arshdeep Singh,2023.0,2366172.2646,-3.989073909954881
2023,Arshdeep Singh,Royal Challengers Bengaluru,0,6,11.0,2,33.33,2,33.33,0.031513249559429496,0.384297912912397,0.4380373469023283,0.40460241212695697,-0.09438836047174717,0.5174545440407515,powerplay,Arshdeep Singh,2023.0,7098516.793799999,-1.329691303318294
2023,AS Joseph,Gujarat Titans,0,24,10.25,12,50.0,7,29.17,0.031513249559429496,0.3549480878948943,0.6001107160500491,0.35557164152277443,-0.021285283097843055,0.5905576214146556,powerplay,,,,
2023,AS Roy,Kolkata Knight Riders,1,12,4.5,7,58.33,1,8.33,0.08700738812939258,0.12993276276070675,0.6810987883356228,0.10994633878451379,0.24788506955751957,0.8597279740700182,powerplay,,,,
2023,AU Rashid,Sunrisers Hyderabad,0,12,9.0,3,25.0,2,16.67,0.031513249559429496,0.30603171286572306,0.3570492746167546,0.20824360485155288,-0.04027992067900149,0.5715629838334972,powerplay,AU Rashid,2023.0,23661722.645999998,-0.1702324098782841
2023,Avesh Khan,Lucknow Super Giants,0,66,10.27,26,39.39,20,30.3,0.031513249559429496,0.355730749895361,0.4969554403057589,0.3688900960378529,-0.05528688772437919,0.5565560167881195,powerplay,,,,
2023,Avesh Khan,Royal Challengers Bengaluru,0,12,10.5,6,50.0,4,33.33,0.031513249559429496,0.3647313629007285,0.6001107160500491,0.40460241212695697,-0.035983074721596675,0.575859829790902,powerplay,,,,
2023,B Kumar,Sunrisers Hyderabad,2,84,9.07,36,42.86,20,23.81,0.14250152669935567,0.30877102986735666,0.5306923683767002,0.2923973793981546,0.1600950097487343,0.771937914261233,powerplay,,,,
2023,BA Stokes,Chennai Super Kings,0,6,18.0,0,0.0,3,50.0,0.031513249559429496,0.6582296130757557,0.11398783318346016,0.6010790818316981,-0.36786439861003517,0.2439785059024635,powerplay,BA Stokes,2023.0,192251496.49875,-0.19134540188737983
2023,C Green,Mumbai Indians,2,66,9.27,22,33.33,13,19.7,0.14250152669935567,0.31659764987202405,0.4380373469023283,0.24395592094065696,0.13807348499558858,0.7499163895080873,powerplay,,,,
2023,C Green,Royal Challengers Bengaluru,0,6,9.0,3,50.0,2,33.33,0.031513249559429496,0.30603171286572306,0.6001107160500491,0.40460241212695697,-0.006633249704093971,0.6052096548084047,powerplay,,,,
2023,C Sakariya,Delhi Capitals,1,18,4.67,10,55.56,1,5.56,0.08700738812939258,0.13658538976467405,0.6541675806248137,0.07729844585817108,0.2430089723275618,0.8548518768400605,powerplay,,,,
2023,CJ Jordan,Mumbai Indians,1,36,9.33,14,38.89,8,22.22,0.08700738812939258,0.3189456358734243,0.492094211477093,0.2736572531335752,0.06393507707378958,0.6757779815862882,powerplay,,,,
2023,CJ Jordan,Royal Challengers Bengaluru,0,6,16.0,1,16.67,2,33.33,0.031513249559429496,0.5799634130290818,0.2760612023311809,0.40460241212695697,-0.24081395390143379,0.3710289506110649,powerplay,,,,
2023,CV Varun,Kolkata Knight Riders,5,96,8.63,39,40.63,22,22.92,0.30898394240924487,0.2915524658570884,0.5090112878008503,0.28190762318716367,0.4140215423881455,1.0258644469006442,powerplay,,,,
2023,D Jansen,Mumbai Indians,0,6,16.0,2,33.33,2,33.33,0.031513249559429496,0.5799634130290818,0.4380373469023283,0.40460241212695697,-0.19222111053008958,0.41962179398240906,powerplay,D Jansen,2023.0,2366172.2646,-8.123715817562609
2023,D Wiese,Kolkata Knight Riders,0,12,11.5,3,25.0,3,25.0,0.031513249559429496,0.40386446292406547,0.3570492746167546,0.3064230084892549,-0.10883217643571311,0.5030107280767856,powerplay,D Wiese,2023.0,11830861.322999999,-0.9199007026152521
2023,DG Nalkande,Gujarat Titans,0,12,11.0,5,41.67,3,25.0,0.031513249559429496,0.384297912912397,0.5191226437644754,0.3064230084892549,-0.05042689068556263,0.5614160138269361,powerplay,,,,
2023,DJ Willey,Royal Challengers Bengaluru,2,60,6.1,28,46.67,8,13.33,0.14250152669935567,0.19254572279804588,0.5677349320511342,0.16887755345300243,0.25402439757475037,0.865867302087249,powerplay,,,,
2023,DL Chahar,Chennai Super Kings,8,102,10.35,36,35.29,28,27.45,0.47546635811913407,0.35886139789722793,0.4570933639106986,0.3352993036768143,0.6038369866679338,1.2156798911804325,powerplay,,,,
2023,Fazalhaq Farooqi,Sunrisers Hyderabad,2,42,9.29,20,47.62,12,28.57,0.14250152669935567,0.3173803118724907,0.5769712668255994,0.3484998957625558,0.1584535350079568,0.7702964395204555,powerplay,,,,
2023,GD Phillips,Sunrisers Hyderabad,1,6,4.0,5,83.33,1,16.67,0.08700738812939258,0.11036621274903828,0.9241602297689171,0.20824360485155288,0.31092732377993426,0.9227702282924329,powerplay,,,,
2023,GJ Maxwell,Royal Challengers Bengaluru,1,30,7.0,11,36.67,4,13.33,0.08700738812939258,0.22776551281904914,0.4705103554778165,0.16887755345300243,0.12400592173730877,0.7358488262498074,powerplay,,,,
2023,Gurnoor Brar,Punjab Kings,0,6,16.0,2,33.33,3,50.0,0.031513249559429496,0.5799634130290818,0.4380373469023283,0.6010790818316981,-0.2315164444710378,0.38032646004146087,powerplay,,,,
2023,H Sharma,Royal Challengers Bengaluru,0,6,8.0,1,16.67,1,16.67,0.031513249559429496,0.2668986128423861,0.2760612023311809,0.20824360485155288,-0.045009792353005104,0.5668331121594936,powerplay,H Sharma,2023.0,2366172.2646,-1.9022195901114571
2023,Harpreet Brar,Punjab Kings,1,48,8.13,18,37.5,10,20.83,0.08700738812939258,0.2719859158454199,0.47857999533340184,0.2572743754557354,0.08663724778025239,0.6984801522927511,powerplay,,,,
2023,Harpreet Brar,Royal Challengers Bengaluru,0,12,11.5,4,33.33,3,25.0,0.031513249559429496,0.40386446292406547,0.4380373469023283,0.3064230084892549,-0.08453575475004102,0.5273071497624576,powerplay,,,,
2023,Harshit Rana,Kolkata Knight Riders,4,66,9.45,30,45.45,18,27.27,0.2534898038392818,0.3236416078762247,0.5558735337091896,0.33317777994874875,0.3185404059438175,0.9303833104563162,powerplay,,,,
2023,HH Pandya,Gujarat Titans,3,108,10.44,48,44.44,34,31.48,0.19799566526931872,0.36238337689932826,0.5460538514752843,0.3827978626996162,0.20305839235697604,0.8149012968694747,powerplay,,,,
2023,HR Shokeen,Mumbai Indians,1,42,9.14,19,45.24,10,23.81,0.08700738812939258,0.31151034686899026,0.5538318176011499,0.2923973793981546,0.08242597816030778,0.6942688826728065,powerplay,,,,
2023,HV Patel,Royal Challengers Bengaluru,0,18,10.0,2,11.11,4,22.22,0.031513249559429496,0.34516481288906004,0.22200433775641623,0.2736572531335752,-0.11344268140517597,0.4984002231073227,powerplay,,,,
2023,I Sharma,Delhi Capitals,6,78,8.46,36,46.15,20,25.64,0.364478080979208,0.2848998388531211,0.5626792540693217,0.31396620396682146,0.5102777374696836,1.1221206419821823,powerplay,I Sharma,2023.0,5915430.661499999,8.626214500167778
2023,I Sharma,Royal Challengers Bengaluru,0,6,7.0,3,50.0,1,16.67,0.031513249559429496,0.22776551281904914,0.6001107160500491,0.20824360485155288,0.07177161177432381,0.6836145162868225,powerplay,I Sharma,2023.0,5915430.661499999,1.2132947858123384
2023,J Little,Gujarat Titans,3,78,8.0,35,44.87,15,19.23,0.19799566526931872,0.2668986128423861,0.550234508267937,0.23841638676181903,0.2809312666108023,0.892774171123301,powerplay,J Little,2023.0,52055789.8212,0.5396734303249234
2023,J Yadav,Gujarat Titans,0,12,8.0,3,25.0,2,16.67,0.031513249559429496,0.2668986128423861,0.3570492746167546,0.20824360485155288,-0.020713370667333003,0.5911295338451656,powerplay,,,,
2023,JC Archer,Mumbai Indians,0,54,9.0,20,37.04,10,18.52,0.031513249559429496,0.30603171286572306,0.4741076648110292,0.23004815427889364,-0.009523313506187257,0.6023195910063114,powerplay,,,,
2023,JD Unadkat,Lucknow Super Giants,0,18,10.0,6,33.33,4,22.22,0.031513249559429496,0.34516481288906004,0.4380373469023283,0.2736572531335752,-0.04863277866140235,0.5632101258510963,powerplay,JD Unadkat,2023.0,5915430.661499999,-0.8221342019596988
2023,JE Root,Rajasthan Royals,0,6,7.0,0,0.0,0,0.0,0.031513249559429496,0.22776551281904914,0.11398783318346016,0.0117669351468117,-0.03476991914470461,0.5770729853677941,powerplay,,,,
2023,JO Holder,Rajasthan Royals,0,30,9.0,12,40.0,8,26.67,0.031513249559429496,0.30603171286572306,0.5028861394767312,0.3261060341885301,-0.02010134708840397,0.5917415574240947,powerplay,JO Holder,2023.0,68027452.60724999,-0.029548875223150247
2023,JP Behrendorff,Mumbai Indians,5,96,9.0,36,37.5,21,21.88,0.30898394240924487,0.30603171286572306,0.47857999533340184,0.269649930536118,0.4001040696738027,1.0119469741863014,powerplay,,,,
2023,JP Behrendorff,Royal Challengers Bengaluru,1,12,12.0,5,41.67,5,41.67,0.08700738812939258,0.42343101293573393,0.5191226437644754,0.5028996781939961,-0.026047566783234694,0.585795337729264,powerplay,,,,
2023,JR Hazlewood,Royal Challengers Bengaluru,2,36,8.5,20,55.56,9,25.0,0.14250152669935567,0.28646516285405454,0.6541675806248137,0.3064230084892549,0.20548538111159936,0.817328285624098,powerplay,,,,
2023,K Gowtham,Lucknow Super Giants,2,36,9.33,18,50.0,9,25.0,0.14250152669935567,0.3189456358734243,0.6001107160500491,0.3064230084892549,0.1730280852294851,0.7848709897419838,powerplay,,,,
2023,K Kartikeya,Mumbai Indians,0,24,8.0,6,25.0,2,8.33,0.031513249559429496,0.2668986128423861,0.3570492746167546,0.10994633878451379,-0.0010539174539251801,0.6107889870585735,powerplay,,,,
2023,K Khejroliya,Kolkata Knight Riders,0,12,13.5,3,25.0,5,41.67,0.031513249559429496,0.4821306629707394,0.3570492746167546,0.5028996781939961,-0.1872606103999983,0.42458229411250037,powerplay,K Khejroliya,2023.0,2366172.2646,-7.914073425742508
2023,K Rabada,Punjab Kings,4,72,9.5,36,50.0,18,25.0,0.2534898038392818,0.3255982628773916,0.6001107160500491,0.3064230084892549,0.33618418743739065,0.9480270919498893,powerplay,,,,
2023,K Yadav,Rajasthan Royals,0,12,6.5,5,41.67,1,8.33,0.031513249559429496,0.20819896280738065,0.5191226437644754,0.10994633878451379,0.07691791830789377,0.6887608228203924,powerplay,,,,
2023,Kartik Tyagi,Sunrisers Hyderabad,1,18,16.33,4,22.22,8,44.44,0.08700738812939258,0.5928773360367828,0.33002084232937223,0.5355475711203387,-0.1740308473495586,0.4378120571629401,powerplay,,,,
2023,KH Pandya,Lucknow Super Giants,2,84,8.79,31,36.9,20,23.81,0.14250152669935567,0.29781376186082226,0.47274652073900275,0.2923973793981546,0.14818988946069228,0.760032793973191,powerplay,,,,
2023,KH Pandya,Royal Challengers Bengaluru,0,24,6.5,6,25.0,2,8.33,0.031513249559429496,0.20819896280738065,0.3570492746167546,0.10994633878451379,0.028295907563577537,0.6401388120760763,powerplay,,,,
2023,KK Ahmed,Delhi Capitals,1,48,7.75,23,47.92,10,20.83,0.08700738812939258,0.2571153378365518,0.579888004122799,0.2572743754557354,0.12446493942150558,0.7363078439340043,powerplay,,,,
2023,KK Ahmed,Royal Challengers Bengaluru,0,6,15.0,0,0.0,2,33.33,0.031513249559429496,0.5408303130057449,0.11398783318346016,0.40460241212695697,-0.26986941463408154,0.34197348987841714,powerplay,,,,
2023,KM Asif,Rajasthan Royals,0,18,11.67,8,44.44,6,33.33,0.031513249559429496,0.41051708992803276,0.5460538514752843,0.40460241212695697,-0.07509299760767826,0.5367499069048204,powerplay,KM Asif,2023.0,3549258.3968999996,-2.115737689689377
2023,KM Asif,Royal Challengers Bengaluru,1,6,8.0,2,33.33,1,16.67,0.08700738812939258,0.2668986128423861,0.4380373469023283,0.20824360485155288,0.08682425887328374,0.6986671633857824,powerplay,KM Asif,2023.0,3549258.3968999996,2.446264801377042
2023,KR Mayers,Lucknow Super Giants,0,18,8.33,8,44.44,4,22.22,0.031513249559429496,0.2798125358500873,0.5460538514752843,0.2736572531335752,0.01644831122997084,0.6282912157424695,powerplay,,,,
2023,KR Sen,Rajasthan Royals,0,6,3.0,3,50.0,0,0.0,0.031513249559429496,0.07123311272570133,0.6001107160500491,0.0117669351468117,0.18933314576194596,0.8011760502744446,powerplay,,,,
2023,Kuldeep Yadav,Delhi Capitals,1,18,6.33,7,38.89,2,11.11,0.08700738812939258,0.20154633580341338,0.492094211477093,0.14271209414019345,0.14882375890747135,0.76066666341997,powerplay,,,,
2023,Kuldeep Yadav,Royal Challengers Bengaluru,0,6,7.0,2,33.33,1,16.67,0.031513249559429496,0.22776551281904914,0.4380373469023283,0.20824360485155288,0.02314960103000757,0.6349925055425063,powerplay,,,,
2023,KV Sharma,Royal Challengers Bengaluru,1,12,6.0,4,33.33,1,8.33,0.08700738812939258,0.1886324127957122,0.4380373469023283,0.10994633878451379,0.1456168121100285,0.7574597166225272,powerplay,,,,
2023,Lalit Yadav,Delhi Capitals,0,24,9.0,8,33.33,5,20.83,0.031513249559429496,0.30603171286572306,0.4380373469023283,0.2572743754557354,-0.025789653114165888,0.5860532513983328,powerplay,,,,
2023,Lalit Yadav,Royal Challengers Bengaluru,0,6,4.0,2,33.33,0,0.0,0.031513249559429496,0.11036621274903828,0.4380373469023283,0.0117669351468117,0.12114458500596124,0.7329874895184599,powerplay,,,,
2023,LH Ferguson,Kolkata Knight Riders,0,12,10.5,5,41.67,2,16.67,0.031513249559429496,0.3647313629007285,0.5191226437644754,0.20824360485155288,-0.021007734952187967,0.5908351695603107,powerplay,,,,
2023,LS Livingstone,Punjab Kings,0,6,11.0,1,16.67,2,33.33,0.031513249559429496,0.384297912912397,0.2760612023311809,0.40460241212695697,-0.14298120384309138,0.4688617006694073,powerplay,,,,
2023,M Jansen,Sunrisers Hyderabad,7,114,9.0,54,47.37,26,22.81,0.419972219549171,0.30603171286572306,0.5745406524112664,0.28061113646445685,0.5931824413213835,1.2050253458338822,powerplay,,,,
2023,M Markande,Sunrisers Hyderabad,0,24,10.75,3,12.5,6,25.0,0.031513249559429496,0.37451463790656275,0.2355185539001074,0.3064230084892549,-0.13061648014195593,0.48122642437054275,powerplay,M Markande,2023.0,5915430.661499999,-2.20806375082816
2023,M Theekshana,Chennai Super Kings,3,84,8.79,26,30.95,18,21.43,0.19799566526931872,0.29781376186082226,0.4148978976778787,0.264346121215954,0.21968676203373977,0.8315296665462384,powerplay,,,,
2023,MA Wood,Lucknow Super Giants,3,24,6.75,15,62.5,4,16.67,0.19799566526931872,0.2179822378132149,0.7216414367666962,0.20824360485155288,0.36284608905706894,0.9746889935695676,powerplay,,,,
2023,MA Wood,Royal Challengers Bengaluru,0,6,14.0,0,0.0,2,33.33,0.031513249559429496,0.5016972129824079,0.11398783318346016,0.40460241212695697,-0.250302864622413,0.36154003989008565,powerplay,,,,
2023,Mayank Dagar,Sunrisers Hyderabad,0,12,11.0,6,50.0,4,33.33,0.031513249559429496,0.384297912912397,0.6001107160500491,0.40460241212695697,-0.04576634972743093,0.5660765547850677,powerplay,Mayank Dagar,2023.0,21295550.3814,-0.21491038694827191
2023,MG Bracewell,Royal Challengers Bengaluru,5,30,5.4,15,50.0,3,10.0,0.30898394240924487,0.16515255278171004,0.6001107160500491,0.12962936448378898,0.5350069791412693,1.146849883653768,powerplay,,,,
2023,MJ Santner,Chennai Super Kings,1,18,6.67,7,38.89,3,16.67,0.08700738812939258,0.21485158981134794,0.492094211477093,0.20824360485155288,0.1290648297612322,0.7409077342737309,powerplay,,,,
2023,MM Ali,Chennai Super Kings,2,24,5.75,10,41.67,1,4.17,0.14250152669935567,0.17884913778987793,0.5191226437644754,0.06091556818033126,0.26788140064737087,0.8797243051598695,powerplay,,,,
2023,MM Sharma,Gujarat Titans,2,24,8.25,11,45.83,6,25.0,0.14250152669935567,0.27668188784822034,0.5595680676189755,0.3064230084892549,0.18199716471276497,0.7938400692252636,powerplay,MM Sharma,2023.0,5915430.661499999,3.076651137123045
2023,Mohammed Shami,Gujarat Titans,13,162,8.93,80,49.38,39,24.07,0.7529370509689495,0.30329239586408946,0.5940827923025034,0.29546180256091603,1.0968918556999474,1.708734760212446,powerplay,,,,
2023,Mohammed Shami,Royal Challengers Bengaluru,0,6,16.0,2,33.33,4,66.67,0.031513249559429496,0.5799634130290818,0.4380373469023283,0.7975557515364393,-0.27081177841198606,0.3410311261005126,powerplay,,,,
2023,Mohammed Siraj,Royal Challengers Bengaluru,5,96,8.13,51,53.13,23,23.96,0.30898394240924487,0.2719859158454199,0.6305420085174975,0.2941653158382093,0.4578124950787648,1.0696553995912634,powerplay,,,,
2023,Mohsin Khan,Lucknow Super Giants,0,18,14.33,4,22.22,7,38.89,0.031513249559429496,0.514611135990109,0.33002084232937223,0.4701339228383164,-0.20505622552476185,0.4067866789877368,powerplay,,,,
2023,MP Stoinis,Lucknow Super Giants,0,11,12.0,4,36.36,3,27.27,0.031513249559429496,0.42343101293573393,0.46749639360404355,0.33317777994874875,-0.0908322700372594,0.5210106344752393,powerplay,,,,
2023,MP Stoinis,Royal Challengers Bengaluru,0,6,11.0,0,0.0,1,16.67,0.031513249559429496,0.384297912912397,0.11398783318346016,0.20824360485155288,-0.15233145313232677,0.4595114513801719,powerplay,,,,
2023,MR Marsh,Delhi Capitals,1,12,6.0,4,33.33,0,0.0,0.08700738812939258,0.1886324127957122,0.4380373469023283,0.0117669351468117,0.16525269283756894,0.7770955973500676,powerplay,,,,
2023,MR Marsh,Royal Challengers Bengaluru,1,12,8.0,2,16.67,2,16.67,0.08700738812939258,0.2668986128423861,0.2760612023311809,0.20824360485155288,0.038231415501939536,0.6500743200144382,powerplay,,,,
2023,Mukesh Kumar,Delhi Capitals,1,66,8.36,27,40.91,13,19.7,0.08700738812939258,0.2809865288507874,0.5117335759449031,0.24395592094065696,0.09474670636403473,0.7065896108765334,powerplay,Mukesh Kumar,2023.0,65069737.276499994,0.14560794361506144
2023,Mukesh Kumar,Royal Challengers Bengaluru,0,6,13.0,2,33.33,3,50.0,0.031513249559429496,0.4625641129590709,0.4380373469023283,0.6010790818316981,-0.17281679443603237,0.4390261100764663,powerplay,Mukesh Kumar,2023.0,65069737.276499994,-0.2655870480953138
2023,Mustafizur Rahman,Delhi Capitals,0,6,13.0,2,33.33,3,50.0,0.031513249559429496,0.4625641129590709,0.4380373469023283,0.6010790818316981,-0.17281679443603237,0.4390261100764663,powerplay,,,,
2023,Mustafizur Rahman,Royal Challengers Bengaluru,0,6,10.0,2,33.33,2,33.33,0.031513249559429496,0.34516481288906004,0.4380373469023283,0.40460241212695697,-0.07482181046007871,0.5370210940524199,powerplay,,,,
2023,MW Short,Punjab Kings,0,6,3.0,3,50.0,0,0.0,0.031513249559429496,0.07123311272570133,0.6001107160500491,0.0117669351468117,0.18933314576194596,0.8011760502744446,powerplay,,,,
2023,Navdeep Saini,Rajasthan Royals,2,12,8.5,6,50.0,3,25.0,0.14250152669935567,0.28646516285405454,0.6001107160500491,0.3064230084892549,0.18926832173916996,0.8011112262516686,powerplay,,,,
2023,Naveen-ul-Haq,Lucknow Super Giants,2,48,8.0,19,39.58,9,18.75,0.14250152669935567,0.2668986128423861,0.4988027072606519,0.2327589901536441,0.1833919977753072,0.7952349022878059,powerplay,,,,
2023,Naveen-ul-Haq,Royal Challengers Bengaluru,0,6,12.0,2,33.33,2,33.33,0.031513249559429496,0.42343101293573393,0.4380373469023283,0.40460241212695697,-0.11395491048341563,0.497887994029083,powerplay,,,,
2023,Nithish Kumar Reddy,Sunrisers Hyderabad,0,18,9.0,7,38.89,4,22.22,0.031513249559429496,0.30603171286572306,0.492094211477093,0.2736572531335752,-0.01284916927730445,0.5989937352351942,powerplay,Nithish Kumar Reddy,2023.0,2366172.2646,-0.5430360869975203
2023,Noor Ahmad,Gujarat Titans,2,42,8.14,15,35.71,7,16.67,0.14250152669935567,0.27237724684565334,0.4611767961267779,0.20824360485155288,0.17426798449392963,0.7861108890064283,powerplay,,,,
2023,Noor Ahmad,Royal Challengers Bengaluru,0,6,9.0,1,16.67,1,16.67,0.031513249559429496,0.30603171286572306,0.2760612023311809,0.20824360485155288,-0.06457634236467359,0.5472665621478251,powerplay,,,,
2023,NT Ellis,Punjab Kings,4,60,6.8,24,40.0,9,15.0,0.2534898038392818,0.21993889281438173,0.5028861394767312,0.1885605791522776,0.38341898536429564,0.9952618898767943,powerplay,,,,
2023,NT Ellis,Royal Challengers Bengaluru,0,6,10.0,2,33.33,2,33.33,0.031513249559429496,0.34516481288906004,0.4380373469023283,0.40460241212695697,-0.07482181046007871,0.5370210940524199,powerplay,,,,
2023,P Dubey,Delhi Capitals,0,6,4.0,2,33.33,0,0.0,0.031513249559429496,0.11036621274903828,0.4380373469023283,0.0117669351468117,0.12114458500596124,0.7329874895184599,powerplay,,,,
2023,PP Chawla,Mumbai Indians,6,96,7.5,32,33.33,15,15.63,0.364478080979208,0.2473320628307176,0.4380373469023283,0.1959859122005072,0.5152651116840503,1.127108016196549,powerplay,,,,
2023,PP Chawla,Royal Challengers Bengaluru,0,12,10.0,4,33.33,4,33.33,0.031513249559429496,0.34516481288906004,0.4380373469023283,0.40460241212695697,-0.07482181046007871,0.5370210940524199,powerplay,,,,
2023,PWH de Silva,Royal Challengers Bengaluru,4,36,7.5,18,50.0,7,19.44,0.2534898038392818,0.2473320628307176,0.6001107160500491,0.24089149777789554,0.3884235896029995,1.0002664941154982,powerplay,,,,
2023,R Ashwin,Rajasthan Royals,1,84,7.57,26,30.95,11,13.1,0.08700738812939258,0.2500713798323512,0.4148978976778787,0.16616671757825194,0.0967114180656265,0.7085543225781252,powerplay,,,,
2023,R Ashwin,Royal Challengers Bengaluru,0,12,10.0,4,33.33,3,25.0,0.031513249559429496,0.34516481288906004,0.4380373469023283,0.3064230084892549,-0.055185929732538296,0.5566569747799603,powerplay,,,,
2023,R Dhawan,Punjab Kings,0,18,9.67,8,44.44,5,27.78,0.031513249559429496,0.3322508898813588,0.5460538514752843,0.3391887638449346,-0.0228771679279368,0.5889657365845619,powerplay,,,,
2023,RA Jadeja,Chennai Super Kings,3,72,6.67,22,30.56,5,6.94,0.19799566526931872,0.21485158981134794,0.4111061391915193,0.09356346110667396,0.2941868525344251,0.9060297570469238,powerplay,,,,
2023,Rashid Khan,Gujarat Titans,6,96,8.25,35,36.46,18,18.75,0.364478080979208,0.27668188784822034,0.4684686393697768,0.2327589901536441,0.5023649713249061,1.1142078758374048,powerplay,,,,
2023,Rashid Khan,Royal Challengers Bengaluru,0,12,7.5,1,8.33,1,8.33,0.031513249559429496,0.2473320628307176,0.19497590546903387,0.10994633878451379,-0.03989265319240716,0.5719502513200915,powerplay,,,,
2023,Ravi Bishnoi,Lucknow Super Giants,0,18,6.67,5,27.78,2,11.11,0.031513249559429496,0.21485158981134794,0.38407770690413695,0.14271209414019345,0.026524972676672656,0.6383678771891713,powerplay,,,,
2023,Ravi Bishnoi,Royal Challengers Bengaluru,0,12,5.5,3,25.0,0,0.0,0.031513249559429496,0.1690658627840437,0.3570492746167546,0.0117669351468117,0.06749833830278643,0.6793412428152851,powerplay,,,,
2023,RD Chahar,Punjab Kings,0,54,6.56,18,33.33,6,11.11,0.031513249559429496,0.2105469488087809,0.4380373469023283,0.14271209414019345,0.044865185177413586,0.6567080896899122,powerplay,,,,
2023,RD Chahar,Royal Challengers Bengaluru,0,6,4.0,3,50.0,0,0.0,0.031513249559429496,0.11036621274903828,0.6001107160500491,0.0117669351468117,0.1697665957502775,0.7816095002627762,powerplay,,,,
2023,RJW Topley,Royal Challengers Bengaluru,1,12,7.0,7,58.33,3,25.0,0.08700738812939258,0.22776551281904914,0.6810987883356228,0.3064230084892549,0.15967336058740017,0.7715162650998988,powerplay,RJW Topley,2023.0,22478636.513699997,0.7103338340387525
2023,RP Meredith,Mumbai Indians,0,24,10.75,11,45.83,8,33.33,0.031513249559429496,0.37451463790656275,0.5595680676189755,0.40460241212695697,-0.05303750675383592,0.5588053977586628,powerplay,,,,
2023,RS Hangargekar,Chennai Super Kings,1,6,12.0,2,33.33,2,33.33,0.08700738812939258,0.42343101293573393,0.4380373469023283,0.40460241212695697,-0.030713702628471007,0.5811292018840277,powerplay,,,,
2023,Sandeep Sharma,Rajasthan Royals,2,108,7.61,46,42.59,20,18.52,0.14250152669935567,0.25163670383328474,0.5280673048092206,0.23004815427889364,0.2003444987193786,0.8121874032318772,powerplay,Sandeep Sharma,2023.0,2366172.2646,8.467029291007547
2023,Sandeep Sharma,Royal Challengers Bengaluru,0,18,10.33,7,38.89,5,27.78,0.031513249559429496,0.35807873589676126,0.492094211477093,0.3391887638449346,-0.05197898293509545,0.5598639215774033,powerplay,Sandeep Sharma,2023.0,2366172.2646,-2.196753960510245
2023,Shahbaz Ahmed,Royal Challengers Bengaluru,0,18,17.33,1,5.56,8,44.44,0.031513249559429496,0.6320104360601198,0.16804469775822484,0.5355475711203387,-0.3254314485875159,0.2864114559249828,powerplay,,,,
2023,Sikandar Raza,Punjab Kings,0,12,14.0,4,33.33,5,41.67,0.031513249559429496,0.5016972129824079,0.4380373469023283,0.5028996781939961,-0.17274746372016042,0.43909544079233825,powerplay,Sikandar Raza,2023.0,5915430.661499999,-2.9202854974612475
2023,SM Curran,Punjab Kings,0,78,9.0,26,33.33,18,23.08,0.031513249559429496,0.30603171286572306,0.4380373469023283,0.2837934220565553,-0.031093462434329866,0.5807494420781688,powerplay,SM Curran,2023.0,218870934.4755,-0.01420630039746571
2023,SM Curran,Royal Challengers Bengaluru,0,6,10.0,0,0.0,1,16.67,0.031513249559429496,0.34516481288906004,0.11398783318346016,0.20824360485155288,-0.1327649031206583,0.47907800139184037,powerplay,SM Curran,2023.0,218870934.4755,-0.06065899222243224
2023,SN Thakur,Kolkata Knight Riders,1,30,12.8,6,20.0,11,36.67,0.08700738812939258,0.4547374929544035,0.3084369863300957,0.44396846352550745,-0.09312026108918567,0.518722643423313,powerplay,,,,
2023,SP Narine,Kolkata Knight Riders,2,72,9.0,28,38.89,16,22.22,0.14250152669935567,0.30603171286572306,0.492094211477093,0.2736572531335752,0.1536332464325848,0.7654761509450835,powerplay,,,,
2023,SSB Magala,Chennai Super Kings,0,12,14.0,1,8.33,5,41.67,0.031513249559429496,0.5016972129824079,0.19497590546903387,0.5028996781939961,-0.24566589615014875,0.3661770083623499,powerplay,,,,
2023,Suyash Sharma,Kolkata Knight Riders,3,36,8.0,11,30.56,7,19.44,0.19799566526931872,0.2668986128423861,0.4111061391915193,0.24089149777789554,0.23869773368466174,0.8505406381971604,powerplay,,,,
2023,Swapnil Singh,Lucknow Super Giants,0,6,11.0,1,16.67,2,33.33,0.031513249559429496,0.384297912912397,0.2760612023311809,0.40460241212695697,-0.14298120384309138,0.4688617006694073,powerplay,,,,
2023,T Natarajan,Sunrisers Hyderabad,2,72,8.67,26,36.11,16,22.22,0.14250152669935567,0.29311778985802184,0.46506577918971065,0.2736572531335752,0.15198167825022074,0.7638245827627195,powerplay,,,,
2023,TA Boult,Rajasthan Royals,2,84,8.14,41,48.81,19,22.62,0.14250152669935567,0.27237724684565334,0.5885409914378242,0.27837175030705436,0.19845161399614325,0.8102945185086419,powerplay,,,,
2023,TA Boult,Royal Challengers Bengaluru,1,12,11.0,3,25.0,4,33.33,0.08700738812939258,0.384297912912397,0.3570492746167546,0.40460241212695697,-0.03544357430247465,0.576399330210024,powerplay,,,,
2023,TG Southee,Kolkata Knight Riders,1,24,12.75,9,37.5,9,37.5,0.08700738812939258,0.45278083795323665,0.47857999533340184,0.4537510451604765,-0.043055547214604195,0.5687873572978945,powerplay,,,,
2023,TU Deshpande,Chennai Super Kings,7,192,8.16,88,45.83,38,19.79,0.419972219549171,0.27315990884612,0.5595680676189755,0.24501668280468974,0.6122454586254512,1.22408836313795,powerplay,,,,
2023,Umran Malik,Sunrisers Hyderabad,0,12,25.0,0,0.0,10,83.33,0.031513249559429496,0.9321613132391143,0.11398783318346016,0.9939145588118433,-0.5833973440877436,0.0284455604247551,powerplay,,,,
2023,UT Yadav,Kolkata Knight Riders,0,42,10.57,17,40.48,11,26.19,0.031513249559429496,0.3674706799023621,0.5075529191522504,0.3204486375803552,-0.048289317382432737,0.563553587130066,powerplay,,,,
2023,VG Arora,Kolkata Knight Riders,2,42,7.0,17,40.48,4,9.52,0.14250152669935567,0.22776551281904914,0.5075529191522504,0.12397196787561408,0.22734101581006128,0.83918392032256,powerplay,VG Arora,2023.0,7098516.793799999,3.2026551801444767
2023,Vijaykumar Vyshak,Royal Challengers Bengaluru,1,36,9.5,13,36.11,8,22.22,0.08700738812939258,0.3255982628773916,0.46506577918971065,0.2736572531335752,0.05250023388559123,0.6643431383980899,powerplay,,,,
2023,Washington Sundar,Sunrisers Hyderabad,0,42,10.14,13,30.95,11,26.19,0.031513249559429496,0.35064344689232724,0.4148978976778787,0.3204486375803552,-0.06767220731972683,0.5441706971927719,powerplay,,,,
2023,WD Parnell,Royal Challengers Bengaluru,6,102,8.35,45,44.12,23,22.55,0.364478080979208,0.28059519785055403,0.5429426650249383,0.2775467133016955,0.5137929793906774,1.125635883903176,powerplay,,,,
2023,Yash Dayal,Gujarat Titans,1,18,10.33,6,33.33,5,27.78,0.08700738812939258,0.35807873589676126,0.4380373469023283,0.3391887638449346,0.015045165547419803,0.6268880700599184,powerplay,,,,
2023,Yash Dayal,Royal Challengers Bengaluru,0,12,10.5,4,33.33,4,33.33,0.031513249559429496,0.3647313629007285,0.4380373469023283,0.40460241212695697,-0.08460508546591292,0.5272378190465857,powerplay,,,,
2023,Yash Thakur,Lucknow Super Giants,2,42,9.0,16,38.1,7,16.67,0.14250152669935567,0.30603171286572306,0.48441346992780093,0.20824360485155288,0.16441175362420168,0.7762546581367004,powerplay,Yash Thakur,2023.0,5323887.59535,3.088189798894374
2023,YS Chahal,Rajasthan Royals,2,36,6.0,13,36.11,3,8.33,0.14250152669935567,0.1886324127957122,0.46506577918971065,0.10994633878451379,0.23696654965118782,0.8488094541636865,powerplay,,,,
2023,YS Chahal,Royal Challengers Bengaluru,0,12,7.5,3,25.0,1,8.33,0.031513249559429496,0.2473320628307176,0.3570492746167546,0.10994633878451379,0.008729357551909064,0.6205722620644077,powerplay,,,,
2023,Yuvraj Singh,Lucknow Super Giants,2,30,10.6,14,46.67,9,30.0,0.14250152669935567,0.3686446729030622,0.5677349320511342,0.3653542231577436,0.12667958858129397,0.7385224930937926,powerplay,,,,
2024,A Badoni,Lucknow Super Giants,0,6,19.0,0,0.0,3,50.0,0.01285660783104903,0.6037780986007912,0.08466167730315205,0.5578475452529502,-0.3687751434134665,0.24306776109903216,powerplay,,,,
2024,A Kamboj,Mumbai Indians,1,36,11.83,11,30.56,10,27.78,0.0636582240358525,0.3747885262191332,0.40772615969583964,0.31533211878695055,-0.03265550290442609,0.5791874016080726,powerplay,A Kamboj,2024.0,2217593.5,-1.4725648728870324
2024,A Nortje,Delhi Capitals,2,36,11.67,13,36.11,13,36.11,0.11445984024065597,0.3696785776025272,0.4663978834288048,0.40624811799765154,0.04552021298883149,0.6573631175013301,powerplay,,,,
2024,AD Russell,Kolkata Knight Riders,0,6,14.0,2,33.33,2,33.33,0.01285660783104903,0.44409220433185254,0.4370091641535538,0.37590640397535274,-0.14683972196835715,0.4650031825441415,powerplay,,,,
2024,Akash Deep,Royal Challengers Bengaluru,0,6,9.0,3,50.0,1,16.67,0.01285660783104903,0.28440631006291395,0.6132357649875232,0.19407440555395064,0.02223760510058339,0.634080509613082,powerplay,,,,
2024,Akash Madhwal,Mumbai Indians,3,48,7.5,23,47.92,11,22.92,0.16526145644545945,0.23650054178223237,0.5912470829398533,0.2622886906760252,0.25455830052382394,0.8664012050363226,powerplay,,,,
2024,AR Patel,Delhi Capitals,4,66,8.36,23,34.85,11,16.67,0.2160630726502629,0.2639665155964898,0.4530778164191587,0.19407440555395064,0.2892198149921069,0.9010627195046056,powerplay,,,,
2024,Arjun Tendulkar,Mumbai Indians,0,12,5.0,7,58.33,1,8.33,0.01285660783104903,0.15665759464776308,0.7012962079957392,0.10304926348705419,0.13073512412400293,0.7425780286365016,powerplay,,,,
2024,Arshad Khan,Lucknow Super Giants,0,24,11.25,9,37.5,8,33.33,0.01285660783104903,0.3562649624839363,0.48109224306643034,0.37590640397535274,-0.08970117737053607,0.5221417271419626,powerplay,Arshad Khan,2024.0,2217593.5,-4.044978368241793
2024,Arshdeep Singh,Punjab Kings,6,150,9.04,61,40.67,36,24.0,0.31766630505986987,0.28568379721706544,0.5146038402256194,0.27407611914511976,0.433223487219934,1.0450663917324325,powerplay,Arshdeep Singh,2024.0,2217593.5,19.535748423682428
2024,AS Joseph,Royal Challengers Bengaluru,0,18,11.67,8,44.44,5,27.78,0.01285660783104903,0.3696785776025272,0.554458326437021,0.31533211878695055,-0.062283302880973904,0.5495596016315247,powerplay,AS Joseph,2024.0,127511626.25,-0.04884519530702315
2024,AS Roy,Kolkata Knight Riders,0,30,10.8,12,40.0,10,33.33,0.01285660783104903,0.3418932319997319,0.5075209474506489,0.37590640397535274,-0.07458670081316829,0.5372562036993304,powerplay,,,,
2024,Avesh Khan,Rajasthan Royals,5,96,10.88,27,28.13,27,28.13,0.2668646888550664,0.34444820630803485,0.3820374590343792,0.31915211875378663,0.2788537440881387,0.8906966486006374,powerplay,,,,
2024,Azmatullah Omarzai,Gujarat Titans,2,72,10.67,27,37.5,22,30.56,0.11445984024065597,0.33774139874873943,0.48109224306643034,0.3456738328092493,0.07801196734469348,0.6898548718571922,powerplay,Azmatullah Omarzai,2024.0,5543983.75,1.407146392604298
2024,B Kumar,Sunrisers Hyderabad,8,168,10.07,69,41.07,50,29.76,0.4192695374694768,0.31857909143646684,0.5188324329270944,0.33694240431362377,0.5578760095013854,1.1697189140138842,powerplay,,,,
2024,C Green,Royal Challengers Bengaluru,1,18,8.0,7,38.89,2,11.11,0.0636582240358525,0.2524691312091263,0.49578660270405583,0.133390977509353,0.09131055575856176,0.7031534602710604,powerplay,,,,
2024,CV Varun,Kolkata Knight Riders,2,30,7.4,12,40.0,5,16.67,0.11445984024065597,0.23330682389685362,0.5075209474506489,0.19407440555395064,0.1684777515369617,0.7803206560494604,powerplay,,,,
2024,DL Chahar,Chennai Super Kings,4,78,9.62,32,41.03,21,26.92,0.2160630726502629,0.3042073609522623,0.5184095736569468,0.305945833154153,0.2663246339655166,0.8781675384780152,powerplay,,,,
2024,G Coetzee,Mumbai Indians,2,54,11.22,24,44.44,17,31.48,0.11445984024065597,0.3553068471183227,0.554458326437021,0.3557149755792187,0.08923083961708513,0.7010737441295838,powerplay,G Coetzee,2024.0,55439837.5,0.1609507596718427
2024,GJ Maxwell,Royal Challengers Bengaluru,2,30,7.6,11,36.67,4,13.33,0.11445984024065597,0.23969425966761115,0.4723179132108698,0.15762069158471395,0.16201386617349653,0.7738567706859952,powerplay,,,,
2024,Harpreet Brar,Punjab Kings,0,48,7.0,14,29.17,5,10.42,0.01285660783104903,0.2205319523553385,0.39303180005821414,0.12586012043187597,0.0017564514999933202,0.613599356012492,powerplay,,,,
2024,Harshit Rana,Kolkata Knight Riders,6,90,9.07,43,47.78,21,23.33,0.31766630505986987,0.2866419125826791,0.589767075494337,0.2667635477800333,0.4567559143907597,1.0685988189032583,powerplay,,,,
2024,HH Pandya,Mumbai Indians,2,54,11.89,21,38.89,20,37.04,0.11445984024065597,0.3767047569503605,0.49578660270405583,0.41639840362381625,0.04879368197225721,0.6606365864847559,powerplay,,,,
2024,HV Patel,Punjab Kings,1,42,10.14,19,45.24,11,26.19,0.0636582240358525,0.32081469395623197,0.5629155118399709,0.29797840465189473,0.04435896169727509,0.6562018662097737,powerplay,HV Patel,2024.0,130283618.125,0.034047996467763963
2024,I Sharma,Delhi Capitals,6,96,9.44,47,48.96,24,25.0,0.31766630505986987,0.2984586687585805,0.6022414239636882,0.2849904047646517,0.45094446944669064,1.0627873739591893,powerplay,,,,
2024,J Little,Gujarat Titans,1,12,17.0,4,33.33,7,58.33,0.0636582240358525,0.5399037408932157,0.4370091641535538,0.6487635444636513,-0.17311449403949322,0.4387284104730055,powerplay,,,,
2024,JA Richardson,Delhi Capitals,0,6,13.0,3,50.0,2,33.33,0.01285660783104903,0.4121550254780648,0.6132357649875232,0.37590640397535274,-0.07800315229127247,0.5338397522212261,powerplay,JA Richardson,2024.0,55439837.5,-0.1406987390453164
2024,JD Unadkat,Sunrisers Hyderabad,0,30,10.4,4,13.33,5,16.67,0.01285660783104903,0.3291183604582168,0.22557952907980536,0.19407440555395064,-0.11641529086938338,0.49542761364311527,powerplay,JD Unadkat,2024.0,17740748.0,-0.6562028324250103
2024,JJ Bumrah,Mumbai Indians,6,126,6.1,77,61.11,18,14.29,0.31766630505986987,0.19178849138692955,0.7306849272709903,0.16809840577946455,0.5661910089217443,1.178033913434243,powerplay,,,,
2024,K Gowtham,Lucknow Super Giants,0,6,22.0,2,33.33,4,66.67,0.01285660783104903,0.6995896351621543,0.4370091641535538,0.7397886865305477,-0.34736489389454706,0.2644780106179516,powerplay,,,,
2024,K Rabada,Punjab Kings,4,96,9.75,41,42.71,28,29.17,0.2160630726502629,0.30835919420325475,0.5361696630031418,0.3305029757980999,0.26466531561508955,0.8765082201275882,powerplay,,,,
2024,KA Maharaj,Rajasthan Royals,0,6,8.0,3,50.0,1,16.67,0.01285660783104903,0.2524691312091263,0.6132357649875232,0.19407440555395064,0.03820619452747722,0.6500490990399759,powerplay,,,,
2024,Kartik Tyagi,Gujarat Titans,0,6,10.0,2,33.33,1,16.67,0.01285660783104903,0.31634348891670167,0.4370091641535538,0.19407440555395064,-0.04659896457650129,0.5652439399359974,powerplay,Kartik Tyagi,2024.0,6652780.5,-0.7004434397993635
2024,KH Pandya,Lucknow Super Giants,0,54,8.56,13,24.07,8,14.81,0.01285660783104903,0.2703539513672473,0.3391172431144083,0.1737738343016212,-0.048911657863051884,0.5629312466494468,powerplay,,,,
2024,KK Ahmed,Delhi Capitals,6,126,9.33,55,43.65,33,26.19,0.31766630505986987,0.2949455790846639,0.546106855851608,0.29797840465189473,0.4332630438725763,1.0451059483850749,powerplay,,,,
2024,KR Sen,Rajasthan Royals,0,12,14.5,1,8.33,5,41.67,0.01285660783104903,0.4600607937587464,0.17272212031136824,0.4669315460422492,-0.252315158247839,0.35952774626465966,powerplay,,,,
2024,KT Maphaka,Mumbai Indians,0,12,17.5,2,16.67,7,58.33,0.01285660783104903,0.5558723303201095,0.2608882781371214,0.6487635444636513,-0.31013747886507503,0.30170542564742364,powerplay,,,,
2024,Kuldeep Yadav,Delhi Capitals,2,36,10.5,10,27.78,7,19.44,0.11445984024065597,0.33231207834359555,0.3783374404205886,0.2243069767200541,0.07417355797135194,0.6860164624838506,powerplay,,,,
2024,KV Sharma,Royal Challengers Bengaluru,1,12,9.0,3,25.0,2,16.67,0.0636582240358525,0.28440631006291395,0.34894872114533754,0.19407440555395064,0.0191539162551329,0.6309968207676315,powerplay,,,,
2024,L Wood,Mumbai Indians,0,6,7.0,2,33.33,1,16.67,0.01285660783104903,0.2205319523553385,0.4370091641535538,0.19407440555395064,0.0013068037041802857,0.6131497082166789,powerplay,,,,
2024,Lalit Yadav,Delhi Capitals,0,18,19.0,2,11.11,10,55.56,0.01285660783104903,0.6037780986007912,0.2021108395866193,0.6185309732975478,-0.34567708033734584,0.26616582417515283,powerplay,,,,
2024,LB Williams,Delhi Capitals,0,12,9.5,6,50.0,3,25.0,0.01285660783104903,0.30037489948980783,0.6132357649875232,0.2849904047646517,-0.00392988945500377,0.607913015057495,powerplay,,,,
2024,LH Ferguson,Royal Challengers Bengaluru,2,30,14.0,7,23.33,13,43.33,0.11445984024065597,0.44409220433185254,0.33129434661667956,0.4850492601706722,-0.04797788985407288,0.5638650146584258,powerplay,LH Ferguson,2024.0,22175935.0,-0.21635114755735385
2024,LS Livingstone,Punjab Kings,0,6,6.0,4,66.67,1,16.67,0.01285660783104903,0.1885947735015508,0.7894623658214924,0.19407440555395064,0.12301135363145574,0.7348542581439544,powerplay,,,,
2024,M Jansen,Sunrisers Hyderabad,1,36,13.5,13,36.11,12,33.33,0.0636582240358525,0.4281236149049587,0.4663978834288048,0.37590640397535274,-0.053836387165129715,0.558006517347369,powerplay,,,,
2024,M Markande,Sunrisers Hyderabad,3,24,9.0,4,16.67,3,12.5,0.16526145644545945,0.28440631006291395,0.2608882781371214,0.14856183452050242,0.15424314617376814,0.7660860506862668,powerplay,,,,
2024,M Siddharth,Lucknow Super Giants,1,31,9.68,10,32.26,6,19.35,0.0636582240358525,0.3061235916834896,0.4256976786771082,0.22332469101429625,0.025469905612307144,0.6373128101248058,powerplay,M Siddharth,2024.0,26611122.0,0.09571150593465072
2024,M Theekshana,Chennai Super Kings,0,48,7.5,21,43.75,8,16.67,0.01285660783104903,0.23650054178223237,0.5471640040269767,0.19407440555395064,0.02636896095276025,0.6382118654652589,powerplay,,,,
2024,MA Starc,Kolkata Knight Riders,9,120,10.8,48,40.0,37,30.83,0.4700711536742803,0.3418932319997319,0.5075209474506489,0.3486206899265229,0.6166922607614447,1.2285351652739434,powerplay,,,,
2024,Mayank Dagar,Royal Challengers Bengaluru,1,12,12.0,4,33.33,4,33.33,0.0636582240358525,0.38021784662427716,0.4370091641535538,0.37590640397535274,-0.03870011880736425,0.5731427857051344,powerplay,,,,
2024,MJ Henry,Lucknow Super Giants,0,42,10.43,12,28.57,9,21.43,0.01285660783104903,0.3300764758238304,0.3866889110060016,0.24602640510292265,-0.07895193388412569,0.532890970628373,powerplay,,,,
2024,MJ Santner,Chennai Super Kings,0,12,2.0,8,66.67,0,0.0,0.01285660783104903,0.0608460580863999,0.7894623658214924,0.012133264276353124,0.2232739395945507,0.8351168441070493,powerplay,,,,
2024,MJ Suthar,Gujarat Titans,0,12,13.0,4,33.33,4,33.33,0.01285660783104903,0.4121550254780648,0.4370091641535538,0.37590640397535274,-0.1308711325414633,0.48097177197103536,powerplay,MJ Suthar,2024.0,2217593.5,-5.901493332365165
2024,MM Ali,Chennai Super Kings,0,6,6.0,0,0.0,0,0.0,0.01285660783104903,0.1885947735015508,0.08466167730315205,0.012133264276353124,-0.05204062466852687,0.5598022798439718,powerplay,,,,
2024,MM Sharma,Gujarat Titans,1,24,11.0,7,29.17,8,33.33,0.0636582240358525,0.3482806677704894,0.39303180005821414,0.37590640397535274,-0.03592473860907226,0.5759181659034264,powerplay,,,,
2024,Mohammad Nabi,Mumbai Indians,0,24,6.75,6,25.0,2,8.33,0.01285660783104903,0.2125476576418916,0.34894872114533754,0.10304926348705419,-0.0029141534281818433,0.6089287510843169,powerplay,Mohammad Nabi,2024.0,16631951.25,-0.017521416365273698
2024,Mohammed Siraj,Royal Challengers Bengaluru,5,144,9.54,56,38.89,35,24.31,0.2668646888550664,0.3016523866439593,0.49578660270405583,0.2774595476871746,0.3427149112344018,0.9545578157469005,powerplay,,,,
2024,Mohsin Khan,Lucknow Super Giants,5,114,9.21,49,42.98,29,25.44,0.2668646888550664,0.29111311762220937,0.5390239630766374,0.28979269043724576,0.35848912530703697,0.9703320298195357,powerplay,,,,
2024,MP Stoinis,Lucknow Super Giants,2,18,6.67,8,44.44,2,11.11,0.11445984024065597,0.20999268333358856,0.554458326437021,0.133390977509353,0.20635272112342534,0.818195625635924,powerplay,,,,
2024,MP Yadav,Lucknow Super Giants,1,18,9.0,9,50.0,5,27.78,0.0636582240358525,0.28440631006291395,0.6132357649875232,0.31533211878695055,0.07418848676118862,0.6860313912736873,powerplay,,,,
2024,MR Marsh,Delhi Capitals,0,12,8.0,3,25.0,2,16.67,0.01285660783104903,0.2524691312091263,0.34894872114533754,0.19407440555395064,-0.04107991862517848,0.5707629858873202,powerplay,,,,
2024,Mukesh Choudhary,Chennai Super Kings,0,6,27.0,2,33.33,4,66.67,0.01285660783104903,0.859275529431093,0.4370091641535538,0.7397886865305477,-0.4272078410290164,0.1846350634834823,powerplay,,,,
2024,Mukesh Kumar,Delhi Capitals,4,72,10.25,30,41.67,23,31.94,0.2160630726502629,0.32432778363014864,0.5251753219793068,0.36073554696420335,0.24733620436127135,0.85917910887377,powerplay,,,,
2024,Mustafizur Rahman,Chennai Super Kings,3,73,8.38,32,43.84,18,24.66,0.16526145644545945,0.2646052591735656,0.5481154373848086,0.2812795476540108,0.22376827676604683,0.8356111812785455,powerplay,,,,
2024,N Burger,Rajasthan Royals,4,66,10.45,30,45.45,20,30.3,0.2160630726502629,0.33071521940090615,0.5651355230082453,0.342836118548171,0.25971043246778064,0.8715533369802793,powerplay,N Burger,2024.0,5543983.75,4.6845453410245055
2024,N Thushara,Mumbai Indians,2,48,11.25,13,27.08,16,33.33,0.11445984024065597,0.3562649624839363,0.3709374031930074,0.37590640397535274,0.029657219281847474,0.6415001237943462,powerplay,N Thushara,2024.0,53222244.0,0.055723353720011276
2024,N Wadhera,Mumbai Indians,0,6,7.0,2,33.33,1,16.67,0.01285660783104903,0.2205319523553385,0.4370091641535538,0.19407440555395064,0.0013068037041802857,0.6131497082166789,powerplay,,,,
2024,Naman Dhir,Mumbai Indians,0,6,6.0,3,50.0,1,16.67,0.01285660783104903,0.1885947735015508,0.6132357649875232,0.19407440555395064,0.07014337338126497,0.6819862778937636,powerplay,Naman Dhir,2024.0,2217593.5,3.1630401776188903
2024,Naveen-ul-Haq,Lucknow Super Giants,3,78,11.54,25,32.05,27,34.62,0.16526145644545945,0.36552674435153476,0.42347766750883387,0.38998583242454893,0.11417494626016217,0.7260178507726609,powerplay,,,,
2024,Nithish Kumar Reddy,Sunrisers Hyderabad,0,12,11.0,3,25.0,4,33.33,0.01285660783104903,0.3482806677704894,0.34894872114533754,0.37590640397535274,-0.12535208659014047,0.4864908179223582,powerplay,,,,
2024,Noor Ahmad,Gujarat Titans,4,42,7.0,15,35.71,6,14.29,0.2160630726502629,0.2205319523553385,0.4621692907273299,0.16809840577946455,0.3188597388600311,0.9307026433725298,powerplay,,,,
2024,NT Ellis,Punjab Kings,1,12,3.0,6,50.0,0,0.0,0.0636582240358525,0.09278323694018764,0.6132357649875232,0.012133264276353124,0.23063979422467126,0.84248269873717,powerplay,,,,
2024,PJ Cummins,Sunrisers Hyderabad,6,120,9.65,54,45.0,32,26.67,0.31766630505986987,0.305165476317876,0.560378356219086,0.30321726174927,0.43138677394673863,1.0432296784592374,powerplay,PJ Cummins,2024.0,227303333.75,0.18978462252612635
2024,PP Chawla,Mumbai Indians,2,36,10.17,13,36.11,8,22.22,0.11445984024065597,0.3217728093218456,0.4663978834288048,0.25464869074235286,0.09979298258023203,0.7116358870927307,powerplay,,,,
2024,PVD Chameera,Kolkata Knight Riders,0,6,23.0,1,16.67,4,66.67,0.01285660783104903,0.731526814015942,0.2608882781371214,0.7397886865305477,-0.4161697491263706,0.19567315538612806,powerplay,,,,
2024,R Ashwin,Rajasthan Royals,2,102,7.59,27,26.47,11,10.78,0.11445984024065597,0.23937488787907327,0.36448879932325806,0.12978926325490744,0.13539110356744324,0.7472340080799419,powerplay,,,,
2024,R Dhawan,Punjab Kings,0,18,13.0,4,22.22,6,33.33,0.01285660783104903,0.4121550254780648,0.31956000187008654,0.37590640397535274,-0.16610588122650347,0.4457370232859952,powerplay,,,,
2024,R Parag,Rajasthan Royals,0,6,6.0,3,50.0,1,16.67,0.01285660783104903,0.1885947735015508,0.6132357649875232,0.19407440555395064,0.07014337338126497,0.6819862778937636,powerplay,,,,
2024,R Sai Kishore,Gujarat Titans,1,24,6.75,9,37.5,2,8.33,0.0636582240358525,0.2125476576418916,0.48109224306643034,0.10304926348705419,0.11293132745535123,0.7247742319678498,powerplay,,,,
2024,R Shepherd,Mumbai Indians,1,12,11.0,4,33.33,3,25.0,0.0636582240358525,0.3482806677704894,0.4370091641535538,0.2849904047646517,-0.004548329538330155,0.6072945749741685,powerplay,,,,
2024,RA Jadeja,Chennai Super Kings,2,72,8.67,11,15.28,10,13.89,0.11445984024065597,0.273867041041164,0.24619391849949587,0.16373269153165182,0.07586787708392037,0.6877107815964191,powerplay,,,,
2024,Rashid Khan,Gujarat Titans,3,60,6.6,25,41.67,8,13.33,0.16526145644545945,0.2077570808138234,0.5251753219793068,0.15762069158471395,0.27004210253812677,0.8818850070506254,powerplay,,,,
2024,Rasikh Salam,Delhi Capitals,0,18,14.33,4,22.22,9,50.0,0.01285660783104903,0.45463147335360254,0.31956000187008654,0.5578475452529502,-0.22373233341979182,0.38811057109270686,powerplay,Rasikh Salam,2024.0,2217593.5,-10.08896957083396
2024,Ravi Bishnoi,Lucknow Super Giants,1,42,7.71,13,30.95,6,14.29,0.0636582240358525,0.2432073493415278,0.4118490375797777,0.16809840577946455,0.06381869150105524,0.6756615960135539,powerplay,,,,
2024,RD Chahar,Punjab Kings,0,24,8.0,4,16.67,3,12.5,0.01285660783104903,0.2524691312091263,0.2608882781371214,0.14856183452050242,-0.05839553732095367,0.553447367191545,powerplay,,,,
2024,RJ Gleeson,Chennai Super Kings,1,18,9.67,8,44.44,5,27.78,0.0636582240358525,0.30580421989495177,0.554458326437021,0.31533211878695055,0.045856300280019024,0.6576992047925176,powerplay,,,,
2024,RJW Topley,Royal Challengers Bengaluru,0,24,11.5,5,20.83,7,29.17,0.01285660783104903,0.36424925719738327,0.304865642232461,0.3305029757980999,-0.1374806193419998,0.4743622851704989,powerplay,,,,
2024,S Gopal,Mumbai Indians,1,12,10.0,1,8.33,1,8.33,0.0636582240358525,0.31634348891670167,0.17272212031136824,0.10304926348705419,-0.031477625008572443,0.5803652795039262,powerplay,S Gopal,2024.0,2217593.5,-1.4194497327202864
2024,S Joseph,Lucknow Super Giants,0,12,7.5,6,50.0,2,16.67,0.01285660783104903,0.23650054178223237,0.6132357649875232,0.19407440555395064,0.04619048924092419,0.6580333937534228,powerplay,,,,
2024,S Sandeep Warrier,Gujarat Titans,6,60,10.8,28,46.67,16,26.67,0.31766630505986987,0.3418932319997319,0.578032730747744,0.30321726174927,0.41831920846440807,1.0301621129769067,powerplay,,,,
2024,Sandeep Sharma,Rajasthan Royals,4,90,7.73,38,42.22,18,20.0,0.2160630726502629,0.24384609291860354,0.5309896369438349,0.230418976666992,0.31538465826584466,0.9272275627783433,powerplay,Sandeep Sharma,2024.0,2217593.5,14.221932841426739
2024,SH Johnson,Gujarat Titans,1,36,9.33,15,41.67,9,25.0,0.0636582240358525,0.2949455790846639,0.5251753219793068,0.2849904047646517,0.04856906215230849,0.6604119666648072,powerplay,SH Johnson,2024.0,110879675.0,0.04380339512386602
2024,Shahbaz Ahmed,Sunrisers Hyderabad,2,60,9.0,18,30.0,11,18.33,0.11445984024065597,0.28440631006291395,0.4018061299137747,0.21219211968237361,0.10759002036718465,0.7194329248796834,powerplay,,,,
2024,Simarjeet Singh,Chennai Super Kings,1,12,8.0,5,41.67,1,8.33,0.0636582240358525,0.2524691312091263,0.5251753219793068,0.10304926348705419,0.10619551434559682,0.7180384188580955,powerplay,Simarjeet Singh,2024.0,2217593.5,4.788772800136581
2024,Simarjeet Singh,Chennai Super Kings,1,12,8.0,5,41.67,1,8.33,0.0636582240358525,0.2524691312091263,0.5251753219793068,0.10304926348705419,0.10619551434559682,0.7180384188580955,powerplay,Simarjeet Singh,2024.0,2217593.5,4.788772800136581
2024,SM Curran,Punjab Kings,2,90,8.8,36,40.0,20,22.22,0.11445984024065597,0.27801887429215644,0.5075209474506489,0.25464869074235286,0.13400686930162983,0.7458497738141285,powerplay,,,,
2024,SN Thakur,Chennai Super Kings,0,54,10.89,15,27.78,17,31.48,0.01285660783104903,0.34476757809657277,0.3783374404205886,0.3557149755792187,-0.11074064029138002,0.5011022642211187,powerplay,SN Thakur,2024.0,44351870.0,-0.249686518948085
2024,SP Narine,Kolkata Knight Riders,2,96,7.38,37,38.54,13,13.54,0.11445984024065597,0.23266808031977784,0.49208658409026523,0.1599126915648156,0.1709991571152115,0.7828420616277102,powerplay,,,,
2024,Sumit Kumar,Delhi Capitals,0,6,5.0,1,16.67,0,0.0,0.01285660783104903,0.15665759464776308,0.2608882781371214,0.012133264276353124,0.0167959450085578,0.6286388495210564,powerplay,Sumit Kumar,2024.0,11087967.5,0.15147902452417722
2024,Swapnil Singh,Royal Challengers Bengaluru,2,30,11.8,3,10.0,8,26.67,0.11445984024065597,0.3738304108535196,0.19037649484002628,0.30321726174927,-0.018755948963621955,0.5930869555488767,powerplay,,,,
2024,SZ Mulani,Mumbai Indians,0,12,10.5,3,25.0,2,16.67,0.01285660783104903,0.33231207834359555,0.34894872114533754,0.19407440555395064,-0.08100139219241312,0.5308415123200856,powerplay,,,,
2024,T Natarajan,Sunrisers Hyderabad,4,96,8.69,41,42.71,22,22.92,0.2160630726502629,0.27450578461823977,0.5361696630031418,0.2622886906760252,0.29523487743201193,0.9070777819445106,powerplay,,,,
2024,TA Boult,Rajasthan Royals,5,138,8.43,56,40.58,30,21.74,0.2668646888550664,0.26620211811625494,0.5136524068677876,0.24940983364497754,0.3714097295558129,0.9832526340683116,powerplay,,,,
2024,TU Deshpande,Chennai Super Kings,5,126,9.57,51,40.48,31,24.6,0.2668646888550664,0.30261050200957296,0.5125952586924188,0.2806246905168389,0.346645421782171,0.9584883262946697,powerplay,,,,
2024,Umran Malik,Sunrisers Hyderabad,0,6,15.0,2,33.33,2,33.33,0.01285660783104903,0.47602938318564025,0.4370091641535538,0.37590640397535274,-0.162808311395251,0.4490345931172477,powerplay,,,,
2024,UT Yadav,Gujarat Titans,4,84,9.71,37,44.05,24,28.57,0.2160630726502629,0.30708170704910326,0.5503354485530828,0.32395440442638074,0.2708635091314914,0.88270641364399,powerplay,UT Yadav,2024.0,64310211.5,0.4211827372570394
2024,V Kaverappa,Punjab Kings,2,18,8.33,8,44.44,3,16.67,0.11445984024065597,0.2630084002308762,0.554458326437021,0.19407440555395064,0.16770817706586202,0.7795510815783607,powerplay,,,,
2024,V Viyaskanth,Sunrisers Hyderabad,0,12,5.5,5,41.67,1,8.33,0.01285660783104903,0.17262618407465694,0.5251753219793068,0.10304926348705419,0.06991456360562628,0.681757468118125,powerplay,,,,
2024,VG Arora,Kolkata Knight Riders,9,127,9.21,58,45.67,26,20.47,0.4700711536742803,0.29111311762220937,0.5674612489940565,0.23554869090817196,0.6826788082168982,1.2945217127293969,powerplay,,,,
2024,Vijaykumar Vyshak,Royal Challengers Bengaluru,0,12,11.5,4,33.33,4,33.33,0.01285660783104903,0.36424925719738327,0.4370091641535538,0.37590640397535274,-0.10691824840112252,0.5049246561113762,powerplay,,,,
2024,Washington Sundar,Sunrisers Hyderabad,0,12,18.0,1,8.33,6,50.0,0.01285660783104903,0.5718409197470035,0.17272212031136824,0.5578475452529502,-0.32638842108410776,0.2854544834283909,powerplay,,,,
2024,WG Jacks,Royal Challengers Bengaluru,0,24,12.5,3,12.5,6,25.0,0.01285660783104903,0.396186436051171,0.21680519922424485,0.2849904047646517,-0.17076482746466884,0.44107807704782986,powerplay,,,,
2024,Yash Dayal,Royal Challengers Bengaluru,6,180,9.23,76,42.22,45,25.0,0.31766630505986987,0.29175186119928515,0.5309896369438349,0.2849904047646517,0.4329223371203824,1.0447652416328812,powerplay,Yash Dayal,2024.0,55439837.5,0.7808867353198544
2024,Yash Thakur,Lucknow Super Giants,5,54,9.67,26,48.15,17,31.48,0.2668646888550664,0.30580421989495177,0.5936785237432013,0.3557149755792187,0.3543554853422404,0.966198389854739,powerplay,,,,
2024,YS Chahal,Rajasthan Royals,1,24,6.75,8,33.33,3,12.5,0.0636582240358525,0.2125476576418916,0.4370091641535538,0.14856183452050242,0.09060388957479859,0.7024467940872973,powerplay,,,,
2024,Yuvraj Singh,Lucknow Super Giants,0,6,16.0,2,33.33,3,50.0,0.01285660783104903,0.507966562039428,0.4370091641535538,0.5578475452529502,-0.21516512907766439,0.3966777754348343,powerplay,,,,
2025,A Kamboj,Chennai Super Kings,7,126,8.1,54,42.86,25,19.84,0.3767960778953132,0.22735892183946435,0.5566554363239381,0.19834803811286877,0.5788416791978452,1.190684583710344,powerplay,A Kamboj,2025.0,35683000.0,1.6221777294449606
2025,A Nortje,Kolkata Knight Riders,0,18,13.33,7,38.89,7,38.89,0.0,0.4559902902092139,0.5050940251665411,0.46295098811638064,-0.16905713517792076,0.4427857693345779,powerplay,A Nortje,2025.0,68217500.0,-0.24782077205690733
2025,A Zampa,Sunrisers Hyderabad,0,6,19.0,1,16.67,3,50.0,0.0,0.7038564199714471,0.21650597581707998,0.6172679841551741,-0.41043001407163443,0.20141289044086425,powerplay,A Zampa,2025.0,25188000.000000004,-1.6294664684438398
2025,Abhishek Sharma,Sunrisers Hyderabad,0,24,10.0,10,41.67,6,25.0,0.0,0.31041811876155306,0.5412000007377159,0.27002001827130034,-0.04685306281372183,0.5649898416987769,powerplay,Abhishek Sharma,2025.0,3148500.0000000005,-1.4881074420746965
2025,Abhishek Sharma,Sunrisers Hyderabad,0,24,10.0,10,41.67,6,25.0,0.0,0.31041811876155306,0.5412000007377159,0.27002001827130034,-0.04685306281372183,0.5649898416987769,powerplay,Abhishek Sharma,2025.0,39881000.00000001,-0.1174821664795813
2025,AD Russell,Kolkata Knight Riders,2,12,14.5,2,16.67,4,33.33,0.10765602225580374,0.5071372693665002,0.21650597581707998,0.38572304050380707,-0.10427741665518189,0.5075654878573168,powerplay,,,,
2025,AK Markram,Lucknow Super Giants,1,12,12.0,4,33.33,3,25.0,0.05382801112790187,0.3978488523637517,0.4328820740241917,0.27002001827130034,-0.04232179093702562,0.5695211135754731,powerplay,AK Markram,2025.0,20990000.000000004,-0.2016283512959772
2025,Akash Deep,Lucknow Super Giants,2,66,12.0,23,34.85,24,36.36,0.10765602225580374,0.3978488523637517,0.4526234707393664,0.4278094939689326,0.01278474962985314,0.6246276541423518,powerplay,Akash Deep,2025.0,83960000.00000001,0.01522719107891036
2025,Akash Madhwal,Rajasthan Royals,0,6,13.0,1,16.67,2,33.33,0.0,0.44156421916485106,0.21650597581707998,0.38572304050380707,-0.23297492493806293,0.37886797957443574,powerplay,Akash Madhwal,2025.0,12594000.000000002,-1.849888239940153
2025,Akash Singh,Lucknow Super Giants,2,25,8.4,10,40.0,6,24.0,0.10765602225580374,0.24047353187979417,0.5195104398730174,0.2561300996359454,0.14587437947852464,0.7577172839910233,powerplay,,,,
2025,AR Patel,Delhi Capitals,2,96,8.38,30,31.25,17,17.71,0.10765602225580374,0.2395992245437722,0.40586753115079477,0.16876251141956272,0.1296921781731454,0.741535082685644,powerplay,,,,
2025,Arshad Khan,Gujarat Titans,5,102,10.0,41,40.2,27,26.47,0.2691400556395094,0.31041811876155306,0.5221079920723825,0.2904381986652721,0.34704578196714786,0.9588886864796465,powerplay,Arshad Khan,2025.0,102326250.00000001,0.3391561617543375
2025,Arshad Khan,Gujarat Titans,5,102,10.0,41,40.2,27,26.47,0.2691400556395094,0.31041811876155306,0.5221079920723825,0.2904381986652721,0.34704578196714786,0.9588886864796465,powerplay,Arshad Khan,2025.0,13643500.000000002,2.5436712131575314
2025,Arshdeep Singh,Punjab Kings,5,108,9.11,47,43.52,28,25.93,0.2691400556395094,0.27151144230857466,0.5652273585818429,0.2829376426021804,0.3809350413590935,0.9927779458715922,powerplay,Arshdeep Singh,2025.0,188910000.00000003,0.20164895524805118
2025,Arshdeep Singh,Punjab Kings,5,108,9.11,47,43.52,28,25.93,0.2691400556395094,0.27151144230857466,0.5652273585818429,0.2829376426021804,0.3809350413590935,0.9927779458715922,powerplay,Arshdeep Singh,2025.0,3148500.0000000005,12.098937314883068
2025,Arshdeep Singh,Punjab Kings,5,108,9.11,47,43.52,28,25.93,0.2691400556395094,0.27151144230857466,0.5652273585818429,0.2829376426021804,0.3809350413590935,0.9927779458715922,powerplay,Arshdeep Singh,2025.0,3148500.0000000005,12.098937314883068
2025,AS Roy,Kolkata Knight Riders,0,12,6.0,4,33.33,1,8.33,0.0,0.13555665155715574,0.4328820740241917,0.03847507461993327,0.05439128150469298,0.6662341860171916,powerplay,AS Roy,2025.0,4198000.0,1.2956474870103138
2025,Ashwani Kumar,Mumbai Indians,3,30,12.2,10,33.33,10,33.33,0.16148403338370562,0.40659192572397157,0.4328820740241917,0.38572304050380707,0.09165010132006872,0.7034930058325674,powerplay,Ashwani Kumar,2025.0,3148500.0000000005,2.910913175164958
2025,Avesh Khan,Lucknow Super Giants,1,83,11.93,24,28.92,26,31.33,0.05382801112790187,0.3947887766876748,0.37560604802819153,0.35794320323309714,-0.07555919789014658,0.5362837066223521,powerplay,,,,
2025,Azmatullah Omarzai,Punjab Kings,0,54,10.89,18,33.33,14,25.93,0.0,0.34932479521453147,0.4328820740241917,0.2829376426021804,-0.10138530392044431,0.5104576005920544,powerplay,Azmatullah Omarzai,2025.0,25188000.000000004,-0.4025143080849781
2025,B Kumar,Royal Challengers Bengaluru,8,126,9.24,58,46.03,32,25.4,0.4306240890232151,0.2771944399927176,0.5978266386838746,0.2755759857254423,0.6315717079985377,1.2434146125110364,powerplay,B Kumar,2025.0,112821250.00000001,0.5597985379514387
2025,C Bosch,Mumbai Indians,0,6,11.0,3,50.0,2,33.33,0.0,0.35413348556265245,0.6493880498412717,0.38572304050380707,-0.059394935929706114,0.5524479685827925,powerplay,,,,
2025,C Sakariya,Kolkata Knight Riders,0,12,10.5,3,25.0,3,25.0,0.0,0.33227580216210273,0.32469402492063587,0.27002001827130034,-0.12273369725912067,0.48910920725337803,powerplay,,,,
2025,CV Varun,Kolkata Knight Riders,2,78,7.31,33,42.31,14,17.95,0.10765602225580374,0.19282378206659587,0.5495121677756841,0.17209609189204791,0.19550657430470333,0.807349478817202,powerplay,,,,
2025,DL Chahar,Mumbai Indians,7,180,9.57,75,41.67,44,24.44,0.3767960778953132,0.29162051103708037,0.5412000007377159,0.26224166383550157,0.529295528778644,1.1411384332911427,powerplay,DL Chahar,2025.0,97078750.00000001,0.5452228513229146
2025,DS Rathi,Lucknow Super Giants,3,120,8.35,34,28.33,20,16.67,0.16148403338370562,0.23828776353973918,0.3679432690400645,0.1543169960387936,0.20260174980994947,0.8144446543224482,powerplay,,,,
2025,E Malinga,Sunrisers Hyderabad,2,42,9.14,14,33.33,10,23.81,0.10765602225580374,0.2728229033126077,0.4328820740241917,0.2534910150952279,0.10423900091561367,0.7160819054281123,powerplay,E Malinga,2025.0,12594000.000000002,0.8276877951057142
2025,Fazalhaq Farooqi,Rajasthan Royals,0,54,10.33,18,33.33,14,25.93,0.0,0.32484418980591584,0.4328820740241917,0.2829376426021804,-0.0891450012161365,0.5226979032963621,powerplay,Fazalhaq Farooqi,2025.0,20990000.000000004,-0.4247022449553906
2025,G Coetzee,Gujarat Titans,0,6,14.0,1,16.67,3,50.0,0.0,0.48527958596595044,0.21650597581707998,0.6172679841551741,-0.3011415970688861,0.3107013074436126,powerplay,G Coetzee,2025.0,25188000.000000004,-1.1955756593174767
2025,GJ Maxwell,Punjab Kings,3,48,8.25,15,31.25,8,16.67,0.16148403338370562,0.23391622685962926,0.40586753115079477,0.1543169960387936,0.2161647967832235,0.8280077012957222,powerplay,,,,
2025,Harpreet Brar,Punjab Kings,3,48,9.88,12,25.0,12,25.0,0.16148403338370562,0.3051722747454212,0.32469402492063587,0.27002001827130034,0.13304411652477854,0.7448870210372772,powerplay,,,,
2025,Harsh Dubey,Sunrisers Hyderabad,1,18,11.0,7,38.89,5,27.78,0.05382801112790187,0.35413348556265245,0.5050940251665411,0.3086339920775871,-0.006523316955028516,0.6053195875574702,powerplay,,,,
2025,Harshit Rana,Kolkata Knight Riders,7,114,10.58,49,42.98,32,28.07,0.3767960778953132,0.3357730315061907,0.5582139676435571,0.3126620684818401,0.5022393776865737,1.1140822821990723,powerplay,,,,
2025,HH Pandya,Mumbai Indians,1,18,7.67,6,33.33,3,16.67,0.05382801112790187,0.20856131411499165,0.4328820740241917,0.1543169960387936,0.07546258263385577,0.6873054871463544,powerplay,,,,
2025,HV Patel,Sunrisers Hyderabad,3,66,9.55,25,37.88,16,24.24,0.16148403338370562,0.2907462037010584,0.49197638655974746,0.25946368010843057,0.19255312817126732,0.804396032683766,powerplay,HV Patel,2025.0,83960000.00000001,0.22933912359607825
2025,I Sharma,Gujarat Titans,1,54,11.67,21,38.89,18,33.33,0.05382801112790187,0.38342278131938895,0.5050940251665411,0.38572304050380707,-0.03658577451864076,0.5752571299938579,powerplay,I Sharma,2025.0,7871250.000000001,-0.46480259829939025
2025,J Overton,Chennai Super Kings,0,30,14.0,7,23.33,9,30.0,0.0,0.48527958596595044,0.30300446405593734,0.33946961144807514,-0.21963237605580904,0.39221052845668963,powerplay,J Overton,2025.0,15742500.000000002,-1.3951556363716628
2025,JC Archer,Rajasthan Royals,3,84,9.71,31,36.9,22,26.19,0.16148403338370562,0.29774066238923436,0.4792483807828585,0.28654902144737276,0.17982042882632424,0.7916633333388229,powerplay,,,,
2025,JD Unadkat,Sunrisers Hyderabad,3,78,8.0,25,32.05,15,19.23,0.16148403338370562,0.22298738515935443,0.4162577399482551,0.18987518774530224,0.21763464193129728,0.829477546443796,powerplay,JD Unadkat,2025.0,10495000.000000002,2.0736983509413744
2025,JJ Bumrah,Mumbai Indians,4,102,7.65,50,49.02,18,17.65,0.2153120445116075,0.20768700677896967,0.6366600440643828,0.1679291163014414,0.376536753336953,0.9883796578494517,powerplay,,,,
2025,JR Hazlewood,Royal Challengers Bengaluru,9,126,7.43,66,52.38,26,20.63,0.48445210015111695,0.1980696260827278,0.6802989210137164,0.20932107383479917,0.7898687987224666,1.4017117032349653,powerplay,JR Hazlewood,2025.0,131187500.00000001,0.6020915092691503
2025,K Kartikeya,Rajasthan Royals,1,18,4.33,9,50.0,1,5.56,0.05382801112790187,0.0625519889993199,0.6493880498412717,0.0,0.2442824371445744,0.8561253416570731,powerplay,,,,
2025,K Khejroliya,Gujarat Titans,1,6,8.0,2,33.33,1,16.67,0.05382801112790187,0.22298738515935443,0.4328820740241917,0.1543169960387936,0.06824954711167439,0.6800924516241731,powerplay,K Khejroliya,2025.0,3148500.0000000005,2.1676845199833052
2025,K Rabada,Gujarat Titans,1,48,11.5,15,31.25,14,29.17,0.05382801112790187,0.37599116896320206,0.40586753115079477,0.32794097898073055,-0.0510815042406559,0.5607614002718427,powerplay,K Rabada,2025.0,112821250.00000001,-0.04527649200895744
2025,KA Jamieson,Punjab Kings,2,48,8.63,20,41.67,11,22.92,0.10765602225580374,0.25052806624404705,0.5412000007377159,0.24112898750976205,0.15035420298104446,0.7621971074935432,powerplay,,,,
2025,KH Pandya,Royal Challengers Bengaluru,4,54,8.0,18,33.33,9,16.67,0.2153120445116075,0.22298738515935443,0.4328820740241917,0.1543169960387936,0.31047559718723283,0.9223185016997315,powerplay,KH Pandya,2025.0,60346250.00000001,0.5144902909248426
2025,KK Ahmed,Chennai Super Kings,5,144,9.79,67,46.53,40,27.78,0.2691400556395094,0.30123789173332216,0.6043205191822874,0.3086339920775871,0.3726604949317718,0.9845033994442705,powerplay,KK Ahmed,2025.0,50376000.00000001,0.7397580096311174
2025,KT Maphaka,Rajasthan Royals,1,18,10.33,8,44.44,6,33.33,0.05382801112790187,0.32484418980591584,0.5771760986989223,0.38572304050380707,0.014328143297810153,0.6261710478103089,powerplay,KT Maphaka,2025.0,15742500.000000002,0.09101567919841291
2025,Kuldeep Yadav,Delhi Capitals,1,12,10.0,3,25.0,2,16.67,0.05382801112790187,0.31041811876155306,0.32469402492063587,0.1543169960387936,-0.007922234420491676,0.603920670092007,powerplay,,,,
2025,L Ngidi,Royal Challengers Bengaluru,2,18,10.0,8,44.44,5,27.78,0.10765602225580374,0.31041811876155306,0.5771760986989223,0.3086339920775871,0.11770100519708834,0.729543909709587,powerplay,L Ngidi,2025.0,10495000.000000002,1.1214959999722565
2025,LH Ferguson,Punjab Kings,1,20,7.5,10,50.0,3,15.0,0.05382801112790187,0.20112970175880474,0.6493880498412717,0.13112083191775079,0.1487694143812818,0.7606123188937804,powerplay,LH Ferguson,2025.0,20990000.000000004,0.7087632890961495
2025,LS Livingstone,Royal Challengers Bengaluru,0,6,10.0,0,0.0,1,16.67,0.0,0.31041811876155306,0.0,0.1543169960387936,-0.18607245858853524,0.4257704459239634,powerplay,LS Livingstone,2025.0,91831250.00000001,-0.20262433386078835
2025,M Jansen,Punjab Kings,4,114,9.68,50,43.86,30,26.32,0.2153120445116075,0.2964292013852013,0.5696431973207635,0.2883547108699689,0.28797548309704585,0.8998183876095445,powerplay,M Jansen,2025.0,73465000.0,0.39199004028727397
2025,M Prasidh Krishna,Gujarat Titans,4,114,8.89,41,35.96,24,21.05,0.2153120445116075,0.26189406161233286,0.4670398854458426,0.21515483966164828,0.28910203366266796,0.9009449381751666,powerplay,M Prasidh Krishna,2025.0,99702500.00000001,0.2899646785814477
2025,M Siddharth,Lucknow Super Giants,1,18,11.0,6,33.33,5,27.78,0.05382801112790187,0.35413348556265245,0.4328820740241917,0.3086339920775871,-0.028186902297733338,0.5836560022147653,powerplay,M Siddharth,2025.0,7871250.000000001,-0.3580994416100789
2025,M Theekshana,Rajasthan Royals,1,96,9.38,29,30.21,21,21.88,0.05382801112790187,0.2833145913448716,0.3923602597140963,0.22668347212899287,0.011456104507847342,0.6232990090203461,powerplay,M Theekshana,2025.0,46178000.00000001,0.024808576611909005
2025,MA Starc,Delhi Capitals,5,90,13.33,35,38.89,35,38.89,0.2691400556395094,0.4559902902092139,0.5050940251665411,0.46295098811638064,0.2346529482813433,0.846495852793842,powerplay,MA Starc,2025.0,3148500.0000000005,7.452848921116191
2025,MJ Santner,Mumbai Indians,0,54,9.22,16,29.63,12,22.22,0.0,0.27632013265669564,0.38482735833593756,0.23140604446501353,-0.06899306772056926,0.5428498367919294,powerplay,MJ Santner,2025.0,20990000.000000004,-0.32869493911657577
2025,MM Ali,Kolkata Knight Riders,4,66,7.45,22,33.33,8,12.12,0.2153120445116075,0.1989439334187498,0.4328820740241917,0.09111786624792852,0.3351371490157081,0.9469800535282068,powerplay,MM Ali,2025.0,20990000.000000004,1.5966514960252887
2025,MM Sharma,Delhi Capitals,0,18,8.33,7,38.89,4,22.22,0.0,0.2374134562037172,0.5050940251665411,0.23140604446501353,-0.01345972944489899,0.5983831750675996,powerplay,MM Sharma,2025.0,23089000.000000004,-0.05829498655160027
2025,Mohammed Shami,Sunrisers Hyderabad,4,84,12.29,27,32.14,29,34.52,0.2153120445116075,0.4105263087360705,0.41742663843796945,0.40225204367987955,0.1624824951947909,0.7743253997072896,powerplay,Mohammed Shami,2025.0,104950000.00000001,0.15481895683162544
2025,Mohammed Siraj,Gujarat Titans,5,150,9.04,69,46.0,36,24.0,0.2691400556395094,0.2684513666324977,0.59743700585397,0.2561300996359454,0.39748948197201706,1.0093323864845156,powerplay,,,,
2025,MP Stoinis,Punjab Kings,1,16,13.13,5,31.25,4,25.0,0.05382801112790187,0.44724721684899404,0.40586753115079477,0.27002001827130034,-0.07512533604166584,0.5367175684708329,powerplay,MP Stoinis,2025.0,115445000.00000001,-0.06507456887839735
2025,MP Yadav,Lucknow Super Giants,1,18,16.33,8,44.44,8,44.44,0.05382801112790187,0.5871363906125118,0.5771760986989223,0.5400400365426006,-0.1476813563132465,0.46416154819925215,powerplay,,,,
2025,Mujeeb Ur Rahman,Mumbai Indians,0,6,15.0,2,33.33,3,50.0,0.0,0.5289949527670497,0.4328820740241917,0.6172679841551741,-0.25808645100730215,0.3537564535051965,powerplay,,,,
2025,Mukesh Choudhary,Chennai Super Kings,1,24,12.0,7,29.17,9,37.5,0.05382801112790187,0.3978488523637517,0.3788529882773979,0.4436440012132372,-0.09325531324945115,0.5185875912630475,powerplay,Mukesh Choudhary,2025.0,3148500.0000000005,-2.9618965618374187
2025,Mukesh Kumar,Delhi Capitals,3,114,8.79,43,37.72,24,21.05,0.16148403338370562,0.25752252493222283,0.48989834480025535,0.21515483966164828,0.21740332311719393,0.8292462276296926,powerplay,Mukesh Kumar,2025.0,83960000.00000001,0.25893678313148394
2025,Mustafizur Rahman,Delhi Capitals,2,36,7.83,13,36.11,5,13.89,0.10765602225580374,0.2155557728031675,0.4689880495953664,0.11570302223250681,0.1712619574142304,0.7831048619267291,powerplay,,,,
2025,N Thushara,Royal Challengers Bengaluru,1,12,6.0,7,58.33,2,16.67,0.05382801112790187,0.13555665155715574,0.7575760989448276,0.1543169960387936,0.20937312138896447,0.8212160259014631,powerplay,N Thushara,2025.0,16792000.0,1.2468623236598646
2025,Noor Ahmad,Chennai Super Kings,1,24,8.75,8,33.33,5,20.83,0.05382801112790187,0.2557739102601789,0.4328820740241917,0.21209905756187014,0.040299872256646815,0.6521427767691454,powerplay,,,,
2025,NT Ellis,Chennai Super Kings,0,6,9.0,1,16.67,1,16.67,0.0,0.26670275196045373,0.21650597581707998,0.1543169960387936,-0.09926298244286161,0.5125799220696371,powerplay,NT Ellis,2025.0,20990000.000000004,-0.4729060621384545
2025,PJ Cummins,Sunrisers Hyderabad,6,126,9.81,49,38.89,32,25.4,0.3229680667674113,0.3021121990693442,0.5050940251665411,0.2755759857254423,0.4298090110213187,1.0416519155338173,powerplay,,,,
2025,Prince Yadav,Lucknow Super Giants,0,24,8.25,14,58.33,6,25.0,0.0,0.23391622685962926,0.7575760989448276,0.27002001827130034,0.05631071259937355,0.6681536171118723,powerplay,Prince Yadav,2025.0,3148500.0000000005,1.7884933333134363
2025,PVD Chameera,Delhi Capitals,0,36,13.5,10,27.78,11,30.56,0.0,0.4634219025654008,0.3608000004918106,0.34724796588387385,-0.192920544311932,0.41892236020056667,powerplay,PVD Chameera,2025.0,7871250.000000001,-2.450951809584653
2025,PVSN Raju,Mumbai Indians,0,6,13.0,0,0.0,2,33.33,0.0,0.44156421916485106,0.0,0.38572304050380707,-0.29792671768318696,0.3139161868293117,powerplay,PVSN Raju,2025.0,3148500.0000000005,-9.462496988508398
2025,PWH de Silva,Rajasthan Royals,2,18,5.67,7,38.89,2,11.11,0.10765602225580374,0.12113058051279296,0.5050940251665411,0.07708904842622,0.23702914099202746,0.8488720455045261,powerplay,PWH de Silva,2025.0,55098750.00000001,0.43018968849933514
2025,R Ashwin,Chennai Super Kings,1,78,11.0,23,29.49,22,28.21,0.05382801112790187,0.35413348556265245,0.383009071796382,0.3146066570907897,-0.04434333596871677,0.5674995685437819,powerplay,R Ashwin,2025.0,102326250.00000001,-0.0433352497220574
2025,R Parag,Rajasthan Royals,0,24,8.25,5,20.83,3,12.5,0.0,0.23391622685962926,0.27053506156387375,0.09639603532936342,-0.05507680202652519,0.5567661024859735,powerplay,,,,
2025,R Sai Kishore,Gujarat Titans,0,12,12.0,4,33.33,4,33.33,0.0,0.3978488523637517,0.4328820740241917,0.38572304050380707,-0.14620441207537976,0.4656384924371189,powerplay,R Sai Kishore,2025.0,20990000.000000004,-0.6965431732986171
2025,R Shepherd,Royal Challengers Bengaluru,0,6,15.0,2,33.33,3,50.0,0.0,0.5289949527670497,0.4328820740241917,0.6172679841551741,-0.25808645100730215,0.3537564535051965,powerplay,R Shepherd,2025.0,15742500.000000002,-1.6394248118615349
2025,RA Jadeja,Chennai Super Kings,2,54,6.89,22,40.74,7,12.96,0.10765602225580374,0.17446332801013414,0.5291213830106682,0.10278539790162672,0.21243170470151368,0.8242746092140123,powerplay,,,,
2025,Rashid Khan,Gujarat Titans,2,42,6.0,16,38.1,4,9.52,0.10765602225580374,0.13555665155715574,0.494833693979049,0.055004077796005656,0.23115500023964133,0.84299790475214,powerplay,,,,
2025,Rasikh Salam,Royal Challengers Bengaluru,0,12,13.0,5,41.67,5,41.67,0.0,0.44156421916485106,0.5412000007377159,0.5015649619226674,-0.15873510174564426,0.4531078027668544,powerplay,Rasikh Salam,2025.0,62970000.00000001,-0.25208051730291287
2025,Ravi Bishnoi,Lucknow Super Giants,1,54,11.33,20,37.04,16,29.63,0.05382801112790187,0.3685595566070152,0.48106666732241404,0.3343303415529938,-0.02608382972552936,0.5857590747869693,powerplay,,,,
2025,RJ Gleeson,Mumbai Indians,0,6,11.0,2,33.33,2,33.33,0.0,0.35413348556265245,0.4328820740241917,0.38572304050380707,-0.12434672867483014,0.4874961758376685,powerplay,,,,
2025,RJW Topley,Mumbai Indians,0,12,10.5,4,33.33,3,25.0,0.0,0.33227580216210273,0.4328820740241917,0.27002001827130034,-0.09027728252805393,0.5215656219844448,powerplay,RJW Topley,2025.0,7871250.000000001,-1.1469243452825655
2025,Sandeep Sharma,Rajasthan Royals,2,78,7.31,28,35.9,12,15.38,0.10765602225580374,0.19282378206659587,0.46626061978603306,0.13639900099918567,0.17767052808638048,0.7895134325988792,powerplay,Sandeep Sharma,2025.0,27287000.000000004,0.6511178513078771
2025,SH Johnson,Kolkata Knight Riders,0,36,12.83,12,33.33,13,36.11,0.0,0.4341326068086642,0.4328820740241917,0.42433701431009385,-0.17206908405909338,0.4397738204534053,powerplay,SH Johnson,2025.0,29386000.000000004,-0.5855478256962273
2025,Shahbaz Ahmed,Lucknow Super Giants,0,12,10.0,3,25.0,3,25.0,0.0,0.31041811876155306,0.32469402492063587,0.27002001827130034,-0.11180485555884584,0.5000380489536529,powerplay,Shahbaz Ahmed,2025.0,25188000.000000004,-0.44388143385281015
2025,Simarjeet Singh,Sunrisers Hyderabad,2,30,15.2,11,36.67,14,46.67,0.10765602225580374,0.5377380261272695,0.47626119575358866,0.5710145550994422,-0.07870953197374098,0.5331333725387577,powerplay,Simarjeet Singh,2025.0,5247500.000000001,-1.499943439232796
2025,Simarjeet Singh,Sunrisers Hyderabad,2,30,15.2,11,36.67,14,46.67,0.10765602225580374,0.5377380261272695,0.47626119575358866,0.5710145550994422,-0.07870953197374098,0.5331333725387577,powerplay,Simarjeet Singh,2025.0,15742500.000000002,-0.499981146410932
2025,SM Curran,Chennai Super Kings,0,18,9.67,6,33.33,4,22.22,0.0,0.2959920477171903,0.4328820740241917,0.23140604446501353,-0.06441261054434036,0.5474302939681583,powerplay,SM Curran,2025.0,25188000.000000004,-0.25572737233738424
2025,SN Thakur,Lucknow Super Giants,3,48,12.63,14,29.17,17,35.42,0.16148403338370562,0.4253895334484444,0.3788529882773979,0.414752970451699,0.06023658574421578,0.6720794902567144,powerplay,,,,
2025,SP Narine,Kolkata Knight Riders,1,30,9.4,11,36.67,6,20.0,0.05382801112790187,0.2841888986808935,0.47626119575358866,0.20057042509452555,0.04141184105857756,0.6532547455710762,powerplay,,,,
2025,Suyash Sharma,Royal Challengers Bengaluru,0,36,5.83,13,36.11,3,8.33,0.0,0.12812503920096888,0.4689880495953664,0.03847507461993327,0.06893888035413881,0.6807817848666375,powerplay,,,,
2025,T Natarajan,Delhi Capitals,0,12,12.0,4,33.33,4,33.33,0.0,0.3978488523637517,0.4328820740241917,0.38572304050380707,-0.14620441207537976,0.4656384924371189,powerplay,,,,
2025,TA Boult,Mumbai Indians,7,120,9.6,54,45.0,30,25.0,0.3767960778953132,0.2929319720411133,0.5844492448571446,0.27002001827130034,0.5400589006252965,1.1519018051377952,powerplay,,,,
2025,TU Deshpande,Rajasthan Royals,3,72,10.92,22,30.56,23,31.94,0.16148403338370562,0.3506362562185644,0.3969059760629852,0.3664160536006637,0.11269650406503903,0.7245394085775377,powerplay,TU Deshpande,2025.0,68217500.0,0.16520175037935872
2025,V Nigam,Delhi Capitals,6,90,11.27,30,33.33,24,26.67,0.3229680667674113,0.3659366345989492,0.4328820740241917,0.2932161823923431,0.3727051685804312,0.9845480730929299,powerplay,V Nigam,2025.0,5247500.000000001,7.1025282244960675
2025,V Puthur,Mumbai Indians,1,6,7.0,4,66.67,1,16.67,0.05382801112790187,0.1792720183582551,0.8658940256583517,0.1543169960387936,0.22001081600247208,0.8318537205149708,powerplay,V Puthur,2025.0,3148500.0000000005,6.987797872081056
2025,VG Arora,Kolkata Knight Riders,3,90,11.13,30,33.33,27,30.0,0.16148403338370562,0.3598164832467953,0.4328820740241917,0.33946961144807514,0.12428850836980322,0.7361314128823019,powerplay,VG Arora,2025.0,18891000.0,0.6579244527542386
2025,Vijaykumar Vyshak,Punjab Kings,1,18,5.67,8,44.44,1,5.56,0.05382801112790187,0.12113058051279296,0.5771760986989223,0.0,0.19332955604513302,0.8051724605576317,powerplay,Vijaykumar Vyshak,2025.0,18891000.0,1.0233950349115082
2025,W O'Rourke,Lucknow Super Giants,2,24,13.0,10,41.67,11,45.83,0.10765602225580374,0.44156421916485106,0.5412000007377159,0.559347023445744,-0.008807480666553943,0.6030354238459448,powerplay,,,,
2025,Washington Sundar,Gujarat Titans,0,6,21.0,1,16.67,4,66.67,0.0,0.7912871535736458,0.21650597581707998,0.8488129278065413,-0.5004543696030072,0.11138853490949152,powerplay,Washington Sundar,2025.0,33584000.0,-1.4901571272123841
2025,WG Jacks,Mumbai Indians,3,30,10.4,8,26.67,8,26.67,0.16148403338370562,0.32790426548199286,0.3463835857853343,0.2932161823923431,0.12354575659169367,0.7353886611041923,powerplay,WG Jacks,2025.0,55098750.00000001,0.2242260606487328
2025,XC Bartlett,Punjab Kings,2,48,9.0,25,52.08,12,25.0,0.10765602225580374,0.26670275196045373,0.6764025927146685,0.27002001827130034,0.17704943156361924,0.788892336076118,powerplay,XC Bartlett,2025.0,8396000.0,2.108735487894464
2025,Yash Dayal,Royal Challengers Bengaluru,5,144,10.04,54,37.5,35,24.31,0.2691400556395094,0.312166733433597,0.4870410373809537,0.2604359744129054,0.3416518330741706,0.9534947375866692,powerplay,,,,
2025,Yash Thakur,Punjab Kings,0,18,13.67,7,38.89,7,38.89,0.0,0.4708535149215876,0.5050940251665411,0.46295098811638064,-0.17648874753410762,0.4353541569783911,powerplay,Yash Thakur,2025.0,16792000.0,-1.0510287490120749
2025,YS Chahal,Punjab Kings,2,36,7.83,5,13.89,4,11.11,0.10765602225580374,0.2155557728031675,0.1804000002459053,0.07708904842622,0.09240833737064945,0.7042512418831481,powerplay,YS Chahal,2025.0,188910000.00000003,0.04891659381221187
2025,Yuvraj Singh,Rajasthan Royals,3,37,11.35,16,43.24,13,35.14,0.16148403338370562,0.3694338639430372,0.5615907855027317,0.41086379323379957,0.14381359510809938,0.7556564996205981,powerplay,,,,
2025,Zeeshan Ansari,Sunrisers Hyderabad,1,30,7.8,9,30.0,3,10.0,0.05382801112790187,0.21424431179913453,0.38963282990476295,0.06167123874097601,0.07817546201551921,0.6900183665280178,powerplay,Zeeshan Ansari,2025.0,4198000.0,1.8622072895550073
