season,player,team,wickets,balls,economy,dot_balls,dot_pct,boundaries_conceded,boundary_pct_conceded,wickets_z,economy_z,dot_pct_z,boundary_pct_conceded_z,impact_score,impact_score_pos,phase,name,year,adj_price,ROI
2013,AM Nayar,Lucknow Super Giants,1,6,7.0,3,50.0,1,16.67,0.09012591804099229,0.29704459110910236,0.5382984346534175,0.26700558543669384,0.09475499481562374,0.7478320634105298,powerplay,AM Nayar,2013,83114359.61769001,0.8997627688529547
2013,CH Morris,Chennai Super Kings,4,108,8.67,49,45.37,23,21.3,0.2809043870637742,0.3718156113504669,0.493576328025983,0.3295095362819778,0.3176197660718272,0.9706968346667332,powerplay,CH Morris,2013,76957740.38675001,1.261337494823146
2013,DJG Sammy,Sunrisers Hyderabad,0,24,9.75,8,33.33,5,20.83,0.026533095033398336,0.4201705226442835,0.3772795323900627,0.3231646427836445,-0.12173468761175434,0.5313423809831517,powerplay,DJG Sammy,2013,52331263.46299,1.0153440712528001
2013,DP Nannes,Chennai Super Kings,2,48,5.63,21,43.75,4,8.33,0.15371874104858627,0.23570549067157576,0.47792842030752863,0.1544174752747783,0.22522039727439444,0.8782974658693005,powerplay,DP Nannes,2013,73879430.77128,1.1888254372023817
2013,DT Christian,Royal Challengers Bengaluru,0,24,6.75,11,45.83,3,12.5,0.026533095033398336,0.28585132460590407,0.4980195610818404,0.2107115303557361,0.004137542500550387,0.6572146110954564,powerplay,DT Christian,2013,12313238.46188,5.337463520503541
2013,J Botha,Delhi Capitals,1,24,7.5,11,45.83,4,16.67,0.09012591804099229,0.31943112411549895,0.4980195610818404,0.26700558543669384,0.07147806624095232,0.7245551348358583,powerplay,J Botha,2013,55409573.07846001,1.3076352958177238
2013,JD Unadkat,Royal Challengers Bengaluru,5,90,6.27,41,45.56,13,14.44,0.34449721007136813,0.26436025291976334,0.4954115764620981,0.2369010907531121,0.48580894343517755,1.1388860120300834,powerplay,JD Unadkat,2013,64644501.92487001,1.7617677886260144
2013,JDP Oram,Mumbai Indians,0,6,3.0,4,66.67,0,0.0,0.026533095033398336,0.11795232705792971,0.6993173369167724,0.04196436284686992,0.18222580752679038,0.8353028761216964,powerplay,JDP Oram,2013,6156619.23094,13.567557855842278
2013,JO Holder,Chennai Super Kings,2,84,9.21,36,42.86,20,23.81,0.15371874104858627,0.39599306699737524,0.46933173026467406,0.36339396751775815,0.10070230365004235,0.7537793722449484,powerplay,JO Holder,2013,2462647.6923760003,30.608494043973074
2013,JP Faulkner,Rajasthan Royals,7,162,5.81,86,53.09,22,13.58,0.4716828560865561,0.2437646425538785,0.568145369746025,0.22529128562850212,0.711027316651002,1.364104385245908,powerplay,JP Faulkner,2013,49252953.84752,2.76958898641689
2013,KW Richardson,Lucknow Super Giants,1,36,7.17,20,55.56,7,19.44,0.09012591804099229,0.3046560123312772,0.5920035994155203,0.30439995775665857,0.0995819591691742,0.7526590277640802,powerplay,KW Richardson,2013,86192669.23316,0.8732285871412805
2013,MC Henriques,Royal Challengers Bengaluru,5,96,7.75,43,44.79,19,19.79,0.34449721007136813,0.3306243906186972,0.4879739906946845,0.30912487844690684,0.43600084131672756,1.0890779099116337,powerplay,MC Henriques,2013,36939715.38564,2.948257447416618
2013,MS Gony,Punjab Kings,0,24,10.5,9,37.5,9,37.5,0.026533095033398336,0.4537503221538784,0.4175584059616398,0.5482058653734684,-0.17144916981304342,0.4816278987818626,powerplay,MS Gony,2013,61566192.30940001,0.7822928147991491
2013,NLTC Perera,Sunrisers Hyderabad,6,120,7.0,59,49.17,23,19.17,0.40809003307896213,0.29704459110910236,0.5302812967482835,0.30075501893846707,0.5625461393006836,1.2156232078955895,powerplay,NLTC Perera,2013,83114359.61769001,1.4625910775072097
2013,NM Coulter-Nile,Mumbai Indians,1,12,7.5,7,58.33,3,25.0,0.09012591804099229,0.31943112411549895,0.6187595897736181,0.3794586978646023,0.08520945236290393,0.7382865209578099,powerplay,NM Coulter-Nile,2013,55409573.07846001,1.3324169091005187
2013,R McLaren,Kolkata Knight Riders,1,24,15.25,8,33.33,12,50.0,0.09012591804099229,0.6664223857146458,0.3772795323900627,0.7169530328823345,-0.2282290626552826,0.4248480059396234,powerplay,R McLaren,2013,6156619.23094,6.900670481691574
2013,SMSM Senanayake,Kolkata Knight Riders,4,120,5.4,53,44.17,11,9.17,0.2809043870637742,0.22540768548863332,0.48198528527157236,0.16575728493137415,0.4200968664465415,1.0731739350414475,powerplay,SMSM Senanayake,2013,76957740.38675001,1.394497719980118
2014,A Mishra,Sunrisers Hyderabad,2,36,8.0,9,25.0,5,13.89,0.1580807057864993,0.31422494663978423,0.3227163002034796,0.2236522996757614,0.13209301548574842,0.7851700840806544,powerplay,A Mishra,2014,92008373.22575,0.8533680757013017
2014,A Mishra,Sunrisers Hyderabad,2,36,8.0,9,25.0,5,13.89,0.1580807057864993,0.31422494663978423,0.3227163002034796,0.2236522996757614,0.13209301548574842,0.7851700840806544,powerplay,A Mishra,2014,1937018.3837,40.53498359581182
2014,A Mishra,Sunrisers Hyderabad,2,36,8.0,9,25.0,5,13.89,0.1580807057864993,0.31422494663978423,0.3227163002034796,0.2236522996757614,0.13209301548574842,0.7851700840806544,powerplay,A Mishra,2014,1937018.3837,40.53498359581182
2014,A Nehra,Chennai Super Kings,1,24,11.25,7,29.17,8,33.33,0.08233054115299274,0.42566339279201665,0.35947274083670244,0.4321106858743434,-0.06791619959037717,0.5851608690045288,powerplay,A Nehra,2014,38740367.673999995,1.510468031508257
2014,AB Dinda,Royal Challengers Bengaluru,3,48,9.0,21,43.75,11,22.92,0.23383087042000586,0.34851369930200965,0.48798806564063263,0.3204825068451645,0.25878937430216087,0.9118664428970669,powerplay,AB Dinda,2014,29055275.7555,3.13838509250581
2014,AD Russell,Kolkata Knight Riders,0,6,8.0,2,33.33,1,16.67,0.006580376519486154,0.31422494663978423,0.39614103652835875,0.2534627067555998,-0.07909213893327523,0.5739849296616307,powerplay,AD Russell,2014,11622110.302199999,4.938732422398182
2014,AR Patel,Punjab Kings,2,72,6.83,23,31.94,9,12.5,0.1580807057864993,0.2741071060249806,0.38388888965061785,0.2087470961358422,0.17348475333527555,0.8265618219301816,powerplay,AR Patel,2014,14527637.87775,5.689581671058263
2014,B Kumar,Sunrisers Hyderabad,5,150,5.72,86,57.33,20,13.33,0.38533119968701907,0.23604659056991045,0.6076888962879147,0.2176473255877364,0.5987507080144004,1.2518277766093064,powerplay,B Kumar,2014,82323281.30725,1.5206242471521374
2014,BCJ Cutting,Rajasthan Royals,0,12,8.5,2,16.67,2,16.67,0.006580376519486154,0.331369322970897,0.24929156387860038,0.2534627067555998,-0.13171916889375912,0.5213578997011469,powerplay,BCJ Cutting,2014,15496147.0696,3.364435671393022
2014,BE Hendricks,Punjab Kings,0,36,10.83,14,38.89,9,25.0,0.006580376519486154,0.411262116673882,0.44514962403932257,0.3427866963149716,-0.13077294560890934,0.5223041229859966,powerplay,BE Hendricks,2014,34866330.9066,1.4980186024883033
2014,BW Hilfenhaus,Chennai Super Kings,4,60,6.2,33,55.0,8,13.33,0.3095810350535125,0.25250519184777864,0.5871511249029244,0.2176473255877364,0.4707348290097094,1.1238118976046154,powerplay,BW Hilfenhaus,2014,19370183.836999997,5.801761651110217
2014,CJ Anderson,Mumbai Indians,2,48,11.13,18,37.5,16,33.33,0.1580807057864993,0.42154874247254964,0.43289747716158156,0.4321106858743434,0.06979379341707989,0.7228708620119859,powerplay,CJ Anderson,2014,87165827.2665,0.829305342106015
2014,DJG Sammy,Sunrisers Hyderabad,1,18,9.33,5,27.78,5,27.78,0.08233054115299274,0.359828987680544,0.34722059395896143,0.37259710339481,-0.026771924602056463,0.6263051439928495,powerplay,DJG Sammy,2014,67795643.4295,0.9238132604260005
2014,DR Smith,Chennai Super Kings,0,6,7.0,2,33.33,1,16.67,0.006580376519486154,0.2799361939775589,0.39614103652835875,0.2534627067555998,-0.06194776260216257,0.5911293059927434,powerplay,DR Smith,2014,87165827.2665,0.6781663462969612
2014,DS Kulkarni,Rajasthan Royals,3,72,6.5,42,58.33,12,16.67,0.23383087042000586,0.2627918176464462,0.6165033904445628,0.2534627067555998,0.35360887258903456,1.0066859411839406,powerplay,DS Kulkarni,2014,21307202.2207,4.7246275262077475
2014,HV Patel,Royal Challengers Bengaluru,2,24,11.0,9,37.5,6,25.0,0.1580807057864993,0.4170912046264603,0.43289747716158156,0.3427866963149716,0.08988736025199891,0.742964428846905,powerplay,HV Patel,2014,7748073.5348,9.589021393639664
2014,I Sharma,Sunrisers Hyderabad,1,18,10.33,8,44.44,5,27.78,0.08233054115299274,0.3941177403427693,0.4940700666087198,0.37259710339481,0.0001385408617583933,0.6532156094566643,powerplay,I Sharma,2014,50362477.9762,1.297028334795911
2014,IC Pandey,Chennai Super Kings,3,150,8.04,76,50.67,33,22.0,0.23383087042000586,0.31559649674627327,0.548984365204638,0.3106171922719806,0.2955199283638675,0.9485969969587735,powerplay,IC Pandey,2014,29055275.7555,3.264801218688174
2014,IK Pathan,Sunrisers Hyderabad,0,12,16.0,4,33.33,6,50.0,0.006580376519486154,0.5885349679375871,0.39614103652835875,0.6108658966732304,-0.28772778756570283,0.36534928102920317,powerplay,IK Pathan,2014,46488441.208799995,0.7858927327510492
2014,Iqbal Abdulla,Rajasthan Royals,0,6,9.0,1,16.67,1,16.67,0.006580376519486154,0.34851369930200965,0.24929156387860038,0.2534627067555998,-0.14029135705931545,0.5127857115355905,powerplay,Iqbal Abdulla,2014,12590619.49405,4.072759976408784
2014,JD Unadkat,Delhi Capitals,3,66,6.36,31,46.97,7,10.61,0.23383087042000586,0.2579913922737347,0.5163707368250396,0.18848030858875783,0.3389657688229018,0.9920428374178079,powerplay,JD Unadkat,2014,54236514.743599996,1.8291050634570332
2014,JDS Neesham,Delhi Capitals,0,18,13.33,4,22.22,7,38.89,0.006580376519486154,0.49698399832944545,0.29821200644799767,0.4917315000340202,-0.24750413245789826,0.40557293613700773,powerplay,JDS Neesham,2014,19370183.836999997,2.093800139172153
2014,JH Kallis,Kolkata Knight Riders,2,30,7.4,11,36.67,4,13.33,0.1580807057864993,0.2936516950424491,0.42558144701156364,0.2176473255877364,0.17444018014444623,0.8275172487393523,powerplay,JH Kallis,2014,106536011.1035,0.7767488571872821
2014,JJ Bumrah,Mumbai Indians,0,96,6.75,50,52.08,17,17.71,0.006580376519486154,0.2713640058120026,0.5614128019655118,0.2646148014905033,-0.01031055783521919,0.6427665107596868,powerplay,JJ Bumrah,2014,23244220.604399998,2.7652745243607555
2014,JO Holder,Sunrisers Hyderabad,1,12,10.5,6,50.0,0,0.0,0.08233054115299274,0.39994682829534767,0.5430786541196837,0.07470749595671278,0.07150449462637781,0.7245815632212838,powerplay,JO Holder,2014,14527637.87775,4.987607547205086
2014,JP Duminy,Delhi Capitals,0,48,7.75,14,29.17,5,10.42,0.006580376519486154,0.30565275847422796,0.35947274083670244,0.18644290666603505,-0.07240257354008103,0.5806744950548249,powerplay,JP Duminy,2014,42614404.4414,1.3626249214706805
2014,JW Hastings,Chennai Super Kings,0,12,13.0,5,41.67,6,50.0,0.006580376519486154,0.48566870995091105,0.4696539177948044,0.6108658966732304,-0.21424079419243108,0.4388362744024749,powerplay,JW Hastings,2014,9685091.918499999,4.531049143315108
2014,K Santokie,Mumbai Indians,1,18,10.33,7,38.89,4,22.22,0.08233054115299274,0.3941177403427693,0.44514962403932257,0.3129762892351332,-0.0026134290771254176,0.6504636395177805,powerplay,K Santokie,2014,5811055.151099999,11.193554743576156
2014,KK Cooper,Rajasthan Royals,2,36,6.17,16,44.44,4,11.11,0.1580807057864993,0.2514765292679119,0.4940700666087198,0.193841892595923,0.22083543550922433,0.8739125041041303,powerplay,KK Cooper,2014,5811055.151099999,15.038792119167956
2014,KV Sharma,Sunrisers Hyderabad,4,78,6.54,35,44.87,11,14.1,0.3095810350535125,0.2641633677529353,0.49786029909607854,0.22590416495877078,0.4364671254408705,1.0895441940357764,powerplay,KV Sharma,2014,72638189.38875,1.499960562349207
2014,KW Richardson,Rajasthan Royals,4,66,5.55,31,46.97,7,10.61,0.3095810350535125,0.23021750261733218,0.5163707368250396,0.18848030858875783,0.466477960601363,1.119555029196269,powerplay,KW Richardson,2014,19370183.836999997,5.779785254581573
2014,L Balaji,Punjab Kings,4,54,7.56,27,50.0,11,20.37,0.3095810350535125,0.2991378954684051,0.5430786541196837,0.2931384284086221,0.41909851540024684,1.0721755839951528,powerplay,L Balaji,2014,34866330.9066,3.0751029893776294
2014,LR Shukla,Delhi Capitals,0,8,14.25,1,12.5,2,25.0,0.006580376519486154,0.5285296507786927,0.21253512324537752,0.3427866963149716,-0.2591910628994982,0.39388600569540777,powerplay,LR Shukla,2014,29055275.7555,1.3556436669538316
2014,M de Lange,Mumbai Indians,0,6,14.0,1,16.67,3,50.0,0.006580376519486154,0.5199574626131364,0.24929156387860038,0.6108658966732304,-0.29749387669840494,0.35558319189650106,powerplay,M de Lange,2014,5811055.151099999,6.119081348405223
2014,M Morkel,Kolkata Knight Riders,5,156,7.46,91,58.33,30,19.23,0.38533119968701907,0.2957090202021826,0.6165033904445628,0.28091401687228545,0.558910503188349,1.2119875717832551,powerplay,M Morkel,2014,54236514.743599996,2.2346339500479644
2014,M Muralitharan,Royal Challengers Bengaluru,0,30,8.8,14,46.67,6,20.0,0.006580376519486154,0.3416559487695646,0.5137263885780453,0.28917085624331984,-0.06467366428080346,0.5884034043141025,powerplay,M Muralitharan,2014,19370183.836999997,3.0376758902523298
2014,MC Henriques,Sunrisers Hyderabad,1,24,14.0,7,29.17,11,45.83,0.08233054115299274,0.5199574626131364,0.35947274083670244,0.566150286053473,-0.14187115453676297,0.5112059140581431,powerplay,MC Henriques,2014,19370183.836999997,2.6391381638911557
2014,MG Johnson,Punjab Kings,4,168,8.36,78,46.43,34,20.24,0.3095810350535125,0.3265688975981854,0.5116109099804497,0.2917444165667591,0.3962214934619591,1.0492985620568651,powerplay,MG Johnson,2014,125906194.94049999,0.8333970878499953
2014,MM Sharma,Chennai Super Kings,5,114,8.05,56,49.12,26,22.81,0.38533119968701907,0.3159393842728956,0.5353218992618333,0.31930295836358813,0.5167630854999131,1.1698401540948191,powerplay,MM Sharma,2014,38740367.673999995,3.0196929568119186
2014,Mohammed Shami,Delhi Capitals,2,126,8.38,54,42.86,27,21.43,0.1580807057864993,0.32725467265142993,0.4801431658412157,0.30450498650381225,0.15663567480563623,0.8097127434005422,powerplay,Mohammed Shami,2014,82323281.30725,0.983576857655251
2014,NM Coulter-Nile,Delhi Capitals,1,12,1.5,9,75.0,0,0.0,0.08233054115299274,0.09134805433531953,0.7634410080358877,0.07470749595671278,0.29191258778125306,0.9449896563761591,powerplay,NM Coulter-Nile,2014,82323281.30725,1.1479008627574425
2014,P Negi,Chennai Super Kings,0,6,8.0,1,16.67,0,0.0,0.006580376519486154,0.31422494663978423,0.24929156387860038,0.07470749595671278,-0.08739593856842531,0.5656811300264807,powerplay,P Negi,2014,1937018.3837,29.203704765359202
2014,P Suyal,Mumbai Indians,0,6,28.0,0,0.0,5,83.33,0.006580376519486154,0.9999999998842911,0.10235394628727548,0.9682690865908612,-0.653077068594906,0.0,powerplay,P Suyal,2014,1937018.3837,0.0
2014,Parvez Rasool,Sunrisers Hyderabad,0,18,9.33,5,27.78,3,16.67,0.006580376519486154,0.359828987680544,0.34722059395896143,0.2534627067555998,-0.11657029222447429,0.5365067763704316,powerplay,Parvez Rasool,2014,18401674.64515,2.9155323453772453
2014,PJ Cummins,Kolkata Knight Riders,1,12,8.0,9,75.0,3,25.0,0.08233054115299274,0.31422494663978423,0.7634410080358877,0.3427866963149716,0.12685830155736894,0.7799353701522749,powerplay,PJ Cummins,2014,19370183.836999997,4.026473763570998
2014,PP Ojha,Mumbai Indians,3,96,8.13,41,42.71,16,16.67,0.23383087042000586,0.3186824844858736,0.4788209917177185,0.2534627067555998,0.28435881955126757,0.9374358881461735,powerplay,PP Ojha,2014,62953097.470249996,1.4891020868181768
2014,PV Tambe,Rajasthan Royals,1,48,8.13,19,39.58,9,18.75,0.08233054115299274,0.3186824844858736,0.45123162500740976,0.2757668962254069,0.04437067774369383,0.6974477463385998,powerplay,PV Tambe,2014,1937018.3837,36.00625333283458
2014,R Bhatia,Rajasthan Royals,1,24,6.75,7,29.17,2,8.33,0.08233054115299274,0.2713640058120026,0.35947274083670244,0.16403148551608462,0.06284933397128162,0.7159264025661876,powerplay,R Bhatia,2014,32929312.522899996,2.1741310331587145
2014,R Dhawan,Punjab Kings,0,42,9.57,12,28.57,10,23.81,0.006580376519486154,0.3680582883194781,0.3541840443427135,0.33002612637791845,-0.13390859135327948,0.5191684772416265,powerplay,R Dhawan,2014,58110551.511,0.8934151608307329
2014,R Rampaul,Royal Challengers Bengaluru,1,30,6.2,15,50.0,4,13.33,0.08233054115299274,0.25250519184777864,0.5430786541196837,0.2176473255877364,0.11663734692395762,0.7697144155188637,powerplay,R Rampaul,2014,17433165.4533,4.415230369841761
2014,R Shukla,Delhi Capitals,2,24,8.25,11,45.83,6,25.0,0.1580807057864993,0.3227971348053406,0.5063222134864608,0.3427866963149716,0.15906181606002257,0.8121388846549286,powerplay,R Shukla,2014,7748073.5348,10.48181694465413
2014,R Tewatia,Rajasthan Royals,0,12,2.5,7,58.33,0,0.0,0.006580376519486154,0.12563680699754487,0.6165033904445628,0.07470749595671278,0.11706167922248309,0.7701387478173891,powerplay,R Tewatia,2014,1937018.3837,39.75897979586063
2014,S Badree,Chennai Super Kings,1,54,7.56,29,53.7,10,18.52,0.08233054115299274,0.2991378954684051,0.5756922824992818,0.2733005675821109,0.0919744352286489,0.7450515038235549,powerplay,S Badree,2014,5811055.151099999,12.821277452211426
2014,S Gopal,Mumbai Indians,1,12,7.5,6,50.0,2,16.67,0.08233054115299274,0.2970805703086716,0.5430786541196837,0.2534627067555998,0.08718658145993845,0.7402636500548444,powerplay,S Gopal,2014,1937018.3837,38.21665588123269
2014,S Kaul,Delhi Capitals,1,42,9.14,16,38.1,9,21.43,0.08233054115299274,0.35331412467472123,0.43818617365557055,0.30450498650381225,0.01739360418803719,0.6704706727829431,powerplay,S Kaul,2014,8716582.72665,7.691898233616855
2014,S Nadeem,Delhi Capitals,2,42,7.57,14,33.33,6,14.29,0.1580807057864993,0.2994807829950274,0.39614103652835875,0.2279415668814935,0.16063466476444416,0.8137117333593502,powerplay,S Nadeem,2014,16464656.261449998,4.942172617745794
2014,Sandeep Sharma,Punjab Kings,12,132,8.36,66,50.0,27,20.45,0.915582352121565,0.3265688975981854,0.5430786541196837,0.2939962818497685,1.314213419249206,1.967290487844112,powerplay,Sandeep Sharma,2014,16464656.261449998,11.948567018980437
2014,Sandeep Sharma,Punjab Kings,12,132,8.36,66,50.0,27,20.45,0.915582352121565,0.3265688975981854,0.5430786541196837,0.2939962818497685,1.314213419249206,1.967290487844112,powerplay,Sandeep Sharma,2014,1937018.3837,101.5628196613337
2014,SB Jakati,Royal Challengers Bengaluru,0,6,15.0,0,0.0,2,33.33,0.006580376519486154,0.5542462152753617,0.10235394628727548,0.4321106858743434,-0.32296849614713763,0.33010857244776837,powerplay,SB Jakati,2014,3874036.7674,8.521049031481331
2014,Shakib Al Hasan,Kolkata Knight Riders,2,84,6.0,40,47.62,10,11.9,0.1580807057864993,0.24564744131533356,0.5221001580268609,0.20231319532724398,0.23046474636469164,0.8835418149595976,powerplay,Shakib Al Hasan,2014,54236514.743599996,1.629053450680765
2014,TG Southee,Rajasthan Royals,0,36,6.5,19,52.78,5,13.89,0.006580376519486154,0.2627918176464462,0.5675829478751655,0.2236522996757614,0.004019080383403491,0.6570961489783095,powerplay,TG Southee,2014,23244220.604399998,2.826922701180718
2014,UT Yadav,Kolkata Knight Riders,5,120,7.6,50,41.67,22,18.33,0.38533119968701907,0.3005094455748941,0.4696539177948044,0.27126316565938813,0.5143856189496452,1.167462687544551,powerplay,UT Yadav,2014,50362477.9762,2.3181200259770054
2014,VR Aaron,Royal Challengers Bengaluru,5,96,6.56,47,48.96,11,11.46,0.38533119968701907,0.26484914280617977,0.5339115801967695,0.1975950014009386,0.5662267019062819,1.2193037705011878,powerplay,VR Aaron,2014,38740367.673999995,3.147372737299819
2014,VS Malik,Rajasthan Royals,0,6,9.0,3,50.0,2,33.33,0.006580376519486154,0.34851369930200965,0.5430786541196837,0.4321106858743434,-0.08788482581073917,0.5651922427841668,powerplay,VS Malik,2014,3874036.7674,14.589232800789521
2014,WD Parnell,Delhi Capitals,2,78,8.46,40,51.28,19,24.36,0.1580807057864993,0.32999777286440796,0.5543612066401933,0.3359238687858002,0.1712457604824429,0.8243228290773489,powerplay,WD Parnell,2014,19370183.836999997,4.255627287866866
2014,Y Venugopal Rao,Sunrisers Hyderabad,0,6,9.0,1,16.67,1,16.67,0.006580376519486154,0.34851369930200965,0.24929156387860038,0.2534627067555998,-0.14029135705931545,0.5127857115355905,powerplay,Y Venugopal Rao,2014,10653601.11035,4.81326179030129
2014,YS Chahal,Royal Challengers Bengaluru,1,36,6.83,6,16.67,3,8.33,0.08233054115299274,0.2741071060249806,0.24929156387860038,0.16403148551608462,0.028423430777361987,0.681500499372268,powerplay,YS Chahal,2014,1937018.3837,35.182964968587356
2014,Yuvraj Singh,Royal Challengers Bengaluru,0,18,9.33,5,27.78,3,16.67,0.006580376519486154,0.359828987680544,0.34722059395896143,0.2534627067555998,-0.11657029222447429,0.5365067763704316,powerplay,Yuvraj Singh,2014,271182573.718,0.1978396948648845
2014,Z Khan,Mumbai Indians,4,60,6.1,28,46.67,7,11.67,0.3095810350535125,0.24907631658155607,0.5137263885780453,0.19984686668394797,0.4539819375261147,1.1070590061210206,powerplay,Z Khan,2014,50362477.9762,2.19818215982976
2015,A Mishra,Delhi Capitals,0,18,7.67,6,33.33,3,16.67,0.01571784043567892,0.3026529237174303,0.40704581054894357,0.2567681060867993,-0.05698957925787356,0.5960874893370325,powerplay,A Mishra,2015,61093668.0445,0.9756943860415264
2015,AD Mathews,Delhi Capitals,5,60,9.0,25,41.67,16,26.67,0.36952853061526014,0.3608708765873904,0.4812206708895074,0.39716582439242776,0.43879039401756165,1.0918674626124676,powerplay,AD Mathews,2015,130915002.9525,0.8340277569322064
2015,CH Morris,Rajasthan Royals,2,84,7.64,49,58.33,17,20.24,0.15724211650751138,0.30133973681058907,0.6293925142077081,0.3068900915219086,0.21263304231390323,0.8657101109088092,powerplay,CH Morris,2015,24437467.2178,3.5425525206566206
2015,D Wiese,Royal Challengers Bengaluru,6,84,7.64,32,38.1,13,15.48,0.4402906686511764,0.30133973681058907,0.44946956160703583,0.24006077760842948,0.596594847531895,1.2496719161268008,powerplay,D Wiese,2015,48874934.4356,2.556876915657922
2015,DJ Muthuswami,Delhi Capitals,3,66,8.45,32,48.48,15,22.73,0.22800425454342763,0.33679578329530163,0.5417879129661548,0.34184912338001017,0.26777503938133496,0.920852107976241,powerplay,DJ Muthuswami,2015,13091500.29525,7.033969271729341
2015,DJG Sammy,Royal Challengers Bengaluru,0,6,8.0,1,16.67,1,16.67,0.01571784043567892,0.3170979796926836,0.25887396723074285,0.2567681060867993,-0.10866366024096044,0.5444134083539456,powerplay,DJG Sammy,2015,48874934.4356,1.1138908208077318
2015,GB Hogg,Kolkata Knight Riders,4,36,6.0,18,50.0,4,11.11,0.2987663925793439,0.22955218590326992,0.5553065925486078,0.17870697470886981,0.4642240787401892,1.1173011473350951,powerplay,GB Hogg,2015,8727666.863499999,12.801830830731676
2015,GS Sandhu,Delhi Capitals,0,6,7.0,3,50.0,1,16.67,0.01571784043567892,0.2733250827979768,0.5553065925486078,0.2567681060867993,0.002152575801752467,0.6552296443966584,powerplay,GS Sandhu,2015,29674067.3359,2.208088419358524
2015,HH Pandya,Mumbai Indians,0,6,7.0,2,33.33,1,16.67,0.01571784043567892,0.2733250827979768,0.40704581054894357,0.2567681060867993,-0.04232565879814681,0.6107514097967592,powerplay,HH Pandya,2015,1745533.3727,34.98938601512074
2015,J Suchith,Mumbai Indians,2,66,9.18,19,28.79,13,19.7,0.15724211650751138,0.3687499980284376,0.3666676491645119,0.2993086147334047,0.10162674754972087,0.7547038161446269,powerplay,J Suchith,2015,1745533.3727,43.236286853527595
2015,J Theron,Rajasthan Royals,0,6,12.0,1,16.67,2,33.33,0.01571784043567892,0.492189567271511,0.25887396723074285,0.4906707047839763,-0.24298997376980952,0.4100870948250965,powerplay,J Theron,2015,5236600.1181,7.831170713372874
2015,JD Unadkat,Delhi Capitals,0,6,13.0,1,16.67,2,33.33,0.01571784043567892,0.5359624641662178,0.25887396723074285,0.4906707047839763,-0.26487642221716295,0.38820064637774304,powerplay,JD Unadkat,2015,19200867.0997,2.0217870597302787
2015,KC Cariappa,Kolkata Knight Riders,0,6,12.0,2,33.33,2,33.33,0.01571784043567892,0.492189567271511,0.40704581054894357,0.4906707047839763,-0.1985384207743493,0.4545386478205567,powerplay,KC Cariappa,2015,41892800.9448,1.0850041953973883
2015,M Vijay,Punjab Kings,0,6,5.0,1,16.67,0,0.0,0.01571784043567892,0.18577928900856308,0.25887396723074285,0.022725109671316565,0.0038042843841963768,0.6568813529791023,powerplay,M Vijay,2015,52366001.181,1.2544042664411792
2015,MJ McClenaghan,Mumbai Indians,4,114,8.42,57,50.0,27,23.68,0.2987663925793439,0.33548259638846045,0.5553065925486078,0.3551869066190448,0.37596288711555903,1.029039955710465,powerplay,MJ McClenaghan,2015,5236600.1181,19.650917245975094
2015,P Kumar,Sunrisers Hyderabad,4,90,9.0,43,47.78,23,25.56,0.2987663925793439,0.3608708765873904,0.5355622052637095,0.38158167766050294,0.3520664766223329,1.0051435452172388,powerplay,P Kumar,2015,38401734.1994,2.617443108162921
2015,PP Ojha,Mumbai Indians,0,6,11.0,1,16.67,1,16.67,0.01571784043567892,0.4484166703768041,0.25887396723074285,0.2567681060867993,-0.1743230055830207,0.4787540630118853,powerplay,PP Ojha,2015,8727666.863499999,5.485475906671966
2015,RS Bopara,Sunrisers Hyderabad,0,12,8.0,2,16.67,0,0.0,0.01571784043567892,0.3170979796926836,0.25887396723074285,0.022725109671316565,-0.06185506095786389,0.5912220076370421,powerplay,RS Bopara,2015,17455333.726999998,3.3870564543978725
2015,SA Abbott,Royal Challengers Bengaluru,0,6,9.0,2,33.33,1,16.67,0.01571784043567892,0.3608708765873904,0.40704581054894357,0.2567681060867993,-0.08609855569285363,0.5669785129020524,powerplay,SA Abbott,2015,17455333.726999998,3.2481677048949638
2015,Yuvraj Singh,Delhi Capitals,0,6,5.0,2,33.33,0,0.0,0.01571784043567892,0.18577928900856308,0.40704581054894357,0.022725109671316565,0.048255837379656594,0.7013329059745625,powerplay,Yuvraj Singh,2015,279285339.63199997,0.25111697839158803
2015,Z Khan,Delhi Capitals,4,79,5.16,51,64.56,10,12.66,0.2987663925793439,0.19278295251171618,0.6848013127594722,0.20046862104624225,0.5171047822317509,1.170181850826657,powerplay,Z Khan,2015,69821334.90799999,1.6759660243800065
2016,A Mishra,Delhi Capitals,2,36,5.0,15,41.67,2,5.56,0.1764973566843842,0.18104850511763462,0.5005506459780844,0.1095366231242805,0.3024796516363283,0.9555567202312343,powerplay,A Mishra,2016,1636386.3998999998,58.39432057670661
2016,A Nehra,Sunrisers Hyderabad,4,96,7.69,50,52.08,20,20.83,0.3137477972115812,0.3020240246592247,0.6154247448759369,0.30656159753072704,0.44292478744439506,1.096001856039301,powerplay,A Nehra,2016,90001251.9945,1.2177628996830823
2016,A Zampa,Lucknow Super Giants,0,12,6.5,4,33.33,0,0.0,0.03924691615718722,0.24850697326350268,0.40851894714925724,0.037797339712372015,0.04961310380633224,0.7026901724012382,powerplay,A Zampa,2016,4909159.1997,14.31385994661122
2016,AB Dinda,Lucknow Super Giants,5,96,7.5,45,46.88,16,16.67,0.3823730174751797,0.2934792853607481,0.5580428703064045,0.2528861624599466,0.5436555121323275,1.1967325807272335,powerplay,AB Dinda,2016,8181931.9995,14.62652807185841
2016,BCJ Cutting,Sunrisers Hyderabad,0,18,10.33,4,22.22,5,27.78,0.03924691615718722,0.42075092859595253,0.2859203651362753,0.3962357017956127,-0.14497612088043538,0.5081009477144707,powerplay,BCJ Cutting,2016,8181931.9995,6.210036306162418
2016,CH Morris,Delhi Capitals,3,120,7.5,59,49.17,21,17.5,0.2451225769479827,0.2934792853607481,0.5833129650687562,0.2635954439764725,0.34321902346693234,0.9962960920618383,powerplay,CH Morris,2016,114547047.99299999,0.8697702031768835
2016,CR Brathwaite,Delhi Capitals,0,24,6.75,10,41.67,4,16.67,0.03924691615718722,0.25975005128781403,0.5005506459780844,0.2528861624599466,0.028583309893309816,0.6816603784882158,powerplay,CR Brathwaite,2016,68728228.7958,0.9918200867848821
2016,DL Chahar,Lucknow Super Giants,0,24,8.75,11,45.83,5,20.83,0.03924691615718722,0.3496946754823048,0.5464561456337104,0.30656159753072704,-0.013352439321403883,0.6397246292735022,powerplay,DL Chahar,2016,1636386.3998999998,39.093739065088535
2016,DR Smith,Gujarat Titans,6,36,5.83,20,55.56,5,13.89,0.4509982377387782,0.21837552415834827,0.6538264609340088,0.21701652075399236,0.7200542286583972,1.3731312972533032,powerplay,DR Smith,2016,37636887.1977,3.648365737688359
2016,DS Kulkarni,Gujarat Titans,14,198,6.82,96,48.48,36,18.18,0.9999999998475663,0.26289811313462125,0.5756988317124144,0.2723693131707347,1.4867867300836162,2.139863798678522,powerplay,DS Kulkarni,2016,32727727.998,6.538381762428757
2016,DW Steyn,Gujarat Titans,0,6,7.0,2,33.33,0,0.0,0.03924691615718722,0.2709931293121254,0.40851894714925724,0.037797339712372015,0.038370025782020895,0.6914470943769269,powerplay,DW Steyn,2016,37636887.1977,1.8371527133603687
2016,I Sharma,Lucknow Super Giants,2,54,9.11,29,53.7,14,25.93,0.1764973566843842,0.3658847078373131,0.6333014057995221,0.37236561648769345,0.1973209795502377,0.8503980481451436,powerplay,I Sharma,2016,62182683.1962,1.3675801757572144
2016,IK Pathan,Lucknow Super Giants,0,12,3.0,6,50.0,0,0.0,0.03924691615718722,0.09110388092314384,0.5924719950481239,0.037797339712372015,0.18350056434617168,0.8365776329410777,powerplay,IK Pathan,2016,16363863.999,5.1123477498480865
2016,Iqbal Abdulla,Royal Challengers Bengaluru,3,30,7.6,13,43.33,7,23.33,0.2451225769479827,0.2979765165704726,0.5188687059368198,0.3388184695684557,0.30659252500409256,0.9596695935989985,powerplay,Iqbal Abdulla,2016,1636386.3998999998,58.64565934168385
2016,JD Unadkat,Kolkata Knight Riders,0,6,19.0,1,16.67,4,66.67,0.03924691615718722,0.8106608744790699,0.22467624900917815,0.8980236032145195,-0.4586619089439046,0.19441515965100142,powerplay,JD Unadkat,2016,26182182.398399998,0.742547571828398
2016,JO Holder,Kolkata Knight Riders,0,24,6.25,10,41.67,3,12.5,0.03924691615718722,0.23726389523919136,0.5005506459780844,0.19908169990101524,0.050587280429407425,0.7036643490243134,powerplay,JO Holder,2016,11454704.7993,6.143016003933288
2016,JW Hastings,Kolkata Knight Riders,1,24,6.0,15,62.5,4,16.67,0.10787213642078572,0.22602081721488002,0.730409193532577,0.2528861624599466,0.21734332159152236,0.8704203901864284,powerplay,JW Hastings,2016,21273023.1987,4.091662863600976
2016,KC Cariappa,Punjab Kings,0,30,11.2,11,36.67,7,23.33,0.03924691615718722,0.459876840120556,0.44537576658430317,0.3388184695684557,-0.10521900976289739,0.5478580588320086,powerplay,KC Cariappa,2016,13091091.199199999,4.18496862099233
2016,KH Pandya,Mumbai Indians,0,60,9.4,18,30.0,12,20.0,0.03924691615718722,0.3789266783455143,0.3717724774729989,0.29585231601420114,-0.07823168489791688,0.5748453836969891,powerplay,KH Pandya,2016,32727727.998,1.7564475717108077
2016,KJ Abbott,Punjab Kings,0,42,10.43,13,30.95,11,26.19,0.03924691615718722,0.42524815980567704,0.3822557045578173,0.3757203311796173,-0.11422106053563597,0.53885600805927,powerplay,KJ Abbott,2016,34364114.3979,1.5680776807453525
2016,KW Richardson,Royal Challengers Bengaluru,4,42,8.86,23,54.76,10,23.81,0.3137477972115812,0.35464162981300174,0.6449984802310037,0.3450117889996996,0.41779806718023216,1.0708751357751383,powerplay,KW Richardson,2016,32727727.998,3.2720729524535885
2016,M Ashwin,Lucknow Super Giants,0,12,16.5,4,33.33,6,50.0,0.03924691615718722,0.6982300942359565,0.40851894714925724,0.6829347804669448,-0.3042759448308092,0.3488011237640968,powerplay,M Ashwin,2016,73637387.9955,0.4736739491430795
2016,MM Sharma,Punjab Kings,3,114,7.74,44,38.6,21,18.42,0.2451225769479827,0.304272640264087,0.4666732700303027,0.27546597288635666,0.30045633172175,0.953533400316656,powerplay,MM Sharma,2016,106365115.9935,0.8964719225943651
2016,MM Sharma,Punjab Kings,3,114,7.74,44,38.6,21,18.42,0.2451225769479827,0.304272640264087,0.4666732700303027,0.27546597288635666,0.30045633172175,0.953533400316656,powerplay,MM Sharma,2016,1636386.3998999998,58.270674968633735
2016,MM Sharma,Punjab Kings,3,114,7.74,44,38.6,21,18.42,0.2451225769479827,0.304272640264087,0.4666732700303027,0.27546597288635666,0.30045633172175,0.953533400316656,powerplay,MM Sharma,2016,1636386.3998999998,58.270674968633735
2016,MP Stoinis,Punjab Kings,1,54,9.78,16,29.63,14,25.93,0.10787213642078572,0.39601615694246756,0.3676895363978591,0.37236561648769345,-0.00036613621823616826,0.6527109323766698,powerplay,MP Stoinis,2016,9000125.19945,7.252242806761813
2016,MR Marsh,Lucknow Super Giants,3,30,2.8,22,73.33,1,3.33,0.2451225769479827,0.08210941850369474,0.8499179822995072,0.08076349326662657,0.5654518522066534,1.2185289208015595,powerplay,MR Marsh,2016,78546547.1952,1.5513462581281028
2016,NLTC Perera,Lucknow Super Giants,1,78,7.46,32,41.03,14,17.95,0.10787213642078572,0.29168039287685826,0.4934882614156804,0.26940168094326367,0.11013415042880081,0.7632112190237068,powerplay,NLTC Perera,2016,16363863.999,4.664003679512045
2016,P Kumar,Gujarat Titans,3,138,7.52,62,44.93,24,17.39,0.2451225769479827,0.29437873160269296,0.5365246673428298,0.26217614160681246,0.329016671502114,0.98209374009702,powerplay,P Kumar,2016,57273523.99649999,1.7147429939129222
2016,P Negi,Delhi Capitals,0,24,10.75,4,16.67,7,29.17,0.03924691615718722,0.4396392996767956,0.22467624900917815,0.41417052264858983,-0.1763805054295815,0.4766965631653245,powerplay,P Negi,2016,139092843.9915,0.34271825169845227
2016,P Sahu,Punjab Kings,0,18,9.33,5,27.78,4,22.22,0.03924691615718722,0.37577861649870714,0.3472748310221601,0.3244964183837042,-0.08973576838366554,0.5633413002112404,powerplay,P Sahu,2016,1636386.3998999998,34.425933889799275
2016,PJ Sangwan,Gujarat Titans,0,18,12.33,8,44.44,6,33.33,0.03924691615718722,0.5106955527904433,0.5311175291622392,0.46784595771937026,-0.13071133495464313,0.5223657336402628,powerplay,PJ Sangwan,2016,3272772.7997999997,15.960953160946117
2016,PV Tambe,Gujarat Titans,1,24,8.5,8,33.33,5,20.83,0.10787213642078572,0.33845159745799347,0.40851894714925724,0.30656159753072704,0.05382577054081358,0.7069028391357196,powerplay,PV Tambe,2016,3272772.7997999997,21.59950850174869
2016,R Bhatia,Lucknow Super Giants,1,30,7.4,10,33.33,3,10.0,0.10787213642078572,0.2889820541510235,0.40851894714925724,0.16682482786328656,0.10650789612778666,0.7595849647226927,powerplay,R Bhatia,2016,9818318.3994,7.736405908053573
2016,S Ladda,Gujarat Titans,0,6,7.0,2,33.33,1,16.67,0.03924691615718722,0.2709931293121254,0.40851894714925724,0.2528861624599466,-0.004647738767494025,0.648429329827412,powerplay,S Ladda,2016,1636386.3998999998,39.62568558789279
2016,SB Jakati,Gujarat Titans,0,24,9.5,6,25.0,6,25.0,0.03924691615718722,0.3834239095552388,0.3165975980792177,0.36036606008965844,-0.10993551313600497,0.543141555458901,powerplay,SB Jakati,2016,3272772.7997999997,16.59576110789275
2016,SM Boland,Lucknow Super Giants,1,18,7.33,9,50.0,4,22.22,0.10787213642078572,0.28583399230421636,0.5924719950481239,0.3244964183837042,0.1317335233167667,0.7848105919116727,powerplay,SM Boland,2016,8181931.9995,9.591996021961961
2016,SR Watson,Royal Challengers Bengaluru,4,108,6.94,47,43.52,15,13.89,0.3137477972115812,0.26829479058629063,0.5209653513537834,0.21701652075399236,0.449360601779563,1.102437670374469,powerplay,SR Watson,2016,155456707.9905,0.7091605660669459
2016,STR Binny,Royal Challengers Bengaluru,0,24,8.25,5,20.83,3,12.5,0.03924691615718722,0.3272085194336821,0.27058174866480406,0.19908169990101524,-0.06337570086182207,0.5897013677330839,powerplay,STR Binny,2016,32727727.998,1.8018402248060748
2016,TG Southee,Mumbai Indians,2,90,9.0,30,33.33,20,22.22,0.1764973566843842,0.36093775350661617,0.40851894714925724,0.3244964183837042,0.1419335587413046,0.7950106273362105,powerplay,TG Southee,2016,40909659.997499995,1.943332277473814
2017,A Choudhary,Royal Challengers Bengaluru,2,30,5.2,18,60.0,3,10.0,0.1662460369328445,0.18765835119484803,0.6746462397376147,0.14966863576907305,0.32800002456931254,0.9810770931642185,powerplay,A Choudhary,2017,31196004.192,3.1448806299872496
2017,AD Mathews,Delhi Capitals,0,6,16.0,1,16.67,2,33.33,0.004703871569593818,0.5801920062910941,0.2568297920556073,0.39350073472224883,-0.28469140511892393,0.36838566347598206,powerplay,AD Mathews,2017,31196004.192,1.180874515879351
2017,BA Stokes,Lucknow Super Giants,4,96,6.5,52,54.17,17,17.71,0.3277882022960951,0.2349077726416184,0.6184295332989787,0.23024923940940678,0.5137074292311457,1.1667844978260518,powerplay,BA Stokes,2017,226171030.39200002,0.5158859186359008
2017,Basil Thampi,Gujarat Titans,2,96,9.25,39,40.63,23,23.96,0.1662460369328445,0.3348584718559403,0.48786792006070534,0.29557074041486536,0.16918604740653512,0.8222631160014411,powerplay,Basil Thampi,2017,13258301.7816,6.201873584915571
2017,CJ Jordan,Sunrisers Hyderabad,1,6,10.0,2,33.33,1,16.67,0.08547495425121915,0.3621177534598463,0.417476503765329,0.21937974164209847,0.02852055744808458,0.6815976260429906,powerplay,CJ Jordan,2017,7799001.048,8.73955038405568
2017,CR Woakes,Kolkata Knight Riders,4,96,9.25,35,36.46,21,21.88,0.3277882022960951,0.3348584718559403,0.4476580288344424,0.27383174488024875,0.4037841271904555,1.0568611957853615,powerplay,CR Woakes,2017,65511608.80320001,1.6132426223270182
2017,DT Christian,Lucknow Super Giants,0,30,8.2,12,40.0,6,20.0,0.004703871569593818,0.29669547761047194,0.4817930444078167,0.2541830373778068,-0.04759062560406159,0.6054864429908444,powerplay,DT Christian,2017,15598002.096,3.8818205002428945
2017,JD Unadkat,Lucknow Super Giants,4,72,7.0,29,40.28,9,12.5,0.3277882022960951,0.2530806270442224,0.4844929891424339,0.1757972361712565,0.4753304394305103,1.1284075080254163,powerplay,JD Unadkat,2017,4679400.6288,24.114359883624427
2017,K Rabada,Delhi Capitals,3,66,9.18,23,34.85,14,21.21,0.24701711961446982,0.3323142722395757,0.4321333466103937,0.2668292799724636,0.28064269129054226,0.9337197598854483,powerplay,K Rabada,2017,77990010.48,1.1972299453978075
2017,KV Sharma,Mumbai Indians,6,78,7.31,31,39.74,11,14.1,0.48933036765934584,0.26434779677383685,0.4792859528685293,0.1925195404286539,0.7071035308769283,1.3601805994718343,powerplay,KV Sharma,2017,49913606.707200006,2.7250697539266966
2017,LH Ferguson,Lucknow Super Giants,1,36,9.5,17,47.22,10,27.78,0.08547495425121915,0.3439448990572423,0.5514130479218737,0.3354952418294016,0.054564847858889376,0.7076419164537954,powerplay,LH Ferguson,2017,7799001.048,9.073494311624245
2017,MG Johnson,Mumbai Indians,1,42,7.57,19,45.24,8,19.05,0.08547495425121915,0.2737976810631909,0.5323205815842238,0.24425416922497709,0.10215893147550498,0.755236000070411,powerplay,MG Johnson,2017,31196004.192,2.4209382567786872
2017,MJ Henry,Punjab Kings,0,18,12.0,6,33.33,7,38.89,0.004703871569593818,0.43480917107026223,0.417476503765329,0.4516107420167048,-0.17542797545448263,0.47764909314042336,powerplay,MJ Henry,2017,7799001.048,6.124490690547004
2017,MM Patel,Gujarat Titans,0,12,6.0,3,25.0,1,8.33,0.004703871569593818,0.2167349182390144,0.3371531479104682,0.13221473070041453,-0.02660865353205893,0.6264684150628471,powerplay,MM Patel,2017,4679400.6288,13.387791829730567
2017,Mohammad Nabi,Sunrisers Hyderabad,1,36,5.83,19,52.78,4,11.11,0.08547495425121915,0.21055614774212902,0.6050262362235577,0.1612697343476425,0.17218828150330298,0.825265350098209,powerplay,Mohammad Nabi,2017,4679400.6288,17.636133675304535
2017,MS Gony,Gujarat Titans,0,6,17.0,2,33.33,3,50.0,0.004703871569593818,0.6165377150963022,0.417476503765329,0.567726242204008,-0.28951534750496327,0.3635617210899427,powerplay,MS Gony,2017,9358801.2576,3.8847039389227893
2017,NB Singh,Gujarat Titans,1,18,5.0,10,55.56,2,11.11,0.08547495425121915,0.18038920943380643,0.6318328303743995,0.1612697343476425,0.19531372890271684,0.8483907974976228,powerplay,NB Singh,2017,7799001.048,10.878198275344335
2017,NM Coulter-Nile,Kolkata Knight Riders,4,48,11.88,19,39.58,18,37.5,0.3277882022960951,0.4304476860136373,0.4777431273058909,0.43708324019309086,0.3323647505904731,0.9854418191853791,powerplay,NM Coulter-Nile,2017,54593007.336,1.805069673338098
2017,P Negi,Royal Challengers Bengaluru,1,24,7.25,6,25.0,2,8.33,0.08547495425121915,0.26216705424552433,0.3371531479104682,0.13221473070041453,0.0718319024871241,0.7249089710820301,powerplay,P Negi,2017,15598002.096,4.64744758091761
2017,PJ Cummins,Delhi Capitals,4,84,9.14,25,29.76,21,25.0,0.3277882022960951,0.33086044388736746,0.3830522083989601,0.30644023818217364,0.37987969638371216,1.0329567649786182,powerplay,PJ Cummins,2017,70191009.43200001,1.4716368568247065
2017,R Tewatia,Punjab Kings,0,6,6.0,5,83.33,1,16.67,0.004703871569593818,0.2167349182390144,0.8996094920898241,0.21937974164209847,0.12469524753341102,0.777772316128317,powerplay,R Tewatia,2017,3899500.524,19.94543432784308
2017,Rashid Khan,Sunrisers Hyderabad,5,84,6.5,36,42.86,9,10.71,0.40855928497772054,0.2349077726416184,0.5093710513399778,0.15708915828329317,0.6167785248911063,1.2698555934860123,powerplay,Rashid Khan,2017,62392008.384,2.035285650159737
2017,RD Chahar,Lucknow Super Giants,0,6,10.0,3,50.0,2,33.33,0.004703871569593818,0.3621177534598463,0.5782196420727158,0.39350073472224883,-0.07923732369816744,0.5738397448967385,powerplay,RD Chahar,2017,1559800.2096000002,36.78931066715882
2017,TS Mills,Royal Challengers Bengaluru,3,36,8.5,16,44.44,6,16.67,0.24701711961446982,0.30759919025203436,0.5246064537710319,0.21937974164209847,0.3302320720985774,0.9833091406934834,powerplay,TS Mills,2017,187176025.152,0.5253392574689882
2017,VR Aaron,Punjab Kings,2,42,9.57,18,42.86,12,28.57,0.1662460369328445,0.3464890986736069,0.5093710513399778,0.3437518795564916,0.16018544555315833,0.8132625141480643,powerplay,VR Aaron,2017,43674405.8688,1.8621032111830982
2018,A Dananjaya,Mumbai Indians,0,6,12.0,2,33.33,2,33.33,0.015602755216329488,0.4437875944104935,0.42071893285970857,0.41719691772842193,-0.15571336806852432,0.4973637005263817,powerplay,A Dananjaya,2018,7461730.8149999995,6.665527246393728
2018,A Mishra,Delhi Capitals,3,42,7.43,19,45.24,7,16.67,0.2077809166285211,0.262948701334967,0.5449298747019715,0.20866104466044988,0.30194377775379966,0.9550208463487057,powerplay,A Mishra,2018,59693846.519999996,1.5998648135846512
2018,AJ Tye,Punjab Kings,7,102,7.35,50,49.02,18,17.65,0.4640184651781099,0.2597830314343013,0.5843519872262162,0.22092786072327172,0.6972562060732247,1.3503332746681307,powerplay,AJ Tye,2018,107448923.73599999,1.2567210798554618
2018,B Laughlin,Rajasthan Royals,3,36,10.17,9,25.0,8,22.22,0.2077809166285211,0.37137289543276625,0.3338442774822065,0.2781312784856146,0.17051195477393755,0.8235890233688435,powerplay,B Laughlin,2018,7461730.8149999995,11.03750649531899
2018,BA Stokes,Rajasthan Royals,3,72,8.08,27,37.5,15,20.83,0.2077809166285211,0.28866976927787563,0.46420840619994674,0.260732427131204,0.25445252673758706,0.9075295953324931,powerplay,BA Stokes,2018,186543270.375,0.4864981693030925
2018,Basil Thampi,Sunrisers Hyderabad,0,12,13.0,3,25.0,4,33.33,0.015602755216329488,0.48335846816881434,0.3338442774822065,0.41719691772842193,-0.20156120156093538,0.4515158670339706,powerplay,Basil Thampi,2018,14177288.5485,3.1847829399066745
2018,BCJ Cutting,Mumbai Indians,0,6,10.0,0,0.0,1,16.67,0.015602755216329488,0.36464584689385166,0.07311602004672614,0.20866104466044988,-0.17871619354050372,0.4743608750544023,powerplay,BCJ Cutting,2018,32831615.586,1.4448295235787252
2018,CJ Jordan,Sunrisers Hyderabad,0,12,9.0,6,50.0,3,25.0,0.015602755216329488,0.3250749731355308,0.5945725349176869,0.31292898119443585,-0.023347389506852292,0.6297296790880537,powerplay,CJ Jordan,2018,14923461.629999999,4.219729273951661
2018,CR Brathwaite,Sunrisers Hyderabad,0,6,4.0,3,50.0,0,0.0,0.015602755216329488,0.12722060434392637,0.5945725349176869,0.0,0.1381655911278371,0.7912426597227431,powerplay,CR Brathwaite,2018,29846923.259999998,2.6510024260461855
2018,CR Woakes,Royal Challengers Bengaluru,2,42,8.86,19,45.24,10,23.81,0.14372152949112388,0.31953505080936584,0.5449298747019715,0.29803356168958073,0.1596870189046782,0.8127640874995842,powerplay,CR Woakes,2018,110433616.06199999,0.7359752550738532
2018,DL Chahar,Chennai Super Kings,8,133,7.53,60,45.11,21,15.79,0.5280778523155071,0.2669057887107991,0.543574087763307,0.1976459445224057,0.782206921542372,1.435283990137278,powerplay,DL Chahar,2018,11938769.304,12.022043089955648
2018,DS Kulkarni,Rajasthan Royals,0,78,10.69,30,38.46,25,32.05,0.015602755216329488,0.3919497497870931,0.4742203712854692,0.40117495389126673,-0.11053962146166493,0.542537447133241,powerplay,DS Kulkarni,2018,11192596.222499998,4.847288657144633
2018,DT Christian,Delhi Capitals,0,12,13.0,3,25.0,5,41.67,0.015602755216329488,0.48335846816881434,0.3338442774822065,0.5215900258548858,-0.22243982318622818,0.4306372454086778,powerplay,DT Christian,2018,22385192.444999997,1.9237594068791035
2018,HV Patel,Delhi Capitals,1,30,9.6,9,30.0,8,26.67,0.07966214235372668,0.3488174973905233,0.38598992896930256,0.3338326371382242,-0.0058850839015257145,0.6471919846933802,powerplay,HV Patel,2018,2984692.326,21.683708536910693
2018,Imran Tahir,Chennai Super Kings,0,12,14.5,3,25.0,5,41.67,0.015602755216329488,0.5427147788062957,0.3338442774822065,0.5215900258548858,-0.25211797850496886,0.40095909008993713,powerplay,Imran Tahir,2018,14923461.629999999,2.6867700003590733
2018,JD Unadkat,Rajasthan Royals,2,90,9.67,36,40.0,24,26.67,0.14372152949112388,0.3515874585536058,0.49028123194349477,0.3338326371382242,0.12010640711528651,0.7731834757101925,powerplay,JD Unadkat,2018,171619808.74499997,0.4505211148784238
2018,JP Duminy,Mumbai Indians,0,6,22.0,0,0.0,4,66.67,0.015602755216329488,0.8394963319937024,0.07311602004672614,0.8345190070493217,-0.5413130285682035,0.11176404002670248,powerplay,JP Duminy,2018,14923461.629999999,0.7489149823123343
2018,JPR Scantlebury-Searles,Kolkata Knight Riders,0,12,12.0,1,8.33,3,25.0,0.015602755216329488,0.4437875944104935,0.15999067542422815,0.31292898119443585,-0.21307825799237123,0.43999881060253476,powerplay,JPR Scantlebury-Searles,2018,4477038.489,9.827898770216152
2018,K Gowtham,Rajasthan Royals,5,96,7.5,35,36.46,17,17.71,0.3358996909033155,0.2657186624980495,0.4533621106906307,0.22167889027813836,0.4626630602575102,1.1157401288524162,powerplay,K Gowtham,2018,92525462.10599999,1.2058736086875095
2018,K Khejroliya,Royal Challengers Bengaluru,0,18,10.67,5,27.78,5,27.78,0.015602755216329488,0.39115833231192665,0.36283725970903197,0.3477266839032571,-0.13286919219941096,0.520207876395495,powerplay,K Khejroliya,2018,12684942.385499999,4.100987301212643
2018,KH Pandya,Mumbai Indians,2,78,8.62,28,35.9,15,19.23,0.14372152949112388,0.3100380411073689,0.44752179772407596,0.2407049723347601,0.14667881853327214,0.7997558871281781,powerplay,KH Pandya,2018,131326462.344,0.6089830433665961
2018,KK Ahmed,Sunrisers Hyderabad,0,12,12.5,5,41.67,4,33.33,0.015602755216329488,0.46357303128965394,0.5076978795401849,0.41719691772842193,-0.13951240250396166,0.5135646660909443,powerplay,KK Ahmed,2018,44770384.88999999,1.1471079986307091
2018,KM Asif,Chennai Super Kings,3,24,9.0,15,62.5,7,29.17,0.2077809166285211,0.3250749731355308,0.7249366636354272,0.36512553525766783,0.2935897804141108,0.9466668490090169,powerplay,KM Asif,2018,5969384.652,15.858700757235386
2018,Kuldeep Yadav,Kolkata Knight Riders,0,60,8.2,19,31.67,8,13.33,0.015602755216329488,0.29341827412887406,0.4034065765659927,0.16685373277287321,-0.03565377782471964,0.6174232907701863,powerplay,Kuldeep Yadav,2018,86556077.454,0.7133217088058483
2018,KV Sharma,Chennai Super Kings,0,6,9.0,1,16.67,1,16.67,0.015602755216329488,0.3250749731355308,0.24696962210470447,0.20866104466044988,-0.10677467604394983,0.5463023925509561,powerplay,KV Sharma,2018,74617308.14999999,0.7321389716347684
2018,KV Sharma,Chennai Super Kings,0,6,9.0,1,16.67,1,16.67,0.015602755216329488,0.3250749731355308,0.24696962210470447,0.20866104466044988,-0.10677467604394983,0.5463023925509561,powerplay,KV Sharma,2018,2984692.326,18.303474290869207
2018,L Ngidi,Chennai Super Kings,4,78,5.77,41,52.56,11,14.1,0.2718403037659183,0.19726105089615434,0.6212711084790801,0.1764919453936618,0.46021287366579194,1.1132899422606979,powerplay,L Ngidi,2018,7461730.8149999995,14.919996041973246
2018,M Markande,Mumbai Indians,4,60,7.2,19,31.67,9,15.0,0.2718403037659183,0.25384740037055326,0.4034065765659927,0.18775738871666153,0.3643072506900662,1.017384319284972,powerplay,M Markande,2018,2984692.326,34.086740211794016
2018,MG Johnson,Kolkata Knight Riders,0,30,14.0,7,23.33,12,40.0,0.015602755216329488,0.5229293419271352,0.3164276298855164,0.5006863699110974,-0.243269523155638,0.409807545439268,powerplay,MG Johnson,2018,29846923.259999998,1.3730311224020886
2018,MM Ali,Royal Challengers Bengaluru,0,12,7.0,5,41.67,1,8.33,0.015602755216329488,0.24593322561888903,0.5076978795401849,0.10426793653398603,0.03189329657030797,0.6849703651652139,powerplay,MM Ali,2018,25369884.770999998,2.6999348690309986
2018,MM Sharma,Punjab Kings,4,78,9.69,25,32.05,20,25.64,0.2718403037659183,0.3523788760287722,0.40736964607901194,0.3209399631130134,0.28959391883559216,0.9426709874304982,powerplay,MM Sharma,2018,35816307.912,2.6319602504720003
2018,Mohammad Nabi,Sunrisers Hyderabad,1,24,8.75,11,45.83,6,25.0,0.07966214235372668,0.3151822546959506,0.5510830615774488,0.31292898119443585,0.06464120841696218,0.7177182770118682,powerplay,Mohammad Nabi,2018,14923461.629999999,4.809328390465854
2018,Mohammed Shami,Delhi Capitals,0,18,11.0,7,38.89,6,33.33,0.015602755216329488,0.4042167206521726,0.47870489731335947,0.41719691772842193,-0.11853214185326866,0.5345449267416373,powerplay,Mohammed Shami,2018,44770384.88999999,1.193969915726667
2018,MP Stoinis,Punjab Kings,1,12,8.5,2,16.67,2,16.67,0.07966214235372668,0.30528953625637034,0.24696962210470447,0.20866104466044988,-0.0007928768982738005,0.6522841916966322,powerplay,MP Stoinis,2018,92525462.10599999,0.7049780426379882
2018,Mujeeb Ur Rahman,Punjab Kings,4,74,5.84,32,43.24,8,10.81,0.2718403037659183,0.20003101205923682,0.5240716141071331,0.1353104914684741,0.4379043355577041,1.09098140415261,powerplay,Mujeeb Ur Rahman,2018,32831615.586,3.3229598503761246
2018,Mujeeb Ur Rahman,Punjab Kings,4,74,5.84,32,43.24,8,10.81,0.2718403037659183,0.20003101205923682,0.5240716141071331,0.1353104914684741,0.4379043355577041,1.09098140415261,powerplay,Mujeeb Ur Rahman,2018,59693846.519999996,1.8276279177068688
2018,N Rana,Kolkata Knight Riders,1,7,6.0,3,42.86,1,14.29,0.07966214235372668,0.20636235186056814,0.5201085445941137,0.17887020565073952,0.13657055984839214,0.7896476284432982,powerplay,N Rana,2018,50739769.541999996,1.5562696393204252
2018,PJ Sangwan,Mumbai Indians,0,6,13.0,2,33.33,3,50.0,0.015602755216329488,0.48335846816881434,0.42071893285970857,0.6258579623888717,-0.21723101387977473,0.43584605471513127,powerplay,PJ Sangwan,2018,22385192.444999997,1.947028401859832
2018,R Ashwin,Punjab Kings,1,58,7.66,17,29.31,8,13.79,0.07966214235372668,0.2720500022993808,0.3787938290640833,0.1726116260268508,0.06258403589475445,0.7156611044896605,powerplay,R Ashwin,2018,113418308.388,0.6309925748860663
2018,R Tewatia,Delhi Capitals,0,18,7.33,4,22.22,2,11.11,0.015602755216329488,0.25899161395913495,0.3048512952553811,0.1390656392428073,-0.04244941342702037,0.6106276551678856,powerplay,R Tewatia,2018,44770384.88999999,1.363909773543798
2018,Rashid Khan,Sunrisers Hyderabad,1,54,6.89,25,46.3,8,14.81,0.07966214235372668,0.24158042950547376,0.5559847528172358,0.18537912845958382,0.12842259893110713,0.7814996675260131,powerplay,Rashid Khan,2018,134311154.67,0.5818576047880336
2018,S Gopal,Rajasthan Royals,0,36,8.17,11,30.56,5,13.89,0.015602755216329488,0.2922311479161245,0.39183024193585736,0.17386334195162856,-0.03993503694313653,0.6131420316517695,powerplay,S Gopal,2018,2984692.326,20.54288900435795
2018,S Kaul,Sunrisers Hyderabad,6,120,9.6,45,37.5,33,27.5,0.3999590780407127,0.3488174973905233,0.46420840619994674,0.34422187931387943,0.4959480143630154,1.1490250829579214,powerplay,S Kaul,2018,56709154.194,2.026172139734526
2018,S Lamichhane,Delhi Capitals,1,18,5.0,10,55.56,2,11.11,0.07966214235372668,0.1667914781022473,0.6525584993713377,0.1390656392428073,0.2040518964423062,0.8571289650372123,powerplay,S Lamichhane,2018,2984692.326,28.717498201428093
2018,S Nadeem,Delhi Capitals,0,48,10.75,14,29.17,14,29.17,0.015602755216329488,0.3943240022125924,0.3773337508224447,0.36512553525766783,-0.13358285008660215,0.5194942185083038,powerplay,S Nadeem,2018,47755077.216,1.0878303392927002
2018,Sandeep Sharma,Sunrisers Hyderabad,3,108,8.39,48,44.44,24,22.22,0.2077809166285211,0.3009367401429551,0.536586570464036,0.2781312784856146,0.266552720313392,0.919629788908298,powerplay,Sandeep Sharma,2018,44770384.88999999,2.0541029324805034
2018,Shakib Al Hasan,Sunrisers Hyderabad,5,114,7.21,40,35.09,17,14.91,0.3358996909033155,0.2542431091081364,0.43907420218316645,0.18663084438436156,0.4711240735789827,1.1242011421738887,powerplay,Shakib Al Hasan,2018,29846923.259999998,3.7665562121121923
2018,Shakib Al Hasan,Sunrisers Hyderabad,5,114,7.21,40,35.09,17,14.91,0.3358996909033155,0.2542431091081364,0.43907420218316645,0.18663084438436156,0.4711240735789827,1.1242011421738887,powerplay,Shakib Al Hasan,2018,2984692.326,37.665562121121916
2018,Shivam Mavi,Kolkata Knight Riders,2,66,10.18,20,30.3,18,27.27,0.14372152949112388,0.37176860417034946,0.3891186680585284,0.34134293268689064,0.07816500603169146,0.7312420746265975,powerplay,Shivam Mavi,2018,44770384.88999999,1.6333164801313318
2018,SN Thakur,Chennai Super Kings,3,96,7.31,48,50.0,17,17.71,0.2077809166285211,0.2582001964839685,0.5945725349176869,0.22167889027813836,0.31660725912047577,0.9696843277153817,powerplay,SN Thakur,2018,38801000.238,2.4991219859474536
2018,SR Watson,Chennai Super Kings,1,72,9.17,31,43.06,17,23.61,0.07966214235372668,0.33180202167444534,0.5221943706535975,0.29553012984002525,0.05114448792144156,0.7042215565163475,powerplay,SR Watson,2018,59693846.519999996,1.1797221951183916
2018,TG Southee,Royal Challengers Bengaluru,1,78,8.85,29,37.18,16,20.51,0.07966214235372668,0.3191393420717827,0.4608710845047726,0.2567269361719152,0.04683948061174739,0.6999165492066534,powerplay,TG Southee,2018,14923461.629999999,4.690041537009356
2018,UT Yadav,Royal Challengers Bengaluru,12,168,7.54,85,50.6,33,19.64,0.784315400865096,0.26730149744838233,0.6008300130961384,0.24583700762634886,1.1739039549770247,1.8269810235719306,powerplay,UT Yadav,2018,62678538.84599999,2.9148430343291647
2018,Washington Sundar,Royal Challengers Bengaluru,0,30,15.2,5,16.67,11,36.67,0.015602755216329488,0.5704143904371203,0.24696962210470447,0.45900422961599857,-0.2795130216858543,0.3735640469090517,powerplay,Washington Sundar,2018,47755077.216,0.7822499065793401
2018,YS Chahal,Royal Challengers Bengaluru,6,96,5.75,50,52.08,12,12.5,0.3999590780407127,0.19646963342098794,0.6162651259363188,0.15646449059721793,0.6552904400120271,1.308367508606933,powerplay,YS Chahal,2018,89540769.77999999,1.4611975213319786
2019,AR Patel,Delhi Capitals,0,84,7.07,38,45.24,14,16.67,0.01603977458342659,0.27691909745485194,0.514002294332439,0.23792085549604589,-0.007783369651763544,0.6452936989431425,powerplay,AR Patel,2019,72212627.65,0.8936022963611717
2019,Arshdeep Singh,Punjab Kings,1,30,13.2,6,20.0,10,33.33,0.0885488593127817,0.49267061524323713,0.2709448904049013,0.4329765059174148,-0.1188238527144586,0.5342532158804474,powerplay,Arshdeep Singh,2019,2888505.106,18.495837683329594
2019,Arshdeep Singh,Punjab Kings,1,30,13.2,6,20.0,10,33.33,0.0885488593127817,0.49267061524323713,0.2709448904049013,0.4329765059174148,-0.1188238527144586,0.5342532158804474,powerplay,Arshdeep Singh,2019,11554020.424,4.623959420832398
2019,CV Varun,Punjab Kings,0,12,17.0,3,25.0,6,50.0,0.01603977458342659,0.6264154386683373,0.319094138409564,0.6281492365611254,-0.31904966324838463,0.33402740534652137,powerplay,CV Varun,2019,121317214.452,0.27533388963417194
2019,GC Viljoen,Punjab Kings,2,36,9.17,12,33.33,8,22.22,0.16105794404213677,0.350830710400302,0.3993107855853322,0.3029003788957216,0.12538472075950946,0.7784617893544155,powerplay,GC Viljoen,2019,10831894.1475,7.1867558780943614
2019,HF Gurney,Kolkata Knight Riders,2,54,6.33,22,40.74,5,9.26,0.16105794404213677,0.2508740528931219,0.47066797112824243,0.1511644107408031,0.2271173988069563,0.8801944674018622,powerplay,HF Gurney,2019,10831894.1475,8.125951522569217
2019,I Sharma,Delhi Capitals,7,156,7.77,66,42.31,33,21.15,0.5236033676889122,0.301556301770002,0.48578683500170655,0.29037279510515346,0.7222883921278487,1.3753654607227546,powerplay,I Sharma,2019,15886778.083,8.657296360137963
2019,JD Unadkat,Rajasthan Royals,2,48,7.38,19,39.58,7,14.58,0.16105794404213677,0.287829859365847,0.4594973455911606,0.21345108902661838,0.19283097225230617,0.8459080408472122,powerplay,JD Unadkat,2019,121317214.452,0.6972695875587397
2019,KMA Paul,Delhi Capitals,0,12,16.5,2,16.67,3,25.0,0.01603977458342659,0.6088174355860873,0.2388774912337958,0.33544868070673034,-0.27577554468911103,0.37730152390579497,powerplay,KMA Paul,2019,7221262.765000001,5.224869059390819
2019,LH Ferguson,Kolkata Knight Riders,1,42,9.71,19,45.24,12,28.57,0.0885488593127817,0.3698365537291321,0.514002294332439,0.377246320082738,0.02665643638779061,0.6797335049826966,powerplay,LH Ferguson,2019,23108040.848,2.9415453670600877
2019,M Ashwin,Punjab Kings,3,42,5.43,19,45.24,4,9.52,0.23356702877149185,0.21919764734507188,0.514002294332439,0.1542084965216888,0.3641107084800958,1.0171877770750017,powerplay,M Ashwin,2019,2888505.106,35.21502437236826
2019,MM Sharma,Chennai Super Kings,0,6,1.0,5,83.33,0,0.0,0.01603977458342659,0.06327934003633678,0.88080326563196,0.04274812485233513,0.24811134657609246,0.9011884151709985,powerplay,MM Sharma,2019,72212627.65,1.2479651336589999
2019,Mohammed Shami,Punjab Kings,3,126,8.67,49,38.89,31,24.6,0.23356702877149185,0.33323270731805205,0.4528527493665172,0.33076547181306004,0.2534369199455549,0.906513988540461,powerplay,Mohammed Shami,2019,69324122.544,1.3076458168873277
2019,P Ray Barman,Royal Challengers Bengaluru,0,6,6.0,1,16.67,0,0.0,0.01603977458342659,0.23925937085883692,0.2388774912337958,0.04274812485233513,-0.03245640115460686,0.6206206674402991,powerplay,P Ray Barman,2019,21663788.295,2.8647836610531234
2019,R Parag,Rajasthan Royals,1,36,8.0,9,25.0,4,11.11,0.0885488593127817,0.30965138318783697,0.319094138409564,0.17282425187402836,0.0391609885233176,0.6922380571182236,powerplay,R Parag,2019,2888505.106,23.96527032894307
2019,Rasikh Salam,Mumbai Indians,0,12,7.5,6,50.0,2,16.67,0.01603977458342659,0.29205338010558696,0.5598403784328779,0.23792085549604589,-0.0015990857469994069,0.6514779828479066,powerplay,Rasikh Salam,2019,2888505.106,22.55415721767835
2019,SL Malinga,Mumbai Indians,1,102,8.71,40,39.22,22,21.57,0.0885488593127817,0.334640547564632,0.4560305997348249,0.2952901644435073,0.04325416221860256,0.6963312308135086,powerplay,SL Malinga,2019,28885051.060000002,2.4106975935998523
2019,SM Curran,Punjab Kings,1,48,10.0,14,29.17,13,27.08,0.0885488593127817,0.380043395516837,0.35925061124545277,0.359801366953816,-0.02138349880637333,0.6316935697885326,powerplay,SM Curran,2019,103986183.81600001,0.6074783654973748
2019,VR Aaron,Rajasthan Royals,1,24,6.75,10,41.67,3,12.5,0.0885488593127817,0.26565637548221194,0.4796237312571097,0.18909840277953274,0.10606254004929296,0.7591396086441989,powerplay,VR Aaron,2019,34662061.272,2.190116746627044
2020,Abdul Samad,Sunrisers Hyderabad,0,6,11.0,1,16.67,1,16.67,0.024415504881496464,0.4737752759821126,0.2112833102653539,0.2598787590604891,-0.18885513940130325,0.4642219291936027,powerplay,Abdul Samad,2020,2778744.6906,16.706174221906142
2020,AJ Tye,Rajasthan Royals,0,6,8.0,2,33.33,1,16.67,0.024415504881496464,0.32179306267498775,0.39783369411282005,0.2598787590604891,-0.05689891759350099,0.596178151001405,powerplay,AJ Tye,2020,13893723.453,4.290989042772946
2020,Arshdeep Singh,Punjab Kings,3,72,7.83,30,41.67,14,19.44,0.23582093965360187,0.3131807372542507,0.4912208610568698,0.29551242061464833,0.2854048150474087,0.9384818836423148,powerplay,Arshdeep Singh,2020,2778744.6906,33.77359160836303
2020,CH Morris,Royal Challengers Bengaluru,2,48,7.63,21,43.75,6,12.5,0.1653524613962334,0.3030485897004424,0.5145116652827239,0.20623530466307233,0.20961083589633164,0.8626879044912377,powerplay,CH Morris,2020,138937234.53,0.6209191563439115
2020,CJ Green,Kolkata Knight Riders,0,6,9.0,3,50.0,2,33.33,0.024415504881496464,0.3724538004440294,0.5844960529806029,0.4741952938952521,-0.06909388578463958,0.5839831828102664,powerplay,CJ Green,2020,2778744.6906,21.016079123273826
2020,CJ Jordan,Punjab Kings,1,30,10.8,13,43.33,9,30.0,0.09488398313886494,0.46364312842830435,0.5098087144294264,0.4313577152037899,-0.022824518217784834,0.6302525503771211,powerplay,CJ Jordan,2020,41681170.359,1.512079783146094
2020,CV Varun,Kolkata Knight Riders,1,60,6.9,20,33.33,8,13.33,0.09488398313886494,0.266066251129042,0.39783369411282005,0.21691253899157492,0.08526044957930745,0.7383375181742134,powerplay,CV Varun,2020,55574893.812,1.3285450812949426
2020,DW Steyn,Royal Challengers Bengaluru,0,30,8.8,11,36.67,6,20.0,0.024415504881496464,0.3623216528902211,0.4352333508985666,0.30271633775195134,-0.07451083140368617,0.5785662371912198,powerplay,DW Steyn,2020,27787446.906,2.0821136938143567
2020,I Udana,Royal Challengers Bengaluru,2,42,10.43,14,33.33,12,28.57,0.1653524613962334,0.44489865545375895,0.39783369411282005,0.412961998228177,0.062337072955681264,0.7154141415505872,powerplay,I Udana,2020,6946861.7265,10.298378889873636
2020,JD Unadkat,Rajasthan Royals,1,48,9.5,18,37.5,10,20.83,0.09488398313886494,0.39778416932855026,0.44452727758484495,0.3133935720804539,0.014113358903384984,0.6671904274982909,powerplay,JD Unadkat,2020,41681170.359,1.6006998406037511
2020,JDS Neesham,Punjab Kings,1,24,9.25,11,45.83,6,25.0,0.09488398313886494,0.3851189848862898,0.5378024695085779,0.3670370264778706,0.03769981782215173,0.6907768864170577,powerplay,JDS Neesham,2020,6946861.7265,9.943725866630832
2020,JR Hazlewood,Chennai Super Kings,1,42,5.57,24,57.14,6,14.29,0.09488398313886494,0.1986874698962166,0.6644462174866598,0.22926211122695145,0.19646368276079673,0.8495407513557027,powerplay,JR Hazlewood,2020,27787446.906,3.0572824996465067
2020,Kartik Tyagi,Rajasthan Royals,3,78,10.54,30,38.46,21,26.92,0.23582093965360187,0.4504713366083535,0.45527687953523915,0.3917361709486236,0.1867315708470731,0.839808639441979,powerplay,Kartik Tyagi,2020,18061840.4889,4.649629366166133
2020,MM Sharma,Delhi Capitals,1,12,7.0,6,50.0,1,8.33,0.09488398313886494,0.2711323249059462,0.5844960529806029,0.1525918502656556,0.15159025809637405,0.80466732669128,powerplay,MM Sharma,2020,6946861.7265,11.583177532118395
2020,MP Stoinis,Delhi Capitals,3,36,7.0,11,30.56,4,11.11,0.23582093965360187,0.2711323249059462,0.36681661348512007,0.18835415319726675,0.2905394004335124,0.9436164690284183,powerplay,MP Stoinis,2020,66689872.5744,1.4149321817577456
2020,NM Coulter-Nile,Mumbai Indians,1,42,7.29,24,57.14,8,19.05,0.09488398313886494,0.28582393885896823,0.6644462174866598,0.29049540689402664,0.14064878914600587,0.7937258577409119,powerplay,NM Coulter-Nile,2020,111149787.624,0.7141047002500315
2020,PJ Cummins,Kolkata Knight Riders,6,150,7.24,72,48.0,25,16.67,0.44722637442570734,0.2832909019705161,0.5621010489172815,0.2598787590604891,0.6458486735163895,1.2989257421112956,powerplay,PJ Cummins,2020,215352713.5215,0.603162003798766
2020,SM Curran,Chennai Super Kings,3,144,6.96,59,40.97,22,15.28,0.23582093965360187,0.2691058953951845,0.48338260963470736,0.24199760759468347,0.3157937231542861,0.9688707917491921,powerplay,SM Curran,2020,76415478.9915,1.2678986044921126
2020,SS Cottrell,Punjab Kings,2,48,8.5,24,50.0,11,22.92,0.1653524613962334,0.3471234315595086,0.5844960529806029,0.3402796199678882,0.18175986821519907,0.8348369368101051,powerplay,SS Cottrell,2020,118096649.3505,0.7069099262354056
2020,TK Curran,Rajasthan Royals,0,24,10.25,11,45.83,7,29.17,0.024415504881496464,0.43577972265533144,0.5378024695085779,0.42068048087528737,-0.10406195932790514,0.5490151092670008,powerplay,TK Curran,2020,13893723.453,3.951533302963899
2020,TU Deshpande,Delhi Capitals,0,24,13.0,8,33.33,10,41.67,0.024415504881496464,0.5750967515201959,0.39783369411282005,0.5814822026900857,-0.24787145074202438,0.4052056178528816,powerplay,TU Deshpande,2020,2778744.6906,14.58232630092359
2020,TU Deshpande,Delhi Capitals,0,24,13.0,8,33.33,10,41.67,0.024415504881496464,0.5750967515201959,0.39783369411282005,0.5814822026900857,-0.24787145074202438,0.4052056178528816,powerplay,TU Deshpande,2020,2778744.6906,14.58232630092359
2021,AF Milne,Mumbai Indians,2,48,10.13,17,35.42,12,25.0,0.1811249776003867,0.42820310483779034,0.423767465709866,0.36559902142902856,0.11159634940883899,0.764673418003745,powerplay,AF Milne,2021,42435730.6976,1.8019565244507312
2021,Arshdeep Singh,Punjab Kings,8,114,7.16,46,40.35,16,14.04,0.6693478295018249,0.2746419446538712,0.48229589993334687,0.20762707719571016,0.9698641264666639,1.62294119506157,powerplay,Arshdeep Singh,2021,2652233.1686,61.191497575541256
2021,C Sakariya,Rajasthan Royals,3,120,7.3,53,44.17,19,15.83,0.2624954529172931,0.28188051786119395,0.5276465325365308,0.23342723962067732,0.3644114322821664,1.0174885008770724,powerplay,C Sakariya,2021,15913399.0116,6.393910566406201
2021,CH Morris,Rajasthan Royals,2,84,8.21,31,36.9,15,17.86,0.1811249776003867,0.3289312437087921,0.4413378678702618,0.26268664170038863,0.18708587656718478,0.8401629451620908,powerplay,CH Morris,2021,215493944.94875,0.38987775056134555
2021,DT Christian,Royal Challengers Bengaluru,0,12,13.0,2,16.67,5,41.67,0.01838402696657395,0.5765938555879073,0.20116946536701263,0.6058720424481359,-0.3215444562236161,0.3315326123712899,powerplay,DT Christian,2021,63653596.0464,0.520838778895729
2021,FA Allen,Punjab Kings,0,12,9.0,6,50.0,3,25.0,0.01838402696657395,0.3697774782358278,0.5968596707764687,0.36559902142902856,-0.05137460172091808,0.6017024668739879,powerplay,FA Allen,2021,9945874.38225,6.049769419447142
2021,J Suchith,Sunrisers Hyderabad,0,12,8.0,4,33.33,2,16.67,0.01838402696657395,0.31807338389780787,0.39895520860498257,0.24553457841228205,-0.06088100460000466,0.5921960639949013,powerplay,J Suchith,2021,3978349.7529,14.885470126482032
2021,JA Richardson,Punjab Kings,0,24,10.25,12,50.0,7,29.17,0.01838402696657395,0.43440759615835267,0.5968596707764687,0.42570331043020904,-0.09571051848241663,0.5573665501124894,powerplay,JA Richardson,2021,185656321.80200002,0.3002141509120887
2021,Jalaj S Saxena,Punjab Kings,0,6,10.0,2,33.33,2,33.33,0.01838402696657395,0.42148157257384766,0.39895520860498257,0.485663464445775,-0.16061087614472314,0.49246619245018286,powerplay,Jalaj S Saxena,2021,3978349.7529,12.378655046384543
2021,JDS Neesham,Mumbai Indians,2,12,5.5,5,41.67,1,8.33,0.1811249776003867,0.18881314805275817,0.49796679915748376,0.12532600040992115,0.3016057320394619,0.954682800634368,powerplay,JDS Neesham,2021,6630582.9215,14.398173010381345
2021,KA Jamieson,Royal Challengers Bengaluru,4,96,9.19,45,46.88,25,26.04,0.3438659282341994,0.3796012561600515,0.559819363519418,0.38058905993292,0.41782626134051476,1.0709033299354207,powerplay,KA Jamieson,2021,198917487.645,0.5383656020463211
2021,M Jansen,Mumbai Indians,0,18,10.33,6,33.33,5,27.78,0.01838402696657395,0.43854392370539425,0.39895520860498257,0.4056685474298155,-0.15314306830730454,0.4999340002876015,powerplay,M Jansen,2021,2652233.1686,18.8495493611331
2021,MC Henriques,Punjab Kings,0,18,5.0,11,61.11,2,11.11,0.01838402696657395,0.16296110088374824,0.7287564059129541,0.1653955264107081,0.1316433064997314,0.7847203750946374,powerplay,MC Henriques,2021,55696896.5406,1.4089122084614158
2021,MM Ali,Chennai Super Kings,0,6,4.0,2,33.33,0,0.0,0.01838402696657395,0.11125700654572834,0.39895520860498257,0.005261557393174691,0.09058178827985658,0.7436588568747626,powerplay,MM Ali,2021,92828160.90100001,0.8011134225398097
2021,Mujeeb Ur Rahman,Sunrisers Hyderabad,0,6,13.0,1,16.67,2,33.33,0.01838402696657395,0.5765938555879073,0.20116946536701263,0.485663464445775,-0.2975027406231439,0.3555743279717621,powerplay,Mujeeb Ur Rahman,2021,13261165.843,2.6813202713957045
2021,Mujeeb Ur Rahman,Sunrisers Hyderabad,0,6,13.0,1,16.67,2,33.33,0.01838402696657395,0.5765938555879073,0.20116946536701263,0.485663464445775,-0.2975027406231439,0.3555743279717621,powerplay,Mujeeb Ur Rahman,2021,19891748.7645,1.7875468475971363
2021,NM Coulter-Nile,Mumbai Indians,2,30,8.2,12,40.0,7,23.33,0.1811249776003867,0.3284142027654119,0.4781407372602803,0.34152847883143345,0.1826168904296715,0.8356939590245775,powerplay,NM Coulter-Nile,2021,66305829.215,1.2603627296701134
2021,RP Meredith,Punjab Kings,1,30,8.8,12,40.0,8,26.67,0.09975450228348033,0.3594366593682239,0.4781407372602803,0.3896695640266236,0.03542173211386791,0.6884988007087739,powerplay,RP Meredith,2021,106089326.744,0.648980271474588
2021,Shakib Al Hasan,Kolkata Knight Riders,1,72,8.42,20,27.78,12,16.67,0.09975450228348033,0.33978910351977626,0.333066200503498,0.24553457841228205,0.030550146133925357,0.6836272147288314,powerplay,Shakib Al Hasan,2021,42435730.6976,1.6109707632947503
2021,TK Curran,Delhi Capitals,0,6,3.0,3,50.0,0,0.0,0.01838402696657395,0.05955291220770846,0.5968596707764687,0.005261557393174691,0.17580517410031235,0.8288822426952184,powerplay,TK Curran,2021,69621120.67575,1.190561477106371
2022,AF Milne,Chennai Super Kings,0,12,6.0,9,75.0,2,16.67,0.013027955327505461,0.22884360063185236,0.8111715110331277,0.24372386118324166,0.09972681374862197,0.7528038823435279,powerplay,AF Milne,2022,23631790.5652,3.185555831101945
2022,AK Markram,Sunrisers Hyderabad,0,6,7.0,2,33.33,1,16.67,0.013027955327505461,0.27461232075822284,0.3604846195031219,0.24372386118324166,-0.058363613773564985,0.594713454821341,powerplay,AK Markram,2022,32338239.7208,1.8390409000488066
2022,Akash Deep,Royal Challengers Bengaluru,2,42,9.29,14,33.33,8,19.05,0.14417973745145465,0.3794226898476112,0.3604846195031219,0.27593290552507116,0.07951706599929875,0.7325941345942047,powerplay,Akash Deep,2022,2487556.9016,29.450346809071952
2022,AR Patel,Delhi Capitals,3,84,6.21,35,41.67,9,10.71,0.20975562851342924,0.23845503185839018,0.45068689153000574,0.1630659182095846,0.2979988106580336,0.9510758792529396,powerplay,AR Patel,2022,2487556.9016,38.233331613086165
2022,Arshdeep Singh,Punjab Kings,3,96,8.44,42,43.75,20,20.83,0.20975562851342924,0.3405192777401963,0.4731833814359911,0.3000220227219016,0.22632441378646273,0.8794014823813687,powerplay,Arshdeep Singh,2022,6218892.254000001,14.140805893778534
2022,Arshdeep Singh,Punjab Kings,3,96,8.44,42,43.75,20,20.83,0.20975562851342924,0.3405192777401963,0.4731833814359911,0.3000220227219016,0.22632441378646273,0.8794014823813687,powerplay,Arshdeep Singh,2022,2487556.9016,35.352014734446335
2022,Arshdeep Singh,Punjab Kings,3,96,8.44,42,43.75,20,20.83,0.20975562851342924,0.3405192777401963,0.4731833814359911,0.3000220227219016,0.22632441378646273,0.8794014823813687,powerplay,Arshdeep Singh,2022,2487556.9016,35.352014734446335
2022,AS Joseph,Gujarat Titans,1,66,9.91,30,45.45,19,28.79,0.07860384638948006,0.40779929632596096,0.4915699356860753,0.4077463895122221,-0.020072175775382214,0.6330048928195238,powerplay,AS Joseph,2022,29850682.8192,2.1205708983392975
2022,AS Roy,Kolkata Knight Riders,0,24,7.75,7,29.17,3,12.5,0.013027955327505461,0.30893886085300065,0.31549163969115107,0.18729036752549835,-0.07773807903299648,0.5753389895619095,powerplay,AS Roy,2022,2487556.9016,23.12867654170446
2022,B Kumar,Sunrisers Hyderabad,2,96,6.63,43,44.79,12,12.5,0.14417973745145465,0.25767789431146576,0.48443162638898374,0.18729036752549835,0.19530207343304457,0.8483791420279505,powerplay,B Kumar,2022,52238694.9336,1.6240435238788322
2022,Basil Thampi,Mumbai Indians,0,24,11.25,11,45.83,7,29.17,0.013027955327505461,0.46912938129529735,0.4956798713419765,0.41288901003738815,-0.14889659826127516,0.5041804703336308,powerplay,Basil Thampi,2022,3731335.3524,13.512065325603638
2022,C Sakariya,Delhi Capitals,2,24,6.25,11,45.83,2,8.33,0.14417973745145465,0.24028578066344497,0.4956798713419765,0.13085687386775507,0.21865930247450144,0.8717363710694075,powerplay,C Sakariya,2022,52238694.9336,1.6687560287971617
2022,CJ Jordan,Chennai Super Kings,0,24,5.75,13,54.17,2,8.33,0.013027955327505461,0.21740142060025974,0.5858821433688602,0.13085687386775507,0.06043449092823537,0.7135115595231414,powerplay,CJ Jordan,2022,44776024.2288,1.5935125367030907
2022,DJ Mitchell,Rajasthan Royals,0,6,20.0,0,0.0,4,66.67,0.013027955327505461,0.8696056824010391,0.0,0.9203844565998278,-0.5993377995292269,0.05373926906567905,powerplay,DJ Mitchell,2022,9328338.381000001,0.5760861888879956
2022,DJ Willey,Royal Challengers Bengaluru,1,42,7.0,14,33.33,5,11.9,0.07860384638948006,0.27461232075822284,0.3604846195031219,0.1791704403804993,0.05291090697994538,0.7059879755748514,powerplay,DJ Willey,2022,24875569.016000003,2.8380776943062442
2022,DR Sams,Mumbai Indians,5,90,8.53,36,40.0,17,18.89,0.34090741063737845,0.3446384625515696,0.4326248058843347,0.27376759161973807,0.4140758081216357,1.0671528767165417,powerplay,DR Sams,2022,32338239.7208,3.2999720638169046
2022,FA Allen,Mumbai Indians,1,6,11.0,3,50.0,2,33.33,0.07860384638948006,0.45768720126370477,0.5407810073554183,0.4691871715760481,-0.04254096315621643,0.6105361054386895,powerplay,FA Allen,2022,9328338.381000001,6.544960961989029
2022,Fazalhaq Farooqi,Sunrisers Hyderabad,1,24,6.75,10,41.67,3,12.5,0.07860384638948006,0.26317014072663025,0.45068689153000574,0.18729036752549835,0.084068693174807,0.737145761769713,powerplay,Fazalhaq Farooqi,2022,6218892.254000001,11.853329044181137
2022,HR Shokeen,Mumbai Indians,1,36,7.0,22,61.11,7,19.44,0.07860384638948006,0.27461232075822284,0.6609425471897923,0.28121085816932057,0.12264020172818227,0.7757172703230882,powerplay,HR Shokeen,2022,2487556.9016,31.183900550140013
2022,HV Patel,Royal Challengers Bengaluru,1,36,6.0,14,38.89,4,11.11,0.07860384638948006,0.22884360063185236,0.42061946752104445,0.16847920297291724,0.0959739689300238,0.7490510375249297,powerplay,HV Patel,2022,133706183.46100001,0.5602216876853838
2022,J Suchith,Sunrisers Hyderabad,1,30,8.8,11,36.67,4,13.33,0.07860384638948006,0.3569960169856897,0.3966087907944639,0.1985229334094137,0.018685811647831646,0.6717628802427377,powerplay,J Suchith,2022,2487556.9016,27.00492518626042
2022,JD Unadkat,Mumbai Indians,0,36,7.67,18,50.0,6,16.67,0.013027955327505461,0.30527736324289106,0.5407810073554183,0.24372386118324166,-0.019607218660210174,0.6334698499346958,powerplay,JD Unadkat,2022,16169119.8604,3.9177757070509136
2022,JO Holder,Lucknow Super Giants,1,66,10.0,24,36.36,17,25.76,0.07860384638948006,0.41191848113733426,0.39325594854886026,0.366740757429977,-0.04342483790578437,0.6096522306891217,powerplay,JO Holder,2022,108830614.44500001,0.5601844975314579
2022,JR Hazlewood,Royal Challengers Bengaluru,7,150,6.88,77,51.33,26,17.33,0.4720591927613277,0.2691200743430584,0.5551657821510725,0.25265578104274056,0.689547330407236,1.342624399002142,powerplay,JR Hazlewood,2022,96392829.937,1.3928674984224954
2022,K Gowtham,Lucknow Super Giants,0,12,11.0,5,41.67,5,41.67,0.013027955327505461,0.45768720126370477,0.45068689153000574,0.5820541588915348,-0.19050643195989944,0.4625706366350065,powerplay,K Gowtham,2022,11194006.0572,4.132306470724844
2022,K Rabada,Punjab Kings,10,156,8.38,72,46.15,35,22.44,0.6687868659472513,0.33777315453261414,0.49914086978905114,0.3218104938943157,0.9196738838124221,1.5727509524073282,powerplay,K Rabada,2022,115049506.699,1.3670210308002984
2022,Kartik Tyagi,Sunrisers Hyderabad,0,12,14.0,4,33.33,5,41.67,0.013027955327505461,0.5949933616428161,0.3604846195031219,0.5820541588915348,-0.2862201937575203,0.3668568748373857,powerplay,Kartik Tyagi,2022,49751138.032000005,0.7373838857744779
2022,KH Pandya,Lucknow Super Giants,1,72,8.33,19,26.39,13,18.06,0.07860384638948006,0.3354847185262956,0.28542421568218984,0.2625350257358227,-0.016716330121435287,0.6363607384734707,powerplay,KH Pandya,2022,102611722.191,0.6201637833238564
2022,KK Ahmed,Delhi Capitals,5,96,6.38,49,51.04,13,13.54,0.34090741063737845,0.24623571427987317,0.5520292523084112,0.20136490791016334,0.5135790529266218,1.1666561215215276,powerplay,KK Ahmed,2022,65298368.667,1.7866543151653396
2022,KL Nagarkoti,Delhi Capitals,0,6,16.0,2,33.33,3,50.0,0.013027955327505461,0.6865308018955572,0.3604846195031219,0.6947858140879379,-0.35453524492317146,0.29854182367173454,powerplay,KL Nagarkoti,2022,13681562.958800001,2.182073967504656
2022,Kuldeep Yadav,Delhi Capitals,1,18,5.67,8,44.44,2,11.11,0.07860384638948006,0.2137399229901501,0.4806461593374958,0.16847920297291724,0.12153381529581034,0.7746108838907163,powerplay,Kuldeep Yadav,2022,2487556.9016,31.139423721020634
2022,Kuldeep Yadav,Delhi Capitals,1,18,5.67,8,44.44,2,11.11,0.07860384638948006,0.2137399229901501,0.4806461593374958,0.16847920297291724,0.12153381529581034,0.7746108838907163,powerplay,Kuldeep Yadav,2022,24875569.016000003,3.113942372102063
2022,Lalit Yadav,Delhi Capitals,1,42,6.86,18,42.86,6,14.29,0.07860384638948006,0.268204699940531,0.46355747950506465,0.2115148168414121,0.08056770009719158,0.7336447686920976,powerplay,Lalit Yadav,2022,8084559.9302,9.074640735255807
2022,LH Ferguson,Gujarat Titans,6,78,8.46,33,42.31,18,23.08,0.40648330169935304,0.3414346521427238,0.4576088884241551,0.33047174951564795,0.5101959431017846,1.1632730116966905,powerplay,LH Ferguson,2022,124377845.08,0.9352734893810644
2022,M Ashwin,Mumbai Indians,2,72,7.75,28,38.89,12,16.67,0.14417973745145465,0.30893886085300065,0.42061946752104445,0.24372386118324166,0.13924124377034666,0.7923183123652526,powerplay,M Ashwin,2022,19900455.2128,3.981407982344205
2022,M Jansen,Sunrisers Hyderabad,5,126,7.52,63,50.0,21,16.67,0.34090741063737845,0.2984120552239355,0.5407810073554183,0.24372386118324166,0.4756446183140771,1.1287216869089831,powerplay,M Jansen,2022,52238694.9336,2.1607003933457527
2022,M Markande,Mumbai Indians,0,12,4.5,4,33.33,0,0.0,0.013027955327505461,0.16019052044229665,0.3604846195031219,0.018125218671351803,0.043967014886776075,0.6970440834816821,powerplay,M Markande,2022,8084559.9302,8.621917451287151
2022,M Prasidh Krishna,Rajasthan Royals,10,216,6.92,127,58.8,41,18.98,0.6687868659472513,0.2709508231481132,0.635958464649972,0.27498558069148793,1.0034953106035143,1.6565723791984204,powerplay,M Prasidh Krishna,2022,124377845.08,1.3318870238770504
2022,M Theekshana,Chennai Super Kings,6,90,8.2,27,30.0,15,16.67,0.40648330169935304,0.3295347849098674,0.32446860441325104,0.24372386118324166,0.4935533691814229,1.146630437776329,powerplay,M Theekshana,2022,8706449.1556,13.169897592967791
2022,MJ Santner,Chennai Super Kings,0,48,7.25,21,43.75,9,18.75,0.013027955327505461,0.2860545007898155,0.4731833814359911,0.2718729419525716,-0.03590489136336653,0.6171721772315395,powerplay,MJ Santner,2022,23631790.5652,2.6116183432176427
2022,MK Lomror,Royal Challengers Bengaluru,0,12,9.0,3,25.0,2,16.67,0.013027955327505461,0.3661497610109638,0.27039050367770917,0.24372386118324166,-0.1311605686475593,0.5219164999473467,powerplay,MK Lomror,2022,11815895.2826,4.4170711356583965
2022,Mohammed Shami,Gujarat Titans,9,144,7.38,81,56.25,28,19.44,0.6032109748852769,0.29200443440624363,0.6083786332748456,0.28121085816932057,0.8850856634733831,1.5381627320682891,powerplay,Mohammed Shami,2022,77736153.175,1.9786967443649672
2022,MR Marsh,Delhi Capitals,1,24,3.75,12,50.0,1,4.17,0.07860384638948006,0.1258639803475188,0.5407810073554183,0.07455871232909511,0.20229633915126716,0.8553734077461732,powerplay,MR Marsh,2022,80845599.302,1.0580333563375695
2022,Mukesh Choudhary,Chennai Super Kings,6,132,9.68,58,43.94,34,25.76,0.40648330169935304,0.39727249069689574,0.47523834926394165,0.366740757429977,0.48031206049376884,1.1333891290886748,powerplay,Mukesh Choudhary,2022,2487556.9016,45.56233983470599
2022,NM Coulter-Nile,Rajasthan Royals,0,6,7.0,3,50.0,1,16.67,0.013027955327505461,0.27461232075822284,0.5407810073554183,0.24372386118324166,-0.004274697417876061,0.6488023711770299,powerplay,NM Coulter-Nile,2022,24875569.016000003,2.608191075989937
2022,NT Ellis,Punjab Kings,0,12,8.5,7,58.33,3,25.0,0.013027955327505461,0.3432654009477786,0.630875123180831,0.35645551637964484,-0.03411933380431076,0.6189577347905952,powerplay,NT Ellis,2022,9328338.381000001,6.635241020536851
2022,OC McCoy,Rajasthan Royals,0,24,6.0,8,33.33,2,8.33,0.013027955327505461,0.22884360063185236,0.3604846195031219,0.13085687386775507,-0.012905856247282441,0.6401712123476235,powerplay,OC McCoy,2022,9328338.381000001,6.862649983318861
2022,OF Smith,Punjab Kings,1,24,7.75,12,50.0,5,20.83,0.07860384638948006,0.30893886085300065,0.5407810073554183,0.3000220227219016,0.06566623681996492,0.7187433054148709,powerplay,OF Smith,2022,74626707.04800001,0.9631180764181034
2022,PH Solanki,Chennai Super Kings,0,6,6.0,0,0.0,0,0.0,0.013027955327505461,0.22884360063185236,0.0,0.018125218671351803,-0.09850491105893835,0.5545721575359677,powerplay,PH Solanki,2022,14925341.4096,3.7156413532977277
2022,PJ Cummins,Kolkata Knight Riders,1,48,11.0,16,33.33,14,29.17,0.07860384638948006,0.45768720126370477,0.3604846195031219,0.41288901003738815,-0.08537024720417336,0.5677068213907326,powerplay,PJ Cummins,2022,90173937.683,0.6295686270089094
2022,PJ Sangwan,Gujarat Titans,1,36,7.67,14,38.89,7,19.44,0.07860384638948006,0.30527736324289106,0.42061946752104445,0.28121085816932057,0.035210756585223775,0.6882878251801298,powerplay,PJ Sangwan,2022,2487556.9016,27.669229384759888
2022,PVD Chameera,Lucknow Super Giants,4,138,8.52,68,49.28,32,23.19,0.2753315195754038,0.34418077535030595,0.5329937608495003,0.3319604028255645,0.3344129393776899,0.9874900079725959,powerplay,PVD Chameera,2022,24875569.016000003,3.969718269911498
2022,PWH de Silva,Royal Challengers Bengaluru,2,42,7.71,18,42.86,8,19.05,0.14417973745145465,0.3071081120479459,0.46355747950506465,0.27593290552507116,0.1465962128997142,0.7996732814946201,powerplay,PWH de Silva,2022,133706183.46100001,0.5980824976040635
2022,R Ashwin,Rajasthan Royals,3,90,8.07,30,33.33,15,16.67,0.20975562851342924,0.3235848512934393,0.3604846195031219,0.24372386118324166,0.2122416307377125,0.8653186993326185,powerplay,R Ashwin,2022,62188922.54,1.3914354261018822
2022,R Dhawan,Punjab Kings,4,48,7.38,20,41.67,7,14.58,0.2753315195754038,0.29200443440624363,0.45068689153000574,0.21543944829482836,0.35911323996002,1.012190308554926,powerplay,R Dhawan,2022,6840781.479400001,14.796413415674614
2022,R Parag,Rajasthan Royals,1,6,12.0,2,33.33,2,33.33,0.07860384638948006,0.5034559213900752,0.3604846195031219,0.4691871715760481,-0.11951423957509057,0.5335628290198154,powerplay,R Parag,2022,47263581.1304,1.1289090167495308
2022,R Sai Kishore,Gujarat Titans,0,6,6.0,1,16.67,0,0.0,0.013027955327505461,0.22884360063185236,0.18029638785229649,0.018125218671351803,-0.04441599470324941,0.6086610738916566,powerplay,R Sai Kishore,2022,37313353.524000004,1.6312151452700838
2022,R Shepherd,Sunrisers Hyderabad,2,18,5.67,12,66.67,3,16.67,0.14417973745145465,0.2137399229901501,0.721077395207715,0.24372386118324166,0.27697809100777315,0.9300551596026791,powerplay,R Shepherd,2022,96392829.937,0.9648592745026165
2022,R Tewatia,Gujarat Titans,0,6,9.0,2,33.33,1,16.67,0.013027955327505461,0.3661497610109638,0.3604846195031219,0.24372386118324166,-0.10413233389993547,0.5489447346949705,powerplay,R Tewatia,2022,111940060.572,0.4903916720161935
2022,Rasikh Salam,Kolkata Knight Riders,0,18,6.67,7,38.89,3,16.67,0.013027955327505461,0.2595086431165206,0.42061946752104445,0.24372386118324166,-0.03277132054733711,0.6203057480475689,powerplay,Rasikh Salam,2022,2487556.9016,24.936344075127984
2022,RD Chahar,Punjab Kings,4,36,7.83,15,41.67,4,11.11,0.2753315195754038,0.31260035846311035,0.45068689153000574,0.16847920297291724,0.3582073269959688,1.0112843955908748,powerplay,RD Chahar,2022,65298368.667,1.5487131091254198
2022,RP Meredith,Mumbai Indians,1,48,7.13,26,54.17,8,16.67,0.07860384638948006,0.280562254374651,0.5858821433688602,0.24372386118324166,0.10464451317090431,0.7577215817658103,powerplay,RP Meredith,2022,12437784.508000001,6.092094466489934
2022,S Gopal,Sunrisers Hyderabad,0,6,1.0,5,83.33,0,0.0,0.013027955327505461,0.0,0.9012656268585403,0.018125218671351803,0.2862965773145499,0.9393736459094559,powerplay,S Gopal,2022,9328338.381000001,10.070106888733541
2022,SA Abbott,Sunrisers Hyderabad,1,12,8.5,5,41.67,3,25.0,0.07860384638948006,0.3432654009477786,0.45068689153000574,0.35645551637964484,0.01018803329340355,0.6632651018883096,powerplay,SA Abbott,2022,29850682.8192,2.2219428141914945
2022,Sandeep Sharma,Punjab Kings,1,60,5.0,35,58.33,6,10.0,0.07860384638948006,0.1830748805054819,0.630875123180831,0.15345733775466905,0.18493939873479465,0.8380164673297006,powerplay,Sandeep Sharma,2022,6218892.254000001,13.475333437248205
2022,Shahbaz Ahmed,Royal Challengers Bengaluru,1,60,9.3,19,31.67,13,21.67,0.07860384638948006,0.379880377048875,0.342530690058922,0.3113899207249003,-0.03155319606752087,0.6215238725273852,powerplay,Shahbaz Ahmed,2022,29850682.8192,2.0821093986085306
2022,Shivam Mavi,Kolkata Knight Riders,1,54,10.11,22,40.74,14,25.93,0.07860384638948006,0.416953040351235,0.4406283647931949,0.36904140345439335,-0.032190521844317616,0.6208865467505884,powerplay,Shivam Mavi,2022,90173937.683,0.6885432340032333
2022,Simarjeet Singh,Chennai Super Kings,3,90,8.47,45,50.0,20,22.22,0.20975562851342924,0.3418923393439875,0.5407810073554183,0.3188331872744827,0.24215493784987907,0.8952320064447851,powerplay,Simarjeet Singh,2022,2487556.9016,35.98840315447541
2022,Simarjeet Singh,Chennai Super Kings,3,90,8.47,45,50.0,20,22.22,0.20975562851342924,0.3418923393439875,0.5407810073554183,0.3188331872744827,0.24215493784987907,0.8952320064447851,powerplay,Simarjeet Singh,2022,2487556.9016,35.98840315447541
2022,SN Thakur,Delhi Capitals,4,102,9.0,35,34.31,22,21.57,0.2753315195754038,0.3661497610109638,0.37108392724728817,0.31003659953406704,0.27924025712499684,0.9323173257199029,powerplay,SN Thakur,2022,133706183.46100001,0.6972881145708906
2022,TG Southee,Kolkata Knight Riders,3,72,7.92,34,47.22,15,20.83,0.20975562851342924,0.31671954327448365,0.5107135833464571,0.3000220227219016,0.24948334159245883,0.9025604101873648,powerplay,TG Southee,2022,18656676.762000002,4.837734081482848
2022,Tilak Varma,Mumbai Indians,0,6,6.0,3,50.0,1,16.67,0.013027955327505461,0.22884360063185236,0.5407810073554183,0.24372386118324166,0.018609662645309166,0.6716867312402152,powerplay,Tilak Varma,2022,2487556.9016,27.001863989852264
2022,TS Mills,Mumbai Indians,3,30,9.6,14,46.67,8,26.67,0.20975562851342924,0.3936109930867861,0.5047649922655475,0.37905598026655885,0.19344624785310327,0.8465233164480093,powerplay,TS Mills,2022,18656676.762000002,4.537374620608809
2022,TU Deshpande,Chennai Super Kings,0,24,9.5,11,45.83,8,33.33,0.013027955327505461,0.38903412107414903,0.4956798713419765,0.4691871715760481,-0.120108600458433,0.532968468136473,powerplay,TU Deshpande,2022,2487556.9016,21.42537795994403
2022,UT Yadav,Kolkata Knight Riders,4,114,7.89,53,46.49,23,20.18,0.2753315195754038,0.31534648167069257,0.502818180639068,0.291225434981486,0.3479244057231826,1.0010014743180886,powerplay,UT Yadav,2022,24875569.016000003,4.024034480072569
2022,VG Arora,Punjab Kings,3,54,7.44,25,46.3,11,20.37,0.20975562851342924,0.29475055761382585,0.5007632128111174,0.29379674524406907,0.2587277787577524,0.9118048473526583,powerplay,VG Arora,2022,24875569.016000003,3.665463277508081
2022,VR Aaron,Gujarat Titans,1,12,9.5,4,33.33,3,25.0,0.07860384638948006,0.38903412107414903,0.3604846195031219,0.35645551637964484,-0.03975700837784682,0.6133200602170592,powerplay,VR Aaron,2022,6218892.254000001,9.862207530972592
2022,Washington Sundar,Sunrisers Hyderabad,3,72,7.33,28,38.89,11,15.28,0.20975562851342924,0.2897159983999251,0.42061946752104445,0.22491269663066055,0.25097874450036256,0.9040558130952685,powerplay,Washington Sundar,2022,108830614.44500001,0.8306999071039457
2022,Yash Dayal,Gujarat Titans,6,96,9.19,46,47.92,26,27.08,0.40648330169935304,0.3748458178349741,0.518284517449433,0.3846045971489749,0.5008664794365775,1.1539435480314835,powerplay,Yash Dayal,2022,39800910.4256,2.8992893270332463
2022,YS Chahal,Rajasthan Royals,1,54,7.67,15,27.78,8,14.81,0.07860384638948006,0.30527736324289106,0.3004579276866705,0.21855208703374462,0.011694048862026782,0.6647711174569327,powerplay,YS Chahal,2022,80845599.302,0.8222724838412908
2023,A Mishra,Lucknow Super Giants,0,18,9.33,3,16.67,3,16.67,0.02357962388977974,0.3284931268890782,0.2533314808512671,0.20724588070799027,-0.09432685949608742,0.5587502090988186,powerplay,A Mishra,2023,5915430.661499999,9.445638721376442
2023,A Zampa,Rajasthan Royals,2,48,7.5,17,35.42,8,16.67,0.16311080191269964,0.2584653823232587,0.4485347763499734,0.20724588070799027,0.20854476847081405,0.86162183706572,powerplay,A Zampa,2023,17746291.9845,4.855221799676684
2023,AJ Hosein,Sunrisers Hyderabad,0,18,10.33,4,22.22,5,27.78,0.02357962388977974,0.36675965397422555,0.3111116563188841,0.33937156723377004,-0.12255120770353195,0.5305258608913741,powerplay,AJ Hosein,2023,11830861.322999999,4.48425390516577
2023,Arshdeep Singh,Punjab Kings,6,114,11.0,50,43.86,40,35.09,0.4421731579585394,0.3923982271212742,0.5364022864304577,0.4263057498173389,0.5427201593428415,1.1957972279377476,powerplay,Arshdeep Singh,2023,2366172.2646,50.53720077054054
2023,Arshdeep Singh,Punjab Kings,6,114,11.0,50,43.86,40,35.09,0.4421731579585394,0.3923982271212742,0.5364022864304577,0.4263057498173389,0.5427201593428415,1.1957972279377476,powerplay,Arshdeep Singh,2023,7098516.793799999,16.84573359018018
2023,AU Rashid,Sunrisers Hyderabad,0,12,9.0,3,25.0,2,16.67,0.02357962388977974,0.31586517295097966,0.3400537982648257,0.20724588070799027,-0.06199618730297057,0.5910808812919355,powerplay,AU Rashid,2023,23661722.645999998,2.4980466981843246
2023,BA Stokes,Chennai Super Kings,0,6,18.0,0,0.0,3,50.0,0.02357962388977974,0.6602639167173051,0.07978273759988393,0.6036229402853294,-0.39155228930108366,0.26152477929382234,powerplay,BA Stokes,2023,192251496.49875,0.1360326364458353
2023,D Jansen,Mumbai Indians,0,6,16.0,2,33.33,2,33.33,0.02357962388977974,0.5837308625470105,0.4267761156783842,0.4053749479914727,-0.2095381503336149,0.4435389182612911,powerplay,D Jansen,2023,2366172.2646,18.74499692592209
2023,D Wiese,Kolkata Knight Riders,0,12,11.5,3,25.0,3,25.0,0.02357962388977974,0.41153149066384787,0.3400537982648257,0.3063104143497315,-0.12964225288775294,0.5234348157071531,powerplay,D Wiese,2023,11830861.322999999,4.424317058721331
2023,H Sharma,Royal Challengers Bengaluru,0,6,8.0,1,16.67,1,16.67,0.02357962388977974,0.2775986458658324,0.2533314808512671,0.20724588070799027,-0.0688796189844645,0.5841974496104415,powerplay,H Sharma,2023,2366172.2646,24.689556984102328
2023,I Sharma,Delhi Capitals,6,84,8.36,39,46.43,21,25.0,0.4421731579585394,0.29137459561648543,0.5631581514668138,0.3063104143497315,0.6252578016996642,1.2783348702945703,powerplay,I Sharma,2023,5915430.661499999,21.61017419432346
2023,J Little,Gujarat Titans,3,78,8.0,35,44.87,15,19.23,0.23287639092415957,0.2775986458658324,0.5469172372813214,0.23769068336379548,0.3270522979649605,0.9801293665598665,powerplay,J Little,2023,52055789.8212,1.8828440984689538
2023,JD Unadkat,Lucknow Super Giants,0,18,10.0,6,33.33,4,22.22,0.02357962388977974,0.35413170003612693,0.4267761156783842,0.273249261465693,-0.06831343177301719,0.5847636368218888,powerplay,JD Unadkat,2023,5915430.661499999,9.885394154440279
2023,JO Holder,Rajasthan Royals,0,30,9.0,12,40.0,8,26.67,0.02357962388977974,0.31586517295097966,0.49621643466379073,0.32617089108222946,-0.0389323984581289,0.6141446701367771,powerplay,JO Holder,2023,68027452.60724999,0.9027894571952926
2023,K Khejroliya,Kolkata Knight Riders,0,12,13.5,3,25.0,5,41.67,0.02357962388977974,0.4880645448341424,0.3400537982648257,0.5045584066435883,-0.20755837843167158,0.4455186901632344,powerplay,K Khejroliya,2023,2366172.2646,18.828666738621802
2023,KM Asif,Rajasthan Royals,1,24,10.75,10,41.67,7,29.17,0.09334521290123968,0.38283159534998734,0.5136025415162089,0.35590214367578926,0.03150235539657066,0.6845794239914766,powerplay,KM Asif,2023,3549258.3968999996,19.287956734550615
2023,M Markande,Sunrisers Hyderabad,0,24,10.75,3,12.5,6,25.0,0.02357962388977974,0.38283159534998734,0.2099182679323548,0.3063104143497315,-0.15433296433056393,0.49874410426434207,powerplay,M Markande,2023,5915430.661499999,8.431239123642666
2023,Mayank Dagar,Sunrisers Hyderabad,0,12,11.0,6,50.0,4,33.33,0.02357962388977974,0.3923982271212742,0.6003248589297674,0.4053749479914727,-0.06180720964533183,0.5912698589495742,powerplay,Mayank Dagar,2023,21295550.3814,2.776494846857784
2023,MM Sharma,Gujarat Titans,2,24,8.25,11,45.83,6,25.0,0.16311080191269964,0.2871652776371192,0.5569116460108551,0.3063104143497315,0.20689497498380002,0.859972043578706,powerplay,MM Sharma,2023,5915430.661499999,14.537775739233153
2023,Mukesh Kumar,Delhi Capitals,1,72,8.75,29,40.28,16,22.22,0.09334521290123968,0.30629854117969285,0.49913147054323803,0.273249261465693,0.08195813763184592,0.7350352062267519,powerplay,Mukesh Kumar,2023,65069737.276499994,1.1296114553273455
2023,Nithish Kumar Reddy,Sunrisers Hyderabad,0,18,9.0,7,38.89,4,22.22,0.02357962388977974,0.31586517295097966,0.4846603995702673,0.273249261465693,-0.03181488306287864,0.6212621855320274,powerplay,Nithish Kumar Reddy,2023,2366172.2646,26.255999819905394
2023,RJW Topley,Royal Challengers Bengaluru,1,12,7.0,7,58.33,3,25.0,0.09334521290123968,0.2393321187806851,0.687047176343326,0.3063104143497315,0.16520382999456848,0.8182808985894745,powerplay,RJW Topley,2023,22478636.513699997,3.6402603782963388
2023,Sandeep Sharma,Rajasthan Royals,2,126,8.0,53,42.06,25,19.84,0.16311080191269964,0.2775986458658324,0.517662770062582,0.24494510899662408,0.212176689155583,0.865253757750489,powerplay,Sandeep Sharma,2023,2366172.2646,36.567657000102635
2023,Sikandar Raza,Punjab Kings,0,12,14.0,4,33.33,5,41.67,0.02357962388977974,0.507197808376716,0.4267761156783842,0.5045584066435883,-0.1911083149788908,0.4619687536160152,powerplay,Sikandar Raza,2023,5915430.661499999,7.8095540299828645
2023,SM Curran,Punjab Kings,0,84,9.07,26,30.95,19,22.62,0.02357962388977974,0.31854382984694,0.4019983107030818,0.2780062618806626,-0.05890423825400838,0.5941728303408976,powerplay,SM Curran,2023,218870934.4755,0.2714717839373086
2023,VG Arora,Kolkata Knight Riders,2,42,7.0,17,40.48,4,9.52,0.16311080191269964,0.2393321187806851,0.5012136390285575,0.12221449829040924,0.2509213355291923,0.9039984041240983,powerplay,VG Arora,2023,7098516.793799999,12.735032266369652
2023,Yash Thakur,Lucknow Super Giants,2,42,9.0,16,38.1,7,16.67,0.16311080191269964,0.31586517295097966,0.4764358340532551,0.20724588070799027,0.1882151904679381,0.8412922590628441,powerplay,Yash Thakur,2023,5323887.59535,15.802216782293586
2024,A Kamboj,Mumbai Indians,1,36,11.83,11,30.56,10,27.78,0.0861418418239243,0.38082832059964916,0.41273909445052065,0.3112121456796423,0.0003779016352895917,0.6534549702301956,powerplay,A Kamboj,2024,2217593.5,29.46685090077129
2024,Arshad Khan,Lucknow Super Giants,0,24,11.25,9,37.5,8,33.33,0.017397467412077178,0.3629311104439792,0.48517340795008906,0.3674628706496408,-0.08330990584877526,0.5697671627461307,powerplay,Arshad Khan,2024,2217593.5,25.69303899682835
2024,Arshdeep Singh,Punjab Kings,6,150,9.04,61,40.67,36,24.0,0.4298637138831599,0.2947365682990989,0.5182593984102666,0.27290084110548113,0.5983249379771742,1.2514020065720803,powerplay,Arshdeep Singh,2024,2217593.5,56.430631067960846
2024,AS Joseph,Royal Challengers Bengaluru,0,18,11.67,8,44.44,5,27.78,0.017397467412077178,0.3758911591773954,0.5576077214496574,0.3112121456796423,-0.05680949117161319,0.5962675774232928,powerplay,AS Joseph,2024,127511626.25,0.4676182046758993
2024,Azmatullah Omarzai,Gujarat Titans,2,72,10.67,27,37.5,22,30.56,0.15488621623577142,0.34503390028830927,0.48517340795008906,0.3393881844934433,0.13748675969584054,0.7905638282907466,powerplay,Azmatullah Omarzai,2024,5543983.75,14.259851109605915
2024,G Coetzee,Mumbai Indians,2,54,11.22,24,44.44,17,31.48,0.15488621623577142,0.36200539267730664,0.5576077214496574,0.3487126289929746,0.14886641865130612,0.8019434872462121,powerplay,G Coetzee,2024,55439837.5,1.4465112514916951
2024,HV Patel,Punjab Kings,1,42,10.14,19,45.24,11,26.19,0.0861418418239243,0.3286795530770936,0.565957498221942,0.29509707312066974,0.07564082103978825,0.7287178896346942,powerplay,HV Patel,2024,130283618.125,0.5593319406707982
2024,JA Richardson,Delhi Capitals,0,6,13.0,3,50.0,2,33.33,0.017397467412077178,0.4169313134998799,0.6156386700170351,0.3674628706496408,-0.07117042875664178,0.5819066398382642,powerplay,JA Richardson,2024,55439837.5,1.049618227755924
2024,JD Unadkat,Sunrisers Hyderabad,0,30,10.4,4,13.33,5,16.67,0.017397467412077178,0.33670244038825603,0.23290577721744227,0.19860934308204162,-0.11210515452718789,0.540971914067718,powerplay,JD Unadkat,2024,17740748.0,3.0493185184058644
2024,Kartik Tyagi,Gujarat Titans,0,6,10.0,2,33.33,1,16.67,0.017397467412077178,0.32435953683262153,0.44165019652455584,0.19860934308204162,-0.04331037695723657,0.6097666916376694,powerplay,Kartik Tyagi,2024,6652780.5,9.165591614478629
2024,LH Ferguson,Royal Challengers Bengaluru,2,30,14.0,7,23.33,13,43.33,0.15488621623577142,0.447788572388966,0.3372779868709991,0.46881552825324174,0.015855328569825494,0.6689323971647315,powerplay,LH Ferguson,2024,22175935.0,3.0164788865260093
2024,M Siddharth,Lucknow Super Giants,1,31,9.68,10,32.26,6,19.35,0.0861418418239243,0.314485213988114,0.43048237009162527,0.22577185531980667,0.05596049570535566,0.7090375643002617,powerplay,M Siddharth,2024,26611122.0,2.6644406962632456
2024,MJ Suthar,Gujarat Titans,0,12,13.0,4,33.33,4,33.33,0.017397467412077178,0.4169313134998799,0.44165019652455584,0.3674628706496408,-0.12336697080438558,0.5297100977905205,powerplay,MJ Suthar,2024,2217593.5,23.886708623132257
2024,Mohammad Nabi,Mumbai Indians,0,24,6.75,6,25.0,2,8.33,0.017397467412077178,0.22407344544309168,0.35470814588314303,0.1140812266406384,-0.0023443231666148458,0.6507327454282912,powerplay,Mohammad Nabi,2024,16631951.25,3.9125460124727773
2024,N Burger,Rajasthan Royals,4,66,10.45,30,45.45,20,30.3,0.29237496505946564,0.3382453033327103,0.5681493146246667,0.3367530153957497,0.3725339872310933,1.0256110558259994,powerplay,N Burger,2024,5543983.75,18.49953214285665
2024,N Thushara,Mumbai Indians,2,48,11.25,13,27.08,16,33.33,0.15488621623577142,0.3629311104439792,0.37641756549108285,0.3674628706496408,0.09029646464906424,0.7433735332439703,powerplay,N Thushara,2024,53222244.0,1.396734668391604
2024,Naman Dhir,Mumbai Indians,0,6,6.0,3,50.0,1,16.67,0.017397467412077178,0.2009305012762771,0.6156386700170351,0.19860934308204162,0.07060068286867943,0.7236777514635855,powerplay,Naman Dhir,2024,2217593.5,32.633471890298445
2024,PJ Cummins,Sunrisers Hyderabad,6,120,9.65,54,45.0,32,26.67,0.4298637138831599,0.31355949622144147,0.5634525651902567,0.2999620006856426,0.5970591921339677,1.2501362607288737,powerplay,PJ Cummins,2024,227303333.75,0.549985888946019
2024,Rasikh Salam,Delhi Capitals,0,18,14.33,4,22.22,9,50.0,0.017397467412077178,0.4579714678223644,0.32569267159945425,0.5364177508748436,-0.21246528148819888,0.4406117871067071,powerplay,Rasikh Salam,2024,2217593.5,19.868915881414114
2024,S Gopal,Mumbai Indians,1,12,10.0,1,8.33,1,8.33,0.0861418418239243,0.32435953683262153,0.18071967239066386,0.1140812266406384,-0.0015673492913528438,0.6515097193035532,powerplay,S Gopal,2024,2217593.5,29.37913189696638
2024,Sandeep Sharma,Rajasthan Royals,4,90,7.73,38,42.22,18,20.0,0.29237496505946564,0.2543135591543961,0.5344370909065679,0.23235977806404073,0.42526483967116263,1.0783419082660686,powerplay,Sandeep Sharma,2024,2217593.5,48.626671581877766
2024,SH Johnson,Gujarat Titans,1,36,9.33,15,41.67,9,25.0,0.0861418418239243,0.30368517337693385,0.5286966193756223,0.2830361068658412,0.07937194048693796,0.732449009081844,powerplay,SH Johnson,2024,110879675.0,0.6605800468677816
2024,Simarjeet Singh,Chennai Super Kings,1,12,8.0,5,41.67,1,8.33,0.0861418418239243,0.2626450190544493,0.5286966193756223,0.1140812266406384,0.1336829936932208,0.7867600622881268,powerplay,Simarjeet Singh,2024,2217593.5,35.478101026546426
2024,Simarjeet Singh,Chennai Super Kings,1,12,8.0,5,41.67,1,8.33,0.0861418418239243,0.2626450190544493,0.5286966193756223,0.1140812266406384,0.1336829936932208,0.7867600622881268,powerplay,Simarjeet Singh,2024,2217593.5,35.478101026546426
2024,SN Thakur,Chennai Super Kings,0,54,10.89,15,27.78,17,31.48,0.017397467412077178,0.3518224972439082,0.38372362016683187,0.3487126289929746,-0.10444048725238371,0.5486365813425222,powerplay,SN Thakur,2024,44351870.0,1.2370089047936925
2024,Sumit Kumar,Delhi Capitals,0,6,5.0,1,16.67,0,0.0,0.017397467412077178,0.170073242387191,0.26776609524173034,0.029654462856838825,0.015458515925671601,0.6685355845205776,powerplay,Sumit Kumar,2024,11087967.5,6.0293790049490825
2024,UT Yadav,Gujarat Titans,4,84,9.71,37,44.05,24,28.57,0.29237496505946564,0.31541093175478657,0.5535372052731687,0.31921900563032674,0.38307434216769043,1.0361514107625964,powerplay,UT Yadav,2024,64310211.5,1.6111771157253874
2024,Yash Dayal,Royal Challengers Bengaluru,6,180,9.23,76,42.22,45,25.0,0.4298637138831599,0.30059944748802525,0.5344370909065679,0.2830361068658412,0.5982197529795295,1.2512968215744356,powerplay,Yash Dayal,2024,55439837.5,2.2570355145330927
2025,A Kamboj,Chennai Super Kings,7,126,8.1,54,42.86,25,19.84,0.5098776887594718,0.23838388331587676,0.5597769274237323,0.202577940135178,0.7730420816813535,1.4261191502762594,powerplay,A Kamboj,2025,35683000.0,3.9966346727468527
2025,A Nortje,Kolkata Knight Riders,0,18,13.33,7,38.89,7,38.89,0.0,0.45928433780654215,0.508870360674223,0.4482945461273783,-0.16663996992647984,0.48643709866842616,powerplay,A Nortje,2025,68217500.0,0.7130679058429672
2025,A Zampa,Sunrisers Hyderabad,0,6,19.0,1,16.67,3,50.0,0.0,0.6987691517572252,0.2239474606303701,0.5915969866824095,-0.4005197350259835,0.2525573335689225,powerplay,A Zampa,2025,25188000.000000004,1.0026891121523045
2025,Abhishek Sharma,Sunrisers Hyderabad,0,24,10.0,10,41.67,6,25.0,0.0,0.3186345264386806,0.5445177802116627,0.26913424915983697,-0.049788778987808896,0.6032882896070971,powerplay,Abhishek Sharma,2025,3148500.0000000005,19.161133543182373
2025,Abhishek Sharma,Sunrisers Hyderabad,0,24,10.0,10,41.67,6,25.0,0.0,0.3186345264386806,0.5445177802116627,0.26913424915983697,-0.049788778987808896,0.6032882896070971,powerplay,Abhishek Sharma,2025,39881000.00000001,1.5127210691986084
2025,AK Markram,Lucknow Super Giants,1,12,12.0,4,33.33,3,25.0,0.07283966982278167,0.40310888762057945,0.4375755215993435,0.26913424915983697,-0.014849132428281564,0.6382279361666244,powerplay,AK Markram,2025,20990000.000000004,3.040628566777629
2025,Akash Deep,Lucknow Super Giants,2,66,12.0,23,34.85,24,36.36,0.14567933964556334,0.40310888762057945,0.4570661970298861,0.41566131709009396,0.07095216134900231,0.7240292299439083,powerplay,Akash Deep,2025,83960000.00000001,0.8623502024105624
2025,Akash Madhwal,Rajasthan Royals,0,6,13.0,1,16.67,2,33.33,0.0,0.44534606821152883,0.2239474606303701,0.3765788333023581,-0.230804562577125,0.422272506017781,powerplay,Akash Madhwal,2025,12594000.000000002,3.352965745734325
2025,Arshad Khan,Gujarat Titans,5,102,10.0,41,40.2,27,26.47,0.36419834911390836,0.3186345264386806,0.5256682454202828,0.28809505812616426,0.4870617224523741,1.14013879104728,powerplay,Arshad Khan,2025,102326250.00000001,1.1142192653862326
2025,Arshad Khan,Gujarat Titans,5,102,10.0,41,40.2,27,26.47,0.36419834911390836,0.3186345264386806,0.5256682454202828,0.28809505812616426,0.4870617224523741,1.14013879104728,powerplay,Arshad Khan,2025,13643500.000000002,8.356644490396745
2025,Arshdeep Singh,Punjab Kings,5,108,9.11,47,43.52,28,25.93,0.36419834911390836,0.28104343571273566,0.5682399838606784,0.2811298629956767,0.5200218283735629,1.1730988969684688,powerplay,Arshdeep Singh,2025,188910000.00000003,0.6209829532414741
2025,Arshdeep Singh,Punjab Kings,5,108,9.11,47,43.52,28,25.93,0.36419834911390836,0.28104343571273566,0.5682399838606784,0.2811298629956767,0.5200218283735629,1.1730988969684688,powerplay,Arshdeep Singh,2025,3148500.0000000005,37.258977194488445
2025,Arshdeep Singh,Punjab Kings,5,108,9.11,47,43.52,28,25.93,0.36419834911390836,0.28104343571273566,0.5682399838606784,0.2811298629956767,0.5200218283735629,1.1730988969684688,powerplay,Arshdeep Singh,2025,3148500.0000000005,37.258977194488445
2025,AS Roy,Kolkata Knight Riders,0,12,6.0,4,33.33,1,8.33,0.0,0.14968580407488302,0.4375755215993435,0.05411609577978561,0.04560653528640441,0.6986836038813105,powerplay,AS Roy,2025,4198000.0,16.64324925872583
2025,Ashwani Kumar,Mumbai Indians,3,30,12.2,10,33.33,10,33.33,0.21851900946834502,0.41155632373876927,0.4375755215993435,0.3765788333023581,0.17795724215246428,0.8310343107473703,powerplay,Ashwani Kumar,2025,3148500.0000000005,26.394610473157698
2025,Azmatullah Omarzai,Punjab Kings,0,54,10.89,18,33.33,14,25.93,0.0,0.35622561716462564,0.4375755215993435,0.2811298629956767,-0.10306612470164511,0.5500109438932609,powerplay,Azmatullah Omarzai,2025,25188000.000000004,2.1836229311309383
2025,B Kumar,Royal Challengers Bengaluru,8,126,9.24,58,46.03,32,25.4,0.5827173585822535,0.2865342691895591,0.6004252439466401,0.27429365296019814,0.8560777458705531,1.5091548144654592,powerplay,B Kumar,2025,112821250.00000001,1.33765120885069
2025,DL Chahar,Mumbai Indians,7,180,9.57,75,41.67,44,24.44,0.5098776887594718,0.3004725387845724,0.5445177802116627,0.26191108383933137,0.7255533810425541,1.37863044963746,powerplay,DL Chahar,2025,97078750.00000001,1.4201155758983914
2025,E Malinga,Sunrisers Hyderabad,2,42,9.14,14,33.33,10,23.81,0.14567933964556334,0.2823105511304642,0.4375755215993435,0.25378502285376253,0.15787938581216343,0.8109564544070694,powerplay,E Malinga,2025,12594000.000000002,6.4392286359144775
2025,Fazalhaq Farooqi,Rajasthan Royals,0,54,10.33,18,33.33,14,25.93,0.0,0.33257279603369394,0.4375755215993435,0.2811298629956767,-0.09123971413617926,0.5618373544587267,powerplay,Fazalhaq Farooqi,2025,20990000.000000004,2.6766905881787837
2025,G Coetzee,Gujarat Titans,0,6,14.0,1,16.67,3,50.0,0.0,0.4875832488024782,0.2239474606303701,0.5915969866824095,-0.29492678354860996,0.35815028504629604,powerplay,G Coetzee,2025,25188000.000000004,1.4219083890991582
2025,HV Patel,Sunrisers Hyderabad,3,66,9.55,25,37.88,16,24.24,0.21851900946834502,0.29962779517275345,0.4959193197631388,0.25933138193915073,0.2748741361572523,0.9279512047521583,powerplay,HV Patel,2025,83960000.00000001,1.1052301152360149
2025,I Sharma,Gujarat Titans,1,54,11.67,21,38.89,18,33.33,0.07283966982278167,0.3891706180255662,0.508870360674223,0.3765788333023581,-0.007980462736815325,0.6450966058580907,powerplay,I Sharma,2025,7871250.000000001,8.195605600865056
2025,J Overton,Chennai Super Kings,0,30,14.0,7,23.33,9,30.0,0.0,0.4875832488024782,0.3093473937668264,0.33362679666435147,-0.21771276560406147,0.4353643029908445,powerplay,J Overton,2025,15742500.000000002,2.7655347180615815
2025,JD Unadkat,Sunrisers Hyderabad,3,78,8.0,25,32.05,15,19.23,0.21851900946834502,0.23416016525678185,0.42116232123678127,0.19470984933962726,0.29810515807723553,0.9511822266721415,powerplay,JD Unadkat,2025,10495000.000000002,9.06319415599944
2025,JR Hazlewood,Royal Challengers Bengaluru,9,126,7.43,66,52.38,26,20.63,0.655557028405035,0.21008497231994067,0.6818501051202885,0.2127677626408913,1.0402945354554904,1.6933716040503963,powerplay,JR Hazlewood,2025,131187500.00000001,1.2908025566844372
2025,K Khejroliya,Gujarat Titans,1,6,8.0,2,33.33,1,16.67,0.07283966982278167,0.23416016525678185,0.4375755215993435,0.1616896650173158,0.09111414558212147,0.7441912141770275,powerplay,K Khejroliya,2025,3148500.0000000005,23.636373326251466
2025,K Rabada,Gujarat Titans,1,48,11.5,15,31.25,14,29.17,0.07283966982278167,0.38199029732510476,0.4109040710101799,0.3229210337786021,-0.023048629381046334,0.6300284392138596,powerplay,K Rabada,2025,112821250.00000001,0.5584306495574722
2025,KH Pandya,Royal Challengers Bengaluru,4,54,8.0,18,33.33,9,16.67,0.2913586792911267,0.23416016525678185,0.4375755215993435,0.1616896650173158,0.418892659784639,1.071969728379545,powerplay,KH Pandya,2025,60346250.00000001,1.7763651069942952
2025,KK Ahmed,Chennai Super Kings,5,144,9.79,67,46.53,40,27.78,0.36419834911390836,0.3097647185145812,0.606836650338266,0.30499210557234707,0.5124677384005822,1.1655448069954883,powerplay,KK Ahmed,2025,50376000.00000001,2.3136906602260763
2025,KT Maphaka,Rajasthan Royals,1,18,10.33,8,44.44,6,33.33,0.07283966982278167,0.33257279603369394,0.5800369716212699,0.3765788333023581,0.04166843154323488,0.6947455001381408,powerplay,KT Maphaka,2025,15742500.000000002,4.413184056777137
2025,L Ngidi,Royal Challengers Bengaluru,2,18,10.0,8,44.44,5,27.78,0.14567933964556334,0.3186345264386806,0.5800369716212699,0.30499210557234707,0.17221441662091624,0.8252914852158222,powerplay,L Ngidi,2025,10495000.000000002,7.863663508488061
2025,LH Ferguson,Punjab Kings,1,20,7.5,10,50.0,3,15.0,0.07283966982278167,0.21304157496130713,0.6513318106961494,0.14014915415080795,0.17010842963220218,0.8231854982271082,powerplay,LH Ferguson,2025,20990000.000000004,3.9217984670181423
2025,LS Livingstone,Royal Challengers Bengaluru,0,6,10.0,0,0.0,1,16.67,0.0,0.3186345264386806,0.010191171533564202,0.1616896650173158,-0.1885978447627342,0.4644792238321718,powerplay,LS Livingstone,2025,91831250.00000001,0.505796473239961
2025,M Jansen,Punjab Kings,4,114,9.68,50,43.86,30,26.32,0.2913586792911267,0.30511862864957684,0.572599740206984,0.2861602817010288,0.399026570333791,1.052103638928697,powerplay,M Jansen,2025,73465000.0,1.4321154821053523
2025,M Prasidh Krishna,Gujarat Titans,4,114,8.89,41,35.96,24,21.05,0.2913586792911267,0.2717512559827268,0.47129951921929547,0.21818513663127054,0.39891521938486113,1.0519922879797672,powerplay,M Prasidh Krishna,2025,99702500.00000001,1.0551313036080008
2025,M Siddharth,Lucknow Super Giants,1,18,11.0,6,33.33,5,27.78,0.07283966982278167,0.36087170702963006,0.4375755215993435,0.30499210557234707,-0.0009021134153088944,0.6521749551795971,powerplay,M Siddharth,2025,7871250.000000001,8.285532223974554
2025,M Theekshana,Rajasthan Royals,1,96,9.38,29,30.21,21,21.88,0.07283966982278167,0.292447474472292,0.3975683457155982,0.22889089951701988,0.03652809130930197,0.689605159904208,powerplay,M Theekshana,2025,46178000.00000001,1.4933629864961842
2025,MA Starc,Delhi Capitals,5,90,13.33,35,38.89,35,38.89,0.36419834911390836,0.45928433780654215,0.508870360674223,0.4482945461273783,0.37965755374438265,1.0327346223392886,powerplay,MA Starc,2025,3148500.0000000005,32.80084555627405
2025,MJ Santner,Mumbai Indians,0,54,9.22,16,29.63,12,22.22,0.0,0.28568952557774013,0.39013111430131214,0.2332763927473269,-0.07246070704794182,0.5806163615469642,powerplay,MJ Santner,2025,20990000.000000004,2.7661570345257935
2025,MM Ali,Kolkata Knight Riders,4,66,7.45,22,33.33,8,12.12,0.2913586792911267,0.21092971593175966,0.4375755215993435,0.10300144678820759,0.44224552809297174,1.0953225966878777,powerplay,MM Ali,2025,20990000.000000004,5.2183067969884585
2025,MM Sharma,Delhi Capitals,0,18,8.33,7,38.89,4,22.22,0.0,0.24809843485179514,0.508870360674223,0.2332763927473269,-0.018043387773096067,0.6350336808218099,powerplay,MM Sharma,2025,23089000.000000004,2.750373254891116
2025,Mohammed Shami,Sunrisers Hyderabad,4,84,12.29,27,32.14,29,34.52,0.2913586792911267,0.4153576699919548,0.422316374387274,0.39192805960843263,0.2776684843352083,0.9307455529301143,powerplay,Mohammed Shami,2025,104950000.00000001,0.8868466440496562
2025,MP Stoinis,Punjab Kings,1,16,13.13,5,31.25,4,25.0,0.07283966982278167,0.45083690168835233,0.4109040710101799,0.26913424915983697,-0.046714574638917095,0.6063624939559888,powerplay,MP Stoinis,2025,115445000.00000001,0.5252392862020778
2025,Mukesh Choudhary,Chennai Super Kings,1,24,12.0,7,29.17,9,37.5,0.07283966982278167,0.40310888762057945,0.3842326204210164,0.43036561792112327,-0.06309827653403695,0.589978792060869,powerplay,Mukesh Choudhary,2025,3148500.0000000005,18.7384085139231
2025,Mukesh Kumar,Delhi Capitals,3,114,8.79,43,37.72,24,21.05,0.21851900946834502,0.2675275379236318,0.4938676697178184,0.21818513663127054,0.298538018829793,0.9516150874246989,powerplay,Mukesh Kumar,2025,83960000.00000001,1.1334148254224616
2025,N Thushara,Royal Challengers Bengaluru,1,12,6.0,7,58.33,2,16.67,0.07283966982278167,0.14968580407488302,0.7581458411806361,0.1616896650173158,0.22952242204745865,0.8825994906423646,powerplay,N Thushara,2025,16792000.0,5.256071287770156
2025,NT Ellis,Chennai Super Kings,0,6,9.0,1,16.67,1,16.67,0.0,0.27639734584773124,0.2239474606303701,0.1616896650173158,-0.10335236773821775,0.5497247008566882,powerplay,NT Ellis,2025,20990000.000000004,2.618983805891797
2025,Prince Yadav,Lucknow Super Giants,0,24,8.25,14,58.33,6,25.0,0.0,0.24471946040451917,0.7581458411806361,0.26913424915983697,0.05125717231996384,0.7043342409148698,powerplay,Prince Yadav,2025,3148500.0000000005,22.370469776556128
2025,PVD Chameera,Delhi Capitals,0,36,13.5,10,27.78,11,30.56,0.0,0.4664646585070035,0.3664089106522966,0.3408499619848571,-0.1914796484547842,0.4615974201401218,powerplay,PVD Chameera,2025,7871250.000000001,5.864347087694099
2025,PVSN Raju,Mumbai Indians,0,6,13.0,0,0.0,2,33.33,0.0,0.44534606821152883,0.010191171533564202,0.3765788333023581,-0.29493144930616677,0.3581456192887392,powerplay,PVSN Raju,2025,3148500.0000000005,11.375118922939151
2025,PWH de Silva,Rajasthan Royals,2,18,5.67,7,38.89,2,11.11,0.14567933964556334,0.1357475344798697,0.508870360674223,0.08997395219229565,0.2853115599922179,0.9383886285871239,powerplay,PWH de Silva,2025,55098750.00000001,1.703103298327319
2025,R Ashwin,Chennai Super Kings,1,78,11.0,23,29.49,22,28.21,0.07283966982278167,0.36087170702963006,0.3883359205116569,0.3105384646577353,-0.01678326555869253,0.6362938030362135,powerplay,R Ashwin,2025,102326250.00000001,0.6218285171558748
2025,R Sai Kishore,Gujarat Titans,0,12,12.0,4,33.33,4,33.33,0.0,0.40310888762057945,0.4375755215993435,0.3765788333023581,-0.1455975539909583,0.5074795146039477,powerplay,R Sai Kishore,2025,20990000.000000004,2.417720412596225
2025,R Shepherd,Royal Challengers Bengaluru,0,6,15.0,2,33.33,3,50.0,0.0,0.5298204293934277,0.4375755215993435,0.5915969866824095,-0.2519569555533927,0.4011201130415133,powerplay,R Shepherd,2025,15742500.000000002,2.548007705520173
2025,Rasikh Salam,Royal Challengers Bengaluru,0,12,13.0,5,41.67,5,41.67,0.0,0.44534606821152883,0.5445177802116627,0.48415240253988845,-0.15614818055024332,0.4969288880446627,powerplay,Rasikh Salam,2025,62970000.00000001,0.7891517993404202
2025,RJW Topley,Mumbai Indians,0,12,10.5,4,33.33,3,25.0,0.0,0.33975311673415537,0.4375755215993435,0.26913424915983697,-0.09243075171924203,0.5606463168756639,powerplay,RJW Topley,2025,7871250.000000001,7.122710076235209
2025,Sandeep Sharma,Rajasthan Royals,2,78,7.31,28,35.9,12,15.38,0.14567933964556334,0.20501651064902673,0.47053015045230034,0.14505058776115107,0.22815968172729156,0.8812367503221976,powerplay,Sandeep Sharma,2025,27287000.000000004,3.2295113069307635
2025,SH Johnson,Kolkata Knight Riders,0,36,12.83,12,33.33,13,36.11,0.0,0.43816574751106746,0.4375755215993435,0.41243668971486824,-0.17029755521870432,0.4827795133762017,powerplay,SH Johnson,2025,29386000.000000004,1.6428895166957111
2025,Shahbaz Ahmed,Lucknow Super Giants,0,12,10.0,3,25.0,3,25.0,0.0,0.3186345264386806,0.3307614911148568,0.26913424915983697,-0.11391566571685066,0.5391614028780554,powerplay,Shahbaz Ahmed,2025,25188000.000000004,2.140548685398028
2025,Simarjeet Singh,Sunrisers Hyderabad,2,30,15.2,11,36.67,14,46.67,0.14567933964556334,0.5382678655116175,0.48040371629540424,0.548644950044403,-0.016222798407723088,0.6368542701871829,powerplay,Simarjeet Singh,2025,5247500.000000001,12.136336735344122
2025,Simarjeet Singh,Sunrisers Hyderabad,2,30,15.2,11,36.67,14,46.67,0.14567933964556334,0.5382678655116175,0.48040371629540424,0.548644950044403,-0.016222798407723088,0.6368542701871829,powerplay,Simarjeet Singh,2025,15742500.000000002,4.0454455784480405
2025,SM Curran,Chennai Super Kings,0,18,9.67,6,33.33,4,22.22,0.0,0.3046962568436673,0.4375755215993435,0.2332763927473269,-0.06773075049149599,0.58534631810341,powerplay,SM Curran,2025,25188000.000000004,2.3239094731753607
2025,TU Deshpande,Rajasthan Royals,3,72,10.92,22,30.56,23,31.94,0.21851900946834502,0.3574927325823541,0.40205633018973624,0.3586499050961031,0.19791906594904074,0.8509961345439467,powerplay,TU Deshpande,2025,68217500.0,1.2474748188425944
2025,V Nigam,Delhi Capitals,6,90,11.27,30,33.33,24,26.67,0.4370380189366901,0.3722757457891864,0.4375755215993435,0.29067476002634485,0.542556859984976,1.195633928579882,powerplay,V Nigam,2025,5247500.000000001,22.784829510812422
2025,V Puthur,Mumbai Indians,1,6,7.0,4,66.67,1,16.67,0.07283966982278167,0.19192298466583244,0.8650880997929554,0.1616896650173158,0.24048650933567972,0.8935635779305857,powerplay,V Puthur,2025,3148500.0000000005,28.38061228936273
2025,VG Arora,Kolkata Knight Riders,3,90,11.13,30,33.33,27,30.0,0.21851900946834502,0.3663625405064535,0.4375755215993435,0.33362679666435147,0.20914454109622352,0.8622216096911295,powerplay,VG Arora,2025,18891000.0,4.564192523906249
2025,Vijaykumar Vyshak,Punjab Kings,1,18,5.67,8,44.44,1,5.56,0.07283966982278167,0.1357475344798697,0.5800369716212699,0.018387224462284527,0.2117193840881617,0.8647964526830677,powerplay,Vijaykumar Vyshak,2025,18891000.0,4.5778225222755164
2025,Washington Sundar,Gujarat Titans,0,6,21.0,1,16.67,4,66.67,0.0,0.7832435129391241,0.2239474606303701,0.8066151400624608,-0.4857605462929432,0.1673165223019628,powerplay,Washington Sundar,2025,33584000.0,0.498203079746197
2025,WG Jacks,Mumbai Indians,3,30,10.4,8,26.67,8,26.67,0.21851900946834502,0.33552939867506043,0.35217558846288716,0.29067476002634485,0.20753153939858449,0.8606086079934905,powerplay,WG Jacks,2025,55098750.00000001,1.5619385339839658
2025,XC Bartlett,Punjab Kings,2,48,9.0,25,52.08,12,25.0,0.14567933964556334,0.27639734584773124,0.678003261285313,0.26913424915983697,0.22989446509810585,0.8829715336930118,powerplay,XC Bartlett,2025,8396000.0,10.516573769568982
2025,Yash Thakur,Punjab Kings,0,18,13.67,7,38.89,7,38.89,0.0,0.473644979207465,0.508870360674223,0.4482945461273783,-0.17382029062694127,0.47925677796796473,powerplay,Yash Thakur,2025,16792000.0,2.854078001238475
2025,YS Chahal,Punjab Kings,2,36,7.83,5,13.89,4,11.11,0.14567933964556334,0.22697984455632042,0.1883000410929304,0.08997395219229565,0.14352430907960478,0.7966013776745108,powerplay,YS Chahal,2025,188910000.00000003,0.4216830118440054
2025,Zeeshan Ansari,Sunrisers Hyderabad,1,30,7.8,9,30.0,3,10.0,0.07283966982278167,0.22571272913859194,0.39487555503111527,0.07565660664629344,0.09973448534495241,0.7528115539398584,powerplay,Zeeshan Ansari,2025,4198000.0,17.932623962359656
