season,player,team,wickets,balls,economy,dot_balls,dot_pct,boundaries_conceded,boundary_pct_conceded,wickets_z,economy_z,dot_pct_z,boundary_pct_conceded_z,impact_score,impact_score_pos,phase,name,year,adj_price,ROI
2022,Mohsin Khan,Lucknow Super Giants,5,42,8.71,14,33.33,7,16.67,0.2801817133166239,0.2754184932842202,0.4299659443242415,0.23592733270911392,0.3683167561457861,0.9823460547248195,death,,,,
2015,R Dhawan,Punjab Kings,0,12,12.5,2,16.67,3,25.0,0.04496203496913795,0.4382766382481765,0.28350828336106865,0.34657248456209583,-0.12678686320587182,0.4872424353731616,death,,,,
2019,DL Chahar,Royal Challengers Bengaluru,1,6,9.0,2,33.33,1,16.67,0.07299501625697159,0.3086422911558173,0.4412021019151796,0.2588425038787815,0.04074348733404991,0.6547727859130833,death,,,,
2017,SN Thakur,Royal Challengers Bengaluru,2,6,10.0,2,33.33,1,16.67,0.16743821466244915,0.37316887591606934,0.4528350352389561,0.29290928476692946,0.14986749676885397,0.7638967953478875,death,,,,
2013,R Vinay Kumar,Delhi Capitals,0,6,17.0,0,0.0,3,50.0,0.03839363807293146,0.6172904635842774,0.1191740319850431,0.6168172868870678,-0.3386187047949212,0.27541059378411226,death,,,,
2017,Basil Thampi,Lucknow Super Giants,1,12,12.5,1,8.33,3,25.0,0.10303796550864269,0.4626806061539106,0.20215050801828102,0.374191000382692,-0.08212744190792351,0.5319018566711099,death,Basil Thampi,2017.0,13258301.7816,-0.6194416393651618
2020,JO Holder,Royal Challengers Bengaluru,2,12,5.0,3,25.0,0,0.0,0.1430651131101122,0.14502579846615204,0.39024018054160986,0.07838771225453701,0.2501430907648293,0.8641723893438628,death,,,,
2014,A Nehra,Chennai Super Kings,4,18,7.33,7,38.89,3,16.67,0.27827936956530475,0.2675595395994297,0.5124818622826302,0.2748793161781329,0.3816760023395344,0.9957053009185679,death,A Nehra,2014.0,38740367.673999995,0.9852152296316239
2020,K Rabada,Royal Challengers Bengaluru,1,12,8.0,5,41.67,2,16.67,0.08502888059497966,0.2539189109780594,0.5971488859899008,0.25267578757834286,0.1293176860247131,0.7433469846037466,death,,,,
2022,Lalit Yadav,Delhi Capitals,1,12,11.0,5,41.67,2,16.67,0.06753133168965963,0.3527005365428498,0.5083766034685527,0.23592733270911392,0.0419515641451812,0.6559808627242146,death,Lalit Yadav,2022.0,8084559.9302,0.5189096810139346
2016,M Ashwin,Lucknow Super Giants,0,15,6.8,7,46.67,2,13.33,0.02497897366775858,0.24273703025318574,0.6004813352657212,0.24313593690909457,0.04757726790735156,0.661606566486385,death,M Ashwin,2016.0,73637387.9955,0.06461020576973618
2024,M Pathirana,Chennai Super Kings,4,54,9.11,17,31.48,11,20.37,0.17590466393525273,0.24182216414675192,0.4352901439947165,0.24180238380368294,0.22517445830148836,0.8392037568805217,death,,,,
2017,P Negi,Royal Challengers Bengaluru,4,12,3.5,6,50.0,0,0.0,0.29623871297006205,0.1404383772976823,0.6199914779897023,0.13024827644582967,0.5351056789991818,1.1491349775782154,death,P Negi,2017.0,15598002.096,3.430603969058357
2023,I Sharma,Royal Challengers Bengaluru,0,6,14.0,0,0.0,2,33.33,0.03293407072432839,0.49841592891374376,0.0819156862189863,0.4443181349011363,-0.25868600008364995,0.3553432984953835,death,I Sharma,2023.0,5915430.661499999,-4.373071292463665
2023,K Gowtham,Lucknow Super Giants,0,6,4.0,2,33.33,0,0.0,0.03293407072432839,0.07991734747471661,0.4579177260443439,0.048010568027550334,0.140406314501644,0.7544356130806774,death,,,,
2020,AD Russell,Royal Challengers Bengaluru,0,12,17.0,2,16.67,3,25.0,0.026992648079847133,0.5805982485137817,0.28684788801705896,0.3397675492728421,-0.2076262256624769,0.40640307291655653,death,,,,
2022,Ravi Bishnoi,Lucknow Super Giants,2,18,10.67,5,27.78,5,27.78,0.12069392709640071,0.3415638228854927,0.377786189138279,0.33779757550149186,0.05641194558144012,0.6704412441604736,death,,,,
2023,Shahbaz Ahmed,Royal Challengers Bengaluru,0,6,19.0,0,0.0,3,50.0,0.03293407072432839,0.7076652196332572,0.0819156862189863,0.6425313704181684,-0.401849687026565,0.21217961155246845,death,,,,
2016,DJ Bravo,Royal Challengers Bengaluru,0,6,30.0,0,0.0,4,66.67,0.02497897366775858,0.9999999998419707,0.1063156948786746,0.736779095445384,-0.5516705596051632,0.06235873897387023,death,,,,
2019,HH Pandya,Punjab Kings,1,12,15.0,2,16.67,4,33.33,0.07299501625697159,0.51679232469402,0.27070995933506037,0.42769470812119326,-0.1443198301279905,0.46970946845104294,death,,,,
2017,UT Yadav,Lucknow Super Giants,1,6,12.0,1,16.67,1,16.67,0.10303796550864269,0.44477826010634236,0.2857788662990982,0.29290928476692946,-0.025493481319922295,0.5885358172591111,death,,,,
2019,HF Gurney,Kolkata Knight Riders,1,24,11.75,7,29.17,8,33.33,0.07299501625697159,0.40404438986082686,0.39863023438016787,0.42769470812119326,-0.06084457368118096,0.5531847248978525,death,HF Gurney,2019.0,10831894.1475,-0.5617168415112685
2016,Sandeep Sharma,Gujarat Titans,1,12,6.5,5,41.67,1,8.33,0.11605058023805889,0.23294483668091695,0.5475387982626093,0.19686267495406182,0.18610077267728575,0.8001300712563192,death,,,,
2013,BAW Mendis,Lucknow Super Giants,0,6,7.0,2,33.33,1,16.67,0.03839363807293146,0.27607124336526956,0.4181145578485978,0.2893081448316538,-0.014196116331627429,0.599833182247406,death,,,,
2019,Mohammed Siraj,Punjab Kings,0,12,11.0,1,8.33,3,25.0,0.01969513567294069,0.3780256356685515,0.18536155182496467,0.3432686059999873,-0.1690396670105164,0.444989631568517,death,,,,
2025,Mohammed Siraj,Gujarat Titans,6,72,10.25,22,30.56,18,25.0,0.30043811394604614,0.31698913867221806,0.4243048672765156,0.3139111792935146,0.35697962184508225,0.9710089204241157,death,,,,
2013,SP Narine,Kolkata Knight Riders,6,102,7.06,38,37.25,13,12.75,0.3739602263400329,0.27811855868658364,0.4532734795823253,0.25078921783323727,0.5104381945601424,1.1244674931391758,death,,,,
2017,AF Milne,Lucknow Super Giants,0,12,11.0,3,25.0,3,25.0,0.03863771635483625,0.4089735680112058,0.36930695076902714,0.374191000382692,-0.1070980675563274,0.506931231022706,death,,,,
2020,JD Unadkat,Rajasthan Royals,3,42,13.14,8,19.05,11,26.19,0.20110134562524473,0.4404891104151275,0.3163885430240735,0.35220922951491346,0.11471016832456407,0.7287394669035975,death,JD Unadkat,2020.0,41681170.359,0.2752086069958333
2016,UT Yadav,Royal Challengers Bengaluru,1,12,20.5,2,16.67,7,58.33,0.11605058023805889,0.6899138700534596,0.28282611324704976,0.6595952945043894,-0.2149204320414974,0.399108866537536,death,,,,
2024,NT Ellis,Punjab Kings,0,6,8.0,4,66.67,2,33.33,0.0,0.19385717686669157,0.9218803653153668,0.3956442539114753,0.0803279626744908,0.6943572612535243,death,,,,
2016,BCJ Cutting,Gujarat Titans,1,6,10.0,2,33.33,2,33.33,0.11605058023805889,0.34718709502405265,0.4592306465414186,0.42822898472922555,0.044501530891125185,0.6585308294701586,death,BCJ Cutting,2016.0,8181931.9995,0.543900033559857
2021,SN Thakur,Chennai Super Kings,5,95,9.98,37,38.95,19,20.0,0.24403820374916912,0.3991579346755465,0.4530590175064309,0.3366724682456384,0.24131009653177282,0.8553393951108063,death,,,,
2018,TA Boult,Delhi Capitals,7,100,10.2,20,20.0,20,20.0,0.4607735936799017,0.3623832842284136,0.32097540484412596,0.31658721680363483,0.5475235332406345,1.161552831819668,death,,,,
2016,JJ Bumrah,Lucknow Super Giants,2,12,9.0,2,16.67,1,8.33,0.2071221868083592,0.3145464497831567,0.28282611324704976,0.19686267495406182,0.21065373178717245,0.8246830303662058,death,,,,
2014,Yuvraj Singh,Royal Challengers Bengaluru,0,6,7.0,1,16.67,0,0.0,0.037245351605682764,0.2559425531164898,0.26872279350371436,0.10766937627508567,0.0018070313305168229,0.6158363299095503,death,Yuvraj Singh,2014.0,271182573.718,0.0006663523049220473
2021,L Ngidi,Chennai Super Kings,3,18,10.67,8,44.44,6,33.33,0.15280740718389443,0.4272473474084293,0.5125878983647092,0.5025574361735218,0.06132131046982617,0.6753506090488596,death,,,,
2021,M Prasidh Krishna,Royal Challengers Bengaluru,0,6,6.0,3,50.0,1,16.67,0.015961212335982394,0.23713494528877319,0.5728757995617999,0.2952323374729564,0.012380879015117377,0.6264101775941509,death,,,,
2015,DW Steyn,Sunrisers Hyderabad,0,6,9.0,0,0.0,1,16.67,0.04496203496913795,0.31589350577045433,0.11728812359158365,0.2640007366390484,-0.10292813376871424,0.5111011648103192,death,,,,
2017,B Kumar,Lucknow Super Giants,1,12,14.0,1,8.33,4,33.33,0.10303796550864269,0.5163876442966153,0.20215050801828102,0.4554727159984545,-0.12799477184973412,0.4860345267292993,death,,,,
2013,DR Smith,Mumbai Indians,0,6,12.0,2,33.33,2,33.33,0.03839363807293146,0.44668085347477354,0.4181145578485978,0.4530135845749241,-0.13155159229841012,0.4824777062806233,death,,,,
2021,KA Jamieson,Royal Challengers Bengaluru,2,24,15.0,7,29.17,7,29.17,0.10719200890125709,0.6035185896307228,0.34701303302665626,0.4507883839169581,-0.11175202776749403,0.5022772708115394,death,KA Jamieson,2021.0,198917487.645,-0.05618009210277849
2020,KK Ahmed,Punjab Kings,0,12,8.0,2,16.67,1,8.33,0.026992648079847133,0.2539189109780594,0.28684788801705896,0.16547947394903623,-0.02466806805104626,0.5893612305279872,death,,,,
2018,B Kumar,Sunrisers Hyderabad,4,55,7.42,18,32.73,6,10.91,0.27192485061516153,0.2635805710704619,0.44089406400901093,0.22557766212106192,0.36704996806094226,0.9810792666399757,death,,,,
2013,DJ Bravo,Punjab Kings,2,6,2.0,5,83.33,0,0.0,0.1502491674952986,0.10546163325576564,0.8665701922073659,0.12550444251950996,0.4055088228469984,1.0195381214260317,death,,,,
2020,CJ Jordan,Punjab Kings,5,75,12.24,15,20.0,21,28.0,0.31717381065550976,0.4078211766615552,0.3281799809470415,0.3711331297150387,0.2997463006882434,0.9137755992672768,death,CJ Jordan,2020.0,41681170.359,0.7191407969270727
2019,HH Pandya,Mumbai Indians,3,39,13.54,12,30.77,13,33.33,0.17959477742503335,0.466142483199724,0.41500402958594157,0.42769470812119326,0.0791279692970849,0.6931572678761183,death,,,,
2024,Noor Ahmad,Gujarat Titans,1,6,14.0,2,33.33,2,33.33,0.04397616598381318,0.4531273783805315,0.4608710450871633,0.3956442539114753,-0.09571866502378644,0.518310633555247,death,,,,
2025,PVSN Raju,Mumbai Indians,1,12,14.5,3,25.0,3,25.0,0.05275728172987726,0.480286573745785,0.3652112146916395,0.3139111792935146,-0.09758869628406065,0.5164406022949728,death,PVSN Raju,2025.0,3148500.0000000005,-3.0995298168670997
2014,DW Steyn,Sunrisers Hyderabad,4,66,10.27,19,28.79,17,25.76,0.27827936956530475,0.3710563282656211,0.4016822855649411,0.36605738178813285,0.27968399417475115,0.8937132927537845,death,,,,
2020,JL Pattinson,Mumbai Indians,3,21,8.0,9,42.86,4,19.05,0.20110134562524473,0.2539189109780594,0.611919213493408,0.2775591480624855,0.30039247367592015,0.9144217722549536,death,,,,
2014,MA Starc,Royal Challengers Bengaluru,7,106,9.11,26,24.53,17,16.04,0.45905488303502123,0.3302208606286204,0.3549489987513416,0.26856004430417246,0.5824106666352346,1.1964399652142679,death,,,,
2013,Harmeet Singh,Punjab Kings,0,14,10.29,3,21.43,3,21.43,0.03839363807293146,0.38833236681732314,0.31138211687121103,0.3360811276154453,-0.10515219284080234,0.5088771057382311,death,,,,
2025,MM Sharma,Delhi Capitals,0,54,13.11,9,16.67,14,25.93,0.003221115286643484,0.4268787067452537,0.2766770193621398,0.3237430911802594,-0.18003963131357215,0.4339896672654613,death,MM Sharma,2025.0,23089000.000000004,-0.7797636593770718
2013,A Nehra,Delhi Capitals,4,36,12.0,8,22.22,9,25.0,0.26210469691766575,0.44668085347477354,0.3184677158940796,0.371160864703289,0.1986767593438264,0.8127060579228598,death,,,,
2016,JO Holder,Kolkata Knight Riders,2,12,6.5,5,41.67,1,8.33,0.2071221868083592,0.23294483668091695,0.5475387982626093,0.19686267495406182,0.32270818253273625,0.9367374811117697,death,JO Holder,2016.0,11454704.7993,2.8172544660640844
2022,KK Ahmed,Royal Challengers Bengaluru,0,6,12.0,1,16.67,1,16.67,0.014368736282918574,0.3864481536863561,0.2733326611894424,0.23592733270911392,-0.12180455850606606,0.49222474007296735,death,KK Ahmed,2022.0,65298368.667,-0.1865353775179727
2013,R Sharma,Lucknow Super Giants,0,12,13.0,2,16.67,4,33.33,0.03839363807293146,0.4808027754966743,0.2686891404802564,0.4530135845749241,-0.19002798631767281,0.4240013122613606,death,,,,
2022,PWH de Silva,Royal Challengers Bengaluru,6,36,7.5,14,38.89,5,13.89,0.333344308723365,0.23458387654057747,0.48223971708711566,0.2104368489140814,0.4877237729207268,1.1017530714997603,death,PWH de Silva,2022.0,133706183.46100001,0.3647727878366883
2014,B Kumar,Royal Challengers Bengaluru,0,6,9.0,3,50.0,2,33.33,0.037245351605682764,0.3263485318009738,0.634361396672088,0.4419889501784188,-0.016959651363764622,0.5970696472152688,death,B Kumar,2014.0,82323281.30725,-0.020601282036447482
2017,HH Pandya,Mumbai Indians,1,24,8.5,7,29.17,3,12.5,0.10303796550864269,0.3194618377733647,0.41112112990943583,0.2522196384142608,0.07444266060217067,0.6884719591812041,death,,,,
2014,IC Pandey,Chennai Super Kings,1,12,12.5,3,25.0,3,25.0,0.09750385609558826,0.4495589944988208,0.3601050186580063,0.3584341331782758,-0.033066548012226804,0.5809627505668067,death,IC Pandey,2014.0,29055275.7555,-0.11380565887751898
2013,CH Gayle,Royal Challengers Bengaluru,2,6,5.0,4,66.67,1,16.67,0.1502491674952986,0.20782739932146801,0.7171447748390243,0.2893081448316538,0.2705937805165719,0.8846230790956053,death,,,,
2018,AR Patel,Punjab Kings,0,6,6.0,1,16.67,0,0.0,0.020126526528841268,0.21311299816244336,0.28960626619376717,0.11634617239753385,-0.0030773813328454566,0.610951917246188,death,,,,
2022,Sandeep Sharma,Royal Challengers Bengaluru,0,12,13.0,1,8.33,4,33.33,0.014368736282918574,0.4201957708298625,0.1949220020451311,0.38868685070380493,-0.2046546585051693,0.40937464007386415,death,Sandeep Sharma,2022.0,6218892.254000001,-3.290853903660015
2018,JC Archer,Rajasthan Royals,6,88,8.66,26,29.55,15,17.05,0.3978240126583217,0.30765084600422454,0.41093794962218183,0.28705166275373495,0.5108415666463267,1.1248708652253603,death,,,,
2023,PWH de Silva,Royal Challengers Bengaluru,2,6,3.0,3,50.0,0,0.0,0.12632160274383342,0.038067489330813935,0.6459751519035911,0.048010568027550334,0.35364478354623674,0.9676740821252702,death,,,,
2020,L Ngidi,Punjab Kings,1,12,15.0,2,16.67,4,33.33,0.08502888059497966,0.5080028401725101,0.28684788801705896,0.4268593109673413,-0.11766124206161924,0.4963680565174142,death,,,,
2017,JJ Bumrah,Gujarat Titans,1,12,11.5,3,25.0,3,25.0,0.10303796550864269,0.4268759140587741,0.36930695076902714,0.374191000382692,-0.01765863224464506,0.5963706663343884,death,,,,
2014,M Morkel,Kolkata Knight Riders,1,18,11.67,5,27.78,4,22.22,0.09750385609558826,0.4203405133447599,0.39060232789317223,0.3305490922106411,-0.003864450489762236,0.6101648480892712,death,M Morkel,2014.0,54236514.743599996,-0.007125182191428051
2017,UT Yadav,Kolkata Knight Riders,3,12,6.5,7,58.33,2,16.67,0.23183846381625556,0.24785245358309171,0.7035195624596312,0.29290928476692946,0.3717997975989572,0.9858290961779906,death,,,,
2013,CH Morris,Chennai Super Kings,4,78,9.62,20,25.64,14,17.95,0.26210469691766575,0.36547067906264963,0.3491420812842193,0.3018857536474633,0.26114567204246564,0.8751749706214991,death,CH Morris,2013.0,76957740.38675001,0.33933646015343205
2017,SN Thakur,Lucknow Super Giants,1,19,12.63,2,10.53,7,36.84,0.10303796550864269,0.4673352161262783,0.22421074641370042,0.48972227443919003,-0.1120305965951942,0.5019987019838392,death,,,,
2017,SL Malinga,Mumbai Indians,4,59,8.95,13,22.03,7,11.86,0.29623871297006205,0.33557394921617606,0.339525628935211,0.24597470468147714,0.33819376704474274,0.9522230656237762,death,,,,
2016,JJ Bumrah,Delhi Capitals,0,12,13.5,1,8.33,3,25.0,0.02497897366775858,0.46142935336718827,0.19451796152585904,0.351137730312141,-0.19408921148112204,0.4199400870979114,death,,,,
2017,B Kumar,Gujarat Titans,2,8,6.0,4,50.0,1,12.5,0.16743821466244915,0.22995010753552347,0.6199914779897023,0.2522196384142608,0.26950883085209676,0.8835381294311302,death,,,,
2016,TG Southee,Mumbai Indians,1,18,11.67,4,22.22,5,27.78,0.11605058023805889,0.4016969725763488,0.34159232932050393,0.37686566395913923,0.0028150809349582057,0.6168443795139916,death,TG Southee,2016.0,40909659.997499995,0.006881213227218794
2013,R Vinay Kumar,Royal Challengers Bengaluru,10,97,8.72,29,29.9,15,15.46,0.5976712851847672,0.334760949242939,0.3873505013315863,0.27741837399795893,0.7955821862800634,1.4096114848590968,death,,,,
2019,GC Viljoen,Royal Challengers Bengaluru,0,12,21.5,1,8.33,7,58.33,0.01969513567294069,0.7422881943604063,0.18536155182496467,0.6810743663481017,-0.41608641859169265,0.19794287998734078,death,GC Viljoen,2019.0,10831894.1475,-3.841308019869501
2018,Mujeeb Ur Rahman,Delhi Capitals,0,6,6.0,1,16.67,0,0.0,0.020126526528841268,0.21311299816244336,0.28960626619376717,0.11634617239753385,-0.0030773813328454566,0.610951917246188,death,Mujeeb Ur Rahman,2018.0,32831615.586,-0.009373225404593578
2018,Mujeeb Ur Rahman,Delhi Capitals,0,6,6.0,1,16.67,0,0.0,0.020126526528841268,0.21311299816244336,0.28960626619376717,0.11634617239753385,-0.0030773813328454566,0.610951917246188,death,Mujeeb Ur Rahman,2018.0,59693846.519999996,-0.005155273972526468
2017,UT Yadav,Royal Challengers Bengaluru,1,6,21.0,1,16.67,4,66.67,0.10303796550864269,0.7670204889625705,0.2857788662990982,0.780794732640654,-0.3007560072245309,0.31327329135450255,death,,,,
2018,S Kaul,Delhi Capitals,0,12,8.5,2,16.67,2,16.67,0.020126526528841268,0.3019643589159971,0.28960626619376717,0.28324708291001904,-0.08868819878801251,0.525341099791021,death,S Kaul,2018.0,56709154.194,-0.1563913270238758
2013,AB Agarkar,Delhi Capitals,0,12,12.5,3,25.0,3,25.0,0.03839363807293146,0.46374181448572394,0.3434018491644271,0.371160864703289,-0.13623397334655096,0.47779532523248247,death,,,,
2023,M Ashwin,Rajasthan Royals,0,6,11.0,0,0.0,0,0.0,0.03293407072432839,0.3728663544820356,0.0819156862189863,0.048010568027550334,-0.08957390024889086,0.5244553983301425,death,M Ashwin,2023.0,2366172.2646,-3.7856035077832035
2018,MM Sharma,Punjab Kings,1,52,13.27,10,19.23,15,28.85,0.08307610755042134,0.47149275523377754,0.31372188029134024,0.40519387895333453,-0.09142454036647728,0.5226047582125561,death,MM Sharma,2018.0,35816307.912,-0.2552595331464808
2013,RP Singh,Lucknow Super Giants,1,6,4.0,2,33.33,0,0.0,0.09432140278411502,0.17370547729956723,0.4181145578485978,0.12550444251950996,0.15978294785507197,0.7738122464341054,death,,,,
2023,JC Archer,Mumbai Indians,1,24,15.75,6,25.0,9,37.5,0.07962783673408091,0.5716531806655735,0.3639454190612888,0.49390116982051385,-0.14820624239287555,0.4658230561861579,death,,,,
2014,DW Steyn,Royal Challengers Bengaluru,0,12,13.5,3,25.0,4,33.33,0.037245351605682764,0.4847619838410628,0.3601050186580063,0.4419889501784188,-0.16260194558402474,0.4514273529950087,death,,,,
2015,UT Yadav,Punjab Kings,1,6,11.0,1,16.67,2,33.33,0.09522719101617114,0.3858267243291527,0.28350828336106865,0.4291442324851433,-0.055180687944626786,0.5588486106344066,death,,,,
2014,MM Sharma,Punjab Kings,1,12,16.5,2,16.67,6,50.0,0.09750385609558826,0.5903709518677888,0.26872279350371436,0.609198890081466,-0.19203542557705863,0.4219938730019748,death,MM Sharma,2014.0,38740367.673999995,-0.49569851064149884
2015,YS Chahal,Royal Challengers Bengaluru,4,30,10.2,7,23.33,6,20.0,0.24602265915727073,0.35785343690567334,0.34991657754611777,0.297009610658706,0.24176470403986028,0.8557940026188937,death,,,,
2016,MP Stoinis,Punjab Kings,3,12,5.5,6,50.0,1,8.33,0.29819379337865953,0.20030419144002107,0.6357410649097938,0.19686267495406182,0.49883253047870046,1.112861829057734,death,MP Stoinis,2016.0,9000125.19945,5.542506569899542
2015,JJ Bumrah,Delhi Capitals,1,6,10.0,1,16.67,1,16.67,0.09522719101617114,0.3508601150498035,0.28350828336106865,0.2640007366390484,0.008349004520941339,0.6223783030999748,death,,,,
2020,JDS Neesham,Punjab Kings,0,6,18.0,0,0.0,3,50.0,0.026992648079847133,0.6168959526844174,0.07993918256876803,0.6011473862911472,-0.36263187007071,0.2513974285083234,death,JDS Neesham,2020.0,6946861.7265,-5.220081877941924
2017,LH Ferguson,Gujarat Titans,0,6,21.0,0,0.0,3,50.0,0.03863771635483625,0.7670204889625705,0.11862242354835205,0.6181337243195543,-0.3987050112841345,0.21532428729489894,death,LH Ferguson,2017.0,7799001.048,-5.112257439513739
2021,PWH de Silva,Royal Challengers Bengaluru,0,6,11.0,3,50.0,2,33.33,0.015961212335982394,0.4406814143676341,0.5728757995617999,0.5025574361735218,-0.1312352382265966,0.4827940603524368,death,,,,
2023,K Yadav,Rajasthan Royals,2,12,14.0,3,25.0,4,33.33,0.12632160274383342,0.49841592891374376,0.3639454190612888,0.4443181349011363,-0.03399578220170166,0.5800335163773318,death,,,,
2021,Rashid Khan,Sunrisers Hyderabad,2,18,6.33,9,50.0,1,5.56,0.10719200890125709,0.250569012247978,0.5728757995617999,0.1569741233935277,0.18533091130317608,0.7993602098822095,death,,,,
2022,VR Aaron,Gujarat Titans,1,6,9.0,1,16.67,1,16.67,0.06753133168965963,0.285205302255837,0.2733326611894424,0.23592733270911392,-0.0015635248237468174,0.6124657737552867,death,VR Aaron,2022.0,6218892.254000001,-0.025141532605604415
2022,Kartik Tyagi,Sunrisers Hyderabad,0,6,9.0,3,50.0,1,16.67,0.014368736282918574,0.285205302255837,0.5866932450359523,0.23592733270911392,0.012700757220094588,0.626730055799128,death,Kartik Tyagi,2022.0,49751138.032000005,0.025528576274829018
2021,NT Ellis,Punjab Kings,0,12,11.5,2,16.67,2,16.67,0.015961212335982394,0.4610360612755202,0.21147368681017542,0.2952323374729564,-0.1856002012050688,0.4284290973739646,death,,,,
2025,LS Livingstone,Royal Challengers Bengaluru,0,6,4.0,2,33.33,0,0.0,0.003221115286643484,0.07684585179932563,0.4537454100211392,0.04961247266058726,0.09533321341840055,0.7093625119974339,death,LS Livingstone,2025.0,91831250.00000001,0.10381347680490087
2016,JJ Bumrah,Mumbai Indians,2,72,10.17,17,23.61,16,22.22,0.2071221868083592,0.35273600471500494,0.35631035460736904,0.32540979666514275,0.1788590457092047,0.7928883442882382,death,,,,
2013,DT Christian,Royal Challengers Bengaluru,0,6,24.0,2,33.33,3,50.0,0.03839363807293146,0.8561439177375829,0.4181145578485978,0.6168172868870678,-0.34447792869717697,0.26955136988185646,death,DT Christian,2013.0,12313238.46188,-2.797622491951493
2014,PP Ojha,Mumbai Indians,0,6,2.0,4,66.67,0,0.0,0.037245351605682764,0.07992760640527986,0.8172355495318775,0.10766937627508567,0.2367668368234497,0.8507961354024831,death,PP Ojha,2014.0,62953097.470249996,0.3761003768485571
2021,JJ Bumrah,Royal Challengers Bengaluru,2,12,9.5,6,50.0,3,25.0,0.10719200890125709,0.37961747364397586,0.5728757995617999,0.3988948868232391,0.061135297715863554,0.675164596294897,death,,,,
2017,AF Milne,Gujarat Titans,1,6,4.0,3,50.0,0,0.0,0.10303796550864269,0.1583407233452505,0.6199914779897023,0.13024827644582967,0.2381436193880256,0.8521729179670591,death,,,,
2022,YS Chahal,Royal Challengers Bengaluru,0,6,7.0,0,0.0,0,0.0,0.014368736282918574,0.21771006796882428,0.11660536047773154,0.08307612232667097,-0.0554721513178337,0.5585571472611998,death,YS Chahal,2022.0,80845599.302,-0.06861492993652828
2013,R Bhatia,Royal Challengers Bengaluru,0,6,10.0,2,33.33,1,16.67,0.03839363807293146,0.3784370094309719,0.4181145578485978,0.2893081448316538,-0.05514242275790837,0.5588868758211251,death,,,,
2017,JJ Bumrah,Mumbai Indians,8,104,8.48,29,27.88,15,14.42,0.5538397095852878,0.31874574393146193,0.39818580830484895,0.2709544396126119,0.7414306774130182,1.3554599759920516,death,,,,
2019,BA Stokes,Rajasthan Royals,2,12,15.0,3,25.0,3,25.0,0.12629489684100248,0.51679232469402,0.35595603062512,0.3432686059999873,-0.013468357228564515,0.6005609413504689,death,,,,
2024,MM Sharma,Gujarat Titans,7,96,11.69,21,21.88,23,23.96,0.3078331618866923,0.3533083507977031,0.3025460085960736,0.2844175314647149,0.32586494565036483,0.9398942442293983,death,,,,
2019,SM Curran,Punjab Kings,8,66,11.0,18,27.27,16,24.24,0.44609418034518783,0.3780256356685515,0.37918635257331146,0.33556586438988933,0.5310171627053878,1.1450464612844211,death,SM Curran,2019.0,103986183.81600001,0.5106612659668369
2025,R Sai Kishore,Gujarat Titans,3,33,9.27,8,24.24,5,15.15,0.1518296146163448,0.2793346712905485,0.3571336650577355,0.20977748888014117,0.16021740626157613,0.7742467048406095,death,R Sai Kishore,2025.0,20990000.000000004,0.7633035076778281
2023,M Theekshana,Chennai Super Kings,4,42,7.14,16,38.1,5,11.9,0.21970913476333845,0.2113259020465711,0.5117289990706552,0.18950651899651744,0.34170008534862056,0.9557293839276539,death,,,,
2014,PV Tambe,Punjab Kings,0,6,13.0,0,0.0,1,16.67,0.037245351605682764,0.4671604891699417,0.0858486406439247,0.2748793161781329,-0.187705370919715,0.4263239276593184,death,PV Tambe,2014.0,1937018.3837,-9.690427953562793
2022,VR Iyer,Kolkata Knight Riders,0,12,12.0,2,16.67,4,33.33,0.014368736282918574,0.3864481536863561,0.2733326611894424,0.38868685070380493,-0.16763241390447337,0.44639688467456007,death,,,,
2021,DJ Bravo,Royal Challengers Bengaluru,2,12,6.0,6,50.0,1,8.33,0.10719200890125709,0.23713494528877319,0.5728757995617999,0.19144534328551846,0.1803631721192608,0.7943924706982942,death,,,,
2018,K Khejroliya,Royal Challengers Bengaluru,0,11,13.64,1,9.09,3,27.27,0.020126526528841268,0.48464275662530354,0.2182014400767343,0.38937483644525256,-0.215019331767415,0.39900996681161843,death,K Khejroliya,2018.0,12684942.385499999,-1.6950753518060986
2020,MM Sharma,Delhi Capitals,0,6,17.0,1,16.67,2,33.33,0.026992648079847133,0.5805982485137817,0.28684788801705896,0.4268593109673413,-0.2337537541708267,0.38027554440820677,death,MM Sharma,2020.0,6946861.7265,-3.3648827826690826
2018,MJ McClenaghan,Mumbai Indians,3,30,11.8,6,20.0,7,23.33,0.20897526959358148,0.41924815511068797,0.32097540484412596,0.34992735069725067,0.13707805859015962,0.7511073571691931,death,,,,
2025,Shashank Singh,Punjab Kings,0,6,16.0,1,16.67,3,50.0,0.003221115286643484,0.5379209625952791,0.2766770193621398,0.5782098859264418,-0.30079657207743704,0.3132327265015964,death,,,,
2020,Avesh Khan,Delhi Capitals,0,6,10.0,2,33.33,2,33.33,0.026992648079847133,0.326514319319331,0.4936324730661607,0.4268593109673413,-0.0700848069783159,0.5439444916007176,death,,,,
2016,S Kaushik,Royal Challengers Bengaluru,0,6,30.0,0,0.0,5,83.33,0.02497897366775858,0.9999999998419707,0.1063156948786746,0.8909616042795531,-0.597925312255414,0.016103986323619424,death,,,,
2020,MP Stoinis,Delhi Capitals,7,52,10.96,13,25.0,14,26.92,0.4332462756857748,0.36136011532314144,0.39024018054160986,0.35984152075584797,0.5144449653351342,1.1284742639141676,death,MP Stoinis,2020.0,66689872.5744,0.7713989328157935
2021,Arshdeep Singh,Punjab Kings,8,74,9.49,22,29.73,12,16.22,0.3808843985970811,0.37921038070581814,0.3530851957371546,0.2896323198009723,0.4386783083941491,1.0527076069731827,death,Arshdeep Singh,2021.0,2652233.1686,16.539960120689862
2014,BW Hilfenhaus,Punjab Kings,0,6,17.0,1,16.67,4,66.67,0.037245351605682764,0.6079724465389097,0.26872279350371436,0.7764088299845133,-0.3396267621512794,0.27440253642775403,death,BW Hilfenhaus,2014.0,19370183.836999997,-1.753348161324833
2013,Sandeep Sharma,Royal Challengers Bengaluru,0,6,20.0,0,0.0,3,50.0,0.03839363807293146,0.7196562296499799,0.1191740319850431,0.6168172868870678,-0.3795650112212022,0.23446428735783126,death,,,,
2014,KW Richardson,Royal Challengers Bengaluru,1,6,21.0,1,16.67,4,66.67,0.09750385609558826,0.7487844039078777,0.26872279350371436,0.7764088299845133,-0.3055637883640083,0.3084655102150251,death,KW Richardson,2014.0,19370183.836999997,-1.577495551592727
2017,PJ Cummins,Gujarat Titans,0,12,11.5,1,8.33,3,25.0,0.03863771635483625,0.4268759140587741,0.20215050801828102,0.374191000382692,-0.16440593880057858,0.44962335977845486,death,PJ Cummins,2017.0,70191009.43200001,-0.2342264915848697
2025,L Ngidi,Royal Challengers Bengaluru,2,12,10.5,4,33.33,2,16.67,0.10229344817311102,0.3265948701471338,0.4537454100211392,0.2258468502434232,0.09117179213412782,0.7052010907131613,death,L Ngidi,2025.0,10495000.000000002,0.8687164567329948
2025,Mustafizur Rahman,Delhi Capitals,1,12,8.0,5,41.67,2,16.67,0.05275728172987726,0.23053755539797677,0.5423858888984535,0.2258468502434232,0.08188261203213426,0.6959119106111677,death,,,,
2022,Kuldeep Yadav,Delhi Capitals,1,6,5.0,4,66.67,1,16.67,0.06753133168965963,0.15021483368181154,0.743420545747663,0.23592733270911392,0.19345902797332956,0.807488326552363,death,Kuldeep Yadav,2022.0,2487556.9016,7.777069455130713
2022,Kuldeep Yadav,Delhi Capitals,1,6,5.0,4,66.67,1,16.67,0.06753133168965963,0.15021483368181154,0.743420545747663,0.23592733270911392,0.19345902797332956,0.807488326552363,death,Kuldeep Yadav,2022.0,24875569.016000003,0.7777069455130712
2018,SN Thakur,Royal Challengers Bengaluru,1,12,14.5,4,33.33,4,33.33,0.08307610755042134,0.515207624724526,0.44654616106312955,0.4500478729003011,-0.08251940211532985,0.5315098964637036,death,SN Thakur,2018.0,38801000.238,-0.21267338885381093
2013,S Kaul,Lucknow Super Giants,1,6,8.0,1,16.67,1,16.67,0.09432140278411502,0.31019316538717034,0.2686891404802564,0.2893081448316538,0.011219136715885161,0.6252484352949186,death,,,,
2020,M Prasidh Krishna,Royal Challengers Bengaluru,0,6,12.0,0,0.0,1,16.67,0.026992648079847133,0.3991097276606026,0.07993918256876803,0.25267578757834286,-0.1709759004473428,0.44305339813169065,death,,,,
2017,BA Stokes,Lucknow Super Giants,2,36,9.83,8,22.22,6,16.67,0.16743821466244915,0.36708207825989614,0.3414308313420881,0.29290928476692946,0.11888095466226288,0.7329102532412963,death,BA Stokes,2017.0,226171030.39200002,0.05256241458343193
2023,Arshdeep Singh,Punjab Kings,6,83,9.69,24,28.92,18,21.69,0.3130966667828435,0.318043040313523,0.40816768117096175,0.30591369210460045,0.3731039807687644,0.9871332793477978,death,Arshdeep Singh,2023.0,2366172.2646,15.768250957494736
2023,Arshdeep Singh,Punjab Kings,6,83,9.69,24,28.92,18,21.69,0.3130966667828435,0.318043040313523,0.40816768117096175,0.30591369210460045,0.3731039807687644,0.9871332793477978,death,Arshdeep Singh,2023.0,7098516.793799999,5.256083652498247
2016,RP Singh,Royal Challengers Bengaluru,0,6,18.0,1,16.67,2,33.33,0.02497897366775858,0.6083122569512198,0.28282611324704976,0.42822898472922555,-0.2494773037235028,0.36455199485553064,death,,,,
2015,Yuvraj Singh,Delhi Capitals,0,6,13.0,2,33.33,2,33.33,0.04496203496913795,0.45575994288785104,0.4496287309771225,0.4291442324851433,-0.10871557515383974,0.5053137234251937,death,Yuvraj Singh,2015.0,279285339.63199997,-0.038926345112524956
2022,Basil Thampi,Mumbai Indians,2,18,13.67,4,22.22,5,27.78,0.12069392709640071,0.4428066743160118,0.3255124163754048,0.33779757550149186,0.00023267318037023532,0.6142619717594037,death,Basil Thampi,2022.0,3731335.3524,0.006235654488160105
2022,Mohsin Khan,Royal Challengers Bengaluru,0,6,8.0,4,66.67,1,16.67,0.014368736282918574,0.25145768511233063,0.743420545747663,0.23592733270911392,0.07321799429101034,0.6872472928700437,death,,,,
2021,Ravi Bishnoi,Punjab Kings,1,6,6.0,3,50.0,1,16.67,0.06157661061861973,0.23713494528877319,0.5728757995617999,0.2952323374729564,0.08080397643907337,0.6948332750181068,death,,,,
2018,Shakib Al Hasan,Delhi Capitals,0,6,4.0,3,50.0,0,0.0,0.020126526528841268,0.1420319095596004,0.6035802575500607,0.11634617239753385,0.1195472515151798,0.7335765500942132,death,Shakib Al Hasan,2018.0,29846923.259999998,0.40053458935713365
2018,Shakib Al Hasan,Delhi Capitals,0,6,4.0,3,50.0,0,0.0,0.020126526528841268,0.1420319095596004,0.6035802575500607,0.11634617239753385,0.1195472515151798,0.7335765500942132,death,Shakib Al Hasan,2018.0,2984692.326,4.005345893571336
2016,CH Morris,Delhi Capitals,6,66,7.55,20,30.3,8,12.12,0.5714086130895606,0.26721751418385764,0.42714746911753276,0.23193780751597662,0.8087888124412647,1.4228181110202982,death,CH Morris,2016.0,114547047.99299999,0.7060756489252259
2016,P Kumar,Delhi Capitals,0,6,4.0,2,33.33,0,0.0,0.02497897366775858,0.15134322357867722,0.4592306465414186,0.11977142053697726,0.07876893887149936,0.6927982374505328,death,P Kumar,2016.0,57273523.99649999,0.13753115466810276
2021,SN Thakur,Royal Challengers Bengaluru,2,6,9.0,3,50.0,1,16.67,0.10719200890125709,0.3592628267360897,0.5728757995617999,0.2952323374729564,0.10037592128410282,0.7144052198631362,death,,,,
2025,Ashwani Kumar,Mumbai Indians,2,21,12.0,9,42.86,6,28.57,0.10229344817311102,0.38422925899662796,0.555033631088382,0.3516530346006966,0.060762647607320946,0.6747919461863544,death,Ashwani Kumar,2025.0,3148500.0000000005,1.929891936074986
2022,JO Holder,Royal Challengers Bengaluru,1,6,4.0,2,33.33,0,0.0,0.06753133168965963,0.11646721653830519,0.4299659443242415,0.08307612232667097,0.15877705751843854,0.772806356097472,death,JO Holder,2022.0,108830614.44500001,0.14589374352809528
2019,AR Patel,Delhi Capitals,0,12,6.5,7,58.33,2,16.67,0.01969513567294069,0.22191311051489948,0.6970426520053945,0.2588425038787815,0.07223750374143513,0.6862668023204685,death,AR Patel,2019.0,72212627.65,0.10003444839530794
2013,KV Sharma,Sunrisers Hyderabad,1,11,14.18,2,18.18,4,36.36,0.09432140278411502,0.5210666434825172,0.2822325006378912,0.48278714294359815,-0.12711094590854646,0.486918352670487,death,,,,
2015,SR Watson,Rajasthan Royals,2,30,12.6,10,33.33,8,26.67,0.14549234706320432,0.4417732991761114,0.4496287309771225,0.363126484445828,0.06747987488375026,0.6815091734627837,death,,,,
2021,Mohammed Shami,Royal Challengers Bengaluru,3,12,12.5,3,25.0,4,33.33,0.15280740718389443,0.5017453550912924,0.3017971071288382,0.5025574361735218,-0.03171512997408037,0.5823141686049531,death,,,,
2023,OC McCoy,Rajasthan Royals,0,6,13.0,2,33.33,2,33.33,0.03293407072432839,0.456566070769841,0.4579177260443439,0.4443181349011363,-0.12914544487848154,0.48488385370055187,death,,,,
2014,B Kumar,Sunrisers Hyderabad,5,65,9.88,14,21.54,13,20.0,0.33853787405521024,0.35732716242214674,0.32214793594085744,0.3082811817976378,0.36903597235692254,0.983065270935956,death,B Kumar,2014.0,82323281.30725,0.4482765585832188
2022,Shivam Mavi,Kolkata Knight Riders,4,54,11.89,17,31.48,12,22.22,0.22701911790988286,0.3827359158005705,0.4125726925955873,0.28681660791142694,0.22516113594984422,0.8391904345288776,death,Shivam Mavi,2022.0,90173937.683,0.2496964663352975
2018,JJ Bumrah,Royal Challengers Bengaluru,1,12,6.0,5,41.67,1,8.33,0.08307610755042134,0.21311299816244336,0.5251103101153796,0.19974656739267493,0.13697808487746604,0.7510073834564994,death,,,,
2018,B Stanlake,Sunrisers Hyderabad,0,6,11.0,1,16.67,1,16.67,0.020126526528841268,0.39081571966955075,0.28960626619376717,0.28324708291001904,-0.12422874308943399,0.48980055548959944,death,,,,
2024,R Sai Kishore,Gujarat Titans,1,12,18.0,2,16.67,6,50.0,0.04397616598381318,0.6259741793897582,0.2305046601141018,0.5935257334405569,-0.29333174477812,0.3206975538009134,death,,,,
2024,Simarjeet Singh,Chennai Super Kings,0,18,11.67,5,27.78,5,27.78,0.0,0.352444116792657,0.38412834180982286,0.3297628974995735,-0.124668013423988,0.4893612851550454,death,Simarjeet Singh,2024.0,2217593.5,-5.621770330044168
2024,Simarjeet Singh,Chennai Super Kings,0,18,11.67,5,27.78,5,27.78,0.0,0.352444116792657,0.38412834180982286,0.3297628974995735,-0.124668013423988,0.4893612851550454,death,Simarjeet Singh,2024.0,2217593.5,-5.621770330044168
2015,NM Coulter-Nile,Delhi Capitals,5,48,10.88,14,29.17,12,25.0,0.2962878152043039,0.38163073121563085,0.40814847514982455,0.34657248456209583,0.31025222749652215,0.9242815260755556,death,,,,
2024,SH Johnson,Gujarat Titans,2,24,7.75,9,37.5,4,16.67,0.08795233196762636,0.18305425180361493,0.5185317789009488,0.19788147952908175,0.15490188704155367,0.7689311856205872,death,SH Johnson,2024.0,110879675.0,0.13970268855996706
2023,Yash Thakur,Royal Challengers Bengaluru,0,6,5.0,2,33.33,0,0.0,0.03293407072432839,0.12176720561861933,0.4579177260443439,0.048010568027550334,0.12366637124408293,0.7376956698231164,death,Yash Thakur,2023.0,5323887.59535,2.3228584193268063
2017,PJ Sangwan,Punjab Kings,0,6,16.0,1,16.67,2,33.33,0.03863771635483625,0.5879970284868882,0.2857788662990982,0.4554727159984545,-0.22815039177230778,0.38587890680672565,death,,,,
2017,SP Narine,Lucknow Super Giants,0,6,7.0,2,33.33,1,16.67,0.03863771635483625,0.26575479963065995,0.4528350352389561,0.29290928476692946,-0.00036762017840162586,0.6136616784006318,death,,,,
2014,WD Parnell,Delhi Capitals,3,37,7.46,19,51.35,7,18.92,0.21802086507539922,0.27213592821392113,0.6491712410848485,0.29744814429942,0.3236938553631589,0.9377231539421924,death,WD Parnell,2014.0,19370183.836999997,1.6710933571257824
2013,M Morkel,Delhi Capitals,1,42,12.29,10,23.81,13,30.95,0.09432140278411502,0.4565762108611247,0.33272860506668844,0.42962709318302833,-0.07021792660317935,0.543811371975854,death,,,,
2018,Mohammed Siraj,Royal Challengers Bengaluru,7,72,10.58,16,22.22,14,19.44,0.4607735936799017,0.3758886910629538,0.3418881639443651,0.31098046756026404,0.5500772230099013,1.1641065215889346,death,,,,
2025,MP Stoinis,Punjab Kings,0,9,18.67,0,0.0,4,44.44,0.003221115286643484,0.6405101747473789,0.09950234515532576,0.5194298535712787,-0.37735064949377223,0.2366786490852612,death,MP Stoinis,2025.0,115445000.00000001,-0.32686616959917897
2024,UT Yadav,Gujarat Titans,2,12,15.5,2,16.67,4,33.33,0.08795233196762636,0.5179449287589915,0.2305046601141018,0.3956442539114753,-0.1247913516913691,0.4892379468876643,death,UT Yadav,2024.0,64310211.5,-0.1940459357552713
2018,Avesh Khan,Delhi Capitals,1,12,6.5,5,41.67,1,8.33,0.08307610755042134,0.23088327031315412,0.5251103101153796,0.19974656739267493,0.12986997601718175,0.7438992745962152,death,,,,
2020,SS Cottrell,Punjab Kings,2,18,16.0,5,27.78,8,44.44,0.1430651131101122,0.5443005443431459,0.4247456515161898,0.543016510538276,-0.038603805778715944,0.5754254928003175,death,SS Cottrell,2020.0,118096649.3505,-0.03268831587604437
2018,SN Thakur,Chennai Super Kings,4,54,13.67,16,29.63,17,31.48,0.27192485061516153,0.4857089729543462,0.411691562562731,0.43152557629273686,0.20765348262200206,0.8216827812010354,death,SN Thakur,2018.0,38801000.238,0.5351755917329042
2025,I Sharma,Gujarat Titans,2,26,10.62,5,19.23,6,23.08,0.10229344817311102,0.33120562125509334,0.30388560760265826,0.2936130386241057,0.024039694451194943,0.6380689930302283,death,I Sharma,2025.0,7871250.000000001,0.30541139528276884
2021,Avesh Khan,Delhi Capitals,10,126,9.57,35,27.78,24,19.05,0.47211519516235584,0.3824671242110799,0.3319410577273836,0.32485020871589426,0.5573131977625485,1.171342496341582,death,,,,
2015,IC Pandey,Chennai Super Kings,0,6,17.0,1,16.67,3,50.0,0.04496203496913795,0.5956263800052478,0.28350828336106865,0.594386854079045,-0.2640710707637851,0.3499582278152483,death,,,,
2021,AR Patel,Delhi Capitals,3,18,7.33,7,38.89,3,16.67,0.15280740718389443,0.2912783060637502,0.45240842864459174,0.2952323374729564,0.15985261570183218,0.7738819142808656,death,,,,
2018,BCJ Cutting,Delhi Capitals,0,6,15.0,0,0.0,2,33.33,0.020126526528841268,0.5329778968752368,0.13257216970683605,0.4500478729003011,-0.2782440799148723,0.3357852186641611,death,BCJ Cutting,2018.0,32831615.586,-0.8474882364105185
2018,JJ Bumrah,Mumbai Indians,11,90,8.93,34,37.78,18,20.0,0.7125719177662222,0.3172467929656083,0.48846588088117665,0.31658721680363483,0.9935227586863525,1.6075520572653859,death,,,,
2020,S Dube,Punjab Kings,0,6,23.0,0,0.0,4,66.67,0.026992648079847133,0.7983844735375963,0.07993918256876803,0.7754354616149531,-0.4875137010091234,0.12651559756991004,death,,,,
2021,KH Pandya,Mumbai Indians,0,7,7.71,3,42.86,1,14.29,0.015961212335982394,0.30674783771374364,0.4954557250029461,0.26561446623001844,-0.02980493894964556,0.5842243596293879,death,,,,
2016,UT Yadav,Kolkata Knight Riders,1,6,10.0,2,33.33,1,16.67,0.11605058023805889,0.34718709502405265,0.4592306465414186,0.27404647589505643,0.09075628354137591,0.7047855821204093,death,,,,
2018,TA Boult,Punjab Kings,2,6,4.0,4,66.67,0,0.0,0.1460256885720014,0.1420319095596004,0.760614354036992,0.11634617239753385,0.3555062235259994,0.9695355221050328,death,,,,
2023,I Sharma,Delhi Capitals,2,12,11.5,6,50.0,2,16.67,0.12632160274383342,0.39379128355398696,0.6459751519035911,0.24622380354458243,0.15189129520185796,0.7659205937808914,death,I Sharma,2023.0,5915430.661499999,2.5677132214637823
2016,UT Yadav,Punjab Kings,1,12,5.5,3,25.0,0,0.0,0.11605058023805889,0.20030419144002107,0.37102837989423415,0.11977142053697726,0.16933128158825694,0.7833605801672904,death,,,,
2020,CV Varun,Kolkata Knight Riders,1,36,9.33,9,25.0,7,19.44,0.08502888059497966,0.3021948575250051,0.39024018054160986,0.28163667351997107,0.039246429988959095,0.6532757285679925,death,CV Varun,2020.0,55574893.812,0.07061899231282888
2017,MP Stoinis,Punjab Kings,0,9,15.33,2,22.22,3,33.33,0.03863771635483625,0.5640078847831468,0.3414308313420881,0.4554727159984545,-0.20185914477791428,0.41217015380111915,death,,,,
2021,A Mishra,Delhi Capitals,1,12,8.0,2,16.67,1,8.33,0.06157661061861973,0.3185535329203176,0.21147368681017542,0.19144534328551846,-0.029047994182800345,0.5849813043962331,death,,,,
2022,C Sakariya,Delhi Capitals,1,12,9.0,2,16.67,1,8.33,0.06753133168965963,0.285205302255837,0.2733326611894424,0.15945588132401645,0.02137791059178242,0.6354072091708158,death,C Sakariya,2022.0,52238694.9336,0.040923515832383704
2013,CH Morris,Punjab Kings,2,12,6.0,4,33.33,1,8.33,0.1502491674952986,0.24194932134336877,0.4181145578485978,0.2073571623911451,0.1918212413428362,0.8058505399218696,death,CH Morris,2013.0,76957740.38675001,0.24925529307232946
2022,Ravi Bishnoi,Royal Challengers Bengaluru,0,6,14.0,1,16.67,2,33.33,0.014368736282918574,0.4539433879733689,0.2733326611894424,0.38868685070380493,-0.1946305076192785,0.41939879095975496,death,,,,
2023,JD Unadkat,Lucknow Super Giants,0,12,10.5,6,50.0,2,16.67,0.03293407072432839,0.3519414254100842,0.6459751519035911,0.24622380354458243,0.028549940430161513,0.6425792390091949,death,JD Unadkat,2023.0,5915430.661499999,0.48263502801200936
2014,MM Sharma,Chennai Super Kings,13,89,8.83,22,24.72,16,17.98,0.8206059099744542,0.32036402361279265,0.3570333472242486,0.28801938943986005,1.123467442851881,1.7374967414309144,death,MM Sharma,2014.0,38740367.673999995,2.8999916890460464
2025,Fazalhaq Farooqi,Rajasthan Royals,0,18,17.67,0,0.0,9,50.0,0.003221115286643484,0.602087248847716,0.09950234515532576,0.5782098859264418,-0.37961548884045604,0.2344138097385774,death,Fazalhaq Farooqi,2025.0,20990000.000000004,-1.8085540202022676
2024,T Natarajan,Sunrisers Hyderabad,11,98,10.1,35,35.71,24,24.49,0.48373782582194497,0.28460174739653554,0.49378052865474353,0.2907089042391848,0.6726875270989708,1.2867168256780044,death,,,,
2024,VG Arora,Kolkata Knight Riders,2,24,8.25,10,41.67,3,12.5,0.08795233196762636,0.20466010192976825,0.5761925127147343,0.14838143336013926,0.17840778098591076,0.7924370795649442,death,,,,
2015,MA Starc,Royal Challengers Bengaluru,8,66,6.73,24,36.36,7,10.61,0.4470832833454035,0.2365193027063317,0.479841513466717,0.20393053346813986,0.6587904979351457,1.2728197965141792,death,,,,
2025,Naman Dhir,Mumbai Indians,0,6,2.0,5,83.33,0,0.0,0.003221115286643484,0.0,0.9851631490937667,0.04961247266058726,0.285496875859919,0.8995261744389524,death,Naman Dhir,2025.0,55098750.00000001,0.5181549052563242
2016,Imran Tahir,Delhi Capitals,3,18,13.0,4,22.22,5,27.78,0.29819379337865953,0.4451090307467403,0.34159232932050393,0.37686566395913923,0.25866507737770256,0.872694375956736,death,,,,
2021,TG Southee,Kolkata Knight Riders,2,30,7.6,5,16.67,4,13.33,0.10719200890125709,0.30226981539400866,0.21147368681017542,0.2536677618631191,0.027221864678399058,0.6412511632574325,death,,,,
2017,P Negi,Delhi Capitals,3,12,5.0,7,58.33,1,8.33,0.23183846381625556,0.194145415440387,0.7035195624596312,0.2115299920615922,0.4176964006676402,1.0317256992466737,death,P Negi,2017.0,15598002.096,2.6778839885830985
2022,Mohammed Shami,Royal Challengers Bengaluru,1,6,15.0,1,16.67,2,33.33,0.06753133168965963,0.4876910051168752,0.2733326611894424,0.38868685070380493,-0.1283856613665694,0.48564363721246406,death,Mohammed Shami,2022.0,77736153.175,-0.16515566582970342
2015,DJ Muthuswami,Delhi Capitals,1,6,1.0,5,83.33,0,0.0,0.09522719101617114,0.0361606315356609,0.9481894981321465,0.09875811504514659,0.38320594883609227,0.9972352474151257,death,DJ Muthuswami,2015.0,13091500.29525,2.9271354710592736
2014,KW Richardson,Delhi Capitals,1,12,14.5,3,25.0,5,41.67,0.09750385609558826,0.5199649731833048,0.3601050186580063,0.5256440730813231,-0.11139192145693456,0.5026373771220989,death,KW Richardson,2014.0,19370183.836999997,-0.5750689946688016
2017,Basil Thampi,Delhi Capitals,0,6,16.0,1,16.67,2,33.33,0.03863771635483625,0.5879970284868882,0.2857788662990982,0.4554727159984545,-0.22815039177230778,0.38587890680672565,death,Basil Thampi,2017.0,13258301.7816,-1.7208115754985838
2019,CH Morris,Delhi Capitals,6,60,9.8,17,28.33,13,21.67,0.33949441917712603,0.336395628960911,0.3900339918971366,0.30951843552416314,0.39883804409321666,1.01286734267225,death,,,,
2017,B Kumar,Delhi Capitals,0,6,12.0,2,33.33,2,33.33,0.03863771635483625,0.44477826010634236,0.4528350352389561,0.4554727159984545,-0.12074603373813213,0.4932832648409013,death,,,,
2013,Harbhajan Singh,Punjab Kings,1,6,13.0,1,16.67,2,33.33,0.09432140278411502,0.4808027754966743,0.2686891404802564,0.4530135845749241,-0.10613633925089751,0.5078929593281359,death,,,,
2019,Rasikh Salam,Mumbai Indians,0,6,21.0,0,0.0,3,50.0,0.01969513567294069,0.7249423582322227,0.10011548053490506,0.5966482642268958,-0.40939407489107527,0.20463522368795817,death,Rasikh Salam,2019.0,2888505.106,-14.173216243955473
2018,L Ngidi,Chennai Super Kings,2,36,8.67,9,25.0,5,13.89,0.1460256885720014,0.30800625144723875,0.3680762136284484,0.255413577737571,0.1296348230463698,0.7436641216254032,death,L Ngidi,2018.0,7461730.8149999995,1.7373291299355165
2013,R Shukla,Delhi Capitals,0,6,8.0,1,16.67,0,0.0,0.03839363807293146,0.31019316538717034,0.2686891404802564,0.12550444251950996,-0.023531399657247015,0.5904978989217864,death,,,,
2013,P Kumar,Delhi Capitals,1,12,6.0,3,25.0,1,8.33,0.09432140278411502,0.24194932134336877,0.3434018491644271,0.2073571623911451,0.08551578167080962,0.6995450802498431,death,,,,
2019,B Kumar,Sunrisers Hyderabad,7,108,10.5,33,30.56,25,23.15,0.39279429976115693,0.360679799540368,0.4128549689651838,0.3245185112911961,0.4714204671277846,1.085449765706818,death,,,,
2013,DJ Hussey,Punjab Kings,0,6,27.0,1,16.67,5,83.33,0.03839363807293146,0.9585096838032853,0.2686891404802564,0.944326428942482,-0.5285046029505845,0.08552469562844889,death,,,,
2016,SM Boland,Delhi Capitals,1,12,6.5,4,33.33,1,8.33,0.11605058023805889,0.23294483668091695,0.4592306465414186,0.19686267495406182,0.15960832716092854,0.773637625739962,death,SM Boland,2016.0,8181931.9995,1.9507413062181675
2025,Rashid Khan,Gujarat Titans,0,36,14.83,5,13.89,12,33.33,0.003221115286643484,0.49296613929267363,0.24713019306970166,0.4019755083436059,-0.23880837736927552,0.3752209212097579,death,,,,
2024,TU Deshpande,Chennai Super Kings,8,78,11.15,24,30.77,18,23.08,0.35180932787050545,0.32997403266145753,0.42547260898085854,0.2739714785561611,0.44117471786858437,1.0552040164476177,death,,,,
2015,CH Morris,Punjab Kings,0,12,5.0,6,50.0,1,8.33,0.04496203496913795,0.17602706865305762,0.6158488907466075,0.18132986296819412,0.1273879333260079,0.7414172319050414,death,CH Morris,2015.0,24437467.2178,0.5212812448632967
2015,J Botha,Kolkata Knight Riders,1,6,21.0,2,33.33,3,50.0,0.09522719101617114,0.7354928171226445,0.4496287309771225,0.594386854079045,-0.19478377725537785,0.41924552132365556,death,,,,
2023,SP Narine,Kolkata Knight Riders,3,24,10.0,6,25.0,5,20.83,0.17301536875358597,0.3310164963381329,0.3639454190612888,0.29568793430348184,0.14759370002246786,0.7616229986015013,death,,,,
2021,CV Varun,Kolkata Knight Riders,2,42,8.57,11,26.19,5,11.9,0.10719200890125709,0.3417578303953077,0.31470045288864723,0.23587215014992532,0.04773337201537911,0.6617626705944125,death,,,,
2023,RD Chahar,Punjab Kings,1,10,12.6,2,20.0,3,30.0,0.07962783673408091,0.43982612751227984,0.30753947249282826,0.4047230494619212,-0.08564376899451846,0.528385529584515,death,,,,
2017,JD Unadkat,Lucknow Super Giants,14,89,8.43,37,41.57,16,17.98,0.9402412045081264,0.31695550932670513,0.5354606554108907,0.30569188350122106,1.3525102346044087,1.966539533183442,death,JD Unadkat,2017.0,4679400.6288,28.903493030286885
2020,T Natarajan,Punjab Kings,0,6,9.0,3,50.0,1,16.67,0.026992648079847133,0.29021661514869523,0.7005411785144516,0.25267578757834286,0.058761943341125236,0.6727912419201587,death,,,,
2021,TA Boult,Royal Challengers Bengaluru,1,6,3.0,3,50.0,0,0.0,0.06157661061861973,0.11500706384145669,0.5728757995617999,0.08778279393523576,0.19188999207931615,0.8059192906583496,death,,,,
2020,S Gopal,Rajasthan Royals,0,6,7.0,0,0.0,0,0.0,0.026992648079847133,0.21762120680742364,0.07993918256876803,0.07838771225453701,-0.046094069508929456,0.567935229070104,death,,,,
2017,S Kaul,Delhi Capitals,0,6,11.0,0,0.0,1,16.67,0.03863771635483625,0.4089735680112058,0.11862242354835205,0.29290928476692946,-0.15791891103780115,0.4561103875412323,death,,,,
2013,B Kumar,Punjab Kings,0,6,8.0,2,33.33,1,16.67,0.03839363807293146,0.31019316538717034,0.4181145578485978,0.2893081448316538,-0.027844885140387743,0.5861844134386457,death,,,,
2022,Mohammed Siraj,Royal Challengers Bengaluru,1,48,14.88,11,22.92,16,33.33,0.06753133168965963,0.4836412910596545,0.33209364675921993,0.38868685070380493,-0.10913748007274786,0.5048918185062856,death,,,,
2020,I Udana,Royal Challengers Bengaluru,2,54,9.78,11,20.37,8,14.81,0.1430651131101122,0.3185288244017912,0.3327724357170395,0.23322912770418094,0.11704913230830938,0.7310784308873428,death,I Udana,2020.0,6946861.7265,1.6849210034195052
2016,MJ McClenaghan,Mumbai Indians,4,51,9.76,19,37.25,13,25.49,0.38926539994895987,0.3393533401662376,0.5007375955518584,0.35567250998373423,0.491676289527382,1.1057055881064155,death,,,,
2017,TS Mills,Royal Challengers Bengaluru,2,35,9.09,13,37.14,7,20.0,0.16743821466244915,0.34058660610949515,0.49103935718738706,0.3254024555953195,0.16461375002749595,0.7786430486065294,death,TS Mills,2017.0,187176025.152,0.08794595883410715
2019,Imran Tahir,Royal Challengers Bengaluru,1,6,8.0,2,33.33,1,16.67,0.07299501625697159,0.2739506188994502,0.4412021019151796,0.2588425038787815,0.05462015623659673,0.6686494548156302,death,,,,
2023,C Green,Mumbai Indians,1,24,16.0,6,25.0,9,37.5,0.07962783673408091,0.5821156452015491,0.3639454190612888,0.49390116982051385,-0.1523912282072658,0.46163807037176763,death,,,,
2016,MJ McClenaghan,Royal Challengers Bengaluru,0,6,13.0,0,0.0,1,16.67,0.02497897366775858,0.4451090307467403,0.1063156948786746,0.27404647589505643,-0.19089438610197282,0.4231349124770606,death,,,,
2024,Naveen-ul-Haq,Lucknow Super Giants,5,75,10.64,22,29.33,17,22.67,0.2198808299190659,0.30793606553278113,0.4055609886710621,0.26910456754194856,0.24758374500422045,0.8616130435832539,death,,,,
2017,GJ Maxwell,Punjab Kings,1,6,5.0,2,33.33,0,0.0,0.10303796550864269,0.194145415440387,0.4528350352389561,0.13024827644582967,0.17367480972474716,0.7877041083037806,death,,,,
2020,JL Pattinson,Royal Challengers Bengaluru,0,6,20.0,1,16.67,3,50.0,0.026992648079847133,0.689491361025689,0.28684788801705896,0.6011473862911472,-0.3295974217727314,0.28443187680630205,death,,,,
2013,SP Narine,Lucknow Super Giants,2,12,2.5,7,58.33,0,0.0,0.1502491674952986,0.12252259426671604,0.6423423750279817,0.12550444251950996,0.33141609328880306,0.9454453918678365,death,,,,
2020,K Rabada,Delhi Capitals,16,106,9.17,40,37.74,21,19.81,0.9555723683219677,0.29638722485770336,0.54836956910857,0.28550509510784194,1.3936630047400889,2.0076923033191223,death,,,,
2025,M Pathirana,Chennai Super Kings,9,109,10.62,33,30.28,21,19.27,0.4490466132757474,0.33120562125509334,0.42132892793770893,0.2533339157332476,0.5914861750729221,1.2055154736519555,death,,,,
2018,KV Sharma,Chennai Super Kings,2,9,8.67,2,22.22,2,22.22,0.1460256885720014,0.30800625144723875,0.3418881639443651,0.338813972732712,0.09675828964260252,0.7107875882216359,death,KV Sharma,2018.0,74617308.14999999,0.12967271540819117
2018,KV Sharma,Chennai Super Kings,2,9,8.67,2,22.22,2,22.22,0.1460256885720014,0.30800625144723875,0.3418881639443651,0.338813972732712,0.09675828964260252,0.7107875882216359,death,KV Sharma,2018.0,2984692.326,3.241817885204779
2015,A Mishra,Punjab Kings,0,6,19.0,0,0.0,3,50.0,0.04496203496913795,0.6655595985639462,0.11728812359158365,0.594386854079045,-0.34191040611810997,0.27211889246092347,death,A Mishra,2015.0,61093668.0445,-0.5596494973408143
2024,SP Narine,Kolkata Knight Riders,2,12,10.5,5,41.67,3,25.0,0.08795233196762636,0.3018864274974582,0.5761925127147343,0.29676286672027846,0.095002820750793,0.7090321193298265,death,,,,
2025,B Kumar,Royal Challengers Bengaluru,7,90,10.53,22,24.44,22,24.44,0.3499742803892799,0.32774755792412363,0.3592593360140261,0.307990888264937,0.4092429317389972,1.0232722303180306,death,B Kumar,2025.0,112821250.00000001,0.3627356829843643
2019,RD Chahar,Mumbai Indians,0,6,3.0,3,50.0,0,0.0,0.01969513567294069,0.10049225761761457,0.6117965807153348,0.08988894777307886,0.145918090345042,0.7599473889240754,death,,,,
2021,CJ Jordan,Punjab Kings,1,24,9.5,5,20.83,5,20.83,0.06157661061861973,0.37961747364397586,0.2565811812310202,0.3470013897295201,-0.08660813607921074,0.5274211624998227,death,,,,
2016,RA Jadeja,Lucknow Super Giants,0,6,16.0,2,33.33,2,33.33,0.02497897366775858,0.5430309664694281,0.4592306465414186,0.42822898472922555,-0.17044342754247546,0.443585871036558,death,,,,
2013,RP Singh,Royal Challengers Bengaluru,10,77,8.88,24,31.17,13,16.88,0.5976712851847672,0.3402204567664431,0.3987412744442991,0.29137165877799753,0.7926296297704639,1.4066589283494975,death,,,,
2015,RS Bopara,Sunrisers Hyderabad,0,18,9.0,6,33.33,4,22.22,0.04496203496913795,0.31589350577045433,0.4496287309771225,0.31901552667181104,-0.019730388562881368,0.5942989100161521,death,RS Bopara,2015.0,17455333.726999998,-0.11303357971530675
2013,DJG Sammy,Punjab Kings,1,12,7.5,3,25.0,1,8.33,0.09432140278411502,0.29313220437621995,0.3434018491644271,0.2073571623911451,0.06504262845766914,0.6790719270367026,death,DJG Sammy,2013.0,52331263.46299,0.12429019319143507
2014,SR Watson,Royal Challengers Bengaluru,0,6,15.0,2,33.33,2,33.33,0.037245351605682764,0.5375664678544257,0.4514872438122983,0.4419889501784188,-0.15630907164308233,0.4577202269359511,death,,,,
2022,M Theekshana,Chennai Super Kings,1,12,8.0,5,41.67,2,16.67,0.06753133168965963,0.25145768511233063,0.5083766034685527,0.23592733270911392,0.08244870471738883,0.6964780032964223,death,M Theekshana,2022.0,8706449.1556,0.9469842784800242
2017,KH Pandya,Royal Challengers Bengaluru,1,6,5.0,2,33.33,0,0.0,0.10303796550864269,0.194145415440387,0.4528350352389561,0.13024827644582967,0.17367480972474716,0.7877041083037806,death,,,,
2024,I Sharma,Delhi Capitals,2,18,12.67,4,22.22,6,33.33,0.08795233196762636,0.39565581704496366,0.3072473633914422,0.3956442539114753,-0.05285289602255584,0.5611764025564776,death,,,,
2018,DT Christian,Punjab Kings,1,6,12.0,1,16.67,2,33.33,0.08307610755042134,0.42635626397097226,0.28960626619376717,0.4500478729003011,-0.09406082627471707,0.5199684723043163,death,DT Christian,2018.0,22385192.444999997,-0.4201921717037849
2025,DL Chahar,Mumbai Indians,2,18,14.33,6,33.33,7,38.89,0.10229344817311102,0.4737546763428423,0.4537454100211392,0.46075554069876895,-0.038164737480759325,0.5758645610982741,death,DL Chahar,2025.0,97078750.00000001,-0.03931317356348255
2020,JR Hazlewood,Chennai Super Kings,0,12,12.5,3,25.0,5,41.67,0.026992648079847133,0.41725857974592057,0.39024018054160986,0.5140556245966479,-0.16355909299510893,0.4504702055839245,death,JR Hazlewood,2020.0,27787446.906,-0.5886078470915312
2018,M Markande,Mumbai Indians,0,6,2.0,4,66.67,0,0.0,0.020126526528841268,0.07095082095675742,0.760614354036992,0.11634617239753385,0.19508991590239638,0.8091192144814299,death,M Markande,2018.0,2984692.326,6.536349298148609
2025,Zeeshan Ansari,Sunrisers Hyderabad,0,7,17.14,1,14.29,3,42.86,0.003221115286643484,0.5817230981208947,0.25138153498228266,0.5027261753120777,-0.30326095841733125,0.3107683401617022,death,Zeeshan Ansari,2025.0,4198000.0,-7.223938980879733
2020,R Ashwin,Delhi Capitals,0,12,7.5,5,41.67,2,16.67,0.026992648079847133,0.23577005889274155,0.5971488859899008,0.25267578757834286,0.049522878086141434,0.6635521766651749,death,,,,
2013,S Nadeem,Delhi Capitals,0,6,12.0,2,33.33,2,33.33,0.03839363807293146,0.44668085347477354,0.4181145578485978,0.4530135845749241,-0.13155159229841012,0.4824777062806233,death,,,,
2018,Kuldeep Yadav,Kolkata Knight Riders,0,6,12.0,0,0.0,1,16.67,0.020126526528841268,0.42635626397097226,0.13257216970683605,0.28324708291001904,-0.1855551897560819,0.42847410882295156,death,Kuldeep Yadav,2018.0,86556077.454,-0.21437569170656415
2015,TA Boult,Punjab Kings,2,6,7.0,3,50.0,1,16.67,0.14549234706320432,0.24596028721175597,0.6158488907466075,0.2640007366390484,0.2254088519423718,0.8394381505214052,death,,,,
2016,JW Hastings,Kolkata Knight Riders,1,10,5.4,5,50.0,1,10.0,0.11605058023805889,0.1970401269159315,0.6357410649097938,0.21231794444704277,0.22228675572954104,0.8363160543085745,death,JW Hastings,2016.0,21273023.1987,1.0449232046300079
2025,MP Yadav,Lucknow Super Giants,0,6,15.0,1,16.67,2,33.33,0.003221115286643484,0.4994980366956164,0.2766770193621398,0.4019755083436059,-0.23255708844272116,0.3814722101363123,death,,,,
2024,CV Varun,Kolkata Knight Riders,0,24,11.5,8,33.33,6,25.0,0.0,0.3450981277497649,0.4608710450871633,0.29676286672027846,-0.08880679758984053,0.5252225009891929,death,,,,
2023,KH Pandya,Lucknow Super Giants,0,6,9.0,3,50.0,1,16.67,0.03293407072432839,0.28916663819423016,0.6459751519035911,0.24622380354458243,0.053659855316503136,0.6676891538955365,death,,,,
2017,Z Khan,Royal Challengers Bengaluru,1,6,8.0,3,50.0,1,16.67,0.10303796550864269,0.3015594917257964,0.6199914779897023,0.29290928476692946,0.13205780953947732,0.7460871081185108,death,,,,
2014,M de Lange,Mumbai Indians,1,6,7.0,2,33.33,0,0.0,0.09750385609558826,0.2559425531164898,0.4514872438122983,0.10766937627508567,0.14702412315795024,0.7610534217369836,death,M de Lange,2014.0,5811055.151099999,2.5300761967492154
2024,Sandeep Sharma,Rajasthan Royals,7,78,10.15,18,23.08,17,21.79,0.3078331618866923,0.2867623324091509,0.31913902552090395,0.25865851463339473,0.3651889631326309,0.9792182617116643,death,Sandeep Sharma,2024.0,2217593.5,16.467804542745586
2023,Vijaykumar Vyshak,Royal Challengers Bengaluru,1,18,13.33,1,5.56,5,27.78,0.07962783673408091,0.47037652395732893,0.14463909880311435,0.37832632583577774,-0.13881502259160924,0.47521427598742416,death,,,,
2015,PV Tambe,Rajasthan Royals,1,24,11.0,4,16.67,5,20.83,0.09522719101617114,0.3858267243291527,0.28350828336106865,0.3052370477266687,-0.01800853251708441,0.596020766061949,death,,,,
2020,Basil Thampi,Sunrisers Hyderabad,1,12,13.0,3,25.0,4,33.33,0.08502888059497966,0.4354074318312384,0.39024018054160986,0.4268593109673413,-0.05760539096774531,0.5564239076112881,death,,,,
2019,JD Unadkat,Punjab Kings,1,12,10.5,2,16.67,3,25.0,0.07299501625697159,0.360679799540368,0.27070995933506037,0.3432686059999873,-0.05654698943016789,0.5574823091488655,death,JD Unadkat,2019.0,121317214.452,-0.046610853773386876
2024,KT Maphaka,Mumbai Indians,0,6,18.0,1,16.67,3,50.0,0.0,0.6259741793897582,0.2305046601141018,0.5935257334405569,-0.3592959937538398,0.25473330482519363,death,,,,
2018,M Prasidh Krishna,Kolkata Knight Riders,9,72,9.25,28,38.89,15,20.83,0.586672755723062,0.3286197671420632,0.4989222604312962,0.32489722014648803,0.8007687388132102,1.4147980373922437,death,,,,
2021,VR Iyer,Kolkata Knight Riders,1,9,11.33,2,22.22,2,22.22,0.06157661061861973,0.45411548132683893,0.27165315653029287,0.3642992220940931,-0.11707509627194605,0.49695420230708737,death,VR Iyer,2021.0,2652233.1686,-4.414208285229498
2019,DS Kulkarni,Punjab Kings,1,6,18.0,1,16.67,3,50.0,0.07299501625697159,0.6208673414631214,0.27070995933506037,0.5966482642268958,-0.23663590366734177,0.37739339491169166,death,,,,
2016,M Morkel,Kolkata Knight Riders,2,18,11.33,3,16.67,4,22.22,0.2071221868083592,0.3905991531944442,0.28282611324704976,0.32540979666514275,0.14166851390933316,0.7556978124883666,death,,,,
2022,Mohammed Shami,Gujarat Titans,7,60,9.1,20,33.33,12,20.0,0.386506904130106,0.28858006397018765,0.4299659443242415,0.2664608978305017,0.5133798445552059,1.1274091431342392,death,Mohammed Shami,2022.0,77736153.175,0.660413235781661
2024,B Kumar,Sunrisers Hyderabad,1,66,13.64,5,7.58,19,28.79,0.04397616598381318,0.43757116628970116,0.10481255690851181,0.3417521173150727,-0.18014608566212897,0.43388321291690446,death,,,,
2020,NM Coulter-Nile,Mumbai Indians,1,48,10.0,15,31.25,9,18.75,0.08502888059497966,0.326514319319331,0.46781543003482035,0.27442259001826586,0.054955445169703424,0.6689847437487368,death,NM Coulter-Nile,2020.0,111149787.624,0.04944269021512478
2020,SN Thakur,Punjab Kings,2,18,8.33,6,33.33,3,16.67,0.1430651131101122,0.26589715335436925,0.4936324730661607,0.25267578757834286,0.1805258139697659,0.7945551125487993,death,,,,
2013,JJ Bumrah,Delhi Capitals,0,6,13.0,1,16.67,2,33.33,0.03839363807293146,0.4808027754966743,0.2686891404802564,0.4530135845749241,-0.19002798631767281,0.4240013122613606,death,,,,
2013,DJ Bravo,Lucknow Super Giants,1,12,5.0,4,33.33,0,0.0,0.09432140278411502,0.20782739932146801,0.4181145578485978,0.12550444251950996,0.14613417904631165,0.7601634776253451,death,,,,
2016,M Morkel,Royal Challengers Bengaluru,1,6,6.0,1,16.67,0,0.0,0.11605058023805889,0.21662451406046904,0.28282611324704976,0.11977142053697726,0.13634247254592247,0.7503717711249559,death,,,,
2017,CR Woakes,Gujarat Titans,0,6,16.0,1,16.67,3,50.0,0.03863771635483625,0.5879970284868882,0.2857788662990982,0.6181337243195543,-0.2769486942686377,0.3370806043103957,death,CR Woakes,2017.0,65511608.80320001,-0.42274750891953333
2019,BA Stokes,Punjab Kings,1,6,17.0,1,16.67,2,33.33,0.07299501625697159,0.5861756692067542,0.27070995933506037,0.42769470812119326,-0.17207316793308416,0.4419561306459493,death,,,,
2023,JO Holder,Royal Challengers Bengaluru,0,6,6.0,3,50.0,1,16.67,0.03293407072432839,0.16361706376252202,0.6459751519035911,0.24622380354458243,0.10387968508918638,0.7179089836682198,death,JO Holder,2023.0,68027452.60724999,0.15270259447891696
2024,Mohammed Siraj,Royal Challengers Bengaluru,5,84,9.0,37,44.05,17,20.24,0.2198808299190659,0.2370688771189982,0.6091019962823144,0.24025921689673743,0.3456465278466727,0.9596758264257061,death,,,,
2023,Arshdeep Singh,Royal Challengers Bengaluru,1,6,9.0,3,50.0,2,33.33,0.07962783673408091,0.28916663819423016,0.6459751519035911,0.4443181349011363,0.06427220492416574,0.6783015035031992,death,Arshdeep Singh,2023.0,2366172.2646,2.716294408726447
2023,Arshdeep Singh,Royal Challengers Bengaluru,1,6,9.0,3,50.0,2,33.33,0.07962783673408091,0.28916663819423016,0.6459751519035911,0.4443181349011363,0.06427220492416574,0.6783015035031992,death,Arshdeep Singh,2023.0,7098516.793799999,0.9054314695754824
2017,T Natarajan,Gujarat Titans,0,6,6.0,2,33.33,0,0.0,0.03863771635483625,0.22995010753552347,0.4528350352389561,0.13024827644582967,0.0627525591559829,0.6767818577350163,death,,,,
2017,Rashid Khan,Sunrisers Hyderabad,0,12,4.5,5,41.67,0,0.0,0.03863771635483625,0.17624306939281875,0.5364633935197733,0.13024827644582967,0.10932388189730996,0.7233531804763433,death,Rashid Khan,2017.0,62392008.384,0.1752209693659185
2018,Basil Thampi,Royal Challengers Bengaluru,0,6,19.0,0,0.0,3,50.0,0.020126526528841268,0.6751400740809226,0.13257216970683605,0.6169487834127864,-0.3851792239508922,0.22885007462814122,death,Basil Thampi,2018.0,14177288.5485,-2.716875110732266
2025,SM Curran,Chennai Super Kings,0,6,19.0,3,50.0,3,50.0,0.003221115286643484,0.6531897402942676,0.6309200842279532,0.5782098859264418,-0.24063116369728837,0.37339813488174506,death,SM Curran,2025.0,25188000.000000004,-0.9553404942722262
2022,Mustafizur Rahman,Royal Challengers Bengaluru,0,6,28.0,0,0.0,6,100.0,0.014368736282918574,0.9264100279824581,0.11660536047773154,0.9999999998458248,-0.6140292985790334,0.0,death,,,,
2022,Avesh Khan,Lucknow Super Giants,5,82,10.32,30,36.59,21,25.61,0.2801817133166239,0.3297521568852655,0.4606156743974375,0.3179003273593262,0.331186311332263,0.9452156099112965,death,,,,
2013,SL Malinga,Mumbai Indians,5,104,8.13,32,30.77,14,13.46,0.3180324616288493,0.3146290152500175,0.39515362936942894,0.2577658602232566,0.39241341708711863,1.006442715666152,death,,,,
2016,DJ Bravo,Punjab Kings,2,6,6.0,2,33.33,0,0.0,0.2071221868083592,0.21662451406046904,0.4592306465414186,0.11977142053697726,0.3258712423896835,0.9399005409687169,death,,,,
2023,Navdeep Saini,Rajasthan Royals,0,6,8.0,1,16.67,1,16.67,0.03293407072432839,0.24731678005032745,0.2699731120782336,0.24622380354458243,-0.042400813373543025,0.5716284852054904,death,,,,
2023,KM Asif,Rajasthan Royals,0,7,13.71,1,14.29,2,28.57,0.03293407072432839,0.48627947005201194,0.24312388151164635,0.3877197545135495,-0.18848944383488314,0.4255398547441503,death,KM Asif,2023.0,3549258.3968999996,-5.310671209498694
2014,Karanveer Singh,Punjab Kings,4,18,12.67,8,44.44,6,33.33,0.27827936956530475,0.4555435026870019,0.5733667782017562,0.4419889501784188,0.2746150016801575,0.888644300259191,death,,,,
2018,Mujeeb Ur Rahman,Punjab Kings,2,24,11.75,9,37.5,7,29.17,0.1460256885720014,0.4174711278956169,0.4858282355892546,0.40839773566383214,0.07527923167738207,0.6893085302564155,death,Mujeeb Ur Rahman,2018.0,32831615.586,0.22928884349353343
2018,Mujeeb Ur Rahman,Punjab Kings,2,24,11.75,9,37.5,7,29.17,0.1460256885720014,0.4174711278956169,0.4858282355892546,0.40839773566383214,0.07527923167738207,0.6893085302564155,death,Mujeeb Ur Rahman,2018.0,59693846.519999996,0.1261088639214434
2013,Azhar Mahmood,Royal Challengers Bengaluru,2,12,7.0,6,50.0,2,16.67,0.1502491674952986,0.27607124336526956,0.5676296663438111,0.2893081448316538,0.19844171035048727,0.8124710089295207,death,,,,
2014,K Santokie,Mumbai Indians,1,12,16.0,1,8.33,4,33.33,0.09750385609558826,0.5727694571966677,0.1772308657982167,0.4419889501784188,-0.16227942404934534,0.45174987452968807,death,K Santokie,2014.0,5811055.151099999,-2.7925982429994107
2020,TU Deshpande,Delhi Capitals,1,18,12.0,4,22.22,5,27.78,0.08502888059497966,0.3991097276606026,0.3557347095670298,0.36883298714927765,-0.0360300534464459,0.5779992451325875,death,TU Deshpande,2020.0,2778744.6906,-1.2966305817273958
2020,TU Deshpande,Delhi Capitals,1,18,12.0,4,22.22,5,27.78,0.08502888059497966,0.3991097276606026,0.3557347095670298,0.36883298714927765,-0.0360300534464459,0.5779992451325875,death,TU Deshpande,2020.0,2778744.6906,-1.2966305817273958
2015,HV Patel,Delhi Capitals,1,6,2.0,4,66.67,0,0.0,0.09522719101617114,0.07112724081501007,0.7820690505160927,0.09875811504514659,0.3193831708395365,0.9334124694185699,death,,,,
2017,Mohammed Siraj,Lucknow Super Giants,0,6,17.0,0,0.0,3,50.0,0.03863771635483625,0.6238017205820247,0.11862242354835205,0.6181337243195543,-0.34141750393191617,0.27261179464711727,death,,,,
2019,I Sharma,Punjab Kings,0,6,10.0,1,16.67,1,16.67,0.01969513567294069,0.3433339634121844,0.27070995933506037,0.2588425038787815,-0.10423064521857908,0.5097986533604544,death,I Sharma,2019.0,15886778.083,-0.6560842272361909
2022,PVD Chameera,Lucknow Super Giants,1,48,11.0,14,29.17,12,25.0,0.06753133168965963,0.3527005365428498,0.3908546323289976,0.31230709170645937,-0.016218954895888996,0.5978103436831445,death,PVD Chameera,2022.0,24875569.016000003,-0.065200337268494
2013,R Sathish,Punjab Kings,0,6,18.0,0,0.0,3,50.0,0.03839363807293146,0.6514123856061782,0.1191740319850431,0.6168172868870678,-0.3522674736036815,0.26176182497535194,death,,,,
2023,Sandeep Sharma,Royal Challengers Bengaluru,3,12,9.0,5,41.67,3,25.0,0.17301536875358597,0.28916663819423016,0.552002844920536,0.34527096922285944,0.2058759605619898,0.8199052591410232,death,Sandeep Sharma,2023.0,2366172.2646,8.7008018664606
2023,Akash Madhwal,Mumbai Indians,6,57,8.74,16,28.07,7,12.28,0.3130966667828435,0.27828567507681545,0.3985786702543235,0.19402487709468613,0.41969686809143025,1.0337261666704638,death,,,,
2014,Imran Tahir,Royal Challengers Bengaluru,0,6,21.0,1,16.67,3,50.0,0.037245351605682764,0.7487844039078777,0.26872279350371436,0.609198890081466,-0.3457885631279524,0.268240735451081,death,,,,
2023,Yash Dayal,Royal Challengers Bengaluru,0,6,14.0,0,0.0,2,33.33,0.03293407072432839,0.49841592891374376,0.0819156862189863,0.4443181349011363,-0.25868600008364995,0.3553432984953835,death,,,,
2022,LH Ferguson,Royal Challengers Bengaluru,1,6,11.0,2,33.33,2,33.33,0.06753133168965963,0.3527005365428498,0.4299659443242415,0.38868685070380493,-0.027399488996519478,0.586629809582514,death,LH Ferguson,2022.0,124377845.08,-0.02202923597759399
2014,IK Pathan,Sunrisers Hyderabad,3,35,7.37,11,31.43,4,11.43,0.21802086507539922,0.2689676591731193,0.43064375908322816,0.22231902313122423,0.28194165472945226,0.8959709533084856,death,IK Pathan,2014.0,46488441.208799995,0.6064768948976553
2020,KL Nagarkoti,Kolkata Knight Riders,1,18,7.0,9,50.0,2,11.11,0.08502888059497966,0.21762120680742364,0.7005411785144516,0.19454491182547182,0.192293718176194,0.8063230167552274,death,,,,
2014,JJ Bumrah,Punjab Kings,2,12,9.5,3,25.0,2,16.67,0.15776236058549375,0.34395002647209477,0.3601050186580063,0.2748793161781329,0.12463124103336475,0.7386605396123982,death,JJ Bumrah,2014.0,23244220.604399998,0.5361816304986056
2014,UT Yadav,Kolkata Knight Riders,1,48,11.63,8,16.67,11,22.92,0.09750385609558826,0.4189323937710703,0.26872279350371436,0.33757050540393047,-0.041971486935110575,0.5720578116439229,death,UT Yadav,2014.0,50362477.9762,-0.08333880424816509
2016,Ankit Sharma,Lucknow Super Giants,0,6,17.0,2,33.33,2,33.33,0.02497897366775858,0.5756716117103239,0.4592306465414186,0.42822898472922555,-0.18349968563883376,0.43052961294019965,death,,,,
2013,KA Pollard,Punjab Kings,1,6,10.0,2,33.33,2,33.33,0.09432140278411502,0.3784370094309719,0.4181145578485978,0.4530135845749241,-0.020362407614114147,0.5936668909649193,death,,,,
2020,AS Rajpoot,Rajasthan Royals,0,18,17.67,0,0.0,7,38.89,0.026992648079847133,0.6049177103081077,0.07993918256876803,0.4849901867202124,-0.3229934132489057,0.29103588533012775,death,,,,
2014,TG Southee,Rajasthan Royals,0,18,9.0,5,27.78,2,11.11,0.037245351605682764,0.3263485318009738,0.39060232789317223,0.21910923424286338,-0.023223457216772714,0.5908058413622608,death,TG Southee,2014.0,23244220.604399998,-0.09991067290239297
2013,M Muralitharan,Royal Challengers Bengaluru,1,12,12.0,3,25.0,3,25.0,0.09432140278411502,0.44668085347477354,0.3434018491644271,0.371160864703289,-0.045517941875395485,0.568511356703638,death,,,,
2015,MM Sharma,Chennai Super Kings,7,66,9.27,23,34.85,12,18.18,0.3968181272983703,0.3253344902758786,0.4647849782986353,0.2789687245578721,0.520838270959433,1.1348675695384665,death,,,,
2013,JA Morkel,Chennai Super Kings,1,12,10.0,3,25.0,2,16.67,0.09432140278411502,0.3784370094309719,0.3434018491644271,0.2893081448316538,0.006335411703615748,0.6203647102826492,death,,,,
2016,Mustafizur Rahman,Delhi Capitals,1,6,5.0,3,50.0,0,0.0,0.11605058023805889,0.1839838688195731,0.6357410649097938,0.11977142053697726,0.25527321614110404,0.8693025147201374,death,,,,
2017,BA Stokes,Delhi Capitals,2,12,7.5,5,41.67,1,8.33,0.16743821466244915,0.28365714567822814,0.5364633935197733,0.2115299920615922,0.23517448415983683,0.8492037827388703,death,BA Stokes,2017.0,226171030.39200002,0.10398081653173354
2016,KV Sharma,Royal Challengers Bengaluru,0,6,19.0,3,50.0,3,50.0,0.02497897366775858,0.6409529021921156,0.6357410649097938,0.5825040400873047,-0.20294159292846164,0.4110877056505718,death,,,,
2025,MJ Santner,Mumbai Indians,3,21,14.0,4,19.05,6,28.57,0.1518296146163448,0.46107511079595354,0.3019725037419968,0.3516530346006966,0.028410218348525862,0.6424395169275593,death,MJ Santner,2025.0,20990000.000000004,0.13535120699631184
2019,DJ Bravo,Chennai Super Kings,5,78,10.0,22,28.21,14,17.95,0.2861945385930951,0.3433339634121844,0.38880595725670364,0.27181554237999916,0.32705534698778027,0.9410846455668137,death,,,,
2014,PP Ojha,Royal Challengers Bengaluru,0,6,14.0,1,16.67,3,50.0,0.037245351605682764,0.5023634785121837,0.26872279350371436,0.609198890081466,-0.24722019296967482,0.36680910560935864,death,PP Ojha,2014.0,62953097.470249996,-0.3927053678121314
2018,MG Johnson,Royal Challengers Bengaluru,1,18,9.0,6,33.33,3,16.67,0.08307610755042134,0.31973463106670785,0.44654616106312955,0.28324708291001904,0.04571003234488205,0.6597393309239155,death,MG Johnson,2018.0,29846923.259999998,0.1531482221691552
2016,Sandeep Sharma,Punjab Kings,4,54,10.0,15,27.78,10,18.52,0.38926539994895987,0.34718709502405265,0.40046443046796437,0.29116758281841854,0.4778123162086824,1.091841614787716,death,,,,
2013,P Awana,Delhi Capitals,0,6,9.0,1,16.67,1,16.67,0.03839363807293146,0.3443150874090712,0.2686891404802564,0.2893081448316538,-0.0863212791596505,0.527708019419383,death,,,,
2013,JP Faulkner,Punjab Kings,1,6,8.0,1,16.67,0,0.0,0.09432140278411502,0.31019316538717034,0.2686891404802564,0.12550444251950996,0.060360247409528306,0.6743895459885617,death,JP Faulkner,2013.0,49252953.84752,0.12255152776500446
2019,KMA Paul,Delhi Capitals,3,37,11.19,12,32.43,9,24.32,0.17959477742503335,0.38461705339726127,0.43199184211193187,0.33637667929621545,0.14422989362336042,0.7582591922023938,death,KMA Paul,2019.0,7221262.765000001,1.9972946327671877
2020,Mohammed Shami,Punjab Kings,8,76,12.55,17,22.37,25,32.89,0.49128250820090735,0.41907346495445236,0.35759651555486693,0.42225902583581915,0.5498956232352945,1.163924921814328,death,,,,
2020,Washington Sundar,Royal Challengers Bengaluru,1,12,9.5,4,33.33,2,16.67,0.08502888059497966,0.30836546723401315,0.4936324730661607,0.25267578757834286,0.07648413964520957,0.690513438224243,death,,,,
2021,DS Kulkarni,Mumbai Indians,0,6,14.0,1,16.67,2,33.33,0.015961212335982394,0.5628092958149506,0.21147368681017542,0.5025574361735218,-0.28850702463101063,0.3255222739480228,death,,,,
2018,JD Unadkat,Delhi Capitals,1,6,9.0,2,33.33,1,16.67,0.08307610755042134,0.31973463106670785,0.44654616106312955,0.28324708291001904,0.04571003234488205,0.6597393309239155,death,JD Unadkat,2018.0,171619808.74499997,0.026634473420722643
2021,PJ Cummins,Royal Challengers Bengaluru,1,6,3.0,3,50.0,0,0.0,0.06157661061861973,0.11500706384145669,0.5728757995617999,0.08778279393523576,0.19188999207931615,0.8059192906583496,death,,,,
2014,Shakib Al Hasan,Punjab Kings,1,6,21.0,1,16.67,3,50.0,0.09750385609558826,0.7487844039078777,0.26872279350371436,0.609198890081466,-0.25540080639309415,0.3586284921859393,death,Shakib Al Hasan,2014.0,54236514.743599996,-0.4709019515735603
2013,KW Richardson,Lucknow Super Giants,1,11,6.0,4,36.36,1,9.09,0.09432140278411502,0.24194932134336877,0.4452909692907392,0.214825117625532,0.11384213113838718,0.7278714297174206,death,KW Richardson,2013.0,86192669.23316,0.13207866997416282
2023,JP Behrendorff,Mumbai Indians,5,48,12.88,15,31.25,15,31.25,0.26640290077309103,0.4515440877925727,0.43445285227186436,0.41958606952168664,0.22344675086766078,0.8374760494466942,death,,,,
2020,T Natarajan,Sunrisers Hyderabad,7,95,12.06,21,22.11,26,27.37,0.4332462756857748,0.4012875899108408,0.35436938517594935,0.3645463578221774,0.4863012857704574,1.1003305843494908,death,,,,
2021,DJ Hooda,Punjab Kings,0,6,7.0,3,50.0,1,16.67,0.015961212335982394,0.27784423910454537,0.5728757995617999,0.2952323374729564,-0.0039028385111914976,0.610126460067842,death,,,,
2013,JD Unadkat,Royal Challengers Bengaluru,0,12,6.5,3,25.0,1,8.33,0.03839363807293146,0.25901028235431917,0.3434018491644271,0.2073571623911451,-0.005200249800345877,0.6088290487786876,death,JD Unadkat,2013.0,64644501.92487001,-0.008044380644141431
2019,SP Narine,Kolkata Knight Riders,0,26,11.77,6,23.08,6,23.08,0.01969513567294069,0.40473822330595416,0.3363074763781914,0.32380904824816076,-0.12860305737396144,0.485426241205072,death,,,,
2017,S Aravind,Gujarat Titans,0,12,15.5,4,33.33,5,41.67,0.03863771635483625,0.5700946824393199,0.4528350352389561,0.5368520087037918,-0.1952863904829243,0.41874290809610915,death,,,,
2016,Mohammed Shami,Punjab Kings,1,6,16.0,1,16.67,2,33.33,0.11605058023805889,0.5430309664694281,0.28282611324704976,0.42822898472922555,-0.08675737767533563,0.5272719209036978,death,,,,
2015,P Suyal,Mumbai Indians,0,12,12.5,1,8.33,3,25.0,0.04496203496913795,0.4382766382481765,0.20034834739961063,0.34657248456209583,-0.15173484399430923,0.4622944545847242,death,,,,
2016,SR Watson,Delhi Capitals,0,12,7.0,4,33.33,1,8.33,0.02497897366775858,0.24926515930136492,0.4592306465414186,0.19686267495406182,0.01647278825729892,0.6305020868363324,death,SR Watson,2016.0,155456707.9905,0.010596383051097143
2020,TA Boult,Royal Challengers Bengaluru,2,18,11.67,3,16.67,5,27.78,0.1430651131101122,0.38713148528429286,0.28684788801705896,0.36883298714927765,0.03514954581178553,0.649178844390819,death,,,,
2022,VG Arora,Punjab Kings,0,11,15.82,1,9.09,4,36.36,0.014368736282918574,0.5153640511745504,0.2020673378904161,0.4164696441926352,-0.24891320793610808,0.3651160906429254,death,VG Arora,2022.0,24875569.016000003,-1.0006332228059054
2015,DS Kulkarni,Rajasthan Royals,1,6,15.0,2,33.33,2,33.33,0.09522719101617114,0.5256931614465494,0.4496287309771225,0.4291442324851433,-0.06129112850676932,0.5527381700722641,death,,,,
2018,R Ashwin,Punjab Kings,2,24,11.5,3,12.5,4,16.67,0.1460256885720014,0.40858599182026156,0.25032419166764225,0.28324708291001904,0.04572726875718444,0.6597565673362179,death,R Ashwin,2018.0,113418308.388,0.04031736093325698
2023,MA Wood,Lucknow Super Giants,5,24,11.75,9,37.5,7,29.17,0.26640290077309103,0.4042537480899626,0.50496028548244,0.3948540041422369,0.2709347363257124,0.8849640349047458,death,,,,
2015,KA Pollard,Mumbai Indians,1,16,11.63,5,31.25,5,31.25,0.09522719101617114,0.4078556881751427,0.4288886030634736,0.4085260769413331,-0.01419273090915825,0.5998365676698751,death,,,,
2017,NM Coulter-Nile,Kolkata Knight Riders,3,32,9.0,8,25.0,6,18.75,0.23183846381625556,0.3373641838209329,0.36930695076902714,0.31320531939847646,0.22964251160717536,0.8436718101862088,death,NM Coulter-Nile,2017.0,54593007.336,0.42064455287068114
2023,SM Curran,Royal Challengers Bengaluru,0,6,11.0,0,0.0,1,16.67,0.03293407072432839,0.3728663544820356,0.0819156862189863,0.24622380354458243,-0.1490378709040005,0.46499142767503293,death,SM Curran,2023.0,218870934.4755,-0.06809395284081611
2023,KM Asif,Royal Challengers Bengaluru,0,6,18.0,1,16.67,3,50.0,0.03293407072432839,0.6658153614893546,0.2699731120782336,0.6425313704181684,-0.3286925160112297,0.28533678256780376,death,KM Asif,2023.0,3549258.3968999996,-9.260878731689893
2017,CH Morris,Delhi Capitals,5,60,7.6,12,20.0,6,10.0,0.3606389621238684,0.2872376148877418,0.3191700453248922,0.22782536602057457,0.4534668010220012,1.0674960996010348,death,,,,
2019,Sandeep Sharma,Sunrisers Hyderabad,6,52,7.5,15,28.85,5,9.62,0.33949441917712603,0.25660478277126664,0.3953554753390131,0.18738944025879326,0.46898952618124834,1.0830188247602819,death,,,,
2021,S Kaul,Sunrisers Hyderabad,6,54,7.78,20,37.04,11,20.37,0.28965360203180646,0.3095974882808477,0.4323486054045526,0.3412769272203809,0.3379629111906221,0.9519922097696556,death,,,,
2017,Mohammed Siraj,Sunrisers Hyderabad,0,6,11.0,2,33.33,1,16.67,0.03863771635483625,0.4089735680112058,0.4528350352389561,0.29290928476692946,-0.057655127530619965,0.5563741710484135,death,,,,
2018,KH Pandya,Mumbai Indians,3,13,5.54,7,53.85,2,15.38,0.20897526959358148,0.19676434778378948,0.6398478803139891,0.27033153554582556,0.3456120687073055,0.9596413672863389,death,KH Pandya,2018.0,131326462.344,0.26317016581319314
2020,BA Stokes,Rajasthan Royals,0,24,12.25,4,16.67,6,25.0,0.026992648079847133,0.4081841537032616,0.28684788801705896,0.3397675492728421,-0.1386605877382689,0.47536871084076454,death,,,,
2014,AB Dinda,Delhi Capitals,0,12,15.5,2,16.67,5,41.67,0.037245351605682764,0.5551679625255468,0.26872279350371436,0.5256440730813231,-0.24327554147497718,0.3707537571040562,death,AB Dinda,2014.0,29055275.7555,-0.83728526110762
2021,AD Russell,Royal Challengers Bengaluru,1,18,13.67,6,33.33,7,38.89,0.06157661061861973,0.5493752288557459,0.3921205274475011,0.5717487656318138,-0.1812736470696626,0.43275565150937084,death,,,,
2017,MJ Henry,Punjab Kings,1,6,8.0,1,16.67,1,16.67,0.10303796550864269,0.3015594917257964,0.2857788662990982,0.29290928476692946,0.03179402603229611,0.6458233246113295,death,MJ Henry,2017.0,7799001.048,0.40766792870799096
2014,KV Sharma,Sunrisers Hyderabad,0,16,6.0,5,31.25,1,6.25,0.037245351605682764,0.2207395637742478,0.4286691131615267,0.17036056550088322,0.04506476619701806,0.6590940647760515,death,KV Sharma,2014.0,72638189.38875,0.062040046119318015
2018,B Laughlin,Rajasthan Royals,3,41,12.44,9,21.95,11,26.83,0.20897526959358148,0.44199410346359774,0.33934472027001167,0.3849695334683183,0.12297781904544113,0.7370071176244746,death,B Laughlin,2018.0,7461730.8149999995,1.6481138504517485
2018,SN Thakur,Delhi Capitals,0,12,7.0,4,33.33,1,8.33,0.020126526528841268,0.2486535424638648,0.44654616106312955,0.19974656739267493,0.00476825090885237,0.6187975494878858,death,SN Thakur,2018.0,38801000.238,0.012288989664195702
2019,R Ashwin,Punjab Kings,0,12,5.0,4,33.33,0,0.0,0.01969513567294069,0.16987560213034883,0.4412021019151796,0.08988894777307886,0.06698640889990172,0.6810157074789351,death,,,,
2020,KH Pandya,Mumbai Indians,1,19,9.47,4,21.05,4,21.05,0.08502888059497966,0.3072765361088941,0.34121262286190085,0.2984695350239499,0.017455632800297133,0.6314849313793306,death,,,,
2014,I Sharma,Sunrisers Hyderabad,1,6,4.0,3,50.0,0,0.0,0.09750385609558826,0.15033358508976383,0.634361396672088,0.10766937627508567,0.24412995622657754,0.858159254805611,death,I Sharma,2014.0,50362477.9762,0.48474571950559503
2025,SN Thakur,Lucknow Super Giants,6,54,11.0,18,33.33,13,24.07,0.30043811394604614,0.3458063330969652,0.4537454100211392,0.30407926740676966,0.35723448046459394,0.9712637790436274,death,,,,
2013,Azhar Mahmood,Lucknow Super Giants,1,12,7.0,4,33.33,2,16.67,0.09432140278411502,0.27607124336526956,0.4181145578485978,0.2893081448316538,0.06969553073514789,0.6837248293141813,death,,,,
2017,SP Narine,Kolkata Knight Riders,0,18,4.67,8,44.44,1,5.56,0.03863771635483625,0.18232986704899196,0.5642392391358242,0.18450113824938782,0.09894605797858849,0.7129753565576219,death,,,,
2014,Harbhajan Singh,Mumbai Indians,0,12,16.0,1,8.33,5,41.67,0.037245351605682764,0.5727694571966677,0.1772308657982167,0.5256440730813231,-0.27776371765507485,0.3362655809239586,death,,,,
2016,P Kumar,Lucknow Super Giants,0,6,14.0,0,0.0,2,33.33,0.02497897366775858,0.47774967598763624,0.1063156948786746,0.42822898472922555,-0.2502053968485819,0.36382390173045154,death,P Kumar,2016.0,57273523.99649999,-0.43686048873799355
2015,I Sharma,Sunrisers Hyderabad,0,6,22.0,2,33.33,4,66.67,0.04496203496913795,0.7704594264019938,0.4496287309771225,0.7596294756729467,-0.3337409415158379,0.28028835706319555,death,,,,
2021,YS Chahal,Royal Challengers Bengaluru,2,18,7.67,9,50.0,4,22.22,0.10719200890125709,0.3051194659611127,0.5728757995617999,0.3642992220940931,0.10131320020775259,0.715342498786786,death,,,,
2021,Ravi Bishnoi,Royal Challengers Bengaluru,0,6,8.0,2,33.33,1,16.67,0.015961212335982394,0.3185535329203176,0.3921205274475011,0.2952323374729564,-0.07441313767179003,0.5396161609072434,death,,,,
2023,UT Yadav,Kolkata Knight Riders,0,6,13.0,1,16.67,1,16.67,0.03293407072432839,0.456566070769841,0.2699731120782336,0.24622380354458243,-0.12610052966134844,0.487928768917685,death,,,,
2017,Sandeep Sharma,Delhi Capitals,1,12,14.0,2,16.67,5,41.67,0.10303796550864269,0.5163876442966153,0.2857788662990982,0.5368520087037918,-0.12732005217709014,0.4867092464019433,death,,,,
2017,SL Malinga,Punjab Kings,0,6,18.0,0,0.0,2,33.33,0.03863771635483625,0.6596064126771611,0.11862242354835205,0.4554727159984545,-0.3069410782736408,0.3070882203053926,death,,,,
2015,MJ McClenaghan,Mumbai Indians,7,48,8.63,15,31.25,7,14.58,0.3968181272983703,0.3029558603370952,0.4288886030634736,0.2432834553474314,0.5297263911275301,1.1437556897065635,death,MJ McClenaghan,2015.0,5236600.1181,10.115845762149416
2016,UT Yadav,Delhi Capitals,3,12,13.5,4,33.33,5,41.67,0.29819379337865953,0.46142935336718827,0.4592306465414186,0.5054127856702202,0.24886430698247344,0.8628936055615068,death,,,,
2020,K Gowtham,Punjab Kings,0,6,25.0,1,16.67,4,66.67,0.026992648079847133,0.870979881878868,0.28684788801705896,0.7754354616149531,-0.45447925271114475,0.15955004586788868,death,,,,
2024,MA Starc,Kolkata Knight Riders,6,47,13.66,17,36.17,15,31.91,0.2638569959028791,0.43843540029474726,0.5001411851425952,0.37878812308176346,0.25681725235466923,0.8708465509337027,death,,,,
2021,GHS Garton,Royal Challengers Bengaluru,1,12,6.0,4,33.33,1,8.33,0.06157661061861973,0.23713494528877319,0.3921205274475011,0.19144534328551846,0.05771349306101509,0.6717427916400486,death,,,,
2015,Imran Tahir,Punjab Kings,2,12,4.5,5,41.67,0,0.0,0.14549234706320432,0.15854376401338305,0.5327886669385806,0.09875811504514659,0.2850301805574834,0.8990594791365168,death,,,,
2016,PP Chawla,Kolkata Knight Riders,1,20,6.0,14,70.0,3,15.0,0.11605058023805889,0.21662451406046904,0.8475112129222414,0.2585912064020755,0.2641020666889505,0.8781313652679839,death,,,,
2016,I Sharma,Lucknow Super Giants,0,12,16.5,2,16.67,6,50.0,0.02497897366775858,0.559351289089876,0.28282611324704976,0.5825040400873047,-0.27617543318638904,0.3378538653926444,death,I Sharma,2016.0,62182683.1962,-0.44413560012358266
2018,SP Narine,Royal Challengers Bengaluru,0,12,13.5,1,8.33,4,33.33,0.020126526528841268,0.47966708042310446,0.2110421171415173,0.4500478729003011,-0.23337876910361505,0.3806505294754184,death,,,,
2014,PP Chawla,Kolkata Knight Riders,5,39,8.62,15,38.46,7,17.95,0.33853787405521024,0.3129713958509218,0.5077646525807878,0.2877184717315762,0.4486321069972101,1.0626614055762436,death,,,,
2017,TG Southee,Mumbai Indians,1,12,10.5,3,25.0,3,25.0,0.10303796550864269,0.3910712219636376,0.36930695076902714,0.374191000382692,-0.0033367554065904526,0.610692543172443,death,,,,
2024,SM Curran,Punjab Kings,7,60,13.0,13,21.67,18,30.0,0.3078331618866923,0.4099156781282249,0.2996422306342283,0.35611544006433415,0.2808415087497168,0.8948708073287502,death,,,,
2018,DJ Bravo,Delhi Capitals,0,12,19.0,0,0.0,5,41.67,0.020126526528841268,0.6751400740809226,0.13257216970683605,0.5335483884176453,-0.36015910545234986,0.2538701931266836,death,,,,
2016,AD Russell,Kolkata Knight Riders,3,27,11.11,6,22.22,7,25.93,0.29819379337865953,0.38341821124144704,0.34159232932050393,0.3597445570357771,0.28847773725682846,0.9025070358358619,death,,,,
2020,BA Stokes,Punjab Kings,1,6,14.0,1,16.67,2,33.33,0.08502888059497966,0.47170513600187425,0.28684788801705896,0.4268593109673413,-0.1031421603933649,0.5108871381856686,death,,,,
2016,AR Patel,Punjab Kings,0,11,4.91,5,45.45,1,9.09,0.02497897366775858,0.18104621074789248,0.587563356236962,0.2038962107712268,0.08015011984220143,0.6941794184212349,death,,,,
2023,Yash Dayal,Gujarat Titans,0,12,20.0,2,16.67,6,50.0,0.03293407072432839,0.74951507777716,0.2699731120782336,0.6425313704181684,-0.36217240252635186,0.2518568960526816,death,,,,
2018,MG Johnson,Delhi Capitals,0,6,11.0,3,50.0,2,33.33,0.020126526528841268,0.39081571966955075,0.6035802575500607,0.4500478729003011,-0.08007678267963056,0.5339525158994028,death,MG Johnson,2018.0,29846923.259999998,-0.26829158229165684
2017,S Kaul,Sunrisers Hyderabad,6,40,8.55,14,35.0,7,17.5,0.42503921127767486,0.3212520723781215,0.46958076165729723,0.3010081832016333,0.5596297615019629,1.1736590600809964,death,,,,
2015,Sandeep Sharma,Punjab Kings,2,36,9.5,7,19.44,6,16.67,0.14549234706320432,0.33337681041012895,0.31112854986145694,0.2640007366390484,0.09902614039747744,0.7130554389765109,death,,,,
2018,AJ Tye,Delhi Capitals,0,6,11.0,1,16.67,1,16.67,0.020126526528841268,0.39081571966955075,0.28960626619376717,0.28324708291001904,-0.12422874308943399,0.48980055548959944,death,AJ Tye,2018.0,107448923.73599999,-0.11561655414498306
2013,SP Narine,Punjab Kings,0,12,13.0,3,25.0,4,33.33,0.03839363807293146,0.4808027754966743,0.3434018491644271,0.4530135845749241,-0.1676141737124216,0.44641512486661183,death,,,,
2023,NT Ellis,Royal Challengers Bengaluru,1,6,9.0,3,50.0,1,16.67,0.07962783673408091,0.28916663819423016,0.6459751519035911,0.24622380354458243,0.12370050433113192,0.7377298029101653,death,,,,
2023,A Nortje,Royal Challengers Bengaluru,0,12,8.0,2,16.67,1,8.33,0.03293407072432839,0.24731678005032745,0.2699731120782336,0.14705773370582734,-0.012650992421916508,0.601378306157117,death,,,,
2014,UT Yadav,Punjab Kings,1,12,4.0,6,50.0,0,0.0,0.09750385609558826,0.15033358508976383,0.634361396672088,0.10766937627508567,0.24412995622657754,0.858159254805611,death,UT Yadav,2014.0,50362477.9762,0.48474571950559503
2019,V Shankar,Sunrisers Hyderabad,0,12,6.5,6,50.0,1,8.33,0.01969513567294069,0.22191311051489948,0.6117965807153348,0.17431504989428478,0.07202191854976625,0.6860512171287997,death,,,,
2015,JP Faulkner,Punjab Kings,2,6,9.0,2,33.33,1,16.67,0.14549234706320432,0.31589350577045433,0.4496287309771225,0.2640007366390484,0.14756951658804696,0.7615988151670804,death,,,,
2017,JP Faulkner,Punjab Kings,0,6,9.0,1,16.67,1,16.67,0.03863771635483625,0.3373641838209329,0.2857788662990982,0.29290928476692946,-0.07912822453646816,0.5349010740425653,death,,,,
2016,M Ashwin,Punjab Kings,1,6,13.0,1,16.67,2,33.33,0.11605058023805889,0.4451090307467403,0.28282611324704976,0.42822898472922555,-0.047588603386260545,0.5664406951927728,death,M Ashwin,2016.0,73637387.9955,-0.06462559941584117
2019,I Sharma,Delhi Capitals,3,30,10.4,8,26.67,6,20.0,0.17959477742503335,0.3572106323147313,0.37304617937114637,0.2925926743546056,0.1506439647166197,0.7646732632956531,death,I Sharma,2019.0,15886778.083,0.9482348398749249
2015,CH Morris,Royal Challengers Bengaluru,1,12,14.0,2,16.67,3,25.0,0.09522719101617114,0.49072655216720024,0.28350828336106865,0.34657248456209583,-0.07236909470293156,0.5416602038761019,death,CH Morris,2015.0,24437467.2178,-0.2961399152290981
2025,PJ Cummins,Sunrisers Hyderabad,3,52,11.54,12,23.08,13,25.0,0.1518296146163448,0.36655471308278303,0.34480477351125055,0.3139111792935146,0.09039061495672478,0.7044199135357582,death,,,,
2022,Kuldeep Yadav,Royal Challengers Bengaluru,0,6,17.0,1,16.67,2,33.33,0.014368736282918574,0.555186239403888,0.2733326611894424,0.38868685070380493,-0.23512764819148613,0.3789016503875473,death,Kuldeep Yadav,2022.0,2487556.9016,-9.45215154838274
2022,Kuldeep Yadav,Royal Challengers Bengaluru,0,6,17.0,1,16.67,2,33.33,0.014368736282918574,0.555186239403888,0.2733326611894424,0.38868685070380493,-0.23512764819148613,0.3789016503875473,death,Kuldeep Yadav,2022.0,24875569.016000003,-0.945215154838274
2014,MM Sharma,Royal Challengers Bengaluru,0,6,11.0,1,16.67,1,16.67,0.037245351605682764,0.39675451048545773,0.26872279350371436,0.2748793161781329,-0.10468073358798453,0.5093485649910489,death,MM Sharma,2014.0,38740367.673999995,-0.2702109966246898
2013,PP Ojha,Mumbai Indians,1,12,7.0,1,8.33,1,8.33,0.09432140278411502,0.27607124336526956,0.19388674066921385,0.2073571623911451,0.02701248031348532,0.6410417788925188,death,,,,
2022,JD Unadkat,Mumbai Indians,3,42,13.0,7,16.67,14,33.33,0.17385652250314176,0.4201957708298625,0.2733326611894424,0.38868685070380493,0.05810021856845887,0.6721295171474924,death,JD Unadkat,2022.0,16169119.8604,0.3593282693806536
2025,G Coetzee,Gujarat Titans,0,18,15.67,2,11.11,6,33.33,0.003221115286643484,0.5252413970483903,0.21758336677726356,0.4019755083436059,-0.26058252835929363,0.3534467702197398,death,G Coetzee,2025.0,25188000.000000004,-1.0345502952171415
2017,CR Woakes,Royal Challengers Bengaluru,1,12,9.5,3,25.0,2,16.67,0.10303796550864269,0.35526652986850116,0.36930695076902714,0.29290928476692946,0.0353696361161929,0.6493989346952264,death,CR Woakes,2017.0,65511608.80320001,0.053989875630203146
2020,M Prasidh Krishna,Kolkata Knight Riders,2,6,6.0,2,33.33,0,0.0,0.1430651131101122,0.18132350263678784,0.4936324730661607,0.07838771225453701,0.26664169685394024,0.8806709954329737,death,,,,
2016,S Aravind,Royal Challengers Bengaluru,0,7,6.0,3,42.86,1,14.29,0.02497897366775858,0.21662451406046904,0.5601391220693499,0.25202040320446084,0.04325427053691697,0.6572835691159504,death,,,,
2017,PP Chawla,Gujarat Titans,0,6,11.0,0,0.0,1,16.67,0.03863771635483625,0.4089735680112058,0.11862242354835205,0.29290928476692946,-0.15791891103780115,0.4561103875412323,death,,,,
2021,PJ Cummins,Kolkata Knight Riders,1,29,12.21,8,27.59,8,27.59,0.06157661061861973,0.48993965988471844,0.32988085966489306,0.4311260996464362,-0.13398452002042074,0.4800447785586127,death,,,,
2018,MP Stoinis,Punjab Kings,0,6,20.0,0,0.0,4,66.67,0.020126526528841268,0.7106806183823441,0.13257216970683605,0.7838496939252715,-0.44946571482520636,0.16456358375382707,death,MP Stoinis,2018.0,92525462.10599999,-0.4857751635007072
2013,IK Pathan,Delhi Capitals,1,26,12.0,5,19.23,7,26.92,0.09432140278411502,0.44668085347477354,0.2916500689594253,0.3900272779270032,-0.06670339990401027,0.5473258986750231,death,,,,
2018,HV Patel,Delhi Capitals,3,27,8.89,12,44.44,5,18.52,0.20897526959358148,0.31582517119355147,0.551204158181894,0.30176937951758337,0.26196326951224486,0.8759925680912783,death,HV Patel,2018.0,2984692.326,8.776893592356322
2016,JA Morkel,Lucknow Super Giants,1,6,11.0,1,16.67,1,16.67,0.11605058023805889,0.37982774026494853,0.28282611324704976,0.27404647589505643,0.024778665456706886,0.6388079640357404,death,,,,
2016,MR Marsh,Lucknow Super Giants,0,6,10.0,2,33.33,1,16.67,0.02497897366775858,0.34718709502405265,0.4592306465414186,0.27404647589505643,-0.04585112631407455,0.5681781722649589,death,MR Marsh,2016.0,78546547.1952,-0.05837446450717636
2014,L Balaji,Royal Challengers Bengaluru,1,6,17.0,1,16.67,3,50.0,0.09750385609558826,0.6079724465389097,0.26872279350371436,0.609198890081466,-0.19907602344550698,0.4149532751335264,death,L Balaji,2014.0,34866330.9066,-0.5709692367080215
2019,DS Kulkarni,Rajasthan Royals,1,18,16.67,2,11.11,6,33.33,0.07299501625697159,0.5747274173621532,0.21381102099499658,0.42769470812119326,-0.18456354869726288,0.42946574988177055,death,,,,
2017,VR Aaron,Punjab Kings,1,18,7.33,7,38.89,2,11.11,0.10303796550864269,0.277570348022055,0.5085872740928343,0.23865642296337128,0.12450806439298094,0.7385373629720143,death,VR Aaron,2017.0,43674405.8688,0.2850824456937299
2020,Kartik Tyagi,Punjab Kings,0,12,12.5,3,25.0,2,16.67,0.026992648079847133,0.41725857974592057,0.39024018054160986,0.25267578757834286,-0.08514514188961743,0.528884156689416,death,Kartik Tyagi,2020.0,18061840.4889,-0.47140900143561687
2021,M Prasidh Krishna,Kolkata Knight Riders,3,51,12.12,16,31.37,15,29.41,0.15280740718389443,0.48627582344129894,0.3708679579607569,0.4537750600086829,0.009828650784944298,0.6238579493639778,death,,,,
2013,A Ashish Reddy,Sunrisers Hyderabad,1,10,15.0,3,30.0,4,40.0,0.09432140278411502,0.549046619540476,0.38824741260030393,0.5185547180135563,-0.1172287352639936,0.49680056331503986,death,,,,
2023,K Khejroliya,Kolkata Knight Riders,2,14,15.86,4,28.57,4,28.57,0.12632160274383342,0.5762566650614027,0.40421926491116955,0.3877197545135495,-0.03607040878952496,0.5779588897895085,death,K Khejroliya,2023.0,2366172.2646,-1.5244202347043672
2018,Mustafizur Rahman,Delhi Capitals,0,6,11.0,1,16.67,1,16.67,0.020126526528841268,0.39081571966955075,0.28960626619376717,0.28324708291001904,-0.12422874308943399,0.48980055548959944,death,,,,
2013,IK Pathan,Royal Challengers Bengaluru,0,6,11.0,1,16.67,1,16.67,0.03839363807293146,0.4125589314528727,0.2686891404802564,0.2893081448316538,-0.1136188167771711,0.5004104818018623,death,,,,
2021,AD Russell,Kolkata Knight Riders,7,36,9.5,13,36.11,7,19.44,0.33526900031444384,0.37961747364397586,0.4222644780460464,0.32970355736494716,0.3788247872184052,0.9928540857974386,death,,,,
2021,RP Meredith,Punjab Kings,1,14,18.86,3,21.43,6,42.86,0.06157661061861973,0.7606564637596034,0.2630870698494113,0.6211533659824287,-0.319317558415817,0.29471174016321644,death,RP Meredith,2021.0,106089326.744,-0.3009893343807805
2015,D Wiese,Royal Challengers Bengaluru,7,42,9.57,13,30.95,9,21.43,0.3968181272983703,0.33582447305968344,0.42589723846054345,0.31118459259507547,0.4953111954833225,1.109340494062356,death,D Wiese,2015.0,48874934.4356,1.0134258003680163
2020,TK Curran,Rajasthan Royals,1,37,15.24,3,8.11,13,35.14,0.08502888059497966,0.5167142891734626,0.1806008263111579,0.44578321116746666,-0.15869711023380817,0.45533218834522526,death,TK Curran,2020.0,13893723.453,-1.1422215993477365
2018,TG Southee,Delhi Capitals,0,12,14.5,1,8.33,3,25.0,0.020126526528841268,0.515207624724526,0.2110421171415173,0.36664747790516006,-0.22257486832564133,0.3914544302533921,death,TG Southee,2018.0,14923461.629999999,-1.491442628017407
2013,DW Steyn,Lucknow Super Giants,1,6,6.0,3,50.0,1,16.67,0.09432140278411502,0.24194932134336877,0.5676296663438111,0.2893081448316538,0.12819883209247218,0.7422281306715056,death,,,,
2016,R Ashwin,Royal Challengers Bengaluru,0,6,7.0,2,33.33,1,16.67,0.02497897366775858,0.24926515930136492,0.4592306465414186,0.27404647589505643,-0.006682352024999463,0.607346946554034,death,,,,
2013,SR Watson,Punjab Kings,0,6,7.0,1,16.67,0,0.0,0.03839363807293146,0.27607124336526956,0.2686891404802564,0.12550444251950996,-0.009882630848486708,0.6041466677305467,death,,,,
2013,Sandeep Sharma,Punjab Kings,1,12,10.5,4,33.33,3,25.0,0.09432140278411502,0.3954979704419223,0.4181145578485978,0.371160864703289,-0.002630976057003784,0.6113983225220296,death,,,,
2025,Arshad Khan,Gujarat Titans,1,18,12.33,4,22.22,5,27.78,0.05275728172987726,0.3969088245435167,0.3356643883992014,0.3433011954710961,-0.08191864934415924,0.5321106492348742,death,Arshad Khan,2025.0,102326250.00000001,-0.08005633876366937
2025,Arshad Khan,Gujarat Titans,1,18,12.33,4,22.22,5,27.78,0.05275728172987726,0.3969088245435167,0.3356643883992014,0.3433011954710961,-0.08191864934415924,0.5321106492348742,death,Arshad Khan,2025.0,13643500.000000002,-0.6004225407275202
2015,TG Southee,Rajasthan Royals,1,30,15.0,5,16.67,10,33.33,0.09522719101617114,0.5256931614465494,0.28350828336106865,0.4291442324851433,-0.11112726279158548,0.502902035787448,death,,,,
2018,HH Pandya,Punjab Kings,1,6,22.0,1,16.67,4,66.67,0.08307610755042134,0.7817617069851872,0.28960626619376717,0.7838496939252715,-0.3363635497878942,0.27766574879113926,death,,,,
2024,Azmatullah Omarzai,Gujarat Titans,0,6,16.0,0,0.0,3,50.0,0.0,0.5395507788851448,0.0,0.5935257334405569,-0.39387803158622503,0.2201512669928084,death,Azmatullah Omarzai,2024.0,5543983.75,-7.104602923596683
2022,CV Varun,Kolkata Knight Riders,0,6,17.0,0,0.0,3,50.0,0.014368736282918574,0.555186239403888,0.11660536047773154,0.5415380610862478,-0.3280012015197322,0.2860280970593012,death,,,,
2020,Abdul Samad,Sunrisers Hyderabad,0,6,20.0,0,0.0,2,33.33,0.026992648079847133,0.689491361025689,0.07993918256876803,0.4268593109673413,-0.3393836108100769,0.27464568776895654,death,Abdul Samad,2020.0,2778744.6906,-12.213558588457278
2013,STR Binny,Rajasthan Royals,2,12,10.5,2,16.67,2,16.67,0.1502491674952986,0.3954979704419223,0.2686891404802564,0.2893081448316538,0.060988861760759766,0.6750181603397932,death,,,,
2016,M Ashwin,Gujarat Titans,1,6,4.0,3,50.0,0,0.0,0.11605058023805889,0.15134322357867722,0.6357410649097938,0.11977142053697726,0.2683294742374624,0.8823587728164959,death,M Ashwin,2016.0,73637387.9955,0.36439298234459383
2013,Anand Rajan,Sunrisers Hyderabad,1,6,9.0,2,33.33,1,16.67,0.09432140278411502,0.3443150874090712,0.4181145578485978,0.2893081448316538,0.042397993117627236,0.6564272916966607,death,,,,
2019,GC Viljoen,Punjab Kings,1,18,11.67,5,27.78,7,38.89,0.07299501625697159,0.4012690560803175,0.38440549979515193,0.48404634411085773,-0.08090735134138136,0.533121947237652,death,GC Viljoen,2019.0,10831894.1475,-0.746936318243608
2017,HV Patel,Delhi Capitals,1,6,14.0,3,50.0,3,50.0,0.10303796550864269,0.5163876442966153,0.6199914779897023,0.6181337243195543,-0.05144078335463767,0.5625885152243958,death,,,,
2023,M Markande,Sunrisers Hyderabad,1,18,9.67,4,22.22,4,22.22,0.07962783673408091,0.31720604315064493,0.33258371276922466,0.312215612609941,-0.001330232111351512,0.6126990664676819,death,M Markande,2023.0,5915430.661499999,-0.022487493936987502
2025,KK Ahmed,Chennai Super Kings,5,52,13.27,14,26.92,16,30.77,0.25090194750281236,0.4330263748891997,0.3856176558720284,0.37491132078439415,0.20635427182482893,0.8203835704038623,death,KK Ahmed,2025.0,50376000.00000001,0.4096281400365827
2013,JH Kallis,Lucknow Super Giants,1,6,5.0,1,16.67,0,0.0,0.09432140278411502,0.20782739932146801,0.2686891404802564,0.12550444251950996,0.10130655383580923,0.7153358524148427,death,,,,
2023,Mohammed Shami,Gujarat Titans,8,79,10.03,22,27.85,17,21.52,0.40648419880234854,0.33227199208244995,0.3960968086053112,0.3038923213764724,0.5044788475391944,1.1185081461182278,death,,,,
2018,AD Russell,Kolkata Knight Riders,2,36,10.33,10,27.78,8,22.22,0.1460256885720014,0.3670035549875984,0.39426426331253167,0.338813972732712,0.08887219803690866,0.7029014966159421,death,,,,
2025,M Theekshana,Rajasthan Royals,3,36,11.33,11,30.56,8,22.22,0.1518296146163448,0.3584858986438539,0.4243048672765156,0.284521163115933,0.1262851737151504,0.7403144722941839,death,M Theekshana,2025.0,46178000.00000001,0.2734747579261778
2024,MP Stoinis,Lucknow Super Giants,0,6,15.0,1,16.67,2,33.33,0.0,0.49633907863283816,0.2305046601141018,0.3956442539114753,-0.2480775095923473,0.3659517889866861,death,,,,
2016,A Zampa,Lucknow Super Giants,5,18,5.0,8,44.44,1,5.56,0.48033700651926015,0.1839838688195731,0.5768689637623333,0.17122728783097368,0.7686044650304689,1.3826337636095023,death,A Zampa,2016.0,4909159.1997,15.65653982208274
2021,SM Curran,Chennai Super Kings,4,54,10.78,16,29.63,12,22.22,0.19842280546653177,0.43172536972816417,0.3520008809674227,0.3642992220940931,0.12125455797053084,0.7352838565495643,death,,,,
2018,AJ Tye,Punjab Kings,11,108,9.44,32,29.63,21,19.44,0.7125719177662222,0.3353724705593332,0.411691562562731,0.31098046756026404,0.96492221692634,1.5789515155053735,death,AJ Tye,2018.0,107448923.73599999,0.8980287408900771
2020,M Ashwin,Punjab Kings,3,21,9.71,7,33.33,5,23.81,0.20110134562524473,0.31598798510984666,0.4936324730661607,0.32732586903077077,0.2251488056045454,0.8391781041835789,death,,,,
2019,SN Thakur,Royal Challengers Bengaluru,0,6,9.0,1,16.67,1,16.67,0.01969513567294069,0.3086422911558173,0.27070995933506037,0.2588425038787815,-0.09035397631603223,0.5236753222630012,death,,,,
2019,AJ Tye,Punjab Kings,2,36,12.67,2,5.56,10,27.78,0.12629489684100248,0.43596072833668464,0.15701441887496886,0.3714444239948196,-0.049270947609125364,0.5647583509699081,death,,,,
2017,MM Sharma,Gujarat Titans,0,6,5.0,3,50.0,0,0.0,0.03863771635483625,0.194145415440387,0.6199914779897023,0.13024827644582967,0.12722136881926135,0.7412506673982948,death,,,,
2024,RA Jadeja,Chennai Super Kings,0,6,8.0,1,16.67,1,16.67,0.0,0.19385717686669157,0.2305046601141018,0.19788147952908175,-0.06775591657117062,0.5462733820078628,death,,,,
2017,AD Mathews,Delhi Capitals,0,6,12.0,0,0.0,1,16.67,0.03863771635483625,0.44477826010634236,0.11862242354835205,0.29290928476692946,-0.17224078787585578,0.44178851070317765,death,AD Mathews,2017.0,31196004.192,-0.5521245183061801
2025,A Zampa,Sunrisers Hyderabad,0,6,22.0,1,16.67,4,66.67,0.003221115286643484,0.7684585179932559,0.2766770193621398,0.7544442635092778,-0.44588190751147855,0.16814739106755489,death,A Zampa,2025.0,25188000.000000004,-1.770215608668725
2013,WD Parnell,Lucknow Super Giants,2,29,12.21,4,13.79,9,31.03,0.1502491674952986,0.45384645709937266,0.24285809594119134,0.43041319373401643,-0.012431360934648694,0.6015979376443847,death,,,,
2021,Avesh Khan,Royal Challengers Bengaluru,0,12,6.5,3,25.0,1,8.33,0.015961212335982394,0.25748959219665934,0.3017971071288382,0.19144534328551846,-0.045948489221694234,0.5680808093573392,death,,,,
2014,AB Dinda,Royal Challengers Bengaluru,1,36,13.0,9,25.0,11,30.56,0.09750385609558826,0.4671604891699417,0.3601050186580063,0.4142042151135453,-0.056838170461256,0.5571911281177775,death,AB Dinda,2014.0,29055275.7555,-0.19562082610934042
2015,A Nehra,Royal Challengers Bengaluru,2,6,1.0,5,83.33,0,0.0,0.14549234706320432,0.0361606315356609,0.9481894981321465,0.09875811504514659,0.45860368290664205,1.0726329814856754,death,,,,
2023,M Pathirana,Chennai Super Kings,18,134,8.42,46,34.33,18,13.43,0.8734218588998739,0.2648937204707666,0.469198915358036,0.20769885554967038,1.2826253181040141,1.8966546166830476,death,,,,
2015,M de Lange,Mumbai Indians,0,12,12.5,3,25.0,4,33.33,0.04496203496913795,0.4382766382481765,0.36656850716909556,0.4291442324851433,-0.12664032044037798,0.48738897813865545,death,,,,
2016,CJ Jordan,Punjab Kings,0,12,14.0,1,8.33,4,33.33,0.02497897366775858,0.47774967598763624,0.19451796152585904,0.42822898472922555,-0.22374471685442657,0.3902845817246069,death,,,,
2020,A Nortje,Delhi Capitals,6,112,8.73,38,33.93,21,18.75,0.37521004317064227,0.2804162350226236,0.501079697017509,0.27442259001826586,0.518645702846687,1.1326750014257203,death,,,,
2019,RA Jadeja,Royal Challengers Bengaluru,1,6,1.0,5,83.33,0,0.0,0.07299501625697159,0.031108913104880346,0.9528832020956095,0.08988894777307886,0.3559472354402644,0.9699765340192978,death,,,,
2015,P Negi,Chennai Super Kings,0,6,25.0,1,16.67,4,66.67,0.04496203496913795,0.8753592542400414,0.28350828336106865,0.7596294756729467,-0.42553700693587304,0.1884922916431604,death,,,,
2014,Sandeep Sharma,Punjab Kings,2,31,14.52,4,12.9,10,32.26,0.15776236058549375,0.5206690329701495,0.2273649316991908,0.4312562185829623,-0.03279145837495066,0.5812378402040828,death,Sandeep Sharma,2014.0,16464656.261449998,-0.1991627268388706
2014,Sandeep Sharma,Punjab Kings,2,31,14.52,4,12.9,10,32.26,0.15776236058549375,0.5206690329701495,0.2273649316991908,0.4312562185829623,-0.03279145837495066,0.5812378402040828,death,Sandeep Sharma,2014.0,1937018.3837,-1.6928831781304
2025,Mukesh Kumar,Delhi Capitals,4,63,16.38,10,15.87,26,41.27,0.20136578105957859,0.552521674437151,0.26817433553697767,0.48591677757022367,0.0157172692045337,0.6297465677835672,death,Mukesh Kumar,2025.0,83960000.00000001,0.01871994902874428
2015,DJ Bravo,Punjab Kings,1,12,10.0,2,16.67,2,16.67,0.09522719101617114,0.3508601150498035,0.28350828336106865,0.2640007366390484,0.008349004520941339,0.6223783030999748,death,,,,
2015,SP Narine,Kolkata Knight Riders,2,24,12.25,6,25.0,7,29.17,0.14549234706320432,0.4295349859283392,0.36656850716909556,0.387907921397523,0.04002270195494252,0.6540520005339759,death,,,,
2014,R Vinay Kumar,Royal Challengers Bengaluru,1,12,6.5,3,25.0,1,8.33,0.09750385609558826,0.2383410584453688,0.3601050186580063,0.19122419327522863,0.10158360838006819,0.7156129069591016,death,,,,
2017,TA Boult,Gujarat Titans,1,12,13.0,2,16.67,5,41.67,0.10303796550864269,0.4805829522014788,0.2857788662990982,0.5368520087037918,-0.11299817533903554,0.5010311232399979,death,,,,
2020,AR Patel,Delhi Capitals,0,6,6.0,3,50.0,1,16.67,0.026992648079847133,0.18132350263678784,0.7005411785144516,0.25267578757834286,0.1023191883458882,0.7163484869249216,death,,,,
2023,SN Thakur,Kolkata Knight Riders,3,35,12.34,7,20.0,10,28.57,0.17301536875358597,0.4289451643948652,0.30753947249282826,0.3877197545135495,0.06389090276621645,0.6779202013452499,death,,,,
2024,A Nortje,Delhi Capitals,3,42,21.29,9,21.43,25,59.52,0.13192849795143954,0.7681406732198469,0.29632362724926226,0.7065330330876389,-0.23242634411229252,0.3816029544667409,death,,,,
2019,MM Sharma,Chennai Super Kings,1,6,16.0,1,16.67,3,50.0,0.07299501625697159,0.5514839969503872,0.27070995933506037,0.5966482642268958,-0.2088825658622481,0.40514673271678536,death,MM Sharma,2019.0,72212627.65,-0.2892604419197424
2020,TA Boult,Mumbai Indians,5,80,9.38,24,30.0,19,23.75,0.31717381065550976,0.30400974273353687,0.4523003801361782,0.3266985574219268,0.3918373657041253,1.0058666642831589,death,,,,
2014,R Shukla,Royal Challengers Bengaluru,0,6,27.0,1,16.67,4,66.67,0.037245351605682764,0.9600023399613297,0.26872279350371436,0.7764088299845133,-0.4804387195202474,0.13359057905878602,death,R Shukla,2014.0,7748073.5348,-6.200750642884147
2020,Ravi Bishnoi,Punjab Kings,1,6,10.0,1,16.67,1,16.67,0.08502888059497966,0.326514319319331,0.28684788801705896,0.25267578757834286,0.007189223296351924,0.6212185218753854,death,,,,
2022,AD Russell,Kolkata Knight Riders,7,67,11.64,21,31.34,22,32.84,0.386506904130106,0.37429901151469386,0.41125644651882437,0.38419392370396105,0.43815950843374046,1.0521888070127738,death,,,,
2019,BA Stokes,Royal Challengers Bengaluru,0,12,8.5,2,16.67,2,16.67,0.01969513567294069,0.29129645502763374,0.27070995933506037,0.2588425038787815,-0.0834156418647588,0.5306136567142746,death,,,,
2024,YS Chahal,Rajasthan Royals,2,36,11.67,8,22.22,9,25.0,0.08795233196762636,0.352444116792657,0.3072473633914422,0.29676286672027846,-0.005903799764274145,0.6081254988147593,death,,,,
2023,Naveen-ul-Haq,Royal Challengers Bengaluru,3,12,5.5,4,33.33,1,8.33,0.17301536875358597,0.1426921346905707,0.4579177260443439,0.14705773370582734,0.2957041969557056,0.909733495534739,death,,,,
2021,JR Hazlewood,Chennai Super Kings,4,36,8.33,12,33.33,6,16.67,0.19842280546653177,0.33198759987952237,0.3921205274475011,0.2952323374729564,0.1939056252403521,0.8079349238193856,death,,,,
2013,DS Kulkarni,Mumbai Indians,3,36,7.5,17,47.22,4,11.11,0.20617693220648214,0.29313220437621995,0.5426955330734636,0.23467415653798132,0.2844189295198799,0.8984482280989133,death,,,,
2023,Mohsin Khan,Lucknow Super Giants,2,18,6.33,10,55.56,2,11.11,0.12632160274383342,0.17742751695000994,0.7086985644877192,0.18011309031874567,0.2770870395864382,0.8911163381654716,death,,,,
2013,Harmeet Singh,Delhi Capitals,0,6,6.0,2,33.33,0,0.0,0.03839363807293146,0.24194932134336877,0.4181145578485978,0.12550444251950996,0.04859376317077603,0.6626230617498094,death,,,,
2023,K Kartikeya,Royal Challengers Bengaluru,0,6,15.0,2,33.33,3,50.0,0.03293407072432839,0.5402657870576464,0.4579177260443439,0.6425313704181684,-0.22208930204871333,0.3919399965303201,death,,,,
2022,AS Joseph,Gujarat Titans,2,36,9.17,11,30.56,7,19.44,0.12069392709640071,0.2909423971702331,0.40392307551971607,0.26132612411639444,0.10744301719750432,0.7214723157765377,death,AS Joseph,2022.0,29850682.8192,0.3599348726736556
2022,Fazalhaq Farooqi,Royal Challengers Bengaluru,0,12,16.5,1,8.33,5,41.67,0.014368736282918574,0.5383124308321348,0.1949220020451311,0.4651583020889023,-0.2748427579216074,0.33918654065742604,death,Fazalhaq Farooqi,2022.0,6218892.254000001,-4.419480941237214
2022,NT Ellis,Punjab Kings,2,12,13.5,3,25.0,4,33.33,0.12069392709640071,0.43706957940161567,0.3516493027568419,0.38868685070380493,-0.004898205500134117,0.6091310930788993,death,NT Ellis,2022.0,9328338.381000001,-0.05250887457203314
2019,KK Ahmed,Sunrisers Hyderabad,7,53,7.58,20,37.74,7,13.21,0.39279429976115693,0.259380116551776,0.48633237495109355,0.22377475918017734,0.5642066877522998,1.1782359863313332,death,,,,
2019,S Kaul,Sunrisers Hyderabad,2,42,11.57,11,26.19,10,23.81,0.12629489684100248,0.39779988885468076,0.3681340408094142,0.33120773426838646,0.041400281681939724,0.6554295802609732,death,,,,
2025,Mukesh Choudhary,Chennai Super Kings,0,6,15.0,2,33.33,3,50.0,0.003221115286643484,0.4994980366956164,0.4537454100211392,0.5782098859264418,-0.23230688451987214,0.3817224140591613,death,Mukesh Choudhary,2025.0,3148500.0000000005,-7.378335223753282
2017,Mohammed Shami,Gujarat Titans,1,6,8.0,2,33.33,1,16.67,0.10303796550864269,0.3015594917257964,0.4528350352389561,0.29290928476692946,0.08191087671425347,0.6959401752932869,death,,,,
2018,YS Chahal,Royal Challengers Bengaluru,0,12,13.5,2,16.67,3,25.0,0.020126526528841268,0.47966708042310446,0.28960626619376717,0.36664747790516006,-0.1847894058893978,0.42923989268963564,death,YS Chahal,2018.0,89540769.77999999,-0.20637460046794542
2015,MJ McClenaghan,Delhi Capitals,1,6,13.0,2,33.33,2,33.33,0.09522719101617114,0.45575994288785104,0.4496287309771225,0.4291442324851433,-0.03331784108328997,0.5807114574957435,death,MJ McClenaghan,2015.0,5236600.1181,-0.636249481187781
2018,Rashid Khan,Delhi Capitals,1,12,7.5,6,50.0,2,16.67,0.08307610755042134,0.2664238146145756,0.6035802575500607,0.28324708291001904,0.11414458787181428,0.7281738864508477,death,Rashid Khan,2018.0,134311154.67,0.08498518842479272
2020,Kuldeep Yadav,Kolkata Knight Riders,1,12,7.0,6,50.0,2,16.67,0.08502888059497966,0.21762120680742364,0.7005411785144516,0.25267578757834286,0.17485445545033268,0.7888837540293661,death,,,,
2023,A Zampa,Rajasthan Royals,1,18,11.33,3,16.67,5,27.78,0.07962783673408091,0.3866768076695235,0.2699731120782336,0.37832632583577774,-0.06773493209395128,0.5462943664850821,death,A Zampa,2023.0,17746291.9845,-0.3816849860980111
2013,JA Morkel,Delhi Capitals,1,6,1.0,5,83.33,0,0.0,0.09432140278411502,0.07133971123386489,0.8665701922073659,0.12550444251950996,0.33526594458898334,0.9492952431680168,death,,,,
2015,CH Morris,Rajasthan Royals,5,60,9.6,13,21.67,12,20.0,0.2962878152043039,0.3368734713380639,0.33336436007657105,0.297009610658706,0.32058875909658985,0.9346180576756233,death,CH Morris,2015.0,24437467.2178,1.3118739198269955
2019,RA Jadeja,Chennai Super Kings,4,36,5.17,20,55.56,3,8.33,0.23289465800906428,0.17577318641393122,0.6686955190553987,0.17431504989428478,0.4273468531963581,1.0413761517753914,death,,,,
2018,Sandeep Sharma,Sunrisers Hyderabad,2,6,3.0,4,66.67,0,0.0,0.1460256885720014,0.10649136525817893,0.760614354036992,0.11634617239753385,0.369722441246568,0.9837517398256015,death,Sandeep Sharma,2018.0,44770384.88999999,0.8258192154366535
2021,Kartik Tyagi,Rajasthan Royals,2,12,6.0,6,50.0,1,8.33,0.10719200890125709,0.23713494528877319,0.5728757995617999,0.19144534328551846,0.1803631721192608,0.7943924706982942,death,,,,
2013,M Morkel,Lucknow Super Giants,0,6,10.0,2,33.33,2,33.33,0.03839363807293146,0.3784370094309719,0.4181145578485978,0.4530135845749241,-0.10425405468088947,0.509775243898144,death,,,,
2016,IK Pathan,Lucknow Super Giants,0,6,16.0,0,0.0,2,33.33,0.02497897366775858,0.5430309664694281,0.1063156948786746,0.42822898472922555,-0.27631791304129866,0.3377113855377348,death,IK Pathan,2016.0,16363863.999,-1.6885859785817368
2020,B Kumar,Royal Challengers Bengaluru,0,12,8.0,3,25.0,2,16.67,0.026992648079847133,0.2539189109780594,0.39024018054160986,0.25267578757834286,-0.01980927438247298,0.5942200241965605,death,,,,
2013,B Lee,Kolkata Knight Riders,1,18,10.33,6,33.33,5,27.78,0.09432140278411502,0.3896972436981992,0.4181145578485978,0.3984778588501252,-0.008505783603565395,0.6055235149754681,death,,,,
2015,RA Jadeja,Chennai Super Kings,1,6,3.0,3,50.0,0,0.0,0.09522719101617114,0.10609385009435926,0.6158488907466075,0.09875811504514659,0.25553047919695127,0.8695597777759847,death,,,,
2019,N Rana,Kolkata Knight Riders,1,6,5.0,2,33.33,0,0.0,0.07299501625697159,0.16987560213034883,0.4412021019151796,0.08988894777307886,0.14693622977594809,0.7609655283549815,death,,,,
2013,AB Dinda,Punjab Kings,0,12,10.5,0,0.0,2,16.67,0.03839363807293146,0.3954979704419223,0.1191740319850431,0.2893081448316538,-0.15164896492135493,0.4623803336576785,death,,,,
2020,L Ngidi,Chennai Super Kings,5,30,12.4,9,30.0,6,20.0,0.31717381065550976,0.41362880932885693,0.4523003801361782,0.28749158186918106,0.35975183173182096,0.9737811303108543,death,,,,
2017,B Kumar,Sunrisers Hyderabad,13,102,7.88,30,29.41,12,11.76,0.8758409553543199,0.29726292867438003,0.4135277013707543,0.2449989337857297,1.2454148918372354,1.8594441904162688,death,,,,
2016,DJ Bravo,Gujarat Titans,5,102,11.71,21,20.59,25,24.51,0.48033700651926015,0.4030025983859847,0.3243330622574894,0.3466029506405478,0.5526235039095788,1.1666528024886123,death,,,,
2019,HF Gurney,Royal Challengers Bengaluru,1,12,17.5,1,8.33,6,50.0,0.07299501625697159,0.6035215053349379,0.18536155182496467,0.5966482642268958,-0.2553020914690971,0.35872720710993633,death,HF Gurney,2019.0,10831894.1475,-2.356947806104815
2016,Mohammed Shami,Gujarat Titans,1,12,9.0,2,16.67,2,16.67,0.11605058023805889,0.3145464497831567,0.28282611324704976,0.27404647589505643,0.050891181649423606,0.6649204802284571,death,,,,
2022,AS Joseph,Royal Challengers Bengaluru,1,6,15.0,1,16.67,2,33.33,0.06753133168965963,0.4876910051168752,0.2733326611894424,0.38868685070380493,-0.1283856613665694,0.48564363721246406,death,AS Joseph,2022.0,29850682.8192,-0.43009287976485266
2014,RA Jadeja,Delhi Capitals,0,6,4.0,2,33.33,0,0.0,0.037245351605682764,0.15033358508976383,0.4514872438122983,0.10766937627508567,0.09887995363378238,0.7129092522128158,death,,,,
2025,Kuldeep Yadav,Delhi Capitals,3,30,5.2,11,36.67,1,3.33,0.1518296146163448,0.12295336287892097,0.48924411499119075,0.08481706038409316,0.2998911931550781,0.9139204917341115,death,,,,
2016,B Kumar,Punjab Kings,2,12,11.5,4,33.33,4,33.33,0.2071221868083592,0.39614806288539645,0.4592306465414186,0.42822898472922555,0.1615245536020381,0.7755538521810715,death,,,,
2016,A Nehra,Lucknow Super Giants,2,6,9.0,2,33.33,1,16.67,0.2071221868083592,0.3145464497831567,0.4592306465414186,0.27404647589505643,0.2404199514931847,0.8544492500722182,death,A Nehra,2016.0,90001251.9945,0.26712956338415916
2016,Z Khan,Delhi Capitals,3,45,9.07,14,31.11,6,13.33,0.29819379337865953,0.3168312949500195,0.4357241601120369,0.24313593690909457,0.3783346390488641,0.9923639376278975,death,,,,
2023,MM Sharma,Royal Challengers Bengaluru,0,6,15.0,0,0.0,2,33.33,0.03293407072432839,0.5402657870576464,0.0819156862189863,0.4443181349011363,-0.27542594334121095,0.3386033552378225,death,MM Sharma,2023.0,5915430.661499999,-4.656059027684894
2021,SP Narine,Kolkata Knight Riders,3,18,9.0,7,38.89,3,16.67,0.15280740718389443,0.3592628267360897,0.45240842864459174,0.2952323374729564,0.13265880743289638,0.7466881060119298,death,,,,
2024,Yuvraj Singh,Lucknow Super Giants,0,12,14.5,1,8.33,3,25.0,0.0,0.47473322850668487,0.11518319248653078,0.29676286672027846,-0.24436719367279827,0.3696621049062352,death,,,,
2020,YS Chahal,Royal Challengers Bengaluru,1,36,11.67,9,25.0,7,19.44,0.08502888059497966,0.38713148528429286,0.39024018054160986,0.28163667351997107,0.00527177888524398,0.6193010774642774,death,,,,
2017,MJ McClenaghan,Lucknow Super Giants,0,6,7.0,2,33.33,1,16.67,0.03863771635483625,0.26575479963065995,0.4528350352389561,0.29290928476692946,-0.00036762017840162586,0.6136616784006318,death,,,,
2017,TM Head,Gujarat Titans,0,6,11.0,1,16.67,1,16.67,0.03863771635483625,0.4089735680112058,0.2857788662990982,0.29290928476692946,-0.10777197821257732,0.5062573203664561,death,,,,
2021,B Kumar,Sunrisers Hyderabad,2,72,10.33,16,22.22,13,18.06,0.10719200890125709,0.4134061875110667,0.27165315653029287,0.31253016983752935,-0.01683756564471199,0.5971917329343215,death,,,,
2022,Ramandeep Singh,Mumbai Indians,3,12,6.5,6,50.0,1,8.33,0.17385652250314176,0.2008362593970711,0.5866932450359523,0.15945588132401645,0.308621489109465,0.9226507876884984,death,,,,
2015,KV Sharma,Sunrisers Hyderabad,0,6,20.0,1,16.67,3,50.0,0.04496203496913795,0.7005262078432953,0.28350828336106865,0.594386854079045,-0.3060310018990042,0.30799829668002926,death,,,,
2021,LH Ferguson,Royal Challengers Bengaluru,2,12,5.5,7,58.33,2,16.67,0.10719200890125709,0.2167802983808871,0.6631992198804627,0.2952323374729564,0.18446595872178273,0.7984952573008162,death,,,,
2019,MJ McClenaghan,Mumbai Indians,1,18,9.0,5,27.78,3,16.67,0.07299501625697159,0.3086422911558173,0.38440549979515193,0.2588425038787815,0.023704506698041597,0.637733805277075,death,,,,
2023,AD Russell,Kolkata Knight Riders,2,25,11.52,7,28.0,6,24.0,0.12632160274383342,0.39462828071686495,0.39778898700236504,0.333380553175047,0.05095362197719956,0.664982920556233,death,,,,
2013,M Kartik,Lucknow Super Giants,2,6,8.0,2,33.33,1,16.67,0.1502491674952986,0.31019316538717034,0.4181145578485978,0.2893081448316538,0.13993840899316295,0.7539677075721964,death,,,,
2016,TG Southee,Lucknow Super Giants,0,6,11.0,1,16.67,1,16.67,0.02497897366775858,0.37982774026494853,0.28282611324704976,0.27404647589505643,-0.11182874439874357,0.5022005541802899,death,TG Southee,2016.0,40909659.997499995,-0.27335535031476055
2016,MM Sharma,Lucknow Super Giants,1,12,8.0,3,25.0,2,16.67,0.11605058023805889,0.28190580454226083,0.37102837989423415,0.27404647589505643,0.09040811973993731,0.7044374183189708,death,MM Sharma,2016.0,106365115.9935,0.08499790452488405
2016,MM Sharma,Lucknow Super Giants,1,12,8.0,3,25.0,2,16.67,0.11605058023805889,0.28190580454226083,0.37102837989423415,0.27404647589505643,0.09040811973993731,0.7044374183189708,death,MM Sharma,2016.0,1636386.3998999998,5.524863794117464
2016,MM Sharma,Lucknow Super Giants,1,12,8.0,3,25.0,2,16.67,0.11605058023805889,0.28190580454226083,0.37102837989423415,0.27404647589505643,0.09040811973993731,0.7044374183189708,death,MM Sharma,2016.0,1636386.3998999998,5.524863794117464
2020,Navdeep Saini,Punjab Kings,0,6,11.0,1,16.67,2,33.33,0.026992648079847133,0.36281202348996683,0.28684788801705896,0.4268593109673413,-0.14663926416130074,0.4673900344177327,death,,,,
2014,S Kaul,Royal Challengers Bengaluru,0,6,9.0,3,50.0,1,16.67,0.037245351605682764,0.3263485318009738,0.634361396672088,0.2748793161781329,0.03317323883632116,0.6472025374153546,death,S Kaul,2014.0,8716582.72665,0.3805761945549786
2015,UT Yadav,Kolkata Knight Riders,2,66,11.45,14,21.21,19,28.79,0.14549234706320432,0.40156169850485984,0.3287776010187448,0.3841411429808653,0.04100477860422637,0.6550340771832598,death,,,,
2015,GS Sandhu,Delhi Capitals,1,24,12.5,4,16.67,7,29.17,0.09522719101617114,0.4382766382481765,0.28350828336106865,0.387907921397523,-0.0637897601859502,0.5502395383930833,death,GS Sandhu,2015.0,29674067.3359,-0.21496803745800183
2016,R Bhatia,Gujarat Titans,0,6,12.0,2,33.33,1,16.67,0.02497897366775858,0.4124683855058444,0.4592306465414186,0.27404647589505643,-0.07196364250679127,0.5420656560722421,death,R Bhatia,2016.0,9818318.3994,-0.732952829388676
2023,CV Varun,Kolkata Knight Riders,4,64,10.13,19,29.69,12,18.75,0.21970913476333845,0.33645697789684026,0.4168541969425047,0.2709558689240321,0.23875040939181336,0.8527797079708468,death,,,,
2021,A Nortje,Delhi Capitals,3,50,6.48,23,46.0,7,14.0,0.15280740718389443,0.2566754063203439,0.5295032087725261,0.2620055659525176,0.20679024109370664,0.82081953967274,death,,,,
2014,BW Hilfenhaus,Delhi Capitals,0,6,9.0,3,50.0,2,33.33,0.037245351605682764,0.3263485318009738,0.634361396672088,0.4419889501784188,-0.016959651363764622,0.5970696472152688,death,BW Hilfenhaus,2014.0,19370183.836999997,-0.08755544865490181
2018,BA Stokes,Rajasthan Royals,2,42,10.57,14,33.33,11,26.19,0.1460256885720014,0.37553328561993954,0.44654616106312955,0.3785618200473231,0.08922052091476826,0.7032498194938017,death,BA Stokes,2018.0,186543270.375,0.04782832462163446
2023,WD Parnell,Royal Challengers Bengaluru,1,25,11.52,6,24.0,6,24.0,0.07962783673408091,0.39462828071686495,0.35266422974759665,0.333380553175047,-0.03262445421385972,0.5814048443651737,death,,,,
2023,HV Patel,Royal Challengers Bengaluru,8,96,11.75,21,21.88,23,23.96,0.40648419880234854,0.4042537480899626,0.3287481084025694,0.3329049365331345,0.4467777505283681,1.0608070491074015,death,,,,
2022,SA Abbott,Sunrisers Hyderabad,0,6,18.0,2,33.33,3,50.0,0.014368736282918574,0.5889338565473944,0.4299659443242415,0.5415380610862478,-0.24749207322318179,0.36653722535585165,death,SA Abbott,2022.0,29850682.8192,-0.829100207597243
2019,Navdeep Saini,Punjab Kings,0,6,8.0,3,50.0,1,16.67,0.01969513567294069,0.2739506188994502,0.6117965807153348,0.2588425038787815,0.02584867900059694,0.6398779775796304,death,,,,
2025,YS Chahal,Punjab Kings,6,30,10.4,9,30.0,6,20.0,0.30043811394604614,0.3227525775571675,0.4183529885989022,0.2610514379669291,0.3687466050857941,0.9827759036648276,death,YS Chahal,2025.0,188910000.00000003,0.1951969747952962
2015,AD Mathews,Delhi Capitals,1,30,9.2,9,30.0,7,23.33,0.09522719101617114,0.32288682762632415,0.416424583884598,0.3300184846783636,0.03960788523559734,0.6536371838146308,death,AD Mathews,2015.0,130915002.9525,0.030254657099895804
2013,A Nehra,Punjab Kings,1,6,6.0,3,50.0,1,16.67,0.09432140278411502,0.24194932134336877,0.5676296663438111,0.2893081448316538,0.12819883209247218,0.7422281306715056,death,,,,
2016,CJ Jordan,Royal Challengers Bengaluru,3,36,12.67,9,25.0,9,25.0,0.29819379337865953,0.43433761781724467,0.37102837989423415,0.351137730312141,0.2795228378157193,0.8935521363947527,death,,,,
2013,SL Malinga,Punjab Kings,3,12,8.5,6,50.0,3,25.0,0.20617693220648214,0.3272541263981208,0.5676296663438111,0.371160864703289,0.2373043882426315,0.851333686821665,death,,,,
2025,Harpreet Brar,Punjab Kings,0,12,10.0,1,8.33,2,16.67,0.003221115286643484,0.3073834071973024,0.1880365404848255,0.2258468502434232,-0.12946478287653504,0.48456451570249837,death,,,,
2025,KT Maphaka,Rajasthan Royals,0,6,16.0,1,16.67,3,50.0,0.003221115286643484,0.5379209625952791,0.2766770193621398,0.5782098859264418,-0.30079657207743704,0.3132327265015964,death,KT Maphaka,2025.0,15742500.000000002,-1.9107293763851805
2023,Kartik Tyagi,Sunrisers Hyderabad,0,7,12.86,2,28.57,2,28.57,0.03293407072432839,0.4507070906296946,0.40421926491116955,0.3877197545135495,-0.12593187704609926,0.4880974215329342,death,,,,
2017,Sandeep Sharma,Punjab Kings,5,42,11.86,12,28.57,11,26.19,0.3606389621238684,0.4397656032130232,0.40510470125613957,0.3858026740420866,0.37084281006480935,0.9848721086438428,death,,,,
2016,JP Faulkner,Gujarat Titans,1,12,14.0,2,16.67,3,25.0,0.11605058023805889,0.47774967598763624,0.28282611324704976,0.351137730312141,-0.03751748515749355,0.5765118134215399,death,,,,
2016,MJ McClenaghan,Lucknow Super Giants,0,6,6.0,2,33.33,0,0.0,0.02497897366775858,0.21662451406046904,0.4592306465414186,0.11977142053697726,0.05265642267878264,0.6666857212578161,death,,,,
2015,A Mishra,Delhi Capitals,0,19,7.26,5,26.32,1,5.26,0.04496203496913795,0.2550516056243868,0.3797305114219882,0.15089825839151272,0.03407208611309486,0.6481013846921283,death,A Mishra,2015.0,61093668.0445,0.05577024134199489
2018,AD Russell,Royal Challengers Bengaluru,1,6,17.0,1,16.67,2,33.33,0.08307610755042134,0.6040589854780797,0.28960626619376717,0.4500478729003011,-0.16514191487756005,0.4488873837014734,death,,,,
2019,JD Unadkat,Rajasthan Royals,5,56,14.36,11,19.64,18,32.14,0.2861945385930951,0.494589654449945,0.3011038166857779,0.4156338363895924,0.19709694019852034,0.8111262387775537,death,JD Unadkat,2019.0,121317214.452,0.1624641161510538
2018,Shakib Al Hasan,Royal Challengers Bengaluru,0,6,13.0,0,0.0,1,16.67,0.020126526528841268,0.46189680827239377,0.13257216970683605,0.28324708291001904,-0.1997714074766505,0.4142578911023829,death,Shakib Al Hasan,2018.0,29846923.259999998,-0.669319935379666
2018,Shakib Al Hasan,Royal Challengers Bengaluru,0,6,13.0,0,0.0,1,16.67,0.020126526528841268,0.46189680827239377,0.13257216970683605,0.28324708291001904,-0.1997714074766505,0.4142578911023829,death,Shakib Al Hasan,2018.0,2984692.326,-6.69319935379666
2024,AS Joseph,Royal Challengers Bengaluru,0,22,15.0,4,18.18,8,36.36,0.0,0.49633907863283816,0.25138420641118,0.431611913357973,-0.2526039435371732,0.36142535504186024,death,AS Joseph,2024.0,127511626.25,-0.19810267578418025
2025,TA Boult,Mumbai Indians,8,76,8.92,24,31.58,13,17.11,0.3995104468325137,0.2658866472256666,0.4351457891535972,0.23049850748016265,0.5543051958605343,1.1683344944395677,death,,,,
2019,MM Ali,Royal Challengers Bengaluru,0,6,13.0,3,50.0,2,33.33,0.01969513567294069,0.4474089801812858,0.6117965807153348,0.42769470812119326,-0.09419032678486083,0.5198389717941726,death,,,,
2016,CH Gayle,Royal Challengers Bengaluru,0,6,2.0,5,83.33,0,0.0,0.02497897366775858,0.08606193309688541,0.9886560165725378,0.11977142053697726,0.2637090660735518,0.8777383646525853,death,,,,
2019,TA Boult,Delhi Capitals,3,42,12.14,13,30.95,12,28.57,0.17959477742503335,0.4175741420408101,0.4168460815465911,0.3794512211947899,0.1135809674267663,0.7276102660057997,death,,,,
2016,HV Patel,Royal Challengers Bengaluru,0,18,9.0,6,33.33,3,16.67,0.02497897366775858,0.3145464497831567,0.4592306465414186,0.27404647589505643,-0.0327948682177162,0.5812344303613173,death,,,,
2020,CJ Jordan,Royal Challengers Bengaluru,0,6,10.0,1,16.67,1,16.67,0.026992648079847133,0.326514319319331,0.28684788801705896,0.25267578757834286,-0.07986512547634687,0.5341641731026866,death,CJ Jordan,2020.0,41681170.359,-0.1916096040213564
2018,Rashid Khan,Punjab Kings,0,6,13.0,1,16.67,2,33.33,0.020126526528841268,0.46189680827239377,0.28960626619376717,0.4500478729003011,-0.2027014155276558,0.41132788305137763,death,Rashid Khan,2018.0,134311154.67,-0.1509192710208541
2024,AD Russell,Kolkata Knight Riders,6,44,9.55,21,47.73,10,22.73,0.2638569959028791,0.2608353122577669,0.6599872481851277,0.26981679842207723,0.40850250388012693,1.0225318024591603,death,,,,
2014,Imran Tahir,Delhi Capitals,5,30,4.0,14,46.67,1,3.33,0.33853787405521024,0.15033358508976383,0.5978304471206124,0.14107124189459064,0.5847011386147163,1.1987304371937497,death,,,,
2013,AB Dinda,Delhi Capitals,1,12,13.0,4,33.33,5,41.67,0.09432140278411502,0.4808027754966743,0.4181145578485978,0.5349645670154328,-0.08589400877254771,0.5281352898064857,death,,,,
2014,P Negi,Chennai Super Kings,0,6,8.0,2,33.33,1,16.67,0.037245351605682764,0.29114554245873175,0.4514872438122983,0.2748793161781329,-0.007607811284718949,0.6064214872943144,death,P Negi,2014.0,1937018.3837,-0.392758858085119
2018,UT Yadav,Punjab Kings,0,6,8.0,1,16.67,0,0.0,0.020126526528841268,0.28419408676528635,0.28960626619376717,0.11634617239753385,-0.03150981677398264,0.5825194818050508,death,UT Yadav,2018.0,62678538.84599999,-0.050272098479196635
2020,S Kaul,Sunrisers Hyderabad,1,6,21.0,1,16.67,4,66.67,0.08502888059497966,0.7257890651963249,0.28684788801705896,0.7754354616149531,-0.3093485772654287,0.30468072131360474,death,,,,
2017,S Kaul,Gujarat Titans,1,6,4.0,2,33.33,0,0.0,0.10303796550864269,0.1583407233452505,0.4528350352389561,0.13024827644582967,0.18799668656280175,0.8020259851418352,death,,,,
2018,S Kaul,Punjab Kings,0,6,6.0,0,0.0,0,0.0,0.020126526528841268,0.21311299816244336,0.13257216970683605,0.11634617239753385,-0.05018761027892479,0.5638416883001086,death,S Kaul,2018.0,56709154.194,-0.08850001554816839
2023,C Sakariya,Delhi Capitals,1,18,19.0,3,16.67,8,44.44,0.07962783673408091,0.7076652196332572,0.2699731120782336,0.5764206571923317,-0.2555585962864109,0.3584707022926225,death,,,,
2016,B Kumar,Gujarat Titans,4,18,7.67,5,27.78,2,11.11,0.38926539994895987,0.2711343916127652,0.40046443046796437,0.22259060860106003,0.5288064898384051,1.1428357884174385,death,,,,
2022,R Shepherd,Sunrisers Hyderabad,0,6,17.0,1,16.67,2,33.33,0.014368736282918574,0.555186239403888,0.2733326611894424,0.38868685070380493,-0.23512764819148613,0.3789016503875473,death,R Shepherd,2022.0,96392829.937,-0.2439264915711675
2013,B Lee,Delhi Capitals,1,6,12.0,2,33.33,2,33.33,0.09432140278411502,0.44668085347477354,0.4181145578485978,0.4530135845749241,-0.047659945231634804,0.5663693533473986,death,,,,
2018,DJ Bravo,Royal Challengers Bengaluru,1,24,10.0,7,29.17,4,16.67,0.08307610755042134,0.3552751753681293,0.4073582881545733,0.28324708291001904,0.019737452751746584,0.63376675133078,death,,,,
2013,SL Malinga,Lucknow Super Giants,0,12,5.5,2,16.67,0,0.0,0.03839363807293146,0.2248883603324184,0.2686891404802564,0.12550444251950996,0.01059052236465375,0.6246198209436872,death,,,,
2016,BB Sran,Sunrisers Hyderabad,2,21,5.71,6,28.57,1,4.76,0.2071221868083592,0.2071587269406092,0.4088293513144561,0.16382356591816843,0.3013215250551814,0.9153508236342148,death,,,,
2013,R Bhatia,Kolkata Knight Riders,3,17,7.76,6,35.29,2,11.76,0.20617693220648214,0.3020039041019142,0.43569401871546154,0.2410612235147596,0.2468536752291681,0.8608829738082016,death,,,,
2024,Arshdeep Singh,Punjab Kings,9,86,12.35,30,34.88,26,30.23,0.3957854938543186,0.3818280729642255,0.4823036919484025,0.3588456584381608,0.4779844216488601,1.0920137202278934,death,Arshdeep Singh,2024.0,2217593.5,21.554194745288534
2020,AS Rajpoot,Punjab Kings,1,6,9.0,3,50.0,2,33.33,0.08502888059497966,0.29021661514869523,0.7005411785144516,0.4268593109673413,0.0935612350971245,0.7075905336761579,death,,,,
2021,Shivam Mavi,Royal Challengers Bengaluru,0,12,9.0,2,16.67,1,8.33,0.015961212335982394,0.3592628267360897,0.21147368681017542,0.19144534328551846,-0.11375480913306521,0.5002744894459682,death,,,,
2022,Mustafizur Rahman,Delhi Capitals,6,84,8.29,26,30.95,12,14.29,0.333344308723365,0.2612444940839475,0.4075897610192702,0.21410454442415802,0.45356423043000216,1.0675935290090357,death,,,,
2015,JP Faulkner,Royal Challengers Bengaluru,0,6,15.0,0,0.0,2,33.33,0.04496203496913795,0.5256931614465494,0.11728812359158365,0.4291442324851433,-0.23639104479298076,0.37763825378605265,death,,,,
2023,Mustafizur Rahman,Delhi Capitals,1,12,11.5,5,41.67,4,33.33,0.07962783673408091,0.39379128355398696,0.552002844920536,0.4443181349011363,-0.005769345314653507,0.60825995326438,death,,,,
2014,DJ Hussey,Chennai Super Kings,2,11,15.27,3,27.27,4,36.36,0.15776236058549375,0.5470712749768311,0.38500749778168497,0.4723816387150855,-0.008397211392511983,0.6056320871865215,death,,,,
2023,VG Arora,Kolkata Knight Riders,3,36,11.33,8,22.22,7,19.44,0.17301536875358597,0.3866768076695235,0.33258371276922466,0.27916025599702265,0.12087936709423013,0.7349086656732635,death,VG Arora,2023.0,7098516.793799999,1.702882033043985
2013,S Kaul,Punjab Kings,0,6,18.0,1,16.67,3,50.0,0.03839363807293146,0.6514123856061782,0.2686891404802564,0.6168172868870678,-0.3074129410551175,0.3066163575239159,death,,,,
2019,S Gopal,Punjab Kings,0,6,5.0,2,33.33,0,0.0,0.01969513567294069,0.16987560213034883,0.4412021019151796,0.08988894777307886,0.06698640889990172,0.6810157074789351,death,,,,
2013,RJ Harris,Punjab Kings,0,6,1.0,5,83.33,0,0.0,0.03839363807293146,0.07133971123386489,0.8665701922073659,0.12550444251950996,0.251374297522208,0.8654035961012414,death,,,,
2024,C Green,Royal Challengers Bengaluru,1,25,9.12,7,28.0,5,20.0,0.04397616598381318,0.242254281149275,0.3871703949127085,0.2374102933762228,0.01399056697695547,0.6280198655559889,death,,,,
2023,RS Hangargekar,Chennai Super Kings,1,12,8.0,6,50.0,1,8.33,0.07962783673408091,0.24731678005032745,0.6459751519035911,0.14705773370582734,0.17019026854031952,0.7842195671193529,death,,,,
2023,Akash Singh,Chennai Super Kings,1,6,10.0,1,16.67,1,16.67,0.07962783673408091,0.3310164963381329,0.2699731120782336,0.24622380354458243,-0.005840050874036426,0.608189247704997,death,,,,
2024,Vijaykumar Vyshak,Royal Challengers Bengaluru,2,9,14.0,4,44.44,3,33.33,0.08795233196762636,0.4531273783805315,0.6144947267828844,0.3956442539114753,0.01633268846064967,0.630361987039683,death,,,,
2022,A Nortje,Delhi Capitals,5,30,8.6,9,30.0,5,16.67,0.2801817133166239,0.27170625539843446,0.398658091212664,0.23592733270911392,0.360409295366627,0.9744385939456605,death,,,,
2021,R Ashwin,Delhi Capitals,3,11,10.91,6,54.55,3,27.27,0.15280740718389443,0.43701757792421464,0.6222121215845989,0.42714386485746975,0.11292455662429454,0.726953855203328,death,,,,
2025,V Puthur,Mumbai Indians,0,12,12.0,2,16.67,3,25.0,0.003221115286643484,0.38422925899662796,0.2766770193621398,0.3139111792935146,-0.1600302786480984,0.45399901993093505,death,V Puthur,2025.0,3148500.0000000005,-5.082746661842095
2014,R Vinay Kumar,Kolkata Knight Riders,4,30,10.4,7,23.33,6,20.0,0.27827936956530475,0.37563271688011257,0.3417846926066656,0.3082811817976378,0.2772170208386204,0.8912463194176539,death,,,,
2024,PVD Chameera,Kolkata Knight Riders,0,6,18.0,3,50.0,3,50.0,0.0,0.6259741793897582,0.6913757052012651,0.5935257334405569,-0.22103468022769082,0.39299461835134264,death,,,,
2014,R Shukla,Delhi Capitals,0,6,15.0,3,50.0,2,33.33,0.037245351605682764,0.5375664678544257,0.634361396672088,0.4419889501784188,-0.10144682578514541,0.512582472793888,death,R Shukla,2014.0,7748073.5348,-1.3093167653804934
2014,IC Pandey,Punjab Kings,0,6,8.0,1,16.67,1,16.67,0.037245351605682764,0.29114554245873175,0.26872279350371436,0.2748793161781329,-0.062437146377294125,0.5515921522017393,death,IC Pandey,2014.0,29055275.7555,-0.21489090966715443
2021,DJ Bravo,Chennai Super Kings,7,76,9.32,24,31.58,14,18.42,0.33526900031444384,0.37228980075713686,0.3731450189771937,0.3170101839751166,0.3708280306694342,0.9848573292484677,death,,,,
2025,Azmatullah Omarzai,Punjab Kings,3,36,11.5,8,22.22,10,27.78,0.1518296146163448,0.3650177960467966,0.3356643883992014,0.3433011954710961,0.07944626138423014,0.6934755599632636,death,Azmatullah Omarzai,2025.0,25188000.000000004,0.3154131387336435
2021,MM Ali,Chennai Super Kings,0,8,4.5,2,25.0,0,0.0,0.015961212335982394,0.17607100456511496,0.3017971071288382,0.08778279393523576,0.017717710636008337,0.6317470092150418,death,MM Ali,2021.0,92828160.90100001,0.019086568627492296
2021,JO Holder,Sunrisers Hyderabad,5,41,8.78,14,34.15,7,17.07,0.24403820374916912,0.3503067820966198,0.40101190855930224,0.30021013095916443,0.2561751260651471,0.8702044246441805,death,,,,
2017,AB Dinda,Punjab Kings,0,6,12.0,1,16.67,1,16.67,0.03863771635483625,0.44477826010634236,0.2857788662990982,0.29290928476692946,-0.12209385505063196,0.49193544352840146,death,,,,
2015,PP Chawla,Punjab Kings,0,6,14.0,2,33.33,2,33.33,0.04496203496913795,0.49072655216720024,0.4496287309771225,0.4291442324851433,-0.12270221886557942,0.491327079713454,death,,,,
2017,IK Pathan,Gujarat Titans,0,6,10.0,2,33.33,1,16.67,0.03863771635483625,0.37316887591606934,0.4528350352389561,0.29290928476692946,-0.043333250692565384,0.570696047886468,death,,,,
2024,PJ Cummins,Sunrisers Hyderabad,4,90,11.67,18,20.0,26,28.89,0.17590466393525273,0.352444116792657,0.276550282080506,0.34293916878195385,0.10296268317538193,0.7169919817544154,death,PJ Cummins,2024.0,227303333.75,0.045297480453421614
2019,Imran Tahir,Chennai Super Kings,1,38,8.84,7,18.42,5,13.16,0.07299501625697159,0.3030916235947985,0.28861879784137545,0.22326799986372348,0.007861114340833572,0.621890412919867,death,,,,
2018,MA Wood,Chennai Super Kings,0,12,18.0,1,8.33,6,50.0,0.020126526528841268,0.6395995297795012,0.2110421171415173,0.6169487834127864,-0.34742202199991934,0.2666072765791141,death,,,,
2017,B Kumar,Punjab Kings,0,6,8.0,1,16.67,1,16.67,0.03863771635483625,0.3015594917257964,0.2857788662990982,0.29290928476692946,-0.06480634769841355,0.5492229508806199,death,,,,
2016,SP Narine,Kolkata Knight Riders,1,22,7.09,8,36.36,3,13.64,0.11605058023805889,0.25220281737304556,0.4913138239653045,0.2460048791503066,0.14678742685236945,0.7608167254314029,death,,,,
2016,YS Chahal,Royal Challengers Bengaluru,1,19,9.79,4,21.05,4,21.05,0.11605058023805889,0.3403325595234645,0.3292037756617758,0.3145818533676652,0.042329423235935706,0.6563587218149691,death,,,,
2020,TK Curran,Punjab Kings,1,12,9.0,3,25.0,2,16.67,0.08502888059497966,0.29021661514869523,0.39024018054160986,0.25267578757834286,0.052725992721971496,0.666755291301005,death,TK Curran,2020.0,13893723.453,0.3794950496915688
2022,D Pretorius,Chennai Super Kings,1,42,12.43,14,33.33,12,28.57,0.06753133168965963,0.4009596290580638,0.4299659443242415,0.3450412741338932,-0.0336094530316316,0.5804198455474019,death,D Pretorius,2022.0,6218892.254000001,-0.5404411534870048
2023,MM Sharma,Gujarat Titans,13,85,7.69,30,35.29,12,14.12,0.6399530288511112,0.23434332402571764,0.4800288570991804,0.2159032426226609,0.9454298980093356,1.559459196588369,death,MM Sharma,2023.0,5915430.661499999,15.982435635034546
2021,AF Milne,Mumbai Indians,0,6,10.0,1,16.67,1,16.67,0.015961212335982394,0.39997212055186193,0.21147368681017542,0.2952323374729564,-0.16117462491560547,0.45285467366342796,death,AF Milne,2021.0,42435730.6976,-0.379808765552188
2024,JJ Bumrah,Mumbai Indians,10,89,6.27,32,35.96,8,8.99,0.4397616598381318,0.11910093543020103,0.4972374071807498,0.10671592687261218,0.7291585596775586,1.343187858256592,death,,,,
2016,JD Unadkat,Kolkata Knight Riders,0,6,22.0,1,16.67,3,50.0,0.02497897366775858,0.7388748379148035,0.28282611324704976,0.5825040400873047,-0.3479848527163599,0.2660444458626735,death,JD Unadkat,2016.0,26182182.398399998,-1.3290903234163756
2013,AB Dinda,Lucknow Super Giants,4,90,11.8,22,24.44,25,27.78,0.26210469691766575,0.4398564690703934,0.33837914605960895,0.3984778588501252,0.1991848439111864,0.8132141424902198,death,,,,
2014,SL Malinga,Delhi Capitals,0,6,6.0,1,16.67,0,0.0,0.037245351605682764,0.2207395637742478,0.26872279350371436,0.10766937627508567,0.01588822706741362,0.6299175256464471,death,,,,
2024,Kuldeep Yadav,Delhi Capitals,3,30,11.8,8,26.67,7,23.33,0.13192849795143954,0.3580616378254569,0.3687798011543548,0.27693910722336385,0.08222029997627384,0.6962495985553072,death,,,,
2020,PJ Cummins,Royal Challengers Bengaluru,0,6,19.0,2,33.33,3,50.0,0.026992648079847133,0.6531936568550532,0.4936324730661607,0.6011473862911472,-0.2530429645897465,0.3609863339892869,death,PJ Cummins,2020.0,215352713.5215,-0.1175016374077328
2013,KA Pollard,Mumbai Indians,3,48,11.25,17,35.42,13,27.08,0.20617693220648214,0.42108941195834787,0.43686000336479436,0.39159947902897935,0.15440779082712852,0.768437089406162,death,,,,
2014,Shivam Sharma,Punjab Kings,0,12,6.5,4,33.33,1,8.33,0.037245351605682764,0.2383410584453688,0.4514872438122983,0.19122419327522863,0.03861051919149752,0.6526398177705309,death,,,,
2025,AR Patel,Delhi Capitals,0,12,11.0,3,25.0,3,25.0,0.003221115286643484,0.3458063330969652,0.3652112146916395,0.3139111792935146,-0.11810084968938338,0.49592844888965004,death,,,,
2015,KA Pollard,Royal Challengers Bengaluru,0,6,9.0,1,16.67,1,16.67,0.04496203496913795,0.31589350577045433,0.28350828336106865,0.2640007366390484,-0.05306208583786874,0.5609672127411647,death,,,,
2015,JJ Bumrah,Mumbai Indians,0,12,22.5,3,25.0,7,58.33,0.04496203496913795,0.7879427310416682,0.36656850716909556,0.6769586020020925,-0.3408510684128595,0.27317823016617393,death,,,,
2023,NA Saini,Rajasthan Royals,0,6,23.0,1,16.67,3,50.0,0.03293407072432839,0.8750646522088681,0.2699731120782336,0.6425313704181684,-0.4123922322990351,0.20163706627999833,death,,,,
2014,BE Hendricks,Delhi Capitals,3,12,7.0,4,33.33,1,8.33,0.21802086507539922,0.2559425531164898,0.4514872438122983,0.19122419327522863,0.3027331915276238,0.9167624901066572,death,BE Hendricks,2014.0,34866330.9066,0.8682679928053977
2025,Washington Sundar,Gujarat Titans,1,12,4.5,4,33.33,0,0.0,0.05275728172987726,0.096057314749157,0.4537454100211392,0.04961247266058726,0.16195287790331866,0.7759821764823521,death,Washington Sundar,2025.0,33584000.0,0.4822322472109298
2019,Kuldeep Yadav,Royal Challengers Bengaluru,1,6,9.0,2,33.33,1,16.67,0.07299501625697159,0.3086422911558173,0.4412021019151796,0.2588425038787815,0.04074348733404991,0.6547727859130833,death,,,,
2014,PJ Cummins,Kolkata Knight Riders,0,6,4.0,2,33.33,0,0.0,0.037245351605682764,0.15033358508976383,0.4514872438122983,0.10766937627508567,0.09887995363378238,0.7129092522128158,death,PJ Cummins,2014.0,19370183.836999997,0.5104750397097761
2014,IK Pathan,Delhi Capitals,0,6,5.0,1,16.67,0,0.0,0.037245351605682764,0.18553657443200583,0.26872279350371436,0.10766937627508567,0.029969422804310406,0.6439987213833438,death,IK Pathan,2014.0,46488441.208799995,0.06446639643111407
2013,MN Samuels,Lucknow Super Giants,0,6,15.0,1,16.67,2,33.33,0.03839363807293146,0.549046619540476,0.2686891404802564,0.4530135845749241,-0.2173255239351935,0.39670377464383993,death,,,,
2018,Shivam Mavi,Royal Challengers Bengaluru,0,6,9.0,1,16.67,0,0.0,0.020126526528841268,0.31973463106670785,0.28960626619376717,0.11634617239753385,-0.045726034494551246,0.5683032640844822,death,Shivam Mavi,2018.0,44770384.88999999,-0.10213455749129534
2020,T Natarajan,Royal Challengers Bengaluru,3,30,6.6,12,40.0,4,13.33,0.20110134562524473,0.2031021251391693,0.576420779325315,0.2177554413526973,0.3280107697739847,0.9420400683530181,death,,,,
2024,RD Chahar,Punjab Kings,1,24,11.5,7,29.17,5,20.83,0.04397616598381318,0.3450981277497649,0.40334858641441806,0.24726282055133603,-0.025249272365261602,0.5887800262137718,death,,,,
2023,Rashid Khan,Royal Challengers Bengaluru,0,6,6.0,1,16.67,0,0.0,0.03293407072432839,0.16361706376252202,0.2699731120782336,0.048010568027550334,0.050543043796688766,0.6645723423757222,death,,,,
2014,JH Kallis,Delhi Capitals,0,6,12.0,2,33.33,2,33.33,0.037245351605682764,0.4319574998276997,0.4514872438122983,0.4419889501784188,-0.11406548443239192,0.4999638141466415,death,JH Kallis,2014.0,106536011.1035,-0.10706753824448807
2018,RA Jadeja,Chennai Super Kings,0,6,6.0,1,16.67,0,0.0,0.020126526528841268,0.21311299816244336,0.28960626619376717,0.11634617239753385,-0.0030773813328454566,0.610951917246188,death,,,,
2016,CJ Jordan,Gujarat Titans,1,12,8.0,3,25.0,2,16.67,0.11605058023805889,0.28190580454226083,0.37102837989423415,0.27404647589505643,0.09040811973993731,0.7044374183189708,death,,,,
2020,PJ Cummins,Kolkata Knight Riders,2,42,10.14,13,30.95,11,26.19,0.1430651131101122,0.3315959979032201,0.4640918180591462,0.35220922951491346,0.11552404706715008,0.7295533456461836,death,PJ Cummins,2020.0,215352713.5215,0.05364411024967958
2016,P Kumar,Gujarat Titans,4,45,11.2,10,22.22,13,28.89,0.38926539994895987,0.38635586931312765,0.34159232932050393,0.38713832811315646,0.41569195256039293,1.0297212511394265,death,P Kumar,2016.0,57273523.99649999,0.7258012490829026
2023,CJ Jordan,Royal Challengers Bengaluru,1,12,8.5,6,50.0,3,25.0,0.07962783673408091,0.2682417091222788,0.6459751519035911,0.34527096922285944,0.10235632625642933,0.7163856248354628,death,,,,
2013,KK Cooper,Punjab Kings,2,12,5.0,4,33.33,0,0.0,0.1502491674952986,0.20782739932146801,0.4181145578485978,0.12550444251950996,0.23002582611308708,0.8440551246921205,death,,,,
2023,Mukesh Kumar,Royal Challengers Bengaluru,0,6,6.0,3,50.0,1,16.67,0.03293407072432839,0.16361706376252202,0.6459751519035911,0.24622380354458243,0.10387968508918638,0.7179089836682198,death,Mukesh Kumar,2023.0,65069737.276499994,0.15964362150068592
2020,Navdeep Saini,Royal Challengers Bengaluru,2,58,10.24,17,29.31,12,20.69,0.1430651131101122,0.3352257683202836,0.4437360725921277,0.2947056653708863,0.12521648450342726,0.7392457830824607,death,,,,
2015,PV Tambe,Royal Challengers Bengaluru,0,6,18.0,0,0.0,3,50.0,0.04496203496913795,0.6305929892845971,0.11728812359158365,0.594386854079045,-0.32792376240637033,0.2861055361726631,death,,,,
2013,DP Nannes,Chennai Super Kings,1,18,14.0,4,22.22,6,33.33,0.09432140278411502,0.5149246975185751,0.3184677158940796,0.4530135845749241,-0.10485153543551086,0.5091777631435226,death,DP Nannes,2013.0,73879430.77128,-0.14192250040490428
2016,M Morkel,Lucknow Super Giants,0,6,17.0,1,16.67,3,50.0,0.02497897366775858,0.5756716117103239,0.28282611324704976,0.5825040400873047,-0.28270356223456816,0.33132573634446527,death,,,,
2025,E Malinga,Sunrisers Hyderabad,6,40,7.8,19,47.5,9,22.5,0.30043811394604614,0.22285297021804423,0.6043491972743218,0.2874813086302218,0.45657634942508146,1.0706056480041148,death,E Malinga,2025.0,12594000.000000002,3.6253481771087928
2021,TA Boult,Mumbai Indians,6,68,11.47,17,25.0,18,26.47,0.28965360203180646,0.45981478246104707,0.3017971071288382,0.4171882778850537,0.21593713883642618,0.8299664374154596,death,,,,
2018,MJ McClenaghan,Royal Challengers Bengaluru,0,6,24.0,0,0.0,2,33.33,0.020126526528841268,0.8528427955880301,0.13257216970683605,0.4500478729003011,-0.40619003939998966,0.20783925917904378,death,,,,
2013,MM Sharma,Chennai Super Kings,2,16,9.75,6,37.5,4,25.0,0.1502491674952986,0.36990652892549675,0.45551575775411907,0.371160864703289,0.10271760758799818,0.7167469061670316,death,,,,
2013,B Kumar,Delhi Capitals,0,6,6.0,2,33.33,0,0.0,0.03839363807293146,0.24194932134336877,0.4181145578485978,0.12550444251950996,0.04859376317077603,0.6626230617498094,death,,,,
2016,JP Faulkner,Punjab Kings,0,12,7.5,3,25.0,1,8.33,0.02497897366775858,0.26558548192181286,0.37102837989423415,0.19686267495406182,-0.016516020785035584,0.5975132777939979,death,,,,
2019,DJ Bravo,Royal Challengers Bengaluru,2,7,9.43,3,42.86,2,28.57,0.12629489684100248,0.3235597102260552,0.5387285196095695,0.3794512211947899,0.1078016506955155,0.7218309492745489,death,,,,
2020,DJ Bravo,Chennai Super Kings,5,30,7.4,12,40.0,4,13.33,0.31717381065550976,0.232140288475678,0.576420779325315,0.2177554413526973,0.49050420198477873,1.1045335005638122,death,,,,
2020,Shahbaz Ahmed,Royal Challengers Bengaluru,1,6,6.0,1,16.67,0,0.0,0.08502888059497966,0.18132350263678784,0.28684788801705896,0.07838771225453701,0.11755197256651094,0.7315812711455444,death,Shahbaz Ahmed,2020.0,2778744.6906,4.2303984588497245
2016,JJ Bumrah,Royal Challengers Bengaluru,0,6,7.0,0,0.0,0,0.0,0.02497897366775858,0.24926515930136492,0.1063156948786746,0.11977142053697726,-0.0662743209163989,0.5477549776626345,death,,,,
2013,MR Marsh,Lucknow Super Giants,0,12,15.5,2,16.67,5,41.67,0.03839363807293146,0.5661075805514263,0.2686891404802564,0.5349645670154328,-0.24873520307172625,0.3652940955073072,death,,,,
2014,A Mishra,Sunrisers Hyderabad,1,21,16.57,4,19.05,8,38.1,0.09750385609558826,0.5928351611217457,0.2948320006906549,0.4898348657955475,-0.1493791398367837,0.46465015874224974,death,A Mishra,2014.0,92008373.22575,-0.16235385389356888
2014,A Mishra,Sunrisers Hyderabad,1,21,16.57,4,19.05,8,38.1,0.09750385609558826,0.5928351611217457,0.2948320006906549,0.4898348657955475,-0.1493791398367837,0.46465015874224974,death,A Mishra,2014.0,1937018.3837,-7.711808059944521
2014,A Mishra,Sunrisers Hyderabad,1,21,16.57,4,19.05,8,38.1,0.09750385609558826,0.5928351611217457,0.2948320006906549,0.4898348657955475,-0.1493791398367837,0.46465015874224974,death,A Mishra,2014.0,1937018.3837,-7.711808059944521
2017,AR Patel,Delhi Capitals,0,6,16.0,1,16.67,2,33.33,0.03863771635483625,0.5879970284868882,0.2857788662990982,0.4554727159984545,-0.22815039177230778,0.38587890680672565,death,,,,
2025,HV Patel,Sunrisers Hyderabad,7,77,10.44,26,33.77,15,19.48,0.3499742803892799,0.32428949459315404,0.45842188612497836,0.2555540248689642,0.4561059811234626,1.0701352797024961,death,HV Patel,2025.0,83960000.00000001,0.5432419975267538
2018,BCJ Cutting,Mumbai Indians,0,18,12.67,2,11.11,6,33.33,0.020126526528841268,0.45016842865292467,0.23723016682560058,0.4500478729003011,-0.21372289349031814,0.4003064050887153,death,BCJ Cutting,2018.0,32831615.586,-0.6509667272708123
2023,GJ Maxwell,Royal Challengers Bengaluru,1,8,12.75,2,25.0,2,25.0,0.07962783673408091,0.44610360623386536,0.3639454190612888,0.34527096922285944,-0.05339735244089598,0.5606319461381375,death,,,,
2022,Washington Sundar,Sunrisers Hyderabad,0,12,18.5,1,8.33,6,50.0,0.014368736282918574,0.6058076651191475,0.1949220020451311,0.5415380610862478,-0.32475477933561614,0.2892745192434173,death,Washington Sundar,2022.0,108830614.44500001,-0.2984038829439286
2014,DS Kulkarni,Delhi Capitals,0,6,9.0,0,0.0,1,16.67,0.037245351605682764,0.3263485318009738,0.0858486406439247,0.2748793161781329,-0.13138058797212782,0.4826487106069056,death,DS Kulkarni,2014.0,21307202.2207,-0.6166017791134082
2013,UT Yadav,Delhi Capitals,10,90,9.73,29,32.22,19,21.11,0.5976712851847672,0.3692240904850587,0.40815884276583314,0.33293672541149294,0.7713839267894292,1.3854132253684628,death,,,,
2020,KK Ahmed,Sunrisers Hyderabad,2,22,14.73,3,13.64,6,27.27,0.1430651131101122,0.49820246004643837,0.24923940706275052,0.3635008384741042,-0.01896174377681316,0.5950675548022203,death,,,,
2019,KH Pandya,Mumbai Indians,2,12,11.5,4,33.33,3,25.0,0.12629489684100248,0.3953714717967351,0.4412021019151796,0.3432686059999873,0.06067380531736735,0.6747031038964008,death,,,,
2018,Imran Tahir,Punjab Kings,0,6,5.0,2,33.33,0,0.0,0.020126526528841268,0.17757245386102188,0.44654616106312955,0.11634617239753385,0.05822080484853186,0.6722501034275653,death,Imran Tahir,2018.0,14923461.629999999,0.39012935666007315
2020,RA Jadeja,Chennai Super Kings,0,8,18.0,1,12.5,3,37.5,0.026992648079847133,0.6168959526844174,0.23508968155518892,0.47045746778199465,-0.27687974482203803,0.3371495537569954,death,,,,
2016,A Zampa,Royal Challengers Bengaluru,0,6,18.0,1,16.67,3,50.0,0.02497897366775858,0.6083122569512198,0.28282611324704976,0.5825040400873047,-0.29575982033092657,0.31826947824810686,death,A Zampa,2016.0,4909159.1997,-6.024653271562277
2018,SR Watson,Chennai Super Kings,1,12,12.5,3,25.0,3,25.0,0.08307610755042134,0.44412653612168307,0.3680762136284484,0.36664747790516006,-0.05260783240605474,0.5614214661729787,death,SR Watson,2018.0,59693846.519999996,-0.08812940608280095
2019,JJ Bumrah,Mumbai Indians,12,148,7.5,51,34.46,21,14.19,0.6592937026813113,0.25660478277126664,0.45276609477925733,0.2337072417826721,0.9520162968124358,1.5660455953914694,death,,,,
2024,Ravi Bishnoi,Lucknow Super Giants,2,18,14.0,8,44.44,6,33.33,0.08795233196762636,0.4531273783805315,0.6144947267828844,0.3956442539114753,0.01633268846064967,0.630361987039683,death,,,,
2022,M Theekshana,Royal Challengers Bengaluru,3,12,4.0,7,58.33,1,8.33,0.17385652250314176,0.11646721653830519,0.6650098866033519,0.15945588132401645,0.3658640987231912,0.9798933973022246,death,M Theekshana,2022.0,8706449.1556,4.202219437391039
2018,MM Sharma,Delhi Capitals,1,12,11.0,1,8.33,2,16.67,0.08307610755042134,0.39081571966955075,0.2110421171415173,0.28324708291001904,-0.053373616272738816,0.5606556823062946,death,MM Sharma,2018.0,35816307.912,-0.14902043059233464
2023,LH Ferguson,Kolkata Knight Riders,1,16,14.25,1,6.25,4,25.0,0.07962783673408091,0.5088783934497194,0.15242311942956194,0.34527096922285944,-0.14196395721675564,0.4720653413622778,death,,,,
2016,R Bhatia,Lucknow Super Giants,0,6,7.0,0,0.0,0,0.0,0.02497897366775858,0.24926515930136492,0.1063156948786746,0.11977142053697726,-0.0662743209163989,0.5477549776626345,death,R Bhatia,2016.0,9818318.3994,-0.6750068415019922
2016,DR Smith,Delhi Capitals,0,6,21.0,0,0.0,3,50.0,0.02497897366775858,0.7062341926739075,0.1063156948786746,0.5825040400873047,-0.38788172013051414,0.2261475784485193,death,DR Smith,2016.0,37636887.1977,-1.0305892676326793
2018,JJ Bumrah,Punjab Kings,1,12,4.5,4,33.33,0,0.0,0.08307610755042134,0.15980218171031113,0.44654616106312955,0.11634617239753385,0.15975328524118632,0.7737825838202197,death,,,,
2013,P Kumar,Punjab Kings,1,62,10.84,11,17.74,13,20.97,0.09432140278411502,0.4070994239293686,0.278286091055534,0.3315610494472638,-0.037340152913093866,0.5766891456659395,death,,,,
2013,JH Kallis,Punjab Kings,2,6,7.0,2,33.33,1,16.67,0.1502491674952986,0.27607124336526956,0.4181145578485978,0.2893081448316538,0.15358717780192327,0.7676164763809568,death,,,,
2025,Avesh Khan,Lucknow Super Giants,8,87,10.9,19,21.84,21,24.14,0.3995104468325137,0.34196404050699897,0.33162561358224946,0.30481930378534183,0.4705219469850432,1.0845512455640767,death,,,,
2023,Mustafizur Rahman,Royal Challengers Bengaluru,0,6,12.0,0,0.0,2,33.33,0.03293407072432839,0.41471621262593833,0.0819156862189863,0.4443181349011363,-0.22520611356852777,0.38882318501050567,death,,,,
2023,RA Jadeja,Chennai Super Kings,0,12,16.5,0,0.0,5,41.67,0.03293407072432839,0.6030405742735004,0.0819156862189863,0.5434842047398915,-0.33028567917917917,0.28374361939985426,death,,,,
2013,DJG Sammy,Sunrisers Hyderabad,0,14,15.43,3,21.43,5,35.71,0.03839363807293146,0.5637190460098932,0.31138211687121103,0.4764000759668199,-0.21740254902324274,0.3966267495557907,death,DJG Sammy,2013.0,52331263.46299,-0.41543531464130495
2014,MC Henriques,Delhi Capitals,2,6,4.0,5,83.33,1,16.67,0.15776236058549375,0.15033358508976383,0.9999999998404616,0.2748793161781329,0.39404631194103373,1.0080756105200672,death,MC Henriques,2014.0,19370183.836999997,2.0342930932247807
2016,Mohammed Shami,Royal Challengers Bengaluru,2,12,7.5,4,33.33,1,8.33,0.2071221868083592,0.26558548192181286,0.4592306465414186,0.19686267495406182,0.2831594789200207,0.8971887774990541,death,,,,
2022,JO Holder,Lucknow Super Giants,5,60,11.6,11,18.33,14,23.33,0.2801817133166239,0.3729491068289536,0.28893957895677524,0.2969944629518895,0.26867646204482015,0.8827057606238535,death,JO Holder,2022.0,108830614.44500001,0.24687581101602785
2019,K Khejroliya,Royal Challengers Bengaluru,1,6,5.0,1,16.67,0,0.0,0.07299501625697159,0.16987560213034883,0.27070995933506037,0.08988894777307886,0.09578858700191231,0.7098178855809457,death,,,,
2016,MP Stoinis,Gujarat Titans,0,6,12.0,0,0.0,2,33.33,0.02497897366775858,0.4124683855058444,0.1063156948786746,0.42822898472922555,-0.2240928806558652,0.38993641792316824,death,MP Stoinis,2016.0,9000125.19945,-2.4898862592440336
2019,M Prasidh Krishna,Royal Challengers Bengaluru,0,12,18.5,1,8.33,6,50.0,0.01969513567294069,0.6382131775913049,0.18536155182496467,0.5966482642268958,-0.3491285812476903,0.2649007173313431,death,,,,
2023,SM Curran,Punjab Kings,7,77,10.99,17,22.08,19,24.68,0.359790432792596,0.37244785590059654,0.33100434626530784,0.3414660360875594,0.3875679998819799,1.0015972984610133,death,SM Curran,2023.0,218870934.4755,0.17707604749380898
2014,MM Sharma,Delhi Capitals,0,12,17.5,2,16.67,7,58.33,0.037245351605682764,0.6255739412100307,0.26872279350371436,0.692753707081609,-0.32157082314885654,0.2924584754301769,death,MM Sharma,2014.0,38740367.673999995,-0.8300665235159188
2014,MA Starc,Delhi Capitals,0,12,10.5,3,25.0,3,25.0,0.037245351605682764,0.37915301581433675,0.3601050186580063,0.3584341331782758,-0.09529191327329142,0.518737385305742,death,,,,
2014,AR Patel,Punjab Kings,5,42,8.14,18,42.86,8,19.05,0.33853787405521024,0.2960739609666457,0.5560337751112663,0.2987521210353166,0.4665617229189419,1.0805910214979753,death,AR Patel,2014.0,14527637.87775,3.2115456541872565
2013,SK Trivedi,Delhi Capitals,0,6,13.0,1,16.67,2,33.33,0.03839363807293146,0.4808027754966743,0.2686891404802564,0.4530135845749241,-0.19002798631767281,0.4240013122613606,death,,,,
2019,JJ Bumrah,Royal Challengers Bengaluru,0,12,9.0,3,25.0,2,16.67,0.01969513567294069,0.3086422911558173,0.35595603062512,0.2588425038787815,-0.06478015492901434,0.5492491436500191,death,,,,
2018,Mustafizur Rahman,Mumbai Indians,4,45,9.33,22,48.89,10,22.22,0.27192485061516153,0.3314630106861769,0.5931238779999412,0.338813972732712,0.3515950432284403,0.9656243418074737,death,,,,
2019,AR Patel,Punjab Kings,1,6,7.0,2,33.33,1,16.67,0.07299501625697159,0.23925894664308306,0.4412021019151796,0.2588425038787815,0.06849682513914361,0.682526123718177,death,AR Patel,2019.0,72212627.65,0.09485435908956791
2024,M Shahrukh Khan,Gujarat Titans,0,6,7.0,1,16.67,0,0.0,0.0,0.1506454766143849,0.2305046601141018,0.0,0.00889320738847657,0.62292250596751,death,,,,
2019,LH Ferguson,Royal Challengers Bengaluru,0,6,19.0,1,16.67,3,50.0,0.01969513567294069,0.6555590137194884,0.27070995933506037,0.5966482642268958,-0.330462393445935,0.28356690513309846,death,LH Ferguson,2019.0,23108040.848,-1.4300753387950518
2019,CH Morris,Punjab Kings,2,12,5.0,3,25.0,0,0.0,0.12629489684100248,0.16987560213034883,0.35595603062512,0.08988894777307886,0.20131222926497652,0.8153415278440099,death,,,,
2019,Kuldeep Yadav,Kolkata Knight Riders,2,18,4.33,6,33.33,0,0.0,0.12629489684100248,0.14663218171858283,0.4412021019151796,0.08988894777307886,0.23618341881670082,0.8502127173957342,death,,,,
2025,TU Deshpande,Rajasthan Royals,5,36,12.67,8,22.22,10,27.78,0.25090194750281236,0.40997261934940205,0.3356643883992014,0.3433011954710961,0.2100728313928893,0.8241021299719227,death,TU Deshpande,2025.0,68217500.0,0.3079456611469041
2025,HH Pandya,Mumbai Indians,3,30,16.4,4,13.33,12,40.0,0.1518296146163448,0.5532901329551443,0.24117831439208823,0.4724904032732709,-0.0629652579218953,0.5510640406571381,death,,,,
2018,L Ngidi,Punjab Kings,2,6,3.0,4,66.67,0,0.0,0.1460256885720014,0.10649136525817893,0.760614354036992,0.11634617239753385,0.369722441246568,0.9837517398256015,death,L Ngidi,2018.0,7461730.8149999995,4.954915292619921
2019,MJ Santner,Chennai Super Kings,1,6,1.0,5,83.33,0,0.0,0.07299501625697159,0.031108913104880346,0.9528832020956095,0.08988894777307886,0.3559472354402644,0.9699765340192978,death,,,,
2015,SP Narine,Punjab Kings,1,6,6.0,2,33.33,0,0.0,0.09522719101617114,0.2109936779324068,0.4496287309771225,0.09875811504514659,0.16370450013088675,0.7777337987099202,death,,,,
2015,Anureet Singh,Punjab Kings,8,94,11.04,27,28.72,24,25.53,0.4470832833454035,0.3872253887003267,0.4036614282454294,0.3518261491958552,0.5312853532528469,1.1453146518318804,death,,,,
2014,JP Faulkner,Rajasthan Royals,4,74,9.73,18,24.32,11,14.86,0.27827936956530475,0.35204671402081045,0.35264524517602336,0.2567239477783419,0.3053767579589373,0.9194060565379707,death,,,,
2017,PJ Sangwan,Lucknow Super Giants,0,6,11.0,0,0.0,1,16.67,0.03863771635483625,0.4089735680112058,0.11862242354835205,0.29290928476692946,-0.15791891103780115,0.4561103875412323,death,,,,
2017,CR Woakes,Punjab Kings,1,6,10.0,2,33.33,2,33.33,0.10303796550864269,0.37316887591606934,0.4528350352389561,0.4554727159984545,0.004498093668686753,0.6185273922477201,death,CR Woakes,2017.0,65511608.80320001,0.006866101673978487
2022,UT Yadav,Kolkata Knight Riders,1,12,14.0,3,25.0,4,33.33,0.06753133168965963,0.4539433879733689,0.3516493027568419,0.38868685070380493,-0.09139162203894705,0.5226376765400864,death,UT Yadav,2022.0,24875569.016000003,-0.3673951015157234
2013,R Vinay Kumar,Punjab Kings,0,6,18.0,0,0.0,2,33.33,0.03839363807293146,0.6514123856061782,0.1191740319850431,0.4530135845749241,-0.30312636291003836,0.3109029356689951,death,,,,
2025,Arshdeep Singh,Punjab Kings,11,86,10.4,27,31.4,20,23.26,0.548118946162215,0.3227525775571675,0.43323268529293574,0.29551598931186285,0.7343923970147774,1.3484216955938109,death,Arshdeep Singh,2025.0,188910000.00000003,0.3887525260784381
2025,Arshdeep Singh,Punjab Kings,11,86,10.4,27,31.4,20,23.26,0.548118946162215,0.3227525775571675,0.43323268529293574,0.29551598931186285,0.7343923970147774,1.3484216955938109,death,Arshdeep Singh,2025.0,3148500.0000000005,23.32515156470628
2025,Arshdeep Singh,Punjab Kings,11,86,10.4,27,31.4,20,23.26,0.548118946162215,0.3227525775571675,0.43323268529293574,0.29551598931186285,0.7343923970147774,1.3484216955938109,death,Arshdeep Singh,2025.0,3148500.0000000005,23.32515156470628
2014,Sandeep Sharma,Royal Challengers Bengaluru,0,6,8.0,2,33.33,1,16.67,0.037245351605682764,0.29114554245873175,0.4514872438122983,0.2748793161781329,-0.007607811284718949,0.6064214872943144,death,Sandeep Sharma,2014.0,16464656.261449998,-0.04620692448060224
2014,Sandeep Sharma,Royal Challengers Bengaluru,0,6,8.0,2,33.33,1,16.67,0.037245351605682764,0.29114554245873175,0.4514872438122983,0.2748793161781329,-0.007607811284718949,0.6064214872943144,death,Sandeep Sharma,2014.0,1937018.3837,-0.392758858085119
2022,PVD Chameera,Royal Challengers Bengaluru,0,6,21.0,1,16.67,4,66.67,0.014368736282918574,0.6901767079779134,0.2733326611894424,0.6943892714686908,-0.3808345618505621,0.23319473672847135,death,PVD Chameera,2022.0,24875569.016000003,-1.5309581927778566
2016,B Kumar,Sunrisers Hyderabad,5,60,8.3,17,28.33,7,11.67,0.48033700651926015,0.2916979981145296,0.4062881095383067,0.2277732139400237,0.6573807792125632,1.2714100777915966,death,,,,
2022,TG Southee,Kolkata Knight Riders,7,66,10.45,20,30.3,13,19.7,0.386506904130106,0.33413934711392124,0.4014786185200133,0.26371012619794426,0.4874351650462112,1.1014644636252446,death,TG Southee,2022.0,18656676.762000002,2.6126580380007507
2018,CR Woakes,Delhi Capitals,0,12,15.5,4,33.33,7,58.33,0.020126526528841268,0.5507481690259475,0.44654616106312955,0.7003491784079274,-0.2662503830205565,0.34777891555847695,death,CR Woakes,2018.0,110433616.06199999,-0.24109541325811276
2015,DJ Hooda,Rajasthan Royals,1,7,16.29,1,14.29,3,42.86,0.09522719101617114,0.5708000874169098,0.25977679084448946,0.5236110701450043,-0.1646295322326617,0.44939976634637174,death,,,,
2018,R Vinay Kumar,Royal Challengers Bengaluru,2,6,16.0,3,50.0,3,50.0,0.1460256885720014,0.5685184411766582,0.6035802575500607,0.6169487834127864,-0.01237940137147886,0.6016498972075546,death,,,,
2017,Sandeep Sharma,Gujarat Titans,1,12,11.5,2,16.67,4,33.33,0.10303796550864269,0.4268759140587741,0.2857788662990982,0.4554727159984545,-0.0671015722703525,0.5469277263086809,death,,,,
2020,A Nortje,Royal Challengers Bengaluru,1,6,7.0,2,33.33,1,16.67,0.08502888059497966,0.21762120680742364,0.4936324730661607,0.25267578757834286,0.1127818438158454,0.7268111423948789,death,,,,
2019,AS Rajpoot,Punjab Kings,3,18,9.67,5,27.78,2,11.11,0.17959477742503335,0.3318857115675833,0.38440549979515193,0.20249086788911702,0.19121227108232713,0.8052415696613606,death,,,,
2015,B Kumar,Delhi Capitals,0,12,7.5,3,25.0,2,16.67,0.04496203496913795,0.2634435918514306,0.36656850716909556,0.2640007366390484,-0.0071640531278511915,0.6068652454511823,death,,,,
2014,KA Pollard,Mumbai Indians,1,30,14.6,6,20.0,10,33.33,0.09750385609558826,0.5234852721175289,0.30525374305519,0.4419889501784188,-0.10415888684059786,0.5098704117384356,death,,,,
2019,Mohammad Nabi,Sunrisers Hyderabad,0,7,16.29,0,0.0,3,42.86,0.01969513567294069,0.5615445819047336,0.10011548053490506,0.5242830338372908,-0.3223253952431981,0.29170390333583535,death,,,,
2013,B Kumar,Royal Challengers Bengaluru,0,6,15.0,0,0.0,3,50.0,0.03839363807293146,0.549046619540476,0.1191740319850431,0.6168172868870678,-0.3113211671774006,0.30270813140163283,death,,,,
2013,L Balaji,Kolkata Knight Riders,2,42,12.29,4,9.52,10,23.81,0.1502491674952986,0.4565762108611247,0.20455998476695256,0.35946761900734103,-0.003729023373618537,0.6103002752054149,death,,,,
2020,S Dube,Royal Challengers Bengaluru,2,18,6.33,5,27.78,2,11.11,0.1430651131101122,0.19330174501309766,0.4247456515161898,0.19454491182547182,0.20633719356714464,0.8203664921461781,death,,,,
2014,R Dhawan,Punjab Kings,3,38,10.74,6,15.79,7,18.42,0.21802086507539922,0.38760173325647485,0.25906896899761866,0.29243284916135626,0.1619814402613876,0.776010738840421,death,R Dhawan,2014.0,58110551.511,0.2787470365527772
2013,RA Jadeja,Lucknow Super Giants,0,6,14.0,1,16.67,2,33.33,0.03839363807293146,0.5149246975185751,0.2686891404802564,0.4530135845749241,-0.20367675512643313,0.4103525434526003,death,,,,
2014,NM Coulter-Nile,Delhi Capitals,1,12,12.0,3,25.0,3,25.0,0.09750385609558826,0.4319574998276997,0.3601050186580063,0.3584341331782758,-0.02602595014377837,0.588003348435255,death,NM Coulter-Nile,2014.0,82323281.30725,-0.03161432553525576
2015,Imran Tahir,Delhi Capitals,8,57,9.79,19,33.33,10,17.54,0.4470832833454035,0.34351712710114013,0.4496287309771225,0.27262467669823814,0.5863192904613145,1.200348589040348,death,,,,
2014,KK Cooper,Rajasthan Royals,1,30,8.2,10,33.33,5,16.67,0.09750385609558826,0.29818614032718016,0.4514872438122983,0.2748793161781329,0.07996370630275994,0.6939930048817934,death,KK Cooper,2014.0,5811055.151099999,1.376061734461826
2020,JJ Bumrah,Mumbai Indians,5,96,9.5,30,31.25,17,17.71,0.31717381065550976,0.30836546723401315,0.46781543003482035,0.2635491887983043,0.41369440146061415,1.0277237000396475,death,,,,
2015,TA Boult,Sunrisers Hyderabad,2,30,11.8,6,20.0,8,26.67,0.14549234706320432,0.4138000117526321,0.3167124304535932,0.363126484445828,0.03879429969608317,0.6528235982751166,death,,,,
2014,B Kumar,Delhi Capitals,1,6,2.0,4,66.67,0,0.0,0.09750385609558826,0.07992760640527986,0.8172355495318775,0.10766937627508567,0.327154593558308,0.9411838921373414,death,B Kumar,2014.0,82323281.30725,0.39740227595798755
2016,NM Coulter-Nile,Delhi Capitals,2,24,9.5,7,29.17,3,12.5,0.2071221868083592,0.3308667724036047,0.4151824557548295,0.2354545754245591,0.232254935350178,0.8462842339292114,death,,,,
2024,Mustafizur Rahman,Chennai Super Kings,7,86,11.44,27,31.4,20,23.26,0.3078331618866923,0.3425054257346265,0.43418394286639445,0.2761081711965471,0.372170304037142,0.9861996026161755,death,,,,
2017,JP Faulkner,Gujarat Titans,1,24,10.25,6,25.0,5,20.83,0.10303796550864269,0.3821200489398535,0.36930695076902714,0.33350135403002334,0.012450607708723777,0.6264799062877572,death,,,,
2019,Mohammed Shami,Punjab Kings,11,108,9.67,30,27.78,21,19.44,0.6059938220972805,0.3318857115675833,0.38440549979515193,0.2869169700103229,0.8054830074543361,1.4195123060333694,death,Mohammed Shami,2019.0,69324122.544,1.1619086948314366
2017,SP Narine,Delhi Capitals,1,6,7.0,3,50.0,1,16.67,0.10303796550864269,0.26575479963065995,0.6199914779897023,0.29290928476692946,0.1463796863775319,0.7604089849565654,death,,,,
2024,JD Unadkat,Sunrisers Hyderabad,2,37,12.97,8,21.62,10,27.03,0.08795233196762636,0.40861932712065574,0.298950854929027,0.32086001149796506,-0.03809197986750418,0.5759373187115293,death,JD Unadkat,2024.0,17740748.0,-0.21471462120708876
2023,K Kartikeya,Mumbai Indians,0,12,12.5,4,33.33,3,25.0,0.03293407072432839,0.43564114169788964,0.4579177260443439,0.34527096922285944,-0.09106132354621795,0.5229679750328154,death,,,,
2023,Ravi Bishnoi,Lucknow Super Giants,1,21,10.29,7,33.33,5,23.81,0.07962783673408091,0.3431529551998646,0.4579177260443439,0.33112137412596265,0.02021947859668992,0.6342487771757234,death,,,,
2021,HV Patel,Royal Challengers Bengaluru,19,140,9.51,47,33.57,23,16.43,0.8826537797060919,0.38002456658213357,0.3947228828948575,0.29224566138123154,1.2027140093803719,1.8167433079594053,death,,,,
2024,Harshit Rana,Kolkata Knight Riders,6,67,9.94,22,32.84,14,20.9,0.2638569959028791,0.27768787535616646,0.454095563176191,0.2480937565781528,0.3465108856912634,0.9605401842702969,death,,,,
2019,M Prasidh Krishna,Kolkata Knight Riders,0,38,12.95,9,23.68,13,34.21,0.01969513567294069,0.44567439656846736,0.3424476495803566,0.43661367209078045,-0.17697686187110304,0.43705243670793037,death,,,,
2025,Akash Deep,Lucknow Super Giants,0,6,8.0,0,0.0,0,0.0,0.003221115286643484,0.23053755539797677,0.09950234515532576,0.04961247266058726,-0.07241638748080394,0.5416129110982295,death,Akash Deep,2025.0,83960000.00000001,-0.0862510570281133
2023,YS Chahal,Rajasthan Royals,8,48,7.5,19,39.58,6,12.5,0.40648419880234854,0.22639185097837608,0.5284251592549195,0.19664076862520485,0.6187048750010867,1.2327341735801203,death,,,,
2022,AR Patel,Delhi Capitals,0,6,14.0,0,0.0,2,33.33,0.014368736282918574,0.4539433879733689,0.11660536047773154,0.38868685070380493,-0.24164869783279175,0.3723806007462417,death,AR Patel,2022.0,2487556.9016,-9.71429830117104
2023,YS Chahal,Royal Challengers Bengaluru,1,24,8.25,6,25.0,3,12.5,0.07962783673408091,0.25777924458630314,0.3639454190612888,0.19664076862520485,0.0665214523974253,0.6805507509764588,death,,,,
2013,R McLaren,Kolkata Knight Riders,2,12,15.0,4,33.33,4,33.33,0.1502491674952986,0.549046619540476,0.4181145578485978,0.4530135845749241,-0.004714604591140398,0.6093146939878931,death,R McLaren,2013.0,6156619.23094,-0.07657781672524461
2019,AD Russell,Punjab Kings,1,6,10.0,2,33.33,2,33.33,0.07299501625697159,0.3433339634121844,0.4412021019151796,0.42769470812119326,-0.02378884284122046,0.5902404557378129,death,,,,
2014,Yuvraj Singh,Punjab Kings,0,6,5.0,1,16.67,0,0.0,0.037245351605682764,0.18553657443200583,0.26872279350371436,0.10766937627508567,0.029969422804310406,0.6439987213833438,death,Yuvraj Singh,2014.0,271182573.718,0.01105138224533384
2018,LE Plunkett,Delhi Capitals,1,30,9.6,8,26.67,7,23.33,0.08307610755042134,0.3410589576475607,0.38380788376241215,0.34992735069725067,-0.0016452618138438346,0.6123840367651896,death,,,,
2015,A Nehra,Punjab Kings,0,6,8.0,3,50.0,1,16.67,0.04496203496913795,0.2809268964911052,0.6158488907466075,0.2640007366390484,0.060626740089532574,0.674656038668566,death,,,,
2019,JC Archer,Royal Challengers Bengaluru,1,12,12.0,2,16.67,4,33.33,0.07299501625697159,0.4127173079249186,0.27070995933506037,0.42769470812119326,-0.10268982342034991,0.5113394751586835,death,,,,
2016,MJ McClenaghan,Punjab Kings,2,12,8.0,4,33.33,0,0.0,0.2071221868083592,0.28190580454226083,0.4592306465414186,0.11977142053697726,0.2997587261969668,0.9137880247760002,death,,,,
2025,Noor Ahmad,Chennai Super Kings,5,48,7.0,24,50.0,7,14.58,0.25090194750281236,0.192114629498314,0.6309200842279532,0.20375147836891044,0.42765765121260574,1.0416869497916392,death,,,,
2018,Shivam Mavi,Kolkata Knight Riders,1,12,10.5,6,50.0,2,16.67,0.08307610755042134,0.37304544751884006,0.6035802575500607,0.28324708291001904,0.07149593471010848,0.6855252332891419,death,Shivam Mavi,2018.0,44770384.88999999,0.15969470641311811
2024,HH Pandya,Mumbai Indians,3,24,16.75,6,25.0,9,37.5,0.13192849795143954,0.5719595540743748,0.34568785260063256,0.4451443000804177,-0.060728008946526205,0.5533012896325072,death,,,,
2024,LH Ferguson,Royal Challengers Bengaluru,2,30,12.6,10,33.33,10,33.33,0.08795233196762636,0.3926309980273022,0.4608710450871633,0.3956442539114753,-0.005555863906774955,0.6084734346722585,death,LH Ferguson,2024.0,22175935.0,-0.025053572292554768
2015,GB Hogg,Kolkata Knight Riders,3,36,7.33,11,30.56,4,11.11,0.1957575031102375,0.2574992682739412,0.42200846447673424,0.20888682085847884,0.2545730404412564,0.8686023390202898,death,GB Hogg,2015.0,8727666.863499999,2.9168510258555704
2016,Sandeep Sharma,Lucknow Super Giants,0,6,15.0,1,16.67,2,33.33,0.02497897366775858,0.5103903212285321,0.28282611324704976,0.42822898472922555,-0.21030852943442768,0.40372076914460575,death,,,,
2013,SR Watson,Rajasthan Royals,4,46,8.87,15,32.61,8,17.39,0.26210469691766575,0.33987923754622407,0.41165679671383154,0.29638304979054664,0.29178747443499453,0.905816773014028,death,,,,
2022,Arshdeep Singh,Punjab Kings,3,96,8.25,18,18.75,12,12.5,0.17385652250314176,0.25989458939820725,0.2928883171870643,0.19769160701656519,0.18538596104657945,0.7994152596256129,death,Arshdeep Singh,2022.0,6218892.254000001,2.981012589940579
2022,Arshdeep Singh,Punjab Kings,3,96,8.25,18,18.75,12,12.5,0.17385652250314176,0.25989458939820725,0.2928883171870643,0.19769160701656519,0.18538596104657945,0.7994152596256129,death,Arshdeep Singh,2022.0,2487556.9016,7.4525314748514475
2022,Arshdeep Singh,Punjab Kings,3,96,8.25,18,18.75,12,12.5,0.17385652250314176,0.25989458939820725,0.2928883171870643,0.19769160701656519,0.18538596104657945,0.7994152596256129,death,Arshdeep Singh,2022.0,2487556.9016,7.4525314748514475
2021,K Rabada,Royal Challengers Bengaluru,1,6,11.0,1,16.67,1,16.67,0.06157661061861973,0.4406814143676341,0.21147368681017542,0.2952323374729564,-0.10903524501795833,0.5049940535610751,death,,,,
2016,S Kaushik,Gujarat Titans,0,12,10.0,2,16.67,3,25.0,0.02497897366775858,0.34718709502405265,0.28282611324704976,0.351137730312141,-0.12189986262751057,0.49212943595152286,death,,,,
2016,R Ashwin,Delhi Capitals,0,6,6.0,2,33.33,0,0.0,0.02497897366775858,0.21662451406046904,0.4592306465414186,0.11977142053697726,0.05265642267878264,0.6666857212578161,death,,,,
2014,Mohammed Shami,Delhi Capitals,1,36,14.0,5,13.89,12,33.33,0.09750385609558826,0.5023634785121837,0.23822548426854848,0.4419889501784188,-0.11581864703445219,0.4982106515445812,death,Mohammed Shami,2014.0,82323281.30725,-0.14068759796173522
2021,TK Curran,Delhi Capitals,1,26,14.77,4,15.38,10,38.46,0.06157661061861973,0.5941554520530952,0.1974860262806346,0.5663976376341401,-0.2559707482993602,0.35805855027967326,death,TK Curran,2021.0,69621120.67575,-0.36766249352909125
2023,A Mishra,Royal Challengers Bengaluru,1,6,11.0,1,16.67,1,16.67,0.07962783673408091,0.3728663544820356,0.2699731120782336,0.24622380354458243,-0.022579994131597517,0.5914493044474359,death,A Mishra,2023.0,5915430.661499999,-0.3817134444421299
2013,AD Russell,Delhi Capitals,0,6,12.0,0,0.0,1,16.67,0.03839363807293146,0.44668085347477354,0.1191740319850431,0.2893081448316538,-0.17212211813449543,0.44190718044453803,death,,,,
2015,UT Yadav,Delhi Capitals,2,12,4.5,4,33.33,0,0.0,0.14549234706320432,0.15854376401338305,0.4496287309771225,0.09875811504514659,0.260082199769046,0.8741114983480794,death,,,,
2022,AJ Tye,Lucknow Super Giants,2,18,9.67,5,27.78,4,22.22,0.12069392709640071,0.3078162057419863,0.377786189138279,0.28681660791142694,0.08520528271586218,0.6992345812948956,death,,,,
2019,Basil Thampi,Sunrisers Hyderabad,0,12,18.0,1,8.33,6,50.0,0.01969513567294069,0.6208673414631214,0.18536155182496467,0.5966482642268958,-0.34219024679641685,0.2718390517826166,death,,,,
2013,DW Steyn,Sunrisers Hyderabad,10,95,8.21,37,38.95,16,16.84,0.5976712851847672,0.3173587690117695,0.4685209711505234,0.29097860850250346,0.8228261289668489,1.4368554275458822,death,,,,
2025,JR Hazlewood,Royal Challengers Bengaluru,6,71,10.23,27,38.03,18,25.35,0.30043811394604614,0.3162206801542249,0.5036986774939662,0.3176113611863755,0.37999509374965645,0.9940243923286899,death,JR Hazlewood,2025.0,131187500.00000001,0.2896580038110768
2017,MJ McClenaghan,Punjab Kings,1,6,5.0,4,66.67,1,16.67,0.10303796550864269,0.194145415440387,0.7871479207404484,0.29290928476692946,0.22517037287886493,0.8391996714578984,death,,,,
2018,JJ Bumrah,Delhi Capitals,0,6,8.0,0,0.0,0,0.0,0.020126526528841268,0.28419408676528635,0.13257216970683605,0.11634617239753385,-0.07862004572006197,0.5354092528589715,death,,,,
2016,Z Khan,Gujarat Titans,0,6,13.0,2,33.33,2,33.33,0.02497897366775858,0.4451090307467403,0.4592306465414186,0.42822898472922555,-0.13127465325340035,0.48275464532563306,death,,,,
2016,BB Sran,Gujarat Titans,0,6,8.0,1,16.67,1,16.67,0.02497897366775858,0.28190580454226083,0.28282611324704976,0.27404647589505643,-0.07265997010966847,0.5413693284693649,death,,,,
2016,MG Johnson,Punjab Kings,2,12,11.0,3,25.0,4,33.33,0.2071221868083592,0.37982774026494853,0.37102837989423415,0.42822898472922555,0.14159200265606192,0.7556213012350954,death,,,,
2013,UT Yadav,Punjab Kings,0,6,17.0,0,0.0,3,50.0,0.03839363807293146,0.6172904635842774,0.1191740319850431,0.6168172868870678,-0.3386187047949212,0.27541059378411226,death,,,,
2021,T Natarajan,Royal Challengers Bengaluru,1,12,8.0,3,25.0,2,16.67,0.06157661061861973,0.3185535329203176,0.3017971071288382,0.2952323374729564,-0.03308706634343289,0.5809422322356006,death,,,,
2024,G Coetzee,Mumbai Indians,6,42,8.43,15,35.71,7,16.67,0.2638569959028791,0.21243820797518342,0.49378052865474353,0.19788147952908175,0.39957992540194376,1.013609223980977,death,G Coetzee,2024.0,55439837.5,0.7207451237604074
2021,Mohammad Nabi,Sunrisers Hyderabad,2,6,3.0,3,50.0,0,0.0,0.10719200890125709,0.11500706384145669,0.5728757995617999,0.08778279393523576,0.2603130895032722,0.8743423880823056,death,,,,
2023,T Natarajan,Sunrisers Hyderabad,8,120,9.85,27,22.5,26,21.67,0.40648419880234854,0.3247390176165474,0.33574244577705853,0.30567588378364424,0.4888506597549281,1.1028799583339615,death,,,,
2015,JP Duminy,Delhi Capitals,2,12,9.0,3,25.0,1,8.33,0.14549234706320432,0.31589350577045433,0.36656850716909556,0.18132986296819412,0.14745271154689518,0.7614820101259286,death,,,,
2020,AD Russell,Kolkata Knight Riders,4,48,9.88,15,31.25,12,25.0,0.25913757814037724,0.3221585948188548,0.46781543003482035,0.3397675492728421,0.29825729351161734,0.9122865920906508,death,,,,
2013,L Balaji,Punjab Kings,0,6,15.0,2,33.33,2,33.33,0.03839363807293146,0.549046619540476,0.4181145578485978,0.4530135845749241,-0.1724978987246911,0.4415313998543423,death,,,,
2018,CR Woakes,Punjab Kings,2,8,7.5,3,37.5,1,12.5,0.1460256885720014,0.2664238146145756,0.4858282355892546,0.241496825151347,0.18576843014354416,0.7997977287225776,death,CR Woakes,2018.0,110433616.06199999,0.16821728452616228
2021,DT Christian,Royal Challengers Bengaluru,0,10,8.4,2,20.0,2,20.0,0.015961212335982394,0.3348372504466265,0.2475813686422459,0.3366724682456384,-0.13672041155569475,0.4773088870233387,death,DT Christian,2021.0,63653596.0464,-0.21478819744297403
2016,Iqbal Abdulla,Delhi Capitals,0,6,9.0,0,0.0,1,16.67,0.02497897366775858,0.3145464497831567,0.1063156948786746,0.27404647589505643,-0.13866935371653938,0.47535994486249405,death,Iqbal Abdulla,2016.0,1636386.3998999998,-8.474120398764834
2013,Harbhajan Singh,Mumbai Indians,1,12,11.0,1,8.33,2,16.67,0.09432140278411502,0.4125589314528727,0.19388674066921385,0.2893081448316538,-0.05216788965370854,0.5618614089253249,death,,,,
2021,JA Richardson,Punjab Kings,1,12,13.5,2,16.67,4,33.33,0.06157661061861973,0.5424546489070646,0.21147368681017542,0.5025574361735218,-0.21194206844390018,0.40208723013513326,death,JA Richardson,2021.0,185656321.80200002,-0.11415828256574724
2016,A Nehra,Sunrisers Hyderabad,1,12,8.5,4,33.33,2,16.67,0.11605058023805889,0.2982261271627088,0.4592306465414186,0.27404647589505643,0.11034067068591344,0.7243699692649469,death,A Nehra,2016.0,90001251.9945,0.12259903972519892
2015,AN Ahmed,Royal Challengers Bengaluru,0,24,18.0,5,20.83,8,33.33,0.04496203496913795,0.6305929892845971,0.32498853918836657,0.4291442324851433,-0.21604085124916494,0.3979884473298685,death,,,,
2015,CH Morris,Delhi Capitals,1,12,11.0,2,16.67,2,16.67,0.09522719101617114,0.3858267243291527,0.28350828336106865,0.2640007366390484,-0.005637639190798321,0.6083916593882351,death,CH Morris,2015.0,24437467.2178,-0.023069654234428694
2025,SH Johnson,Kolkata Knight Riders,1,14,13.29,4,28.57,4,28.57,0.05275728172987726,0.433794833407193,0.403154441261425,0.3516530346006966,-0.0789315887698428,0.5350977098091907,death,SH Johnson,2025.0,29386000.000000004,-0.26860269778072143
2013,NLTC Perera,Sunrisers Hyderabad,5,82,11.85,24,29.27,23,28.05,0.3180324616288493,0.4415625651714884,0.3816999603386659,0.40113094820971,0.2945943700133654,0.9086236685923988,death,NLTC Perera,2013.0,83114359.61769001,0.35444461266193056
2017,K Rabada,Delhi Capitals,1,38,11.68,13,34.21,11,28.95,0.10303796550864269,0.43332075863589864,0.46165913059712393,0.41273395076471625,-0.004093801241673106,0.6099354973373603,death,K Rabada,2017.0,77990010.48,-0.005249135391157478
2016,TG Southee,Royal Challengers Bengaluru,0,6,7.0,2,33.33,1,16.67,0.02497897366775858,0.24926515930136492,0.4592306465414186,0.27404647589505643,-0.006682352024999463,0.607346946554034,death,TG Southee,2016.0,40909659.997499995,-0.016334411054523122
2017,AF Milne,Royal Challengers Bengaluru,2,12,6.0,5,41.67,1,8.33,0.16743821466244915,0.22995010753552347,0.5364633935197733,0.2115299920615922,0.25665729941691867,0.8706865979959522,death,,,,
2020,SP Narine,Kolkata Knight Riders,2,30,10.8,12,40.0,9,30.0,0.1430651131101122,0.35555248265583966,0.576420779325315,0.39204351667650317,0.127689855397476,0.7417191539765094,death,,,,
2017,MJ McClenaghan,Gujarat Titans,0,12,14.0,2,16.67,4,33.33,0.03863771635483625,0.5163876442966153,0.2857788662990982,0.4554727159984545,-0.19950663809619862,0.4145226604828348,death,,,,
2014,BW Hilfenhaus,Chennai Super Kings,2,36,11.17,7,19.44,9,25.0,0.15776236058549375,0.4027390186736389,0.2991104001876746,0.3584341331782758,0.05775081351160467,0.6717801120906381,death,BW Hilfenhaus,2014.0,19370183.836999997,0.2981428260959085
2019,JC Archer,Rajasthan Royals,4,72,10.17,17,23.61,14,19.44,0.23289465800906428,0.34923154769576686,0.34173129604010405,0.2869169700103229,0.22609366574422407,0.8401229643232575,death,,,,
2021,V Shankar,Sunrisers Hyderabad,1,18,9.33,5,27.78,3,16.67,0.06157661061861973,0.3726968936952946,0.3319410577273836,0.2952323374729564,-0.04570122547386009,0.5683280731051733,death,,,,
2021,Harbhajan Singh,Royal Challengers Bengaluru,0,6,18.0,1,16.67,3,50.0,0.015961212335982394,0.7256464710780394,0.21147368681017542,0.7100069797112424,-0.4158767577975623,0.19815254078147115,death,,,,
2014,A Mishra,Punjab Kings,1,6,17.0,1,16.67,2,33.33,0.09750385609558826,0.6079724465389097,0.26872279350371436,0.4419889501784188,-0.14891304147459283,0.4651162571044406,death,A Mishra,2014.0,92008373.22575,-0.16184727134477492
2014,A Mishra,Punjab Kings,1,6,17.0,1,16.67,2,33.33,0.09750385609558826,0.6079724465389097,0.26872279350371436,0.4419889501784188,-0.14891304147459283,0.4651162571044406,death,A Mishra,2014.0,1937018.3837,-7.687745388876809
2014,A Mishra,Punjab Kings,1,6,17.0,1,16.67,2,33.33,0.09750385609558826,0.6079724465389097,0.26872279350371436,0.4419889501784188,-0.14891304147459283,0.4651162571044406,death,A Mishra,2014.0,1937018.3837,-7.687745388876809
2021,DL Chahar,Royal Challengers Bengaluru,1,6,4.0,2,33.33,0,0.0,0.06157661061861973,0.15571635765722888,0.3921205274475011,0.08778279393523576,0.12137969291871761,0.7354089914977511,death,,,,
2017,CR Woakes,Kolkata Knight Riders,5,48,8.63,15,31.25,7,14.58,0.3606389621238684,0.32411644774573245,0.43197808257419595,0.27251567304580776,0.45915058694602606,1.0731798855250596,death,CR Woakes,2017.0,65511608.80320001,0.7008690449433722
2013,CH Morris,Lucknow Super Giants,1,6,7.0,1,16.67,0,0.0,0.09432140278411502,0.27607124336526956,0.2686891404802564,0.12550444251950996,0.07400901621828862,0.688038314797322,death,CH Morris,2013.0,76957740.38675001,0.09616838520252462
2024,M Markande,Sunrisers Hyderabad,0,6,15.0,2,33.33,3,50.0,0.0,0.49633907863283816,0.4608710450871633,0.5935257334405569,-0.23833203795915336,0.37569726061988007,death,,,,
2025,RA Jadeja,Chennai Super Kings,1,10,12.6,3,30.0,3,30.0,0.05275728172987726,0.4072830145364256,0.4183529885989022,0.36677092062009997,-0.0683026628261137,0.5457266357529197,death,,,,
2019,Mohammed Shami,Royal Challengers Bengaluru,0,6,21.0,0,0.0,3,50.0,0.01969513567294069,0.7249423582322227,0.10011548053490506,0.5966482642268958,-0.40939407489107527,0.20463522368795817,death,Mohammed Shami,2019.0,69324122.544,-0.5905506768314781
2014,STR Binny,Rajasthan Royals,0,6,11.0,1,16.67,2,33.33,0.037245351605682764,0.39675451048545773,0.26872279350371436,0.4419889501784188,-0.15481362378807031,0.45921567479096315,death,,,,
2013,P Awana,Punjab Kings,4,48,11.38,14,29.17,13,27.08,0.26210469691766575,0.4255252618211951,0.3808030490699484,0.39159947902897935,0.2197080116603113,0.8337373102393447,death,,,,
2016,SB Jakati,Gujarat Titans,1,6,10.0,1,16.67,1,16.67,0.11605058023805889,0.34718709502405265,0.28282611324704976,0.27404647589505643,0.03783492355306527,0.6518642221320987,death,SB Jakati,2016.0,3272772.7997999997,1.1560510266822484
2016,BB Sran,Delhi Capitals,1,6,14.0,2,33.33,2,33.33,0.11605058023805889,0.47774967598763624,0.4592306465414186,0.42822898472922555,-0.007723501494308255,0.6063057970847252,death,,,,
2024,MR Marsh,Delhi Capitals,0,12,18.5,2,16.67,6,50.0,0.0,0.6475800295159114,0.2305046601141018,0.5935257334405569,-0.36793833380430113,0.2460909647747323,death,,,,
2018,DJ Willey,Chennai Super Kings,1,12,12.0,3,25.0,3,25.0,0.08307610755042134,0.42635626397097226,0.3680762136284484,0.36664747790516006,-0.04549972354577039,0.5685295750332631,death,,,,
2013,AD Mathews,Lucknow Super Giants,3,48,8.5,10,20.83,6,12.5,0.20617693220648214,0.3272541263981208,0.30600064925890585,0.24833265361139947,0.1956641464447268,0.8096934450237603,death,,,,
2017,Kuldeep Yadav,Punjab Kings,1,6,14.0,0,0.0,1,16.67,0.10303796550864269,0.5163876442966153,0.11862242354835205,0.29290928476692946,-0.1042841678212553,0.5097451307577782,death,,,,
2013,I Sharma,Sunrisers Hyderabad,4,36,9.67,10,27.78,8,22.22,0.26210469691766575,0.36717677516374464,0.3683359824347746,0.3438438705564527,0.25363396887449735,0.8676632674535307,death,,,,
2024,KK Ahmed,Delhi Capitals,7,60,12.8,20,33.33,17,28.33,0.3078331618866923,0.40127333807776355,0.4608710450871633,0.33629168056741954,0.33861421695485616,0.9526435155338896,death,,,,
2023,Avesh Khan,Lucknow Super Giants,4,48,9.63,11,22.92,9,18.75,0.21970913476333845,0.3155320488248889,0.3404805452888092,0.2709558689240321,0.22420828552448524,0.8382375841035187,death,,,,
2025,Akash Madhwal,Rajasthan Royals,2,30,11.0,9,30.0,7,23.33,0.10229344817311102,0.3458063330969652,0.4183529885989022,0.296256025690435,0.051746727893420594,0.665776026472454,death,Akash Madhwal,2025.0,12594000.000000002,0.41088397565047313
2020,Sandeep Sharma,Sunrisers Hyderabad,3,48,9.88,11,22.92,9,18.75,0.20110134562524473,0.3221585948188548,0.36442313751026945,0.27442259001826586,0.19978874475792624,0.8138180433369597,death,,,,
2015,DS Kulkarni,Royal Challengers Bengaluru,1,6,13.0,3,50.0,3,50.0,0.09522719101617114,0.45575994288785104,0.6158488907466075,0.594386854079045,-0.033024579630614975,0.5810047189484184,death,,,,
2025,W O'Rourke,Lucknow Super Giants,2,14,12.86,3,21.43,5,35.71,0.10229344817311102,0.41727297527033796,0.32726798812185387,0.4271367452150606,-0.043429644976430704,0.5705996536026028,death,,,,
2017,DR Smith,Gujarat Titans,1,6,18.0,1,16.67,3,50.0,0.10303796550864269,0.6596064126771611,0.2857788662990982,0.6181337243195543,-0.2089920742140372,0.40503722436499623,death,,,,
2023,NT Ellis,Punjab Kings,1,48,12.38,7,14.58,13,27.08,0.07962783673408091,0.43061915872062134,0.24639542641261708,0.37000303460230904,-0.08988819084403477,0.5241411077349987,death,,,,
2016,AD Russell,Delhi Capitals,1,6,10.0,2,33.33,1,16.67,0.11605058023805889,0.34718709502405265,0.4592306465414186,0.27404647589505643,0.09075628354137591,0.7047855821204093,death,,,,
2015,JA Morkel,Delhi Capitals,0,12,14.5,0,0.0,3,25.0,0.04496203496913795,0.5082098568068749,0.11728812359158365,0.34657248456209583,-0.2046261985601967,0.40940310001883673,death,,,,
2013,S Sreesanth,Rajasthan Royals,0,6,14.0,0,0.0,2,33.33,0.03839363807293146,0.5149246975185751,0.1191740319850431,0.4530135845749241,-0.24853128767499713,0.36549801090403633,death,,,,
2025,SP Narine,Kolkata Knight Riders,0,12,8.0,2,16.67,1,8.33,0.003221115286643484,0.23053755539797677,0.2766770193621398,0.13767680171067861,-0.04568328393378713,0.5683460146452463,death,,,,
2023,Mukesh Kumar,Delhi Capitals,2,48,11.0,15,31.25,11,22.92,0.12632160274383342,0.3728663544820356,0.43445285227186436,0.3205389038434097,0.07451004685147226,0.6885393454305057,death,Mukesh Kumar,2023.0,65069737.276499994,0.1145079878451909
2021,KK Ahmed,Sunrisers Hyderabad,3,42,9.14,10,23.81,8,19.05,0.15280740718389443,0.36496212787029786,0.2888937613690292,0.32485020871589426,0.07243932542366299,0.6864686240026965,death,,,,
2022,J Suchith,Sunrisers Hyderabad,1,6,17.0,2,33.33,3,50.0,0.06753133168965963,0.555186239403888,0.4299659443242415,0.5415380610862478,-0.15424913325566764,0.4597801653233658,death,J Suchith,2022.0,2487556.9016,-6.200828337090677
2020,DJ Bravo,Punjab Kings,0,12,11.0,3,25.0,2,16.67,0.026992648079847133,0.36281202348996683,0.39024018054160986,0.25267578757834286,-0.06336651938723593,0.5506627791917975,death,,,,
2018,SP Narine,Kolkata Knight Riders,3,54,7.78,18,33.33,7,12.96,0.20897526959358148,0.27637516701897363,0.44654616106312955,0.24610236917268727,0.26304597514991546,0.8770752737289489,death,,,,
2017,Basil Thampi,Punjab Kings,1,12,15.5,1,8.33,5,41.67,0.10303796550864269,0.5700946824393199,0.20215050801828102,0.5368520087037918,-0.17389137491841716,0.44013792366061627,death,Basil Thampi,2017.0,13258301.7816,-1.3115659741562473
2023,D Jansen,Mumbai Indians,1,12,12.0,3,25.0,3,25.0,0.07962783673408091,0.41471621262593833,0.3639454190612888,0.34527096922285944,-0.04084239499772517,0.5731869035813083,death,D Jansen,2023.0,2366172.2646,-1.7260955852100461
2017,AJ Tye,Royal Challengers Bengaluru,0,6,4.0,3,50.0,0,0.0,0.03863771635483625,0.1583407233452505,0.6199914779897023,0.13024827644582967,0.14154324565731594,0.7555725442363493,death,,,,
2019,PP Chawla,Kolkata Knight Riders,1,21,12.0,4,19.05,6,28.57,0.07299501625697159,0.4127173079249186,0.29506597970364884,0.3794512211947899,-0.08090997123185238,0.533119327347181,death,,,,
2019,Arshdeep Singh,Punjab Kings,2,12,12.0,4,33.33,3,25.0,0.12629489684100248,0.4127173079249186,0.4412021019151796,0.3432686059999873,0.053735470866093954,0.6677647694451274,death,Arshdeep Singh,2019.0,2888505.106,1.8603211313171886
2019,Arshdeep Singh,Punjab Kings,2,12,12.0,4,33.33,3,25.0,0.12629489684100248,0.4127173079249186,0.4412021019151796,0.3432686059999873,0.053735470866093954,0.6677647694451274,death,Arshdeep Singh,2019.0,11554020.424,0.46508028282929714
2020,SN Thakur,Chennai Super Kings,0,24,8.75,7,29.17,3,12.5,0.026992648079847133,0.2811421891060363,0.4419983870034799,0.20907763076368957,-0.002091676650706739,0.6119376219283267,death,,,,
2016,MJ McClenaghan,Delhi Capitals,1,12,9.5,5,41.67,2,16.67,0.11605058023805889,0.3308667724036047,0.5475387982626093,0.27404647589505643,0.1237768581059123,0.7378061566849458,death,,,,
2024,HV Patel,Punjab Kings,14,102,11.12,28,27.45,23,22.55,0.6156663237733846,0.3286776816538883,0.3795652621554945,0.26768010578169116,0.8255939599106625,1.439623258489696,death,HV Patel,2024.0,130283618.125,0.633689769897663
2016,P Kumar,Punjab Kings,0,6,10.0,0,0.0,1,16.67,0.02497897366775858,0.34718709502405265,0.1063156948786746,0.27404647589505643,-0.15172561181289773,0.4623036867661357,death,P Kumar,2016.0,57273523.99649999,-0.264914049678818
2016,CH Morris,Royal Challengers Bengaluru,0,12,6.0,4,33.33,1,8.33,0.02497897366775858,0.21662451406046904,0.4592306465414186,0.19686267495406182,0.029529046353657273,0.6435583449326907,death,CH Morris,2016.0,114547047.99299999,0.025778967569257485
2025,VG Arora,Kolkata Knight Riders,6,54,11.56,18,33.33,15,27.78,0.30043811394604614,0.3673231716007764,0.4537454100211392,0.3433011954710961,0.3368611666437716,0.950890465222805,death,VG Arora,2025.0,18891000.0,1.78318334997497
2019,UT Yadav,Royal Challengers Bengaluru,3,47,14.17,11,23.4,16,34.04,0.17959477742503335,0.48799823672123527,0.3395822354193462,0.4348906904148374,0.04560033495040852,0.6596296335294419,death,,,,
2013,AN Ahmed,Lucknow Super Giants,2,6,5.0,2,33.33,0,0.0,0.1502491674952986,0.20782739932146801,0.4181145578485978,0.12550444251950996,0.23002582611308708,0.8440551246921205,death,,,,
2016,KW Richardson,Royal Challengers Bengaluru,1,12,13.5,5,41.67,4,33.33,0.11605058023805889,0.46142935336718827,0.5475387982626093,0.42822898472922555,0.025297073070228132,0.6393263716492615,death,KW Richardson,2016.0,32727727.998,0.07729553689695186
2014,DW Steyn,Punjab Kings,0,12,6.5,4,33.33,1,8.33,0.037245351605682764,0.2383410584453688,0.4514872438122983,0.19122419327522863,0.03861051919149752,0.6526398177705309,death,,,,
2020,DW Steyn,Punjab Kings,0,12,20.0,1,8.33,6,50.0,0.026992648079847133,0.689491361025689,0.18333147509331893,0.6011473862911472,-0.3606523456498534,0.25337695292918005,death,DW Steyn,2020.0,27787446.906,-1.2978966612869336
2021,Mustafizur Rahman,Rajasthan Royals,4,105,10.8,29,27.62,24,22.86,0.19842280546653177,0.4325395556044797,0.33020615409581267,0.372263691672026,0.11200112468514174,0.7260304232641752,death,,,,
2014,P Awana,Punjab Kings,2,27,12.22,7,25.93,9,33.33,0.15776236058549375,0.439702157482993,0.3703073559201302,0.4419889501784188,0.039258199607556804,0.6532874981865903,death,,,,
2022,PH Solanki,Chennai Super Kings,1,12,7.5,5,41.67,2,16.67,0.06753133168965963,0.23458387654057747,0.5083766034685527,0.23592733270911392,0.0891982281460901,0.7032275267251236,death,PH Solanki,2022.0,14925341.4096,0.5976293988740363
2021,CH Morris,Rajasthan Royals,9,66,11.64,20,30.3,19,28.79,0.42649979687971845,0.4667353624097283,0.35926578992462616,0.44605948010506036,0.4270174433015561,1.0410467418805895,death,CH Morris,2021.0,215493944.94875,0.19815751361510964
2024,K Rabada,Punjab Kings,2,30,11.0,8,26.67,8,26.67,0.08795233196762636,0.3234922776236116,0.3687798011543548,0.3165866262171931,0.018189539383143424,0.6322188379621768,death,,,,
2023,D Pretorius,Chennai Super Kings,0,12,10.0,3,25.0,3,25.0,0.03293407072432839,0.3310164963381329,0.3639454190612888,0.34527096922285944,-0.07740315749723177,0.5366261410818016,death,,,,
2020,JC Archer,Rajasthan Royals,4,89,9.98,22,24.72,16,17.98,0.25913757814037724,0.32578836523591836,0.38676480936431396,0.26637209103810205,0.294508836614062,0.9085381351930955,death,,,,
2014,MK Tiwary,Delhi Capitals,0,6,17.0,0,0.0,2,33.33,0.037245351605682764,0.6079724465389097,0.0858486406439247,0.4419889501784188,-0.29416304406738797,0.31986625451164546,death,MK Tiwary,2014.0,54236514.743599996,-0.5423708463901614
2024,Avesh Khan,Rajasthan Royals,8,113,9.4,31,27.43,22,19.47,0.35180932787050545,0.2543535572199209,0.379288711873414,0.23111892060175285,0.4704235062992882,1.0844528048783215,death,,,,
2014,BE Hendricks,Punjab Kings,1,18,13.33,6,33.33,6,33.33,0.09750385609558826,0.4787774756528816,0.4514872438122983,0.4419889501784188,-0.042405718027606426,0.571623580551427,death,BE Hendricks,2014.0,34866330.9066,-0.12162368945904563
2014,AB Dinda,Punjab Kings,0,6,5.0,1,16.67,0,0.0,0.037245351605682764,0.18553657443200583,0.26872279350371436,0.10766937627508567,0.029969422804310406,0.6439987213833438,death,AB Dinda,2014.0,29055275.7555,0.10314623428978252
2023,R Powell,Delhi Capitals,0,6,14.0,1,16.67,2,33.33,0.03293407072432839,0.49841592891374376,0.2699731120782336,0.4443181349011363,-0.20226877232587576,0.4117605262531577,death,,,,
2016,KW Richardson,Lucknow Super Giants,2,6,7.0,2,33.33,0,0.0,0.2071221868083592,0.24926515930136492,0.4592306465414186,0.11977142053697726,0.31281498429332516,0.9268442828723586,death,KW Richardson,2016.0,32727727.998,0.9558102667940817
2013,CH Gayle,Lucknow Super Giants,1,6,6.0,3,50.0,1,16.67,0.09432140278411502,0.24194932134336877,0.5676296663438111,0.2893081448316538,0.12819883209247218,0.7422281306715056,death,,,,
2023,MA Wood,Royal Challengers Bengaluru,1,6,9.0,3,50.0,1,16.67,0.07962783673408091,0.28916663819423016,0.6459751519035911,0.24622380354458243,0.12370050433113192,0.7377298029101653,death,,,,
2020,Shivam Mavi,Kolkata Knight Riders,3,30,8.8,10,33.33,5,16.67,0.20110134562524473,0.28295707431456807,0.4936324730661607,0.25267578757834286,0.2607561943583852,0.8747854929374186,death,,,,
2014,AR Patel,Delhi Capitals,0,6,5.0,2,33.33,0,0.0,0.037245351605682764,0.18553657443200583,0.4514872438122983,0.10766937627508567,0.08479875789688558,0.6988280564759191,death,AR Patel,2014.0,14527637.87775,0.5837064401691914
2022,Rashid Khan,Gujarat Titans,1,30,6.6,8,26.67,2,6.67,0.06753133168965963,0.20421102111142173,0.3673502381010865,0.14423494495719855,0.08654717703308715,0.7005764756121206,death,,,,
2016,Shakib Al Hasan,Kolkata Knight Riders,0,24,9.75,4,16.67,4,16.67,0.02497897366775858,0.3390269337138287,0.28282611324704976,0.27404647589505643,-0.09550842177829563,0.5185208768007378,death,,,,
2021,CR Woakes,Delhi Capitals,2,24,11.75,5,20.83,6,25.0,0.10719200890125709,0.4712133847294633,0.2565811812310202,0.3988948868232391,-0.07039145221756536,0.5436378463614681,death,,,,
2016,AB Dinda,Lucknow Super Giants,5,48,10.25,16,33.33,12,25.0,0.48033700651926015,0.35534725633427655,0.4592306465414186,0.351137730312141,0.6107944821139628,1.2248237806929962,death,AB Dinda,2016.0,8181931.9995,7.465162044261534
2013,NLTC Perera,Delhi Capitals,2,12,8.5,3,25.0,2,16.67,0.1502491674952986,0.3272541263981208,0.3434018491644271,0.2893081448316538,0.11070021198353155,0.724729510562565,death,NLTC Perera,2013.0,83114359.61769001,0.13319023631142818
2021,M Ashwin,Punjab Kings,0,6,4.0,2,33.33,0,0.0,0.015961212335982394,0.15571635765722888,0.3921205274475011,0.08778279393523576,0.05295659549476163,0.666985894073795,death,,,,
2019,SC Kuggeleijn,Chennai Super Kings,2,24,8.25,11,45.83,5,20.83,0.12629489684100248,0.282623536963542,0.5691223769602871,0.301004879007739,0.15682817986185138,0.7708574784408848,death,,,,
2023,J Little,Gujarat Titans,0,48,10.63,11,22.92,11,22.92,0.03293407072432839,0.35738190696879163,0.3404805452888092,0.3205389038434097,-0.08756916426740421,0.5264601343116292,death,J Little,2023.0,52055789.8212,-0.16822175701912262
2017,SN Thakur,Gujarat Titans,0,6,5.0,2,33.33,0,0.0,0.03863771635483625,0.194145415440387,0.4528350352389561,0.13024827644582967,0.07707443599403749,0.691103734573071,death,,,,
2017,SP Narine,Punjab Kings,0,6,6.0,1,16.67,0,0.0,0.03863771635483625,0.22995010753552347,0.2857788662990982,0.13024827644582967,0.012635708474025543,0.6266650070530589,death,,,,
2022,B Kumar,Royal Challengers Bengaluru,1,7,9.43,2,28.57,2,28.57,0.06753133168965963,0.29971677762754473,0.38521357771429887,0.3450412741338932,-0.006538022442406741,0.6074912761366267,death,B Kumar,2022.0,52238694.9336,-0.012515669563945165
2015,TG Southee,Delhi Capitals,0,6,9.0,0,0.0,1,16.67,0.04496203496913795,0.31589350577045433,0.11728812359158365,0.2640007366390484,-0.10292813376871424,0.5111011648103192,death,,,,
2013,MG Neser,Punjab Kings,0,12,16.5,2,16.67,6,50.0,0.03839363807293146,0.6002295025733271,0.2686891404802564,0.6168172868870678,-0.28693978784197705,0.3270895107370564,death,,,,
2013,RJ Harris,Lucknow Super Giants,1,12,3.5,8,66.67,1,8.33,0.09432140278411502,0.15664451628861684,0.7171447748390243,0.2073571623911451,0.2317605813950895,0.8457898799741229,death,,,,
2014,AD Russell,Kolkata Knight Riders,0,12,13.0,1,8.33,3,25.0,0.037245351605682764,0.4671604891699417,0.1772308657982167,0.3584341331782758,-0.1853571484734703,0.42867215010556314,death,AD Russell,2014.0,11622110.302199999,-1.5948665401874842
2020,KA Pollard,Mumbai Indians,1,12,8.0,7,58.33,2,16.67,0.08502888059497966,0.2539189109780594,0.8039334710390026,0.25267578757834286,0.19135306153944365,0.8053823601184771,death,,,,
2022,R Parag,Rajasthan Royals,0,6,14.0,0,0.0,2,33.33,0.014368736282918574,0.4539433879733689,0.11660536047773154,0.38868685070380493,-0.24164869783279175,0.3723806007462417,death,R Parag,2022.0,47263581.1304,-0.5112788579563705
2015,B Kumar,Royal Challengers Bengaluru,2,11,8.73,4,36.36,2,18.18,0.14549234706320432,0.3064525212650301,0.479841513466717,0.2789687245578721,0.15591934876144792,0.7699486473404813,death,,,,
2016,P Kumar,Royal Challengers Bengaluru,2,6,15.0,2,33.33,2,33.33,0.2071221868083592,0.5103903212285321,0.4592306465414186,0.42822898472922555,0.11582765026478384,0.7298569488438172,death,P Kumar,2016.0,57273523.99649999,0.2022359411162863
2013,JP Faulkner,Lucknow Super Giants,1,6,3.0,4,66.67,0,0.0,0.09432140278411502,0.13958355527766644,0.7171447748390243,0.12550444251950996,0.26314078176096023,0.8771700803399937,death,JP Faulkner,2013.0,49252953.84752,0.5342639602400414
2020,HV Patel,Delhi Capitals,1,12,9.5,4,33.33,2,16.67,0.08502888059497966,0.30836546723401315,0.4936324730661607,0.25267578757834286,0.07648413964520957,0.690513438224243,death,,,,
2019,Mujeeb Ur Rahman,Punjab Kings,2,12,17.0,4,33.33,5,41.67,0.12629489684100248,0.5861756692067542,0.4412021019151796,0.5122221621056899,-0.06633394047835109,0.5476953581006824,death,,,,
2021,SP Narine,Royal Challengers Bengaluru,1,6,2.0,4,66.67,0,0.0,0.06157661061861973,0.07429777002568451,0.7536310716760988,0.08778279393523576,0.26240029123991465,0.876429589818948,death,,,,
2023,Rashid Khan,Gujarat Titans,8,54,9.44,19,35.19,11,20.37,0.40648419880234854,0.3075805757775473,0.4789007381678112,0.2902183429214881,0.5432987864664007,1.1573280850454342,death,,,,
2014,HV Patel,Royal Challengers Bengaluru,1,6,11.0,2,33.33,1,16.67,0.09750385609558826,0.39675451048545773,0.4514872438122983,0.2748793161781329,0.040536358239448886,0.6545656568184823,death,HV Patel,2014.0,7748073.5348,0.5231798337661911
2016,SP Narine,Lucknow Super Giants,1,6,14.0,2,33.33,2,33.33,0.11605058023805889,0.47774967598763624,0.4592306465414186,0.42822898472922555,-0.007723501494308255,0.6063057970847252,death,,,,
2016,M Morkel,Punjab Kings,1,6,7.0,2,33.33,1,16.67,0.11605058023805889,0.24926515930136492,0.4592306465414186,0.27404647589505643,0.129925057830451,0.7439543564094844,death,,,,
2020,Sandeep Sharma,Royal Challengers Bengaluru,0,18,9.33,3,16.67,2,11.11,0.026992648079847133,0.3021948575250051,0.28684788801705896,0.19454491182547182,-0.0526980780327552,0.5613312205462783,death,,,,
2019,UT Yadav,Punjab Kings,0,6,16.0,0,0.0,2,33.33,0.01969513567294069,0.5514839969503872,0.10011548053490506,0.42769470812119326,-0.28932466354663033,0.3247046350324031,death,,,,
2019,M Ashwin,Punjab Kings,1,6,6.0,2,33.33,0,0.0,0.07299501625697159,0.20456727438671593,0.4412021019151796,0.08988894777307886,0.13305956087340126,0.7470888594524348,death,M Ashwin,2019.0,2888505.106,4.6065198429807195
2015,Iqbal Abdulla,Royal Challengers Bengaluru,1,6,8.0,2,33.33,1,16.67,0.09522719101617114,0.2809268964911052,0.4496287309771225,0.2640007366390484,0.08615842622923685,0.7001877248082703,death,,,,
2025,Yash Thakur,Punjab Kings,1,9,10.67,2,22.22,2,22.22,0.05275728172987726,0.3331267675500764,0.3356643883992014,0.284521163115933,-0.03877181684023419,0.5752574817387992,death,Yash Thakur,2025.0,16792000.0,-0.23089457384608256
2024,Akash Madhwal,Mumbai Indians,0,13,18.46,2,15.38,5,38.46,0.0,0.6458515615058193,0.21266716691990914,0.4565399941624764,-0.3315024727750979,0.2825268258039355,death,,,,
2018,CJ Anderson,Delhi Capitals,1,6,11.0,3,50.0,2,33.33,0.08307610755042134,0.39081571966955075,0.6035802575500607,0.4500478729003011,0.014347588852739568,0.628376887431773,death,,,,
2017,I Sharma,Punjab Kings,0,6,20.0,0,0.0,3,50.0,0.03863771635483625,0.7312157968674341,0.11862242354835205,0.6181337243195543,-0.38438313444607997,0.22964616413295347,death,,,,
2025,Ravi Bishnoi,Lucknow Super Giants,1,12,18.0,3,25.0,7,58.33,0.05275728172987726,0.6147668143946048,0.3652112146916395,0.6662742149765332,-0.2570897032484941,0.3569395953305393,death,,,,
2021,Mujeeb Ur Rahman,Sunrisers Hyderabad,1,6,8.0,4,66.67,1,16.67,0.06157661061861973,0.3185535329203176,0.7536310716760988,0.2952323374729564,0.10246312302074527,0.7164924215997787,death,Mujeeb Ur Rahman,2021.0,13261165.843,0.772655468107513
2021,Mujeeb Ur Rahman,Sunrisers Hyderabad,1,6,8.0,4,66.67,1,16.67,0.06157661061861973,0.3185535329203176,0.7536310716760988,0.2952323374729564,0.10246312302074527,0.7164924215997787,death,Mujeeb Ur Rahman,2021.0,19891748.7645,0.5151036454050086
2015,HV Patel,Royal Challengers Bengaluru,4,41,10.24,10,24.39,8,19.51,0.24602265915727073,0.3592521012768473,0.3604860658098043,0.2921524490161738,0.2458332332632563,0.8598625318422897,death,,,,
2020,SM Curran,Royal Challengers Bengaluru,2,12,15.0,3,25.0,3,25.0,0.1430651131101122,0.5080028401725101,0.39024018054160986,0.3397675492728421,0.026538322976794607,0.640567621555828,death,SM Curran,2020.0,76415478.9915,0.03472898858586827
2023,Kuldeep Yadav,Royal Challengers Bengaluru,0,6,7.0,2,33.33,1,16.67,0.03293407072432839,0.20546692190642474,0.4579177260443439,0.24622380354458243,0.03072251407385114,0.6447518126528846,death,,,,
2024,Harpreet Brar,Punjab Kings,1,12,8.5,3,25.0,2,16.67,0.04397616598381318,0.21546302699284492,0.34568785260063256,0.19788147952908175,0.02412095010004703,0.6381502486790804,death,,,,
2023,Avesh Khan,Royal Challengers Bengaluru,0,12,17.0,1,8.33,5,41.67,0.03293407072432839,0.6239655033454519,0.17588799320204146,0.5434842047398915,-0.31046395871304316,0.30356533986599027,death,,,,
2013,A Mishra,Lucknow Super Giants,4,6,2.0,4,66.67,0,0.0,0.26210469691766575,0.10546163325576564,0.7171447748390243,0.12550444251950996,0.5284644917700467,1.1424937903490802,death,,,,
2022,Navdeep Saini,Rajasthan Royals,1,6,5.0,5,83.33,1,16.67,0.06753133168965963,0.15021483368181154,0.9000538288824622,0.23592733270911392,0.24044901291376933,0.8544783114928027,death,,,,
2016,Mustafizur Rahman,Lucknow Super Giants,0,12,6.5,2,16.67,0,0.0,0.02497897366775858,0.23294483668091695,0.28282611324704976,0.11977142053697726,-0.006793066357707177,0.6072362322213263,death,,,,
2014,Z Khan,Mumbai Indians,1,21,9.14,3,14.29,3,14.29,0.09750385609558826,0.33127695030888765,0.24261358631677377,0.25100651132094914,0.011227126518574687,0.6252564250976081,death,Z Khan,2014.0,50362477.9762,0.022292641207766493
2023,DJ Willey,Royal Challengers Bengaluru,0,6,12.0,1,16.67,1,16.67,0.03293407072432839,0.41471621262593833,0.2699731120782336,0.24622380354458243,-0.10936058640378739,0.504668712175246,death,,,,
2013,Azhar Mahmood,Punjab Kings,7,65,10.71,17,26.15,16,24.62,0.4298879910512165,0.40266357406652153,0.3537163287546788,0.36742688708609555,0.47965338945079106,1.0936826880298245,death,,,,
2022,KK Ahmed,Delhi Capitals,5,61,10.92,26,42.62,19,31.15,0.2801817133166239,0.35000072717136926,0.5173082732751588,0.3686979101738873,0.3248553880367696,0.938884686615803,death,KK Ahmed,2022.0,65298368.667,0.4974938802735244
2024,SN Thakur,Chennai Super Kings,4,42,9.14,11,26.19,7,16.67,0.17590466393525273,0.24311851515432117,0.36214259438442264,0.19788147952908175,0.21588792429775283,0.8299172228767863,death,SN Thakur,2024.0,44351870.0,0.4867617178210363
2019,SL Malinga,Royal Challengers Bengaluru,4,12,8.5,6,50.0,2,16.67,0.23289465800906428,0.29129645502763374,0.6117965807153348,0.2588425038787815,0.3387096280535089,0.9527389266325423,death,SL Malinga,2019.0,28885051.060000002,1.1726121838938128
2015,RA Jadeja,Punjab Kings,0,6,8.0,1,16.67,1,16.67,0.04496203496913795,0.2809268964911052,0.28350828336106865,0.2640007366390484,-0.03907544212612908,0.5749538564529043,death,,,,
2018,DJ Willey,Royal Challengers Bengaluru,0,6,7.0,3,50.0,1,16.67,0.020126526528841268,0.2486535424638648,0.6035802575500607,0.28324708291001904,0.02682832519972847,0.6408576237787619,death,,,,
2014,Sandeep Sharma,Delhi Capitals,2,6,11.0,3,50.0,2,33.33,0.15776236058549375,0.39675451048545773,0.634361396672088,0.4419889501784188,0.13565347063215824,0.7496827692111917,death,Sandeep Sharma,2014.0,16464656.261449998,0.823907092125418
2014,Sandeep Sharma,Delhi Capitals,2,6,11.0,3,50.0,2,33.33,0.15776236058549375,0.39675451048545773,0.634361396672088,0.4419889501784188,0.13565347063215824,0.7496827692111917,death,Sandeep Sharma,2014.0,1937018.3837,7.0032102830660525
2025,AD Russell,Kolkata Knight Riders,2,50,11.76,12,24.0,15,30.0,0.10229344817311102,0.3750077567807089,0.3545828599101869,0.36677092062009997,-0.00021934866559096544,0.6138099499134425,death,,,,
2025,Mohammed Shami,Sunrisers Hyderabad,0,6,27.0,0,0.0,4,66.67,0.003221115286643484,0.96057314749157,0.09950234515532576,0.7544442635092778,-0.5758801615728484,0.03814913700618505,death,Mohammed Shami,2025.0,104950000.00000001,-0.5487185913033333
2017,KC Cariappa,Punjab Kings,0,6,11.0,1,16.67,2,33.33,0.03863771635483625,0.4089735680112058,0.2857788662990982,0.4554727159984545,-0.15654100758203485,0.4574882909969986,death,,,,
2020,CH Morris,Royal Challengers Bengaluru,7,58,7.03,25,43.1,7,12.07,0.4332462756857748,0.21871013793254274,0.6148981030739474,0.2045818975669747,0.6854802200077369,1.2995095185867704,death,CH Morris,2020.0,138937234.53,0.4933740205255955
2013,RE van der Merwe,Delhi Capitals,0,6,12.0,0,0.0,1,16.67,0.03839363807293146,0.44668085347477354,0.1191740319850431,0.2893081448316538,-0.17212211813449543,0.44190718044453803,death,,,,
2015,M Morkel,Kolkata Knight Riders,1,18,10.67,3,16.67,4,22.22,0.09522719101617114,0.37428774326696745,0.28350828336106865,0.31901552667181104,-0.017526483775753,0.5965028148032805,death,,,,
2015,Anureet Singh,Royal Challengers Bengaluru,0,6,9.0,0,0.0,1,16.67,0.04496203496913795,0.31589350577045433,0.11728812359158365,0.2640007366390484,-0.10292813376871424,0.5111011648103192,death,,,,
2022,TA Boult,Rajasthan Royals,2,42,14.29,10,23.81,15,35.71,0.12069392709640071,0.4637301969449857,0.3404612111043563,0.4105096389887608,-0.02546571649871457,0.5885635820803189,death,,,,
2025,A Badoni,Lucknow Super Giants,2,10,7.8,3,30.0,1,10.0,0.10229344817311102,0.22285297021804423,0.4183529885989022,0.15533195531375818,0.14320529415799205,0.7572345927370254,death,,,,
2022,DR Sams,Mumbai Indians,1,24,11.0,9,37.5,6,25.0,0.06753133168965963,0.3527005365428498,0.46917127389639707,0.31230709170645937,0.007276037574330846,0.6213053361533643,death,DR Sams,2022.0,32338239.7208,0.022499794785214883
2015,MM Sharma,Royal Challengers Bengaluru,0,6,13.0,1,16.67,2,33.33,0.04496203496913795,0.45575994288785104,0.28350828336106865,0.4291442324851433,-0.1585517094386559,0.4554775891403775,death,,,,
2016,A Mishra,Punjab Kings,0,6,12.0,2,33.33,1,16.67,0.02497897366775858,0.4124683855058444,0.4592306465414186,0.27404647589505643,-0.07196364250679127,0.5420656560722421,death,A Mishra,2016.0,1636386.3998999998,-4.397716976332056
2017,Basil Thampi,Gujarat Titans,5,58,9.21,14,24.14,10,17.24,0.3606389621238684,0.3448831691609116,0.36068340303263596,0.2984711788726899,0.4216688427694218,1.0356981413484552,death,Basil Thampi,2017.0,13258301.7816,3.180413673752832
2023,TG Southee,Kolkata Knight Riders,0,6,15.0,1,16.67,2,33.33,0.03293407072432839,0.5402657870576464,0.2699731120782336,0.4443181349011363,-0.21900871558343676,0.39502058299559667,death,,,,
2023,Arshad Khan,Mumbai Indians,2,25,16.8,5,20.0,11,44.0,0.12632160274383342,0.6155955317166714,0.30753947249282826,0.5711888741312943,-0.13585062906245826,0.47817866951657517,death,,,,
2018,BB Sran,Punjab Kings,4,36,11.5,6,16.67,8,22.22,0.27192485061516153,0.40858599182026156,0.28960626619376717,0.338813972732712,0.22969056723295422,0.8437198658119877,death,,,,
2013,M Kartik,Royal Challengers Bengaluru,0,12,5.5,3,25.0,0,0.0,0.03839363807293146,0.2248883603324184,0.3434018491644271,0.12550444251950996,0.03300433496990497,0.6470336335489384,death,,,,
2022,Umran Malik,Sunrisers Hyderabad,3,18,9.0,9,50.0,5,27.78,0.17385652250314176,0.285205302255837,0.5866932450359523,0.33779757550149186,0.22137136371271599,0.8354006622917494,death,,,,
2022,GJ Maxwell,Royal Challengers Bengaluru,0,6,7.0,0,0.0,0,0.0,0.014368736282918574,0.21771006796882428,0.11660536047773154,0.08307612232667097,-0.0554721513178337,0.5585571472611998,death,,,,
2016,NLTC Perera,Lucknow Super Giants,7,57,12.53,11,19.3,16,28.07,0.6624802196598608,0.4297679274835192,0.3106738877106866,0.37954951315253116,0.8011504708638302,1.4151797694428636,death,NLTC Perera,2016.0,16363863.999,4.895851437733708
2025,Nithish Kumar Reddy,Sunrisers Hyderabad,1,6,20.0,2,33.33,3,50.0,0.05275728172987726,0.6916126661939304,0.4537454100211392,0.5782098859264418,-0.23484848665434704,0.3791808119246864,death,,,,
2022,Kartik Tyagi,Royal Challengers Bengaluru,1,6,11.0,3,50.0,1,16.67,0.06753133168965963,0.3527005365428498,0.5866932450359523,0.23592733270911392,0.06544655661540108,0.6794758551944345,death,Kartik Tyagi,2022.0,49751138.032000005,0.13154785840940114
2016,R Vinay Kumar,Mumbai Indians,0,6,8.0,3,50.0,1,16.67,0.02497897366775858,0.28190580454226083,0.6357410649097938,0.27404647589505643,0.033214515389154736,0.6472438139681882,death,,,,
2017,PJ Sangwan,Gujarat Titans,0,6,12.0,1,16.67,2,33.33,0.03863771635483625,0.44477826010634236,0.2857788662990982,0.4554727159984545,-0.17086288442008948,0.443166414158944,death,,,,
2018,KH Pandya,Delhi Capitals,1,6,4.0,3,50.0,0,0.0,0.08307610755042134,0.1420319095596004,0.6035802575500607,0.11634617239753385,0.2139716230475499,0.8280009216265833,death,KH Pandya,2018.0,131326462.344,0.1629310797142064
2017,JJ Bumrah,Lucknow Super Giants,0,12,8.5,3,25.0,2,16.67,0.03863771635483625,0.3194618377733647,0.36930695076902714,0.29290928476692946,-0.04690886077646218,0.5671204378025713,death,,,,
2022,D Pretorius,Royal Challengers Bengaluru,0,12,17.0,2,16.67,4,33.33,0.014368736282918574,0.555186239403888,0.2733326611894424,0.38868685070380493,-0.23512764819148613,0.3789016503875473,death,D Pretorius,2022.0,6218892.254000001,-3.780860619353096
2016,GB Hogg,Kolkata Knight Riders,1,12,7.0,6,50.0,2,16.67,0.11605058023805889,0.24926515930136492,0.6357410649097938,0.27404647589505643,0.1828781833409636,0.796907481919997,death,,,,
2023,A Nortje,Delhi Capitals,3,84,10.86,24,28.57,20,23.81,0.17301536875358597,0.3670073743418892,0.40421926491116955,0.33112137412596265,0.13464947062918536,0.7486787692082189,death,,,,
2020,Abhishek Sharma,Sunrisers Hyderabad,0,6,11.0,0,0.0,1,16.67,0.026992648079847133,0.36281202348996683,0.07993918256876803,0.25267578757834286,-0.15645681877908846,0.457572479799945,death,,,,
2023,JD Unadkat,Royal Challengers Bengaluru,0,6,23.0,0,0.0,4,66.67,0.03293407072432839,0.8750646522088681,0.0819156862189863,0.8407446059352005,-0.5282734307119189,0.08575586786711453,death,JD Unadkat,2023.0,5915430.661499999,-8.930430613448566
2022,R Dhawan,Punjab Kings,1,6,15.0,2,33.33,2,33.33,0.06753133168965963,0.4876910051168752,0.4299659443242415,0.38868685070380493,-0.08139567642612966,0.5326336221529038,death,R Dhawan,2022.0,6840781.479400001,-1.189859326324641
2016,AF Milne,Royal Challengers Bengaluru,0,6,12.0,2,33.33,2,33.33,0.02497897366775858,0.4124683855058444,0.4592306465414186,0.42822898472922555,-0.118218395157042,0.4958109034219914,death,,,,
2025,CV Varun,Kolkata Knight Riders,3,24,8.5,10,41.67,4,16.67,0.1518296146163448,0.2497490183478082,0.5423858888984535,0.2258468502434232,0.22280652618190305,0.8368358247609364,death,,,,
2023,Fazalhaq Farooqi,Sunrisers Hyderabad,1,14,9.86,3,21.43,2,14.29,0.07962783673408091,0.3251575161979865,0.32367157321140794,0.21792461335078897,0.021102836580112458,0.6351321351591459,death,,,,
2022,LH Ferguson,Gujarat Titans,1,76,11.05,22,28.95,20,26.32,0.06753133168965963,0.3543879174000251,0.3887862456369413,0.32441048688971225,-0.02114544180135189,0.5928838567776815,death,LH Ferguson,2022.0,124377845.08,-0.017000971344817168
2015,A Nehra,Chennai Super Kings,7,72,8.42,24,33.33,10,13.89,0.3968181272983703,0.2956128723884318,0.4496287309771225,0.2364437787487636,0.5409375276606905,1.154966826239724,death,,,,
2015,JP Duminy,Punjab Kings,1,6,6.0,2,33.33,0,0.0,0.09522719101617114,0.2109936779324068,0.4496287309771225,0.09875811504514659,0.16370450013088675,0.7777337987099202,death,,,,
2025,R Shepherd,Royal Challengers Bengaluru,2,12,12.0,3,25.0,3,25.0,0.10229344817311102,0.38422925899662796,0.3652112146916395,0.3139111792935146,0.015138479280452796,0.6291677778594862,death,R Shepherd,2025.0,15742500.000000002,0.09616312072703062
2015,DJ Bravo,Chennai Super Kings,19,146,9.08,42,28.77,25,17.12,0.9999999998627684,0.3186908345128023,0.40415998901258443,0.26846139529035346,1.413233244105701,2.0272625426847344,death,,,,
2017,MJ McClenaghan,Mumbai Indians,4,54,11.33,17,31.48,11,20.37,0.29623871297006205,0.4207891164026009,0.4342843802246262,0.3290128079095851,0.307623894588565,0.9216531931675984,death,,,,
2015,DJ Bravo,Royal Challengers Bengaluru,1,12,8.5,4,33.33,3,25.0,0.09522719101617114,0.29841020113077976,0.4496287309771225,0.34657248456209583,0.05439357999645278,0.6684228785754862,death,,,,
2013,KK Cooper,Rajasthan Royals,4,108,10.28,30,27.78,21,19.44,0.26210469691766575,0.3879911475971041,0.3683359824347746,0.3165268764096166,0.25350331814520444,0.8675326167242379,death,,,,
2023,RP Meredith,Mumbai Indians,5,46,11.61,16,34.78,14,30.43,0.26640290077309103,0.3983947679498162,0.4742754505491975,0.4098359283624805,0.2595783006357252,0.8736075992147586,death,,,,
2013,R Dhawan,Mumbai Indians,0,18,9.67,2,11.11,4,22.22,0.03839363807293146,0.36717677516374464,0.21882087393956134,0.3438438705564527,-0.12678715194116807,0.48724214663786536,death,,,,
2013,NLTC Perera,Punjab Kings,1,6,5.0,2,33.33,0,0.0,0.09432140278411502,0.20782739932146801,0.4181145578485978,0.12550444251950996,0.14613417904631165,0.7601634776253451,death,NLTC Perera,2013.0,83114359.61769001,0.1758230223014418
2013,B Laughlin,Chennai Super Kings,0,18,15.0,3,16.67,7,38.89,0.03839363807293146,0.549046619540476,0.2686891404802564,0.5076475728685966,-0.23371572042329525,0.3803135781557382,death,B Laughlin,2013.0,2462647.6923760003,-9.49042451938396
2013,A Mithun,Royal Challengers Bengaluru,1,6,15.0,2,33.33,3,50.0,0.09432140278411502,0.549046619540476,0.4181145578485978,0.6168172868870678,-0.13774736235155888,0.47628193622747456,death,,,,
2022,JJ Bumrah,Mumbai Indians,7,104,7.44,33,31.73,13,12.5,0.386506904130106,0.23255901951196709,0.41492313201837844,0.19769160701656519,0.5519062058909161,1.1659355044699495,death,,,,
2022,CJ Jordan,Chennai Super Kings,1,29,14.28,6,20.69,9,31.03,0.06753133168965963,0.46339272077355065,0.3111277271079233,0.36759760152086435,-0.10100105309881313,0.5130282454802203,death,CJ Jordan,2022.0,44776024.2288,-0.22556949804812979
2022,M Prasidh Krishna,Royal Challengers Bengaluru,2,6,8.0,4,66.67,1,16.67,0.12069392709640071,0.25145768511233063,0.743420545747663,0.23592733270911392,0.23270578051123356,0.846735079090267,death,M Prasidh Krishna,2022.0,124377845.08,0.18709584521387781
2017,JJ Bumrah,Punjab Kings,1,12,7.0,5,41.67,1,8.33,0.10303796550864269,0.26575479963065995,0.5364633935197733,0.2115299920615922,0.14573504884815436,0.7597643474271878,death,,,,
2019,TG Southee,Royal Challengers Bengaluru,0,12,20.0,1,8.33,7,58.33,0.01969513567294069,0.6902506859758556,0.18536155182496467,0.6810743663481017,-0.39527141523787235,0.21875788334116109,death,,,,
2014,SL Malinga,Mumbai Indians,11,88,8.39,29,32.95,14,15.91,0.7000889009946432,0.3048747083022062,0.44731854686648437,0.2672560675682759,0.9822022119605446,1.5962315105395781,death,,,,
2015,MA Starc,Delhi Capitals,1,6,2.0,4,66.67,0,0.0,0.09522719101617114,0.07112724081501007,0.7820690505160927,0.09875811504514659,0.3193831708395365,0.9334124694185699,death,,,,
2022,Fazalhaq Farooqi,Sunrisers Hyderabad,0,6,15.0,2,33.33,2,33.33,0.014368736282918574,0.4876910051168752,0.4299659443242415,0.38868685070380493,-0.16113956953624126,0.4528897290427922,death,Fazalhaq Farooqi,2022.0,6218892.254000001,-2.591129785736295
2014,AR Patel,Royal Challengers Bengaluru,0,6,6.0,1,16.67,0,0.0,0.037245351605682764,0.2207395637742478,0.26872279350371436,0.10766937627508567,0.01588822706741362,0.6299175256464471,death,AR Patel,2014.0,14527637.87775,0.10936552246905501
2020,SM Curran,Chennai Super Kings,6,54,9.89,18,33.33,12,22.22,0.37521004317064227,0.3225215718605611,0.4936324730661607,0.3107021113964066,0.4886855445126652,1.1027148430916986,death,SM Curran,2020.0,76415478.9915,0.6395111971581355
2021,JO Holder,Royal Challengers Bengaluru,2,6,13.0,3,50.0,1,16.67,0.10719200890125709,0.5221000019991785,0.5728757995617999,0.2952323374729564,0.03524105117886729,0.6492703497579008,death,,,,
2025,V Nigam,Delhi Capitals,2,24,6.0,10,41.67,2,8.33,0.10229344817311102,0.15369170359865122,0.5423858888984535,0.13767680171067861,0.2133762169765385,0.827405515555572,death,V Nigam,2025.0,5247500.000000001,4.066245202030271
2014,LMP Simmons,Mumbai Indians,0,6,8.0,1,16.67,1,16.67,0.037245351605682764,0.29114554245873175,0.26872279350371436,0.2748793161781329,-0.062437146377294125,0.5515921522017393,death,,,,
2022,SN Thakur,Royal Challengers Bengaluru,0,6,12.0,2,33.33,2,33.33,0.014368736282918574,0.3864481536863561,0.4299659443242415,0.38868685070380493,-0.12064242896403363,0.4933868696149998,death,SN Thakur,2022.0,133706183.46100001,-0.09022950610150586
2017,NM Coulter-Nile,Delhi Capitals,1,6,5.0,2,33.33,0,0.0,0.10303796550864269,0.194145415440387,0.4528350352389561,0.13024827644582967,0.17367480972474716,0.7877041083037806,death,NM Coulter-Nile,2017.0,54593007.336,0.31812647479894673
2017,Kuldeep Yadav,Kolkata Knight Riders,3,24,9.0,9,37.5,4,16.67,0.23183846381625556,0.3373641838209329,0.49464921437936477,0.29290928476692946,0.27333400107974076,0.8873632996587741,death,,,,
2022,Avesh Khan,Royal Challengers Bengaluru,0,24,12.75,3,12.5,6,25.0,0.014368736282918574,0.4117588665439859,0.23412733161728674,0.31230709170645937,-0.16660437021996832,0.4474249283590651,death,,,,
2020,DL Chahar,Chennai Super Kings,2,30,9.2,6,20.0,5,16.67,0.1430651131101122,0.29747615598282234,0.3281799809470415,0.25267578757834286,0.11825846528264895,0.7322877638616824,death,,,,
2022,Yash Dayal,Gujarat Titans,3,54,8.89,16,29.63,7,12.96,0.17385652250314176,0.28149306437005134,0.3951794408669332,0.20190945685315329,0.20616855321082603,0.8201978517898595,death,Yash Dayal,2022.0,39800910.4256,0.5179995909797533
2024,L Wood,Mumbai Indians,0,12,22.5,1,8.33,9,75.0,0.0,0.8204268305251381,0.11518319248653078,0.8902886001608354,-0.5607023545123466,0.05332694406668681,death,,,,
2018,CJ Jordan,Punjab Kings,0,6,13.0,2,33.33,2,33.33,0.020126526528841268,0.46189680827239377,0.44654616106312955,0.4500478729003011,-0.15561944706684708,0.4584098515121864,death,CJ Jordan,2018.0,14923461.629999999,-1.042783845498768
2016,SR Watson,Punjab Kings,1,12,5.0,6,50.0,1,8.33,0.11605058023805889,0.1839838688195731,0.6357410649097938,0.19686267495406182,0.2321458398159787,0.8461751383950121,death,SR Watson,2016.0,155456707.9905,0.14933150381015736
2014,SP Narine,Punjab Kings,1,24,7.75,11,45.83,4,16.67,0.09750385609558826,0.2823447951231713,0.5886154328193391,0.2748793161781329,0.12743870108647576,0.7414679996655091,death,,,,
2015,SL Malinga,Royal Challengers Bengaluru,0,6,7.0,3,50.0,1,16.67,0.04496203496913795,0.24596028721175597,0.6158488907466075,0.2640007366390484,0.07461338380127226,0.6886426823803057,death,,,,
2021,B Kumar,Royal Challengers Bengaluru,0,6,14.0,1,16.67,3,50.0,0.015961212335982394,0.5628092958149506,0.21147368681017542,0.7100069797112424,-0.3507418876923268,0.26328741088670665,death,,,,
2021,Sandeep Sharma,Sunrisers Hyderabad,1,9,20.0,2,22.22,4,44.44,0.06157661061861973,0.8070650587095838,0.27165315653029287,0.6408156502529504,-0.34120985567270123,0.2728194429063322,death,,,,
2013,S Nadeem,Royal Challengers Bengaluru,1,6,1.0,5,83.33,0,0.0,0.09432140278411502,0.07133971123386489,0.8665701922073659,0.12550444251950996,0.33526594458898334,0.9492952431680168,death,,,,
2022,R Tewatia,Gujarat Titans,0,6,9.0,2,33.33,1,16.67,0.014368736282918574,0.285205302255837,0.4299659443242415,0.23592733270911392,-0.03431743299341866,0.5797118655856148,death,R Tewatia,2022.0,111940060.572,-0.030656971970589246
2017,CR Woakes,Delhi Capitals,1,6,11.0,1,16.67,2,33.33,0.10303796550864269,0.4089735680112058,0.2857788662990982,0.4554727159984545,-0.059940633851325184,0.5540886647277082,death,CR Woakes,2017.0,65511608.80320001,-0.09149620188902657
2016,TA Boult,Gujarat Titans,0,6,15.0,1,16.67,3,50.0,0.02497897366775858,0.5103903212285321,0.28282611324704976,0.5825040400873047,-0.25659104604185146,0.357438252537182,death,,,,
2023,Noor Ahmad,Gujarat Titans,3,26,6.46,13,50.0,3,11.54,0.17301536875358597,0.18286799850871727,0.6459751519035911,0.18522596921930498,0.32460060853217787,0.9386299071112113,death,,,,
2017,CH Morris,Royal Challengers Bengaluru,2,12,4.5,8,66.67,1,8.33,0.16743821466244915,0.17624306939281875,0.7871479207404484,0.2115299920615922,0.35334547284020307,0.9673747714192364,death,,,,
2017,A Nehra,Punjab Kings,2,12,9.0,4,33.33,3,25.0,0.16743821466244915,0.3373641838209329,0.4528350352389561,0.374191000382692,0.13980485892217975,0.7538341575012132,death,,,,
2016,Mustafizur Rahman,Sunrisers Hyderabad,4,78,8.23,23,29.49,10,12.82,0.38926539994895987,0.2894131529476669,0.4185707781230286,0.23841606418968123,0.5221792529243773,1.1362085515034108,death,,,,
2017,MM Sharma,Royal Challengers Bengaluru,1,12,4.5,3,25.0,0,0.0,0.10303796550864269,0.17624306939281875,0.36930695076902714,0.13024827644582967,0.15577732280279577,0.7698066213818292,death,,,,
2018,Basil Thampi,Sunrisers Hyderabad,3,13,5.54,5,38.46,1,7.69,0.20897526959358148,0.19676434778378948,0.4948715908758445,0.19333885397167969,0.32521698634810586,0.9392462849271392,death,Basil Thampi,2018.0,14177288.5485,2.293929373275786
2021,Shivam Mavi,Kolkata Knight Riders,4,37,10.38,10,27.03,8,21.62,0.19842280546653177,0.4154416522018554,0.32380869695439474,0.35683253186478103,0.12155039684593956,0.735579695424973,death,,,,
2022,SS Iyer,Kolkata Knight Riders,0,6,7.0,4,66.67,1,16.67,0.014368736282918574,0.21771006796882428,0.743420545747663,0.23592733270911392,0.08671704114841286,0.7007463397274463,death,,,,
2015,HH Pandya,Mumbai Indians,0,12,18.0,2,16.67,7,58.33,0.04496203496913795,0.6305929892845971,0.28350828336106865,0.6769586020020925,-0.30282923885243906,0.31120005972659437,death,HH Pandya,2015.0,1745533.3727,-17.34880831204168
2023,Harshit Rana,Kolkata Knight Riders,0,6,21.0,1,16.67,4,66.67,0.03293407072432839,0.7913649359210627,0.2699731120782336,0.8407446059352005,-0.4383763164390226,0.17565298214001085,death,,,,
2025,LH Ferguson,Punjab Kings,0,12,13.0,3,25.0,3,25.0,0.003221115286643484,0.4226521848962908,0.3652112146916395,0.3139111792935146,-0.14883919040911364,0.4651901081699198,death,LH Ferguson,2025.0,20990000.000000004,-0.7090957141930139
2020,PP Chawla,Chennai Super Kings,0,6,12.0,2,33.33,2,33.33,0.026992648079847133,0.3991097276606026,0.4936324730661607,0.4268593109673413,-0.09912297031482453,0.5149063282642089,death,,,,
2021,NM Coulter-Nile,Mumbai Indians,4,48,6.25,20,41.67,6,12.5,0.19842280546653177,0.24731226874271625,0.4825523792431371,0.24333884037923742,0.270473362361881,0.8845026609409145,death,NM Coulter-Nile,2021.0,66305829.215,0.4079179245083528
2017,MM Sharma,Delhi Capitals,0,6,13.0,1,16.67,1,16.67,0.03863771635483625,0.4805829522014788,0.2857788662990982,0.29290928476692946,-0.13641573188868653,0.47761356669034694,death,,,,
2022,JR Hazlewood,Royal Challengers Bengaluru,8,87,10.97,25,28.74,22,25.29,0.43966949953684714,0.3516881080285446,0.38681187652179677,0.31496617095126495,0.5403827177650125,1.1544120163440459,death,JR Hazlewood,2022.0,96392829.937,0.5606046820268618
2013,MR Marsh,Royal Challengers Bengaluru,1,6,19.0,1,16.67,3,50.0,0.09432140278411502,0.685534307628079,0.2686891404802564,0.6168172868870678,-0.2371700627971025,0.3768592357819309,death,,,,
2022,OC McCoy,Rajasthan Royals,6,47,9.45,17,36.17,9,19.15,0.333344308723365,0.30039172997041486,0.45666693616714843,0.25866704487158887,0.43925973848554956,1.0532890370645829,death,OC McCoy,2022.0,9328338.381000001,4.708874405545104
2022,Harpreet Brar,Punjab Kings,0,6,11.0,1,16.67,2,33.33,0.014368736282918574,0.3527005365428498,0.2733326611894424,0.38868685070380493,-0.1541333670470708,0.4598959315319626,death,,,,
2019,K Rabada,Delhi Capitals,11,84,9.36,27,32.14,15,17.86,0.6059938220972805,0.3211312931681094,0.4290240917308854,0.2709033756103823,0.8279744307148278,1.4420037292938612,death,,,,
2017,PJ Cummins,Royal Challengers Bengaluru,0,6,6.0,2,33.33,0,0.0,0.03863771635483625,0.22995010753552347,0.4528350352389561,0.13024827644582967,0.0627525591559829,0.6767818577350163,death,PJ Cummins,2017.0,70191009.43200001,0.08940255976340765
2024,R Shepherd,Mumbai Indians,0,12,20.0,2,16.67,6,50.0,0.0,0.7123975798943715,0.2305046601141018,0.5935257334405569,-0.3938653539556851,0.22016394462334832,death,,,,
2014,JD Unadkat,Delhi Capitals,3,67,12.63,12,17.91,21,31.34,0.21802086507539922,0.45413538311331225,0.2823259098532128,0.4220280755289249,0.1034664946650603,0.7174957932440937,death,JD Unadkat,2014.0,54236514.743599996,0.19076906979401648
2025,K Rabada,Gujarat Titans,1,24,11.25,6,25.0,6,25.0,0.05275728172987726,0.3554120645718809,0.3652112146916395,0.3139111792935146,-0.04763889261449901,0.5663904059645344,death,K Rabada,2025.0,112821250.00000001,-0.042225106187441644
2022,DJ Bravo,Chennai Super Kings,11,74,9.16,24,32.43,13,17.57,0.5991572857570703,0.29060492099879803,0.42150436240219347,0.24417964760678626,0.8356913746747082,1.4497206732537418,death,,,,
2025,Vijaykumar Vyshak,Punjab Kings,1,30,13.8,9,30.0,10,33.33,0.05275728172987726,0.45339052561602106,0.4183529885989022,0.4019755083436059,-0.09730704357500367,0.5167222550040298,death,Vijaykumar Vyshak,2025.0,18891000.0,-0.51509736686784
2016,KA Pollard,Royal Challengers Bengaluru,0,6,23.0,1,16.67,4,66.67,0.02497897366775858,0.7715154831556993,0.28282611324704976,0.736779095445384,-0.4073236274201421,0.20670567115889132,death,,,,
2022,SP Narine,Kolkata Knight Riders,1,30,6.2,9,30.0,2,6.67,0.06753133168965963,0.19071197425401917,0.398658091212664,0.14423494495719855,0.1013391517095214,0.7153684502885549,death,,,,
2017,MG Johnson,Mumbai Indians,5,18,9.67,8,44.44,4,22.22,0.3606389621238684,0.36135332752467436,0.5642392391358242,0.3470645694809129,0.4615695130724063,1.0755988116514397,death,MG Johnson,2017.0,31196004.192,1.4795789557906667
2014,DW Steyn,Delhi Capitals,1,6,4.0,2,33.33,0,0.0,0.09750385609558826,0.15033358508976383,0.4514872438122983,0.10766937627508567,0.18926771036864062,0.8032970089476741,death,,,,
2016,JJ Bumrah,Gujarat Titans,0,6,10.0,1,16.67,1,16.67,0.02497897366775858,0.34718709502405265,0.28282611324704976,0.27404647589505643,-0.09877248630238519,0.5152568122766482,death,,,,
2021,Shahbaz Ahmed,Royal Challengers Bengaluru,3,6,1.0,5,83.33,0,0.0,0.15280740718389443,0.033588476209912295,0.9342779123134245,0.08778279393523576,0.46972425580533334,1.0837535543843668,death,,,,
2017,JP Faulkner,Royal Challengers Bengaluru,1,12,4.5,3,25.0,0,0.0,0.10303796550864269,0.17624306939281875,0.36930695076902714,0.13024827644582967,0.15577732280279577,0.7698066213818292,death,,,,
2013,P Awana,Royal Challengers Bengaluru,2,6,14.0,4,66.67,1,16.67,0.1502491674952986,0.5149246975185751,0.7171447748390243,0.2893081448316538,0.14775486123772902,0.7617841598167625,death,,,,
2013,SW Tait,Rajasthan Royals,0,12,12.5,3,25.0,3,25.0,0.03839363807293146,0.46374181448572394,0.3434018491644271,0.371160864703289,-0.13623397334655096,0.47779532523248247,death,,,,
2019,S Lamichhane,Royal Challengers Bengaluru,0,6,19.0,0,0.0,3,50.0,0.01969513567294069,0.6555590137194884,0.10011548053490506,0.5966482642268958,-0.38164073708598156,0.23238856149305187,death,,,,
2019,JJ Bumrah,Punjab Kings,1,12,14.5,3,25.0,5,41.67,0.07299501625697159,0.4994464885658365,0.35595603062512,0.5122221621056899,-0.1371659104850482,0.4768633880939852,death,,,,
2025,Sandeep Sharma,Rajasthan Royals,7,93,12.45,19,20.43,22,23.66,0.3499742803892799,0.40151957565147617,0.31663963334040135,0.29974476861798965,0.369422049740053,0.9834513483190864,death,Sandeep Sharma,2025.0,27287000.000000004,1.3538390066333892
2016,RA Jadeja,Royal Challengers Bengaluru,0,6,14.0,2,33.33,2,33.33,0.02497897366775858,0.47774967598763624,0.4592306465414186,0.42822898472922555,-0.1443309113497587,0.4696983872292747,death,,,,
2017,Mohammed Siraj,Delhi Capitals,0,6,14.0,0,0.0,2,33.33,0.03863771635483625,0.5163876442966153,0.11862242354835205,0.4554727159984545,-0.24965357092142249,0.36437572765761095,death,,,,
2017,Mohammed Shami,Delhi Capitals,1,12,8.5,3,25.0,1,8.33,0.10303796550864269,0.3194618377733647,0.36930695076902714,0.2115299920615922,0.07410530076584866,0.6881345993448821,death,,,,
2013,A Chandila,Royal Challengers Bengaluru,0,6,6.0,1,16.67,0,0.0,0.03839363807293146,0.24194932134336877,0.2686891404802564,0.12550444251950996,0.0037661379602736064,0.617795436539307,death,,,,
2019,K Rabada,Royal Challengers Bengaluru,3,12,6.0,5,41.67,1,8.33,0.17959477742503335,0.20456727438671593,0.5265505094252753,0.17431504989428478,0.2932358942421608,0.9072651928211942,death,,,,
2020,B Kumar,Sunrisers Hyderabad,0,13,11.54,2,15.38,4,30.77,0.026992648079847133,0.3824127837421102,0.2708363565216603,0.4000940156566669,-0.15125343911757533,0.4627758594614581,death,,,,
2019,P Negi,Royal Challengers Bengaluru,0,7,19.71,1,14.29,4,57.14,0.01969513567294069,0.6801901010215091,0.24635393896647187,0.669013494616501,-0.36933120359420135,0.24469809498483208,death,,,,
2016,HH Pandya,Mumbai Indians,1,6,10.0,1,16.67,1,16.67,0.11605058023805889,0.34718709502405265,0.28282611324704976,0.27404647589505643,0.03783492355306527,0.6518642221320987,death,,,,
2014,MG Johnson,Punjab Kings,8,69,8.87,25,36.23,11,15.94,0.5193133875249267,0.3217721431864823,0.4833009836619318,0.26755698527655974,0.7149844235284087,1.329013722107442,death,MG Johnson,2014.0,125906194.94049999,0.5678707261912663
2025,NT Ellis,Chennai Super Kings,1,12,11.0,3,25.0,3,25.0,0.05275728172987726,0.3458063330969652,0.3652112146916395,0.3139111792935146,-0.043796600024532714,0.5702326985545008,death,NT Ellis,2025.0,20990000.000000004,-0.20865459754422444
2017,LH Ferguson,Lucknow Super Giants,0,6,2.0,4,66.67,0,0.0,0.03863771635483625,0.08673133915497756,0.7871479207404484,0.13024827644582967,0.22033393215864897,0.8343632307376824,death,LH Ferguson,2017.0,7799001.048,2.82515582191327
2020,RA Jadeja,Royal Challengers Bengaluru,0,6,11.0,0,0.0,1,16.67,0.026992648079847133,0.36281202348996683,0.07993918256876803,0.25267578757834286,-0.15645681877908846,0.457572479799945,death,,,,
2014,SK Raina,Chennai Super Kings,1,6,8.0,3,50.0,1,16.67,0.09750385609558826,0.29114554245873175,0.634361396672088,0.2748793161781329,0.1376421913080762,0.7516714898871096,death,,,,
2021,Arshdeep Singh,Royal Challengers Bengaluru,0,6,16.0,1,16.67,2,33.33,0.015961212335982394,0.6442278834464951,0.21147368681017542,0.5025574361735218,-0.32107445968362835,0.2929548388954051,death,Arshdeep Singh,2021.0,2652233.1686,-12.105815713522269
2015,AR Patel,Punjab Kings,3,35,9.77,8,22.86,7,20.0,0.1957575031102375,0.3428177949155532,0.34523010633486056,0.297009610658706,0.17097528540198137,0.7850045839810148,death,,,,
2023,R Tewatia,Gujarat Titans,0,6,7.0,2,33.33,1,16.67,0.03293407072432839,0.20546692190642474,0.4579177260443439,0.24622380354458243,0.03072251407385114,0.6447518126528846,death,,,,
2018,HH Pandya,Mumbai Indians,4,28,10.5,13,46.43,7,25.0,0.27192485061516153,0.37304544751884006,0.5699502800780545,0.36664747790516006,0.3196599375670746,0.933689236146108,death,,,,
2023,B Kumar,Sunrisers Hyderabad,7,102,9.35,28,27.45,20,19.61,0.359790432792596,0.30381408854459613,0.39158433287983435,0.28118162672515074,0.45128082561746063,1.0653101241964942,death,,,,
2016,CH Morris,Gujarat Titans,1,6,8.0,1,16.67,0,0.0,0.11605058023805889,0.28190580454226083,0.28282611324704976,0.11977142053697726,0.11022995635320573,0.7242592549322392,death,CH Morris,2016.0,114547047.99299999,0.0962311629016768
2022,R Sai Kishore,Gujarat Titans,1,6,16.0,1,16.67,2,33.33,0.06753133168965963,0.5214386222603816,0.2733326611894424,0.38868685070380493,-0.14188470822397198,0.47214459035506146,death,R Sai Kishore,2022.0,37313353.524000004,-0.3802518262870999
2016,YS Chahal,Delhi Capitals,1,6,8.0,3,50.0,1,16.67,0.11605058023805889,0.28190580454226083,0.6357410649097938,0.27404647589505643,0.16982192524460518,0.7838512238236386,death,,,,
2023,K Rabada,Punjab Kings,1,30,13.0,9,30.0,9,30.0,0.07962783673408091,0.456566070769841,0.42035136562974923,0.4047230494619212,-0.058496178356466644,0.5555331202225668,death,,,,
2018,TK Curran,Kolkata Knight Riders,4,18,11.67,5,27.78,4,22.22,0.27192485061516153,0.41462788435150316,0.39426426331253167,0.338813972732712,0.25867120935608695,0.8727005079351204,death,,,,
2016,SR Watson,Lucknow Super Giants,2,12,9.5,5,41.67,2,16.67,0.2071221868083592,0.3308667724036047,0.5475387982626093,0.27404647589505643,0.2603842679613627,0.8744135665403961,death,SR Watson,2016.0,155456707.9905,0.16749632185526203
2018,Imran Tahir,Royal Challengers Bengaluru,0,6,7.0,0,0.0,0,0.0,0.020126526528841268,0.2486535424638648,0.13257216970683605,0.11634617239753385,-0.06440382799949336,0.54962547057954,death,Imran Tahir,2018.0,14923461.629999999,-0.4315609179442998
2025,KV Sharma,Mumbai Indians,1,6,5.0,2,33.33,0,0.0,0.05275728172987726,0.11526877769898843,0.4537454100211392,0.04961247266058726,0.1542682927233861,0.7682975913024195,death,KV Sharma,2025.0,5247500.000000001,2.9398435964437555
2025,JD Unadkat,Sunrisers Hyderabad,6,23,6.78,15,65.22,4,17.39,0.30043811394604614,0.1836615858003882,0.7926836440016609,0.2334586529944515,0.5449600339010767,1.1589893324801102,death,JD Unadkat,2025.0,10495000.000000002,5.192568212492393
2016,Mohammed Shami,Delhi Capitals,0,7,22.29,0,0.0,3,42.86,0.02497897366775858,0.7483406250346633,0.1063156948786746,0.516425822015518,-0.3849008276532805,0.22912847092575295,death,,,,
2022,KA Pollard,Mumbai Indians,0,6,26.0,0,0.0,5,83.33,0.014368736282918574,0.8589147936954453,0.11660536047773154,0.8471487894633817,-0.5411758417494954,0.07285345682953803,death,,,,
2015,A Ashish Reddy,Sunrisers Hyderabad,1,6,4.0,2,33.33,0,0.0,0.09522719101617114,0.14106045937370842,0.4496287309771225,0.09875811504514659,0.1916777875543661,0.8057070861333995,death,,,,
2015,R Vinay Kumar,Mumbai Indians,1,57,11.79,9,15.79,16,28.07,0.09522719101617114,0.4134503456598385,0.2747336138591402,0.3770040891387772,-0.05322049432356982,0.5608088042554636,death,,,,
2020,DL Chahar,Royal Challengers Bengaluru,2,12,7.0,3,25.0,1,8.33,0.1430651131101122,0.21762120680742364,0.39024018054160986,0.16547947394903623,0.19497739891997096,0.8090066974990044,death,,,,
2015,MG Johnson,Punjab Kings,4,35,12.17,8,22.86,10,28.57,0.24602265915727073,0.42673765718599127,0.34523010633486056,0.3819603765291162,0.18731984480323294,0.8013491433822664,death,,,,
2021,DL Chahar,Chennai Super Kings,0,18,10.0,1,5.56,4,22.22,0.015961212335982394,0.39997212055186193,0.09100631589296725,0.3642992220940931,-0.21803490157710892,0.3959943970019245,death,,,,
2016,Mustafizur Rahman,Gujarat Titans,1,12,4.0,5,41.67,0,0.0,0.11605058023805889,0.15134322357867722,0.5475387982626093,0.11977142053697726,0.24186879424330704,0.8558980928223405,death,,,,
2014,CJ Anderson,Mumbai Indians,2,18,13.67,4,22.22,7,38.89,0.15776236058549375,0.4907464920292439,0.32960770942284046,0.4977590321136884,-0.010100452740711363,0.6039288458383221,death,CJ Anderson,2014.0,87165827.2665,-0.011587629071459772
2024,KR Sen,Rajasthan Royals,1,12,14.5,2,16.67,3,25.0,0.04397616598381318,0.47473322850668487,0.2305046601141018,0.29676286672027846,-0.1438065044088072,0.4702227941702262,death,,,,
2014,AN Ahmed,Royal Challengers Bengaluru,2,30,10.2,8,26.67,6,20.0,0.15776236058549375,0.36859211901166417,0.378425344709347,0.3082811817976378,0.11024994214708773,0.7242792407261212,death,,,,
2013,PP Chawla,Punjab Kings,2,14,11.57,3,21.43,3,21.43,0.1502491674952986,0.4320084270053562,0.31138211687121103,0.3360811276154453,0.04516067721753517,0.6591899757965686,death,,,,
2014,A Nehra,Royal Challengers Bengaluru,2,12,11.0,2,16.67,3,25.0,0.15776236058549375,0.39675451048545773,0.26872279350371436,0.3584341331782758,0.05102833478168907,0.6650576333607225,death,A Nehra,2014.0,38740367.673999995,0.13171876738778593
2022,HH Pandya,Gujarat Titans,2,21,8.0,6,28.57,2,9.52,0.12069392709640071,0.25145768511233063,0.38521357771429887,0.1703672754664944,0.14491170727401015,0.7589410058530436,death,,,,
2014,JP Duminy,Delhi Capitals,0,6,13.0,1,16.67,2,33.33,0.037245351605682764,0.4671604891699417,0.26872279350371436,0.4419889501784188,-0.18297601526186388,0.4310532833171695,death,JP Duminy,2014.0,42614404.4414,-0.4293759766453576
2019,Rashid Khan,Sunrisers Hyderabad,5,54,7.0,27,50.0,8,14.81,0.2861945385930951,0.23925894664308306,0.6117965807153348,0.23999105730669948,0.44512988625500005,1.0591591848340336,death,,,,
2015,R Vinay Kumar,Punjab Kings,0,6,9.0,2,33.33,1,16.67,0.04496203496913795,0.31589350577045433,0.4496287309771225,0.2640007366390484,-0.0032259515530525806,0.6108033470259808,death,,,,
2015,I Sharma,Delhi Capitals,0,12,8.0,3,25.0,2,16.67,0.04496203496913795,0.2809268964911052,0.36656850716909556,0.2640007366390484,-0.014157374983721008,0.5998719235953124,death,,,,
2016,Mustafizur Rahman,Royal Challengers Bengaluru,3,24,9.5,8,33.33,4,16.67,0.29819379337865953,0.3308667724036047,0.4592306465414186,0.27404647589505643,0.3704992323004561,0.9845285308794895,death,,,,
2019,MP Stoinis,Royal Challengers Bengaluru,0,16,16.5,4,25.0,6,37.5,0.01969513567294069,0.5688298330785707,0.35595603062512,0.46995843511344154,-0.23218995106851373,0.38183934751051973,death,,,,
2024,RJW Topley,Royal Challengers Bengaluru,2,24,14.25,7,29.17,9,37.5,0.08795233196762636,0.4639303034436082,0.40334858641441806,0.4451443000804177,-0.06618233752580364,0.5478469610532298,death,,,,
2025,MA Starc,Delhi Capitals,7,48,9.63,13,27.08,10,20.83,0.3499742803892799,0.29316692461442717,0.38731819263706074,0.26982615502714224,0.4429422620211245,1.056971560600158,death,MA Starc,2025.0,3148500.0000000005,14.068358330034126
2022,RA Jadeja,Chennai Super Kings,0,6,9.0,2,33.33,1,16.67,0.014368736282918574,0.285205302255837,0.4299659443242415,0.23592733270911392,-0.03431743299341866,0.5797118655856148,death,,,,
2018,CJ Anderson,Royal Challengers Bengaluru,1,16,19.88,2,12.5,9,56.25,0.08307610755042134,0.7064157530661734,0.25032419166764225,0.6795241097896929,-0.28671211533745256,0.3273171832415809,death,,,,
2022,T Natarajan,Sunrisers Hyderabad,8,84,11.86,20,23.81,24,28.57,0.43966949953684714,0.38172348728626526,0.3404612111043563,0.3450412741338932,0.5054408354819035,1.119470134060937,death,,,,
2016,DJ Bravo,Delhi Capitals,1,12,11.5,3,25.0,3,25.0,0.11605058023805889,0.39614806288539645,0.37102837989423415,0.351137730312141,0.021583840077557676,0.6356131386565911,death,,,,
2016,CH Morris,Punjab Kings,1,12,9.0,2,16.67,1,8.33,0.11605058023805889,0.3145464497831567,0.28282611324704976,0.19686267495406182,0.07404632193172199,0.6880756205107554,death,CH Morris,2016.0,114547047.99299999,0.06464271513679426
2020,Arshdeep Singh,Punjab Kings,6,41,9.22,17,41.46,8,19.51,0.37521004317064227,0.29820211006623515,0.594542357606929,0.2823685370636223,0.5371863668924614,1.151215665471495,death,Arshdeep Singh,2020.0,2778744.6906,19.331979965977713
2017,TA Boult,Kolkata Knight Riders,3,59,10.78,16,27.12,15,25.42,0.23183846381625556,0.4010965357502758,0.39056499867734046,0.37828923814483134,0.1910018095840257,0.8050311081630591,death,,,,
2018,TG Southee,Royal Challengers Bengaluru,3,54,9.56,14,25.93,11,20.37,0.20897526959358148,0.3396373358755038,0.37683696406233236,0.32029167612514775,0.19457155642132606,0.8086008550003595,death,TG Southee,2018.0,14923461.629999999,1.3037964062586336
2025,Simarjeet Singh,Sunrisers Hyderabad,0,6,17.0,0,0.0,3,50.0,0.003221115286643484,0.5763438884949419,0.09950234515532576,0.5782098859264418,-0.3693181446993464,0.24471115387968706,death,Simarjeet Singh,2025.0,5247500.000000001,-7.0379827479627695
2025,Simarjeet Singh,Sunrisers Hyderabad,0,6,17.0,0,0.0,3,50.0,0.003221115286643484,0.5763438884949419,0.09950234515532576,0.5782098859264418,-0.3693181446993464,0.24471115387968706,death,Simarjeet Singh,2025.0,15742500.000000002,-2.345994249320923
2013,MM Patel,Royal Challengers Bengaluru,0,12,16.5,1,8.33,6,50.0,0.03839363807293146,0.6002295025733271,0.19388674066921385,0.6168172868870678,-0.3093805077852898,0.30464879079374363,death,,,,
2013,MS Gony,Punjab Kings,0,18,10.0,6,33.33,4,22.22,0.03839363807293146,0.3784370094309719,0.4181145578485978,0.3438438705564527,-0.07150314047534805,0.5425261581036854,death,MS Gony,2013.0,61566192.30940001,-0.11614026756114794
2020,SN Thakur,Royal Challengers Bengaluru,0,12,14.0,2,16.67,3,25.0,0.026992648079847133,0.47170513600187425,0.28684788801705896,0.3397675492728421,-0.16406898065771391,0.4499603179213195,death,,,,
2020,JC Archer,Punjab Kings,1,12,13.5,4,33.33,4,33.33,0.08502888059497966,0.45355628391655634,0.4936324730661607,0.4268593109673413,-0.03384724404450723,0.5801820545345262,death,,,,
2023,N Rana,Kolkata Knight Riders,1,17,7.76,4,23.53,2,11.76,0.07962783673408091,0.2372728140957908,0.34736207077016135,0.18784186074982373,0.07238869246890633,0.6864179910479398,death,,,,
2020,M Ashwin,Royal Challengers Bengaluru,0,6,6.0,1,16.67,0,0.0,0.026992648079847133,0.18132350263678784,0.28684788801705896,0.07838771225453701,0.030497623793812136,0.6445269223728456,death,,,,
2014,Shakib Al Hasan,Kolkata Knight Riders,2,18,5.67,8,44.44,1,5.56,0.15776236058549375,0.20912257729130793,0.5733667782017562,0.16343945821035516,0.2759727059591377,0.8900020045381711,death,Shakib Al Hasan,2014.0,54236514.743599996,0.5088319322577839
2018,SP Narine,Delhi Capitals,0,6,18.0,0,0.0,2,33.33,0.020126526528841268,0.6395995297795012,0.13257216970683605,0.4500478729003011,-0.3208927330765781,0.2931365655024553,death,,,,
2020,JO Holder,Sunrisers Hyderabad,5,30,10.6,8,26.67,7,23.33,0.31717381065550976,0.3482929418217125,0.41096828720619566,0.3223073761600193,0.3630418125684325,0.9770711111474659,death,,,,
2022,M Jansen,Sunrisers Hyderabad,1,12,16.5,3,25.0,5,41.67,0.06753133168965963,0.5383124308321348,0.3516493027568419,0.4651583020889023,-0.14808067459798258,0.46594862398105086,death,M Jansen,2022.0,52238694.9336,-0.28346932247485546
2017,YS Chahal,Royal Challengers Bengaluru,1,6,13.0,2,33.33,1,16.67,0.10303796550864269,0.4805829522014788,0.4528350352389561,0.29290928476692946,0.010301492523980507,0.6243307911030139,death,,,,
2017,Avesh Khan,Delhi Capitals,0,6,14.0,0,0.0,2,33.33,0.03863771635483625,0.5163876442966153,0.11862242354835205,0.4554727159984545,-0.24965357092142249,0.36437572765761095,death,,,,
2013,A Mishra,Sunrisers Hyderabad,3,24,10.25,9,37.5,4,16.67,0.20617693220648214,0.38696748993644714,0.45551575775411907,0.2893081448316538,0.20434068621188392,0.8183699847909174,death,,,,
2014,KW Richardson,Rajasthan Royals,2,30,9.0,6,20.0,4,13.33,0.15776236058549375,0.3263485318009738,0.30525374305519,0.24137714465586668,0.12526710767764812,0.7392964062566816,death,KW Richardson,2014.0,19370183.836999997,0.6467006649589402
2020,DW Steyn,Royal Challengers Bengaluru,1,10,10.8,4,40.0,2,20.0,0.08502888059497966,0.35555248265583966,0.576420779325315,0.28749158186918106,0.07200108706697382,0.6860303856460073,death,DW Steyn,2020.0,27787446.906,0.2591137189053054
2025,T Natarajan,Delhi Capitals,0,6,18.0,0,0.0,3,50.0,0.003221115286643484,0.6147668143946048,0.09950234515532576,0.5782098859264418,-0.3846873150592115,0.22934198351982193,death,,,,
2013,KK Cooper,Lucknow Super Giants,0,6,7.0,2,33.33,1,16.67,0.03839363807293146,0.27607124336526956,0.4181145578485978,0.2893081448316538,-0.014196116331627429,0.599833182247406,death,,,,
2023,CJ Jordan,Mumbai Indians,1,36,14.17,9,25.0,14,38.89,0.07962783673408091,0.5055304047982072,0.3639454190612888,0.5104288481269731,-0.12671543553786682,0.48731386304116664,death,,,,
2017,AB Dinda,Lucknow Super Giants,0,18,19.0,3,16.67,9,50.0,0.03863771635483625,0.6954111047722976,0.2857788662990982,0.6181337243195543,-0.31991432478280146,0.29411497379623197,death,,,,
2022,M Prasidh Krishna,Rajasthan Royals,4,111,11.46,39,35.14,30,27.03,0.22701911790988286,0.3682244404288627,0.4469831257452491,0.3309206464200983,0.22805764449082444,0.8420869430698579,death,M Prasidh Krishna,2022.0,124377845.08,0.1833587359100308
2015,P Kumar,Sunrisers Hyderabad,1,30,13.4,4,13.33,8,26.67,0.09522719101617114,0.4697465865995908,0.250204424115113,0.363126484445828,-0.07893446621479414,0.5350948323642393,death,P Kumar,2015.0,38401734.1994,-0.20554922286824076
2014,KK Cooper,Punjab Kings,0,12,8.5,0,0.0,1,8.33,0.037245351605682764,0.30874703712985274,0.0858486406439247,0.19122419327522863,-0.09924345323280813,0.5147858453462253,death,KK Cooper,2014.0,5811055.151099999,-1.707838777162903
2023,Harpreet Brar,Royal Challengers Bengaluru,2,6,8.0,3,50.0,1,16.67,0.12632160274383342,0.24731678005032745,0.6459751519035911,0.24622380354458243,0.21048109660332176,0.8245103951823551,death,,,,
2023,R Ashwin,Rajasthan Royals,1,12,6.0,2,16.67,0,0.0,0.07962783673408091,0.16361706376252202,0.2699731120782336,0.048010568027550334,0.12058369281131755,0.734612991390351,death,,,,
2017,DT Christian,Lucknow Super Giants,3,54,8.78,17,31.48,8,14.81,0.23183846381625556,0.32948715156000286,0.4342843802246262,0.2747599461060269,0.263820165335962,0.8778494639149954,death,DT Christian,2017.0,15598002.096,1.6913715212515377
2014,SP Narine,Delhi Capitals,0,12,14.5,0,0.0,4,33.33,0.037245351605682764,0.5199649731833048,0.0858486406439247,0.4419889501784188,-0.25896005472514605,0.3550692438538874,death,,,,
2025,M Jansen,Punjab Kings,6,42,11.29,10,23.81,10,23.81,0.30043811394604614,0.3569489816078673,0.3525634725017109,0.3013305608577872,0.3232474517690994,0.9372767503481328,death,M Jansen,2025.0,73465000.0,0.44000197613707126
2015,SR Watson,Royal Challengers Bengaluru,0,12,14.0,1,8.33,4,33.33,0.04496203496913795,0.49072655216720024,0.20034834739961063,0.4291442324851433,-0.19748633393883297,0.41654296464020046,death,,,,
2023,MP Stoinis,Lucknow Super Giants,2,12,11.0,4,33.33,4,33.33,0.12632160274383342,0.3728663544820356,0.4579177260443439,0.4443181349011363,0.04441573966589815,0.6584450382449316,death,,,,
2016,AB Dinda,Delhi Capitals,0,6,13.0,2,33.33,2,33.33,0.02497897366775858,0.4451090307467403,0.4592306465414186,0.42822898472922555,-0.13127465325340035,0.48275464532563306,death,AB Dinda,2016.0,8181931.9995,-1.6044456646843628
2013,B Kumar,Lucknow Super Giants,3,66,8.73,20,30.3,12,18.18,0.20617693220648214,0.33510216846315793,0.3909381464064565,0.30414579273155407,0.20126223702693075,0.8152915356059642,death,,,,
2025,DS Rathi,Lucknow Super Giants,3,54,9.44,12,22.22,10,18.52,0.1518296146163448,0.2858665686934912,0.3356643883992014,0.24540495453425978,0.1404756246066032,0.7545049231856367,death,,,,
2022,B Kumar,Sunrisers Hyderabad,8,108,8.83,36,33.33,17,15.74,0.43966949953684714,0.27946820734144096,0.4299659443242415,0.22739994064818575,0.6084867674715112,1.2225160660505447,death,B Kumar,2022.0,52238694.9336,1.1648200021936834
2023,Mohammed Shami,Royal Challengers Bengaluru,0,6,13.0,0,0.0,2,33.33,0.03293407072432839,0.456566070769841,0.0819156862189863,0.4443181349011363,-0.24194605682608883,0.3720832417529446,death,,,,
2023,AS Joseph,Gujarat Titans,3,24,9.5,9,37.5,4,16.67,0.17301536875358597,0.31009156726618153,0.50496028548244,0.24622380354458243,0.2131073708052636,0.827136669384297,death,,,,
2017,Imran Tahir,Lucknow Super Giants,2,24,8.5,7,29.17,3,12.5,0.16743821466244915,0.3194618377733647,0.41112112990943583,0.2522196384142608,0.17104303433288037,0.7850723329119138,death,,,,
2019,O Thomas,Rajasthan Royals,2,12,9.0,3,25.0,1,8.33,0.12629489684100248,0.3086422911558173,0.35595603062512,0.17431504989428478,0.12047772301842735,0.7345070215974607,death,,,,
2019,LH Ferguson,Kolkata Knight Riders,1,30,11.0,3,10.0,6,20.0,0.07299501625697159,0.3780256356685515,0.20245170057099104,0.2925926743546056,-0.06876002201704762,0.5452692765619858,death,LH Ferguson,2019.0,23108040.848,-0.2975588561113297
2014,JP Faulkner,Delhi Capitals,0,6,11.0,1,16.67,2,33.33,0.037245351605682764,0.39675451048545773,0.26872279350371436,0.4419889501784188,-0.15481362378807031,0.45921567479096315,death,,,,
2025,Prince Yadav,Lucknow Super Giants,0,23,12.78,5,21.74,8,34.78,0.003221115286643484,0.41419914119836493,0.3305627781041041,0.4173048333283157,-0.18687060011664425,0.4271586984623892,death,Prince Yadav,2025.0,3148500.0000000005,-5.935226301942011
2022,R Ashwin,Rajasthan Royals,0,12,5.5,5,41.67,0,0.0,0.014368736282918574,0.16708864225356473,0.5083766034685527,0.08307612232667097,0.0823077918655165,0.6963370904445499,death,R Ashwin,2022.0,62188922.54,0.1323512106397663
2024,Mukesh Kumar,Delhi Capitals,8,81,11.7,21,25.93,24,29.63,0.35180932787050545,0.3537404678002262,0.35854744071737604,0.351723349636874,0.3882650320098183,1.0022943305888519,death,,,,
2018,B Kumar,Punjab Kings,1,6,10.0,2,33.33,1,16.67,0.08307610755042134,0.3552751753681293,0.44654616106312955,0.28324708291001904,0.03149381462431347,0.6455231132033469,death,,,,
2017,Basil Thampi,Royal Challengers Bengaluru,0,6,10.0,0,0.0,1,16.67,0.03863771635483625,0.37316887591606934,0.11862242354835205,0.29290928476692946,-0.1435970341997466,0.47043226437928687,death,Basil Thampi,2017.0,13258301.7816,-1.0830726028504791
2021,JJ Bumrah,Mumbai Indians,8,120,7.6,38,31.67,12,10.0,0.3808843985970811,0.30226981539400866,0.3741209022699524,0.21222763109043707,0.49898665309187284,1.1130159516709064,death,,,,
2014,MG Johnson,Royal Challengers Bengaluru,1,6,7.0,2,33.33,1,16.67,0.09750385609558826,0.2559425531164898,0.4514872438122983,0.2748793161781329,0.09686114118703608,0.7108904397660695,death,MG Johnson,2014.0,125906194.94049999,0.07693119566738567
2019,A Mishra,Delhi Capitals,1,12,12.0,4,33.33,3,25.0,0.07299501625697159,0.4127173079249186,0.4412021019151796,0.3432686059999873,-0.02621435000995237,0.5878149485690811,death,,,,
2015,JJ Bumrah,Royal Challengers Bengaluru,0,6,16.0,1,16.67,3,50.0,0.04496203496913795,0.5606597707258987,0.28350828336106865,0.594386854079045,-0.2500844270520455,0.36394487152698796,death,,,,
2022,RD Chahar,Punjab Kings,4,28,10.07,11,39.29,6,21.43,0.22701911790988286,0.32131525259938887,0.4860004201635814,0.2795729092790256,0.2739308290904355,0.8879601276694689,death,RD Chahar,2022.0,65298368.667,0.4195063899488695
2013,M Morkel,Punjab Kings,1,6,11.0,2,33.33,1,16.67,0.09432140278411502,0.4125589314528727,0.4181145578485978,0.2893081448316538,0.015100455500106635,0.6291297540791401,death,,,,
2025,JC Archer,Rajasthan Royals,3,82,12.88,15,18.29,25,30.49,0.1518296146163448,0.41804143378833125,0.29389495410809285,0.37195117527010535,0.037110982060580985,0.6511402806396144,death,,,,
2020,Mohammed Shami,Royal Challengers Bengaluru,2,12,14.0,3,25.0,4,33.33,0.1430651131101122,0.47170513600187425,0.39024018054160986,0.4268593109673413,0.01492987613669916,0.6289591747157326,death,,,,
2019,Navdeep Saini,Royal Challengers Bengaluru,8,72,9.42,30,41.67,16,22.22,0.44609418034518783,0.3232127935034915,0.5265505094252753,0.3150927880051551,0.6032934695424212,1.2173227681214547,death,,,,
2024,PP Chawla,Mumbai Indians,2,12,9.5,5,41.67,2,16.67,0.08795233196762636,0.25867472724515156,0.5761925127147343,0.19788147952908175,0.14195191700907467,0.755981215588108,death,,,,
2016,AS Rajpoot,Kolkata Knight Riders,1,12,10.5,1,8.33,2,16.67,0.11605058023805889,0.36350741764450056,0.19451796152585904,0.27404647589505643,0.004814348988528866,0.6188436475675623,death,,,,
2022,KR Sen,Rajasthan Royals,3,37,13.78,10,27.03,14,37.84,0.17385652250314176,0.44651891220179746,0.3707348708699057,0.4300401175799187,0.06438564486098974,0.6784149434400232,death,,,,
2013,JDP Oram,Royal Challengers Bengaluru,0,12,8.5,4,33.33,3,25.0,0.03839363807293146,0.3272541263981208,0.4181145578485978,0.371160864703289,-0.059225085506258504,0.5548042130727749,death,JDP Oram,2013.0,6156619.23094,-0.9619741498487303
2018,BCJ Cutting,Punjab Kings,0,6,11.0,0,0.0,1,16.67,0.020126526528841268,0.39081571966955075,0.13257216970683605,0.28324708291001904,-0.17133897203551332,0.44269032654352014,death,BCJ Cutting,2018.0,32831615.586,-0.5218718877440054
2013,NLTC Perera,Lucknow Super Giants,1,6,5.0,4,66.67,1,16.67,0.09432140278411502,0.20782739932146801,0.7171447748390243,0.2893081448316538,0.18670213344979644,0.8007314320288299,death,NLTC Perera,2013.0,83114359.61769001,0.2246328243501967
2022,RP Meredith,Mumbai Indians,4,42,10.14,13,30.95,8,19.05,0.22701911790988286,0.3236775857994343,0.4075897610192702,0.25775012099406974,0.2560095345526107,0.8700388331316442,death,RP Meredith,2022.0,12437784.508000001,2.058321032881258
2022,K Rabada,Punjab Kings,9,66,9.36,28,42.42,14,21.21,0.49283209494358815,0.29735444442749925,0.5154279217369261,0.27755567674848347,0.6916680381409154,1.3056973367199487,death,K Rabada,2022.0,115049506.699,0.6011916591267985
2022,Rashid Khan,Royal Challengers Bengaluru,1,6,8.0,1,16.67,1,16.67,0.06753133168965963,0.25145768511233063,0.2733326611894424,0.23592733270911392,0.011935522033655735,0.6259648206126892,death,,,,
2015,Sandeep Sharma,Royal Challengers Bengaluru,1,6,12.0,1,16.67,1,16.67,0.09522719101617114,0.4207933336085019,0.28350828336106865,0.2640007366390484,-0.01962428290253801,0.5944050156764954,death,,,,
2015,R Ashwin,Chennai Super Kings,1,6,5.0,3,50.0,0,0.0,0.09522719101617114,0.17602706865305762,0.6158488907466075,0.09875811504514659,0.22755719177347192,0.8415864903525053,death,,,,
2023,TU Deshpande,Chennai Super Kings,9,114,12.47,31,27.19,34,29.82,0.45317796481210104,0.43438564595357254,0.3886512236582744,0.4025827745733149,0.5018332235622104,1.115862522141244,death,,,,
2018,Rashid Khan,Sunrisers Hyderabad,3,60,7.6,26,43.33,11,18.33,0.20897526959358148,0.2699778690447177,0.5407477786317746,0.2998670895957254,0.2777359634832999,0.8917652620623333,death,Rashid Khan,2018.0,134311154.67,0.2067854782171235
2024,RJ Gleeson,Chennai Super Kings,0,11,10.36,3,27.27,2,18.18,0.0,0.29583678946213526,0.37707630961676997,0.21580595667898653,-0.06995360990351908,0.5440756886755144,death,,,,
2019,SP Narine,Royal Challengers Bengaluru,1,12,8.0,5,41.67,1,8.33,0.07299501625697159,0.2739506188994502,0.5265505094252753,0.17431504989428478,0.10558291468497447,0.7196122132640079,death,,,,
2023,KK Ahmed,Royal Challengers Bengaluru,1,12,12.0,3,25.0,3,25.0,0.07962783673408091,0.41471621262593833,0.3639454190612888,0.34527096922285944,-0.04084239499772517,0.5731869035813083,death,,,,
2017,S Kaul,Punjab Kings,1,6,9.0,1,16.67,1,16.67,0.10303796550864269,0.3373641838209329,0.2857788662990982,0.29290928476692946,0.017472149194241504,0.631501447773275,death,,,,
2024,KH Pandya,Lucknow Super Giants,0,18,9.67,3,16.67,3,16.67,0.0,0.2660207162880437,0.2305046601141018,0.19788147952908175,-0.09662133233971147,0.517407966239322,death,,,,
2018,CR Woakes,Royal Challengers Bengaluru,3,24,13.25,8,33.33,8,33.33,0.20897526959358148,0.4707819443477491,0.44654616106312955,0.4500478729003011,0.1240996131001211,0.7381289116791545,death,CR Woakes,2018.0,110433616.06199999,0.11237485244569796
2022,S Dube,Chennai Super Kings,0,6,25.0,0,0.0,4,66.67,0.014368736282918574,0.8251671765519389,0.11660536047773154,0.6943892714686908,-0.4818489394936855,0.13218035908534792,death,,,,
2017,A Choudhary,Royal Challengers Bengaluru,1,24,10.0,7,29.17,4,16.67,0.10303796550864269,0.37316887591606934,0.41112112990943583,0.29290928476692946,0.04075295143928821,0.6547822500183217,death,A Choudhary,2017.0,31196004.192,0.13063516464630756
2017,Z Khan,Delhi Capitals,1,18,14.33,2,11.11,6,33.33,0.10303796550864269,0.5282031926880103,0.23002662744522007,0.4554727159984545,-0.12435815537821043,0.489671143200823,death,,,,
2025,KH Pandya,Royal Challengers Bengaluru,3,12,11.0,7,58.33,4,33.33,0.1518296146163448,0.3458063330969652,0.7194542795574529,0.4019755083436059,0.18466552004988523,0.7986948186289187,death,KH Pandya,2025.0,60346250.00000001,0.306009934419927
2018,JD Unadkat,Rajasthan Royals,5,86,12.21,19,22.09,25,29.07,0.33487443163674163,0.4338197782742708,0.34066354291597273,0.40739653044180163,0.30876383988765543,0.9227931384666889,death,JD Unadkat,2018.0,171619808.74499997,0.17991153943448912
2016,SM Boland,Lucknow Super Giants,0,6,11.0,1,16.67,1,16.67,0.02497897366775858,0.37982774026494853,0.28282611324704976,0.27404647589505643,-0.11182874439874357,0.5022005541802899,death,SM Boland,2016.0,8181931.9995,-1.3667767515738025
2016,DJ Bravo,Lucknow Super Giants,1,12,10.5,3,25.0,3,25.0,0.11605058023805889,0.36350741764450056,0.37102837989423415,0.351137730312141,0.03464009817391603,0.6486693967529494,death,,,,
2021,Umran Malik,Sunrisers Hyderabad,0,12,12.0,4,33.33,5,41.67,0.015961212335982394,0.4813907081834063,0.3921205274475011,0.6063444303609598,-0.2328816356434265,0.3811476629356069,death,,,,
2014,L Balaji,Punjab Kings,3,54,11.78,10,18.52,15,27.78,0.21802086507539922,0.42421284217240646,0.2890177654767564,0.38631917414591066,0.12815573814338999,0.7421850367224234,death,L Balaji,2014.0,34866330.9066,0.36756301799203894
2017,AS Rajpoot,Royal Challengers Bengaluru,0,6,10.0,1,16.67,1,16.67,0.03863771635483625,0.37316887591606934,0.2857788662990982,0.29290928476692946,-0.09345010137452274,0.5205791972045107,death,,,,
2023,Mohammed Siraj,Royal Challengers Bengaluru,8,78,10.69,24,30.77,16,20.51,0.40648419880234854,0.3598928984574257,0.4290378814012922,0.2918830011681819,0.5069156028904855,1.120944901469519,death,,,,
2014,Z Khan,Delhi Capitals,0,11,8.18,3,27.27,2,18.18,0.037245351605682764,0.29748208054033537,0.38500749778168497,0.29002550749508554,-0.034630207721630196,0.5793990908574033,death,Z Khan,2014.0,50362477.9762,-0.0687619217981997
2017,Kuldeep Yadav,Lucknow Super Giants,2,6,5.0,2,33.33,0,0.0,0.16743821466244915,0.194145415440387,0.4528350352389561,0.13024827644582967,0.2702751834554569,0.8843044820344903,death,,,,
2014,Mohammed Shami,Royal Challengers Bengaluru,0,6,14.0,1,16.67,2,33.33,0.037245351605682764,0.5023634785121837,0.26872279350371436,0.4419889501784188,-0.19705721099876067,0.41697208758027277,death,Mohammed Shami,2014.0,82323281.30725,-0.23936996663592217
2014,R Vinay Kumar,Delhi Capitals,0,6,13.0,1,16.67,2,33.33,0.037245351605682764,0.4671604891699417,0.26872279350371436,0.4419889501784188,-0.18297601526186388,0.4310532833171695,death,,,,
2013,JP Faulkner,Rajasthan Royals,12,103,8.62,30,29.13,14,13.59,0.7095268146071344,0.33134875704074884,0.3804442845624614,0.25904327361861224,0.9681710223775567,1.58220032095659,death,JP Faulkner,2013.0,49252953.84752,1.9657115903644555
2020,RD Chahar,Mumbai Indians,1,18,5.67,6,33.33,0,0.0,0.08502888059497966,0.16934526026047803,0.4936324730661607,0.07838771225453701,0.18437864503176538,0.7984079436107988,death,,,,
2013,MM Patel,Mumbai Indians,1,6,2.0,5,83.33,0,0.0,0.09432140278411502,0.10546163325576564,0.8665701922073659,0.12550444251950996,0.32161717578022303,0.9356464743592565,death,,,,
2015,TA Boult,Royal Challengers Bengaluru,3,6,11.0,3,50.0,2,33.33,0.1957575031102375,0.3858267243291527,0.6158488907466075,0.4291442324851433,0.19531696241213445,0.8093462609911679,death,,,,
2015,MC Henriques,Sunrisers Hyderabad,0,6,11.0,0,0.0,1,16.67,0.04496203496913795,0.3858267243291527,0.11728812359158365,0.2640007366390484,-0.13090142119219358,0.4831278773868398,death,,,,
2013,S Kaul,Delhi Capitals,0,17,9.88,2,11.76,3,17.65,0.03839363807293146,0.37434237878834387,0.22465079718622533,0.2989378765812579,-0.11443261822445014,0.49959668035458327,death,,,,
2013,NLTC Perera,Royal Challengers Bengaluru,0,6,16.0,1,16.67,3,50.0,0.03839363807293146,0.5831685415623766,0.2686891404802564,0.6168172868870678,-0.2801154034375969,0.33391389514143655,death,NLTC Perera,2013.0,83114359.61769001,-0.3370240770981977
2013,DW Steyn,Delhi Capitals,1,6,4.0,3,50.0,0,0.0,0.09432140278411502,0.17370547729956723,0.5676296663438111,0.12550444251950996,0.20463748040363594,0.8186667789826694,death,,,,
2014,PP Chawla,Punjab Kings,1,6,4.0,2,33.33,0,0.0,0.09750385609558826,0.15033358508976383,0.4514872438122983,0.10766937627508567,0.18926771036864062,0.8032970089476741,death,,,,
2020,Kartik Tyagi,Rajasthan Royals,2,49,11.39,13,26.53,13,26.53,0.1430651131101122,0.3769681281165148,0.40923060161754776,0.35576399529836233,0.07985040031431799,0.6938796988933514,death,Kartik Tyagi,2020.0,18061840.4889,0.44209448291490827
2016,Mustafizur Rahman,Punjab Kings,0,12,11.0,2,16.67,4,33.33,0.02497897366775858,0.37982774026494853,0.28282611324704976,0.42822898472922555,-0.1580834970489943,0.45594580153003916,death,,,,
2022,MR Marsh,Delhi Capitals,1,12,14.5,2,16.67,5,41.67,0.06753133168965963,0.470817196545122,0.2733326611894424,0.4651583020889023,-0.14457757335339733,0.4694517252256361,death,MR Marsh,2022.0,80845599.302,-0.1788317170033282
2018,C de Grandhomme,Royal Challengers Bengaluru,0,6,6.0,0,0.0,0,0.0,0.020126526528841268,0.21311299816244336,0.13257216970683605,0.11634617239753385,-0.05018761027892479,0.5638416883001086,death,C de Grandhomme,2018.0,32831615.586,-0.15286366321956357
2016,Kuldeep Yadav,Kolkata Knight Riders,1,6,9.0,3,50.0,2,33.33,0.11605058023805889,0.3145464497831567,0.6357410649097938,0.42822898472922555,0.1105109144979961,0.7245402130770295,death,,,,
2013,I Sharma,Delhi Capitals,0,6,17.0,1,16.67,1,16.67,0.03839363807293146,0.6172904635842774,0.2686891404802564,0.2893081448316538,-0.195511429629733,0.41851786894930043,death,,,,
2014,SR Watson,Rajasthan Royals,2,18,8.67,5,27.78,3,16.67,0.15776236058549375,0.31473154531803393,0.39060232789317223,0.2748793161781329,0.14546782626553884,0.7594971248445723,death,,,,
2023,Harpreet Brar,Punjab Kings,0,13,17.08,1,7.69,6,46.15,0.03293407072432839,0.627313491996964,0.16866803204127856,0.5967532686340908,-0.32994986169013674,0.2840794368888967,death,,,,
2016,GB Hogg,Delhi Capitals,0,6,18.0,0,0.0,2,33.33,0.02497897366775858,0.6083122569512198,0.1063156948786746,0.42822898472922555,-0.30243042923401536,0.31159886934501807,death,,,,
2016,HV Patel,Lucknow Super Giants,0,6,25.0,0,0.0,5,83.33,0.02497897366775858,0.836796773637491,0.1063156948786746,0.8909616042795531,-0.5326440217736221,0.0813852768054113,death,,,,
2024,AR Patel,Delhi Capitals,0,6,7.0,1,16.67,0,0.0,0.0,0.1506454766143849,0.2305046601141018,0.0,0.00889320738847657,0.62292250596751,death,,,,
2023,Yash Thakur,Lucknow Super Giants,8,77,10.44,26,33.77,17,22.08,0.40648419880234854,0.34943043392145,0.46288144934236847,0.31055095436324726,0.5156532731286791,1.1296825717077126,death,Yash Thakur,2023.0,5323887.59535,9.68565289731252
2024,DG Nalkande,Gujarat Titans,1,11,10.36,3,27.27,2,18.18,0.04397616598381318,0.29583678946213526,0.37707630961676997,0.21580595667898653,-0.003989360927799307,0.6100399376512341,death,,,,
2020,KV Sharma,Chennai Super Kings,1,6,19.0,1,16.67,4,66.67,0.08502888059497966,0.6531936568550532,0.28684788801705896,0.7754354616149531,-0.28031041392892003,0.3337188846501134,death,,,,
2021,C Sakariya,Rajasthan Royals,6,72,10.25,18,25.0,14,19.44,0.28965360203180646,0.41014944400580494,0.3017971071288382,0.32970355736494716,0.262048690374555,0.8760779889535885,death,C Sakariya,2021.0,15913399.0116,1.6467172738114326
2013,SMSM Senanayake,Kolkata Knight Riders,1,12,7.5,3,25.0,1,8.33,0.09432140278411502,0.29313220437621995,0.3434018491644271,0.2073571623911451,0.06504262845766914,0.6790719270367026,death,SMSM Senanayake,2013.0,76957740.38675001,0.08451733137017582
2015,JP Faulkner,Delhi Capitals,0,6,17.0,1,16.67,3,50.0,0.04496203496913795,0.5956263800052478,0.28350828336106865,0.594386854079045,-0.2640710707637851,0.3499582278152483,death,,,,
2024,Rasikh Salam,Delhi Capitals,3,45,10.13,16,35.56,8,17.78,0.13192849795143954,0.2858980984041048,0.4917064015391398,0.21105775081146208,0.16772810278382067,0.7817574013628541,death,Rasikh Salam,2024.0,2217593.5,7.5635188678096625
2023,DL Chahar,Chennai Super Kings,0,24,14.25,5,20.83,7,29.17,0.03293407072432839,0.5088783934497194,0.3169028596231927,0.3948540041422369,-0.17753559464910845,0.436493703929925,death,,,,
2017,CJ Anderson,Delhi Capitals,1,24,13.5,4,16.67,7,29.17,0.10303796550864269,0.498485298249047,0.2857788662990982,0.4148806467353606,-0.0835677051675335,0.5304615934114999,death,CJ Anderson,2017.0,15598002.096,-0.5357590328120538
2018,S Kaul,Sunrisers Hyderabad,5,114,7.89,26,22.81,16,14.04,0.33487443163674163,0.28028462689212996,0.3474460593809151,0.2569153855706167,0.41735699884135,1.0313862974203833,death,S Kaul,2018.0,56709154.194,0.7359605424788854
2021,Mohammed Siraj,Royal Challengers Bengaluru,6,90,7.67,35,38.89,15,16.67,0.28965360203180646,0.3051194659611127,0.45240842864459174,0.2952323374729564,0.35958544401475523,0.9736147425937887,death,,,,
2023,Kuldeep Yadav,Delhi Capitals,1,24,7.75,10,41.67,3,12.5,0.07962783673408091,0.23685431551435177,0.552002844920536,0.19664076862520485,0.13130865178398002,0.7453379503630134,death,,,,
2024,N Burger,Rajasthan Royals,1,18,4.33,11,61.11,1,5.56,0.04397616598381318,0.03527023694072616,0.8449993868969862,0.06600006155858995,0.2855559518009481,0.8995852503799815,death,N Burger,2024.0,5543983.75,5.150735728634633
2021,M Jansen,Mumbai Indians,0,6,7.0,0,0.0,0,0.0,0.015961212335982394,0.27784423910454537,0.030718414695876578,0.08778279393523576,-0.10431519090965231,0.5097141076693811,death,M Jansen,2021.0,2652233.1686,-3.9331078483086697
2023,KK Ahmed,Delhi Capitals,5,54,12.33,15,27.78,13,24.07,0.26640290077309103,0.4285266658134262,0.39530712535335283,0.33421288229839385,0.24652195775075375,0.8605512563297872,death,,,,
2019,DL Chahar,Chennai Super Kings,6,51,8.24,18,35.29,7,13.73,0.33949441917712603,0.2822766202409783,0.46126000104225245,0.229045056071297,0.4659954641605843,1.0800247627396178,death,,,,
2017,CR Brathwaite,Gujarat Titans,1,6,16.0,1,16.67,3,50.0,0.10303796550864269,0.5879970284868882,0.2857788662990982,0.6181337243195543,-0.18034832053792804,0.4336809780411054,death,,,,
2017,DT Christian,Royal Challengers Bengaluru,0,6,13.0,1,16.67,2,33.33,0.03863771635483625,0.4805829522014788,0.2857788662990982,0.4554727159984545,-0.18518476125814404,0.4288445373208894,death,DT Christian,2017.0,15598002.096,-1.187233852889617
2013,R Ashwin,Chennai Super Kings,0,12,8.5,5,41.67,2,16.67,0.03839363807293146,0.3272541263981208,0.4929169576596404,0.2893081448316538,-0.012228549601455141,0.6018007489775783,death,,,,
2017,A Nehra,Sunrisers Hyderabad,4,18,5.0,10,55.56,1,5.56,0.29623871297006205,0.194145415440387,0.6757437168435805,0.18450113824938782,0.514072676857196,1.1281019754362296,death,,,,
2015,P Kumar,Punjab Kings,1,12,7.5,2,16.67,1,8.33,0.09522719101617114,0.2634435918514306,0.28350828336106865,0.18132986296819412,0.06811687590154679,0.6821461744805802,death,P Kumar,2015.0,38401734.1994,0.17737968693770884
2025,Yash Dayal,Royal Challengers Bengaluru,4,59,12.41,10,16.95,14,23.73,0.20136578105957859,0.39998265861548976,0.2796529587009465,0.3004848049965618,0.13580605425448738,0.7498353528335209,death,,,,
2025,KA Jamieson,Punjab Kings,1,12,14.0,3,25.0,3,25.0,0.05275728172987726,0.46107511079595354,0.3652112146916395,0.3139111792935146,-0.08990411110412806,0.5241251874749053,death,,,,
2016,RA Jadeja,Gujarat Titans,2,14,5.14,9,64.29,1,7.14,0.2071221868083592,0.18855355915329855,0.7870508356646877,0.18584963860876402,0.41562221566799645,1.02965151424703,death,,,,
2022,Mukesh Choudhary,Chennai Super Kings,2,39,13.69,7,17.95,11,28.21,0.12069392709640071,0.44348162665888186,0.2853669110341328,0.34174034817482424,-0.013263791161159097,0.6007655074178744,death,Mukesh Choudhary,2022.0,2487556.9016,-0.5332055380372529
2015,M Morkel,Punjab Kings,1,6,9.0,2,33.33,1,16.67,0.09522719101617114,0.31589350577045433,0.4496287309771225,0.2640007366390484,0.07217178251749719,0.6862010810965307,death,,,,
2013,JD Unadkat,Delhi Capitals,3,12,9.0,4,33.33,3,25.0,0.20617693220648214,0.3443150874090712,0.4181145578485978,0.371160864703289,0.18562547128968737,0.7996547698687209,death,JD Unadkat,2013.0,64644501.92487001,0.2871481189621072
2013,DJ Bravo,Chennai Super Kings,16,138,8.91,51,36.96,26,18.84,0.9332378734518686,0.34124411442710006,0.45067243690304437,0.31063112227720585,1.3053715587947143,1.9194008573737478,death,,,,
2018,CH Morris,Delhi Capitals,1,24,12.0,6,25.0,7,29.17,0.08307610755042134,0.42635626397097226,0.3680762136284484,0.40839773566383214,-0.058024800873372015,0.5560044977056614,death,,,,
2018,Mohammed Siraj,Delhi Capitals,0,18,14.0,3,16.67,6,33.33,0.020126526528841268,0.4974373525738153,0.28960626619376717,0.4500478729003011,-0.2169176332482244,0.397111665330809,death,,,,
2018,B Kumar,Delhi Capitals,1,18,20.33,2,11.11,10,55.56,0.08307610755042134,0.7224089980018131,0.23723016682560058,0.6726157937576823,-0.2949651259547178,0.31906417262431563,death,,,,
2018,DJ Bravo,Chennai Super Kings,3,93,11.87,23,24.73,22,23.66,0.20897526959358148,0.42173599321178745,0.36553276995409495,0.3532313279299513,0.1484589397129003,0.7624882382919338,death,,,,
2022,OF Smith,Royal Challengers Bengaluru,0,6,18.0,1,16.67,3,50.0,0.014368736282918574,0.5889338565473944,0.2733326611894424,0.5415380610862478,-0.2944820581636215,0.31954724041541194,death,OF Smith,2022.0,74626707.04800001,-0.3946067966984128
2019,YS Chahal,Royal Challengers Bengaluru,1,12,12.0,3,25.0,3,25.0,0.07299501625697159,0.4127173079249186,0.35595603062512,0.3432686059999873,-0.051788171396970256,0.5622411271820632,death,,,,
2017,MM Sharma,Punjab Kings,4,67,10.93,16,23.88,17,25.37,0.29623871297006205,0.4064672395645463,0.3580762839495409,0.3778013526969575,0.2758536530050495,0.8898829515840829,death,,,,
2025,PWH de Silva,Rajasthan Royals,0,6,11.0,2,33.33,1,16.67,0.003221115286643484,0.3458063330969652,0.4537454100211392,0.2258468502434232,-0.06512129237550604,0.5489080062035274,death,PWH de Silva,2025.0,55098750.00000001,-0.1181901447410441
2014,S Nadeem,Delhi Capitals,1,18,13.33,3,16.67,4,22.22,0.09750385609558826,0.4787774756528816,0.26872279350371436,0.3305490922106411,-0.06380309572984828,0.5502262028491851,death,S Nadeem,2014.0,16464656.261449998,-0.3875155042212179
2016,SR Watson,Gujarat Titans,3,9,19.33,3,33.33,5,55.56,0.29819379337865953,0.6517243151216113,0.4592306465414186,0.6339599073813011,0.13418218576737992,0.7482114843464134,death,SR Watson,2016.0,155456707.9905,0.08631482520238357
2017,AS Rajpoot,Punjab Kings,0,6,9.0,0,0.0,1,16.67,0.03863771635483625,0.3373641838209329,0.11862242354835205,0.29290928476692946,-0.129275157361692,0.4847541412173414,death,,,,
2020,JJ Bumrah,Royal Challengers Bengaluru,2,24,10.0,9,37.5,6,25.0,0.1430651131101122,0.326514319319331,0.5453906795280308,0.3397675492728421,0.1456788810139925,0.759708179593026,death,,,,
2015,VR Aaron,Royal Challengers Bengaluru,1,8,18.0,2,25.0,5,62.5,0.09522719101617114,0.6305929892845971,0.36656850716909556,0.7182940388375196,-0.21491406869010937,0.39911522988892406,death,,,,
2018,DJ Bravo,Punjab Kings,2,18,12.0,5,27.78,5,27.78,0.1460256885720014,0.42635626397097226,0.39426426331253167,0.39448098307760815,0.048431011340090285,0.6624603099191237,death,,,,
2016,JJ Bumrah,Punjab Kings,2,12,7.5,5,41.67,1,8.33,0.2071221868083592,0.26558548192181286,0.5475387982626093,0.19686267495406182,0.3096519244363779,0.9236812230154113,death,,,,
2013,KW Richardson,Delhi Capitals,0,6,21.0,1,16.67,3,50.0,0.03839363807293146,0.7537781516718807,0.2686891404802564,0.6168172868870678,-0.34835924748139846,0.265670051097635,death,KW Richardson,2013.0,86192669.23316,-0.4041634289559487
2016,Iqbal Abdulla,Gujarat Titans,0,12,13.0,2,16.67,3,25.0,0.02497897366775858,0.4451090307467403,0.28282611324704976,0.351137730312141,-0.16106863691658563,0.4529606616624478,death,Iqbal Abdulla,2016.0,1636386.3998999998,-9.842946441404584
2021,Mohammed Shami,Punjab Kings,8,76,9.79,25,32.89,16,21.05,0.3808843985970811,0.39142316885054973,0.387349542460681,0.34973917614693456,0.4260404402495257,1.0400697388285591,death,,,,
2017,JD Unadkat,Royal Challengers Bengaluru,1,6,6.0,2,33.33,0,0.0,0.10303796550864269,0.22995010753552347,0.4528350352389561,0.13024827644582967,0.15935293288669256,0.7733822314657259,death,JD Unadkat,2017.0,4679400.6288,3.405413332338623
2014,R Ashwin,Royal Challengers Bengaluru,0,6,11.0,1,16.67,2,33.33,0.037245351605682764,0.39675451048545773,0.26872279350371436,0.4419889501784188,-0.15481362378807031,0.45921567479096315,death,,,,
2016,DS Kulkarni,Gujarat Titans,3,36,8.5,14,38.89,5,13.89,0.29819379337865953,0.2982261271627088,0.5181027476888791,0.24831854224805824,0.408935500835152,1.0229647994141855,death,DS Kulkarni,2016.0,32727727.998,1.2495077594758248
2015,SP Narine,Delhi Capitals,0,12,16.0,2,16.67,5,41.67,0.04496203496913795,0.5606597707258987,0.28350828336106865,0.5118151061559976,-0.2253129026751312,0.3887163959039022,death,,,,
2020,RA Jadeja,Punjab Kings,1,6,6.0,1,16.67,0,0.0,0.08502888059497966,0.18132350263678784,0.28684788801705896,0.07838771225453701,0.11755197256651094,0.7315812711455444,death,,,,
2014,VR Aaron,Royal Challengers Bengaluru,6,53,11.55,15,28.3,13,24.53,0.39879637854511574,0.41611615462369084,0.3963068605558651,0.3537197557484959,0.4445242374104081,1.0585535359894416,death,VR Aaron,2014.0,38740367.673999995,1.1474445497034964
2016,R Ashwin,Punjab Kings,0,6,13.0,1,16.67,2,33.33,0.02497897366775858,0.4451090307467403,0.28282611324704976,0.42822898472922555,-0.18419601324171098,0.42983328533732246,death,,,,
2015,SL Malinga,Mumbai Indians,10,96,8.94,27,28.13,19,19.79,0.5476135954394699,0.31379550921369337,0.3977784111930001,0.2949279699547636,0.7267573218451984,1.3407866204242318,death,,,,
2025,PVD Chameera,Delhi Capitals,3,36,11.33,10,27.78,10,27.78,0.1518296146163448,0.3584858986438539,0.3947580409840776,0.3433011954710961,0.0997871161208701,0.7138164146999035,death,PVD Chameera,2025.0,7871250.000000001,1.267741668996285
2024,N Thushara,Mumbai Indians,2,48,11.13,9,18.75,11,22.92,0.08795233196762636,0.32910979865641143,0.2592658894504744,0.2720721962091513,-0.0035573135387280963,0.6104719850403053,death,N Thushara,2024.0,53222244.0,-0.006683884916104057
2024,Nithish Kumar Reddy,Sunrisers Hyderabad,1,7,16.29,2,28.57,3,42.86,0.04397616598381318,0.5520821719583138,0.39505207795200287,0.5087702587052454,-0.18898407403357848,0.42504522454545496,death,,,,
2013,MG Johnson,Mumbai Indians,4,72,9.92,27,37.5,19,26.39,0.26210469691766575,0.3757072556692199,0.45551575775411907,0.38481936177670706,0.26408306190203423,0.8781123604810677,death,,,,
2015,RG More,Chennai Super Kings,0,11,9.27,1,9.09,1,9.09,0.04496203496913795,0.3253344902758786,0.207926471060367,0.18886341980150936,-0.05697182827898724,0.5570574703000462,death,,,,
2025,C Bosch,Mumbai Indians,1,12,4.5,10,83.33,1,8.33,0.05275728172987726,0.096057314749157,0.9851631490937667,0.13767680171067861,0.2949589009100795,0.9089881994891129,death,,,,
2022,LS Livingstone,Punjab Kings,0,6,14.0,2,33.33,2,33.33,0.014368736282918574,0.4539433879733689,0.4299659443242415,0.38868685070380493,-0.14764052267883876,0.4663887759001947,death,LS Livingstone,2022.0,143034521.842,-0.10322020221239085
2017,RA Jadeja,Gujarat Titans,0,12,15.5,1,8.33,5,41.67,0.03863771635483625,0.5700946824393199,0.20215050801828102,0.5368520087037918,-0.2704917486491268,0.34353754992990665,death,,,,
2021,LH Ferguson,Kolkata Knight Riders,3,30,10.2,9,30.0,6,20.0,0.15280740718389443,0.40811397931501636,0.35601284561543056,0.3366724682456384,0.07176763226077275,0.6857969308398062,death,,,,
2015,AD Russell,Kolkata Knight Riders,6,48,9.88,18,37.5,12,25.0,0.3465529712513371,0.34666412193628166,0.4912086989578515,0.34657248456209583,0.4245546724212197,1.0385839710002531,death,,,,
2014,JP Faulkner,Royal Challengers Bengaluru,1,12,15.5,4,33.33,4,33.33,0.09750385609558826,0.5551679625255468,0.4514872438122983,0.4419889501784188,-0.0729619127766725,0.5410673858023609,death,,,,
2022,OF Smith,Punjab Kings,3,12,14.0,5,41.67,4,33.33,0.17385652250314176,0.4539433879733689,0.5083766034685527,0.38868685070380493,0.1151143543947894,0.7291436529738229,death,OF Smith,2022.0,74626707.04800001,0.15425356276372704
2019,HF Gurney,Punjab Kings,1,12,13.0,2,16.67,4,33.33,0.07299501625697159,0.4474089801812858,0.27070995933506037,0.42769470812119326,-0.11656649232289679,0.49746280625613665,death,HF Gurney,2019.0,10831894.1475,-1.076141353816685
2018,MG Johnson,Kolkata Knight Riders,1,18,10.0,7,38.89,3,16.67,0.08307610755042134,0.3552751753681293,0.4989222604312962,0.28324708291001904,0.04720664443476347,0.6612359430137968,death,MG Johnson,2018.0,29846923.259999998,0.15816251485468347
2019,SP Narine,Punjab Kings,0,6,15.0,0,0.0,2,33.33,0.01969513567294069,0.51679232469402,0.10011548053490506,0.42769470812119326,-0.2754479946440834,0.33858130393495,death,,,,
2018,S Kaul,Royal Challengers Bengaluru,2,12,11.5,2,16.67,3,25.0,0.1460256885720014,0.40858599182026156,0.28960626619376717,0.36664747790516006,0.032491772616479606,0.646521071195513,death,S Kaul,2018.0,56709154.194,0.057295463277985785
2020,DJ Bravo,Royal Challengers Bengaluru,0,6,14.0,0,0.0,1,16.67,0.026992648079847133,0.47170513600187425,0.07993918256876803,0.25267578757834286,-0.20001406378385145,0.414015234795182,death,,,,
2014,MC Henriques,Sunrisers Hyderabad,1,6,10.0,2,33.33,1,16.67,0.09750385609558826,0.36155152114321576,0.4514872438122983,0.2748793161781329,0.0546175539763457,0.6686468525553791,death,MC Henriques,2014.0,19370183.836999997,0.28196714308935916
2022,KH Pandya,Lucknow Super Giants,2,6,2.0,5,83.33,0,0.0,0.12069392709640071,0.04897198225129245,0.9000538288824622,0.08307612232667097,0.4065454097108215,1.0205747082898549,death,KH Pandya,2022.0,102611722.191,0.39619782324097785
2025,N Thushara,Royal Challengers Bengaluru,0,6,7.0,1,16.67,0,0.0,0.003221115286643484,0.192114629498314,0.2766770193621398,0.04961247266058726,-0.003894814858894627,0.6101344837201388,death,N Thushara,2025.0,16792000.0,-0.02319446676330769
2018,UT Yadav,Royal Challengers Bengaluru,0,19,18.63,4,21.05,9,47.37,0.020126526528841268,0.6619900726893967,0.3308665746888337,0.590617086073384,-0.3125313926978619,0.30149790588117154,death,UT Yadav,2018.0,62678538.84599999,-0.4986258429950732
2017,AJ Tye,Gujarat Titans,5,42,8.86,12,28.57,7,16.67,0.3606389621238684,0.33235152692761377,0.40510470125613957,0.29290928476692946,0.44167645736152017,1.0557057559405536,death,,,,
2017,AR Patel,Punjab Kings,1,12,7.5,4,33.33,1,8.33,0.10303796550864269,0.28365714567822814,0.4528350352389561,0.2115299920615922,0.11348560294488193,0.7275149015239154,death,,,,
2013,JH Kallis,Kolkata Knight Riders,5,60,8.6,16,26.67,10,16.67,0.3180324616288493,0.3306663186003108,0.35838026735200995,0.2893081448316538,0.36550380175925645,0.9795331003382899,death,,,,
2014,R Ashwin,Chennai Super Kings,3,23,12.0,6,26.09,5,21.74,0.21802086507539922,0.4319574998276997,0.3720625967394203,0.32573440887809985,0.16814675404041507,0.7821760526194486,death,,,,
2018,R Tewatia,Delhi Capitals,3,12,6.0,6,50.0,1,8.33,0.20897526959358148,0.21311299816244336,0.6035802575500607,0.19974656739267493,0.3493678121726106,0.963397110751644,death,R Tewatia,2018.0,44770384.88999999,0.7803547211644503
2023,Akash Deep,Royal Challengers Bengaluru,0,6,12.0,3,50.0,2,33.33,0.03293407072432839,0.41471621262593833,0.6459751519035911,0.4443181349011363,-0.05598827386314631,0.5580410247158871,death,,,,
2015,TG Southee,Royal Challengers Bengaluru,0,6,12.0,1,16.67,1,16.67,0.04496203496913795,0.4207933336085019,0.28350828336106865,0.2640007366390484,-0.09502201697308778,0.5190072816059457,death,,,,
2019,S Gopal,Rajasthan Royals,1,6,11.0,3,50.0,1,16.67,0.07299501625697159,0.3780256356685515,0.6117965807153348,0.2588425038787815,0.06416849316900276,0.6781977917480362,death,,,,
2013,Mohammed Shami,Kolkata Knight Riders,1,6,8.0,1,16.67,1,16.67,0.09432140278411502,0.31019316538717034,0.2686891404802564,0.2893081448316538,0.011219136715885161,0.6252484352949186,death,,,,
2013,UT Yadav,Royal Challengers Bengaluru,2,6,5.0,2,33.33,0,0.0,0.1502491674952986,0.20782739932146801,0.4181145578485978,0.12550444251950996,0.23002582611308708,0.8440551246921205,death,,,,
2024,Rashid Khan,Gujarat Titans,4,42,8.86,15,35.71,7,16.67,0.17590466393525273,0.23101923908367528,0.49378052865474353,0.19788147952908175,0.26021901500710753,0.874248313586141,death,,,,
2025,A Nortje,Kolkata Knight Riders,0,6,17.0,0,0.0,3,50.0,0.003221115286643484,0.5763438884949419,0.09950234515532576,0.5782098859264418,-0.3693181446993464,0.24471115387968706,death,A Nortje,2025.0,68217500.0,-0.5413832883048285
2015,Shivam Sharma,Punjab Kings,0,6,12.0,0,0.0,1,16.67,0.04496203496913795,0.4207933336085019,0.11728812359158365,0.2640007366390484,-0.14488806490393327,0.4691412336751002,death,,,,
2019,Mohammed Siraj,Royal Challengers Bengaluru,5,61,10.23,22,36.07,12,19.67,0.2861945385930951,0.3513130480311489,0.46924222620506717,0.28924806286601046,0.3427648376789002,0.9567941362579336,death,,,,
2015,PJ Cummins,Kolkata Knight Riders,0,12,11.5,3,25.0,4,33.33,0.04496203496913795,0.40331002896882734,0.36656850716909556,0.4291442324851433,-0.11265367672863835,0.5013756218503951,death,,,,
2025,Harshit Rana,Kolkata Knight Riders,5,60,9.7,23,38.33,14,23.33,0.25090194750281236,0.29585652942740354,0.5068871839284019,0.296256025690435,0.32119965695464714,0.9352289555336806,death,,,,
2017,S Aravind,Royal Challengers Bengaluru,3,21,6.86,7,33.33,2,9.52,0.23183846381625556,0.2607421427373408,0.4528350352389561,0.22314166572098681,0.3123688494848378,0.9263981480638712,death,,,,
2023,JR Hazlewood,Royal Challengers Bengaluru,1,6,8.0,3,50.0,1,16.67,0.07962783673408091,0.24731678005032745,0.6459751519035911,0.24622380354458243,0.140440447588693,0.7544697461677264,death,,,,
2019,JC Archer,Punjab Kings,2,19,6.32,8,42.11,2,10.53,0.12629489684100248,0.2156686095087534,0.531053303106863,0.19661245981825273,0.20350715444458548,0.8175364530236189,death,,,,
2018,HH Pandya,Royal Challengers Bengaluru,3,6,2.0,4,66.67,0,0.0,0.20897526959358148,0.07095082095675742,0.760614354036992,0.11634617239753385,0.4783630304995067,1.0923923290785402,death,,,,
2018,Shivam Mavi,Delhi Capitals,0,12,23.5,1,8.33,7,58.33,0.020126526528841268,0.8350725234373193,0.2110421171415173,0.7003491784079274,-0.45063133796158883,0.1633979606174446,death,Shivam Mavi,2018.0,44770384.88999999,-1.006538896345836
2019,R Ashwin,Royal Challengers Bengaluru,0,6,5.0,2,33.33,0,0.0,0.01969513567294069,0.16987560213034883,0.4412021019151796,0.08988894777307886,0.06698640889990172,0.6810157074789351,death,,,,
2017,JD Unadkat,Delhi Capitals,1,12,12.0,3,25.0,3,25.0,0.10303796550864269,0.44477826010634236,0.36930695076902714,0.374191000382692,-0.02481957066367238,0.5892097279153611,death,JD Unadkat,2017.0,4679400.6288,-0.5304006353060903
2018,Mohammed Shami,Delhi Capitals,2,23,10.96,8,34.78,5,21.74,0.1460256885720014,0.38939409789749396,0.4602053956105831,0.3340081876669656,0.10114005608208977,0.7151693546611232,death,Mohammed Shami,2018.0,44770384.88999999,0.22590839084941758
2025,R Ashwin,Chennai Super Kings,0,6,18.0,1,16.67,3,50.0,0.003221115286643484,0.6147668143946048,0.2766770193621398,0.5782098859264418,-0.3315349127971673,0.28249438578186614,death,R Ashwin,2025.0,102326250.00000001,-0.3239979113836061
2015,TG Southee,Punjab Kings,1,6,4.0,4,66.67,0,0.0,0.09522719101617114,0.14106045937370842,0.7820690505160927,0.09875811504514659,0.2914098834160571,0.9054391819950905,death,,,,
2014,DS Kulkarni,Rajasthan Royals,1,30,14.4,7,23.33,8,26.67,0.09750385609558826,0.5164446742490805,0.3417846926066656,0.375185218939409,-0.07034224345607283,0.5436870551229606,death,DS Kulkarni,2014.0,21307202.2207,-0.3301336455507761
2015,SL Malinga,Delhi Capitals,1,12,7.5,3,25.0,1,8.33,0.09522719101617114,0.2634435918514306,0.36656850716909556,0.18132986296819412,0.09303494304395485,0.7070642416229883,death,,,,
2017,AR Patel,Royal Challengers Bengaluru,2,6,4.0,2,33.33,0,0.0,0.16743821466244915,0.1583407233452505,0.4528350352389561,0.13024827644582967,0.28459706029351145,0.8986263588725449,death,,,,
2017,PJ Cummins,Delhi Capitals,6,54,9.44,19,35.19,10,18.52,0.42503921127767486,0.35311824834279293,0.4714859640641743,0.3109610463382572,0.5444689928971702,1.1584982914762036,death,PJ Cummins,2017.0,70191009.43200001,0.7756961999878967
2022,YS Chahal,Rajasthan Royals,7,72,9.83,23,31.94,13,18.06,0.386506904130106,0.31321582448494734,0.416897501133523,0.2486725746066301,0.5049415043592479,1.1189708029382812,death,YS Chahal,2022.0,80845599.302,0.624575126808116
2015,SL Malinga,Punjab Kings,1,12,8.5,3,25.0,2,16.67,0.09522719101617114,0.29841020113077976,0.36656850716909556,0.2640007366390484,0.05424703723095893,0.6682763358099924,death,,,,
2016,AD Russell,Royal Challengers Bengaluru,1,6,13.0,2,33.33,3,50.0,0.11605058023805889,0.4451090307467403,0.4592306465414186,0.5825040400873047,-0.04094976000537365,0.5730795385736598,death,,,,
2017,MJ McClenaghan,Royal Challengers Bengaluru,1,6,5.0,3,50.0,0,0.0,0.10303796550864269,0.194145415440387,0.6199914779897023,0.13024827644582967,0.22382174254997103,0.8378510411290044,death,,,,
2016,B Kumar,Lucknow Super Giants,0,6,15.0,0,0.0,2,33.33,0.02497897366775858,0.5103903212285321,0.1063156948786746,0.42822898472922555,-0.26326165494494025,0.3507676436340932,death,,,,
2016,AD Russell,Punjab Kings,0,6,18.0,0,0.0,2,33.33,0.02497897366775858,0.6083122569512198,0.1063156948786746,0.42822898472922555,-0.30243042923401536,0.31159886934501807,death,,,,
2017,BCJ Cutting,Sunrisers Hyderabad,0,22,13.36,5,22.73,7,31.82,0.03863771635483625,0.4934726413557279,0.3465447956973899,0.44073857547266804,-0.1676906159426202,0.44633868263641324,death,,,,
2022,Akash Deep,Royal Challengers Bengaluru,1,17,20.12,3,17.65,8,47.06,0.06753133168965963,0.6604788048916278,0.2825463837267834,0.5145804990871847,-0.23250475903028206,0.3815245395487514,death,Akash Deep,2022.0,2487556.9016,-9.346711179982846
2016,AR Patel,Lucknow Super Giants,0,6,23.0,2,33.33,4,66.67,0.02497897366775858,0.7715154831556993,0.4592306465414186,0.736779095445384,-0.35440226743183145,0.259627031147202,death,,,,
2020,LH Ferguson,Kolkata Knight Riders,2,35,9.77,9,25.71,6,17.14,0.1430651131101122,0.3181658473600848,0.39905272888403853,0.25758972851428696,0.12977023083205985,0.7437995294110933,death,,,,
2015,J Theron,Rajasthan Royals,1,12,12.5,1,8.33,3,25.0,0.09522719101617114,0.4382766382481765,0.20034834739961063,0.34657248456209583,-0.07633710992375946,0.537692188655274,death,J Theron,2015.0,5236600.1181,-1.4577609174300847
2017,Mohammed Siraj,Gujarat Titans,2,6,8.0,2,33.33,1,16.67,0.16743821466244915,0.3015594917257964,0.4528350352389561,0.29290928476692946,0.1785112504449632,0.7925405490239966,death,,,,
2013,MG Johnson,Lucknow Super Giants,1,6,2.0,4,66.67,0,0.0,0.09432140278411502,0.10546163325576564,0.7171447748390243,0.12550444251950996,0.27678955056972054,0.890818849148754,death,,,,
2024,Mohsin Khan,Lucknow Super Giants,3,66,12.91,17,25.76,19,28.79,0.13192849795143954,0.40602662510551724,0.35619676331969174,0.3417521173150727,0.03981549068633812,0.6538447892653716,death,,,,
2017,SR Watson,Royal Challengers Bengaluru,3,47,11.11,14,29.79,13,27.66,0.23183846381625556,0.41291208414167085,0.4173381061845085,0.4001465062095742,0.18775034206019525,0.8017796406392287,death,,,,
2024,SZ Mulani,Mumbai Indians,0,6,21.0,1,16.67,3,50.0,0.0,0.7556092801466782,0.2305046601141018,0.5935257334405569,-0.4111500340566078,0.2028792645224256,death,,,,
2017,S Kaul,Lucknow Super Giants,0,6,13.0,0,0.0,2,33.33,0.03863771635483625,0.4805829522014788,0.11862242354835205,0.4554727159984545,-0.2353316940833679,0.37869760449566553,death,,,,
2015,Azhar Mahmood,Kolkata Knight Riders,0,6,18.0,1,16.67,2,33.33,0.04496203496913795,0.6305929892845971,0.28350828336106865,0.4291442324851433,-0.22848492799735431,0.3855443705816791,death,,,,
2016,KJ Abbott,Punjab Kings,0,18,12.33,3,16.67,6,33.33,0.02497897366775858,0.42323979843534004,0.28282611324704976,0.42822898472922555,-0.17544832031715085,0.4385809782618826,death,KJ Abbott,2016.0,34364114.3979,-0.5105567927217486
2025,Suyash Sharma,Royal Challengers Bengaluru,0,18,10.33,3,16.67,3,16.67,0.003221115286643484,0.3200629727441911,0.2766770193621398,0.2258468502434232,-0.10794446543209622,0.5060848331469372,death,,,,
2021,DR Sams,Royal Challengers Bengaluru,0,6,6.0,1,16.67,0,0.0,0.015961212335982394,0.23713494528877319,0.21147368681017542,0.08778279393523576,-0.03380489174905378,0.5802244068299797,death,,,,
2022,PJ Cummins,Kolkata Knight Riders,2,35,14.74,5,14.29,11,31.43,0.12069392709640071,0.4789166246595636,0.250956477884471,0.371265297030941,-0.04661840496316537,0.567410893615868,death,PJ Cummins,2022.0,90173937.683,-0.051698313460646496
2013,UT Yadav,Lucknow Super Giants,0,12,16.5,0,0.0,4,33.33,0.03839363807293146,0.6002295025733271,0.1191740319850431,0.4530135845749241,-0.28265320969689794,0.3313760888821355,death,,,,
2017,A Zampa,Lucknow Super Giants,1,6,22.0,1,16.67,4,66.67,0.10303796550864269,0.8028251810577072,0.2857788662990982,0.780794732640654,-0.3150778840625856,0.29895141451644786,death,,,,
2023,Naveen-ul-Haq,Lucknow Super Giants,3,49,11.02,15,30.61,8,16.33,0.17301536875358597,0.3737033516449136,0.4272328911111014,0.24218106208832615,0.16555726117924605,0.7795865597582795,death,,,,
2013,KK Cooper,Delhi Capitals,3,12,4.0,5,41.67,0,0.0,0.20617693220648214,0.17370547729956723,0.4929169576596404,0.12550444251950996,0.3500069619319355,0.9640362605109689,death,,,,
2022,S Kaul,Royal Challengers Bengaluru,0,6,17.0,0,0.0,3,50.0,0.014368736282918574,0.555186239403888,0.11660536047773154,0.5415380610862478,-0.3280012015197322,0.2860280970593012,death,S Kaul,2022.0,9328338.381000001,-3.5161803541325907
2014,UT Yadav,Royal Challengers Bengaluru,1,6,9.0,3,50.0,1,16.67,0.09750385609558826,0.3263485318009738,0.634361396672088,0.2748793161781329,0.1235609955711794,0.7375902941502128,death,UT Yadav,2014.0,50362477.9762,0.24534335985129865
2013,AB Dinda,Royal Challengers Bengaluru,2,12,14.0,4,33.33,4,33.33,0.1502491674952986,0.5149246975185751,0.4181145578485978,0.4530135845749241,0.008934164217619972,0.6229634627966534,death,,,,
2014,JJ Bumrah,Mumbai Indians,1,64,9.38,13,20.31,11,17.19,0.09750385609558826,0.33972566775102575,0.3086545221425646,0.28009522312171925,0.018933306749225706,0.6329626053282591,death,JJ Bumrah,2014.0,23244220.604399998,0.08145382489461375
2020,Rashid Khan,Sunrisers Hyderabad,1,12,9.5,2,16.67,3,25.0,0.08502888059497966,0.30836546723401315,0.28684788801705896,0.3397675492728421,-0.011678764377870701,0.6023505342011627,death,,,,
2015,B Kumar,Sunrisers Hyderabad,9,84,10.14,17,20.24,16,19.05,0.49734843939243667,0.35575544034891243,0.3191055221359373,0.2875926646170619,0.6131743402047526,1.2272036387837861,death,,,,
2023,MM Ali,Chennai Super Kings,1,6,3.0,3,50.0,0,0.0,0.07962783673408091,0.038067489330813935,0.6459751519035911,0.048010568027550334,0.28360413453160804,0.8976334331106415,death,,,,
2013,M Morkel,Royal Challengers Bengaluru,0,6,6.0,1,16.67,0,0.0,0.03839363807293146,0.24194932134336877,0.2686891404802564,0.12550444251950996,0.0037661379602736064,0.617795436539307,death,,,,
2021,AF Milne,Royal Challengers Bengaluru,0,6,17.0,1,16.67,3,50.0,0.015961212335982394,0.6849371772622671,0.21147368681017542,0.7100069797112424,-0.39959304027125336,0.21443625830778007,death,AF Milne,2021.0,42435730.6976,-0.9416428884394179
2015,B Kumar,Punjab Kings,1,6,3.0,3,50.0,0,0.0,0.09522719101617114,0.10609385009435926,0.6158488907466075,0.09875811504514659,0.25553047919695127,0.8695597777759847,death,,,,
2015,JP Faulkner,Rajasthan Royals,2,48,12.63,10,20.83,13,27.08,0.14549234706320432,0.4428222974544919,0.32498853918836657,0.36719064010590596,0.02844897133774786,0.6424782699167813,death,,,,
2014,JP Faulkner,Punjab Kings,0,6,23.0,0,0.0,3,50.0,0.037245351605682764,0.8191903825923618,0.0858486406439247,0.609198890081466,-0.42881320045968296,0.18521609811935047,death,,,,
2016,B Kumar,Delhi Capitals,0,12,12.5,1,8.33,4,33.33,0.02497897366775858,0.4287887081262924,0.19451796152585904,0.42822898472922555,-0.20416032970988904,0.40986896886914437,death,,,,
2023,Akash Madhwal,Royal Challengers Bengaluru,0,6,6.0,1,16.67,0,0.0,0.03293407072432839,0.16361706376252202,0.2699731120782336,0.048010568027550334,0.050543043796688766,0.6645723423757222,death,,,,
2017,BA Stokes,Punjab Kings,0,6,7.0,3,50.0,1,16.67,0.03863771635483625,0.26575479963065995,0.6199914779897023,0.29290928476692946,0.04977931264682224,0.6638086112258557,death,BA Stokes,2017.0,226171030.39200002,0.022009588301624947
2022,NM Coulter-Nile,Rajasthan Royals,0,6,25.0,0,0.0,5,83.33,0.014368736282918574,0.8251671765519389,0.11660536047773154,0.8471487894633817,-0.5276767948920928,0.08635250368694058,death,NM Coulter-Nile,2022.0,24875569.016000003,-2.1212652243359353
2022,OC McCoy,Royal Challengers Bengaluru,2,12,5.0,7,58.33,1,8.33,0.12069392709640071,0.15021483368181154,0.6650098866033519,0.15945588132401645,0.2726211587556771,0.8866504573347105,death,OC McCoy,2022.0,9328338.381000001,2.922505033811306
2015,J Suchith,Mumbai Indians,0,6,10.0,2,33.33,1,16.67,0.04496203496913795,0.3508601150498035,0.4496287309771225,0.2640007366390484,-0.01721259526479227,0.5968167033142412,death,J Suchith,2015.0,1745533.3727,-0.9860937369629169
2016,UT Yadav,Lucknow Super Giants,1,12,10.5,1,8.33,2,16.67,0.11605058023805889,0.36350741764450056,0.19451796152585904,0.27404647589505643,0.004814348988528866,0.6188436475675623,death,,,,
2013,DW Steyn,Punjab Kings,1,6,4.0,3,50.0,0,0.0,0.09432140278411502,0.17370547729956723,0.5676296663438111,0.12550444251950996,0.20463748040363594,0.8186667789826694,death,,,,
2019,SN Thakur,Chennai Super Kings,3,54,11.0,11,20.37,11,20.37,0.17959477742503335,0.3780256356685515,0.30857436074841216,0.2963426932963639,0.12185141210574385,0.7358807106847773,death,,,,
2018,SN Thakur,Punjab Kings,3,16,12.38,4,25.0,4,25.0,0.20897526959358148,0.4398616708055124,0.3680762136284484,0.36664747790516006,0.13794685678515373,0.7519761553641872,death,SN Thakur,2018.0,38801000.238,0.35552397087447923
2015,Z Khan,Delhi Capitals,1,36,9.83,7,19.44,8,22.22,0.09522719101617114,0.3449157914723142,0.31112854986145694,0.31901552667181104,0.002508376892224773,0.6165376754712582,death,Z Khan,2015.0,69821334.90799999,0.003592565074171001
2022,MP Stoinis,Lucknow Super Giants,2,12,16.0,5,41.67,5,41.67,0.12069392709640071,0.5214386222603816,0.5083766034685527,0.4651583020889023,-0.014569067845656453,0.599460230733377,death,,,,
2018,YS Chahal,Punjab Kings,1,6,10.0,2,33.33,1,16.67,0.08307610755042134,0.3552751753681293,0.44654616106312955,0.28324708291001904,0.03149381462431347,0.6455231132033469,death,YS Chahal,2018.0,89540769.77999999,0.035172597579508406
2017,AS Rajpoot,Kolkata Knight Riders,1,6,19.0,1,16.67,3,50.0,0.10303796550864269,0.6954111047722976,0.2857788662990982,0.6181337243195543,-0.22331395105209179,0.39071534752694165,death,,,,
2018,AS Rajpoot,Punjab Kings,2,18,11.33,5,27.78,6,33.33,0.1460256885720014,0.40254409928901985,0.39426426331253167,0.4500478729003011,0.041285810266063344,0.6553151088450968,death,,,,
2016,R Ashwin,Lucknow Super Giants,2,12,12.0,4,33.33,4,33.33,0.2071221868083592,0.4124683855058444,0.4592306465414186,0.42822898472922555,0.15499642455385892,0.7690257231328923,death,,,,
2016,KW Richardson,Gujarat Titans,0,6,6.0,1,16.67,0,0.0,0.02497897366775858,0.21662451406046904,0.28282611324704976,0.11977142053697726,-0.00026493730952800026,0.6137643612695054,death,KW Richardson,2016.0,32727727.998,-0.0008095194067372799
2020,Mohammed Siraj,Royal Challengers Bengaluru,2,31,10.06,11,35.48,6,19.35,0.1430651131101122,0.3286921815695692,0.5203183588918251,0.28069570610670513,0.1550075928728766,0.76903689145191,death,,,,
2015,MJ McClenaghan,Royal Challengers Bengaluru,0,6,15.0,1,16.67,3,50.0,0.04496203496913795,0.5256931614465494,0.28350828336106865,0.594386854079045,-0.2360977833403058,0.37793151523872764,death,MJ McClenaghan,2015.0,5236600.1181,-4.508608219372102
2023,A Mishra,Lucknow Super Giants,2,12,7.0,4,33.33,2,16.67,0.12632160274383342,0.20546692190642474,0.4579177260443439,0.24622380354458243,0.1708038121031087,0.7848331106821421,death,A Mishra,2023.0,5915430.661499999,2.8874281836277547
2016,A Mishra,Delhi Capitals,1,18,8.67,4,22.22,3,16.67,0.11605058023805889,0.3037750368536611,0.34159232932050393,0.27404647589505643,0.07282961164325813,0.6868589102222915,death,A Mishra,2016.0,1636386.3998999998,4.450636576282275
2019,VR Aaron,Rajasthan Royals,1,6,18.0,1,16.67,3,50.0,0.07299501625697159,0.6208673414631214,0.27070995933506037,0.5966482642268958,-0.23663590366734177,0.37739339491169166,death,VR Aaron,2019.0,34662061.272,-0.6826942627860858
2017,JJ Bumrah,Royal Challengers Bengaluru,0,12,9.0,2,16.67,0,0.0,0.03863771635483625,0.3373641838209329,0.2857788662990982,0.13024827644582967,-0.03032992204013823,0.5836993765388953,death,,,,
2025,Shahbaz Ahmed,Lucknow Super Giants,1,9,9.33,3,33.33,1,11.11,0.05275728172987726,0.2816400468445283,0.4537454100211392,0.16706681788826014,0.052483481496868274,0.6665127800759018,death,Shahbaz Ahmed,2025.0,25188000.000000004,0.20836700610158912
2013,RA Jadeja,Chennai Super Kings,1,19,13.58,7,36.84,6,31.58,0.09432140278411502,0.5005934902693768,0.4495961433805834,0.43581763502205956,-0.05462173942402107,0.5594075591550124,death,,,,
2016,B Kumar,Royal Challengers Bengaluru,0,18,14.67,3,16.67,7,38.89,0.02497897366775858,0.49961890829903643,0.28282611324704976,0.479684852023222,-0.2214367244508284,0.39259257412820503,death,,,,
2015,AR Patel,Royal Challengers Bengaluru,1,12,13.0,6,50.0,5,41.67,0.09522719101617114,0.45575994288785104,0.6158488907466075,0.5118151061559976,-0.008253055253700736,0.6057762433253326,death,,,,
2021,MP Stoinis,Royal Challengers Bengaluru,0,6,23.0,1,16.67,3,50.0,0.015961212335982394,0.9291929401569002,0.21147368681017542,0.7100069797112424,-0.49729534542910664,0.1167339531499268,death,,,,
2024,TA Boult,Rajasthan Royals,4,50,10.32,14,28.0,12,24.0,0.17590466393525273,0.294108321452043,0.3871703949127085,0.28489235205146735,0.1768970801804342,0.7909263787594676,death,,,,
2013,R Rampaul,Royal Challengers Bengaluru,4,40,10.65,14,35.0,8,20.0,0.26210469691766575,0.40061625874520745,0.43309297603618074,0.32202958026653317,0.2662295606093099,0.8802588591883433,death,,,,
2020,A Zampa,Royal Challengers Bengaluru,0,6,27.0,0,0.0,4,66.67,0.026992648079847133,0.9435752902201398,0.07993918256876803,0.7754354616149531,-0.5455900276821407,0.06843927089689272,death,,,,
2019,AD Russell,Kolkata Knight Riders,1,25,10.32,7,28.0,5,20.0,0.07299501625697159,0.3544352985342219,0.38665689663594577,0.2925926743546056,-0.004062328343829316,0.6099669702352041,death,,,,
2017,BA Stokes,Royal Challengers Bengaluru,1,6,3.0,3,50.0,0,0.0,0.10303796550864269,0.12253603125011403,0.6199914779897023,0.13024827644582967,0.2524654962260802,0.8664947948051136,death,BA Stokes,2017.0,226171030.39200002,0.11162592122806647
2017,RD Chahar,Punjab Kings,0,6,2.0,4,66.67,0,0.0,0.03863771635483625,0.08673133915497756,0.7871479207404484,0.13024827644582967,0.22033393215864897,0.8343632307376824,death,RD Chahar,2017.0,1559800.2096000002,14.12577910956635
2023,Suyash Sharma,Kolkata Knight Riders,1,18,10.67,7,38.89,4,22.22,0.07962783673408091,0.3590559012945477,0.520641138628472,0.312215612609941,0.038347052388861616,0.652376350967895,death,,,,
2018,CR Brathwaite,Sunrisers Hyderabad,4,25,9.84,11,44.0,8,32.0,0.27192485061516153,0.34958868827990186,0.5470592870088737,0.43673184344729543,0.3011500336792551,0.9151793322582885,death,CR Brathwaite,2018.0,29846923.259999998,1.0089818339260712
2024,R Ashwin,Rajasthan Royals,1,36,13.17,5,13.89,8,22.22,0.04397616598381318,0.41726166717111696,0.19206417090491143,0.2637628359409835,-0.12245001740354865,0.4915792811754848,death,,,,
2021,T Natarajan,Sunrisers Hyderabad,0,6,9.0,1,16.67,1,16.67,0.015961212335982394,0.3592628267360897,0.21147368681017542,0.2952323374729564,-0.14489090738929658,0.4691383911897369,death,,,,
2014,B Kumar,Punjab Kings,2,6,8.0,3,50.0,1,16.67,0.15776236058549375,0.29114554245873175,0.634361396672088,0.2748793161781329,0.22802994804293447,0.8420592466219678,death,B Kumar,2014.0,82323281.30725,0.27699326900232835
2014,SP Narine,Kolkata Knight Riders,11,96,5.88,45,46.88,8,8.33,0.7000889009946432,0.21651520505317876,0.6001342006959306,0.19122419327522863,1.0862002716969037,1.7002295702759371,death,,,,
2016,RP Singh,Lucknow Super Giants,1,6,14.0,2,33.33,3,50.0,0.11605058023805889,0.47774967598763624,0.4592306465414186,0.5825040400873047,-0.054006018101732,0.5600232804773014,death,,,,
2016,SR Watson,Royal Challengers Bengaluru,4,72,12.92,16,22.22,23,31.94,0.38926539994895987,0.4424977791274686,0.34159232932050393,0.41536501790572644,0.38476718169688556,0.998796480275919,death,SR Watson,2016.0,155456707.9905,0.2475076094628215
2016,MM Sharma,Gujarat Titans,1,6,7.0,3,50.0,1,16.67,0.11605058023805889,0.24926515930136492,0.6357410649097938,0.27404647589505643,0.1828781833409636,0.796907481919997,death,MM Sharma,2016.0,106365115.9935,0.17193436178092386
2016,MM Sharma,Gujarat Titans,1,6,7.0,3,50.0,1,16.67,0.11605058023805889,0.24926515930136492,0.6357410649097938,0.27404647589505643,0.1828781833409636,0.796907481919997,death,MM Sharma,2016.0,1636386.3998999998,11.17573351576005
2016,MM Sharma,Gujarat Titans,1,6,7.0,3,50.0,1,16.67,0.11605058023805889,0.24926515930136492,0.6357410649097938,0.27404647589505643,0.1828781833409636,0.796907481919997,death,MM Sharma,2016.0,1636386.3998999998,11.17573351576005
2023,MR Marsh,Delhi Capitals,3,19,10.11,6,31.58,4,21.05,0.17301536875358597,0.33561998073396215,0.43817564474538273,0.29830382583400056,0.16723660651020872,0.7812659050892421,death,,,,
2024,Yash Thakur,Lucknow Super Giants,4,65,12.18,17,26.15,18,27.69,0.17590466393525273,0.3744820839213334,0.3615894938202616,0.3286945511793804,0.12393264512661006,0.7379619437056435,death,,,,
2019,K Rabada,Punjab Kings,3,24,9.75,7,29.17,5,20.83,0.17959477742503335,0.33466104534809266,0.39863023438016787,0.301004879007739,0.16481535461004165,0.7788446531890751,death,,,,
2013,SK Trivedi,Rajasthan Royals,0,6,8.0,1,16.67,1,16.67,0.03839363807293146,0.31019316538717034,0.2686891404802564,0.2893081448316538,-0.07267251035089016,0.5413567882281433,death,,,,
2022,M Pathirana,Chennai Super Kings,0,17,10.59,3,17.65,4,23.53,0.014368736282918574,0.3388640135140122,0.2825463837267834,0.29882831070692784,-0.11887707907527034,0.4951522195037631,death,,,,
2016,CR Brathwaite,Delhi Capitals,0,13,9.23,2,15.38,1,7.69,0.02497897366775858,0.32205379818856283,0.2691669387002468,0.19093969742381764,-0.06788488639085852,0.5461444121881749,death,CR Brathwaite,2016.0,68728228.7958,-0.09877293155997494
2014,P Kumar,Punjab Kings,1,6,7.0,2,33.33,1,16.67,0.09750385609558826,0.2559425531164898,0.4514872438122983,0.2748793161781329,0.09686114118703608,0.7108904397660695,death,,,,
2024,Yash Dayal,Royal Challengers Bengaluru,6,74,10.95,24,32.43,18,24.32,0.2638569959028791,0.3213316926109962,0.44842628239354054,0.2886909167454869,0.31517342650433616,0.9292027250833697,death,Yash Dayal,2024.0,55439837.5,0.5684963028694595
2020,DR Sams,Royal Challengers Bengaluru,0,6,17.0,1,16.67,3,50.0,0.026992648079847133,0.5805982485137817,0.28684788801705896,0.6011473862911472,-0.28604017676796845,0.327989121811065,death,,,,
2020,AJ Tye,Rajasthan Royals,1,7,18.86,1,14.29,3,42.86,0.08502888059497966,0.6481119782711642,0.25730723301004443,0.5264973048387193,-0.2124584919645986,0.40157080661443484,death,AJ Tye,2020.0,13893723.453,-1.529168855874438
2018,LE Plunkett,Punjab Kings,1,12,5.5,3,25.0,0,0.0,0.08307610755042134,0.1953427260117326,0.3680762136284484,0.11634617239753385,0.12199608329021332,0.7360253818692467,death,,,,
2020,DR Sams,Delhi Capitals,0,12,13.5,1,8.33,3,25.0,0.026992648079847133,0.45355628391655634,0.18333147509331893,0.3397675492728421,-0.18786436370070875,0.4261649348783247,death,,,,
2015,BE Hendricks,Punjab Kings,1,12,6.5,5,41.67,2,16.67,0.09522719101617114,0.2284769825720814,0.5327886669385806,0.2640007366390484,0.13208637258528377,0.7461156711643172,death,,,,
2022,SN Thakur,Delhi Capitals,8,80,12.08,21,26.25,20,25.0,0.43966949953684714,0.3891479630578366,0.36340149987079745,0.31230709170645937,0.5191733865314376,1.133202685110471,death,SN Thakur,2022.0,133706183.46100001,0.3882942232681949
2019,CH Morris,Royal Challengers Bengaluru,1,6,4.0,3,50.0,0,0.0,0.07299501625697159,0.13518392987398167,0.6117965807153348,0.08988894777307886,0.21199124231854152,0.8260205408975749,death,,,,
2016,MM Sharma,Punjab Kings,8,87,9.52,27,31.03,17,19.54,0.7535518262301611,0.33151958530842257,0.4348770795199871,0.30060732825724523,1.0380008306006954,1.6520301291797288,death,MM Sharma,2016.0,106365115.9935,0.9758846412240343
2016,MM Sharma,Punjab Kings,8,87,9.52,27,31.03,17,19.54,0.7535518262301611,0.33151958530842257,0.4348770795199871,0.30060732825724523,1.0380008306006954,1.6520301291797288,death,MM Sharma,2016.0,1636386.3998999998,63.43250167956223
2016,MM Sharma,Punjab Kings,8,87,9.52,27,31.03,17,19.54,0.7535518262301611,0.33151958530842257,0.4348770795199871,0.30060732825724523,1.0380008306006954,1.6520301291797288,death,MM Sharma,2016.0,1636386.3998999998,63.43250167956223
2024,M Jansen,Sunrisers Hyderabad,0,6,15.0,2,33.33,2,33.33,0.0,0.49633907863283816,0.4608710450871633,0.3956442539114753,-0.17896759410042887,0.4350617044786046,death,,,,
2014,K Santokie,Punjab Kings,0,6,14.0,1,16.67,2,33.33,0.037245351605682764,0.5023634785121837,0.26872279350371436,0.4419889501784188,-0.19705721099876067,0.41697208758027277,death,K Santokie,2014.0,5811055.151099999,-3.391074527342231
2013,CH Gayle,Punjab Kings,0,6,22.0,1,16.67,4,66.67,0.03839363807293146,0.7879000736937815,0.2686891404802564,0.7806209891992117,-0.411149126983802,0.20288017159523142,death,,,,
2017,P Kumar,Gujarat Titans,1,21,11.14,6,28.57,5,23.81,0.10303796550864269,0.41398622490452497,0.40510470125613957,0.36257932672329735,0.001720070661006698,0.6157493692400401,death,,,,
2025,M Prasidh Krishna,Gujarat Titans,11,90,11.53,30,33.33,26,28.89,0.548118946162215,0.3661704838237865,0.4537454100211392,0.355036058045598,0.7053230313064703,1.3193523298855037,death,M Prasidh Krishna,2025.0,99702500.00000001,0.7074276285012615
2023,Sandeep Sharma,Rajasthan Royals,4,60,10.8,16,26.67,14,23.33,0.21970913476333845,0.3644963828532551,0.3827850052151545,0.32541397442301273,0.20097645824134813,0.8150057568203816,death,Sandeep Sharma,2023.0,2366172.2646,8.493737385402204
2013,R Rampaul,Delhi Capitals,0,6,15.0,3,50.0,2,33.33,0.03839363807293146,0.549046619540476,0.5676296663438111,0.4530135845749241,-0.12764336617612712,0.4863859324029063,death,,,,
2018,PP Chawla,Kolkata Knight Riders,5,30,11.8,7,23.33,9,30.0,0.33487443163674163,0.41924815511068797,0.3523445434944847,0.41670773900668534,0.31530342675717704,0.9293327253362105,death,,,,
2017,UT Yadav,Delhi Capitals,0,6,26.0,1,16.67,5,83.33,0.03863771635483625,0.9460439494382529,0.2857788662990982,0.9433581638721792,-0.5177347945149711,0.09629450406406237,death,,,,
2022,Arshdeep Singh,Royal Challengers Bengaluru,1,6,3.0,3,50.0,0,0.0,0.06753133168965963,0.0827195993947988,0.5866932450359523,0.08307612232667097,0.21929429458935434,0.8333235931683878,death,Arshdeep Singh,2022.0,6218892.254000001,3.5262597522622126
2022,Arshdeep Singh,Royal Challengers Bengaluru,1,6,3.0,3,50.0,0,0.0,0.06753133168965963,0.0827195993947988,0.5866932450359523,0.08307612232667097,0.21929429458935434,0.8333235931683878,death,Arshdeep Singh,2022.0,2487556.9016,8.815649380655532
2022,Arshdeep Singh,Royal Challengers Bengaluru,1,6,3.0,3,50.0,0,0.0,0.06753133168965963,0.0827195993947988,0.5866932450359523,0.08307612232667097,0.21929429458935434,0.8333235931683878,death,Arshdeep Singh,2022.0,2487556.9016,8.815649380655532
2025,JJ Bumrah,Mumbai Indians,6,80,7.58,29,36.25,13,16.25,0.30043811394604614,0.21439992652011844,0.4847802059829806,0.22140663197198998,0.44390927251431894,1.0579385710933524,death,,,,
2016,T Shamsi,Royal Challengers Bengaluru,0,12,15.0,2,16.67,5,41.67,0.02497897366775858,0.5103903212285321,0.28282611324704976,0.5054127856702202,-0.2334636697167261,0.3805656288623073,death,,,,
2013,R Vinay Kumar,Lucknow Super Giants,1,6,9.0,3,50.0,1,16.67,0.09432140278411502,0.3443150874090712,0.5676296663438111,0.2893081448316538,0.08725252566619121,0.7012818242452247,death,,,,
2014,JH Kallis,Royal Challengers Bengaluru,0,6,3.0,3,50.0,0,0.0,0.037245351605682764,0.11513059574752184,0.634361396672088,0.10766937627508567,0.1678233952286161,0.7818526938076495,death,JH Kallis,2014.0,106536011.1035,0.1575273876788716
2019,DW Steyn,Royal Challengers Bengaluru,0,12,15.5,2,16.67,4,33.33,0.01969513567294069,0.5341381608222036,0.27070995933506037,0.42769470812119326,-0.23120798545531027,0.38282131312372314,death,,,,
2018,GJ Maxwell,Delhi Capitals,1,6,8.0,2,33.33,1,16.67,0.08307610755042134,0.28419408676528635,0.44654616106312955,0.28324708291001904,0.05992625006545066,0.6739555486444841,death,,,,
2015,P Kumar,Royal Challengers Bengaluru,0,6,14.0,1,16.67,2,33.33,0.04496203496913795,0.49072655216720024,0.28350828336106865,0.4291442324851433,-0.17253835315039556,0.44149094542863787,death,P Kumar,2015.0,38401734.1994,-0.44929833703471483
2015,MJ McClenaghan,Punjab Kings,0,6,5.0,2,33.33,0,0.0,0.04496203496913795,0.17602706865305762,0.4496287309771225,0.09875811504514659,0.10229340977207664,0.7163227083511101,death,MJ McClenaghan,2015.0,5236600.1181,1.9534317584897403
2020,JO Holder,Punjab Kings,1,6,7.0,1,16.67,0,0.0,0.08502888059497966,0.21762120680742364,0.28684788801705896,0.07838771225453701,0.10303289089825661,0.7170621894772901,death,,,,
2017,S Aravind,Lucknow Super Giants,0,12,10.0,1,8.33,2,16.67,0.03863771635483625,0.37316887591606934,0.20215050801828102,0.29290928476692946,-0.1185386088587679,0.49549068972026555,death,,,,
2023,Umran Malik,Sunrisers Hyderabad,1,18,11.67,7,38.89,6,33.33,0.07962783673408091,0.40090575943845036,0.520641138628472,0.4443181349011363,-0.018023647556058064,0.5960056510229754,death,,,,
2023,SSB Magala,Chennai Super Kings,0,6,6.0,0,0.0,0,0.0,0.03293407072432839,0.16361706376252202,0.0819156862189863,0.048010568027550334,-0.0058741839610854316,0.608155114617948,death,,,,
2021,K Rabada,Delhi Capitals,4,78,10.31,26,33.33,18,23.08,0.19842280546653177,0.4125920016347513,0.3921205274475011,0.3750014780894404,0.1377331223533153,0.7517624209323488,death,,,,
2016,D Wiese,Royal Challengers Bengaluru,0,6,12.0,1,16.67,2,33.33,0.02497897366775858,0.4124683855058444,0.28282611324704976,0.42822898472922555,-0.17113975514535262,0.4428895434336808,death,,,,
2017,CR Woakes,Lucknow Super Giants,0,6,18.0,0,0.0,2,33.33,0.03863771635483625,0.6596064126771611,0.11862242354835205,0.4554727159984545,-0.3069410782736408,0.3070882203053926,death,CR Woakes,2017.0,65511608.80320001,-0.4685292940915349
2022,TS Mills,Mumbai Indians,2,18,14.0,4,22.22,7,38.89,0.12069392709640071,0.4539433879733689,0.3255124163754048,0.43966781829386986,-0.034783085120286036,0.5792462134587474,death,TS Mills,2022.0,18656676.762000002,-0.18643773252872328
2022,HV Patel,Royal Challengers Bengaluru,9,129,9.91,47,36.43,26,20.16,0.49283209494358815,0.31591563385642785,0.4591113931668512,0.2679279760345324,0.6702369140125067,1.28426621259154,death,HV Patel,2022.0,133706183.46100001,0.5012759295519076
2015,Shakib Al Hasan,Kolkata Knight Riders,0,18,15.33,4,22.22,7,38.89,0.04496203496913795,0.5372321425087346,0.33884852851527625,0.4842581482657128,-0.19107269047491793,0.4229566081041155,death,,,,
2023,TA Boult,Rajasthan Royals,0,24,14.75,5,20.83,9,37.5,0.03293407072432839,0.5298033225216707,0.3169028596231927,0.49390116982051385,-0.21561971598137208,0.39840958259766135,death,,,,
2019,SL Malinga,Mumbai Indians,7,59,11.29,19,32.2,15,25.42,0.39279429976115693,0.38808622062289794,0.4296381090511019,0.34752538425819945,0.45859077883044697,1.0726200774094803,death,SL Malinga,2019.0,28885051.060000002,1.5876405337759751
2016,YS Chahal,Gujarat Titans,1,6,13.0,1,16.67,2,33.33,0.11605058023805889,0.4451090307467403,0.28282611324704976,0.42822898472922555,-0.047588603386260545,0.5664406951927728,death,,,,
2023,JO Holder,Rajasthan Royals,1,57,12.63,13,22.81,18,31.58,0.07962783673408091,0.441081623256597,0.339239614464303,0.4235099068174647,-0.08227198190746594,0.5317573166715674,death,JO Holder,2023.0,68027452.60724999,-0.120939383666849
2014,RA Jadeja,Chennai Super Kings,4,46,10.17,11,23.91,9,19.57,0.27827936956530475,0.36753602933139695,0.34814744057659236,0.303968027978903,0.28365846639470516,0.8976877649737386,death,,,,
