season,player,team,wickets,economy,dot_pct,boundary_pct_conceded,impact_score_pos,phase,adj_price,ROI_z
2013,AM Nayar,Lucknow Super Giants,1,7,50,16.67,0.747832063,bowl_pp,83114359.62,0.008859175
2013,CH Morris,Chennai Super Kings,4,8.67,45.37,21.3,0.970696835,bowl_pp,76957740.39,0.012419284
2013,DJG Sammy,Sunrisers Hyderabad,0,9.75,33.33,20.83,0.531342381,bowl_pp,52331263.46,0.009997202
2013,DP Nannes,Chennai Super Kings,2,5.63,43.75,8.33,0.878297466,bowl_pp,73879430.77,0.011705321
2013,DT Christian,Royal Challengers Bengaluru,0,6.75,45.83,12.5,0.657214611,bowl_pp,12313238.46,0.052553322
2013,J Botha,Delhi Capitals,1,7.5,45.83,16.67,0.724555135,bowl_pp,55409573.08,0.012875138
2013,JD Unadkat,Royal Challengers Bengaluru,5,6.27,45.56,14.44,1.138886012,bowl_pp,64644501.92,0.017346582
2013,JDP Oram,Mumbai Indians,0,3,66.67,0,0.835302876,bowl_pp,6156619.231,0.133587842
2013,JO Holder,Chennai Super Kings,2,9.21,42.86,23.81,0.753779372,bowl_pp,2462647.692,0.301374993
2013,JP Faulkner,Rajasthan Royals,7,5.81,53.09,13.58,1.364104385,bowl_pp,49252953.85,0.027269713
2013,KW Richardson,Lucknow Super Giants,1,7.17,55.56,19.44,0.752659028,bowl_pp,86192669.23,0.008597916
2013,MC Henriques,Royal Challengers Bengaluru,5,7.75,44.79,19.79,1.08907791,bowl_pp,36939715.39,0.029028905
2013,MS Gony,Punjab Kings,0,10.5,37.5,37.5,0.481627899,bowl_pp,61566192.31,0.007702551
2013,NLTC Perera,Sunrisers Hyderabad,6,7,49.17,19.17,1.215623208,bowl_pp,83114359.62,0.014400851
2013,NM Coulter-Nile,Mumbai Indians,1,7.5,58.33,25,0.738286521,bowl_pp,55409573.08,0.013119141
2013,R McLaren,Kolkata Knight Riders,1,15.25,33.33,50,0.424848006,bowl_pp,6156619.231,0.067944849
2013,SMSM Senanayake,Kolkata Knight Riders,4,5.4,44.17,9.17,1.073173935,bowl_pp,76957740.39,0.013730396
2014,A Mishra,Sunrisers Hyderabad,2,8,25,13.89,0.785170084,bowl_pp,92008373.23,0.008402367
2014,A Mishra,Sunrisers Hyderabad,2,8,25,13.89,0.785170084,bowl_pp,1937018.384,0.399112428
2014,A Mishra,Sunrisers Hyderabad,2,8,25,13.89,0.785170084,bowl_pp,1937018.384,0.399112428
2014,A Nehra,Chennai Super Kings,1,11.25,29.17,33.33,0.585160869,bowl_pp,38740367.67,0.014872254
2014,AB Dinda,Royal Challengers Bengaluru,3,9,43.75,22.92,0.911866443,bowl_pp,29055275.76,0.030900925
2014,AD Russell,Kolkata Knight Riders,0,8,33.33,16.67,0.57398493,bowl_pp,11622110.3,0.048627366
2014,AR Patel,Punjab Kings,2,6.83,31.94,12.5,0.826561822,bowl_pp,14527637.88,0.05602032
2014,B Kumar,Sunrisers Hyderabad,5,5.72,57.33,13.33,1.251827777,bowl_pp,82323281.31,0.014972253
2014,BCJ Cutting,Rajasthan Royals,0,8.5,16.67,16.67,0.5213579,bowl_pp,15496147.07,0.033126647
2014,BE Hendricks,Punjab Kings,0,10.83,38.89,25,0.522304123,bowl_pp,34866330.91,0.014749675
2014,BW Hilfenhaus,Chennai Super Kings,4,6.2,55,13.33,1.123811898,bowl_pp,19370183.84,0.057124858
2014,CJ Anderson,Mumbai Indians,2,11.13,37.5,33.33,0.722870862,bowl_pp,87165827.27,0.008165442
2014,DJG Sammy,Sunrisers Hyderabad,1,9.33,27.78,27.78,0.626305144,bowl_pp,67795643.43,0.009095979
2014,DR Smith,Chennai Super Kings,0,7,33.33,16.67,0.591129306,bowl_pp,87165827.27,0.006677309
2014,DS Kulkarni,Rajasthan Royals,3,6.5,58.33,16.67,1.006685941,bowl_pp,21307202.22,0.046519263
2014,HV Patel,Royal Challengers Bengaluru,2,11,37.5,25,0.742964429,bowl_pp,7748073.535,0.094414683
2014,I Sharma,Sunrisers Hyderabad,1,10.33,44.44,27.78,0.653215609,bowl_pp,50362477.98,0.0127707
2014,IC Pandey,Chennai Super Kings,3,8.04,50.67,22,0.948596997,bowl_pp,29055275.76,0.032145634
2014,IK Pathan,Sunrisers Hyderabad,0,16,33.33,50,0.365349281,bowl_pp,46488441.21,0.007737996
2014,Iqbal Abdulla,Rajasthan Royals,0,9,16.67,16.67,0.512785712,bowl_pp,12590619.49,0.040100895
2014,JD Unadkat,Delhi Capitals,3,6.36,46.97,10.61,0.992042837,bowl_pp,54236514.74,0.018009593
2014,JDS Neesham,Delhi Capitals,0,13.33,22.22,38.89,0.405572936,bowl_pp,19370183.84,0.020615813
2014,JH Kallis,Kolkata Knight Riders,2,7.4,36.67,13.33,0.827517249,bowl_pp,106536011.1,0.007647965
2014,JJ Bumrah,Mumbai Indians,0,6.75,52.08,17.71,0.642766511,bowl_pp,23244220.6,0.027227233
2014,JO Holder,Sunrisers Hyderabad,1,10.5,50,0,0.724581563,bowl_pp,14527637.88,0.049108597
2014,JP Duminy,Delhi Capitals,0,7.75,29.17,10.42,0.580674495,bowl_pp,42614404.44,0.013416572
2014,JW Hastings,Chennai Super Kings,0,13,41.67,50,0.438836274,bowl_pp,9685091.919,0.044613267
2014,K Santokie,Mumbai Indians,1,10.33,38.89,22.22,0.65046364,bowl_pp,5811055.151,0.110213115
2014,KK Cooper,Rajasthan Royals,2,6.17,44.44,11.11,0.873912504,bowl_pp,5811055.151,0.148073795
2014,KV Sharma,Sunrisers Hyderabad,4,6.54,44.87,14.1,1.089544194,bowl_pp,72638189.39,0.014768796
2014,KW Richardson,Rajasthan Royals,4,5.55,46.97,10.61,1.119555029,bowl_pp,19370183.84,0.056908476
2014,L Balaji,Punjab Kings,4,7.56,50,20.37,1.072175584,bowl_pp,34866330.91,0.030277842
2014,LR Shukla,Delhi Capitals,0,14.25,12.5,25,0.393886006,bowl_pp,29055275.76,0.013347834
2014,M de Lange,Mumbai Indians,0,14,16.67,50,0.355583192,bowl_pp,5811055.151,0.060249227
2014,M Morkel,Kolkata Knight Riders,5,7.46,58.33,19.23,1.211987572,bowl_pp,54236514.74,0.02200248
2014,M Muralitharan,Royal Challengers Bengaluru,0,8.8,46.67,20,0.588403404,bowl_pp,19370183.84,0.02990933
2014,MC Henriques,Sunrisers Hyderabad,1,14,29.17,45.83,0.511205914,bowl_pp,19370183.84,0.025985279
2014,MG Johnson,Punjab Kings,4,8.36,46.43,20.24,1.049298562,bowl_pp,125906194.9,0.00820573
2014,MM Sharma,Chennai Super Kings,5,8.05,49.12,22.81,1.169840154,bowl_pp,38740367.67,0.029732268
2014,Mohammed Shami,Delhi Capitals,2,8.38,42.86,21.43,0.809712743,bowl_pp,82323281.31,0.009684419
2014,NM Coulter-Nile,Delhi Capitals,1,1.5,75,0,0.944989656,bowl_pp,82323281.31,0.011302373
2014,P Negi,Chennai Super Kings,0,8,16.67,0,0.56568113,bowl_pp,1937018.384,0.287543265
2014,P Suyal,Mumbai Indians,0,28,0,83.33,0,bowl_pp,1937018.384,0
2014,Parvez Rasool,Sunrisers Hyderabad,0,9.33,27.78,16.67,0.536506776,bowl_pp,18401674.65,0.02870669
2014,PJ Cummins,Kolkata Knight Riders,1,8,75,25,0.77993537,bowl_pp,19370183.84,0.039645155
2014,PP Ojha,Mumbai Indians,3,8.13,42.71,16.67,0.937435888,bowl_pp,62953097.47,0.014661882
2014,PV Tambe,Rajasthan Royals,1,8.13,39.58,18.75,0.697447746,bowl_pp,1937018.384,0.354521994
2014,R Bhatia,Rajasthan Royals,1,6.75,29.17,8.33,0.715926403,bowl_pp,32929312.52,0.021406761
2014,R Dhawan,Punjab Kings,0,9.57,28.57,23.81,0.519168477,bowl_pp,58110551.51,0.008796675
2014,R Rampaul,Royal Challengers Bengaluru,1,6.2,50,13.33,0.769714416,bowl_pp,17433165.45,0.043472901
2014,R Shukla,Delhi Capitals,2,8.25,45.83,25,0.812138885,bowl_pp,7748073.535,0.103205257
2014,R Tewatia,Rajasthan Royals,0,2.5,58.33,0,0.770138748,bowl_pp,1937018.384,0.3914718
2014,S Badree,Chennai Super Kings,1,7.56,53.7,18.52,0.745051504,bowl_pp,5811055.151,0.126239873
2014,S Gopal,Mumbai Indians,1,7.5,50,16.67,0.74026365,bowl_pp,1937018.384,0.376285889
2014,S Kaul,Delhi Capitals,1,9.14,38.1,21.43,0.670470673,bowl_pp,8716582.727,0.075735375
2014,S Nadeem,Delhi Capitals,2,7.57,33.33,14.29,0.813711733,bowl_pp,16464656.26,0.048661239
2014,Sandeep Sharma,Punjab Kings,12,8.36,50,20.45,1.967290488,bowl_pp,16464656.26,0.117647059
2014,Sandeep Sharma,Punjab Kings,12,8.36,50,20.45,1.967290488,bowl_pp,1937018.384,1
2014,SB Jakati,Royal Challengers Bengaluru,0,15,0,33.33,0.330108572,bowl_pp,3874036.767,0.083899296
2014,Shakib Al Hasan,Kolkata Knight Riders,2,6,47.62,11.9,0.883541815,bowl_pp,54236514.74,0.01603986
2014,TG Southee,Rajasthan Royals,0,6.5,52.78,13.89,0.657096149,bowl_pp,23244220.6,0.027834228
2014,UT Yadav,Kolkata Knight Riders,5,7.6,41.67,18.33,1.167462688,bowl_pp,50362477.98,0.022824495
2014,VR Aaron,Royal Challengers Bengaluru,5,6.56,48.96,11.46,1.219303771,bowl_pp,38740367.67,0.030989419
2014,VS Malik,Rajasthan Royals,0,9,50,33.33,0.565192243,bowl_pp,3874036.767,0.143647379
2014,WD Parnell,Delhi Capitals,2,8.46,51.28,24.36,0.824322829,bowl_pp,19370183.84,0.041901429
2014,Y Venugopal Rao,Sunrisers Hyderabad,0,9,16.67,16.67,0.512785712,bowl_pp,10653601.11,0.047391967
2014,YS Chahal,Royal Challengers Bengaluru,1,6.83,16.67,8.33,0.681500499,bowl_pp,1937018.384,0.346415796
2014,Yuvraj Singh,Royal Challengers Bengaluru,0,9.33,27.78,16.67,0.536506776,bowl_pp,271182573.7,0.001947954
2014,Z Khan,Mumbai Indians,4,6.1,46.67,11.67,1.107059006,bowl_pp,50362477.98,0.021643572
2015,A Mishra,Delhi Capitals,0,7.67,33.33,16.67,0.596087489,bowl_pp,61093668.04,0.009606807
2015,AD Mathews,Delhi Capitals,5,9,41.67,26.67,1.091867463,bowl_pp,130915003,0.00821194
2015,CH Morris,Rajasthan Royals,2,7.64,58.33,20.24,0.865710111,bowl_pp,24437467.22,0.034880407
2015,D Wiese,Royal Challengers Bengaluru,6,7.64,38.1,15.48,1.249671916,bowl_pp,48874934.44,0.025175324
2015,DJ Muthuswami,Delhi Capitals,3,8.45,48.48,22.73,0.920852108,bowl_pp,13091500.3,0.069257326
2015,DJG Sammy,Royal Challengers Bengaluru,0,8,16.67,16.67,0.544413408,bowl_pp,48874934.44,0.010967506
2015,GB Hogg,Kolkata Knight Riders,4,6,50,11.11,1.117301147,bowl_pp,8727666.863,0.126048399
2015,GS Sandhu,Delhi Capitals,0,7,50,16.67,0.655229644,bowl_pp,29674067.34,0.02174111
2015,HH Pandya,Mumbai Indians,0,7,33.33,16.67,0.61075141,bowl_pp,1745533.373,0.344509793
2015,J Suchith,Mumbai Indians,2,9.18,28.79,19.7,0.754703816,bowl_pp,1745533.373,0.425709792
2015,J Theron,Rajasthan Royals,0,12,16.67,33.33,0.410087095,bowl_pp,5236600.118,0.077106669
2015,JD Unadkat,Delhi Capitals,0,13,16.67,33.33,0.388200646,bowl_pp,19200867.1,0.019906764
2015,KC Cariappa,Kolkata Knight Riders,0,12,33.33,33.33,0.454538648,bowl_pp,41892800.94,0.010683085
2015,M Vijay,Punjab Kings,0,5,16.67,0,0.656881353,bowl_pp,52366001.18,0.012351019
2015,MJ McClenaghan,Mumbai Indians,4,8.42,50,23.68,1.029039956,bowl_pp,5236600.118,0.193485345
2015,P Kumar,Sunrisers Hyderabad,4,9,47.78,25.56,1.005143545,bowl_pp,38401734.2,0.025771666
2015,PP Ojha,Mumbai Indians,0,11,16.67,16.67,0.478754063,bowl_pp,8727666.863,0.05401067
2015,RS Bopara,Sunrisers Hyderabad,0,8,16.67,0,0.591222008,bowl_pp,17455333.73,0.033349374
2015,SA Abbott,Royal Challengers Bengaluru,0,9,33.33,16.67,0.566978513,bowl_pp,17455333.73,0.031981858
2015,Yuvraj Singh,Delhi Capitals,0,5,33.33,0,0.701332906,bowl_pp,279285339.6,0.002472529
2015,Z Khan,Delhi Capitals,4,5.16,64.56,12.66,1.170181851,bowl_pp,69821334.91,0.016501767
2016,A Mishra,Delhi Capitals,2,5,41.67,5.56,0.95555672,bowl_pp,1636386.4,0.574957654
2016,A Nehra,Sunrisers Hyderabad,4,7.69,52.08,20.83,1.096001856,bowl_pp,90001251.99,0.011990243
2016,A Zampa,Lucknow Super Giants,0,6.5,33.33,0,0.702690172,bowl_pp,4909159.2,0.140936024
2016,AB Dinda,Lucknow Super Giants,5,7.5,46.88,16.67,1.196732581,bowl_pp,8181932,0.144014592
2016,BCJ Cutting,Sunrisers Hyderabad,0,10.33,22.22,27.78,0.508100948,bowl_pp,8181932,0.06114478
2016,CH Morris,Delhi Capitals,3,7.5,49.17,17.5,0.996296092,bowl_pp,114547048,0.008563864
2016,CR Brathwaite,Delhi Capitals,0,6.75,41.67,16.67,0.681660378,bowl_pp,68728228.8,0.009765582
2016,DL Chahar,Lucknow Super Giants,0,8.75,45.83,20.83,0.639724629,bowl_pp,1636386.4,0.384921758
2016,DR Smith,Gujarat Titans,6,5.83,55.56,13.89,1.373131297,bowl_pp,37636887.2,0.035922257
2016,DS Kulkarni,Gujarat Titans,14,6.82,48.48,18.18,2.139863799,bowl_pp,32727728,0.06437771
2016,DW Steyn,Gujarat Titans,0,7,33.33,0,0.691447094,bowl_pp,37636887.2,0.018088831
2016,I Sharma,Lucknow Super Giants,2,9.11,53.7,25.93,0.850398048,bowl_pp,62182683.2,0.013465362
2016,IK Pathan,Lucknow Super Giants,0,3,50,0,0.836577633,bowl_pp,16363864,0.050336804
2016,Iqbal Abdulla,Royal Challengers Bengaluru,3,7.6,43.33,23.33,0.959669594,bowl_pp,1636386.4,0.577432367
2016,JD Unadkat,Kolkata Knight Riders,0,19,16.67,66.67,0.19441516,bowl_pp,26182182.4,0.007311215
2016,JO Holder,Kolkata Knight Riders,0,6.25,41.67,12.5,0.703664349,bowl_pp,11454704.8,0.06048489
2016,JW Hastings,Kolkata Knight Riders,1,6,62.5,16.67,0.87042039,bowl_pp,21273023.2,0.040287015
2016,KC Cariappa,Punjab Kings,0,11.2,36.67,23.33,0.547858059,bowl_pp,13091091.2,0.041205715
2016,KH Pandya,Mumbai Indians,0,9.4,30,20,0.574845384,bowl_pp,32727728,0.017294199
2016,KJ Abbott,Punjab Kings,0,10.43,30.95,26.19,0.538856008,bowl_pp,34364114.4,0.015439485
2016,KW Richardson,Royal Challengers Bengaluru,4,8.86,54.76,23.81,1.070875136,bowl_pp,32727728,0.032217232
2016,M Ashwin,Lucknow Super Giants,0,16.5,33.33,50,0.348801124,bowl_pp,73637388,0.004663852
2016,MM Sharma,Punjab Kings,3,7.74,38.6,18.42,0.9535334,bowl_pp,106365116,0.008826773
2016,MM Sharma,Punjab Kings,3,7.74,38.6,18.42,0.9535334,bowl_pp,1636386.4,0.573740225
2016,MM Sharma,Punjab Kings,3,7.74,38.6,18.42,0.9535334,bowl_pp,1636386.4,0.573740225
2016,MP Stoinis,Punjab Kings,1,9.78,29.63,25.93,0.652710932,bowl_pp,9000125.199,0.071406474
2016,MR Marsh,Lucknow Super Giants,3,2.8,73.33,3.33,1.218528921,bowl_pp,78546547.2,0.015274746
2016,NLTC Perera,Lucknow Super Giants,1,7.46,41.03,17.95,0.763211219,bowl_pp,16363864,0.045922353
2016,P Kumar,Gujarat Titans,3,7.52,44.93,17.39,0.98209374,bowl_pp,57273524,0.01688357
2016,P Negi,Delhi Capitals,0,10.75,16.67,29.17,0.476696563,bowl_pp,139092844,0.003374446
2016,P Sahu,Punjab Kings,0,9.33,27.78,22.22,0.5633413,bowl_pp,1636386.4,0.338961975
2016,PJ Sangwan,Gujarat Titans,0,12.33,44.44,33.33,0.522365734,bowl_pp,3272772.8,0.157153506
2016,PV Tambe,Gujarat Titans,1,8.5,33.33,20.83,0.706902839,bowl_pp,3272772.8,0.212671414
2016,R Bhatia,Lucknow Super Giants,1,7.4,33.33,10,0.759584965,bowl_pp,9818318.399,0.076173603
2016,S Ladda,Gujarat Titans,0,7,33.33,16.67,0.64842933,bowl_pp,1636386.4,0.390159369
2016,SB Jakati,Gujarat Titans,0,9.5,25,25,0.543141555,bowl_pp,3272772.8,0.163403903
2016,SM Boland,Lucknow Super Giants,1,7.33,50,22.22,0.784810592,bowl_pp,8181932,0.094443971
2016,SR Watson,Royal Challengers Bengaluru,4,6.94,43.52,13.89,1.10243767,bowl_pp,155456708,0.006982482
2016,STR Binny,Royal Challengers Bengaluru,0,8.25,20.83,12.5,0.589701368,bowl_pp,32727728,0.01774114
2016,TG Southee,Mumbai Indians,2,9,33.33,22.22,0.795010627,bowl_pp,40909660,0.019134288
2017,A Choudhary,Royal Challengers Bengaluru,2,5.2,60,10,0.981077093,bowl_pp,31196004.19,0.030964881
2017,AD Mathews,Delhi Capitals,0,16,16.67,33.33,0.368385663,bowl_pp,31196004.19,0.011627036
2017,BA Stokes,Lucknow Super Giants,4,6.5,54.17,17.71,1.166784498,bowl_pp,226171030.4,0.005079476
2017,Basil Thampi,Gujarat Titans,2,9.25,40.63,23.96,0.822263116,bowl_pp,13258301.78,0.061064409
2017,CJ Jordan,Sunrisers Hyderabad,1,10,33.33,16.67,0.681597626,bowl_pp,7799001.048,0.086050687
2017,CR Woakes,Kolkata Knight Riders,4,9.25,36.46,21.88,1.056861196,bowl_pp,65511608.8,0.015884185
2017,DT Christian,Lucknow Super Giants,0,8.2,40,20,0.605486443,bowl_pp,15598002.1,0.038220882
2017,JD Unadkat,Lucknow Super Giants,4,7,40.28,12.5,1.128407508,bowl_pp,4679400.629,0.23743295
2017,K Rabada,Delhi Capitals,3,9.18,34.85,21.21,0.93371976,bowl_pp,77990010.48,0.011788073
2017,KV Sharma,Mumbai Indians,6,7.31,39.74,14.1,1.360180599,bowl_pp,49913606.71,0.026831372
2017,LH Ferguson,Lucknow Super Giants,1,9.5,47.22,27.78,0.707641916,bowl_pp,7799001.048,0.08933874
2017,MG Johnson,Mumbai Indians,1,7.57,45.24,19.05,0.755236,bowl_pp,31196004.19,0.023836856
2017,MJ Henry,Punjab Kings,0,12,33.33,38.89,0.477649093,bowl_pp,7799001.048,0.060302488
2017,MM Patel,Gujarat Titans,0,6,25,8.33,0.626468415,bowl_pp,4679400.629,0.131817843
2017,Mohammad Nabi,Sunrisers Hyderabad,1,5.83,52.78,11.11,0.82526535,bowl_pp,4679400.629,0.173647539
2017,MS Gony,Gujarat Titans,0,17,33.33,50,0.363561721,bowl_pp,9358801.258,0.038249272
2017,NB Singh,Gujarat Titans,1,5,55.56,11.11,0.848390797,bowl_pp,7799001.048,0.107108077
2017,NM Coulter-Nile,Kolkata Knight Riders,4,11.88,39.58,37.5,0.985441819,bowl_pp,54593007.34,0.017772938
2017,P Negi,Royal Challengers Bengaluru,1,7.25,25,8.33,0.724908971,bowl_pp,15598002.1,0.04575934
2017,PJ Cummins,Delhi Capitals,4,9.14,29.76,25,1.032956765,bowl_pp,70191009.43,0.014489917
2017,R Tewatia,Punjab Kings,0,6,83.33,16.67,0.777772316,bowl_pp,3899500.524,0.196385197
2017,Rashid Khan,Sunrisers Hyderabad,5,6.5,42.86,10.71,1.269855593,bowl_pp,62392008.38,0.020039673
2017,RD Chahar,Lucknow Super Giants,0,10,50,33.33,0.573839745,bowl_pp,1559800.21,0.362232073
2017,TS Mills,Royal Challengers Bengaluru,3,8.5,44.44,16.67,0.983309141,bowl_pp,187176025.2,0.005172555
2017,VR Aaron,Punjab Kings,2,9.57,42.86,28.57,0.813262514,bowl_pp,43674405.87,0.018334497
2018,A Dananjaya,Mumbai Indians,0,12,33.33,33.33,0.497363701,bowl_pp,7461730.815,0.0656296
2018,A Mishra,Delhi Capitals,3,7.43,45.24,16.67,0.955020846,bowl_pp,59693846.52,0.015752466
2018,AJ Tye,Punjab Kings,7,7.35,49.02,17.65,1.350333275,bowl_pp,107448923.7,0.01237383
2018,B Laughlin,Rajasthan Royals,3,10.17,25,22.22,0.823589023,bowl_pp,7461730.815,0.108676645
2018,BA Stokes,Rajasthan Royals,3,8.08,37.5,20.83,0.907529595,bowl_pp,186543270.4,0.004790121
2018,Basil Thampi,Sunrisers Hyderabad,0,13,25,33.33,0.451515867,bowl_pp,14177288.55,0.031357764
2018,BCJ Cutting,Mumbai Indians,0,10,0,16.67,0.474360875,bowl_pp,32831615.59,0.014225969
2018,CJ Jordan,Sunrisers Hyderabad,0,9,50,25,0.629729679,bowl_pp,14923461.63,0.041547973
2018,CR Brathwaite,Sunrisers Hyderabad,0,4,50,0,0.79124266,bowl_pp,29846923.26,0.026102096
2018,CR Woakes,Royal Challengers Bengaluru,2,8.86,45.24,23.81,0.812764087,bowl_pp,110433616.1,0.007246503
2018,DL Chahar,Chennai Super Kings,8,7.53,45.11,15.79,1.43528399,bowl_pp,11938769.3,0.118370513
2018,DS Kulkarni,Rajasthan Royals,0,10.69,38.46,32.05,0.542537447,bowl_pp,11192596.22,0.047727
2018,DT Christian,Delhi Capitals,0,13,25,41.67,0.430637245,bowl_pp,22385192.45,0.018941571
2018,HV Patel,Delhi Capitals,1,9.6,30,26.67,0.647191985,bowl_pp,2984692.326,0.213500458
2018,Imran Tahir,Chennai Super Kings,0,14.5,25,41.67,0.40095909,bowl_pp,14923461.63,0.026454268
2018,JD Unadkat,Rajasthan Royals,2,9.67,40,26.67,0.773183476,bowl_pp,171619808.7,0.004435886
2018,JP Duminy,Mumbai Indians,0,22,0,66.67,0.11176404,bowl_pp,14923461.63,0.007373909
2018,JPR Scantlebury-Searles,Kolkata Knight Riders,0,12,8.33,25,0.439998811,bowl_pp,4477038.489,0.096766699
2018,K Gowtham,Rajasthan Royals,5,7.5,36.46,17.71,1.115740129,bowl_pp,92525462.11,0.01187318
2018,K Khejroliya,Royal Challengers Bengaluru,0,10.67,27.78,27.78,0.520207876,bowl_pp,12684942.39,0.040378825
2018,KH Pandya,Mumbai Indians,2,8.62,35.9,19.23,0.799755887,bowl_pp,131326462.3,0.005996122
2018,KK Ahmed,Sunrisers Hyderabad,0,12.5,41.67,33.33,0.513564666,bowl_pp,44770384.89,0.011294566
2018,KM Asif,Chennai Super Kings,3,9,62.5,29.17,0.946666849,bowl_pp,5969384.652,0.156146716
2018,Kuldeep Yadav,Kolkata Knight Riders,0,8.2,31.67,13.33,0.617423291,bowl_pp,86556077.45,0.007023453
2018,KV Sharma,Chennai Super Kings,0,9,16.67,16.67,0.546302393,bowl_pp,74617308.15,0.00720873
2018,KV Sharma,Chennai Super Kings,0,9,16.67,16.67,0.546302393,bowl_pp,2984692.326,0.180218257
2018,L Ngidi,Chennai Super Kings,4,5.77,52.56,14.1,1.113289942,bowl_pp,7461730.815,0.146904114
2018,M Markande,Mumbai Indians,4,7.2,31.67,15,1.017384319,bowl_pp,2984692.326,0.335622232
2018,MG Johnson,Kolkata Knight Riders,0,14,23.33,40,0.409807545,bowl_pp,29846923.26,0.013519033
2018,MM Ali,Royal Challengers Bengaluru,0,7,41.67,8.33,0.684970365,bowl_pp,25369884.77,0.02658389
2018,MM Sharma,Punjab Kings,4,9.69,32.05,25.64,0.942670987,bowl_pp,35816307.91,0.025914604
2018,Mohammad Nabi,Sunrisers Hyderabad,1,8.75,45.83,25,0.717718277,bowl_pp,14923461.63,0.047353238
2018,Mohammed Shami,Delhi Capitals,0,11,38.89,33.33,0.534544927,bowl_pp,44770384.89,0.011755974
2018,MP Stoinis,Punjab Kings,1,8.5,16.67,16.67,0.652284192,bowl_pp,92525462.11,0.0069413
2018,Mujeeb Ur Rahman,Punjab Kings,4,5.84,43.24,10.81,1.090981404,bowl_pp,32831615.59,0.032718271
2018,Mujeeb Ur Rahman,Punjab Kings,4,5.84,43.24,10.81,1.090981404,bowl_pp,59693846.52,0.017995049
2018,N Rana,Kolkata Knight Riders,1,6,42.86,14.29,0.789647628,bowl_pp,50739769.54,0.015323222
2018,PJ Sangwan,Mumbai Indians,0,13,33.33,50,0.435846055,bowl_pp,22385192.45,0.019170681
2018,R Ashwin,Punjab Kings,1,7.66,29.31,13.79,0.715661104,bowl_pp,113418308.4,0.00621283
2018,R Tewatia,Delhi Capitals,0,7.33,22.22,11.11,0.610627655,bowl_pp,44770384.89,0.013429223
2018,Rashid Khan,Sunrisers Hyderabad,1,6.89,46.3,14.81,0.781499668,bowl_pp,134311154.7,0.005729041
2018,S Gopal,Rajasthan Royals,0,8.17,30.56,13.89,0.613142032,bowl_pp,2984692.326,0.202267809
2018,S Kaul,Sunrisers Hyderabad,6,9.6,37.5,27.5,1.149025083,bowl_pp,56709154.19,0.01994994
2018,S Lamichhane,Delhi Capitals,1,5,55.56,11.11,0.857128965,bowl_pp,2984692.326,0.282756015
2018,S Nadeem,Delhi Capitals,0,10.75,29.17,29.17,0.519494219,bowl_pp,47755077.22,0.010710911
2018,Sandeep Sharma,Sunrisers Hyderabad,3,8.39,44.44,22.22,0.919629789,bowl_pp,44770384.89,0.02022495
2018,Shakib Al Hasan,Sunrisers Hyderabad,5,7.21,35.09,14.91,1.124201142,bowl_pp,29846923.26,0.037085975
2018,Shakib Al Hasan,Sunrisers Hyderabad,5,7.21,35.09,14.91,1.124201142,bowl_pp,2984692.326,0.370859752
2018,Shivam Mavi,Kolkata Knight Riders,2,10.18,30.3,27.27,0.731242075,bowl_pp,44770384.89,0.016081835
2018,SN Thakur,Chennai Super Kings,3,7.31,50,17.71,0.969684328,bowl_pp,38801000.24,0.024606662
2018,SR Watson,Chennai Super Kings,1,9.17,43.06,23.61,0.704221557,bowl_pp,59693846.52,0.01161569
2018,TG Southee,Royal Challengers Bengaluru,1,8.85,37.18,20.51,0.699916549,bowl_pp,14923461.63,0.046178725
2018,UT Yadav,Royal Challengers Bengaluru,12,7.54,50.6,19.64,1.826981024,bowl_pp,62678538.85,0.028699903
2018,Washington Sundar,Royal Challengers Bengaluru,0,15.2,16.67,36.67,0.373564047,bowl_pp,47755077.22,0.007702129
2018,YS Chahal,Royal Challengers Bengaluru,6,5.75,52.08,12.5,1.308367509,bowl_pp,89540769.78,0.01438713
2019,AR Patel,Delhi Capitals,0,7.07,45.24,16.67,0.645293699,bowl_pp,72212627.65,0.008798518
2019,Arshdeep Singh,Punjab Kings,1,13.2,20,33.33,0.534253216,bowl_pp,2888505.106,0.18211229
2019,Arshdeep Singh,Punjab Kings,1,13.2,20,33.33,0.534253216,bowl_pp,11554020.42,0.045528073
2019,CV Varun,Punjab Kings,0,17,25,50,0.334027405,bowl_pp,121317214.5,0.002710971
2019,GC Viljoen,Punjab Kings,2,9.17,33.33,22.22,0.778461789,bowl_pp,10831894.15,0.070761681
2019,HF Gurney,Kolkata Knight Riders,2,6.33,40.74,9.26,0.880194467,bowl_pp,10831894.15,0.080009117
2019,I Sharma,Delhi Capitals,7,7.77,42.31,21.15,1.375365461,bowl_pp,15886778.08,0.085240804
2019,JD Unadkat,Rajasthan Royals,2,7.38,39.58,14.58,0.845908041,bowl_pp,121317214.5,0.006865402
2019,KMA Paul,Delhi Capitals,0,16.5,16.67,25,0.377301524,bowl_pp,7221262.765,0.051444703
2019,LH Ferguson,Kolkata Knight Riders,1,9.71,45.24,28.57,0.679733505,bowl_pp,23108040.85,0.028962817
2019,M Ashwin,Punjab Kings,3,5.43,45.24,9.52,1.017187777,bowl_pp,2888505.106,0.346731456
2019,MM Sharma,Chennai Super Kings,0,1,83.33,0,0.901188415,bowl_pp,72212627.65,0.012287618
2019,Mohammed Shami,Punjab Kings,3,8.67,38.89,24.6,0.906513989,bowl_pp,69324122.54,0.012875241
2019,P Ray Barman,Royal Challengers Bengaluru,0,6,16.67,0,0.620620667,bowl_pp,21663788.3,0.028207012
2019,R Parag,Rajasthan Royals,1,8,25,11.11,0.692238057,bowl_pp,2888505.106,0.235964996
2019,Rasikh Salam,Mumbai Indians,0,7.5,50,16.67,0.651477983,bowl_pp,2888505.106,0.222071003
2019,SL Malinga,Mumbai Indians,1,8.71,39.22,21.57,0.696331231,bowl_pp,28885051.06,0.023736025
2019,SM Curran,Punjab Kings,1,10,29.17,27.08,0.63169357,bowl_pp,103986183.8,0.005981307
2019,VR Aaron,Rajasthan Royals,1,6.75,41.67,12.5,0.759139609,bowl_pp,34662061.27,0.021564159
2020,Abdul Samad,Sunrisers Hyderabad,0,11,16.67,16.67,0.464221929,bowl_pp,2778744.691,0.164491044
2020,AJ Tye,Rajasthan Royals,0,8,33.33,16.67,0.596178151,bowl_pp,13893723.45,0.042249605
2020,Arshdeep Singh,Punjab Kings,3,7.83,41.67,19.44,0.938481884,bowl_pp,2778744.691,0.332538932
2020,CH Morris,Royal Challengers Bengaluru,2,7.63,43.75,12.5,0.862687904,bowl_pp,138937234.5,0.006113646
2020,CJ Green,Kolkata Knight Riders,0,9,50,33.33,0.583983183,bowl_pp,2778744.691,0.206926897
2020,CJ Jordan,Punjab Kings,1,10.8,43.33,30,0.63025255,bowl_pp,41681170.36,0.014888123
2020,CV Varun,Kolkata Knight Riders,1,6.9,33.33,13.33,0.738337518,bowl_pp,55574893.81,0.013081018
2020,DW Steyn,Royal Challengers Bengaluru,0,8.8,36.67,20,0.578566237,bowl_pp,27787446.91,0.020500747
2020,I Udana,Royal Challengers Bengaluru,2,10.43,33.33,28.57,0.715414142,bowl_pp,6946861.727,0.101399104
2020,JD Unadkat,Rajasthan Royals,1,9.5,37.5,20.83,0.667190427,bowl_pp,41681170.36,0.015760687
2020,JDS Neesham,Punjab Kings,1,9.25,45.83,25,0.690776886,bowl_pp,6946861.727,0.097907147
2020,JR Hazlewood,Chennai Super Kings,1,5.57,57.14,14.29,0.849540751,bowl_pp,27787446.91,0.030102379
2020,Kartik Tyagi,Rajasthan Royals,3,10.54,38.46,26.92,0.839808639,bowl_pp,18061840.49,0.045780822
2020,MM Sharma,Delhi Capitals,1,7,50,8.33,0.804667327,bowl_pp,6946861.727,0.114049389
2020,MP Stoinis,Delhi Capitals,3,7,30.56,11.11,0.943616469,bowl_pp,66689872.57,0.013931596
2020,NM Coulter-Nile,Mumbai Indians,1,7.29,57.14,19.05,0.793725858,bowl_pp,111149787.6,0.007031163
2020,PJ Cummins,Kolkata Knight Riders,6,7.24,48,16.67,1.298925742,bowl_pp,215352713.5,0.005938807
2020,SM Curran,Chennai Super Kings,3,6.96,40.97,15.28,0.968870792,bowl_pp,76415478.99,0.012483885
2020,SS Cottrell,Punjab Kings,2,8.5,50,22.92,0.834836937,bowl_pp,118096649.4,0.006960322
2020,TK Curran,Rajasthan Royals,0,10.25,45.83,29.17,0.549015109,bowl_pp,13893723.45,0.038907282
2020,TU Deshpande,Delhi Capitals,0,13,33.33,41.67,0.405205618,bowl_pp,2778744.691,0.143579376
2020,TU Deshpande,Delhi Capitals,0,13,33.33,41.67,0.405205618,bowl_pp,2778744.691,0.143579376
2021,AF Milne,Mumbai Indians,2,10.13,35.42,25,0.764673418,bowl_pp,42435730.7,0.017742285
2021,Arshdeep Singh,Punjab Kings,8,7.16,40.35,14.04,1.622941195,bowl_pp,2652233.169,0.602499003
2021,C Sakariya,Rajasthan Royals,3,7.3,44.17,15.83,1.017488501,bowl_pp,15913399.01,0.062955229
2021,CH Morris,Rajasthan Royals,2,8.21,36.9,17.86,0.840162945,bowl_pp,215493944.9,0.003838784
2021,DT Christian,Royal Challengers Bengaluru,0,13,16.67,41.67,0.331532612,bowl_pp,63653596.05,0.005128243
2021,FA Allen,Punjab Kings,0,9,50,25,0.601702467,bowl_pp,9945874.382,0.059566773
2021,J Suchith,Sunrisers Hyderabad,0,8,33.33,16.67,0.592196064,bowl_pp,3978349.753,0.146564168
2021,JA Richardson,Punjab Kings,0,10.25,50,29.17,0.55736655,bowl_pp,185656321.8,0.002955945
2021,Jalaj S Saxena,Punjab Kings,0,10,33.33,33.33,0.492466192,bowl_pp,3978349.753,0.121881758
2021,JDS Neesham,Mumbai Indians,2,5.5,41.67,8.33,0.954682801,bowl_pp,6630582.922,0.14176618
2021,KA Jamieson,Royal Challengers Bengaluru,4,9.19,46.88,26.04,1.07090333,bowl_pp,198917487.6,0.005300814
2021,M Jansen,Mumbai Indians,0,10.33,33.33,27.78,0.499934,bowl_pp,2652233.169,0.185594979
2021,MC Henriques,Punjab Kings,0,5,61.11,11.11,0.784720375,bowl_pp,55696896.54,0.013872323
2021,MM Ali,Chennai Super Kings,0,4,33.33,0,0.743658857,bowl_pp,92828160.9,0.007887861
2021,Mujeeb Ur Rahman,Sunrisers Hyderabad,0,13,16.67,33.33,0.355574328,bowl_pp,13261165.84,0.026400609
2021,Mujeeb Ur Rahman,Sunrisers Hyderabad,0,13,16.67,33.33,0.355574328,bowl_pp,19891748.76,0.017600406
2021,NM Coulter-Nile,Mumbai Indians,2,8.2,40,23.33,0.835693959,bowl_pp,66305829.22,0.012409686
2021,RP Meredith,Punjab Kings,1,8.8,40,26.67,0.688498801,bowl_pp,106089326.7,0.006389939
2021,Shakib Al Hasan,Kolkata Knight Riders,1,8.42,27.78,16.67,0.683627215,bowl_pp,42435730.7,0.015861816
2021,TK Curran,Delhi Capitals,0,3,50,0,0.828882243,bowl_pp,69621120.68,0.011722415
2022,AF Milne,Chennai Super Kings,0,6,75,16.67,0.752803882,bowl_pp,23631790.57,0.031365374
2022,AK Markram,Sunrisers Hyderabad,0,7,33.33,16.67,0.594713455,bowl_pp,32338239.72,0.018107423
2022,Akash Deep,Royal Challengers Bengaluru,2,9.29,33.33,19.05,0.732594135,bowl_pp,2487556.902,0.289971733
2022,AR Patel,Delhi Capitals,3,6.21,41.67,10.71,0.951075879,bowl_pp,2487556.902,0.37645008
2022,Arshdeep Singh,Punjab Kings,3,8.44,43.75,20.83,0.879401482,bowl_pp,6218892.254,0.139232112
2022,Arshdeep Singh,Punjab Kings,3,8.44,43.75,20.83,0.879401482,bowl_pp,2487556.902,0.34808028
2022,Arshdeep Singh,Punjab Kings,3,8.44,43.75,20.83,0.879401482,bowl_pp,2487556.902,0.34808028
2022,AS Joseph,Gujarat Titans,1,9.91,45.45,28.79,0.633004893,bowl_pp,29850682.82,0.020879402
2022,AS Roy,Kolkata Knight Riders,0,7.75,29.17,12.5,0.57533899,bowl_pp,2487556.902,0.227727791
2022,B Kumar,Sunrisers Hyderabad,2,6.63,44.79,12.5,0.848379142,bowl_pp,52238694.93,0.015990532
2022,Basil Thampi,Mumbai Indians,0,11.25,45.83,29.17,0.50418047,bowl_pp,3731335.352,0.133041455
2022,C Sakariya,Delhi Capitals,2,6.25,45.83,8.33,0.871736371,bowl_pp,52238694.93,0.016430777
2022,CJ Jordan,Chennai Super Kings,0,5.75,54.17,8.33,0.71351156,bowl_pp,44776024.23,0.01568992
2022,DJ Mitchell,Rajasthan Royals,0,20,0,66.67,0.053739269,bowl_pp,9328338.381,0.005672215
2022,DJ Willey,Royal Challengers Bengaluru,1,7,33.33,11.9,0.705987976,bowl_pp,24875569.02,0.027944062
2022,DR Sams,Mumbai Indians,5,8.53,40,18.89,1.067152877,bowl_pp,32338239.72,0.03249193
2022,FA Allen,Mumbai Indians,1,11,50,33.33,0.610536105,bowl_pp,9328338.381,0.06444249
2022,Fazalhaq Farooqi,Sunrisers Hyderabad,1,6.75,41.67,12.5,0.737145762,bowl_pp,6218892.254,0.116709334
2022,HR Shokeen,Mumbai Indians,1,7,61.11,19.44,0.77571727,bowl_pp,2487556.902,0.307040516
2022,HV Patel,Royal Challengers Bengaluru,1,6,38.89,11.11,0.749051038,bowl_pp,133706183.5,0.005516012
2022,J Suchith,Sunrisers Hyderabad,1,8.8,36.67,13.33,0.67176288,bowl_pp,2487556.902,0.265893811
2022,JD Unadkat,Mumbai Indians,0,7.67,50,16.67,0.63346985,bowl_pp,16169119.86,0.038574901
2022,JO Holder,Lucknow Super Giants,1,10,36.36,25.76,0.609652231,bowl_pp,108830614.4,0.005515645
2022,JR Hazlewood,Royal Challengers Bengaluru,7,6.88,51.33,17.33,1.342624399,bowl_pp,96392829.94,0.013714345
2022,K Gowtham,Lucknow Super Giants,0,11,41.67,41.67,0.462570637,bowl_pp,11194006.06,0.040687197
2022,K Rabada,Punjab Kings,10,8.38,46.15,22.44,1.572750952,bowl_pp,115049506.7,0.013459857
2022,Kartik Tyagi,Sunrisers Hyderabad,0,14,33.33,41.67,0.366856875,bowl_pp,49751138.03,0.007260372
2022,KH Pandya,Lucknow Super Giants,1,8.33,26.39,18.06,0.636360738,bowl_pp,102611722.2,0.006106209
2022,KK Ahmed,Delhi Capitals,5,6.38,51.04,13.54,1.166656122,bowl_pp,65298368.67,0.017591618
2022,KL Nagarkoti,Delhi Capitals,0,16,33.33,50,0.298541824,bowl_pp,13681562.96,0.021484968
2022,Kuldeep Yadav,Delhi Capitals,1,5.67,44.44,11.11,0.774610884,bowl_pp,2487556.902,0.306602592
2022,Kuldeep Yadav,Delhi Capitals,1,5.67,44.44,11.11,0.774610884,bowl_pp,24875569.02,0.030660259
2022,Lalit Yadav,Delhi Capitals,1,6.86,42.86,14.29,0.733644769,bowl_pp,8084559.93,0.089350028
2022,LH Ferguson,Gujarat Titans,6,8.46,42.31,23.08,1.163273012,bowl_pp,124377845.1,0.009208818
2022,M Ashwin,Mumbai Indians,2,7.75,38.89,16.67,0.792318312,bowl_pp,19900455.21,0.039201432
2022,M Jansen,Sunrisers Hyderabad,5,7.52,50,16.67,1.128721687,bowl_pp,52238694.93,0.021274522
2022,M Markande,Mumbai Indians,0,4.5,33.33,0,0.697044083,bowl_pp,8084559.93,0.084892458
2022,M Prasidh Krishna,Rajasthan Royals,10,6.92,58.8,18.98,1.656572379,bowl_pp,124377845.1,0.013113923
2022,M Theekshana,Chennai Super Kings,6,8.2,30,16.67,1.146630438,bowl_pp,8706449.156,0.12967243
2022,MJ Santner,Chennai Super Kings,0,7.25,43.75,18.75,0.617172177,bowl_pp,23631790.57,0.025714315
2022,MK Lomror,Royal Challengers Bengaluru,0,9,25,16.67,0.5219165,bowl_pp,11815895.28,0.043491025
2022,Mohammed Shami,Gujarat Titans,9,7.38,56.25,19.44,1.538162732,bowl_pp,77736153.18,0.019482491
2022,MR Marsh,Delhi Capitals,1,3.75,50,4.17,0.855373408,bowl_pp,80845599.3,0.010417526
2022,Mukesh Choudhary,Chennai Super Kings,6,9.68,43.94,25.76,1.133389129,bowl_pp,2487556.902,0.448612396
2022,NM Coulter-Nile,Rajasthan Royals,0,7,50,16.67,0.648802371,bowl_pp,24875569.02,0.02568057
2022,NT Ellis,Punjab Kings,0,8.5,58.33,25,0.618957735,bowl_pp,9328338.381,0.065331398
2022,OC McCoy,Rajasthan Royals,0,6,33.33,8.33,0.640171212,bowl_pp,9328338.381,0.067570495
2022,OF Smith,Punjab Kings,1,7.75,50,20.83,0.718743305,bowl_pp,74626707.05,0.009482979
2022,PH Solanki,Chennai Super Kings,0,6,0,0,0.554572158,bowl_pp,14925341.41,0.036584661
2022,PJ Cummins,Kolkata Knight Riders,1,11,33.33,29.17,0.567706821,bowl_pp,90173937.68,0.00619881
2022,PJ Sangwan,Gujarat Titans,1,7.67,38.89,19.44,0.688287825,bowl_pp,2487556.902,0.272434632
2022,PVD Chameera,Lucknow Super Giants,4,8.52,49.28,23.19,0.987490008,bowl_pp,24875569.02,0.039086334
2022,PWH de Silva,Royal Challengers Bengaluru,2,7.71,42.86,19.05,0.799673281,bowl_pp,133706183.5,0.005888794
2022,R Ashwin,Rajasthan Royals,3,8.07,33.33,16.67,0.865318699,bowl_pp,62188922.54,0.013700244
2022,R Dhawan,Punjab Kings,4,7.38,41.67,14.58,1.012190309,bowl_pp,6840781.479,0.145687304
2022,R Parag,Rajasthan Royals,1,12,33.33,33.33,0.533562829,bowl_pp,47263581.13,0.011115377
2022,R Sai Kishore,Gujarat Titans,0,6,16.67,0,0.608661074,bowl_pp,37313353.52,0.016061145
2022,R Shepherd,Sunrisers Hyderabad,2,5.67,66.67,16.67,0.93005516,bowl_pp,96392829.94,0.009500123
2022,R Tewatia,Gujarat Titans,0,9,33.33,16.67,0.548944735,bowl_pp,111940060.6,0.004828457
2022,Rasikh Salam,Kolkata Knight Riders,0,6.67,38.89,16.67,0.620305748,bowl_pp,2487556.902,0.245526307
2022,RD Chahar,Punjab Kings,4,7.83,41.67,11.11,1.011284396,bowl_pp,65298368.67,0.01524882
2022,RP Meredith,Mumbai Indians,1,7.13,54.17,16.67,0.757721582,bowl_pp,12437784.51,0.059983511
2022,S Gopal,Sunrisers Hyderabad,0,1,83.33,0,0.939373646,bowl_pp,9328338.381,0.09915151
2022,SA Abbott,Sunrisers Hyderabad,1,8.5,41.67,25,0.663265102,bowl_pp,29850682.82,0.021877522
2022,Sandeep Sharma,Punjab Kings,1,5,58.33,10,0.838016467,bowl_pp,6218892.254,0.132679789
2022,Shahbaz Ahmed,Royal Challengers Bengaluru,1,9.3,31.67,21.67,0.621523873,bowl_pp,29850682.82,0.020500705
2022,Shivam Mavi,Kolkata Knight Riders,1,10.11,40.74,25.93,0.620886547,bowl_pp,90173937.68,0.006779481
2022,Simarjeet Singh,Chennai Super Kings,3,8.47,50,22.22,0.895232006,bowl_pp,2487556.902,0.354346239
2022,Simarjeet Singh,Chennai Super Kings,3,8.47,50,22.22,0.895232006,bowl_pp,2487556.902,0.354346239
2022,SN Thakur,Delhi Capitals,4,9,34.31,21.57,0.932317326,bowl_pp,133706183.5,0.006865584
2022,TG Southee,Kolkata Knight Riders,3,7.92,47.22,20.83,0.90256041,bowl_pp,18656676.76,0.047632924
2022,Tilak Varma,Mumbai Indians,0,6,50,16.67,0.671686731,bowl_pp,2487556.902,0.26586367
2022,TS Mills,Mumbai Indians,3,9.6,46.67,26.67,0.846523316,bowl_pp,18656676.76,0.044675548
2022,TU Deshpande,Chennai Super Kings,0,9.5,45.83,33.33,0.532968468,bowl_pp,2487556.902,0.210956904
2022,UT Yadav,Kolkata Knight Riders,4,7.89,46.49,20.18,1.001001474,bowl_pp,24875569.02,0.039621138
2022,VG Arora,Punjab Kings,3,7.44,46.3,20.37,0.911804847,bowl_pp,24875569.02,0.036090602
2022,VR Aaron,Gujarat Titans,1,9.5,33.33,25,0.61332006,bowl_pp,6218892.254,0.097104507
2022,Washington Sundar,Sunrisers Hyderabad,3,7.33,38.89,15.28,0.904055813,bowl_pp,108830614.4,0.008179173
2022,Yash Dayal,Gujarat Titans,6,9.19,47.92,27.08,1.153943548,bowl_pp,39800910.43,0.028546759
2022,YS Chahal,Rajasthan Royals,1,7.67,27.78,14.81,0.664771117,bowl_pp,80845599.3,0.008096196
2023,A Mishra,Lucknow Super Giants,0,9.33,16.67,16.67,0.558750209,bowl_pp,5915430.661,0.093002919
2023,A Zampa,Rajasthan Royals,2,7.5,35.42,16.67,0.861621837,bowl_pp,17746291.98,0.04780511
2023,AJ Hosein,Sunrisers Hyderabad,0,10.33,22.22,27.78,0.530525861,bowl_pp,11830861.32,0.044152515
2023,Arshdeep Singh,Punjab Kings,6,11,43.86,35.09,1.195797228,bowl_pp,2366172.265,0.497595488
2023,Arshdeep Singh,Punjab Kings,6,11,43.86,35.09,1.195797228,bowl_pp,7098516.794,0.165865163
2023,AU Rashid,Sunrisers Hyderabad,0,9,25,16.67,0.591080881,bowl_pp,23661722.65,0.024596075
2023,BA Stokes,Chennai Super Kings,0,18,0,50,0.261524779,bowl_pp,192251496.5,0.001339394
2023,D Jansen,Mumbai Indians,0,16,33.33,33.33,0.443538918,bowl_pp,2366172.265,0.184565543
2023,D Wiese,Kolkata Knight Riders,0,11.5,25,25,0.523434816,bowl_pp,11830861.32,0.043562369
2023,H Sharma,Royal Challengers Bengaluru,0,8,16.67,16.67,0.58419745,bowl_pp,2366172.265,0.243096411
2023,I Sharma,Delhi Capitals,6,8.36,46.43,25,1.27833487,bowl_pp,5915430.661,0.21277643
2023,J Little,Gujarat Titans,3,8,44.87,19.23,0.980129367,bowl_pp,52055789.82,0.018538714
2023,JD Unadkat,Lucknow Super Giants,0,10,33.33,22.22,0.584763637,bowl_pp,5915430.661,0.097332805
2023,JO Holder,Rajasthan Royals,0,9,40,26.67,0.61414467,bowl_pp,68027452.61,0.008888976
2023,K Khejroliya,Kolkata Knight Riders,0,13.5,25,41.67,0.44551869,bowl_pp,2366172.265,0.185389366
2023,KM Asif,Rajasthan Royals,1,10.75,41.67,29.17,0.684579424,bowl_pp,3549258.397,0.189911592
2023,M Markande,Sunrisers Hyderabad,0,10.75,12.5,25,0.498744104,bowl_pp,5915430.661,0.083015016
2023,Mayank Dagar,Sunrisers Hyderabad,0,11,50,33.33,0.591269859,bowl_pp,21295550.38,0.027337709
2023,MM Sharma,Gujarat Titans,2,8.25,45.83,25,0.859972044,bowl_pp,5915430.661,0.143140726
2023,Mukesh Kumar,Delhi Capitals,1,8.75,40.28,22.22,0.735035206,bowl_pp,65069737.28,0.011122293
2023,Nithish Kumar Reddy,Sunrisers Hyderabad,0,9,38.89,22.22,0.621262186,bowl_pp,2366172.265,0.2585198
2023,RJW Topley,Royal Challengers Bengaluru,1,7,58.33,25,0.818280899,bowl_pp,22478636.51,0.035842451
2023,Sandeep Sharma,Rajasthan Royals,2,8,42.06,19.84,0.865253758,bowl_pp,2366172.265,0.360049643
2023,Sikandar Raza,Punjab Kings,0,14,33.33,41.67,0.461968754,bowl_pp,5915430.661,0.076893828
2023,SM Curran,Punjab Kings,0,9.07,30.95,22.62,0.59417283,bowl_pp,218870934.5,0.002672945
2023,VG Arora,Kolkata Knight Riders,2,7,40.48,9.52,0.903998404,bowl_pp,7098516.794,0.125390692
2023,Yash Thakur,Lucknow Super Giants,2,9,38.1,16.67,0.841292259,bowl_pp,5323887.595,0.155590568
2024,A Kamboj,Mumbai Indians,1,11.83,30.56,27.78,0.65345497,bowl_pp,2217593.5,0.290134234
2024,Arshad Khan,Lucknow Super Giants,0,11.25,37.5,33.33,0.569767163,bowl_pp,2217593.5,0.252976819
2024,Arshdeep Singh,Punjab Kings,6,9.04,40.67,24,1.251402007,bowl_pp,2217593.5,0.555622926
2024,AS Joseph,Royal Challengers Bengaluru,0,11.67,44.44,27.78,0.596267577,bowl_pp,127511626.3,0.004604226
2024,Azmatullah Omarzai,Gujarat Titans,2,10.67,37.5,30.56,0.790563828,bowl_pp,5543983.75,0.140404246
2024,G Coetzee,Mumbai Indians,2,11.22,44.44,31.48,0.801943487,bowl_pp,55439837.5,0.014242527
2024,HV Patel,Punjab Kings,1,10.14,45.24,26.19,0.72871789,bowl_pp,130283618.1,0.005507251
2024,JA Richardson,Delhi Capitals,0,13,50,33.33,0.58190664,bowl_pp,55439837.5,0.01033467
2024,JD Unadkat,Sunrisers Hyderabad,0,10.4,13.33,16.67,0.540971914,bowl_pp,17740748,0.030023965
2024,Kartik Tyagi,Gujarat Titans,0,10,33.33,16.67,0.609766692,bowl_pp,6652780.5,0.090245541
2024,LH Ferguson,Royal Challengers Bengaluru,2,14,23.33,43.33,0.668932397,bowl_pp,22175935,0.029700622
2024,M Siddharth,Lucknow Super Giants,1,9.68,32.26,19.35,0.709037564,bowl_pp,26611122,0.02623441
2024,MJ Suthar,Gujarat Titans,0,13,33.33,33.33,0.529710098,bowl_pp,2217593.5,0.235191468
2024,Mohammad Nabi,Mumbai Indians,0,6.75,25,8.33,0.650732745,bowl_pp,16631951.25,0.038523409
2024,N Burger,Rajasthan Royals,4,10.45,45.45,30.3,1.025611056,bowl_pp,5543983.75,0.182148666
2024,N Thushara,Mumbai Indians,2,11.25,27.08,33.33,0.743373533,bowl_pp,53222244,0.013752421
2024,Naman Dhir,Mumbai Indians,0,6,50,16.67,0.723677751,bowl_pp,2217593.5,0.321313173
2024,PJ Cummins,Sunrisers Hyderabad,6,9.65,45,26.67,1.250136261,bowl_pp,227303333.8,0.005415229
2024,Rasikh Salam,Delhi Capitals,0,14.33,22.22,50,0.440611787,bowl_pp,2217593.5,0.195631787
2024,S Gopal,Mumbai Indians,1,10,8.33,8.33,0.651509719,bowl_pp,2217593.5,0.289270542
2024,Sandeep Sharma,Rajasthan Royals,4,7.73,42.22,20,1.078341908,bowl_pp,2217593.5,0.478784182
2024,SH Johnson,Gujarat Titans,1,9.33,41.67,25,0.732449009,bowl_pp,110879675,0.006504152
2024,Simarjeet Singh,Chennai Super Kings,1,8,41.67,8.33,0.786760062,bowl_pp,2217593.5,0.349321741
2024,Simarjeet Singh,Chennai Super Kings,1,8,41.67,8.33,0.786760062,bowl_pp,2217593.5,0.349321741
2024,SN Thakur,Chennai Super Kings,0,10.89,27.78,31.48,0.548636581,bowl_pp,44351870,0.012179742
2024,Sumit Kumar,Delhi Capitals,0,5,16.67,0,0.668535585,bowl_pp,11087967.5,0.059366006
2024,UT Yadav,Gujarat Titans,4,9.71,44.05,28.57,1.036151411,bowl_pp,64310211.5,0.015863848
2024,Yash Dayal,Royal Challengers Bengaluru,6,9.23,42.22,25,1.251296822,bowl_pp,55439837.5,0.022223049
2025,A Kamboj,Chennai Super Kings,7,8.1,42.86,19.84,1.42611915,bowl_pp,35683000,0.039351356
2025,A Nortje,Kolkata Knight Riders,0,13.33,38.89,38.89,0.486437099,bowl_pp,68217500,0.007020954
2025,A Zampa,Sunrisers Hyderabad,0,19,16.67,50,0.252557334,bowl_pp,25188000,0.0098726
2025,Abhishek Sharma,Sunrisers Hyderabad,0,10,41.67,25,0.60328829,bowl_pp,3148500,0.188662875
2025,Abhishek Sharma,Sunrisers Hyderabad,0,10,41.67,25,0.60328829,bowl_pp,39881000,0.014894437
2025,AK Markram,Lucknow Super Giants,1,12,33.33,25,0.638227936,bowl_pp,20990000,0.029938402
2025,Akash Deep,Lucknow Super Giants,2,12,34.85,36.36,0.72402923,bowl_pp,83960000,0.008490806
2025,Akash Madhwal,Rajasthan Royals,0,13,16.67,33.33,0.422272506,bowl_pp,12594000,0.033013713
2025,Arshad Khan,Gujarat Titans,5,10,40.2,26.47,1.140138791,bowl_pp,102326250,0.01097074
2025,Arshad Khan,Gujarat Titans,5,10,40.2,26.47,1.140138791,bowl_pp,13643500,0.082280548
2025,Arshdeep Singh,Punjab Kings,5,9.11,43.52,25.93,1.173098897,bowl_pp,188910000,0.006114274
2025,Arshdeep Singh,Punjab Kings,5,9.11,43.52,25.93,1.173098897,bowl_pp,3148500,0.366856467
2025,Arshdeep Singh,Punjab Kings,5,9.11,43.52,25.93,1.173098897,bowl_pp,3148500,0.366856467
2025,AS Roy,Kolkata Knight Riders,0,6,33.33,8.33,0.698683604,bowl_pp,4198000,0.163871477
2025,Ashwani Kumar,Mumbai Indians,3,12.2,33.33,33.33,0.831034311,bowl_pp,3148500,0.259884577
2025,Azmatullah Omarzai,Punjab Kings,0,10.89,33.33,25.93,0.550010944,bowl_pp,25188000,0.02150022
2025,B Kumar,Royal Challengers Bengaluru,8,9.24,46.03,25.4,1.509154814,bowl_pp,112821250,0.013170678
2025,DL Chahar,Mumbai Indians,7,9.57,41.67,24.44,1.37863045,bowl_pp,97078750,0.013982632
2025,E Malinga,Sunrisers Hyderabad,2,9.14,33.33,23.81,0.810956454,bowl_pp,12594000,0.063401436
2025,Fazalhaq Farooqi,Rajasthan Royals,0,10.33,33.33,25.93,0.561837354,bowl_pp,20990000,0.026355024
2025,G Coetzee,Gujarat Titans,0,14,16.67,50,0.358150285,bowl_pp,25188000,0.014000285
2025,HV Patel,Sunrisers Hyderabad,3,9.55,37.88,24.24,0.927951205,bowl_pp,83960000,0.010882231
2025,I Sharma,Gujarat Titans,1,11.67,38.89,33.33,0.645096606,bowl_pp,7871250,0.08069494
2025,J Overton,Chennai Super Kings,0,14,23.33,30,0.435364303,bowl_pp,15742500,0.027229795
2025,JD Unadkat,Sunrisers Hyderabad,3,8,32.05,19.23,0.951182227,bowl_pp,10495000,0.089237323
2025,JR Hazlewood,Royal Challengers Bengaluru,9,7.43,52.38,20.63,1.693371604,bowl_pp,131187500,0.012709401
2025,K Khejroliya,Gujarat Titans,1,8,33.33,16.67,0.744191214,bowl_pp,3148500,0.232726636
2025,K Rabada,Gujarat Titans,1,11.5,31.25,29.17,0.630028439,bowl_pp,112821250,0.005498377
2025,KH Pandya,Royal Challengers Bengaluru,4,8,33.33,16.67,1.071969728,bowl_pp,60346250,0.017490309
2025,KK Ahmed,Chennai Super Kings,5,9.79,46.53,27.78,1.165544807,bowl_pp,50376000,0.022780882
2025,KT Maphaka,Rajasthan Royals,1,10.33,44.44,33.33,0.6947455,bowl_pp,15742500,0.043452752
2025,L Ngidi,Royal Challengers Bengaluru,2,10,44.44,27.78,0.825291485,bowl_pp,10495000,0.077426597
2025,LH Ferguson,Punjab Kings,1,7.5,50,15,0.823185498,bowl_pp,20990000,0.03861451
2025,LS Livingstone,Royal Challengers Bengaluru,0,10,0,16.67,0.464479224,bowl_pp,91831250,0.004980134
2025,M Jansen,Punjab Kings,4,9.68,43.86,26.32,1.052103639,bowl_pp,73465000,0.014100785
2025,M Prasidh Krishna,Gujarat Titans,4,8.89,35.96,21.05,1.051992288,bowl_pp,99702500,0.010388952
2025,M Siddharth,Lucknow Super Giants,1,11,33.33,27.78,0.652174955,bowl_pp,7871250,0.081580368
2025,M Theekshana,Rajasthan Royals,1,9.38,30.21,21.88,0.68960516,bowl_pp,46178000,0.014703835
2025,MA Starc,Delhi Capitals,5,13.33,38.89,38.89,1.032734622,bowl_pp,3148500,0.322961155
2025,MJ Santner,Mumbai Indians,0,9.22,29.63,22.22,0.580616362,bowl_pp,20990000,0.027235922
2025,MM Ali,Kolkata Knight Riders,4,7.45,33.33,12.12,1.095322597,bowl_pp,20990000,0.05138009
2025,MM Sharma,Delhi Capitals,0,8.33,38.89,22.22,0.635033681,bowl_pp,23089000,0.027080513
2025,Mohammed Shami,Sunrisers Hyderabad,4,12.29,32.14,34.52,0.930745553,bowl_pp,104950000,0.008732001
2025,MP Stoinis,Punjab Kings,1,13.13,31.25,25,0.606362494,bowl_pp,115445000,0.005171571
2025,Mukesh Choudhary,Chennai Super Kings,1,12,29.17,37.5,0.589978792,bowl_pp,3148500,0.184500672
2025,Mukesh Kumar,Delhi Capitals,3,8.79,37.72,21.05,0.951615087,bowl_pp,83960000,0.011159742
2025,N Thushara,Royal Challengers Bengaluru,1,6,58.33,16.67,0.882599491,bowl_pp,16792000,0.051751924
2025,NT Ellis,Chennai Super Kings,0,9,16.67,16.67,0.549724701,bowl_pp,20990000,0.025786836
2025,Prince Yadav,Lucknow Super Giants,0,8.25,58.33,25,0.704334241,bowl_pp,3148500,0.220262394
2025,PVD Chameera,Delhi Capitals,0,13.5,27.78,30.56,0.46159742,bowl_pp,7871250,0.057741082
2025,PVSN Raju,Mumbai Indians,0,13,0,33.33,0.358145619,bowl_pp,3148500,0.112000818
2025,PWH de Silva,Rajasthan Royals,2,5.67,38.89,11.11,0.938388629,bowl_pp,55098750,0.016768964
2025,R Ashwin,Chennai Super Kings,1,11,29.49,28.21,0.636293803,bowl_pp,102326250,0.0061226
2025,R Sai Kishore,Gujarat Titans,0,12,33.33,33.33,0.507479515,bowl_pp,20990000,0.023805172
2025,R Shepherd,Royal Challengers Bengaluru,0,15,33.33,50,0.401120113,bowl_pp,15742500,0.025087997
2025,Rasikh Salam,Royal Challengers Bengaluru,0,13,41.67,41.67,0.496928888,bowl_pp,62970000,0.007770086
2025,RJW Topley,Mumbai Indians,0,10.5,33.33,25,0.560646317,bowl_pp,7871250,0.070131078
2025,Sandeep Sharma,Rajasthan Royals,2,7.31,35.9,15.38,0.88123675,bowl_pp,27287000,0.031798165
2025,SH Johnson,Kolkata Knight Riders,0,12.83,33.33,36.11,0.482779513,bowl_pp,29386000,0.016176092
2025,Shahbaz Ahmed,Lucknow Super Giants,0,10,25,25,0.539161403,bowl_pp,25188000,0.021076105
2025,Simarjeet Singh,Sunrisers Hyderabad,2,15.2,36.67,46.67,0.63685427,bowl_pp,5247500,0.119495863
2025,Simarjeet Singh,Sunrisers Hyderabad,2,15.2,36.67,46.67,0.63685427,bowl_pp,15742500,0.039831954
2025,SM Curran,Chennai Super Kings,0,9.67,33.33,22.22,0.585346318,bowl_pp,25188000,0.022881498
2025,TU Deshpande,Rajasthan Royals,3,10.92,30.56,31.94,0.850996135,bowl_pp,68217500,0.01228279
2025,V Nigam,Delhi Capitals,6,11.27,33.33,26.67,1.195633929,bowl_pp,5247500,0.224342231
2025,V Puthur,Mumbai Indians,1,7,66.67,16.67,0.893563578,bowl_pp,3148500,0.279438995
2025,VG Arora,Kolkata Knight Riders,3,11.13,33.33,30,0.86222161,bowl_pp,18891000,0.0449396
2025,Vijaykumar Vyshak,Punjab Kings,1,5.67,44.44,5.56,0.864796453,bowl_pp,18891000,0.045073803
2025,Washington Sundar,Gujarat Titans,0,21,16.67,66.67,0.167316522,bowl_pp,33584000,0.004905369
2025,WG Jacks,Mumbai Indians,3,10.4,26.67,26.67,0.860608608,bowl_pp,55098750,0.015379039
2025,XC Bartlett,Punjab Kings,2,9,52.08,25,0.882971534,bowl_pp,8396000,0.103547477
2025,Yash Thakur,Punjab Kings,0,13.67,38.89,38.89,0.479256778,bowl_pp,16792000,0.028101603
2025,YS Chahal,Punjab Kings,2,7.83,13.89,11.11,0.796601378,bowl_pp,188910000,0.004151943
2025,Zeeshan Ansari,Sunrisers Hyderabad,1,7.8,30,10,0.752811554,bowl_pp,4198000,0.176566819
2013,AM Nayar,Lucknow Super Giants,1,7.43,23.81,7.14,0.869828701,bowl_mid,83114359.62,0.010405311
2013,B Laughlin,Chennai Super Kings,1,6.75,25,8.33,0.894967774,bowl_mid,2462647.692,0.36132873
2013,CH Morris,Chennai Super Kings,4,6.88,40.63,13.54,1.129917305,bowl_mid,76957740.39,0.014597945
2013,DJG Sammy,Sunrisers Hyderabad,7,5.77,43.59,10.26,1.393185226,bowl_mid,52331263.46,0.026469456
2013,DP Nannes,Chennai Super Kings,0,10.67,27.78,22.22,0.654481026,bowl_mid,73879430.77,0.00880787
2013,DT Christian,Royal Challengers Bengaluru,0,5,16.67,0,0.887128368,bowl_mid,12313238.46,0.071632739
2013,J Botha,Delhi Capitals,4,6.75,34.72,11.11,1.12255486,bowl_mid,55409573.08,0.020142815
2013,JD Unadkat,Royal Challengers Bengaluru,5,8.64,28.57,17.86,1.083426789,bowl_mid,64644501.92,0.016663467
2013,JDP Oram,Mumbai Indians,0,8,50,16.67,0.838056065,bowl_mid,6156619.231,0.13534062
2013,JO Holder,Chennai Super Kings,0,7.33,30.56,11.11,0.815796975,bowl_mid,2462647.692,0.329364804
2013,JP Faulkner,Rajasthan Royals,7,7.06,39.22,13.73,1.322641512,bowl_mid,49252953.85,0.026699753
2013,KW Richardson,Lucknow Super Giants,0,9.33,16.67,11.11,0.698781651,bowl_mid,86192669.23,0.008060622
2013,MC Henriques,Royal Challengers Bengaluru,1,14,12.5,33.33,0.521636012,bowl_mid,36939715.39,0.014040139
2013,MS Gony,Punjab Kings,7,9,37.3,21.43,1.224462507,bowl_mid,61566192.31,0.019774275
2013,NLTC Perera,Sunrisers Hyderabad,4,6.9,34.13,11.9,1.113004073,bowl_mid,83114359.62,0.013314292
2013,NM Coulter-Nile,Mumbai Indians,0,12,0,33.33,0.486119219,bowl_mid,55409573.08,0.008722789
2013,SMSM Senanayake,Kolkata Knight Riders,4,9.44,25.93,18.52,0.975995054,bowl_mid,76957740.39,0.01260935
2014,A Mishra,Sunrisers Hyderabad,3,8.11,32.1,14.2,1.039157487,bowl_mid,92008373.23,0.011229267
2014,A Mishra,Sunrisers Hyderabad,3,8.11,32.1,14.2,1.039157487,bowl_mid,1937018.384,0.533390175
2014,A Mishra,Sunrisers Hyderabad,3,8.11,32.1,14.2,1.039157487,bowl_mid,1937018.384,0.533390175
2014,A Nehra,Chennai Super Kings,0,16.5,16.67,41.67,0.402247041,bowl_mid,38740367.67,0.010323489
2014,AB Dinda,Royal Challengers Bengaluru,1,6.07,36.9,3.57,0.998460361,bowl_mid,29055275.76,0.034166714
2014,AD Russell,Kolkata Knight Riders,1,10,25,25,0.769116246,bowl_mid,11622110.3,0.06579674
2014,AR Patel,Punjab Kings,10,6.02,41.47,10.47,1.688713632,bowl_mid,14527637.88,0.115573532
2014,B Kumar,Sunrisers Hyderabad,4,7.36,36.36,15.91,1.15077124,bowl_mid,82323281.31,0.013898365
2014,BCJ Cutting,Rajasthan Royals,1,7,58.33,25,0.981668652,bowl_mid,15496147.07,0.062985209
2014,BE Hendricks,Punjab Kings,0,8,16.67,0,0.798631762,bowl_mid,34866330.91,0.022773916
2014,BW Hilfenhaus,Chennai Super Kings,2,12.5,29.17,29.17,0.765453055,bowl_mid,19370183.84,0.039290016
2014,CJ Anderson,Mumbai Indians,0,9.8,13.33,20,0.673060229,bowl_mid,87165827.27,0.007677239
2014,DJG Sammy,Sunrisers Hyderabad,2,11.91,22.73,27.27,0.768517354,bowl_mid,67795643.43,0.011270658
2014,DR Smith,Chennai Super Kings,4,10.22,24.07,22.22,0.996822399,bowl_mid,87165827.27,0.011370221
2014,DS Kulkarni,Rajasthan Royals,1,9,25,19.44,0.81753563,bowl_mid,21307202.22,0.038148516
2014,HV Patel,Royal Challengers Bengaluru,1,10.5,30.56,25,0.771237732,bowl_mid,7748073.535,0.098967345
2014,I Sharma,Sunrisers Hyderabad,1,9.43,35.71,19.05,0.84044554,bowl_mid,50362477.98,0.016592043
2014,IC Pandey,Chennai Super Kings,2,7.42,34.72,16.67,0.987415499,bowl_mid,29055275.76,0.033788765
2014,IK Pathan,Sunrisers Hyderabad,1,8.79,27.38,17.86,0.836863332,bowl_mid,46488441.21,0.0178981
2014,Iqbal Abdulla,Rajasthan Royals,0,9,16.67,16.67,0.720042373,bowl_mid,12590619.49,0.056860194
2014,JD Unadkat,Delhi Capitals,3,7.44,29.63,12.96,1.056505982,bowl_mid,54236514.74,0.019367679
2014,JDS Neesham,Delhi Capitals,1,9.33,27.78,19.44,0.815930709,bowl_mid,19370183.84,0.041880988
2014,JH Kallis,Kolkata Knight Riders,2,8.86,25,19.05,0.900135954,bowl_mid,106536011.1,0.008400576
2014,JJ Bumrah,Mumbai Indians,2,7.56,38.89,16.67,0.996837003,bowl_mid,23244220.6,0.042638954
2014,JO Holder,Sunrisers Hyderabad,0,14,0,33.33,0.451885036,bowl_mid,14527637.88,0.030926469
2014,JP Duminy,Delhi Capitals,3,7.5,25.83,10.83,1.047454359,bowl_mid,42614404.44,0.024438586
2014,JW Hastings,Chennai Super Kings,1,3,66.67,0,1.211014001,bowl_mid,9685091.919,0.124320515
2014,K Santokie,Mumbai Indians,1,7,50,16.67,0.976150313,bowl_mid,5811055.151,0.167016387
2014,KK Cooper,Rajasthan Royals,1,10.2,26.67,20,0.781671267,bowl_mid,5811055.151,0.133741606
2014,KV Sharma,Sunrisers Hyderabad,11,8.34,35.24,16.19,1.651707458,bowl_mid,72638189.39,0.022608175
2014,KW Richardson,Rajasthan Royals,1,7,36.67,10,0.949233937,bowl_mid,19370183.84,0.048723323
2014,L Balaji,Punjab Kings,4,7.79,35.71,11.9,1.145137013,bowl_mid,34866330.91,0.032654917
2014,LR Shukla,Delhi Capitals,1,8.63,43.75,22.92,0.883752342,bowl_mid,29055275.76,0.030241474
2014,M de Lange,Mumbai Indians,1,6,33.33,8.33,0.975807101,bowl_mid,5811055.151,0.166957664
2014,M Morkel,Kolkata Knight Riders,5,8.62,38.46,20.51,1.180265613,bowl_mid,54236514.74,0.021636418
2014,M Muralitharan,Royal Challengers Bengaluru,2,7.63,27.08,10.42,0.971582248,bowl_mid,19370183.84,0.049870441
2014,M Vijay,Delhi Capitals,0,13,33.33,50,0.552527249,bowl_mid,96850919.19,0.005672145
2014,MC Henriques,Sunrisers Hyderabad,0,6.5,25,8.33,0.854131307,bowl_mid,19370183.84,0.04384179
2014,MG Johnson,Punjab Kings,2,8,40.91,15.15,0.993127154,bowl_mid,125906194.9,0.007842511
2014,MK Tiwary,Delhi Capitals,0,11,50,33.33,0.720749328,bowl_mid,54236514.74,0.013212648
2014,MM Sharma,Chennai Super Kings,4,5.77,37.18,5.13,1.235795176,bowl_mid,38740367.67,0.031716126
2014,Mohammed Shami,Delhi Capitals,3,6.18,39.39,7.58,1.146069619,bowl_mid,82323281.31,0.013841581
2014,P Negi,Chennai Super Kings,0,12,16.67,26.67,0.59292424,bowl_mid,1937018.384,0.30434267
2014,P Suyal,Mumbai Indians,1,1,83.33,0,1.333933716,bowl_mid,1937018.384,0.684696158
2014,Parvez Rasool,Sunrisers Hyderabad,1,9.17,25,16.67,0.819393228,bowl_mid,18401674.65,0.044272333
2014,PJ Cummins,Kolkata Knight Riders,0,9,16.67,16.67,0.720042373,bowl_mid,19370183.84,0.036959126
2014,PP Ojha,Mumbai Indians,1,8.85,29.63,14.81,0.850747163,bowl_mid,62953097.47,0.013436334
2014,PV Tambe,Rajasthan Royals,14,7.18,29.17,10.42,1.916152769,bowl_mid,1937018.384,0.983543952
2014,R Bhatia,Rajasthan Royals,11,7.65,24.02,10.78,1.651488476,bowl_mid,32929312.52,0.049864362
2014,R Dhawan,Punjab Kings,10,7,32.84,9.8,1.628726212,bowl_mid,58110551.51,0.027867016
2014,R Rampaul,Royal Challengers Bengaluru,0,6,50,16.67,0.932594779,bowl_mid,17433165.45,0.053188055
2014,R Shukla,Delhi Capitals,0,10,16.67,16.67,0.686721569,bowl_mid,7748073.535,0.088121998
2014,R Tewatia,Rajasthan Royals,2,7.71,33.33,14.29,0.979520055,bowl_mid,1937018.384,0.502778819
2014,RG Sharma,Mumbai Indians,1,8.67,22.22,16.67,0.826662685,bowl_mid,36803349.29,0.022332553
2014,RN ten Doeschate,Kolkata Knight Riders,1,7,43.33,13.33,0.962688812,bowl_mid,19370183.84,0.049413949
2014,S Badree,Chennai Super Kings,1,9.67,22.22,16.67,0.793341881,bowl_mid,5811055.151,0.135738413
2014,S Gopal,Mumbai Indians,5,8.17,33.33,13.89,1.195907729,bowl_mid,1937018.384,0.613848662
2014,S Kaul,Delhi Capitals,1,12.6,16.67,30,0.640765242,bowl_mid,8716582.727,0.073088672
2014,S Nadeem,Delhi Capitals,5,8.12,28.67,12,1.186964545,bowl_mid,16464656.26,0.071677436
2014,S Rana,Royal Challengers Bengaluru,0,8,25,16.67,0.78150223,bowl_mid,3874036.767,0.200569027
2014,Sandeep Sharma,Punjab Kings,0,10,16.67,16.67,0.686721569,bowl_mid,16464656.26,0.041469176
2014,Sandeep Sharma,Punjab Kings,0,10,16.67,16.67,0.686721569,bowl_mid,1937018.384,0.352487994
2014,SB Jakati,Royal Challengers Bengaluru,0,4,33.33,0,0.988193085,bowl_mid,3874036.767,0.253615304
2014,Shakib Al Hasan,Kolkata Knight Riders,6,6.77,31.67,8.89,1.32740351,bowl_mid,54236514.74,0.024333724
2014,TG Southee,Rajasthan Royals,0,12,16.67,33.33,0.574838531,bowl_mid,23244220.6,0.024588287
2014,UT Yadav,Kolkata Knight Riders,3,8.67,30.56,18.06,1.004813551,bowl_mid,50362477.98,0.01983699
2014,V Shankar,Chennai Super Kings,0,19,16.67,50,0.296324316,bowl_mid,1937018.384,0.152100602
2014,VR Aaron,Royal Challengers Bengaluru,5,8.18,40.91,21.21,1.201302059,bowl_mid,38740367.67,0.030830876
2014,VS Malik,Rajasthan Royals,1,5,16.67,0,0.975470513,bowl_mid,3874036.767,0.250350113
2014,WD Parnell,Delhi Capitals,1,7.44,33.33,14.81,0.910228236,bowl_mid,19370183.84,0.046721195
2014,Y Venugopal Rao,Sunrisers Hyderabad,0,7,33.33,16.67,0.842962088,bowl_mid,10653601.11,0.078669972
2014,YK Pathan,Kolkata Knight Riders,0,10,16.67,16.67,0.686721569,bowl_mid,62953097.47,0.010845784
2014,YS Chahal,Royal Challengers Bengaluru,11,7.1,37.07,11.22,1.712703457,bowl_mid,1937018.384,0.879115253
2014,Yuvraj Singh,Royal Challengers Bengaluru,5,8.55,24.53,15.09,1.150260406,bowl_mid,271182573.7,0.004217274
2014,Z Khan,Mumbai Indians,0,8.33,38.89,16.67,0.817427307,bowl_mid,50362477.98,0.016137618
2015,A Mishra,Delhi Capitals,9,7.48,32.32,11.11,1.533328216,bowl_mid,61093668.04,0.024953778
2015,AD Mathews,Delhi Capitals,1,7.53,30,13.33,0.887142919,bowl_mid,130915003,0.006737543
2015,CH Morris,Rajasthan Royals,3,4.86,54.76,9.52,1.228577768,bowl_mid,24437467.22,0.049985477
2015,D Wiese,Royal Challengers Bengaluru,3,8.81,21.43,18.25,0.960004012,bowl_mid,48874934.44,0.019529191
2015,DJ Muthuswami,Delhi Capitals,0,8,66.67,33.33,0.867361819,bowl_mid,13091500.3,0.065873125
2015,DJG Sammy,Royal Challengers Bengaluru,0,9,8.33,16.67,0.675985282,bowl_mid,48874934.44,0.013751448
2015,GB Hogg,Kolkata Knight Riders,2,7.56,38.89,16.67,0.987024408,bowl_mid,8727666.863,0.112441625
2015,GS Sandhu,Delhi Capitals,0,9.67,11.11,16.67,0.663576972,bowl_mid,29674067.34,0.022233693
2015,HH Pandya,Mumbai Indians,1,9.64,29.76,22.62,0.792410134,bowl_mid,1745533.373,0.451356029
2015,J Suchith,Mumbai Indians,8,8.41,30.25,16.05,1.403704913,bowl_mid,1745533.373,0.799548931
2015,J Theron,Rajasthan Royals,0,4,33.33,0,0.971130655,bowl_mid,5236600.118,0.18438502
2015,JD Unadkat,Delhi Capitals,0,15,16.67,33.33,0.463584088,bowl_mid,19200867.1,0.024005185
2015,KC Cariappa,Kolkata Knight Riders,1,16,16.67,50,0.465613685,bowl_mid,41892800.94,0.011050546
2015,M Vijay,Punjab Kings,0,7.67,16.67,11.11,0.763319245,bowl_mid,52366001.18,0.014492863
2015,MJ McClenaghan,Mumbai Indians,5,8.73,31.82,18.18,1.156517276,bowl_mid,5236600.118,0.219583699
2015,P Kumar,Sunrisers Hyderabad,1,8.33,25,12.5,0.845659492,bowl_mid,38401734.2,0.021894855
2015,PP Ojha,Mumbai Indians,0,12,0,16.67,0.548365416,bowl_mid,8727666.863,0.06246968
2015,RS Bopara,Sunrisers Hyderabad,6,8.07,32.22,18.89,1.256586851,bowl_mid,17455333.73,0.071575063
2015,SA Abbott,Royal Challengers Bengaluru,0,9.5,33.33,25,0.724301315,bowl_mid,17455333.73,0.041256131
2015,Yuvraj Singh,Delhi Capitals,1,8.14,16.67,9.52,0.830868978,bowl_mid,279285339.6,0.002957888
2015,Z Khan,Delhi Capitals,0,8,16.67,16.67,0.737819679,bowl_mid,69821334.91,0.010506534
2016,A Mishra,Delhi Capitals,10,7.83,33.33,14.35,1.645843278,bowl_mid,1636386.4,1
2016,A Nehra,Sunrisers Hyderabad,2,7.2,40,16.67,1.028700617,bowl_mid,90001251.99,0.011364173
2016,A Zampa,Lucknow Super Giants,7,6.45,28.79,7.58,1.451818329,bowl_mid,4909159.2,0.294037379
2016,BCJ Cutting,Sunrisers Hyderabad,4,5.44,39.53,4.65,1.296494794,bowl_mid,8181932,0.157547783
2016,CH Morris,Delhi Capitals,2,6.13,33.33,8.33,1.067037936,bowl_mid,114547048,0.009261756
2016,CR Brathwaite,Delhi Capitals,7,8.53,28.43,15.69,1.345989687,bowl_mid,68728228.8,0.019471704
2016,DL Chahar,Lucknow Super Giants,0,7,33.33,16.67,0.842534803,bowl_mid,1636386.4,0.511916787
2016,DR Smith,Gujarat Titans,2,8.91,30.3,16.67,0.922549286,bowl_mid,37636887.2,0.024370995
2016,DS Kulkarni,Gujarat Titans,1,8.9,33.33,18.33,0.847841363,bowl_mid,32727728,0.02575705
2016,I Sharma,Lucknow Super Giants,1,12,8.33,33.33,0.577527028,bowl_mid,62182683.2,0.00923422
2016,IK Pathan,Lucknow Super Giants,0,7.75,33.33,12.5,0.826910287,bowl_mid,16363864,0.050242347
2016,Iqbal Abdulla,Royal Challengers Bengaluru,3,8.41,19.61,12.75,0.991246061,bowl_mid,1636386.4,0.602272449
2016,JO Holder,Kolkata Knight Riders,0,9.57,28.57,21.43,0.709810302,bowl_mid,11454704.8,0.061610649
2016,JW Hastings,Kolkata Knight Riders,0,4,33.33,0,1.008385283,bowl_mid,21273023.2,0.047129699
2016,KC Cariappa,Punjab Kings,3,8.67,33.33,13.89,1.035897823,bowl_mid,13091091.2,0.078675309
2016,KH Pandya,Mumbai Indians,5,6.86,26.98,7.14,1.264371413,bowl_mid,32727728,0.038411051
2016,KJ Abbott,Punjab Kings,2,12,33.33,33.33,0.76613105,bowl_mid,34364114.4,0.022166406
2016,KW Richardson,Royal Challengers Bengaluru,0,15,0,33.33,0.345302614,bowl_mid,32727728,0.010490143
2016,M Ashwin,Lucknow Super Giants,5,8.09,30.3,12.88,1.213819826,bowl_mid,73637388,0.016389029
2016,MM Sharma,Punjab Kings,0,8.5,27.78,18.06,0.757637374,bowl_mid,106365116,0.007082059
2016,MM Sharma,Punjab Kings,0,8.5,27.78,18.06,0.757637374,bowl_mid,1636386.4,0.460333851
2016,MM Sharma,Punjab Kings,0,8.5,27.78,18.06,0.757637374,bowl_mid,1636386.4,0.460333851
2016,MP Stoinis,Punjab Kings,4,8.36,25.76,18.18,1.085127546,bowl_mid,9000125.199,0.119875276
2016,MR Marsh,Lucknow Super Giants,1,7,22.22,11.11,0.895504355,bowl_mid,78546547.2,0.01133543
2016,NLTC Perera,Lucknow Super Giants,1,10.78,18.52,27.78,0.684301266,bowl_mid,16363864,0.041577547
2016,P Kumar,Gujarat Titans,0,14,25,33.33,0.489198768,bowl_mid,57273524,0.008492369
2016,P Negi,Delhi Capitals,1,8.2,23.33,13.33,0.847647598,bowl_mid,139092844,0.006059097
2016,P Sahu,Punjab Kings,3,8.55,21.84,14.94,0.988570639,bowl_mid,1636386.4,0.600646886
2016,PJ Sangwan,Gujarat Titans,0,12,16.67,33.33,0.530061758,bowl_mid,3272772.8,0.161030447
2016,PV Tambe,Gujarat Titans,4,9.08,25,16.67,1.059184207,bowl_mid,3272772.8,0.321775536
2016,R Bhatia,Lucknow Super Giants,5,7.15,25.93,9.88,1.240396764,bowl_mid,9818318.399,0.12560904
2016,R Sathish,Kolkata Knight Riders,1,9.83,22.22,16.67,0.770554773,bowl_mid,3272772.8,0.234091175
2016,S Ladda,Gujarat Titans,0,14,16.67,33.33,0.453935246,bowl_mid,1636386.4,0.275807091
2016,Sachin Baby,Royal Challengers Bengaluru,0,4,33.33,0,1.008385283,bowl_mid,1636386.4,0.61268609
2016,SB Jakati,Gujarat Titans,1,8.87,25.56,15.56,0.82467469,bowl_mid,3272772.8,0.250532569
2016,SM Boland,Lucknow Super Giants,0,10,0,16.67,0.587248616,bowl_mid,8181932,0.071361426
2016,SR Watson,Royal Challengers Bengaluru,6,7.26,35.09,14.04,1.344866169,bowl_mid,155456708,0.008601357
2016,STR Binny,Royal Challengers Bengaluru,0,8,16.67,16.67,0.733944504,bowl_mid,32727728,0.022296913
2016,TG Southee,Mumbai Indians,4,7.08,34.72,9.72,1.197996758,bowl_mid,40909660,0.029115695
2016,Yuvraj Singh,Sunrisers Hyderabad,0,7.67,19.44,8.33,0.784077515,bowl_mid,114547048,0.006805695
2017,A Choudhary,Royal Challengers Bengaluru,0,11.59,24.14,27.59,0.642748597,bowl_mid,31196004.19,0.020485169
2017,AD Mathews,Delhi Capitals,0,9.67,11.11,16.67,0.671041695,bowl_mid,31196004.19,0.021386904
2017,BA Stokes,Lucknow Super Giants,3,7.72,34.26,15.74,1.064962822,bowl_mid,226171030.4,0.004681606
2017,Basil Thampi,Gujarat Titans,2,8,25,13.89,0.942615743,bowl_mid,13258301.78,0.070687752
2017,CJ Anderson,Delhi Capitals,2,9,17.86,15.48,0.888128055,bowl_mid,15598002.1,0.056611413
2017,CR Woakes,Kolkata Knight Riders,5,7.29,35.71,15.48,1.255222092,bowl_mid,65511608.8,0.019050207
2017,DT Christian,Lucknow Super Giants,8,6.8,29.33,8.67,1.520708317,bowl_mid,15598002.1,0.096933597
2017,JD Unadkat,Lucknow Super Giants,2,6,41.67,11.11,1.059077347,bowl_mid,4679400.629,0.225027105
2017,K Rabada,Delhi Capitals,2,5,50,5.56,1.126403975,bowl_mid,77990010.48,0.014359938
2017,KV Sharma,Mumbai Indians,7,6.91,41.51,11.32,1.467944473,bowl_mid,49913606.71,0.02924072
2017,LH Ferguson,Lucknow Super Giants,2,3.2,63.33,0,1.232064828,bowl_mid,7799001.048,0.157069537
2017,MG Johnson,Mumbai Indians,1,6.29,42.86,11.9,0.967250712,bowl_mid,31196004.19,0.030827441
2017,MJ Henry,Punjab Kings,0,27,0,66.67,0.071673512,bowl_mid,7799001.048,0.009137283
2017,MM Patel,Gujarat Titans,1,9.2,23.33,20,0.805447616,bowl_mid,4679400.629,0.171137213
2017,Mohammad Nabi,Sunrisers Hyderabad,1,4.8,50,6.67,1.042463289,bowl_mid,4679400.629,0.221497039
2017,MS Gony,Gujarat Titans,0,15,33.33,50,0.53707569,bowl_mid,9358801.258,0.057057489
2017,NM Coulter-Nile,Kolkata Knight Riders,6,5.89,44.44,9.26,1.422538225,bowl_mid,54593007.34,0.025907429
2017,P Negi,Royal Challengers Bengaluru,8,6.69,40.29,10.07,1.558852329,bowl_mid,15598002.1,0.099364988
2017,PJ Cummins,Delhi Capitals,4,7.55,30,11.67,1.150110529,bowl_mid,70191009.43,0.01629129
2017,R Tewatia,Punjab Kings,3,5.63,37.5,6.25,1.151474996,bowl_mid,3899500.524,0.293591118
2017,RA Tripathi,Lucknow Super Giants,0,12,0,33.33,0.535040127,bowl_mid,1559800.21,0.341047416
2017,Rashid Khan,Sunrisers Hyderabad,12,7.05,35.09,12.28,1.873301961,bowl_mid,62392008.38,0.029852191
2017,RD Chahar,Lucknow Super Giants,2,9.4,30,16.67,0.917589713,bowl_mid,1559800.21,0.584893702
2017,SS Agarwal,Gujarat Titans,1,10.33,33.33,22.22,0.806169087,bowl_mid,1559800.21,0.513871521
2017,TS Mills,Royal Challengers Bengaluru,0,9.2,26.67,23.33,0.723125711,bowl_mid,187176025.2,0.003841147
2017,VR Aaron,Punjab Kings,4,8.1,43.33,18.33,1.167849522,bowl_mid,43674405.87,0.026586261
2018,A Dananjaya,Mumbai Indians,0,11.67,22.22,22.22,0.626493358,bowl_mid,7461730.815,0.083478431
2018,A Mishra,Delhi Capitals,9,7.1,30,9.44,1.476621958,bowl_mid,59693846.52,0.024594451
2018,AJ Tye,Punjab Kings,6,7.65,20.83,10.83,1.20591519,bowl_mid,107448923.7,0.011158661
2018,B Laughlin,Rajasthan Royals,3,8.08,30.61,16.33,1.010078632,bowl_mid,7461730.815,0.134590061
2018,BA Stokes,Rajasthan Royals,3,7.56,29.63,12.04,1.034886737,bowl_mid,186543270.4,0.005515827
2018,Basil Thampi,Sunrisers Hyderabad,2,11.6,26.67,26.67,0.775660704,bowl_mid,14177288.55,0.054397131
2018,BCJ Cutting,Mumbai Indians,2,8.64,31.82,21.21,0.913755398,bowl_mid,32831615.59,0.027671652
2018,C de Grandhomme,Royal Challengers Bengaluru,2,9,27.38,15.48,0.897172233,bowl_mid,32831615.59,0.027169457
2018,CJ Jordan,Sunrisers Hyderabad,0,4,33.33,0,0.99567677,bowl_mid,14923461.63,0.066335527
2018,CR Brathwaite,Sunrisers Hyderabad,1,10.2,23.33,23.33,0.748532443,bowl_mid,29846923.26,0.024934947
2018,CR Woakes,Royal Challengers Bengaluru,1,8,38.89,16.67,0.908326622,bowl_mid,110433616.1,0.008177831
2018,DJM Short,Rajasthan Royals,1,7.67,38.89,16.67,0.919675757,bowl_mid,59693846.52,0.015318017
2018,DL Chahar,Chennai Super Kings,0,6,41.67,8.33,0.941102806,bowl_mid,11938769.3,0.07837452
2018,DS Kulkarni,Rajasthan Royals,2,12.26,34.78,30.43,0.778044538,bowl_mid,11192596.22,0.069114792
2018,DT Christian,Delhi Capitals,3,6.75,33.33,10.42,1.08284397,bowl_mid,22385192.45,0.048095277
2018,HV Patel,Delhi Capitals,3,10.13,27.08,20.83,0.912731398,bowl_mid,2984692.326,0.304047058
2018,Imran Tahir,Chennai Super Kings,6,9.19,34.38,19.79,1.187908666,bowl_mid,14923461.63,0.0791427
2018,JD Unadkat,Rajasthan Royals,3,7.85,33.33,15,1.033126033,bowl_mid,171619808.7,0.005985264
2018,JP Duminy,Mumbai Indians,0,8,16.67,16.67,0.743271358,bowl_mid,14923461.63,0.049519381
2018,JPR Scantlebury-Searles,Kolkata Knight Riders,2,13,20,26.67,0.698857959,bowl_mid,4477038.489,0.155201342
2018,K Gowtham,Rajasthan Royals,3,9.38,23.08,17.95,0.928815641,bowl_mid,92525462.11,0.009980807
2018,K Khejroliya,Royal Challengers Bengaluru,2,8.83,25,13.89,0.896920949,bowl_mid,12684942.39,0.070301251
2018,KH Pandya,Mumbai Indians,6,6.57,31.16,7.97,1.294859579,bowl_mid,131326462.3,0.009803199
2018,KK Ahmed,Sunrisers Hyderabad,0,14,16.67,33.33,0.493682067,bowl_mid,44770384.89,0.010963618
2018,KM Asif,Chennai Super Kings,0,19.5,8.33,50,0.225433118,bowl_mid,5969384.652,0.03754789
2018,Kuldeep Yadav,Kolkata Knight Riders,17,8.16,29.34,14.46,1.981071972,bowl_mid,86556077.45,0.022756217
2018,KV Sharma,Chennai Super Kings,2,9.71,28.57,16.67,0.87477807,bowl_mid,74617308.15,0.011656165
2018,KV Sharma,Chennai Super Kings,2,9.71,28.57,16.67,0.87477807,bowl_mid,2984692.326,0.291404129
2018,L Ngidi,Chennai Super Kings,2,4.75,45.83,4.17,1.151953478,bowl_mid,7461730.815,0.153494474
2018,M Ashwin,Royal Challengers Bengaluru,3,7.71,45.24,16.67,1.08477269,bowl_mid,32831615.59,0.032850643
2018,M Markande,Mumbai Indians,11,9.15,28.79,19.19,1.514807597,bowl_mid,2984692.326,0.504609345
2018,MG Johnson,Kolkata Knight Riders,0,9.14,33.33,23.81,0.75710604,bowl_mid,29846923.26,0.025220548
2018,MK Lomror,Rajasthan Royals,0,9,11.11,16.67,0.684993798,bowl_mid,2984692.326,0.228183614
2018,MK Tiwary,Punjab Kings,0,10,0,0,0.646140288,bowl_mid,14923461.63,0.043048164
2018,MM Ali,Royal Challengers Bengaluru,3,7.87,31.15,14.75,1.023721618,bowl_mid,25369884.77,0.040119985
2018,MM Sharma,Punjab Kings,1,11.2,16.67,26.67,0.676860147,bowl_mid,35816307.91,0.018789513
2018,Mohammad Nabi,Sunrisers Hyderabad,0,12,16.67,33.33,0.562464705,bowl_mid,14923461.63,0.037473399
2018,Mohammed Shami,Delhi Capitals,1,9.86,30.95,23.81,0.791715822,bowl_mid,44770384.89,0.017582308
2018,MP Stoinis,Punjab Kings,2,10.43,23.81,23.81,0.811034929,bowl_mid,92525462.11,0.008715166
2018,Mujeeb Ur Rahman,Punjab Kings,8,6.96,33.33,10.42,1.423602883,bowl_mid,32831615.59,0.043111585
2018,Mujeeb Ur Rahman,Punjab Kings,8,6.96,33.33,10.42,1.423602883,bowl_mid,59693846.52,0.023711372
2018,N Rana,Kolkata Knight Riders,3,10.33,27.78,27.78,0.890821525,bowl_mid,50739769.54,0.017455793
2018,P Negi,Royal Challengers Bengaluru,0,13.67,33.33,33.33,0.576604006,bowl_mid,14923461.63,0.038415409
2018,R Ashwin,Punjab Kings,6,7.97,26.26,12.63,1.213565781,bowl_mid,113418308.4,0.01063843
2018,R Tewatia,Delhi Capitals,3,8.24,29.41,13.73,1.006169071,bowl_mid,44770384.89,0.022344854
2018,Rashid Khan,Sunrisers Hyderabad,16,6.52,37.68,11.59,2.011156024,bowl_mid,134311154.7,0.014887818
2018,S Gopal,Rajasthan Royals,11,7.6,36,13.33,1.614298678,bowl_mid,2984692.326,0.537751593
2018,S Kaul,Sunrisers Hyderabad,8,7.73,34.09,15.91,1.386137183,bowl_mid,56709154.19,0.024302471
2018,S Lamichhane,Delhi Capitals,3,7.43,33.33,11.9,1.055616502,bowl_mid,2984692.326,0.351644626
2018,S Nadeem,Delhi Capitals,3,10.33,16.67,16.67,0.871928239,bowl_mid,47755077.22,0.018153425
2018,Sandeep Sharma,Sunrisers Hyderabad,6,8.5,32.41,15.74,1.213687245,bowl_mid,44770384.89,0.026953387
2018,Shakib Al Hasan,Sunrisers Hyderabad,9,8.44,24.54,13.89,1.395530889,bowl_mid,29846923.26,0.046487615
2018,Shakib Al Hasan,Sunrisers Hyderabad,9,8.44,24.54,13.89,1.395530889,bowl_mid,2984692.326,0.464876153
2018,Shivam Mavi,Kolkata Knight Riders,2,7.67,42.59,16.67,1.005167496,bowl_mid,44770384.89,0.022322611
2018,SN Thakur,Chennai Super Kings,5,7.8,38.89,15.56,1.196470785,bowl_mid,38801000.24,0.030658899
2018,SR Watson,Chennai Super Kings,4,8.36,26.19,14.29,1.05635144,bowl_mid,59693846.52,0.017594472
2018,STR Binny,Rajasthan Royals,0,19,0,66.67,0.163575043,bowl_mid,7461730.815,0.021795902
2018,TG Southee,Royal Challengers Bengaluru,0,7,33.33,16.67,0.849235481,bowl_mid,14923461.63,0.056579088
2018,UT Yadav,Royal Challengers Bengaluru,6,8.12,34.31,16.67,1.232504676,bowl_mid,62678538.85,0.019550915
2018,V Shankar,Delhi Capitals,1,11.6,26.67,26.67,0.706064486,bowl_mid,47755077.22,0.014700165
2018,Washington Sundar,Royal Challengers Bengaluru,4,8.36,20.24,13.1,1.033878394,bowl_mid,47755077.22,0.021525205
2018,YK Pathan,Sunrisers Hyderabad,1,7,16.67,8.33,0.868905539,bowl_mid,28354577.1,0.030468198
2018,YS Chahal,Royal Challengers Bengaluru,4,8.11,33.93,14.29,1.09820098,bowl_mid,89540769.78,0.012194342
2018,Yuvraj Singh,Punjab Kings,0,11.5,0,25,0.529665289,bowl_mid,29846923.26,0.017644093
2019,AR Patel,Delhi Capitals,9,7.32,30.39,11.76,1.458392386,bowl_mid,72212627.65,0.020079765
2019,Arshdeep Singh,Punjab Kings,0,13,0,33.33,0.529951512,bowl_mid,2888505.106,0.18241493
2019,Arshdeep Singh,Punjab Kings,0,13,0,33.33,0.529951512,bowl_mid,11554020.42,0.045603732
2019,CR Brathwaite,Kolkata Knight Riders,0,12,16.67,25,0.636674453,bowl_mid,72212627.65,0.008766004
2019,CV Varun,Punjab Kings,1,1,83.33,0,1.339375707,bowl_mid,121317214.5,0.010976841
2019,GC Viljoen,Punjab Kings,4,8,34.72,13.89,1.11621437,bowl_mid,10831894.15,0.102456752
2019,GH Vihari,Delhi Capitals,0,9,0,16.67,0.7029512,bowl_mid,28885051.06,0.024196326
2019,HF Gurney,Kolkata Knight Riders,2,8.13,25,14.58,0.947884937,bowl_mid,10831894.15,0.087005879
2019,I Sharma,Delhi Capitals,2,10.17,30.56,25,0.872645508,bowl_mid,15886778.08,0.054613425
2019,JD Unadkat,Rajasthan Royals,2,10.56,21.3,22.22,0.837108617,bowl_mid,121317214.5,0.006860516
2019,KMA Paul,Delhi Capitals,6,7.21,33.33,10.53,1.277445825,bowl_mid,7221262.765,0.175884159
2019,LH Ferguson,Kolkata Knight Riders,0,10.75,20.83,25,0.691153788,bowl_mid,23108040.85,0.029737808
2019,LS Livingstone,Rajasthan Royals,0,13,50,33.33,0.689483878,bowl_mid,7221262.765,0.094931064
2019,M Ashwin,Punjab Kings,1,8.19,23.08,14.1,0.87530278,bowl_mid,2888505.106,0.301288497
2019,MM Sharma,Chennai Super Kings,0,10,33.33,33.33,0.735190767,bowl_mid,72212627.65,0.010122418
2019,Mohammed Shami,Punjab Kings,5,9.1,26.67,18.33,1.108967673,bowl_mid,69324122.54,0.015904935
2019,P Ray Barman,Royal Challengers Bengaluru,0,16.67,5.56,38.89,0.412980285,bowl_mid,21663788.3,0.018953626
2019,R Parag,Rajasthan Royals,1,9.13,18.75,16.67,0.824153901,bowl_mid,2888505.106,0.283682511
2019,SE Rutherford,Delhi Capitals,1,9.67,11.11,13.89,0.788841109,bowl_mid,28885051.06,0.027152747
2019,SL Malinga,Mumbai Indians,3,11.86,13.1,25,0.82688948,bowl_mid,28885051.06,0.028462413
2019,SM Curran,Punjab Kings,1,8.83,27.78,13.89,0.869719794,bowl_mid,103986183.8,0.008315744
2019,VR Aaron,Rajasthan Royals,1,11.75,25,29.17,0.726860031,bowl_mid,34662061.27,0.020849411
2020,Abdul Samad,Sunrisers Hyderabad,1,13,26.67,30,0.654507651,bowl_mid,2778744.691,0.234187368
2020,AJ Tye,Rajasthan Royals,0,12,16.67,25,0.60548941,bowl_mid,13893723.45,0.04332966
2020,Arshdeep Singh,Punjab Kings,0,10.6,20,20,0.686031237,bowl_mid,2778744.691,0.245466725
2020,CH Morris,Royal Challengers Bengaluru,2,6.86,42.86,11.9,1.066852912,bowl_mid,138937234.5,0.007634547
2020,CJ Jordan,Punjab Kings,3,7.08,37.18,10.26,1.107246134,bowl_mid,41681170.36,0.026412022
2020,CV Varun,Kolkata Knight Riders,15,6.44,37.5,9.72,1.912533448,bowl_mid,55574893.81,0.034215885
2020,DW Steyn,Royal Challengers Bengaluru,0,13,25,41.67,0.547965751,bowl_mid,27787446.91,0.019606594
2020,I Udana,Royal Challengers Bengaluru,4,8.8,25,16.67,1.042253254,bowl_mid,6946861.727,0.149170171
2020,JD Unadkat,Rajasthan Royals,0,8.83,11.11,11.11,0.746947189,bowl_mid,41681170.36,0.017817525
2020,JDS Neesham,Punjab Kings,1,9.78,18.52,18.52,0.780897823,bowl_mid,6946861.727,0.111764258
2020,JR Hazlewood,Chennai Super Kings,0,8,33.33,16.67,0.844078997,bowl_mid,27787446.91,0.030201731
2020,Kartik Tyagi,Rajasthan Royals,4,7.8,35.56,13.33,1.12950712,bowl_mid,18061840.49,0.062176225
2020,MM Sharma,Delhi Capitals,0,14,0,33.33,0.442515621,bowl_mid,6946861.727,0.063334061
2020,MP Stoinis,Delhi Capitals,3,10,24.44,21.11,0.916427159,bowl_mid,66689872.57,0.013662666
2020,NM Coulter-Nile,Mumbai Indians,3,6.82,45.45,13.64,1.137562675,bowl_mid,111149787.6,0.010175695
2020,PJ Cummins,Kolkata Knight Riders,2,10.22,25.93,24.07,0.83979442,bowl_mid,215352713.5,0.003877216
2020,Shahbaz Ahmed,Royal Challengers Bengaluru,1,7.8,23.33,10,0.899584178,bowl_mid,2778744.691,0.321877446
2020,SM Curran,Chennai Super Kings,2,8.86,16.67,14.29,0.886531067,bowl_mid,76415478.99,0.011534798
2020,SS Cottrell,Punjab Kings,0,7,27.78,5.56,0.895039198,bowl_mid,118096649.4,0.007535323
2020,TK Curran,Rajasthan Royals,1,9.5,16.67,16.67,0.790232959,bowl_mid,13893723.45,0.056550165
2020,TU Deshpande,Delhi Capitals,1,11.88,14.58,25,0.667109559,bowl_mid,2778744.691,0.238696418
2020,TU Deshpande,Delhi Capitals,1,11.88,14.58,25,0.667109559,bowl_mid,2778744.691,0.238696418
2021,AF Milne,Mumbai Indians,1,6.75,37.5,12.5,0.942476476,bowl_mid,42435730.7,0.022081889
2021,Arshdeep Singh,Punjab Kings,2,8.63,25,14.58,0.897624391,bowl_mid,2652233.169,0.336496326
2021,C Sakariya,Rajasthan Royals,5,8.76,27.45,14.71,1.119974994,bowl_mid,15913399.01,0.069974976
2021,CH Morris,Rajasthan Royals,4,9.4,32.22,18.89,1.032330138,bowl_mid,215493944.9,0.004763004
2021,DT Christian,Royal Challengers Bengaluru,4,8.92,30.77,16.67,1.049225878,bowl_mid,63653596.05,0.01638866
2021,FA Allen,Punjab Kings,1,7.75,25,12.5,0.860744325,bowl_mid,9945874.382,0.086045583
2021,J Suchith,Sunrisers Hyderabad,0,10,23.33,26.67,0.666711576,bowl_mid,3978349.753,0.166622029
2021,JA Richardson,Punjab Kings,2,10.8,26.67,23.33,0.8061416,bowl_mid,185656321.8,0.004317168
2021,Jalaj S Saxena,Punjab Kings,0,8.5,25,16.67,0.75124878,bowl_mid,3978349.753,0.187749246
2021,JDS Neesham,Mumbai Indians,3,8.14,33.33,16.67,1.013066191,bowl_mid,6630582.922,0.151908996
2021,KA Jamieson,Royal Challengers Bengaluru,3,8.43,35.71,19.05,1.005786196,bowl_mid,198917487.6,0.005027245
2021,M Jansen,Mumbai Indians,2,4.5,50,0,1.173147374,bowl_mid,2652233.169,0.439782815
2021,MC Henriques,Punjab Kings,3,4.6,40,3.33,1.195463873,bowl_mid,55696896.54,0.021340414
2021,MM Ali,Chennai Super Kings,6,6.65,31.88,7.97,1.299792822,bowl_mid,92828160.9,0.013921684
2021,Mujeeb Ur Rahman,Sunrisers Hyderabad,1,4.5,33.33,0,1.037251912,bowl_mid,13261165.84,0.077767819
2021,Mujeeb Ur Rahman,Sunrisers Hyderabad,1,4.5,33.33,0,1.037251912,bowl_mid,19891748.76,0.051845213
2021,NM Coulter-Nile,Mumbai Indians,1,5.71,40.48,9.52,0.997421558,bowl_mid,66305829.22,0.014956309
2021,RP Meredith,Punjab Kings,2,8.74,39.13,19.57,0.934129262,bowl_mid,106089326.7,0.008754527
2021,RV Patel,Delhi Capitals,0,7.33,27.78,11.11,0.816798829,bowl_mid,2652233.169,0.306196899
2021,Shakib Al Hasan,Kolkata Knight Riders,2,7.2,23.33,10,0.952573047,bowl_mid,42435730.7,0.022318448
2021,TK Curran,Delhi Capitals,3,6.17,33.33,8.33,1.102933604,bowl_mid,69621120.68,0.015750913
2021,VR Iyer,Kolkata Knight Riders,2,7.71,23.81,9.52,0.938195296,bowl_mid,2652233.169,0.351705316
2022,A Badoni,Lucknow Super Giants,2,6,25,0,1.0471284,bowl_mid,2487556.902,0.418527788
2022,Abhishek Sharma,Sunrisers Hyderabad,0,9.75,12.5,16.67,0.717581491,bowl_mid,6840781.479,0.104294857
2022,AK Markram,Sunrisers Hyderabad,1,11.4,20,23.33,0.732024849,bowl_mid,32338239.72,0.022506441
2022,Akash Deep,Royal Challengers Bengaluru,2,9.33,40.74,24.07,0.929285863,bowl_mid,2487556.902,0.371427188
2022,AR Patel,Delhi Capitals,3,7.93,29.76,14.29,1.023454152,bowl_mid,2487556.902,0.409065405
2022,Arshdeep Singh,Punjab Kings,3,7.93,34.44,12.22,1.044695168,bowl_mid,6218892.254,0.167022099
2022,Arshdeep Singh,Punjab Kings,3,7.93,34.44,12.22,1.044695168,bowl_mid,2487556.902,0.417555247
2022,Arshdeep Singh,Punjab Kings,3,7.93,34.44,12.22,1.044695168,bowl_mid,2487556.902,0.417555247
2022,AS Joseph,Gujarat Titans,3,7.5,34.72,12.5,1.059097594,bowl_mid,29850682.82,0.035275981
2022,AS Roy,Kolkata Knight Riders,1,8,22.22,11.11,0.882935073,bowl_mid,2487556.902,0.352901195
2022,B Kumar,Sunrisers Hyderabad,0,8.6,20,10,0.798106935,bowl_mid,52238694.93,0.015190293
2022,Basil Thampi,Mumbai Indians,3,9.67,36.11,22.22,0.967412546,bowl_mid,3731335.352,0.257777386
2022,C Sakariya,Delhi Capitals,0,9.75,12.5,20.83,0.706914866,bowl_mid,52238694.93,0.013454643
2022,CJ Jordan,Chennai Super Kings,1,11,12.5,25,0.715387302,bowl_mid,44776024.23,0.015885214
2022,D Pretorius,Chennai Super Kings,5,7.67,25,8.33,1.151792818,bowl_mid,6218892.254,0.184144485
2022,DG Nalkande,Gujarat Titans,2,10.6,26.67,23.33,0.841438772,bowl_mid,2487556.902,0.336315497
2022,DJ Mitchell,Rajasthan Royals,0,7,16.67,0,0.865125444,bowl_mid,9328338.381,0.092208759
2022,DJ Willey,Royal Challengers Bengaluru,0,14,0,33.33,0.492283089,bowl_mid,24875569.02,0.019676112
2022,DR Sams,Mumbai Indians,4,11.14,32.14,23.81,0.961735953,bowl_mid,32338239.72,0.029569015
2022,FA Allen,Mumbai Indians,0,11.67,16.67,27.78,0.640033716,bowl_mid,9328338.381,0.068217523
2022,Fazalhaq Farooqi,Sunrisers Hyderabad,1,8.25,25,16.67,0.869906715,bowl_mid,6218892.254,0.139077551
2022,HR Shokeen,Mumbai Indians,1,9.78,35.19,18.52,0.849447118,bowl_mid,2487556.902,0.33951636
2022,HV Patel,Royal Challengers Bengaluru,9,6.62,39.74,10.9,1.471372862,bowl_mid,133706183.5,0.010941293
2022,J Suchith,Sunrisers Hyderabad,4,7.09,45.45,13.64,1.166561742,bowl_mid,2487556.902,0.466264219
2022,JD Unadkat,Mumbai Indians,3,7.71,23.81,11.9,1.016573478,bowl_mid,16169119.86,0.06251004
2022,JDS Neesham,Rajasthan Royals,0,8.5,16.67,16.67,0.772961924,bowl_mid,18656676.76,0.041192789
2022,JO Holder,Lucknow Super Giants,7,9.27,25.25,16.16,1.200548577,bowl_mid,108830614.4,0.010967965
2022,JR Hazlewood,Royal Challengers Bengaluru,5,7,42.86,11.9,1.225518773,bowl_mid,96392829.94,0.012640744
2022,K Gowtham,Lucknow Super Giants,5,7.9,43.33,15,1.189518171,bowl_mid,11194006.06,0.105653266
2022,K Rabada,Punjab Kings,4,8.3,43.33,15,1.115991362,bowl_mid,115049506.7,0.009644361
2022,Kartik Tyagi,Sunrisers Hyderabad,0,7.75,41.67,16.67,0.882785991,bowl_mid,49751138.03,0.01764208
2022,KH Pandya,Lucknow Super Giants,7,6.68,29.33,8.67,1.318976273,bowl_mid,102611722.2,0.012780192
2022,KK Ahmed,Delhi Capitals,6,8.33,40.74,20.37,1.213112205,bowl_mid,65298368.67,0.018471239
2022,KL Nagarkoti,Delhi Capitals,0,13,33.33,50,0.595960409,bowl_mid,13681562.96,0.043309092
2022,Kuldeep Yadav,Delhi Capitals,19,8.53,30.97,17.16,1.966016557,bowl_mid,2487556.902,0.785799106
2022,Kuldeep Yadav,Delhi Capitals,19,8.53,30.97,17.16,1.966016557,bowl_mid,24875569.02,0.078579911
2022,Lalit Yadav,Delhi Capitals,2,9.11,25.93,16.67,0.905086884,bowl_mid,8084559.93,0.111309253
2022,LH Ferguson,Gujarat Titans,4,8.19,42.06,17.46,1.108984043,bowl_mid,124377845.1,0.008865019
2022,LS Livingstone,Punjab Kings,5,8.9,25,15,1.094165841,bowl_mid,143034521.8,0.007605708
2022,M Ashwin,Mumbai Indians,7,8.24,36.27,15.69,1.273207094,bowl_mid,19900455.21,0.063611176
2022,M Jansen,Sunrisers Hyderabad,1,9.67,24.07,20.37,0.810468972,bowl_mid,52238694.93,0.015425578
2022,M Markande,Mumbai Indians,1,10.4,20,23.33,0.764971581,bowl_mid,8084559.93,0.094077615
2022,M Prasidh Krishna,Rajasthan Royals,3,8.64,34.85,21.21,0.999647666,bowl_mid,124377845.1,0.007991003
2022,M Theekshana,Chennai Super Kings,2,7.5,27.08,11.46,0.975405289,bowl_mid,8706449.156,0.111388773
2022,MJ Santner,Chennai Super Kings,4,7,30.3,9.09,1.129614473,bowl_mid,23631790.57,0.047525971
2022,Mohammed Shami,Gujarat Titans,1,11.8,16.67,25,0.703226935,bowl_mid,77736153.18,0.008994351
2022,MR Marsh,Delhi Capitals,2,9.67,30.56,25,0.881040939,bowl_mid,80845599.3,0.010835204
2022,Mukesh Choudhary,Chennai Super Kings,3,9.6,36.67,23.33,0.968779228,bowl_mid,2487556.902,0.38721233
2022,N Rana,Kolkata Knight Riders,0,11.5,8.33,33.33,0.60300991,bowl_mid,99502276.06,0.006025441
2022,NM Coulter-Nile,Rajasthan Royals,0,17,0,33.33,0.393442894,bowl_mid,24875569.02,0.015725558
2022,NT Ellis,Punjab Kings,1,6.5,33.33,8.33,0.977308018,bowl_mid,9328338.381,0.104165656
2022,OC McCoy,Rajasthan Royals,3,11.01,20.55,20.55,0.874570994,bowl_mid,9328338.381,0.093215506
2022,OF Smith,Punjab Kings,2,12.75,35.42,33.33,0.77475228,bowl_mid,74626707.05,0.01032205
2022,PH Solanki,Chennai Super Kings,1,6,33.33,5.56,1.00088392,bowl_mid,14925341.41,0.066674048
2022,PJ Cummins,Kolkata Knight Riders,4,7.5,33.33,13.89,1.111149283,bowl_mid,90173937.68,0.012251486
2022,PJ Sangwan,Gujarat Titans,2,6.67,38.89,11.11,1.043856371,bowl_mid,2487556.902,0.417219988
2022,PVD Chameera,Lucknow Super Giants,1,7.22,42.59,16.67,0.963728072,bowl_mid,24875569.02,0.038519343
2022,PWH de Silva,Royal Challengers Bengaluru,18,7.73,39.77,15.15,1.967139786,bowl_mid,133706183.5,0.014627871
2022,R Ashwin,Rajasthan Royals,9,7.48,28,10,1.405376813,bowl_mid,62188922.54,0.022468658
2022,R Dhawan,Punjab Kings,1,9,15,15,0.815433093,bowl_mid,6840781.479,0.118516822
2022,R Parag,Rajasthan Royals,0,16.5,8.33,33.33,0.438276251,bowl_mid,47263581.13,0.00921974
2022,R Powell,Delhi Capitals,0,17,0,33.33,0.393442894,bowl_mid,34825796.62,0.011232541
2022,R Sai Kishore,Gujarat Titans,5,7.14,28.57,11.9,1.172255058,bowl_mid,37313353.52,0.031235986
2022,R Shepherd,Sunrisers Hyderabad,1,12.8,33.33,33.33,0.705641294,bowl_mid,96392829.94,0.007278412
2022,R Tewatia,Gujarat Titans,0,14.5,8.33,33.33,0.504169714,bowl_mid,111940060.6,0.004478047
2022,Rasikh Salam,Kolkata Knight Riders,0,8,16.67,16.67,0.78943529,bowl_mid,2487556.902,0.315530173
2022,RD Chahar,Punjab Kings,6,7.53,32.87,12.5,1.232855105,bowl_mid,65298368.67,0.018771851
2022,RP Meredith,Mumbai Indians,3,8.69,41.03,17.95,1.027399457,bowl_mid,12437784.51,0.082128461
2022,S Gopal,Sunrisers Hyderabad,1,16.5,16.67,41.67,0.505633873,bowl_mid,9328338.381,0.053892614
2022,S Kaul,Royal Challengers Bengaluru,0,6,25,8.33,0.905073276,bowl_mid,9328338.381,0.096466569
2022,SA Abbott,Sunrisers Hyderabad,0,12,0,16.67,0.600894334,bowl_mid,29850682.82,0.020014338
2022,Sandeep Sharma,Punjab Kings,1,12.2,30,33.33,0.714072146,bowl_mid,6218892.254,0.114163282
2022,Shahbaz Ahmed,Royal Challengers Bengaluru,3,10.17,22.46,19.57,0.911261771,bowl_mid,29850682.82,0.030351927
2022,Shivam Mavi,Kolkata Knight Riders,0,7.75,33.33,16.67,0.854391955,bowl_mid,90173937.68,0.00942049
2022,Simarjeet Singh,Chennai Super Kings,1,5.33,55.56,11.11,1.084410903,bowl_mid,2487556.902,0.433429269
2022,Simarjeet Singh,Chennai Super Kings,1,5.33,55.56,11.11,1.084410903,bowl_mid,2487556.902,0.433429269
2022,SN Thakur,Delhi Capitals,3,10.23,35.9,21.79,0.949349978,bowl_mid,133706183.5,0.007059472
2022,TG Southee,Kolkata Knight Riders,3,7,33.33,11.67,1.072966817,bowl_mid,18656676.76,0.057180689
2022,TS Mills,Mumbai Indians,1,11.33,18.52,27.78,0.717882159,bowl_mid,18656676.76,0.038257471
2022,TU Deshpande,Chennai Super Kings,1,11.5,16.67,25,0.713110954,bowl_mid,2487556.902,0.285024024
2022,UT Yadav,Kolkata Knight Riders,7,7.53,35.56,15.56,1.294515367,bowl_mid,24875569.02,0.051740613
2022,V Shankar,Gujarat Titans,0,14,33.33,50,0.563013677,bowl_mid,17412898.31,0.032147356
2022,VG Arora,Punjab Kings,0,11,8.33,25,0.640842167,bowl_mid,24875569.02,0.025613884
2022,VR Aaron,Gujarat Titans,0,12.5,8.33,33.33,0.570063178,bowl_mid,6218892.254,0.091139647
2022,Washington Sundar,Sunrisers Hyderabad,3,8.14,21.43,11.9,0.994303528,bowl_mid,108830614.4,0.009083752
2022,Yash Dayal,Gujarat Titans,2,9.86,33.33,23.81,0.887262964,bowl_mid,39800910.43,0.022164438
2022,YS Chahal,Rajasthan Royals,19,7.43,32.61,11.23,2.02304651,bowl_mid,80845599.3,0.024879799
2023,A Mishra,Lucknow Super Giants,4,7.54,28.21,12.82,1.111979485,bowl_mid,5915430.661,0.18689935
2023,A Zampa,Rajasthan Royals,5,8.64,28.79,15.15,1.147985779,bowl_mid,17746291.98,0.064317073
2023,AJ Hosein,Sunrisers Hyderabad,1,10,16.67,16.67,0.798090193,bowl_mid,11830861.32,0.067070724
2023,Arshdeep Singh,Punjab Kings,4,9,29.76,19.05,1.068644361,bowl_mid,2366172.265,0.449039166
2023,Arshdeep Singh,Punjab Kings,4,9,29.76,19.05,1.068644361,bowl_mid,7098516.794,0.149679722
2023,AU Rashid,Sunrisers Hyderabad,2,7.6,36.67,13.33,1.010060246,bowl_mid,23661722.65,0.042442241
2023,D Jansen,Mumbai Indians,0,13,16.67,33.33,0.622645778,bowl_mid,2366172.265,0.261632729
2023,D Wiese,Kolkata Knight Riders,0,15,0,33.33,0.506742532,bowl_mid,11830861.32,0.04258615
2023,H Sharma,Royal Challengers Bengaluru,0,12.5,8.33,33.33,0.602673349,bowl_mid,2366172.265,0.253240412
2023,I Sharma,Delhi Capitals,2,7.2,30,10,1.000726401,bowl_mid,5915430.661,0.168200148
2023,J Little,Gujarat Titans,4,8.23,34.62,15.38,1.114483903,bowl_mid,52055789.82,0.021286396
2023,JD Unadkat,Lucknow Super Giants,0,14,0,33.33,0.53207504,bowl_mid,5915430.661,0.089430138
2023,JO Holder,Rajasthan Royals,3,9.15,15.38,16.67,0.947065622,bowl_mid,68027452.61,0.013841822
2023,KM Asif,Rajasthan Royals,2,7.75,33.33,8.33,1.003153612,bowl_mid,3549258.397,0.281013514
2023,M Ashwin,Rajasthan Royals,0,14,16.67,33.33,0.59731327,bowl_mid,2366172.265,0.250988132
2023,M Markande,Sunrisers Hyderabad,11,7.35,37.1,14.52,1.61191518,bowl_mid,5915430.661,0.270927569
2023,Mayank Dagar,Sunrisers Hyderabad,1,6.78,29.63,11.11,0.941460352,bowl_mid,21295550.38,0.043955229
2023,MM Sharma,Gujarat Titans,12,8.2,30,16,1.625892779,bowl_mid,5915430.661,0.273276897
2023,Mohit Rathee,Punjab Kings,0,14.5,25,41.67,0.600625995,bowl_mid,2366172.265,0.252380124
2023,Mukesh Kumar,Delhi Capitals,4,12.78,24.07,31.48,0.92584818,bowl_mid,65069737.28,0.014146797
2023,Nithish Kumar Reddy,Sunrisers Hyderabad,0,13.5,25,25,0.659179711,bowl_mid,2366172.265,0.27698411
2023,R Goyal,Mumbai Indians,0,8.5,25,12.5,0.810753174,bowl_mid,2366172.265,0.340674543
2023,Sandeep Sharma,Rajasthan Royals,1,8.56,20.37,14.81,0.852755741,bowl_mid,2366172.265,0.358323817
2023,Sikandar Raza,Punjab Kings,3,9.44,24.59,16.39,0.976320637,bowl_mid,5915430.661,0.164098074
2023,SM Curran,Punjab Kings,3,11.87,23.33,27.78,0.887132785,bowl_mid,218870934.5,0.004029934
2023,Tilak Varma,Mumbai Indians,0,7,50,16.67,0.938279429,bowl_mid,2366172.265,0.394260455
2023,Vivrant Sharma,Sunrisers Hyderabad,0,12.33,27.78,16.67,0.716298945,bowl_mid,30760239.44,0.023152718
2023,Yash Thakur,Lucknow Super Giants,3,8.64,28.79,16.67,1.012465385,bowl_mid,5323887.595,0.189081348
2024,A Kamboj,Mumbai Indians,1,11,33.33,20.83,0.839695592,bowl_mid,2217593.5,0.376476019
2024,A Mishra,Lucknow Super Giants,1,10,41.67,25,0.892346437,bowl_mid,24393528.5,0.036371085
2024,Abhishek Sharma,Sunrisers Hyderabad,2,6,33.33,8.33,1.057821244,bowl_mid,2217593.5,0.474272265
2024,Arshad Khan,Lucknow Super Giants,0,18,16.67,50,0.471882648,bowl_mid,2217593.5,0.211567742
2024,Arshdeep Singh,Punjab Kings,3,10.33,20.37,22.22,0.938125039,bowl_mid,2217593.5,0.420606685
2024,AS Joseph,Royal Challengers Bengaluru,1,11,22.22,22.22,0.791053753,bowl_mid,127511626.3,0.006168131
2024,Azmatullah Omarzai,Gujarat Titans,1,5,33.33,0,1.029170021,bowl_mid,5543983.75,0.184570616
2024,DJ Mitchell,Chennai Super Kings,1,11.67,11.11,25,0.722918209,bowl_mid,155231545,0.004630273
2024,G Coetzee,Mumbai Indians,4,11.48,27.96,27.96,0.999112563,bowl_mid,55439837.5,0.017918013
2024,HV Patel,Punjab Kings,9,9,22,16.67,1.401768981,bowl_mid,130283618.1,0.010697542
2024,JA Richardson,Delhi Capitals,0,9,27.78,16.67,0.805971866,bowl_mid,55439837.5,0.014454242
2024,JD Unadkat,Sunrisers Hyderabad,6,9.45,25,18.33,1.193246061,bowl_mid,17740748,0.066873717
2024,Kartik Tyagi,Gujarat Titans,0,14,11.11,38.89,0.570155954,bowl_mid,6652780.5,0.085209468
2024,LH Ferguson,Royal Challengers Bengaluru,5,9.07,25,15.48,1.139099275,bowl_mid,22175935,0.051071312
2024,M Siddharth,Lucknow Super Giants,0,9,33.33,16.67,0.82903627,bowl_mid,26611122,0.030974744
2024,Mohammad Nabi,Mumbai Indians,2,11.17,19.44,22.22,0.844050292,bowl_mid,16631951.25,0.050457125
2024,N Burger,Rajasthan Royals,2,8,27.78,16.67,0.969115371,bowl_mid,5543983.75,0.173800458
2024,N Thushara,Mumbai Indians,0,8.8,26.67,13.33,0.812378894,bowl_mid,53222244,0.015176193
2024,Naman Dhir,Mumbai Indians,0,13.36,0,27.27,0.560906427,bowl_mid,2217593.5,0.251481394
2024,PJ Cummins,Sunrisers Hyderabad,8,7.81,32.69,16.03,1.408696802,bowl_mid,227303333.8,0.006161821
2024,R Ravindra,Chennai Super Kings,0,3.5,41.67,0,1.033069847,bowl_mid,19958341.5,0.051463891
2024,Rasikh Salam,Delhi Capitals,6,10.86,23.81,22.62,1.144850031,bowl_mid,2217593.5,0.513291466
2024,S Gopal,Mumbai Indians,2,9.4,30,16.67,0.942772288,bowl_mid,2217593.5,0.422690271
2024,Sandeep Sharma,Rajasthan Royals,2,6.6,26.67,6.67,1.01785171,bowl_mid,2217593.5,0.456351996
2024,SH Johnson,Gujarat Titans,1,11.33,27.78,30.56,0.790946797,bowl_mid,110879675,0.007092392
2024,Simarjeet Singh,Chennai Super Kings,4,10.14,40.48,23.81,1.092565857,bowl_mid,2217593.5,0.48984995
2024,Simarjeet Singh,Chennai Super Kings,4,10.14,40.48,23.81,1.092565857,bowl_mid,2217593.5,0.48984995
2024,SN Thakur,Chennai Super Kings,1,9.67,20,16.67,0.825486503,bowl_mid,44351870,0.01850527
2024,Sumit Kumar,Delhi Capitals,0,12.5,16.67,33.33,0.641257281,bowl_mid,11087967.5,0.057501311
2024,T Stubbs,Delhi Capitals,3,7.5,50,16.67,1.143027856,bowl_mid,5543983.75,0.204989799
2024,TM Head,Sunrisers Hyderabad,0,19.2,20,60,0.437453334,bowl_mid,75398179,0.005768571
2024,UT Yadav,Gujarat Titans,1,15,25,50,0.65158758,bowl_mid,64310211.5,0.010073729
2024,Yash Dayal,Royal Challengers Bengaluru,3,7.5,33.33,10.42,1.084864262,bowl_mid,55439837.5,0.019455878
2025,A Nortje,Kolkata Knight Riders,1,10,38.89,27.78,0.894772737,bowl_mid,68217500,0.013041103
2025,A Zampa,Sunrisers Hyderabad,2,8.83,22.22,16.67,0.949514676,bowl_mid,25188000,0.0374805
2025,Abhishek Sharma,Sunrisers Hyderabad,0,11.67,22.22,30.56,0.710586694,bowl_mid,3148500,0.22439375
2025,Abhishek Sharma,Sunrisers Hyderabad,0,11.67,22.22,30.56,0.710586694,bowl_mid,39881000,0.017715296
2025,AK Markram,Lucknow Super Giants,3,8.67,20.37,12.96,1.021866522,bowl_mid,20990000,0.048403762
2025,Akash Deep,Lucknow Super Giants,1,13,23.33,33.33,0.742482809,bowl_mid,83960000,0.008792479
2025,Akash Madhwal,Rajasthan Royals,2,11,22.22,25.93,0.873809528,bowl_mid,12594000,0.068984333
2025,Arshad Khan,Gujarat Titans,0,13,16.67,33.33,0.647823579,bowl_mid,102326250,0.006294585
2025,Arshad Khan,Gujarat Titans,0,13,16.67,33.33,0.647823579,bowl_mid,13643500,0.047209385
2025,Arshdeep Singh,Punjab Kings,2,8.36,27.27,16.67,0.982051601,bowl_mid,188910000,0.005168645
2025,Arshdeep Singh,Punjab Kings,2,8.36,27.27,16.67,0.982051601,bowl_mid,3148500,0.310118728
2025,Arshdeep Singh,Punjab Kings,2,8.36,27.27,16.67,0.982051601,bowl_mid,3148500,0.310118728
2025,AS Roy,Kolkata Knight Riders,0,8,33.33,16.67,0.879308743,bowl_mid,4198000,0.208255433
2025,Ashwani Kumar,Mumbai Indians,6,10.92,22.22,23.61,1.153232849,bowl_mid,3148500,0.364175471
2025,Azmatullah Omarzai,Punjab Kings,5,9.58,23.61,18.06,1.136988322,bowl_mid,25188000,0.044880708
2025,B Kumar,Royal Challengers Bengaluru,2,12.8,26.67,30,0.835778765,bowl_mid,112821250,0.007365425
2025,DL Chahar,Mumbai Indians,0,9.5,25,16.67,0.80641781,bowl_mid,97078750,0.008259111
2025,E Malinga,Sunrisers Hyderabad,5,9.85,25.64,20.51,1.13309298,bowl_mid,12594000,0.089453893
2025,Fazalhaq Farooqi,Rajasthan Royals,0,14.67,16.67,44.44,0.581752553,bowl_mid,20990000,0.027556448
2025,G Coetzee,Gujarat Titans,2,9,33.33,16.67,0.989163833,bowl_mid,25188000,0.039045584
2025,HV Patel,Sunrisers Hyderabad,6,9.75,25.83,20,1.20568849,bowl_mid,83960000,0.01427776
2025,I Sharma,Gujarat Titans,1,11.8,13.33,26.67,0.747618922,bowl_mid,7871250,0.094435212
2025,J Overton,Chennai Super Kings,0,14,33.33,33.33,0.687518804,bowl_mid,15742500,0.043421844
2025,JD Unadkat,Sunrisers Hyderabad,2,6.71,28.57,9.52,1.044996062,bowl_mid,10495000,0.098998723
2025,JR Hazlewood,Royal Challengers Bengaluru,6,10.62,31.15,26.23,1.191546349,bowl_mid,131187500,0.009030585
2025,K Khejroliya,Gujarat Titans,0,10.5,16.67,25,0.730457718,bowl_mid,3148500,0.230668753
2025,K Rabada,Gujarat Titans,0,13.5,8.33,25,0.617744549,bowl_mid,112821250,0.005443966
2025,Karim Janat,Gujarat Titans,0,30,0,100,0,bowl_mid,7871250,0
2025,KH Pandya,Royal Challengers Bengaluru,10,8.24,26.96,13.73,1.535272599,bowl_mid,60346250,0.025294878
2025,KK Ahmed,Chennai Super Kings,0,4,50,0,1.084331597,bowl_mid,50376000,0.021401086
2025,KT Maphaka,Rajasthan Royals,0,11,33.33,16.67,0.799743763,bowl_mid,15742500,0.050509671
2025,KV Sharma,Mumbai Indians,6,9.14,26.19,17.86,1.227492779,bowl_mid,5247500,0.232575457
2025,L Ngidi,Royal Challengers Bengaluru,0,10,5.56,22.22,0.705010573,bowl_mid,10495000,0.066789866
2025,LH Ferguson,Punjab Kings,4,9.33,33.33,16.67,1.116788435,bowl_mid,20990000,0.052900022
2025,LS Livingstone,Royal Challengers Bengaluru,2,8.86,19.05,16.67,0.936119535,bowl_mid,91831250,0.010135337
2025,M Jansen,Punjab Kings,5,8.84,34.48,18.1,1.199739869,bowl_mid,73465000,0.016236933
2025,M Prasidh Krishna,Gujarat Titans,10,6.56,42.67,12.67,1.644348007,bowl_mid,99702500,0.016397781
2025,M Shahrukh Khan,Gujarat Titans,1,13,16.67,33.33,0.716011954,bowl_mid,3148500,0.226106974
2025,M Siddharth,Lucknow Super Giants,1,8.75,20.83,16.67,0.877923336,bowl_mid,7871250,0.110894567
2025,M Theekshana,Rajasthan Royals,7,9.7,25,19.17,1.273531146,bowl_mid,46178000,0.027420277
2025,M Tiwari,Delhi Capitals,0,14,0,33.33,0.555045287,bowl_mid,4198000,0.131456894
2025,MA Starc,Delhi Capitals,2,8.33,27.78,19.44,0.979444038,bowl_mid,3148500,0.309295295
2025,MJ Santner,Mumbai Indians,6,6.81,34.57,11.73,1.334612567,bowl_mid,20990000,0.063217913
2025,MM Ali,Kolkata Knight Riders,2,10.8,23.33,20,0.89515074,bowl_mid,20990000,0.04240149
2025,MM Sharma,Delhi Capitals,2,8.92,19.23,15.38,0.937772558,bowl_mid,23089000,0.040382182
2025,Mohammed Shami,Sunrisers Hyderabad,1,12,19.05,33.33,0.751993169,bowl_mid,104950000,0.007124081
2025,MP Stoinis,Punjab Kings,0,11.4,25,25,0.739696667,bowl_mid,115445000,0.006370535
2025,Mukesh Choudhary,Chennai Super Kings,0,8,33.33,16.67,0.879308743,bowl_mid,3148500,0.277673911
2025,Mukesh Kumar,Delhi Capitals,5,7.5,39.58,14.58,1.262449917,bowl_mid,83960000,0.014949928
2025,N Rana,Rajasthan Royals,0,9,0,16.67,0.720313566,bowl_mid,44079000,0.016247526
2025,Naman Dhir,Mumbai Indians,0,6.33,16.67,5.56,0.879162883,bowl_mid,55098750,0.015864449
2025,NT Ellis,Chennai Super Kings,0,8,16.67,0,0.84577144,bowl_mid,20990000,0.040062492
2025,P Dubey,Punjab Kings,1,10.5,25,33.33,0.815424547,bowl_mid,3148500,0.257500138
2025,Prince Yadav,Lucknow Super Giants,3,9.6,25.56,18.89,1.006204497,bowl_mid,3148500,0.317745889
2025,PVD Chameera,Delhi Capitals,1,9.8,13.33,16.67,0.82026607,bowl_mid,7871250,0.103611611
2025,PVSN Raju,Mumbai Indians,0,12,0,33.33,0.608088607,bowl_mid,3148500,0.192026229
2025,PWH de Silva,Rajasthan Royals,9,9.41,23.87,18.02,1.415362316,bowl_mid,55098750,0.02554014
2025,R Ashwin,Chennai Super Kings,6,7.35,29.41,10.78,1.301644283,bowl_mid,102326250,0.01264744
2025,R Sai Kishore,Gujarat Titans,16,9.17,29.52,18.1,1.921345815,bowl_mid,20990000,0.091010287
2025,R Shepherd,Royal Challengers Bengaluru,4,10.64,30.3,24.24,1.055161915,bowl_mid,15742500,0.066641197
2025,Rasikh Salam,Royal Challengers Bengaluru,1,11.25,33.33,29.17,0.836796937,bowl_mid,62970000,0.013212463
2025,RD Chahar,Sunrisers Hyderabad,0,9,33.33,16.67,0.852787083,bowl_mid,33584000,0.025246756
2025,RJW Topley,Mumbai Indians,0,19,33.33,50,0.522230921,bowl_mid,7871250,0.065965409
2025,Sandeep Sharma,Rajasthan Royals,0,9.38,10.42,16.67,0.751650698,bowl_mid,27287000,0.027387832
2025,SH Johnson,Kolkata Knight Riders,0,16,16.67,50,0.535579016,bowl_mid,29386000,0.018120929
2025,Shahbaz Ahmed,Lucknow Super Giants,0,13.8,13.33,33.33,0.613331077,bowl_mid,25188000,0.024210216
2025,Simarjeet Singh,Sunrisers Hyderabad,0,13.25,37.5,33.33,0.723984144,bowl_mid,5247500,0.137174691
2025,Simarjeet Singh,Sunrisers Hyderabad,0,13.25,37.5,33.33,0.723984144,bowl_mid,15742500,0.045724897
2025,SM Curran,Chennai Super Kings,1,10.88,14.58,25,0.780260942,bowl_mid,25188000,0.030799493
2025,Suryansh Shedge,Punjab Kings,0,13.33,5.56,27.78,0.605793716,bowl_mid,3148500,0.191301533
2025,TU Deshpande,Rajasthan Royals,1,9.85,30.77,17.95,0.885747773,bowl_mid,68217500,0.012909566
2025,V Nigam,Delhi Capitals,3,8.4,26.67,14.17,1.051695305,bowl_mid,5247500,0.199266766
2025,V Puthur,Mumbai Indians,5,8.67,33.33,16.67,1.202481106,bowl_mid,3148500,0.37972741
2025,VG Arora,Kolkata Knight Riders,5,11.76,23.53,29.41,1.056602789,bowl_mid,18891000,0.055610166
2025,Vijaykumar Vyshak,Punjab Kings,2,10.56,25.93,18.52,0.914751273,bowl_mid,18891000,0.048144364
2025,Washington Sundar,Gujarat Titans,1,10.47,21.28,21.28,0.825057287,bowl_mid,33584000,0.024425815
2025,WG Jacks,Mumbai Indians,3,7.67,42.59,12.96,1.13670386,bowl_mid,55098750,0.020511762
2025,XC Bartlett,Punjab Kings,0,12,25,33.33,0.707453681,bowl_mid,8396000,0.083776645
2025,Yash Thakur,Punjab Kings,0,11.5,8.33,25,0.670787869,bowl_mid,16792000,0.03971734
2025,YS Chahal,Punjab Kings,8,9.76,28.43,19.61,1.352898541,bowl_mid,188910000,0.007120454
2025,Zeeshan Ansari,Sunrisers Hyderabad,5,9.94,22.29,21.08,1.116273692,bowl_mid,4198000,0.264378198
2017,JD Unadkat,Lucknow Super Giants,16,8.69,39.25,17.76,1.760638539,bowl_death,4679400.629,1
2023,MM Sharma,Gujarat Titans,13,8.18,32.97,15.38,1.630235955,bowl_death,5915430.661,0.732288552
2023,Yash Thakur,Lucknow Super Giants,8,10.05,33.73,20.48,1.182486218,bowl_death,5323887.595,0.59005656
2015,MJ McClenaghan,Mumbai Indians,8,9.27,30.3,18.18,1.111680677,bowl_death,5236600.118,0.563943009
2016,A Zampa,Lucknow Super Giants,5,8.25,37.5,16.67,1.013589905,bowl_death,4909159.2,0.548461047
2023,Arshdeep Singh,Punjab Kings,7,9.64,30.34,22.47,1.089060265,bowl_death,7098516.794,0.407379404
2022,OC McCoy,Rajasthan Royals,8,8.54,40.68,16.95,1.291024321,bowl_death,9328338.381,0.367426592
2025,JD Unadkat,Sunrisers Hyderabad,6,6.78,65.22,17.39,1.228839989,bowl_death,10495000,0.310752892
2018,L Ngidi,Chennai Super Kings,4,7.86,30.95,11.9,0.871184354,bowl_death,7461730.815,0.309863345
2022,M Theekshana,Chennai Super Kings,4,6,50,12.5,0.994405762,bowl_death,8706449.156,0.303111401
2016,AB Dinda,Lucknow Super Giants,5,10.74,31.58,26.32,0.922540882,bowl_death,8181932,0.299224768
2023,I Sharma,Delhi Capitals,2,12.33,33.33,22.22,0.656203355,bowl_death,5915430.661,0.294377456
2014,KK Cooper,Rajasthan Royals,1,8.29,23.81,14.29,0.601854343,bowl_death,5811055.151,0.274803044
2023,VG Arora,Kolkata Knight Riders,3,11.33,22.22,19.44,0.722165609,bowl_death,7098516.794,0.269920589
2023,M Markande,Sunrisers Hyderabad,1,9.67,22.22,22.22,0.578608983,bowl_death,5915430.661,0.259492138
2020,I Udana,Royal Challengers Bengaluru,2,9.78,20.37,14.81,0.678986171,bowl_death,6946861.727,0.259296627
2019,KMA Paul,Delhi Capitals,3,11.19,32.43,24.32,0.691238416,bowl_death,7221262.765,0.253931538
2015,J Theron,Rajasthan Royals,1,12.5,8.33,25,0.498054659,bowl_death,5236600.118,0.25230302
2015,GB Hogg,Kolkata Knight Riders,3,7.33,30.56,11.11,0.826947504,bowl_death,8727666.863,0.251345105
2025,PVD Chameera,Delhi Capitals,3,11.33,27.78,27.78,0.744579464,bowl_death,7871250,0.250932075
2022,VR Aaron,Gujarat Titans,1,9,16.67,16.67,0.574789788,bowl_death,6218892.254,0.245165167
2016,MP Stoinis,Punjab Kings,3,7.67,33.33,16.67,0.831740686,bowl_death,9000125.199,0.245133125
2025,E Malinga,Sunrisers Hyderabad,6,7.8,47.5,22.5,1.149065367,bowl_death,12594000,0.242007596
2013,R McLaren,Kolkata Knight Riders,2,15,33.33,33.33,0.551856574,bowl_death,6156619.231,0.237744933
2013,JDP Oram,Mumbai Indians,0,8.5,33.33,25,0.548892513,bowl_death,6156619.231,0.236464539
2023,KM Asif,Rajasthan Royals,0,15.69,15.38,38.46,0.313601061,bowl_death,3549258.397,0.23434207
2020,Abdul Samad,Sunrisers Hyderabad,0,20,0,33.33,0.236618712,bowl_death,2778744.691,0.22582188
2018,B Laughlin,Rajasthan Royals,3,12.44,21.95,26.83,0.624931506,bowl_death,7461730.815,0.222094475
2025,I Sharma,Gujarat Titans,2,10.62,19.23,23.08,0.650061908,bowl_death,7871250,0.218997025
2022,D Pretorius,Chennai Super Kings,1,13.44,29.63,29.63,0.51218115,bowl_death,6218892.254,0.218390748
2017,P Negi,Royal Challengers Bengaluru,7,4.25,54.17,4.17,1.250502328,bowl_death,15598002.1,0.212571164
2016,SM Boland,Lucknow Super Giants,1,8,27.78,11.11,0.651160878,bowl_death,8181932,0.211014162
2015,DJ Muthuswami,Delhi Capitals,1,1,83.33,0,0.997735038,bowl_death,13091500.3,0.202044242
2022,Lalit Yadav,Delhi Capitals,1,11,41.67,16.67,0.615582297,bowl_death,8084559.93,0.201859481
2014,HV Patel,Royal Challengers Bengaluru,1,11,33.33,16.67,0.577337336,bowl_death,7748073.535,0.197526384
2017,MJ Henry,Punjab Kings,1,8,16.67,16.67,0.567420792,bowl_death,7799001.048,0.192850759
2017,Basil Thampi,Gujarat Titans,7,10.91,18.09,22.34,0.958765932,bowl_death,13258301.78,0.19167742
2022,R Dhawan,Punjab Kings,1,15,33.33,33.33,0.49037376,bowl_death,6840781.479,0.190000599
2016,JO Holder,Kolkata Knight Riders,2,6.5,41.67,8.33,0.815725227,bowl_death,11454704.8,0.188748606
2025,Zeeshan Ansari,Sunrisers Hyderabad,0,17.14,14.29,42.86,0.296183606,bowl_death,4198000,0.186994369
2023,JD Unadkat,Lucknow Super Giants,0,14.67,33.33,33.33,0.415839241,bowl_death,5915430.661,0.186313195
2014,AR Patel,Punjab Kings,5,7.56,38.89,14.81,1.016908482,bowl_death,14527637.88,0.185517541
2022,RP Meredith,Mumbai Indians,4,10.14,30.95,19.05,0.867942927,bowl_death,12437784.51,0.184944582
2016,BCJ Cutting,Sunrisers Hyderabad,1,10,33.33,33.33,0.558072242,bowl_death,8181932,0.180756203
2025,L Ngidi,Royal Challengers Bengaluru,2,10.5,33.33,16.67,0.711007344,bowl_death,10495000,0.179531148
2014,S Kaul,Delhi Capitals,0,9,50,16.67,0.587393308,bowl_death,8716582.727,0.178575807
2016,NLTC Perera,Lucknow Super Giants,7,12.59,18.03,27.87,1.025288823,bowl_death,16363864,0.165990132
2022,NT Ellis,Punjab Kings,2,13.5,25,33.33,0.580259012,bowl_death,9328338.381,0.164788655
2022,TG Southee,Kolkata Knight Riders,7,10.45,30.3,19.7,1.136903417,bowl_death,18656676.76,0.161422413
2017,LH Ferguson,Lucknow Super Giants,0,11.5,33.33,25,0.465289728,bowl_death,7799001.048,0.158023627
2014,K Santokie,Mumbai Indians,1,15.33,11.11,33.33,0.344346975,bowl_death,5811055.151,0.156951986
2019,Rasikh Salam,Mumbai Indians,0,21,0,50,0.167056535,bowl_death,2888505.106,0.153169456
2022,Sandeep Sharma,Punjab Kings,0,13,8.33,33.33,0.357316229,bowl_death,6218892.254,0.152163174
2025,VG Arora,Kolkata Knight Riders,6,11.56,33.33,27.78,1.040606676,bowl_death,18891000,0.145855424
2021,C Sakariya,Rajasthan Royals,6,10.25,25,19.44,0.871988178,bowl_death,15913399.01,0.145086995
2019,HF Gurney,Kolkata Knight Riders,3,13.5,20.83,37.5,0.586953696,bowl_death,10831894.15,0.143469207
2025,Akash Madhwal,Rajasthan Royals,2,11,30,23.33,0.674429807,bowl_death,12594000,0.141778131
2019,Arshdeep Singh,Punjab Kings,2,12,33.33,25,0.607322516,bowl_death,11554020.42,0.139150721
2016,R Bhatia,Lucknow Super Giants,0,9.5,16.67,8.33,0.514713195,bowl_death,9818318.399,0.138778454
2022,Fazalhaq Farooqi,Sunrisers Hyderabad,0,16,16.67,38.89,0.323253124,bowl_death,6218892.254,0.137596177
2021,Mujeeb Ur Rahman,Sunrisers Hyderabad,1,8,66.67,16.67,0.67514903,bowl_death,13261165.84,0.134757241
2018,Basil Thampi,Sunrisers Hyderabad,3,9.79,26.32,21.05,0.703400924,bowl_death,14177288.55,0.131307586
2020,MM Sharma,Delhi Capitals,0,17,16.67,33.33,0.337183952,bowl_death,6946861.727,0.128443215
2017,DT Christian,Lucknow Super Giants,3,9.2,30,16.67,0.744723297,bowl_death,15598002.1,0.126334753
2014,MC Henriques,Sunrisers Hyderabad,3,7,58.33,16.67,0.915713297,bowl_death,19370183.84,0.125083689
2018,TG Southee,Royal Challengers Bengaluru,3,10.45,22.73,21.21,0.680765006,bowl_death,14923461.63,0.120676177
2014,WD Parnell,Delhi Capitals,3,7.46,51.35,18.92,0.871908984,bowl_death,19370183.84,0.119069433
2025,Simarjeet Singh,Sunrisers Hyderabad,0,17,0,50,0.236111763,bowl_death,5247500,0.119021967
2019,SL Malinga,Mumbai Indians,11,10.82,35.21,23.94,1.295620677,bowl_death,28885051.06,0.1186477
2022,PH Solanki,Chennai Super Kings,1,7.5,41.67,16.67,0.662658871,bowl_death,14925341.41,0.117434631
2019,I Sharma,Delhi Capitals,3,10.33,25,19.44,0.695289026,bowl_death,15886778.08,0.115751237
2014,MM Sharma,Chennai Super Kings,14,10.59,22.69,25.21,1.641925408,bowl_death,38740367.67,0.112074596
2014,Sandeep Sharma,Punjab Kings,4,13.12,20.93,30.23,0.695559383,bowl_death,16464656.26,0.11170972
2015,CH Morris,Rajasthan Royals,7,9.75,23.96,18.75,1.014221856,bowl_death,24437467.22,0.109734073
2025,R Shepherd,Royal Challengers Bengaluru,2,12,25,25,0.641299913,bowl_death,15742500,0.107697202
2022,JD Unadkat,Mumbai Indians,3,13,16.67,33.33,0.656693815,bowl_death,16169119.86,0.107370669
2025,Sandeep Sharma,Rajasthan Royals,7,12.45,20.43,23.66,1.098774351,bowl_death,27287000,0.106448481
2020,TK Curran,Rajasthan Royals,2,13.71,12.24,30.61,0.545248419,bowl_death,13893723.45,0.10372757
2025,Arshad Khan,Gujarat Titans,1,12.33,22.22,27.78,0.525895894,bowl_death,13643500,0.101869385
2024,Azmatullah Omarzai,Gujarat Titans,0,16,0,50,0.212474462,bowl_death,5543983.75,0.101283512
2025,R Sai Kishore,Gujarat Titans,3,9.27,24.24,15.15,0.801605111,bowl_death,20990000,0.100923485
2014,KW Richardson,Rajasthan Royals,4,11.88,20.83,27.08,0.73144997,bowl_death,19370183.84,0.099784652
2016,JW Hastings,Kolkata Knight Riders,1,5.4,50,10,0.763149363,bowl_death,21273023.2,0.094764595
2014,PJ Cummins,Kolkata Knight Riders,0,4,33.33,0,0.689911629,bowl_death,19370183.84,0.09408151
2020,Kartik Tyagi,Rajasthan Royals,2,11.61,26.23,24.59,0.642906645,bowl_death,18061840.49,0.094021808
2018,Imran Tahir,Chennai Super Kings,0,6.38,12.5,0,0.52891467,bowl_death,14923461.63,0.093615104
2019,GC Viljoen,Punjab Kings,1,15.6,20,46.67,0.381690438,bowl_death,10831894.15,0.093072097
2025,N Thushara,Royal Challengers Bengaluru,0,7,16.67,0,0.574261979,bowl_death,16792000,0.09030862
2021,Mujeeb Ur Rahman,Sunrisers Hyderabad,1,8,66.67,16.67,0.67514903,bowl_death,19891748.76,0.089624105
2025,Yash Thakur,Punjab Kings,1,10.67,22.22,22.22,0.565901105,bowl_death,16792000,0.088984437
2024,JD Unadkat,Sunrisers Hyderabad,2,12.97,21.62,27.03,0.58548244,bowl_death,17740748,0.087126756
2015,RS Bopara,Sunrisers Hyderabad,0,9,33.33,22.22,0.574430958,bowl_death,17455333.73,0.086878074
2025,MJ Santner,Mumbai Indians,3,14,19.05,28.57,0.680301652,bowl_death,20990000,0.085553991
2014,JJ Bumrah,Mumbai Indians,3,9.39,21.05,17.11,0.733880699,bowl_death,23244220.6,0.083324961
2013,JP Faulkner,Rajasthan Royals,14,8.3,30.43,12.17,1.515824242,bowl_death,49252953.85,0.081207212
2020,JDS Neesham,Punjab Kings,0,18,0,50,0.211706489,bowl_death,6946861.727,0.080406213
2022,TS Mills,Mumbai Indians,2,14,22.22,38.89,0.549712004,bowl_death,18656676.76,0.077718795
2017,MG Johnson,Mumbai Indians,5,9.67,44.44,22.22,0.918906676,bowl_death,31196004.19,0.077695613
2025,Azmatullah Omarzai,Punjab Kings,3,11.5,22.22,27.78,0.726503493,bowl_death,25188000,0.076066219
2023,A Zampa,Rajasthan Royals,1,11.33,16.67,27.78,0.510047421,bowl_death,17746291.98,0.075794503
2014,BW Hilfenhaus,Chennai Super Kings,2,11.63,22.92,31.25,0.550866832,bowl_death,19370183.84,0.074990899
2017,CJ Anderson,Delhi Capitals,1,13.5,16.67,29.17,0.437330271,bowl_death,15598002.1,0.073923583
2014,AD Russell,Kolkata Knight Riders,0,13,8.33,25,0.325672221,bowl_death,11622110.3,0.073881557
2018,SN Thakur,Chennai Super Kings,8,12.7,29.79,27.66,1.08304843,bowl_death,38801000.24,0.07359199
2024,LH Ferguson,Royal Challengers Bengaluru,2,12.6,33.33,33.33,0.612863057,bowl_death,22175935,0.072856646
2014,S Nadeem,Delhi Capitals,1,13.33,16.67,22.22,0.449734223,bowl_death,16464656.26,0.072002225
2025,Vijaykumar Vyshak,Punjab Kings,1,13.8,30,33.33,0.510546936,bowl_death,18891000,0.071233113
2018,CR Brathwaite,Sunrisers Hyderabad,4,9.84,44,32,0.805752846,bowl_death,29846923.26,0.071153974
2025,NT Ellis,Chennai Super Kings,1,11,25,25,0.560721739,bowl_death,20990000,0.070402875
2014,A Nehra,Chennai Super Kings,6,8.8,30,20,1.026289161,bowl_death,38740367.67,0.069811699
2022,B Kumar,Sunrisers Hyderabad,9,8.87,33.04,16.52,1.359423757,bowl_death,52238694.93,0.068566639
2016,DS Kulkarni,Gujarat Titans,3,8.5,38.89,13.89,0.845474362,bowl_death,32727728,0.068062052
2025,Shahbaz Ahmed,Lucknow Super Giants,1,9.33,33.33,11.11,0.649663228,bowl_death,25188000,0.067952985
2020,AJ Tye,Rajasthan Royals,1,18.86,14.29,42.86,0.356995549,bowl_death,13893723.45,0.067692798
2022,AS Joseph,Gujarat Titans,3,10,28.57,21.43,0.764141668,bowl_death,29850682.82,0.067437659
2022,S Kaul,Royal Challengers Bengaluru,0,17,0,50,0.232105463,bowl_death,9328338.381,0.065530691
2016,KW Richardson,Royal Challengers Bengaluru,3,10,33.33,16.67,0.795314686,bowl_death,32727728,0.063986019
2018,CJ Jordan,Sunrisers Hyderabad,0,13,33.33,33.33,0.362514012,bowl_death,14923461.63,0.063961036
2014,VR Aaron,Royal Challengers Bengaluru,6,11.79,27.59,25.86,0.937657207,bowl_death,38740367.67,0.063727191
2022,Kuldeep Yadav,Delhi Capitals,1,11,41.67,25,0.591170189,bowl_death,24875569.02,0.062560925
2018,K Khejroliya,Royal Challengers Bengaluru,0,13.64,9.09,27.27,0.298933268,bowl_death,12684942.39,0.062031423
2014,BE Hendricks,Punjab Kings,4,10.8,33.33,23.33,0.81329655,bowl_death,34866330.91,0.061393507
2014,TG Southee,Rajasthan Royals,0,9,27.78,11.11,0.53035932,bowl_death,23244220.6,0.060039016
2025,Washington Sundar,Gujarat Titans,1,4.5,33.33,0,0.75069328,bowl_death,33584000,0.058804694
2018,MG Johnson,Kolkata Knight Riders,2,9.71,38.1,19.05,0.66015724,bowl_death,29846923.26,0.058180762
2015,D Wiese,Royal Challengers Bengaluru,7,9.27,31.82,20.45,1.042137823,bowl_death,48874934.44,0.056064979
2022,PVD Chameera,Lucknow Super Giants,1,12.11,27.78,29.63,0.525060937,bowl_death,24875569.02,0.055493063
2014,R Shukla,Delhi Capitals,0,21,33.33,50,0.162864771,bowl_death,7748073.535,0.055260463
2025,LH Ferguson,Punjab Kings,0,13,25,25,0.43832245,bowl_death,20990000,0.054894537
2014,DS Kulkarni,Rajasthan Royals,1,13.5,19.44,25,0.44459455,bowl_death,21307202.22,0.054850619
2018,Sandeep Sharma,Sunrisers Hyderabad,2,3,66.67,0,0.928972244,bowl_death,44770384.89,0.054541522
2020,CJ Jordan,Punjab Kings,5,12.07,19.75,27.16,0.858938734,bowl_death,41681170.36,0.054162949
2022,Yash Dayal,Gujarat Titans,3,8.89,29.63,12.96,0.806764263,bowl_death,39800910.43,0.05326574
2014,L Balaji,Punjab Kings,4,12.3,18.33,30,0.701851116,bowl_death,34866330.91,0.052892804
2019,LH Ferguson,Kolkata Knight Riders,1,12.33,11.11,25,0.463548848,bowl_death,23108040.85,0.052707437
2018,R Tewatia,Delhi Capitals,3,6,50,8.33,0.885661527,bowl_death,44770384.89,0.051968738
2024,SN Thakur,Chennai Super Kings,4,9.14,26.19,16.67,0.865426046,bowl_death,44351870,0.051251797
2024,G Coetzee,Mumbai Indians,6,8.43,35.71,16.67,1.079363792,bowl_death,55439837.5,0.051135767
2022,UT Yadav,Kolkata Knight Riders,1,14,25,33.33,0.481268766,bowl_death,24875569.02,0.050811162
2018,S Kaul,Sunrisers Hyderabad,7,8.17,20.83,14.58,1.089757915,bowl_death,56709154.19,0.050464279
2025,KT Maphaka,Rajasthan Royals,0,16,16.67,50,0.297142209,bowl_death,15742500,0.049556186
2018,Mujeeb Ur Rahman,Punjab Kings,2,10.6,33.33,23.33,0.615112209,bowl_death,32831615.59,0.049184394
2019,Mohammed Shami,Punjab Kings,11,10.26,26.32,21.05,1.285435694,bowl_death,69324122.54,0.048671216
2017,A Choudhary,Royal Challengers Bengaluru,1,10,29.17,16.67,0.578343063,bowl_death,31196004.19,0.048662199
2024,Yash Dayal,Royal Challengers Bengaluru,6,10.95,32.43,24.32,1.001747778,bowl_death,55439837.5,0.047412466
2014,IK Pathan,Sunrisers Hyderabad,3,7.04,30.43,10.87,0.838181926,bowl_death,46488441.21,0.047308221
2013,DT Christian,Royal Challengers Bengaluru,0,24,33.33,50,0.221429513,bowl_death,12313238.46,0.04718361
2025,SH Johnson,Kolkata Knight Riders,1,13.29,28.57,28.57,0.528054697,bowl_death,29386000,0.047147858
2022,DR Sams,Mumbai Indians,1,11,37.5,25,0.579878928,bowl_death,32338239.72,0.047047004
2025,MM Sharma,Delhi Capitals,0,13.11,16.67,25.93,0.410437287,bowl_death,23089000,0.046633809
2025,KK Ahmed,Chennai Super Kings,5,13.27,26.92,30.77,0.895073819,bowl_death,50376000,0.046611335
2014,IC Pandey,Chennai Super Kings,1,11,22.22,22.22,0.512184386,bowl_death,29055275.76,0.046239188
2015,GS Sandhu,Delhi Capitals,1,12.5,16.67,29.17,0.512689429,bowl_death,29674067.34,0.045306838
2016,P Kumar,Gujarat Titans,6,11.04,20.29,26.09,0.973545703,bowl_death,57273524,0.044564372
2018,Shakib Al Hasan,Sunrisers Hyderabad,0,8.5,25,8.33,0.502146913,bowl_death,29846923.26,0.044101343
2016,IK Pathan,Lucknow Super Giants,0,16,0,33.33,0.274020614,bowl_death,16363864,0.043892294
2025,M Theekshana,Rajasthan Royals,3,11.33,30.56,22.22,0.769296713,bowl_death,46178000,0.043663327
2014,I Sharma,Sunrisers Hyderabad,1,4,50,0,0.838257737,bowl_death,50362477.98,0.043623733
2017,CR Woakes,Kolkata Knight Riders,8,10.21,26.19,21.43,1.076235001,bowl_death,65511608.8,0.043048399
2020,JD Unadkat,Rajasthan Royals,3,13.14,19.05,26.19,0.675647681,bowl_death,41681170.36,0.042467951
2020,DW Steyn,Royal Challengers Bengaluru,1,15.82,22.73,36.36,0.449841114,bowl_death,27787446.91,0.042411418
2022,Mohammed Shami,Gujarat Titans,8,9.64,31.82,21.21,1.239753818,bowl_death,77736153.18,0.041772028
2020,MP Stoinis,Delhi Capitals,7,10.96,25,26.92,1.062614893,bowl_death,66689872.57,0.041733333
2015,P Kumar,Sunrisers Hyderabad,2,12,14.58,22.92,0.600435146,bowl_death,38401734.2,0.040940667
2020,SM Curran,Chennai Super Kings,8,10.82,31.82,22.73,1.186298761,bowl_death,76415478.99,0.040644665
2014,AB Dinda,Royal Challengers Bengaluru,1,12.67,22.22,29.63,0.449422359,bowl_death,29055275.76,0.040494443
2018,DT Christian,Delhi Capitals,1,14.18,9.09,36.36,0.345241107,bowl_death,22385192.44,0.040374512
2017,VR Aaron,Punjab Kings,1,7.33,38.89,11.11,0.673202476,bowl_death,43674405.87,0.040351571
2025,M Prasidh Krishna,Gujarat Titans,11,11.53,33.33,28.89,1.510250843,bowl_death,99702500,0.039642693
2018,C de Grandhomme,Royal Challengers Bengaluru,0,6,0,0,0.496581982,bowl_death,32831615.59,0.039582969
2025,Naman Dhir,Mumbai Indians,0,2,83.33,0,0.832267639,bowl_death,55098750,0.039529521
2017,NM Coulter-Nile,Kolkata Knight Riders,4,8.37,26.32,15.79,0.82368107,bowl_death,54593007.34,0.039483373
2025,Simarjeet Singh,Sunrisers Hyderabad,0,17,0,50,0.236111763,bowl_death,15742500,0.039245877
2017,PJ Cummins,Delhi Capitals,7,9.37,31.51,17.81,1.044780115,bowl_death,70191009.43,0.038943889
2014,Shakib Al Hasan,Kolkata Knight Riders,3,9.5,37.5,16.67,0.794155445,bowl_death,54236514.74,0.038299323
2014,UT Yadav,Kolkata Knight Riders,3,10,25.76,18.18,0.735426696,bowl_death,50362477.98,0.038193532
2014,B Kumar,Sunrisers Hyderabad,8,9.11,28.92,19.28,1.194318876,bowl_death,82323281.31,0.037940873
2020,JR Hazlewood,Chennai Super Kings,0,12.5,25,41.67,0.402979126,bowl_death,27787446.91,0.037926331
2022,KK Ahmed,Delhi Capitals,5,11.01,40.3,29.85,0.942172639,bowl_death,65298368.67,0.037730941
2018,MM Sharma,Punjab Kings,2,12.84,17.19,26.56,0.516313394,bowl_death,35816307.91,0.037696005
2022,YS Chahal,Rajasthan Royals,7,9.62,29.49,16.67,1.154753818,bowl_death,80845599.3,0.037344557
2025,HV Patel,Sunrisers Hyderabad,7,10.44,33.77,19.48,1.177156334,bowl_death,83960000,0.036645098
2025,M Jansen,Punjab Kings,6,11.29,23.81,23.81,1.029519624,bowl_death,73465000,0.036627282
2025,SM Curran,Chennai Super Kings,0,19,50,50,0.349472997,bowl_death,25188000,0.036257187
2018,Mohammed Shami,Delhi Capitals,2,10.96,34.78,21.74,0.619384438,bowl_death,44770384.89,0.036151094
2025,KH Pandya,Royal Challengers Bengaluru,3,11,58.33,33.33,0.818644771,bowl_death,60346250,0.035435964
2022,RD Chahar,Punjab Kings,4,10.07,39.29,21.43,0.884492091,bowl_death,65298368.67,0.035381709
2016,TG Southee,Mumbai Indians,1,10.6,23.33,23.33,0.55375404,bowl_death,40909660,0.035356785
2025,G Coetzee,Gujarat Titans,0,15.67,11.11,33.33,0.336598677,bowl_death,25188000,0.034897843
2016,MM Sharma,Punjab Kings,10,9.2,31.43,19.05,1.41756116,bowl_death,106365116,0.034801725
2018,AJ Tye,Punjab Kings,11,9.53,28.95,19.3,1.42812741,bowl_death,107448923.7,0.03470574
2025,TU Deshpande,Rajasthan Royals,5,12.67,22.22,27.78,0.899230351,bowl_death,68217500,0.034414771
2013,NLTC Perera,Sunrisers Hyderabad,9,10.98,30.36,25.89,1.094452805,bowl_death,83114359.62,0.034378128
2013,CH Morris,Chennai Super Kings,7,9,26.04,15.63,1.012050999,bowl_death,76957740.39,0.034332123
2022,Kartik Tyagi,Sunrisers Hyderabad,1,10,50,16.67,0.65158819,bowl_death,49751138.03,0.034189079
2021,NM Coulter-Nile,Mumbai Indians,4,6.25,41.67,12.5,0.863512644,bowl_death,66305829.22,0.033992882
2024,HV Patel,Punjab Kings,14,11.12,27.45,22.55,1.658085855,bowl_death,130283618.1,0.033204509
2022,VG Arora,Punjab Kings,0,15.82,9.09,36.36,0.312564046,bowl_death,24875569.02,0.03277463
2022,JR Hazlewood,Royal Challengers Bengaluru,8,10.97,28.74,25.29,1.201567941,bowl_death,96392829.94,0.032509275
2013,JD Unadkat,Royal Challengers Bengaluru,3,7.75,29.17,16.67,0.773493677,bowl_death,64644501.92,0.031179578
2017,AD Mathews,Delhi Capitals,0,12,0,16.67,0.370670961,bowl_death,31196004.19,0.03095793
2022,K Rabada,Punjab Kings,9,9.36,42.42,21.21,1.364486971,bowl_death,115049506.7,0.030899414
2014,R Dhawan,Punjab Kings,3,10.74,15.79,18.42,0.684438474,bowl_death,58110551.51,0.030681907
2024,N Thushara,Mumbai Indians,2,11.13,18.75,22.92,0.617779392,bowl_death,53222244,0.030228005
2022,R Sai Kishore,Gujarat Titans,1,16,16.67,33.33,0.431812422,bowl_death,37313353.52,0.030135073
2022,C Sakariya,Delhi Capitals,1,9,16.67,8.33,0.599231202,bowl_death,52238694.93,0.029864933
2014,Z Khan,Mumbai Indians,1,8.81,18.75,15.63,0.568009448,bowl_death,50362477.98,0.029352724
2016,CH Morris,Delhi Capitals,8,7.56,28.13,10.42,1.285473349,bowl_death,114547048,0.029203274
2016,KJ Abbott,Punjab Kings,0,12.33,16.67,33.33,0.38196965,bowl_death,34364114.4,0.028919064
2014,JD Unadkat,Delhi Capitals,3,12.63,17.91,31.34,0.60124293,bowl_death,54236514.74,0.028839839
2017,Rashid Khan,Sunrisers Hyderabad,0,4.5,41.67,0,0.690046781,bowl_death,62392008.38,0.028771447
2020,CV Varun,Kolkata Knight Riders,1,9.33,25,19.44,0.602390374,bowl_death,55574893.81,0.02818475
2025,Fazalhaq Farooqi,Rajasthan Royals,0,17.67,0,50,0.226771714,bowl_death,20990000,0.028090455
2023,Mukesh Kumar,Delhi Capitals,2,10.44,33.33,22.22,0.687162854,bowl_death,65069737.28,0.027443157
2014,MG Johnson,Punjab Kings,9,8.72,36,16,1.32896754,bowl_death,125906194.9,0.027429364
2022,CJ Jordan,Chennai Super Kings,1,14.28,20.69,31.03,0.472572734,bowl_death,44776024.23,0.027426511
2016,M Ashwin,Lucknow Super Giants,2,7.56,40.74,14.81,0.773392858,bowl_death,73637388,0.027289741
2022,R Ashwin,Rajasthan Royals,0,5.5,41.67,0,0.646148272,bowl_death,62188922.54,0.026990193
2022,SA Abbott,Sunrisers Hyderabad,0,18,33.33,50,0.308903866,bowl_death,29850682.82,0.026879066
2018,Mujeeb Ur Rahman,Punjab Kings,2,10.6,33.33,23.33,0.615112209,bowl_death,59693846.52,0.026762441
2013,DJG Sammy,Sunrisers Hyderabad,1,11.77,23.08,23.08,0.533921393,bowl_death,52331263.46,0.026491902
2019,SM Curran,Punjab Kings,8,11,27.27,24.24,1.047590302,bowl_death,103986183.8,0.02615042
2025,B Kumar,Royal Challengers Bengaluru,7,10.53,24.44,24.44,1.13450163,bowl_death,112821250,0.026101012
2022,HV Patel,Royal Challengers Bengaluru,9,9.91,36.43,20.16,1.343947039,bowl_death,133706183.5,0.026089712
2022,KH Pandya,Lucknow Super Giants,2,2,83.33,0,0.990559186,bowl_death,102611722.2,0.025031167
2014,M Morkel,Kolkata Knight Riders,1,11.67,27.78,22.22,0.520469488,bowl_death,54236514.74,0.024879105
2019,VR Aaron,Rajasthan Royals,1,18,16.67,50,0.329983986,bowl_death,34662061.27,0.024676294
2019,AR Patel,Delhi Capitals,1,6.67,50,16.67,0.678563164,bowl_death,72212627.65,0.024348391
2025,PWH de Silva,Rajasthan Royals,0,11,33.33,16.67,0.515000067,bowl_death,55098750,0.024215729
2022,Shivam Mavi,Kolkata Knight Riders,4,11.89,31.48,22.22,0.836549658,bowl_death,90173937.68,0.024030126
2023,J Little,Gujarat Titans,0,10.63,22.92,22.92,0.482684735,bowl_death,52055789.82,0.024017848
2022,JO Holder,Lucknow Super Giants,6,10.91,19.7,21.21,1.005323939,bowl_death,108830614.4,0.023924926
2016,A Nehra,Sunrisers Hyderabad,3,8.67,33.33,16.67,0.81610721,bowl_death,90001251.99,0.0234734
2018,BCJ Cutting,Mumbai Indians,0,12.8,6.67,30,0.29549706,bowl_death,32831615.59,0.023294282
2018,Shivam Mavi,Kolkata Knight Riders,1,15.4,26.67,30,0.402398518,bowl_death,44770384.89,0.023261491
2020,CH Morris,Royal Challengers Bengaluru,7,7.03,43.1,12.07,1.228361968,bowl_death,138937234.5,0.022870751
2022,SN Thakur,Delhi Capitals,8,12.07,26.74,25.58,1.180507092,bowl_death,133706183.5,0.022838797
2022,OF Smith,Punjab Kings,3,15.33,33.33,38.89,0.654170878,bowl_death,74626707.05,0.022670703
2015,A Mishra,Delhi Capitals,0,10.08,20,16,0.534228802,bowl_death,61093668.04,0.02261356
2013,MS Gony,Punjab Kings,0,10,33.33,22.22,0.535058665,bowl_death,61566192.31,0.022470919
2016,SR Watson,Royal Challengers Bengaluru,10,11.64,29.06,27.35,1.342843,bowl_death,155456708,0.022330668
2013,SMSM Senanayake,Kolkata Knight Riders,1,7.5,25,8.33,0.658073754,bowl_death,76957740.39,0.022099436
2014,PP Ojha,Mumbai Indians,0,8,41.67,25,0.538276035,bowl_death,62953097.47,0.022097639
2014,KV Sharma,Sunrisers Hyderabad,0,6,31.25,6.25,0.618661205,bowl_death,72638189.39,0.022008797
2022,PWH de Silva,Royal Challengers Bengaluru,6,7.5,38.89,13.89,1.12460361,bowl_death,133706183.5,0.021726845
2015,Z Khan,Delhi Capitals,1,9.83,19.44,22.22,0.582792107,bowl_death,69821334.91,0.021556369
2022,M Prasidh Krishna,Rajasthan Royals,6,11.28,36.75,26.5,1.03101117,bowl_death,124377845.1,0.021403293
2025,Mukesh Kumar,Delhi Capitals,4,16.38,15.87,41.27,0.694138392,bowl_death,83960000,0.021345161
2018,KV Sharma,Chennai Super Kings,2,8.67,22.22,22.22,0.616836366,bowl_death,74617308.15,0.021342972
2025,JR Hazlewood,Royal Challengers Bengaluru,6,10.23,38.03,25.35,1.079794618,bowl_death,131187500,0.021247922
2025,Arshdeep Singh,Punjab Kings,11,10.4,31.4,23.26,1.537628036,bowl_death,188910000,0.021004705
2022,M Jansen,Sunrisers Hyderabad,1,16.5,25,41.67,0.423201227,bowl_death,52238694.93,0.020903176
2024,UT Yadav,Gujarat Titans,2,15.5,16.67,33.33,0.506169877,bowl_death,64310211.5,0.020290047
2013,DP Nannes,Chennai Super Kings,1,11.22,34.78,26.09,0.574436031,bowl_death,73879430.77,0.020036234
2018,SR Watson,Chennai Super Kings,1,12.5,25,25,0.463517966,bowl_death,59693846.52,0.020008583
2023,JO Holder,Rajasthan Royals,1,12,25.4,30.16,0.522361078,bowl_death,68027452.61,0.019779229
2018,KH Pandya,Mumbai Indians,4,5.05,52.63,10.53,0.989826661,bowl_death,131326462.3,0.019402817
2016,CR Brathwaite,Delhi Capitals,0,9.23,15.38,7.69,0.517286196,bowl_death,68728228.8,0.019374629
2014,JP Duminy,Delhi Capitals,0,13,16.67,33.33,0.319621499,bowl_death,42614404.44,0.019304869
2018,CR Woakes,Royal Challengers Bengaluru,5,12.82,34.09,36.36,0.798070308,bowl_death,110433616.1,0.018577182
2025,LS Livingstone,Royal Challengers Bengaluru,0,4,33.33,0,0.66314492,bowl_death,91831250,0.018562942
2021,AF Milne,Mumbai Indians,0,13.5,16.67,33.33,0.298999865,bowl_death,42435730.7,0.018096475
2021,DT Christian,Royal Challengers Bengaluru,0,8.4,20,20,0.439180042,bowl_death,63653596.05,0.017707089
2024,SH Johnson,Gujarat Titans,2,7.75,37.5,16.67,0.760964499,bowl_death,110879675,0.017609867
2022,R Parag,Rajasthan Royals,0,14,0,33.33,0.321310335,bowl_death,47263581.13,0.017437769
2017,K Rabada,Delhi Capitals,1,11.68,34.21,28.95,0.527524488,bowl_death,77990010.48,0.017346644
2019,JD Unadkat,Rajasthan Royals,6,13.68,19.12,30.88,0.820529747,bowl_death,121317214.5,0.017345329
2016,MR Marsh,Lucknow Super Giants,0,10,33.33,16.67,0.527916426,bowl_death,78546547.2,0.017232456
2016,JD Unadkat,Kolkata Knight Riders,0,22,16.67,50,0.171781594,bowl_death,26182182.4,0.016806795
2018,Rashid Khan,Sunrisers Hyderabad,4,8,42.31,19.23,0.877392534,bowl_death,134311154.7,0.016731067
2013,KW Richardson,Lucknow Super Giants,1,11.29,29.41,23.53,0.562731836,bowl_death,86192669.23,0.016721041
2025,A Zampa,Sunrisers Hyderabad,0,22,16.67,66.67,0.162937728,bowl_death,25188000,0.016561728
2021,MM Ali,Chennai Super Kings,0,4.5,25,0,0.591692737,bowl_death,92828160.9,0.016309613
2025,Akash Deep,Lucknow Super Giants,0,8,0,0,0.513231533,bowl_death,83960000,0.015614807
2025,DL Chahar,Mumbai Indians,2,14.33,33.33,38.89,0.590219606,bowl_death,97078750,0.015527023
2022,PJ Cummins,Kolkata Knight Riders,2,14.74,14.29,31.43,0.540148786,bowl_death,90173937.68,0.015288398
2014,NM Coulter-Nile,Delhi Capitals,1,12,25,25,0.492085574,bowl_death,82323281.31,0.015254892
2025,YS Chahal,Punjab Kings,6,10.4,30,20,1.070968531,bowl_death,188910000,0.014435029
2020,NM Coulter-Nile,Mumbai Indians,1,10,31.25,18.75,0.617156276,bowl_death,111149787.6,0.014124597
2014,CJ Anderson,Mumbai Indians,2,13.67,22.22,38.89,0.477841262,bowl_death,87165827.27,0.013937117
2014,JH Kallis,Kolkata Knight Riders,0,7.5,41.67,16.67,0.583945614,bowl_death,106536011.1,0.013935056
2022,MR Marsh,Delhi Capitals,1,14.5,16.67,41.67,0.427546683,bowl_death,80845599.3,0.013422387
2018,YS Chahal,Royal Challengers Bengaluru,1,12.33,22.22,22.22,0.467829221,bowl_death,89540769.78,0.01325305
2018,JD Unadkat,Rajasthan Royals,6,12,22.83,28.26,0.894495306,bowl_death,171619808.7,0.013219309
2022,LH Ferguson,Gujarat Titans,2,11.05,29.27,26.83,0.643823713,bowl_death,124377845.1,0.013124308
2025,Arshad Khan,Gujarat Titans,1,12.33,22.22,27.78,0.525895894,bowl_death,102326250,0.01302604
2025,K Rabada,Gujarat Titans,1,11.25,25,25,0.557236646,bowl_death,112821250,0.012493362
2019,MM Sharma,Chennai Super Kings,1,16,16.67,50,0.356608033,bowl_death,72212627.65,0.012491221
2018,R Ashwin,Punjab Kings,2,11.5,12.5,16.67,0.559932362,bowl_death,113418308.4,0.012487425
2021,CH Morris,Rajasthan Royals,9,11.64,30.3,28.79,1.052686812,bowl_death,215493944.9,0.012349441
2015,AD Mathews,Delhi Capitals,1,9.2,30,23.33,0.623928548,bowl_death,130915003,0.012032725
2021,TK Curran,Delhi Capitals,1,14.77,15.38,38.46,0.329675165,bowl_death,69621120.68,0.011951263
2022,R Tewatia,Gujarat Titans,0,9,33.33,16.67,0.527635654,bowl_death,111940060.6,0.011893499
2023,SM Curran,Punjab Kings,7,10.99,20.48,24.1,1.02442593,bowl_death,218870934.5,0.011805595
2014,Mohammed Shami,Delhi Capitals,1,14,14.29,33.33,0.380038406,bowl_death,82323281.31,0.011635155
2014,A Mishra,Sunrisers Hyderabad,2,16.67,18.52,37.04,0.418206976,bowl_death,92008373.23,0.011446064
2020,SS Cottrell,Punjab Kings,2,16,27.78,44.44,0.52387886,bowl_death,118096649.4,0.011155391
2018,UT Yadav,Royal Challengers Bengaluru,0,16.08,20,36,0.260486702,bowl_death,62678538.85,0.01041046
2016,I Sharma,Lucknow Super Giants,0,16.5,16.67,50,0.257765715,bowl_death,62182683.2,0.010382221
2017,BA Stokes,Lucknow Super Giants,5,8.4,31.67,13.33,0.925203576,bowl_death,226171030.4,0.010237088
2018,Kuldeep Yadav,Kolkata Knight Riders,0,12,0,16.67,0.336506233,bowl_death,86556077.45,0.00969721
2017,TS Mills,Royal Challengers Bengaluru,2,9.09,37.14,20,0.684496218,bowl_death,187176025.2,0.009083506
2016,DR Smith,Gujarat Titans,0,21,0,50,0.136840894,bowl_death,37636887.2,0.009027266
2025,A Nortje,Kolkata Knight Riders,0,17,0,50,0.236111763,bowl_death,68217500,0.008562766
2014,MK Tiwary,Delhi Capitals,0,17,0,33.33,0.186218725,bowl_death,54236514.74,0.008489086
2022,R Shepherd,Sunrisers Hyderabad,0,17,16.67,33.33,0.326096951,bowl_death,96392829.94,0.008354897
2024,PJ Cummins,Sunrisers Hyderabad,4,11.67,20,28.89,0.761394636,bowl_death,227303333.8,0.008266297
2018,BA Stokes,Rajasthan Royals,2,10.57,33.33,26.19,0.605237417,bowl_death,186543270.4,0.007986525
2020,PJ Cummins,Kolkata Knight Riders,2,11.25,31.25,29.17,0.651044448,bowl_death,215352713.5,0.007397889
2022,LS Livingstone,Punjab Kings,0,14,33.33,33.33,0.411559188,bowl_death,143034521.8,0.007010102
2024,AS Joseph,Royal Challengers Bengaluru,0,15,18.18,36.36,0.341419634,bowl_death,127511626.3,0.006478776
2025,R Ashwin,Chennai Super Kings,0,18,16.67,50,0.269261467,bowl_death,102326250,0.006356027
2021,RP Meredith,Punjab Kings,1,18.86,21.43,42.86,0.26822066,bowl_death,106089326.7,0.006081703
2021,KA Jamieson,Royal Challengers Bengaluru,2,15,29.17,29.17,0.478164058,bowl_death,198917487.6,0.005750804
2014,Yuvraj Singh,Royal Challengers Bengaluru,0,6,16.67,0,0.592680017,bowl_death,271182573.7,0.005170257
2022,Washington Sundar,Sunrisers Hyderabad,0,18.5,8.33,50,0.234485232,bowl_death,108830614.4,0.005087946
2021,JA Richardson,Punjab Kings,1,13.5,16.67,33.33,0.372973292,bowl_death,185656321.8,0.004700607
2025,MP Stoinis,Punjab Kings,0,18.67,0,44.44,0.229695537,bowl_death,115445000,0.004649302
2015,Yuvraj Singh,Delhi Capitals,0,13,33.33,33.33,0.481197035,bowl_death,279285339.6,0.003940028
2022,NM Coulter-Nile,Rajasthan Royals,0,25,0,83.33,0.026824126,bowl_death,24875569.02,0.002225649
2025,Mohammed Shami,Sunrisers Hyderabad,0,27,0,66.67,0.046145797,bowl_death,104950000,0.000527193
2018,MP Stoinis,Punjab Kings,0,20,0,66.67,0.022341414,bowl_death,92525462.11,0
