season,player,team,wickets,balls,economy,dot_balls,dot_pct,boundaries_conceded,boundary_pct_conceded,wickets_z,economy_z,dot_pct_z,boundary_pct_conceded_z,impact_score,impact_score_pos,phase,name,year,adj_price,ROI
2013,A Ashish Reddy,Royal Challengers Bengaluru,0,6,13.0,1,16.67,2,33.33,0.04111917307430883,0.4533415063067017,0.25406429605835973,0.397244591898998,-0.30422407499618986,0.6762588485366174,middle,,,,
2013,A Ashish Reddy,Sunrisers Hyderabad,2,24,8.25,6,25.0,4,16.67,0.1604744382430755,0.30906638782405266,0.32633343910789214,0.2395676818842532,0.04344504246088812,1.0239279659936955,middle,,,,
2013,A Chandila,Rajasthan Royals,0,12,10.0,2,16.67,3,25.0,0.04111917307430883,0.36222037884397595,0.25406429605835973,0.31840613689162556,-0.21555948202453473,0.7649234415082726,middle,,,,
2013,A Chandila,Royal Challengers Bengaluru,0,12,5.5,6,50.0,1,8.33,0.04111917307430883,0.22553868764988738,0.5432276259312186,0.16063458287327045,0.012089180696264815,0.9925721042290722,middle,,,,
2013,A Mishra,Delhi Capitals,1,24,3.75,10,41.67,0,0.0,0.10079680565869216,0.17238469662996403,0.47095848288168624,0.08179612786589803,0.1382157704753933,1.1186986940082007,middle,,,,
2013,A Mishra,Lucknow Super Giants,0,18,5.67,6,33.33,1,5.56,0.04111917307430883,0.23070221820610848,0.3986025821574245,0.13441819387321985,-0.030185879080840177,0.9502970444519672,middle,,,,
2013,A Mishra,Punjab Kings,0,12,10.0,5,41.67,3,25.0,0.04111917307430883,0.36222037884397595,0.47095848288168624,0.31840613689162556,-0.15049122597753678,0.8299916975552706,middle,,,,
2013,A Mishra,Royal Challengers Bengaluru,0,24,10.5,7,29.17,6,25.0,0.04111917307430883,0.37740723342109694,0.362511389470023,0.31840613689162556,-0.19517483766273258,0.7853080858700747,middle,,,,
2013,A Mishra,Sunrisers Hyderabad,13,252,5.64,105,41.67,18,7.14,0.8169283966712921,0.22979100693148127,0.47095848288168624,0.1493719464436458,1.15297294503753,2.133455868570337,middle,,,,
2013,A Mithun,Royal Challengers Bengaluru,0,6,6.0,1,16.67,0,0.0,0.04111917307430883,0.24072554222700834,0.25406429605835973,0.08179612786589803,-0.07104161092581514,0.9094413126069921,middle,,,,
2013,A Nehra,Delhi Capitals,2,42,9.14,12,28.57,7,16.67,0.1604744382430755,0.336098988971328,0.3573059289862631,0.2395676818842532,0.031110708506579113,1.0115936320393863,middle,,,,
2013,A Nehra,Punjab Kings,1,6,5.0,4,66.67,1,16.67,0.10079680565869216,0.21035183307276645,0.6878526697050128,0.2395676818842532,0.14135600656447825,1.1218389300972855,middle,,,,
2013,A Nehra,Royal Challengers Bengaluru,0,6,8.0,2,33.33,1,16.67,0.04111917307430883,0.30147296053549216,0.3986025821574245,0.2395676818842532,-0.1078323705465538,0.8726505529862535,middle,,,,
2013,AA Chavan,Rajasthan Royals,1,6,10.0,2,33.33,1,16.67,0.10079680565869216,0.36222037884397595,0.3986025821574245,0.2395676818842532,-0.06691385631676582,0.9135690672160415,middle,,,,
2013,AB Agarkar,Delhi Capitals,0,36,7.33,11,30.56,4,11.11,0.04111917307430883,0.2811225754021501,0.3745707062573999,0.18694561587693134,-0.08823721200842313,0.8922457115243841,middle,,,,
2013,AB Dinda,Delhi Capitals,1,6,1.0,5,83.33,0,0.0,0.10079680565869216,0.08885699645579878,0.8323909558040774,0.08179612786589803,0.3134676724914428,1.29395059602425,middle,,,,
2013,AB Dinda,Lucknow Super Giants,4,42,7.29,14,33.33,6,14.29,0.27982970341184216,0.2799076270359804,0.3986025821574245,0.21704240902500388,0.27199074633120546,1.2524736698640129,middle,,,,
2013,AB Dinda,Punjab Kings,0,6,9.0,2,33.33,1,16.67,0.04111917307430883,0.3318466696897341,0.3986025821574245,0.2395676818842532,-0.13213133786994735,0.84835158566286,middle,,,,
2013,AB Dinda,Royal Challengers Bengaluru,0,6,15.0,1,16.67,2,33.33,0.04111917307430883,0.5140889246151855,0.25406429605835973,0.397244591898998,-0.35282200964297694,0.6276609138898304,middle,,,,
2013,AB McDonald,Royal Challengers Bengaluru,0,6,11.0,1,16.67,2,33.33,0.04111917307430883,0.3925940879982179,0.25406429605835973,0.397244591898998,-0.2556261403494028,0.7248567831834045,middle,,,,
2013,AD Mascarenhas,Punjab Kings,0,12,6.0,4,33.33,1,8.33,0.04111917307430883,0.24072554222700834,0.3986025821574245,0.16063458287327045,-0.0434478160975702,0.9370351074352371,middle,,,,
2013,AD Mathews,Lucknow Super Giants,1,84,8.64,21,25.0,12,14.29,0.10079680565869216,0.320912134394207,0.32633343910789214,0.21704240902500388,-0.05104294909996051,0.9294399744328468,middle,,,,
2013,AD Russell,Delhi Capitals,0,30,9.4,9,30.0,6,20.0,0.04111917307430883,0.34399615335143086,0.36971227647255744,0.27108413508648005,-0.15682130714521025,0.823661616387597,middle,,,,
2013,AG Murtaza,Lucknow Super Giants,2,42,6.71,12,28.57,5,11.9,0.1604744382430755,0.2622908757265201,0.3573059289862631,0.19442249216214436,0.09918623704684724,1.0796691605796545,middle,,,,
2013,AG Murtaza,Royal Challengers Bengaluru,0,6,28.0,0,0.0,5,83.33,0.04111917307430883,0.9089471436203305,0.10943925228456562,0.870464609950453,-0.8067401015895221,0.17374282194328516,middle,,,,
2013,AJ Finch,Lucknow Super Giants,1,12,8.5,1,8.33,2,16.67,0.10079680565869216,0.31665981511261315,0.181708395334098,0.2395676818842532,-0.0955336613786735,0.8849492621541338,middle,,,,
2013,AJ Finch,Royal Challengers Bengaluru,0,6,29.0,0,0.0,5,83.33,0.04111917307430883,0.9393208527745724,0.10943925228456562,0.870464609950453,-0.8310390689129157,0.14944385461989163,middle,,,,
2013,AM Nayar,Delhi Capitals,1,12,7.5,4,33.33,1,8.33,0.10079680565869216,0.28628610595837123,0.3986025821574245,0.16063458287327045,0.009620181793914495,0.9901031053267217,middle,AM Nayar,2013.0,83114359.61769001,0.011574632636484804
2013,AM Nayar,Lucknow Super Giants,0,30,7.4,6,20.0,2,6.67,0.04111917307430883,0.28324873504294706,0.28295460174322684,0.14492367827396216,-0.1090185835547188,0.8714643399780885,middle,AM Nayar,2013.0,83114359.61769001,-0.13116696567979733
2013,AN Ahmed,Mumbai Indians,1,12,4.0,7,58.33,1,8.33,0.10079680565869216,0.17997812391852452,0.615496768980751,0.16063458287327045,0.15973482347278983,1.1402177470055972,middle,,,,
2013,Anand Rajan,Delhi Capitals,1,18,6.33,6,33.33,1,5.56,0.10079680565869216,0.25074886624790815,0.3986025821574245,0.13441819387321985,0.043293251362295074,1.0237761748951024,middle,,,,
2013,Ankit Sharma,Sunrisers Hyderabad,0,6,7.0,2,33.33,1,16.67,0.04111917307430883,0.2710992513812503,0.3986025821574245,0.2395676818842532,-0.08353340322316032,0.896949520309647,middle,,,,
2013,Azhar Mahmood,Punjab Kings,1,60,6.6,20,33.33,7,11.67,0.10079680565869216,0.25894976771955347,0.3986025821574245,0.19224568007910764,0.02516703294380128,1.0056499564766086,middle,,,,
2013,B Kumar,Lucknow Super Giants,2,42,7.43,11,26.19,5,11.9,0.1604744382430755,0.28415994631757424,0.3366576024006825,0.19442249216214436,0.07549648259832972,1.055979406131137,middle,,,,
2013,B Kumar,Punjab Kings,0,6,8.0,1,16.67,1,16.67,0.04111917307430883,0.30147296053549216,0.25406429605835973,0.2395676818842532,-0.15119385637627322,0.829289067156534,middle,,,,
2013,B Laughlin,Chennai Super Kings,1,24,6.75,6,25.0,2,8.33,0.10079680565869216,0.2635058240926898,0.32633343910789214,0.16063458287327045,0.0061636643715999445,0.9866465879044073,middle,B Laughlin,2013.0,2462647.6923760003,0.2502860799245363
2013,BA Bhatt,Delhi Capitals,1,12,5.5,4,33.33,1,8.33,0.10079680565869216,0.22553868764988738,0.3986025821574245,0.16063458287327045,0.05821811644070157,1.0387010399735088,middle,,,,
2013,BA Bhatt,Punjab Kings,0,12,6.0,5,41.67,1,8.33,0.04111917307430883,0.24072554222700834,0.47095848288168624,0.16063458287327045,-0.021741045880291673,0.9587418776525156,middle,,,,
2013,BAW Mendis,Lucknow Super Giants,0,18,8.67,3,16.67,3,16.67,0.04111917307430883,0.32182334566883425,0.25406429605835973,0.2395676818842532,-0.1674741644829469,0.8130087590498604,middle,,,,
2013,BAW Mendis,Punjab Kings,0,12,9.0,3,25.0,2,16.67,0.04111917307430883,0.3318466696897341,0.32633343910789214,0.2395676818842532,-0.15381208078480704,0.8266708427480003,middle,,,,
2013,Bipul Sharma,Punjab Kings,0,12,5.0,5,41.67,1,8.33,0.04111917307430883,0.21035183307276645,0.47095848288168624,0.16063458287327045,0.0025579214431018377,0.9830408449759092,middle,,,,
2013,BJ Rohrer,Delhi Capitals,0,6,12.0,1,16.67,2,33.33,0.04111917307430883,0.4229677971524598,0.25406429605835973,0.397244591898998,-0.2799251076727963,0.700557815860011,middle,,,,
2013,BMAJ Mendis,Delhi Capitals,0,24,8.5,7,29.17,4,16.67,0.04111917307430883,0.31665981511261315,0.362511389470023,0.2395676818842532,-0.13080921201447102,0.8496737115183363,middle,,,,
2013,CH Gayle,Delhi Capitals,0,6,8.0,2,33.33,1,16.67,0.04111917307430883,0.30147296053549216,0.3986025821574245,0.2395676818842532,-0.1078323705465538,0.8726505529862535,middle,,,,
2013,CH Morris,Chennai Super Kings,4,96,6.88,39,40.63,13,13.54,0.27982970341184216,0.26745440628274125,0.46193568470983587,0.20994410875423206,0.3023729137536746,1.282855837286482,middle,CH Morris,2013.0,76957740.38675001,0.39290773382132044
2013,CL White,Royal Challengers Bengaluru,1,6,14.0,1,16.67,2,33.33,0.10079680565869216,0.48371521546094365,0.25406429605835973,0.397244591898998,-0.23900659344300837,0.741476330089799,middle,,,,
2013,CL White,Sunrisers Hyderabad,0,6,2.0,4,66.67,0,0.0,0.04111917307430883,0.1192307056100407,0.6878526697050128,0.08179612786589803,0.15629077046175488,1.136773693994562,middle,,,,
2013,DJ Bravo,Chennai Super Kings,9,162,7.89,51,31.48,24,14.81,0.5782178663337588,0.29813185252852553,0.38255241233249837,0.22196389721273904,0.6991942617350194,1.6796771852678267,middle,,,,
2013,DJ Bravo,Delhi Capitals,0,6,8.0,1,16.67,1,16.67,0.04111917307430883,0.30147296053549216,0.25406429605835973,0.2395676818842532,-0.15119385637627322,0.829289067156534,middle,,,,
2013,DJ Bravo,Lucknow Super Giants,0,12,4.0,6,50.0,0,0.0,0.04111917307430883,0.17997812391852452,0.5432276259312186,0.08179612786589803,0.06430532268282961,1.0447882462156368,middle,,,,
2013,DJ Bravo,Punjab Kings,1,18,8.33,6,33.33,3,16.67,0.10079680565869216,0.311496284556392,0.3986025821574245,0.2395676818842532,-0.02633458088669867,0.9541483426461086,middle,,,,
2013,DJ Bravo,Royal Challengers Bengaluru,0,6,16.0,3,50.0,3,50.0,0.04111917307430883,0.5444626337694275,0.5432276259312186,0.5550161459173532,-0.3219262888081838,0.6585566347246234,middle,,,,
2013,DJ Hussey,Delhi Capitals,0,24,4.0,9,37.5,0,0.0,0.04111917307430883,0.17997812391852452,0.43478053251955534,0.08179612786589803,0.03177119465933061,1.0122541181921378,middle,,,,
2013,DJ Hussey,Punjab Kings,0,18,8.0,4,22.22,2,11.11,0.04111917307430883,0.30147296053549216,0.3022148055331382,0.18694561587693134,-0.1262242903323753,0.854258633200432,middle,,,,
2013,DJG Sammy,Punjab Kings,3,12,4.0,8,66.67,1,8.33,0.22015207082745883,0.17997812391852452,0.6878526697050128,0.16063458287327045,0.36047449144321836,1.3409574149760257,middle,DJG Sammy,2013.0,52331263.46299,0.6888320051705901
2013,DJG Sammy,Sunrisers Hyderabad,4,66,6.09,26,39.39,7,10.61,0.27982970341184216,0.24345917605089012,0.45117773304339887,0.1822134156964168,0.32388785105078743,1.3043707745835946,middle,DJG Sammy,2013.0,52331263.46299,0.618918462153793
2013,DP Nannes,Chennai Super Kings,0,18,10.67,5,27.78,4,22.22,0.04111917307430883,0.3825707639773181,0.350452072682646,0.29209510388796467,-0.1976612505431904,0.7828216729896169,middle,DP Nannes,2013.0,73879430.77128,-0.26754571398244925
2013,DR Smith,Delhi Capitals,0,12,12.0,2,16.67,3,25.0,0.04111917307430883,0.4229677971524598,0.25406429605835973,0.31840613689162556,-0.2641574166713218,0.7163255068614856,middle,,,,
2013,DR Smith,Mumbai Indians,2,12,11.5,3,25.0,4,33.33,0.1604744382430755,0.40778094257533887,0.32633343910789214,0.397244591898998,-0.06706198334308985,0.9134209401897174,middle,,,,
2013,DS Kulkarni,Mumbai Indians,2,24,9.5,8,33.33,5,20.83,0.1604744382430755,0.347033524266855,0.3986025821574245,0.2789395873861342,0.026877695121129697,1.007360618653937,middle,,,,
2013,DT Christian,Royal Challengers Bengaluru,0,6,5.0,1,16.67,0,0.0,0.04111917307430883,0.21035183307276645,0.25406429605835973,0.08179612786589803,-0.04674264360242163,0.9337402799303857,middle,DT Christian,2013.0,12313238.46188,-0.37961291618878384
2013,DW Steyn,Delhi Capitals,0,6,5.0,4,66.67,1,16.67,0.04111917307430883,0.21035183307276645,0.6878526697050128,0.2395676818842532,0.05183955768790324,1.0323224812207106,middle,,,,
2013,DW Steyn,Lucknow Super Giants,0,6,6.0,2,33.33,0,0.0,0.04111917307430883,0.24072554222700834,0.3986025821574245,0.08179612786589803,-0.027680125096095715,0.9528027984367116,middle,,,,
2013,DW Steyn,Punjab Kings,0,6,4.0,4,66.67,0,0.0,0.04111917307430883,0.17997812391852452,0.6878526697050128,0.08179612786589803,0.10769283581496784,1.0881757593477752,middle,,,,
2013,DW Steyn,Royal Challengers Bengaluru,0,12,5.0,4,33.33,0,0.0,0.04111917307430883,0.21035183307276645,0.3986025821574245,0.08179612786589803,-0.0033811577727022035,0.9771017657601051,middle,,,,
2013,DW Steyn,Sunrisers Hyderabad,3,60,5.9,24,40.0,6,10.0,0.22015207082745883,0.23768817131158418,0.456469951201888,0.17644013147618906,0.2417305282572495,1.222213451790057,middle,,,,
2013,GB Hogg,Rajasthan Royals,0,12,10.0,2,16.67,2,16.67,0.04111917307430883,0.36222037884397595,0.25406429605835973,0.2395676818842532,-0.19979179102306024,0.7806911325097471,middle,,,,
2013,GH Vihari,Punjab Kings,0,6,1.0,5,83.33,0,0.0,0.04111917307430883,0.08885699645579878,0.8323909558040774,0.08179612786589803,0.2239512236148678,1.2044341471476752,middle,,,,
2013,GJ Maxwell,Lucknow Super Giants,0,6,6.0,1,16.67,0,0.0,0.04111917307430883,0.24072554222700834,0.25406429605835973,0.08179612786589803,-0.07104161092581514,0.9094413126069921,middle,,,,
2013,GJ Maxwell,Punjab Kings,0,6,18.0,1,16.67,3,50.0,0.04111917307430883,0.6052100520779113,0.25406429605835973,0.5550161459173532,-0.45727322241682855,0.5232097011159788,middle,,,,
2013,Harbhajan Singh,Delhi Capitals,0,12,10.0,1,8.33,3,25.0,0.04111917307430883,0.36222037884397595,0.181708395334098,0.31840613689162556,-0.23726625224181325,0.743216671290994,middle,,,,
2013,Harbhajan Singh,Lucknow Super Giants,1,24,3.75,10,41.67,0,0.0,0.10079680565869216,0.17238469662996403,0.47095848288168624,0.08179612786589803,0.1382157704753933,1.1186986940082007,middle,,,,
2013,Harbhajan Singh,Mumbai Indians,14,210,6.91,72,34.29,20,9.52,0.8766060292556753,0.2683656175573685,0.40693131893144024,0.17189721930289506,1.1879165016564712,2.1683994251892784,middle,,,,
2013,Harbhajan Singh,Punjab Kings,0,12,6.0,3,25.0,1,8.33,0.04111917307430883,0.24072554222700834,0.32633343910789214,0.16063458287327045,-0.0651285590124299,0.9153543645203774,middle,,,,
2013,Harbhajan Singh,Royal Challengers Bengaluru,1,24,5.25,15,62.5,3,12.5,0.10079680565869216,0.21794526036132691,0.6516747193428819,0.2001011323787618,0.1323211895260889,1.1128041130588961,middle,,,,
2013,Harmeet Singh,Delhi Capitals,2,6,4.0,3,50.0,0,0.0,0.1604744382430755,0.17997812391852452,0.5432276259312186,0.08179612786589803,0.24333822043597964,1.223821143968787,middle,,,,
2013,Harmeet Singh,Lucknow Super Giants,1,12,5.5,8,66.67,1,8.33,0.10079680565869216,0.22553868764988738,0.6878526697050128,0.16063458287327045,0.14499314270497804,1.1254760662377854,middle,,,,
2013,Harmeet Singh,Punjab Kings,1,18,9.33,7,38.89,4,22.22,0.10079680565869216,0.3418699937106339,0.4468398493069323,0.29209510388796467,-0.04666785246598214,0.9338150710668252,middle,,,,
2013,I Sharma,Lucknow Super Giants,1,6,4.0,3,50.0,0,0.0,0.10079680565869216,0.17997812391852452,0.5432276259312186,0.08179612786589803,0.15382177155940463,1.134304695092212,middle,,,,
2013,I Sharma,Sunrisers Hyderabad,0,60,10.1,12,20.0,11,18.33,0.04111917307430883,0.36525774975940023,0.28295460174322684,0.25527858648356144,-0.19669677696980123,0.783786146563006,middle,,,,
2013,IC Pandey,Royal Challengers Bengaluru,0,6,12.0,0,0.0,2,33.33,0.04111917307430883,0.4229677971524598,0.10943925228456562,0.397244591898998,-0.3233126208049345,0.6571703027278728,middle,,,,
2013,IK Pathan,Delhi Capitals,4,66,8.09,19,28.79,12,18.18,0.27982970341184216,0.30420659435937397,0.35921459783030846,0.2538589264294071,0.23337187369347515,1.2138547972262825,middle,,,,
2013,IK Pathan,Lucknow Super Giants,1,12,8.0,6,50.0,2,16.67,0.10079680565869216,0.30147296053549216,0.5432276259312186,0.2395676818842532,0.025071591462159454,1.0055545149949667,middle,,,,
2013,IK Pathan,Punjab Kings,1,18,7.0,7,38.89,2,11.11,0.10079680565869216,0.2710992513812503,0.4468398493069323,0.18694561587693134,0.030978638999731398,1.0114615625325387,middle,,,,
2013,IK Pathan,Royal Challengers Bengaluru,0,12,12.0,0,0.0,3,25.0,0.04111917307430883,0.4229677971524598,0.10943925228456562,0.31840613689162556,-0.30754492980346004,0.6729379937293473,middle,,,,
2013,Iqbal Abdulla,Kolkata Knight Riders,4,54,7.56,19,35.19,9,16.67,0.27982970341184216,0.2881085285076257,0.41473950965708,0.2395676818842532,0.265766048831936,1.2462489723647434,middle,,,,
2013,Iqbal Abdulla,Lucknow Super Giants,2,18,5.67,7,38.89,1,5.56,0.1604744382430755,0.23070221820610848,0.4468398493069323,0.13441819387321985,0.16331819881716217,1.1438011223499696,middle,,,,
2013,J Botha,Delhi Capitals,4,72,6.75,25,34.72,8,11.11,0.27982970341184216,0.2635058240926898,0.4106618989448015,0.18694561587693134,0.2947493423516655,1.2752322658844728,middle,J Botha,2013.0,55409573.07846001,0.5319466041261501
2013,J Syed Mohammad,Delhi Capitals,0,6,20.0,0,0.0,4,66.67,0.04111917307430883,0.6659574703863952,0.10943925228456562,0.7127876999357083,-0.5808129809994249,0.3996699425333824,middle,,,,
2013,J Syed Mohammad,Royal Challengers Bengaluru,3,48,8.13,10,20.83,6,12.5,0.22015207082745883,0.3054215427255436,0.2901554887457613,0.2001011323787618,0.1329172922087294,1.1134002157415366,middle,,,,
2013,JA Morkel,Chennai Super Kings,2,18,6.67,6,33.33,1,5.56,0.1604744382430755,0.2610759273603504,0.3986025821574245,0.13441819387321985,0.1245480513489163,1.1050309748817235,middle,,,,
2013,JA Morkel,Lucknow Super Giants,0,12,4.5,6,50.0,1,8.33,0.04111917307430883,0.19516497849564549,0.5432276259312186,0.16063458287327045,0.036388148019658326,1.0168710715524656,middle,,,,
2013,JD Unadkat,Royal Challengers Bengaluru,5,168,8.64,48,28.57,30,17.86,0.33950733599622546,0.320912134394207,0.3573059289862631,0.2508303183138778,0.30955701151207593,1.2900399350448832,middle,JD Unadkat,2013.0,64644501.92487001,0.47886054079563306
2013,JDP Oram,Royal Challengers Bengaluru,0,6,8.0,3,50.0,1,16.67,0.04111917307430883,0.30147296053549216,0.5432276259312186,0.2395676818842532,-0.06444485741441555,0.9160380661183918,middle,JDP Oram,2013.0,6156619.23094,-1.0467572379748427
2013,JH Kallis,Delhi Capitals,0,12,11.0,2,16.67,3,25.0,0.04111917307430883,0.3925940879982179,0.25406429605835973,0.31840613689162556,-0.23985844934792827,0.7406244741848791,middle,,,,
2013,JH Kallis,Kolkata Knight Riders,4,114,7.32,37,32.46,14,12.28,0.27982970341184216,0.28081883831060767,0.39105466445597276,0.1980189642993354,0.2728020909462018,1.253285014479009,middle,,,,
2013,JH Kallis,Lucknow Super Giants,0,6,15.0,1,16.67,2,33.33,0.04111917307430883,0.5140889246151855,0.25406429605835973,0.397244591898998,-0.35282200964297694,0.6276609138898304,middle,,,,
2013,JH Kallis,Punjab Kings,1,6,3.0,3,50.0,0,0.0,0.10079680565869216,0.1496044147642826,0.5432276259312186,0.08179612786589803,0.17812073888279817,1.1586036624156055,middle,,,,
2013,JH Kallis,Royal Challengers Bengaluru,0,12,11.5,6,50.0,2,16.67,0.04111917307430883,0.40778094257533887,0.5432276259312186,0.2395676818842532,-0.14949124304629294,0.8309916804865144,middle,,,,
2013,JJ Bumrah,Royal Challengers Bengaluru,1,12,9.5,4,33.33,3,25.0,0.10079680565869216,0.347033524266855,0.3986025821574245,0.31840613689162556,-0.07053206365654358,0.9099508598762638,middle,,,,
2013,JO Holder,Chennai Super Kings,0,36,7.33,11,30.56,4,11.11,0.04111917307430883,0.2811225754021501,0.3745707062573999,0.18694561587693134,-0.08823721200842313,0.8922457115243841,middle,JO Holder,2013.0,2462647.6923760003,-3.5830221383916476
2013,JP Faulkner,Lucknow Super Giants,0,6,5.0,4,66.67,1,16.67,0.04111917307430883,0.21035183307276645,0.6878526697050128,0.2395676818842532,0.05183955768790324,1.0323224812207106,middle,JP Faulkner,2013.0,49252953.84752,0.10525167251570533
2013,JP Faulkner,Punjab Kings,0,12,10.0,4,33.33,3,25.0,0.04111917307430883,0.36222037884397595,0.3986025821574245,0.31840613689162556,-0.1721979961948153,0.808284927337992,middle,JP Faulkner,2013.0,49252953.84752,-0.34961963241415994
2013,JP Faulkner,Rajasthan Royals,6,72,7.17,28,38.89,10,13.89,0.3991849685806088,0.2762627819374714,0.4468398493069323,0.2132566488805923,0.46916785233689734,1.4496507758697046,middle,JP Faulkner,2013.0,49252953.84752,0.9525679491008253
2013,JP Faulkner,Royal Challengers Bengaluru,1,12,4.5,4,33.33,0,0.0,0.10079680565869216,0.19516497849564549,0.3986025821574245,0.08179612786589803,0.09828477476556957,1.078767698298377,middle,JP Faulkner,2013.0,49252953.84752,0.1995510260559092
2013,K Upadhyay,Lucknow Super Giants,0,6,6.0,2,33.33,0,0.0,0.04111917307430883,0.24072554222700834,0.3986025821574245,0.08179612786589803,-0.027680125096095715,0.9528027984367116,middle,,,,
2013,KA Pollard,Delhi Capitals,0,6,11.0,1,16.67,2,33.33,0.04111917307430883,0.3925940879982179,0.25406429605835973,0.397244591898998,-0.2556261403494028,0.7248567831834045,middle,,,,
2013,KA Pollard,Mumbai Indians,6,108,8.33,34,31.48,16,14.81,0.3991849685806088,0.311496284556392,0.38255241233249837,0.22196389721273904,0.41995336948300127,1.4004362930158085,middle,,,,
2013,KA Pollard,Punjab Kings,0,6,12.0,1,16.67,2,33.33,0.04111917307430883,0.4229677971524598,0.25406429605835973,0.397244591898998,-0.2799251076727963,0.700557815860011,middle,,,,
2013,KA Pollard,Royal Challengers Bengaluru,0,6,15.0,2,33.33,3,50.0,0.04111917307430883,0.5140889246151855,0.3986025821574245,0.5550161459173532,-0.3410148346169285,0.6394680889158788,middle,,,,
2013,KK Cooper,Delhi Capitals,0,12,12.0,1,8.33,2,16.67,0.04111917307430883,0.4229677971524598,0.181708395334098,0.2395676818842532,-0.2700964958871258,0.7103864276456815,middle,,,,
2013,KK Cooper,Lucknow Super Giants,0,12,7.0,3,25.0,1,8.33,0.04111917307430883,0.2710992513812503,0.32633343910789214,0.16063458287327045,-0.08942752633582347,0.8910553971969838,middle,,,,
2013,KK Cooper,Punjab Kings,1,12,6.5,2,16.67,0,0.0,0.10079680565869216,0.2559123968041293,0.25406429605835973,0.08179612786589803,0.006325354289063098,0.9868082778218704,middle,,,,
2013,KK Cooper,Rajasthan Royals,8,114,7.32,38,33.33,16,14.04,0.5185402337493754,0.28081883831060767,0.3986025821574245,0.21467630893474662,0.6298007928358551,1.6102837163686625,middle,,,,
2013,KV Sharma,Lucknow Super Giants,1,18,4.33,8,44.44,1,5.56,0.10079680565869216,0.19000144793942436,0.4949903587817108,0.13441819387321985,0.12080751899636802,1.1012904425291754,middle,,,,
2013,KV Sharma,Punjab Kings,0,6,6.0,3,50.0,0,0.0,0.04111917307430883,0.24072554222700834,0.5432276259312186,0.08179612786589803,0.015707388036042533,0.9961903115688499,middle,,,,
2013,KV Sharma,Sunrisers Hyderabad,8,132,6.73,56,42.42,16,12.12,0.5185402337493754,0.2628983499096049,0.477465308486386,0.19650466024157076,0.6714303311939808,1.651913254726788,middle,,,,
2013,KW Richardson,Delhi Capitals,0,6,10.0,1,16.67,1,16.67,0.04111917307430883,0.36222037884397595,0.25406429605835973,0.2395676818842532,-0.19979179102306024,0.7806911325097471,middle,KW Richardson,2013.0,86192669.23316,-0.23179673259984904
2013,KW Richardson,Lucknow Super Giants,0,12,9.0,2,16.67,1,8.33,0.04111917307430883,0.3318466696897341,0.25406429605835973,0.16063458287327045,-0.1597062038974702,0.820776719635337,middle,KW Richardson,2013.0,86192669.23316,-0.18528977617046358
2013,L Balaji,Delhi Capitals,0,12,10.5,0,0.0,2,16.67,0.04111917307430883,0.37740723342109694,0.10943925228456562,0.2395676818842532,-0.2553287878168953,0.725154135715912,middle,,,,
2013,L Balaji,Kolkata Knight Riders,4,60,7.3,15,25.0,5,8.33,0.27982970341184216,0.2802113641275228,0.32633343910789214,0.16063458287327045,0.2613485789734585,1.2418315025062658,middle,,,,
2013,L Balaji,Punjab Kings,1,6,9.0,1,16.67,1,16.67,0.10079680565869216,0.3318466696897341,0.25406429605835973,0.2395676818842532,-0.08597637482309176,0.8945065487097156,middle,,,,
2013,L Balaji,Royal Challengers Bengaluru,1,18,6.67,10,55.56,3,16.67,0.10079680565869216,0.2610759273603504,0.5914648930807265,0.2395676818842532,0.07186039814712522,1.0523433216799325,middle,,,,
2013,LJ Wright,Delhi Capitals,0,6,16.0,0,0.0,2,33.33,0.04111917307430883,0.5444626337694275,0.10943925228456562,0.397244591898998,-0.42050849009850866,0.5599744334342986,middle,,,,
2013,LJ Wright,Lucknow Super Giants,1,12,11.5,3,25.0,3,25.0,0.10079680565869216,0.40778094257533887,0.32633343910789214,0.31840613689162556,-0.14081074121819037,0.8396721823146169,middle,,,,
2013,LJ Wright,Punjab Kings,0,12,9.5,2,16.67,2,16.67,0.04111917307430883,0.347033524266855,0.25406429605835973,0.2395676818842532,-0.18764230736136353,0.7928406161714437,middle,,,,
2013,LJ Wright,Royal Challengers Bengaluru,1,24,6.75,7,29.17,2,8.33,0.10079680565869216,0.2635058240926898,0.362511389470023,0.16063458287327045,0.017017049480239202,0.9974999730130465,middle,,,,
2013,LR Shukla,Kolkata Knight Riders,1,18,7.33,7,38.89,3,16.67,0.10079680565869216,0.2811225754021501,0.4468398493069323,0.2395676818842532,0.012435566581547208,0.9929184901143545,middle,,,,
2013,M Kartik,Delhi Capitals,0,24,5.5,7,29.17,1,4.17,0.04111917307430883,0.22553868764988738,0.362511389470023,0.12126267737138938,-0.03425130914171766,0.9462316143910896,middle,,,,
2013,M Kartik,Lucknow Super Giants,0,12,8.5,3,25.0,1,8.33,0.04111917307430883,0.31665981511261315,0.32633343910789214,0.16063458287327045,-0.1258759773209137,0.8546069462118936,middle,,,,
2013,M Kartik,Punjab Kings,2,18,9.33,5,27.78,3,16.67,0.1604744382430755,0.3418699937106339,0.350452072682646,0.2395676818842532,0.024437747824049283,1.0049206713568566,middle,,,,
2013,M Kartik,Royal Challengers Bengaluru,4,138,7.57,45,32.61,17,12.32,0.27982970341184216,0.28841226559916816,0.39235602957691273,0.19839754031377657,0.26704204344874716,1.2475249669815545,middle,,,,
2013,M Morkel,Delhi Capitals,2,60,7.2,21,35.0,7,11.67,0.1604744382430755,0.2771739932120986,0.4130911138372227,0.19224568007910764,0.1044506609302796,1.084933584463087,middle,,,,
2013,M Morkel,Lucknow Super Giants,0,6,14.0,0,0.0,2,33.33,0.04111917307430883,0.48371521546094365,0.10943925228456562,0.397244591898998,-0.3719105554517216,0.6085723680810857,middle,,,,
2013,M Morkel,Punjab Kings,0,6,2.0,4,66.67,0,0.0,0.04111917307430883,0.1192307056100407,0.6878526697050128,0.08179612786589803,0.15629077046175488,1.136773693994562,middle,,,,
2013,M Morkel,Royal Challengers Bengaluru,0,6,7.0,2,33.33,1,16.67,0.04111917307430883,0.2710992513812503,0.3986025821574245,0.2395676818842532,-0.08353340322316032,0.896949520309647,middle,,,,
2013,M Muralitharan,Lucknow Super Giants,0,18,11.0,7,38.89,4,22.22,0.04111917307430883,0.3925940879982179,0.4468398493069323,0.29209510388796467,-0.17676357677262433,0.803719346760183,middle,,,,
2013,M Muralitharan,Royal Challengers Bengaluru,2,84,7.0,26,30.95,11,13.1,0.1604744382430755,0.2710992513812503,0.3779542555718438,0.20577977259537925,0.09606257841209029,1.0765455019448975,middle,,,,
2013,MC Henriques,Lucknow Super Giants,0,6,19.0,0,0.0,3,50.0,0.04111917307430883,0.6355837612321532,0.10943925228456562,0.5550161459173532,-0.5249597028723603,0.45552322066044704,middle,MC Henriques,2013.0,36939715.38564,-1.421125467242863
2013,MC Henriques,Punjab Kings,0,6,11.0,1,16.67,1,16.67,0.04111917307430883,0.3925940879982179,0.25406429605835973,0.2395676818842532,-0.22409075834645378,0.7563921651863535,middle,MC Henriques,2013.0,36939715.38564,-0.6066391037586801
2013,MC Henriques,Royal Challengers Bengaluru,1,12,13.0,2,16.67,4,33.33,0.10079680565869216,0.4533415063067017,0.25406429605835973,0.397244591898998,-0.21470762611961483,0.7657752974131925,middle,MC Henriques,2013.0,36939715.38564,-0.5812379003956283
2013,MG Johnson,Lucknow Super Giants,0,6,3.0,3,50.0,0,0.0,0.04111917307430883,0.1496044147642826,0.5432276259312186,0.08179612786589803,0.08860429000622315,1.0690872135390304,middle,,,,
2013,MG Johnson,Mumbai Indians,3,60,9.7,17,28.33,10,16.67,0.22015207082745883,0.3531082660977034,0.3552237447927592,0.2395676818842532,0.10639508042400264,1.08687800395681,middle,,,,
2013,MG Johnson,Royal Challengers Bengaluru,0,6,7.0,3,50.0,1,16.67,0.04111917307430883,0.2710992513812503,0.5432276259312186,0.2395676818842532,-0.04014589009102207,0.9403370334417852,middle,,,,
2013,MG Neser,Punjab Kings,0,6,11.0,2,33.33,1,16.67,0.04111917307430883,0.3925940879982179,0.3986025821574245,0.2395676818842532,-0.18072927251673437,0.799753651016073,middle,,,,
2013,MM Patel,Delhi Capitals,0,12,6.0,4,33.33,1,8.33,0.04111917307430883,0.24072554222700834,0.3986025821574245,0.16063458287327045,-0.0434478160975702,0.9370351074352371,middle,,,,
2013,MM Patel,Mumbai Indians,1,18,8.67,4,22.22,4,22.22,0.10079680565869216,0.32182334566883425,0.3022148055331382,0.29209510388796467,-0.07401804716468068,0.9064648763681267,middle,,,,
2013,MM Sharma,Chennai Super Kings,2,30,5.8,12,40.0,3,10.0,0.1604744382430755,0.23465080039615993,0.456469951201888,0.17644013147618906,0.1546439761130139,1.1351268996458213,middle,,,,
2013,MM Sharma,Lucknow Super Giants,0,6,6.0,1,16.67,0,0.0,0.04111917307430883,0.24072554222700834,0.25406429605835973,0.08179612786589803,-0.07104161092581514,0.9094413126069921,middle,,,,
2013,MN Samuels,Lucknow Super Giants,1,6,4.0,3,50.0,0,0.0,0.10079680565869216,0.17997812391852452,0.5432276259312186,0.08179612786589803,0.15382177155940463,1.134304695092212,middle,,,,
2013,Mohammed Shami,Kolkata Knight Riders,0,18,11.33,5,27.78,4,22.22,0.04111917307430883,0.40261741201911777,0.350452072682646,0.29209510388796467,-0.21369856897663014,0.7667843545561772,middle,,,,
2013,MR Marsh,Lucknow Super Giants,6,74,6.16,28,37.84,7,9.46,0.3991849685806088,0.24558533569168708,0.43773029346035264,0.17132935528123336,0.49936240129942266,1.47984532483223,middle,,,,
2013,MR Marsh,Royal Challengers Bengaluru,0,6,10.0,1,16.67,1,16.67,0.04111917307430883,0.36222037884397595,0.25406429605835973,0.2395676818842532,-0.19979179102306024,0.7806911325097471,middle,,,,
2013,MS Gony,Punjab Kings,7,102,8.35,40,39.22,21,20.59,0.45886260116499217,0.3121037587394768,0.4497028525730002,0.27666813129948725,0.5181881242679094,1.4986710478007166,middle,MS Gony,2013.0,61566192.30940001,0.8416764214745692
2013,MS Gony,Royal Challengers Bengaluru,0,24,11.75,7,29.17,6,25.0,0.04111917307430883,0.4153743698638993,0.362511389470023,0.31840613689162556,-0.22554854681697445,0.7549343767158329,middle,MS Gony,2013.0,61566192.30940001,-0.36635130151217327
2013,NLTC Perera,Delhi Capitals,0,6,5.0,1,16.67,0,0.0,0.04111917307430883,0.21035183307276645,0.25406429605835973,0.08179612786589803,-0.04674264360242163,0.9337402799303857,middle,NLTC Perera,2013.0,83114359.61769001,-0.05623895054648649
2013,NLTC Perera,Lucknow Super Giants,0,6,6.0,2,33.33,0,0.0,0.04111917307430883,0.24072554222700834,0.3986025821574245,0.08179612786589803,-0.027680125096095715,0.9528027984367116,middle,NLTC Perera,2013.0,83114359.61769001,-0.03330366163370438
2013,NLTC Perera,Punjab Kings,0,12,6.0,6,50.0,2,16.67,0.04111917307430883,0.24072554222700834,0.5432276259312186,0.2395676818842532,-0.015846922767628502,0.9646360007651789,middle,NLTC Perera,2013.0,83114359.61769001,-0.01906640782714477
2013,NLTC Perera,Royal Challengers Bengaluru,0,6,11.0,1,16.67,1,16.67,0.04111917307430883,0.3925940879982179,0.25406429605835973,0.2395676818842532,-0.22409075834645378,0.7563921651863535,middle,NLTC Perera,2013.0,83114359.61769001,-0.2696173794483023
2013,NLTC Perera,Sunrisers Hyderabad,4,96,6.94,33,34.38,12,12.5,0.27982970341184216,0.2692768288319958,0.40771213800400424,0.2001011323787618,0.2866165069776155,1.2670994305104228,middle,NLTC Perera,2013.0,83114359.61769001,0.3448459547736348
2013,NM Coulter-Nile,Punjab Kings,0,6,12.0,0,0.0,2,33.33,0.04111917307430883,0.4229677971524598,0.10943925228456562,0.397244591898998,-0.3233126208049345,0.6571703027278728,middle,NM Coulter-Nile,2013.0,55409573.07846001,-0.5834959607920522
2013,P Awana,Lucknow Super Giants,1,18,4.33,11,61.11,2,11.11,0.10079680565869216,0.19000144793942436,0.6396154025555049,0.18694561587693134,0.15368954772776394,1.1341724712605712,middle,,,,
2013,P Awana,Punjab Kings,4,120,7.35,45,37.5,17,14.17,0.27982970341184216,0.28173004958523495,0.43478053251955534,0.2159066809816804,0.28161333900910573,1.262096262541913,middle,,,,
2013,P Awana,Royal Challengers Bengaluru,0,6,15.0,0,0.0,2,33.33,0.04111917307430883,0.5140889246151855,0.10943925228456562,0.397244591898998,-0.3962095227751151,0.5842734007576922,middle,,,,
2013,P Kumar,Lucknow Super Giants,1,12,9.5,3,25.0,2,16.67,0.10079680565869216,0.347033524266855,0.32633343910789214,0.2395676818842532,-0.0764451155699288,0.9040378079628785,middle,,,,
2013,P Kumar,Punjab Kings,2,30,7.4,13,43.33,3,10.0,0.1604744382430755,0.28324873504294706,0.4853602568867551,0.17644013147618906,0.12443272010104431,1.1049156436338516,middle,,,,
2013,P Negi,Delhi Capitals,0,18,7.33,2,11.11,1,5.56,0.04111917307430883,0.2811225754021501,0.2058270289088519,0.13441819387321985,-0.12835483081224525,0.8521280927205621,middle,,,,
2013,Parvez Rasool,Lucknow Super Giants,0,18,6.0,5,27.78,1,5.56,0.04111917307430883,0.24072554222700834,0.350452072682646,0.13441819387321985,-0.052649691139993626,0.9278332323928137,middle,,,,
2013,PJ Sangwan,Royal Challengers Bengaluru,0,12,17.0,3,25.0,5,41.67,0.04111917307430883,0.5748363429236694,0.32633343910789214,0.47617769090998074,-0.3955258211771008,0.5849571023557065,middle,,,,
2013,PP Chawla,Delhi Capitals,0,12,8.5,6,50.0,3,25.0,0.04111917307430883,0.31665981511261315,0.5432276259312186,0.31840613689162556,-0.0923620320775868,0.8881208914552206,middle,,,,
2013,PP Chawla,Lucknow Super Giants,1,24,4.75,11,45.83,1,4.17,0.10079680565869216,0.20275840578420595,0.5070496755690878,0.12126267737138938,0.11685085105712194,1.0973337745899292,middle,,,,
2013,PP Chawla,Punjab Kings,8,246,7.34,81,32.93,32,13.01,0.5185402337493754,0.2814263124936925,0.39513227516825133,0.20492797656288667,0.6302233878670072,1.6107063113998143,middle,,,,
2013,PP Chawla,Royal Challengers Bengaluru,0,24,6.75,9,37.5,3,12.5,0.04111917307430883,0.2635058240926898,0.43478053251955534,0.2001011323787618,-0.05871196638257438,0.9217709571502329,middle,,,,
2013,PP Ojha,Lucknow Super Giants,0,12,9.0,5,41.67,2,16.67,0.04111917307430883,0.3318466696897341,0.47095848288168624,0.2395676818842532,-0.11042456765266881,0.8700583558801385,middle,,,,
2013,PP Ojha,Mumbai Indians,13,194,7.45,69,35.57,26,13.4,0.8169283966712921,0.2847674205006591,0.4180363012967946,0.208619092703688,1.0812657304547117,2.061748653987519,middle,,,,
2013,PV Tambe,Rajasthan Royals,1,54,8.67,16,29.63,10,18.52,0.10079680565869216,0.32182334566883425,0.3665022425075722,0.257076822552157,-0.04772815980518895,0.9327547637276183,middle,,,,
2013,R Ashwin,Chennai Super Kings,10,228,7.03,71,31.14,23,10.09,0.637895498918142,0.2720104626558775,0.3796026513917011,0.17729192750868167,0.817657288168285,1.7981402117010923,middle,,,,
2013,R Ashwin,Delhi Capitals,2,24,4.5,11,45.83,1,4.17,0.1604744382430755,0.19516497849564549,0.5070496755690878,0.12126267737138938,0.2124420417645453,1.1929249652973526,middle,,,,
2013,R Ashwin,Lucknow Super Giants,0,12,10.0,5,41.67,3,25.0,0.04111917307430883,0.36222037884397595,0.47095848288168624,0.31840613689162556,-0.15049122597753678,0.8299916975552706,middle,,,,
2013,R Ashwin,Punjab Kings,1,18,8.33,3,16.67,2,11.11,0.10079680565869216,0.311496284556392,0.25406429605835973,0.18694561587693134,-0.05917165351495372,0.9213112700178536,middle,,,,
2013,R Bhatia,Delhi Capitals,0,12,10.5,5,41.67,3,25.0,0.04111917307430883,0.37740723342109694,0.47095848288168624,0.31840613689162556,-0.1626407096392336,0.8178422138935737,middle,,,,
2013,R Bhatia,Kolkata Knight Riders,7,180,7.5,40,22.22,22,12.22,0.45886260116499217,0.28628610595837123,0.3022148055331382,0.19745110027767365,0.510439238585198,1.4909221621180053,middle,,,,
2013,R Bhatia,Lucknow Super Giants,1,18,6.33,4,22.22,1,5.56,0.10079680565869216,0.25074886624790815,0.3022148055331382,0.13441819387321985,0.014376918375009182,0.9948598419078165,middle,,,,
2013,R Bhatia,Punjab Kings,0,24,8.0,1,4.17,2,8.33,0.04111917307430883,0.30147296053549216,0.1456172026466965,0.16063458287327045,-0.16794136459757564,0.8125415589352316,middle,,,,
2013,R Dhawan,Mumbai Indians,0,24,8.0,8,33.33,2,8.33,0.04111917307430883,0.30147296053549216,0.3986025821574245,0.16063458287327045,-0.09204575074435725,0.88843717278845,middle,,,,
2013,R Dhawan,Punjab Kings,0,12,11.5,1,8.33,2,16.67,0.04111917307430883,0.40778094257533887,0.181708395334098,0.2395676818842532,-0.25794701222542915,0.7225359113073782,middle,,,,
2013,R Rampaul,Delhi Capitals,0,6,9.0,1,16.67,1,16.67,0.04111917307430883,0.3318466696897341,0.25406429605835973,0.2395676818842532,-0.17549282369966676,0.8049900998331405,middle,,,,
2013,R Rampaul,Punjab Kings,0,12,10.5,2,16.67,2,16.67,0.04111917307430883,0.37740723342109694,0.25406429605835973,0.2395676818842532,-0.21194127468475707,0.7685416488480502,middle,,,,
2013,R Rampaul,Royal Challengers Bengaluru,2,24,3.75,10,41.67,0,0.0,0.1604744382430755,0.17238469662996403,0.47095848288168624,0.08179612786589803,0.2277322193519683,1.2082151428847756,middle,,,,
2013,R Sathish,Punjab Kings,0,18,11.33,1,5.56,4,22.22,0.04111917307430883,0.40261741201911777,0.15767651943407343,0.29209510388796467,-0.2715312349512019,0.7089516885816054,middle,,,,
2013,R Sharma,Delhi Capitals,1,12,7.0,6,50.0,2,16.67,0.10079680565869216,0.2710992513812503,0.5432276259312186,0.2395676818842532,0.04937055878555294,1.0298534823183603,middle,,,,
2013,R Sharma,Lucknow Super Giants,7,162,6.07,60,37.04,13,8.02,0.45886260116499217,0.2428517018678053,0.43078967948200614,0.1577006187613514,0.5917093203455756,1.5721922438783829,middle,,,,
2013,R Sharma,Punjab Kings,0,12,8.5,1,8.33,1,8.33,0.04111917307430883,0.31665981511261315,0.181708395334098,0.16063458287327045,-0.16926349045305195,0.8112194330797553,middle,,,,
2013,R Shukla,Delhi Capitals,1,12,9.5,4,33.33,3,25.0,0.10079680565869216,0.347033524266855,0.3986025821574245,0.31840613689162556,-0.07053206365654358,0.9099508598762638,middle,,,,
2013,R Shukla,Rajasthan Royals,0,6,13.0,3,50.0,2,33.33,0.04111917307430883,0.4533415063067017,0.5432276259312186,0.397244591898998,-0.21747507603433217,0.7630078474984752,middle,,,,
2013,R Vinay Kumar,Delhi Capitals,1,12,4.5,4,33.33,0,0.0,0.10079680565869216,0.19516497849564549,0.3986025821574245,0.08179612786589803,0.09828477476556957,1.078767698298377,middle,,,,
2013,R Vinay Kumar,Lucknow Super Giants,2,12,9.0,4,33.33,2,16.67,0.1604744382430755,0.3318466696897341,0.3986025821574245,0.2395676818842532,0.04690155988320267,1.02738448341601,middle,,,,
2013,R Vinay Kumar,Punjab Kings,0,6,17.0,0,0.0,3,50.0,0.04111917307430883,0.5748363429236694,0.10943925228456562,0.5550161459173532,-0.4763617682255732,0.5041211553072341,middle,,,,
2013,R Vinay Kumar,Royal Challengers Bengaluru,4,102,7.88,33,32.35,15,14.71,0.27982970341184216,0.2978281154369832,0.3901003300339501,0.22101745717663615,0.2543086703430345,1.2347915938758418,middle,,,,
2013,RA Jadeja,Chennai Super Kings,8,132,7.14,48,36.36,16,12.12,0.5185402337493754,0.2753515706628441,0.4248901576004117,0.19650466024157076,0.6456952093255971,1.6261781328584044,middle,,,,
2013,RA Jadeja,Delhi Capitals,1,24,5.25,8,33.33,1,4.17,0.10079680565869216,0.21794526036132691,0.3986025821574245,0.12126267737138938,0.07216723937192618,1.0526501629047336,middle,,,,
2013,RA Jadeja,Lucknow Super Giants,1,12,1.5,9,75.0,0,0.0,0.10079680565869216,0.10404385103291974,0.7601218127545452,0.08179612786589803,0.2796374459148864,1.2601203694476937,middle,,,,
2013,RA Jadeja,Punjab Kings,0,18,7.67,4,22.22,2,11.11,0.04111917307430883,0.2914496365145923,0.3022148055331382,0.18694561587693134,-0.11820563111565545,0.8622772924171519,middle,,,,
2013,RE van der Merwe,Delhi Capitals,1,42,6.43,15,35.71,4,9.52,0.10079680565869216,0.2537862371633324,0.4192509087430052,0.17189721930289506,0.03956204751969488,1.0200449710525021,middle,,,,
2013,RG Sharma,Mumbai Indians,0,6,5.0,2,33.33,0,0.0,0.04111917307430883,0.21035183307276645,0.3986025821574245,0.08179612786589803,-0.0033811577727022035,0.9771017657601051,middle,,,,
2013,RJ Harris,Punjab Kings,0,18,8.33,8,44.44,5,27.78,0.04111917307430883,0.311496284556392,0.4949903587817108,0.3447171698952865,-0.10796459437819445,0.8725183291546128,middle,,,,
2013,RN ten Doeschate,Kolkata Knight Riders,0,12,10.5,1,8.33,2,16.67,0.04111917307430883,0.37740723342109694,0.181708395334098,0.2395676818842532,-0.23364804490203558,0.7468348786307717,middle,,,,
2013,RN ten Doeschate,Lucknow Super Giants,0,6,3.0,3,50.0,0,0.0,0.04111917307430883,0.1496044147642826,0.5432276259312186,0.08179612786589803,0.08860429000622315,1.0690872135390304,middle,,,,
2013,RP Singh,Lucknow Super Giants,0,6,10.0,4,66.67,2,33.33,0.04111917307430883,0.36222037884397595,0.6878526697050128,0.397244591898998,-0.10119066093201332,0.879292262600794,middle,,,,
2013,RP Singh,Punjab Kings,0,12,16.0,2,16.67,5,41.67,0.04111917307430883,0.5444626337694275,0.25406429605835973,0.47617769090998074,-0.392907596768567,0.5875753267642403,middle,,,,
2013,RP Singh,Royal Challengers Bengaluru,0,42,8.57,10,23.81,6,14.29,0.04111917307430883,0.3187859747534101,0.31600927581510174,0.21704240902500388,-0.1419557192517351,0.8385272042810722,middle,,,,
2013,RV Gomez,Lucknow Super Giants,0,6,5.0,4,66.67,1,16.67,0.04111917307430883,0.21035183307276645,0.6878526697050128,0.2395676818842532,0.05183955768790324,1.0323224812207106,middle,,,,
2013,S Badree,Delhi Capitals,0,6,8.0,2,33.33,1,16.67,0.04111917307430883,0.30147296053549216,0.3986025821574245,0.2395676818842532,-0.1078323705465538,0.8726505529862535,middle,,,,
2013,S Kaul,Delhi Capitals,1,18,7.67,2,11.11,2,11.11,0.10079680565869216,0.2914496365145923,0.2058270289088519,0.18694561587693134,-0.057605515226366324,0.9228774083064409,middle,,,,
2013,S Kaul,Lucknow Super Giants,1,6,5.0,2,33.33,0,0.0,0.10079680565869216,0.21035183307276645,0.3986025821574245,0.08179612786589803,0.0861352911038728,1.06661821463668,middle,,,,
2013,S Kaul,Punjab Kings,0,12,7.0,1,8.33,1,8.33,0.04111917307430883,0.2710992513812503,0.181708395334098,0.16063458287327045,-0.1328150394679617,0.8476678840648456,middle,,,,
2013,S Ladda,Kolkata Knight Riders,1,12,9.0,3,25.0,2,16.67,0.10079680565869216,0.3318466696897341,0.32633343910789214,0.2395676818842532,-0.06429563190823204,0.9161872916245752,middle,,,,
2013,S Nadeem,Delhi Capitals,7,198,5.94,70,35.35,16,8.08,0.45886260116499217,0.23890311967775385,0.41612763245274925,0.15826848278301317,0.5903559991845073,1.5708389227173147,middle,,,,
2013,S Nadeem,Lucknow Super Giants,1,24,5.25,8,33.33,1,4.17,0.10079680565869216,0.21794526036132691,0.3986025821574245,0.12126267737138938,0.07216723937192618,1.0526501629047336,middle,,,,
2013,S Nadeem,Royal Challengers Bengaluru,0,18,8.33,6,33.33,3,16.67,0.04111917307430883,0.311496284556392,0.3986025821574245,0.2395676818842532,-0.11585102976327367,0.8646318937695336,middle,,,,
2013,S Sreesanth,Delhi Capitals,0,6,7.0,2,33.33,1,16.67,0.04111917307430883,0.2710992513812503,0.3986025821574245,0.2395676818842532,-0.08353340322316032,0.896949520309647,middle,,,,
2013,S Sreesanth,Rajasthan Royals,2,42,5.0,25,59.52,5,11.9,0.1604744382430755,0.21035183307276645,0.6258209322735414,0.19442249216214436,0.22129197215603363,1.201774895688841,middle,,,,
2013,Sandeep Sharma,Punjab Kings,3,30,6.8,11,36.67,4,13.33,0.22015207082745883,0.26502450955040185,0.42757964551702093,0.207956584678416,0.20489107532028983,1.1853739988530971,middle,,,,
2013,SK Raina,Chennai Super Kings,1,12,11.5,2,16.67,3,25.0,0.10079680565869216,0.40778094257533887,0.25406429605835973,0.31840613689162556,-0.1624914841330501,0.8179914393997572,middle,,,,
2013,SK Trivedi,Delhi Capitals,0,12,8.0,1,8.33,1,8.33,0.04111917307430883,0.30147296053549216,0.181708395334098,0.16063458287327045,-0.15711400679135518,0.8233689167414522,middle,,,,
2013,SK Trivedi,Lucknow Super Giants,0,24,7.75,7,29.17,3,12.5,0.04111917307430883,0.2938795332469317,0.362511389470023,0.2001011323787618,-0.10469167662082761,0.8757912469119797,middle,,,,
2013,SK Trivedi,Punjab Kings,0,12,9.0,2,16.67,2,16.67,0.04111917307430883,0.3318466696897341,0.25406429605835973,0.2395676818842532,-0.17549282369966676,0.8049900998331405,middle,,,,
2013,SK Trivedi,Rajasthan Royals,9,240,7.25,80,33.33,27,11.25,0.5782178663337588,0.27869267866981073,0.3986025821574245,0.18827063192747545,0.7262993048265218,1.7067822283593292,middle,,,,
2013,SK Trivedi,Royal Challengers Bengaluru,0,18,4.0,9,50.0,0,0.0,0.04111917307430883,0.17997812391852452,0.5432276259312186,0.08179612786589803,0.06430532268282961,1.0447882462156368,middle,,,,
2013,SL Malinga,Delhi Capitals,1,12,7.5,3,25.0,2,16.67,0.10079680565869216,0.28628610595837123,0.32633343910789214,0.2395676818842532,-0.027847180923141757,0.9526357426096655,middle,,,,
2013,SL Malinga,Lucknow Super Giants,1,6,6.0,1,16.67,0,0.0,0.10079680565869216,0.24072554222700834,0.25406429605835973,0.08179612786589803,0.018474837950759868,0.9989577614835672,middle,,,,
2013,SL Malinga,Mumbai Indians,5,114,6.63,42,36.84,13,11.4,0.33950733599622546,0.25986097899418076,0.42905452598741955,0.1896902919816298,0.3921505201988934,1.3726334437317007,middle,,,,
2013,SL Malinga,Punjab Kings,0,12,11.5,4,33.33,4,33.33,0.04111917307430883,0.40778094257533887,0.3986025821574245,0.397244591898998,-0.22441413818138017,0.7560687853514272,middle,,,,
2013,SMSM Senanayake,Kolkata Knight Riders,3,42,9.57,11,26.19,8,19.05,0.22015207082745883,0.34915968390765195,0.3366576024006825,0.26209295474350247,0.09947904888657094,1.0799619724193783,middle,SMSM Senanayake,2013.0,76957740.38675001,0.12926451372745668
2013,SMSM Senanayake,Punjab Kings,1,12,9.0,3,25.0,2,16.67,0.10079680565869216,0.3318466696897341,0.32633343910789214,0.2395676818842532,-0.06429563190823204,0.9161872916245752,middle,SMSM Senanayake,2013.0,76957740.38675001,-0.08354667325874598
2013,SP Narine,Delhi Capitals,0,18,4.0,10,55.56,1,5.56,0.04111917307430883,0.17997812391852452,0.5914648930807265,0.13441819387321985,0.0682520896262176,1.048735013159025,middle,,,,
2013,SP Narine,Kolkata Knight Riders,8,114,4.95,51,44.74,6,5.26,0.5185402337493754,0.20883314761505434,0.49759308902359073,0.1315788737649111,0.7337059844861146,1.7141889080189219,middle,,,,
2013,SP Narine,Lucknow Super Giants,0,6,2.0,4,66.67,0,0.0,0.04111917307430883,0.1192307056100407,0.6878526697050128,0.08179612786589803,0.15629077046175488,1.136773693994562,middle,,,,
2013,SP Narine,Punjab Kings,3,6,3.0,4,66.67,0,0.0,0.22015207082745883,0.1496044147642826,0.6878526697050128,0.08179612786589803,0.4005411497680864,1.3810240733008938,middle,,,,
2013,SP Narine,Royal Challengers Bengaluru,0,12,4.0,7,58.33,1,8.33,0.04111917307430883,0.17997812391852452,0.615496768980751,0.16063458287327045,0.07021837459621484,1.0507012981290222,middle,,,,
2013,SR Watson,Punjab Kings,1,18,6.0,6,33.33,2,11.11,0.10079680565869216,0.24072554222700834,0.3986025821574245,0.18694561587693134,0.040806426178272626,1.02128934971108,middle,,,,
2013,SR Watson,Rajasthan Royals,1,78,8.23,25,32.05,13,16.67,0.10079680565869216,0.30845891364096784,0.38749759979207016,0.2395676818842532,-0.02723617886396562,0.9532467446688417,middle,,,,
2013,SR Watson,Royal Challengers Bengaluru,1,6,6.0,4,66.67,1,16.67,0.10079680565869216,0.24072554222700834,0.6878526697050128,0.2395676818842532,0.11705703924108474,1.097539962773892,middle,,,,
2013,STR Binny,Delhi Capitals,0,6,11.0,1,16.67,1,16.67,0.04111917307430883,0.3925940879982179,0.25406429605835973,0.2395676818842532,-0.22409075834645378,0.7563921651863535,middle,,,,
2013,STR Binny,Rajasthan Royals,4,108,6.11,46,42.59,10,9.26,0.27982970341184216,0.24406665023397495,0.47894018895678464,0.16943647520902752,0.3342859965758131,1.3147689201086203,middle,,,,
2013,SW Tait,Rajasthan Royals,1,6,9.0,3,50.0,2,33.33,0.10079680565869216,0.3318466696897341,0.5432276259312186,0.397244591898998,-0.03076275786418306,0.9497201656686243,middle,,,,
2013,SW Tait,Royal Challengers Bengaluru,0,6,11.0,2,33.33,2,33.33,0.04111917307430883,0.3925940879982179,0.3986025821574245,0.397244591898998,-0.21226465451968335,0.768218269013124,middle,,,,
2013,TM Dilshan,Royal Challengers Bengaluru,0,6,10.0,0,0.0,1,16.67,0.04111917307430883,0.36222037884397595,0.10943925228456562,0.2395676818842532,-0.24317930415519848,0.7373036193776088,middle,,,,
2013,UT Yadav,Delhi Capitals,1,77,9.27,23,29.87,16,20.78,0.10079680565869216,0.3400475711613794,0.3685844267010761,0.2784663673680828,-0.06596079390435902,0.9145221296284483,middle,,,,
2013,UT Yadav,Lucknow Super Giants,0,6,17.0,2,33.33,3,50.0,0.04111917307430883,0.5748363429236694,0.3986025821574245,0.5550161459173532,-0.3896127692637156,0.5908701542690917,middle,,,,
2013,UT Yadav,Punjab Kings,0,12,10.5,5,41.67,4,33.33,0.04111917307430883,0.37740723342109694,0.47095848288168624,0.397244591898998,-0.1784084006407081,0.8020745228920992,middle,,,,
2013,UT Yadav,Royal Challengers Bengaluru,0,12,6.5,5,41.67,1,8.33,0.04111917307430883,0.2559123968041293,0.47095848288168624,0.16063458287327045,-0.03389052954198844,0.9465923939908188,middle,,,,
2013,VS Malik,Rajasthan Royals,0,6,13.0,0,0.0,2,33.33,0.04111917307430883,0.4533415063067017,0.10943925228456562,0.397244591898998,-0.34761158812832804,0.6328713354044793,middle,,,,
2013,WD Parnell,Lucknow Super Giants,1,18,7.33,9,50.0,4,22.22,0.10079680565869216,0.2811225754021501,0.5432276259312186,0.29209510388796467,0.03084641516809082,1.0113293387008981,middle,,,,
2013,YK Pathan,Kolkata Knight Riders,1,24,7.25,3,12.5,1,4.17,0.10079680565869216,0.27869267866981073,0.21788634569622886,0.12126267737138938,-0.030645566213219556,0.9498373573195877,middle,,,,
2013,YS Chahal,Mumbai Indians,0,24,8.75,8,33.33,4,16.67,0.04111917307430883,0.32425324240117365,0.3986025821574245,0.2395676818842532,-0.12605659603909902,0.8544263274937083,middle,,,,
2013,Yuvraj Singh,Delhi Capitals,0,12,4.5,3,25.0,0,0.0,0.04111917307430883,0.19516497849564549,0.32633343910789214,0.08179612786589803,-0.012912417025865139,0.9675705065069422,middle,,,,
2013,Yuvraj Singh,Lucknow Super Giants,5,96,7.19,30,31.25,12,12.5,0.33950733599622546,0.2768702561205562,0.38055698581372377,0.2001011323787618,0.36191166836625793,1.3423945918990652,middle,,,,
2013,Yuvraj Singh,Punjab Kings,0,6,11.0,1,16.67,1,16.67,0.04111917307430883,0.3925940879982179,0.25406429605835973,0.2395676818842532,-0.22409075834645378,0.7563921651863535,middle,,,,
2013,Z Khan,Royal Challengers Bengaluru,2,12,13.0,5,41.67,5,41.67,0.1604744382430755,0.4533415063067017,0.47095848288168624,0.47617769090998074,-0.0759095409982384,0.9045733825345689,middle,,,,
2014,A Mishra,Delhi Capitals,1,12,7.5,5,41.67,2,16.67,0.10461915046259035,0.2742199620092445,0.49200837321797486,0.23573931226925726,0.03800740559803094,1.0184903291308383,middle,A Mishra,2014.0,92008373.22575,0.041308637752758316
2014,A Mishra,Delhi Capitals,1,12,7.5,5,41.67,2,16.67,0.10461915046259035,0.2742199620092445,0.49200837321797486,0.23573931226925726,0.03800740559803094,1.0184903291308383,middle,A Mishra,2014.0,1937018.3837,1.96216029325602
2014,A Mishra,Delhi Capitals,1,12,7.5,5,41.67,2,16.67,0.10461915046259035,0.2742199620092445,0.49200837321797486,0.23573931226925726,0.03800740559803094,1.0184903291308383,middle,A Mishra,2014.0,1937018.3837,1.96216029325602
2014,A Mishra,Punjab Kings,0,12,15.0,3,25.0,4,33.33,0.03782058057850096,0.518687686893331,0.3390247367808232,0.4114786587126618,-0.3388075893551988,0.6416753341776085,middle,A Mishra,2014.0,92008373.22575,-0.3682356045181963
2014,A Mishra,Punjab Kings,0,12,15.0,3,25.0,4,33.33,0.03782058057850096,0.518687686893331,0.3390247367808232,0.4114786587126618,-0.3388075893551988,0.6416753341776085,middle,A Mishra,2014.0,1937018.3837,-17.491191214614325
2014,A Mishra,Punjab Kings,0,12,15.0,3,25.0,4,33.33,0.03782058057850096,0.518687686893331,0.3390247367808232,0.4114786587126618,-0.3388075893551988,0.6416753341776085,middle,A Mishra,2014.0,1937018.3837,-17.491191214614325
2014,A Mishra,Sunrisers Hyderabad,2,138,7.57,44,31.88,17,12.32,0.1714177203466797,0.2765016607748293,0.40216375409861577,0.18985298831794808,0.11860378046615122,1.0990867039989585,middle,A Mishra,2014.0,92008373.22575,0.12890542056987275
2014,A Mishra,Sunrisers Hyderabad,2,138,7.57,44,31.88,17,12.32,0.1714177203466797,0.2765016607748293,0.40216375409861577,0.18985298831794808,0.11860378046615122,1.0990867039989585,middle,A Mishra,2014.0,1937018.3837,6.123007477068955
2014,A Mishra,Sunrisers Hyderabad,2,138,7.57,44,31.88,17,12.32,0.1714177203466797,0.2765016607748293,0.40216375409861577,0.18985298831794808,0.11860378046615122,1.0990867039989585,middle,A Mishra,2014.0,1937018.3837,6.123007477068955
2014,A Nehra,Chennai Super Kings,0,12,16.5,2,16.67,5,41.67,0.03782058057850096,0.5675812318701482,0.2625788044759958,0.4994538177365511,-0.4184512368328786,0.5620316866999286,middle,A Nehra,2014.0,38740367.673999995,-1.0801426572771424
2014,AB Dinda,Delhi Capitals,0,12,10.0,0,0.0,1,8.33,0.03782058057850096,0.3557092036372733,0.10959516803884416,0.147764153245368,-0.22451077227948757,0.7559721512533197,middle,AB Dinda,2014.0,29055275.7555,-0.7727022595439967
2014,AB Dinda,Punjab Kings,0,6,5.0,4,66.67,1,16.67,0.03782058057850096,0.1927307203812157,0.7214379419599539,0.23573931226925726,0.07182981469691359,1.0523127382297208,middle,AB Dinda,2014.0,29055275.7555,0.24721780409644403
2014,AB Dinda,Royal Challengers Bengaluru,1,66,5.45,27,40.91,1,1.52,0.10461915046259035,0.20739878387426086,0.4850337143282186,0.07592832195607715,0.12133414850172697,1.1018170720345344,middle,AB Dinda,2014.0,29055275.7555,0.4175976491249067
2014,AD Russell,Kolkata Knight Riders,1,12,10.0,3,25.0,3,25.0,0.10461915046259035,0.3557092036372733,0.3390247367808232,0.32360898549095957,-0.0906530132798781,0.8898299102529292,middle,AD Russell,2014.0,11622110.302199999,-0.7800047575070597
2014,AN Ahmed,Royal Challengers Bengaluru,1,32,7.88,10,31.25,5,15.63,0.10461915046259035,0.2866063267367049,0.3963821289663179,0.22476878884181783,0.001604545226053404,0.9820874687588607,middle,,,,
2014,Ankit Sharma,Rajasthan Royals,2,12,6.5,5,41.67,1,8.33,0.1714177203466797,0.24162426535803297,0.49200837321797486,0.147764153245368,0.18187684954991204,1.1623597730827193,middle,,,,
2014,AR Patel,Delhi Capitals,1,12,2.5,8,66.67,0,0.0,0.10461915046259035,0.11124147875318686,0.7214379419599539,0.0598944800236657,0.27238802927458905,1.2528709528073962,middle,AR Patel,2014.0,14527637.87775,1.8749643374011176
2014,AR Patel,Punjab Kings,9,234,6.23,95,40.6,26,11.11,0.6390077095353054,0.2328234272622059,0.48218878767581813,0.17708920625333108,0.8814916175452725,1.8619745410780797,middle,AR Patel,2014.0,14527637.87775,6.067687155771779
2014,AR Patel,Royal Challengers Bengaluru,0,12,5.5,4,33.33,1,8.33,0.03782058057850096,0.20902856870682143,0.4154706690856506,0.147764153245368,-0.015403614021084144,0.9650793095117232,middle,AR Patel,2014.0,14527637.87775,-0.10602972176692095
2014,B Kumar,Delhi Capitals,0,6,7.0,1,16.67,0,0.0,0.03782058057850096,0.2579221136836387,0.2625788044759958,0.0598944800236657,-0.08281207474109395,0.8976708487917133,middle,B Kumar,2014.0,82323281.30725,-0.10059374872585515
2014,B Kumar,Punjab Kings,1,6,3.0,3,50.0,0,0.0,0.10461915046259035,0.12753932707879265,0.5684543055228023,0.0598944800236657,0.21345465968295893,1.1939375832157662,middle,B Kumar,2014.0,82323281.30725,0.25928832803237706
2014,B Kumar,Sunrisers Hyderabad,3,32,8.25,12,37.5,7,21.88,0.2382162902307691,0.29866673449765313,0.4537395211518127,0.2906974152086413,0.1963734210518467,1.176856344584654,middle,B Kumar,2014.0,82323281.30725,0.23853935112102076
2014,BCJ Cutting,Rajasthan Royals,1,12,7.0,7,58.33,3,25.0,0.10461915046259035,0.2579221136836387,0.6449002378276295,0.32360898549095957,0.07933930899707146,1.0598222325298787,middle,BCJ Cutting,2014.0,15496147.0696,0.5119937791034365
2014,BE Hendricks,Punjab Kings,0,6,8.0,1,16.67,0,0.0,0.03782058057850096,0.29051781033485025,0.2625788044759958,0.0598944800236657,-0.10888863206206317,0.8715942914707442,middle,BE Hendricks,2014.0,34866330.9066,-0.3123030993819059
2014,BW Hilfenhaus,Chennai Super Kings,1,18,12.67,5,27.78,5,27.78,0.10461915046259035,0.4427397136960081,0.3645373048249313,0.3529340384989227,-0.15848866151522617,0.8219942620175811,middle,BW Hilfenhaus,2014.0,19370183.836999997,-0.8182093822593915
2014,BW Hilfenhaus,Delhi Capitals,1,6,12.0,2,33.33,2,33.33,0.10461915046259035,0.42090059693969634,0.4154706690856506,0.4114786587126618,-0.13744628287470878,0.8430366406580985,middle,BW Hilfenhaus,2014.0,19370183.836999997,-0.709576553487146
2014,CJ Anderson,Delhi Capitals,0,6,12.0,0,0.0,2,33.33,0.03782058057850096,0.42090059693969634,0.10959516803884416,0.4114786587126618,-0.32940678801488477,0.6510761355179225,middle,CJ Anderson,2014.0,87165827.2665,-0.3779081761109884
2014,CJ Anderson,Mumbai Indians,0,24,9.25,4,16.67,4,16.67,0.03782058057850096,0.33126243114886467,0.2625788044759958,0.23573931226925726,-0.17665329516239303,0.8038296283704143,middle,CJ Anderson,2014.0,87165827.2665,-0.2026634757016587
2014,DJ Hussey,Chennai Super Kings,0,6,10.0,2,33.33,1,16.67,0.03782058057850096,0.3557092036372733,0.4154706690856506,0.23573931226925726,-0.1503431537702235,0.8301397697625839,middle,,,,
2014,DJG Sammy,Punjab Kings,1,12,11.0,4,33.33,3,25.0,0.10461915046259035,0.38830490028848486,0.4154706690856506,0.32360898549095957,-0.09379579090939912,0.8866871326234081,middle,DJG Sammy,2014.0,67795643.4295,-0.13835076439231145
2014,DJG Sammy,Royal Challengers Bengaluru,0,12,12.5,3,25.0,4,33.33,0.03782058057850096,0.43719844526530216,0.3390247367808232,0.4114786587126618,-0.2736161960527757,0.7068667274800315,middle,DJG Sammy,2014.0,67795643.4295,-0.4035896441300191
2014,DJG Sammy,Sunrisers Hyderabad,1,42,12.0,8,19.05,11,26.19,0.10461915046259035,0.42090059693969634,0.28442049942023223,0.33616179595120277,-0.16169796122204247,0.8187849623107648,middle,DJG Sammy,2014.0,67795643.4295,-0.2385078937855211
2014,DR Smith,Chennai Super Kings,3,36,9.0,10,27.78,7,19.44,0.2382162902307691,0.3231135069860618,0.3645373048249313,0.26495887947503344,0.15520304530977688,1.1356859688425842,middle,DR Smith,2014.0,87165827.2665,0.17805492149493463
2014,DR Smith,Delhi Capitals,0,6,9.0,1,16.67,1,16.67,0.03782058057850096,0.3231135069860618,0.2625788044759958,0.23573931226925726,-0.17013415583215075,0.8103487677006566,middle,DR Smith,2014.0,87165827.2665,-0.19518446754596172
2014,DR Smith,Punjab Kings,1,12,14.5,2,16.67,4,33.33,0.10461915046259035,0.5023898385677251,0.2625788044759958,0.4114786587126618,-0.24850523556002824,0.7319776879727791,middle,DR Smith,2014.0,87165827.2665,-0.28509479385797676
2014,DS Kulkarni,Delhi Capitals,0,6,3.0,3,50.0,0,0.0,0.03782058057850096,0.12753932707879265,0.5684543055228023,0.0598944800236657,0.11325680485682485,1.0937397283896322,middle,DS Kulkarni,2014.0,21307202.2207,0.5315423568224061
2014,DS Kulkarni,Rajasthan Royals,1,30,10.2,6,20.0,7,23.33,0.10461915046259035,0.3622283429675156,0.2931388230324274,0.3059928565257443,-0.10611087307554765,0.8743720504572596,middle,DS Kulkarni,2014.0,21307202.2207,-0.4980047214854922
2014,DW Steyn,Delhi Capitals,0,6,11.0,1,16.67,1,16.67,0.03782058057850096,0.38830490028848486,0.2625788044759958,0.23573931226925726,-0.2222872704740892,0.7581956530587182,middle,,,,
2014,DW Steyn,Sunrisers Hyderabad,1,60,8.8,18,30.0,11,18.33,0.10461915046259035,0.3165943676558195,0.384910650529219,0.2532499554322855,-0.031523564358461494,0.9489593591743458,middle,,,,
2014,GJ Maxwell,Punjab Kings,1,54,9.89,12,22.22,10,18.52,0.10461915046259035,0.35212367700564007,0.3135121687367151,0.25525418567383695,-0.08176740242437942,0.8987155211084279,middle,,,,
2014,GJ Maxwell,Royal Challengers Bengaluru,0,6,24.0,0,0.0,3,50.0,0.03782058057850096,0.8120489567542347,0.10959516803884416,0.5873234909582534,-0.6774944423156339,0.30298848121717337,middle,,,,
2014,Harbhajan Singh,Delhi Capitals,0,12,7.5,2,16.67,1,8.33,0.03782058057850096,0.2742199620092445,0.2625788044759958,0.147764153245368,-0.113424288045919,0.8670586354868883,middle,,,,
2014,Harbhajan Singh,Mumbai Indians,10,204,6.68,83,40.69,22,10.78,0.7058062794193948,0.247491490755251,0.48301473412328916,0.1736081747811628,0.9708990118056456,1.951381935338453,middle,,,,
2014,Harbhajan Singh,Royal Challengers Bengaluru,0,18,3.67,8,44.44,0,0.0,0.03782058057850096,0.14937844383510435,0.5174291694345861,0.0598944800236657,0.08047797062531065,1.060960894158118,middle,,,,
2014,HV Patel,Royal Challengers Bengaluru,1,36,10.5,11,30.56,9,25.0,0.10461915046259035,0.3720070519628791,0.3900498728690393,0.32360898549095957,-0.08838375111389789,0.8920991724189095,middle,HV Patel,2014.0,7748073.5348,-1.1407190537999885
2014,I Sharma,Royal Challengers Bengaluru,0,12,9.5,3,25.0,2,16.67,0.03782058057850096,0.33941135531166755,0.3390247367808232,0.23573931226925726,-0.1602386548011871,0.8202442687316203,middle,I Sharma,2014.0,50362477.9762,-0.318170712086311
2014,I Sharma,Sunrisers Hyderabad,1,30,9.4,12,40.0,6,20.0,0.10461915046259035,0.3361517856465464,0.4766824780260106,0.27086608439750076,-0.023161176295048623,0.9573217472377586,middle,I Sharma,2014.0,50362477.9762,-0.045988952938324425
2014,IC Pandey,Chennai Super Kings,2,60,6.5,22,36.67,8,13.33,0.1714177203466797,0.24162426535803297,0.446122459469579,0.2005070543388268,0.1575624952067015,1.1380454187395088,middle,IC Pandey,2014.0,29055275.7555,0.5422853203410944
2014,IC Pandey,Punjab Kings,0,12,12.0,3,25.0,4,33.33,0.03782058057850096,0.42090059693969634,0.3390247367808232,0.4114786587126618,-0.260577917392291,0.7199050061405163,middle,IC Pandey,2014.0,29055275.7555,-0.8968351207025289
2014,IK Pathan,Delhi Capitals,0,12,6.5,1,8.33,0,0.0,0.03782058057850096,0.24162426535803297,0.18604110034367158,0.0598944800236657,-0.09273510732030663,0.8877478162125007,middle,IK Pathan,2014.0,46488441.208799995,-0.19947992427578407
2014,IK Pathan,Punjab Kings,0,6,12.0,2,33.33,2,33.33,0.03782058057850096,0.42090059693969634,0.4154706690856506,0.4114786587126618,-0.2376441377008428,0.7428387858319645,middle,IK Pathan,2014.0,46488441.208799995,-0.5111897313000422
2014,IK Pathan,Royal Challengers Bengaluru,0,12,9.5,5,41.67,2,16.67,0.03782058057850096,0.33941135531166755,0.49200837321797486,0.23573931226925726,-0.11434356387004159,0.8661393596627657,middle,IK Pathan,2014.0,46488441.208799995,-0.24596127746351926
2014,IK Pathan,Sunrisers Hyderabad,1,54,8.78,15,27.78,11,20.37,0.10461915046259035,0.3159424537227952,0.3645373048249313,0.27476905907841676,-0.04141785765255466,0.9390650658802526,middle,IK Pathan,2014.0,46488441.208799995,-0.0890928079660251
2014,Imran Tahir,Delhi Capitals,2,30,10.4,6,20.0,7,23.33,0.1714177203466797,0.36874748229775794,0.2931388230324274,0.3059928565257443,-0.011128329713607436,0.9693545938191999,middle,,,,
2014,Imran Tahir,Punjab Kings,1,23,8.35,8,34.78,4,17.39,0.10461915046259035,0.3019263041627743,0.4287775840726854,0.2433342900267153,-0.0046459004198713405,0.975837023112936,middle,,,,
2014,Imran Tahir,Royal Challengers Bengaluru,0,18,9.33,4,22.22,3,16.67,0.03782058057850096,0.3338700868809616,0.3135121687367151,0.23573931226925726,-0.16345941046985474,0.8170235130629526,middle,,,,
2014,Iqbal Abdulla,Rajasthan Royals,0,6,9.0,1,16.67,1,16.67,0.03782058057850096,0.3231135069860618,0.2625788044759958,0.23573931226925726,-0.17013415583215075,0.8103487677006566,middle,Iqbal Abdulla,2014.0,12590619.49405,-1.351277083010504
2014,JA Morkel,Punjab Kings,0,6,14.0,2,33.33,3,50.0,0.03782058057850096,0.4860919902421194,0.4154706690856506,0.5873234909582534,-0.32496621879189963,0.6555167047409076,middle,,,,
2014,JA Morkel,Royal Challengers Bengaluru,1,12,2.5,8,66.67,0,0.0,0.10461915046259035,0.11124147875318686,0.7214379419599539,0.0598944800236657,0.27238802927458905,1.2528709528073962,middle,,,,
2014,JD Unadkat,Delhi Capitals,3,54,7.44,16,29.63,7,12.96,0.2382162902307691,0.2722642202101718,0.3815150929118377,0.19660407965791085,0.21464677111998534,1.1951296946527927,middle,JD Unadkat,2014.0,54236514.743599996,0.39576062756745267
2014,JDS Neesham,Delhi Capitals,1,36,9.33,10,27.78,7,19.44,0.10461915046259035,0.3338700868809616,0.3645373048249313,0.26495887947503344,-0.05379792825841106,0.9266849952743963,middle,JDS Neesham,2014.0,19370183.836999997,-0.2777357649835457
2014,JH Kallis,Delhi Capitals,1,12,12.0,3,25.0,4,33.33,0.10461915046259035,0.42090059693969634,0.3390247367808232,0.4114786587126618,-0.160380062566157,0.8201028609666503,middle,JH Kallis,2014.0,106536011.1035,-0.15054070534924324
2014,JH Kallis,Kolkata Knight Riders,0,42,8.0,9,21.43,5,11.9,0.03782058057850096,0.29051781033485025,0.30626219436446855,0.18542258462609756,-0.1208892360160077,0.8595936875167995,middle,JH Kallis,2014.0,106536011.1035,-0.11347265095045048
2014,JH Kallis,Punjab Kings,0,12,10.5,2,16.67,3,25.0,0.03782058057850096,0.3720070519628791,0.2625788044759958,0.32360898549095957,-0.226822926457945,0.7536599970748623,middle,JH Kallis,2014.0,106536011.1035,-0.21290728281311938
2014,JH Kallis,Royal Challengers Bengaluru,1,18,7.67,7,38.89,4,22.22,0.10461915046259035,0.27976123043995044,0.46649580517386674,0.29428393248299645,0.014211696397485894,0.9946946199302932,middle,JH Kallis,2014.0,106536011.1035,0.013339805245457517
2014,JJ Bumrah,Mumbai Indians,2,42,8.14,15,35.71,8,19.05,0.1714177203466797,0.2950812078660199,0.43731236402988705,0.26084493318974367,0.10008633679822103,1.0805692603310284,middle,JJ Bumrah,2014.0,23244220.604399998,0.4305859013370199
2014,JJ Bumrah,Punjab Kings,0,6,3.0,3,50.0,0,0.0,0.03782058057850096,0.12753932707879265,0.5684543055228023,0.0598944800236657,0.11325680485682485,1.0937397283896322,middle,JJ Bumrah,2014.0,23244220.604399998,0.48724716042053906
2014,JJ Bumrah,Royal Challengers Bengaluru,0,6,8.0,3,50.0,1,16.67,0.03782058057850096,0.29051781033485025,0.5684543055228023,0.23573931226925726,-0.05229494819713955,0.9281879753356678,middle,JJ Bumrah,2014.0,23244220.604399998,-0.2249804331457791
2014,JO Holder,Sunrisers Hyderabad,0,6,14.0,0,0.0,2,33.33,0.03782058057850096,0.4860919902421194,0.10959516803884416,0.4114786587126618,-0.38155990265682327,0.598923020875984,middle,JO Holder,2014.0,14527637.87775,-2.6264414481393876
2014,JP Duminy,Delhi Capitals,3,108,7.61,28,25.93,12,11.11,0.2382162902307691,0.2778054886408778,0.3475595167380248,0.17708920625333108,0.20393005820419263,1.184412981737,middle,JP Duminy,2014.0,42614404.4414,0.47854724447603464
2014,JP Duminy,Punjab Kings,0,6,3.0,3,50.0,0,0.0,0.03782058057850096,0.12753932707879265,0.5684543055228023,0.0598944800236657,0.11325680485682485,1.0937397283896322,middle,JP Duminy,2014.0,42614404.4414,0.26577117841120307
2014,JP Duminy,Royal Challengers Bengaluru,0,6,10.0,0,0.0,1,16.67,0.03782058057850096,0.3557092036372733,0.10959516803884416,0.23573931226925726,-0.2421058040842654,0.7383771194485419,middle,JP Duminy,2014.0,42614404.4414,-0.5681313801233345
2014,JP Faulkner,Delhi Capitals,1,12,7.5,3,25.0,1,8.33,0.10461915046259035,0.2742199620092445,0.3390247367808232,0.147764153245368,0.009707346471663283,0.9901902700044706,middle,,,,
2014,JP Faulkner,Punjab Kings,0,6,10.0,2,33.33,2,33.33,0.03782058057850096,0.3557092036372733,0.4154706690856506,0.4114786587126618,-0.18549102305890441,0.7949919004739029,middle,,,,
2014,JP Faulkner,Rajasthan Royals,0,34,10.94,8,23.53,8,23.53,0.03782058057850096,0.38634915848941215,0.3255342781387949,0.30810257256948265,-0.21630868699603636,0.764174236536771,middle,,,,
2014,JP Faulkner,Royal Challengers Bengaluru,0,6,4.0,3,50.0,0,0.0,0.03782058057850096,0.16013502373000416,0.5684543055228023,0.0598944800236657,0.08718024753585563,1.0676631710686628,middle,,,,
2014,JW Hastings,Chennai Super Kings,1,6,3.0,4,66.67,0,0.0,0.10461915046259035,0.12753932707879265,0.7214379419599539,0.0598944800236657,0.2593497506141045,1.239832674146912,middle,JW Hastings,2014.0,9685091.918499999,2.677824359299131
2014,K Santokie,Punjab Kings,1,12,7.0,6,50.0,2,16.67,0.10461915046259035,0.2579221136836387,0.5684543055228023,0.23573931226925726,0.07397946394996376,1.054462387482771,middle,K Santokie,2014.0,5811055.151099999,1.273081428868557
2014,KA Pollard,Mumbai Indians,1,114,9.53,24,21.05,21,18.42,0.10461915046259035,0.3403892262112039,0.3027748649195905,0.2541993276519678,-0.07539006132959401,0.9050928622032133,middle,,,,
2014,Karanveer Singh,Punjab Kings,6,84,7.79,27,32.14,11,13.1,0.4386119998830373,0.28367271403809585,0.4045498216135324,0.19808088088852768,0.5127285989004334,1.4932115224332407,middle,,,,
2014,KK Cooper,Punjab Kings,0,6,9.0,1,16.67,1,16.67,0.03782058057850096,0.3231135069860618,0.2625788044759958,0.23573931226925726,-0.17013415583215075,0.8103487677006566,middle,KK Cooper,2014.0,5811055.151099999,-2.9277670131894262
2014,KK Cooper,Rajasthan Royals,1,24,10.5,7,29.17,5,20.83,0.10461915046259035,0.3720070519628791,0.37729358884698533,0.2796214059790149,-0.08341312041812515,0.8970698031146822,middle,KK Cooper,2014.0,5811055.151099999,-1.4354212487956775
2014,KV Sharma,Delhi Capitals,0,12,7.5,6,50.0,2,16.67,0.03782058057850096,0.2742199620092445,0.5684543055228023,0.23573931226925726,-0.03925666953665492,0.9412262539961523,middle,KV Sharma,2014.0,72638189.38875,-0.054044119032976456
2014,KV Sharma,Punjab Kings,0,18,12.0,3,16.67,5,27.78,0.03782058057850096,0.42090059693969634,0.2625788044759958,0.3529340384989227,-0.27180277304099143,0.7086801504918159,middle,KV Sharma,2014.0,72638189.38875,-0.3741871532429572
2014,KV Sharma,Royal Challengers Bengaluru,2,18,5.0,10,55.56,1,5.56,0.1714177203466797,0.1927307203812157,0.6194794416110183,0.11854458603959184,0.26507691949043416,1.2455598430232415,middle,KV Sharma,2014.0,72638189.38875,0.36492776282153383
2014,KV Sharma,Sunrisers Hyderabad,9,162,8.37,55,33.95,26,16.05,0.6390077095353054,0.30257821809579855,0.4211605223904517,0.22919919253366836,0.796957308036721,1.7774402315695284,middle,KV Sharma,2014.0,72638189.38875,1.0971602055931087
2014,KW Richardson,Delhi Capitals,0,6,3.0,3,50.0,0,0.0,0.03782058057850096,0.12753932707879265,0.5684543055228023,0.0598944800236657,0.11325680485682485,1.0937397283896322,middle,KW Richardson,2014.0,19370183.836999997,0.5846965925046469
2014,KW Richardson,Rajasthan Royals,1,18,5.0,8,44.44,1,5.56,0.10461915046259035,0.1927307203812157,0.5174291694345861,0.11854458603959184,0.1342639830113704,1.1147469065441777,middle,KW Richardson,2014.0,19370183.836999997,0.6931476961767693
2014,KW Richardson,Royal Challengers Bengaluru,0,6,17.0,0,0.0,2,33.33,0.03782058057850096,0.5838790801957541,0.10959516803884416,0.4114786587126618,-0.459789574619731,0.5206933489130763,middle,KW Richardson,2014.0,19370183.836999997,-2.37369752651218
2014,L Balaji,Punjab Kings,3,78,6.92,29,37.18,9,11.54,0.2382162902307691,0.2553144579515418,0.45080282267191535,0.18162509574736851,0.2519886966370211,1.2324716201698285,middle,L Balaji,2014.0,34866330.9066,0.7227278870037945
2014,L Balaji,Royal Challengers Bengaluru,1,6,19.0,1,16.67,1,16.67,0.10461915046259035,0.649070473498177,0.2625788044759958,0.23573931226925726,-0.3307018742157089,0.6497810493170983,middle,L Balaji,2014.0,34866330.9066,-0.948484872416297
2014,LMP Simmons,Mumbai Indians,1,12,13.0,1,8.33,3,25.0,0.10461915046259035,0.4534962935909079,0.18604110034367158,0.32360898549095957,-0.21477777617393123,0.7657051473588761,middle,,,,
2014,LR Shukla,Delhi Capitals,1,48,8.63,21,43.75,11,22.92,0.10461915046259035,0.31105309922511354,0.5110969133373074,0.3016679386360807,0.0010817325877707507,0.9815646561205781,middle,LR Shukla,2014.0,29055275.7555,0.003723016077608504
2014,M de Lange,Mumbai Indians,1,12,6.0,4,33.33,1,8.33,0.10461915046259035,0.22532641703242717,0.4154706690856506,0.147764153245368,0.07175596214456534,1.0522388856773726,middle,M de Lange,2014.0,5811055.151099999,1.23481812302164
2014,M Kartik,Punjab Kings,0,36,11.67,5,13.89,7,19.44,0.03782058057850096,0.4101440170447965,0.23706623643188773,0.26495887947503344,-0.2532562477335261,0.7272266757992811,middle,,,,
2014,M Morkel,Kolkata Knight Riders,4,60,9.4,22,36.67,14,23.33,0.30501486011485845,0.3361517856465464,0.446122459469579,0.3059928565257443,0.2612390281907753,1.2417219517235827,middle,M Morkel,2014.0,54236514.743599996,0.48166632650672303
2014,M Morkel,Punjab Kings,1,12,6.5,5,41.67,2,16.67,0.10461915046259035,0.24162426535803297,0.49200837321797486,0.23573931226925726,0.06408396291900013,1.0445668864518074,middle,M Morkel,2014.0,54236514.743599996,0.11815649147433861
2014,M Morkel,Royal Challengers Bengaluru,0,6,5.0,3,50.0,0,0.0,0.03782058057850096,0.1927307203812157,0.5684543055228023,0.0598944800236657,0.06110369021488641,1.0415866137476937,middle,M Morkel,2014.0,54236514.743599996,0.11266153532126943
2014,M Muralitharan,Royal Challengers Bengaluru,2,48,7.63,13,27.08,5,10.42,0.1714177203466797,0.27845740257390195,0.3581132769001558,0.16981068590243378,0.10783250435045796,1.0883154278832652,middle,M Muralitharan,2014.0,19370183.836999997,0.5566932418291327
2014,M Vijay,Delhi Capitals,0,6,13.0,2,33.33,3,50.0,0.03782058057850096,0.4534962935909079,0.4154706690856506,0.5873234909582534,-0.2988896614709304,0.681593262061877,middle,M Vijay,2014.0,96850919.185,-0.30860797603789963
2014,MA Starc,Punjab Kings,0,12,5.5,7,58.33,0,0.0,0.03782058057850096,0.20902856870682143,0.6449002378276295,0.0598944800236657,0.07099919124584997,1.0514821147786573,middle,,,,
2014,MA Starc,Royal Challengers Bengaluru,0,18,9.33,4,22.22,4,22.22,0.03782058057850096,0.3338700868809616,0.3135121687367151,0.29428393248299645,-0.17516833451260258,0.8053145890202047,middle,,,,
2014,MC Henriques,Delhi Capitals,0,6,7.0,0,0.0,0,0.0,0.03782058057850096,0.2579221136836387,0.10959516803884416,0.0598944800236657,-0.12870716567223944,0.8517757578605678,middle,MC Henriques,2014.0,19370183.836999997,-0.6644602175968469
2014,MC Henriques,Sunrisers Hyderabad,0,18,6.33,6,33.33,2,11.11,0.03782058057850096,0.23608299692732704,0.4154706690856506,0.17708920625333108,-0.042912167199081225,0.9375707563337261,middle,MC Henriques,2014.0,19370183.836999997,-0.22153722215641786
2014,MG Johnson,Punjab Kings,2,60,7.9,26,43.33,9,15.0,0.1714177203466797,0.28725824066972916,0.5072424965824422,0.218123183304042,0.13586810029816052,1.1163510238309677,middle,MG Johnson,2014.0,125906194.94049999,0.10791216457805612
2014,MG Johnson,Royal Challengers Bengaluru,0,6,9.0,1,16.67,1,16.67,0.03782058057850096,0.3231135069860618,0.2625788044759958,0.23573931226925726,-0.17013415583215075,0.8103487677006566,middle,MG Johnson,2014.0,125906194.94049999,-0.13512770830105042
2014,MK Tiwary,Delhi Capitals,0,6,11.0,3,50.0,2,33.33,0.03782058057850096,0.38830490028848486,0.5684543055228023,0.4114786587126618,-0.1656724894487282,0.8148104340840792,middle,MK Tiwary,2014.0,54236514.743599996,-0.3054630081448548
2014,MM Sharma,Chennai Super Kings,4,66,5.45,24,36.36,2,3.03,0.30501486011485845,0.20739878387426086,0.44327753281717847,0.09185667808630169,0.40621518730077216,1.3866981108335794,middle,MM Sharma,2014.0,38740367.673999995,1.0485579040422925
2014,MM Sharma,Delhi Capitals,0,6,13.0,1,16.67,2,33.33,0.03782058057850096,0.4534962935909079,0.2625788044759958,0.4114786587126618,-0.3095882544047085,0.6708946691280988,middle,MM Sharma,2014.0,38740367.673999995,-0.799136076895016
2014,MM Sharma,Royal Challengers Bengaluru,0,6,2.0,4,66.67,0,0.0,0.03782058057850096,0.0949436304275811,0.7214379419599539,0.0598944800236657,0.18522845310893957,1.1657113766417468,middle,MM Sharma,2014.0,38740367.673999995,0.47812776240957783
2014,Mohammed Shami,Delhi Capitals,2,60,6.5,23,38.33,5,8.33,0.1714177203466797,0.24162426535803297,0.46135658283404646,0.147764153245368,0.17268131243473353,1.153164235967541,middle,Mohammed Shami,2014.0,82323281.30725,0.2097599970417189
2014,Mohammed Shami,Royal Challengers Bengaluru,1,6,3.0,3,50.0,0,0.0,0.10461915046259035,0.12753932707879265,0.5684543055228023,0.0598944800236657,0.21345465968295893,1.1939375832157662,middle,Mohammed Shami,2014.0,82323281.30725,0.25928832803237706
2014,P Awana,Punjab Kings,2,30,8.6,11,36.67,6,20.0,0.1714177203466797,0.31007522832557716,0.446122459469579,0.27086608439750076,0.08872991882093137,1.0692128423537386,middle,,,,
2014,P Kumar,Mumbai Indians,1,12,13.5,1,8.33,3,25.0,0.10461915046259035,0.4697941419165136,0.18604110034367158,0.32360898549095957,-0.2278160548344158,0.7526668686983915,middle,,,,
2014,P Negi,Chennai Super Kings,0,30,12.0,5,16.67,8,26.67,0.03782058057850096,0.42090059693969634,0.2625788044759958,0.3412251144561748,-0.26946098823244186,0.7110219353003655,middle,P Negi,2014.0,1937018.3837,-13.911121881958103
2014,P Suyal,Mumbai Indians,1,6,1.0,5,83.33,0,0.0,0.10461915046259035,0.062347933776369574,0.8743298065696086,0.0598944800236657,0.3573704246389393,1.3378533481717465,middle,P Suyal,2014.0,1937018.3837,18.449511251220414
2014,Parvez Rasool,Sunrisers Hyderabad,1,36,9.17,9,25.0,6,16.67,0.10461915046259035,0.32865477541676774,0.3390247367808232,0.23573931226925726,-0.0514355360591332,0.9290473874736741,middle,Parvez Rasool,2014.0,18401674.64515,-0.2795155172069609
2014,PJ Cummins,Kolkata Knight Riders,0,6,9.0,1,16.67,1,16.67,0.03782058057850096,0.3231135069860618,0.2625788044759958,0.23573931226925726,-0.17013415583215075,0.8103487677006566,middle,PJ Cummins,2014.0,19370183.836999997,-0.8783301039568279
2014,PP Chawla,Kolkata Knight Riders,5,144,8.13,47,32.64,23,15.97,0.3718134299989479,0.29475525089950777,0.409138412988372,0.22835530611617302,0.3989864069520926,1.3794693304849,middle,,,,
2014,PP Chawla,Punjab Kings,3,42,5.57,12,28.57,1,2.38,0.2382162902307691,0.21131026747240628,0.3717872791971778,0.08500010094415204,0.28281238493855154,1.263295308471359,middle,,,,
2014,PP Ojha,Delhi Capitals,0,18,6.67,5,27.78,1,5.56,0.03782058057850096,0.24716553378873893,0.3645373048249313,0.11854458603959184,-0.05534928192367869,0.9251336416091286,middle,PP Ojha,2014.0,62953097.470249996,-0.08792145922579159
2014,PP Ojha,Mumbai Indians,1,108,9.83,31,28.7,19,17.59,0.10461915046259035,0.35016793520656736,0.3729803129546361,0.24544400607045364,-0.060400329799068286,0.920082593733739,middle,PP Ojha,2014.0,62953097.470249996,-0.09594496891532925
2014,PP Ojha,Punjab Kings,0,18,6.33,8,44.44,2,11.11,0.03782058057850096,0.23608299692732704,0.5174291694345861,0.17708920625333108,-0.01232461709440058,0.9681583064384067,middle,PP Ojha,2014.0,62953097.470249996,-0.019577459393836618
2014,PP Ojha,Royal Challengers Bengaluru,0,18,7.67,4,22.22,2,11.11,0.03782058057850096,0.27976123043995044,0.3135121687367151,0.17708920625333108,-0.1084423041138606,0.8720406194189467,middle,PP Ojha,2014.0,62953097.470249996,-0.17225888553793184
2014,PV Tambe,Delhi Capitals,2,18,5.0,6,33.33,1,5.56,0.1714177203466797,0.1927307203812157,0.4154706690856506,0.11854458603959184,0.20387428773282382,1.184357211265631,middle,PV Tambe,2014.0,1937018.3837,10.52516018683276
2014,PV Tambe,Punjab Kings,0,18,8.33,4,22.22,3,16.67,0.03782058057850096,0.30127439022975006,0.3135121687367151,0.23573931226925726,-0.13738285314888554,0.8431000703839218,middle,PV Tambe,2014.0,1937018.3837,-7.0924909285818645
2014,PV Tambe,Rajasthan Royals,11,186,7.0,56,30.11,17,9.14,0.7726048493034843,0.2579221136836387,0.3859201406316837,0.15630850322250836,1.0370839245533188,2.017566848086126,middle,PV Tambe,2014.0,1937018.3837,53.540221057289635
2014,PV Tambe,Royal Challengers Bengaluru,1,18,10.0,4,22.22,4,22.22,0.10461915046259035,0.3557092036372733,0.3135121687367151,0.29428393248299645,-0.09244177309151788,0.8880411504412894,middle,PV Tambe,2014.0,1937018.3837,-4.7723745871187875
2014,R Ashwin,Chennai Super Kings,6,180,6.63,64,35.56,15,8.33,0.4386119998830373,0.24586170592269047,0.43593578661743515,0.147764153245368,0.5624565404225605,1.542939463955368,middle,,,,
2014,R Ashwin,Delhi Capitals,1,24,7.75,4,16.67,1,4.17,0.10461915046259035,0.28236888617204736,0.2625788044759958,0.1038820595356103,-0.010969153808075695,0.9695137697247316,middle,,,,
2014,R Ashwin,Punjab Kings,0,12,19.0,2,16.67,6,50.0,0.03782058057850096,0.649070473498177,0.2625788044759958,0.5873234909582534,-0.5012165647796423,0.47926635875316503,middle,,,,
2014,R Ashwin,Royal Challengers Bengaluru,0,12,10.0,4,33.33,2,16.67,0.03782058057850096,0.3557092036372733,0.4154706690856506,0.23573931226925726,-0.1503431537702235,0.8301397697625839,middle,,,,
2014,R Bhatia,Delhi Capitals,0,12,8.5,2,16.67,2,16.67,0.03782058057850096,0.30681565866045607,0.2625788044759958,0.23573931226925726,-0.15709587717166612,0.8233870463611412,middle,R Bhatia,2014.0,32929312.522899996,-0.4770700179738557
2014,R Bhatia,Rajasthan Royals,11,186,7.39,47,25.27,18,9.68,0.7726048493034843,0.2706344353776112,0.34150257612323653,0.16200473654060188,1.012449551181988,1.9929324747147952,middle,R Bhatia,2014.0,32929312.522899996,3.074614905725412
2014,R Bhatia,Royal Challengers Bengaluru,0,6,14.0,0,0.0,2,33.33,0.03782058057850096,0.4860919902421194,0.10959516803884416,0.4114786587126618,-0.38155990265682327,0.598923020875984,middle,R Bhatia,2014.0,32929312.522899996,-1.1587241682967888
2014,R Dhawan,Delhi Capitals,0,18,10.33,4,22.22,5,27.78,0.03782058057850096,0.36646578353217313,0.3135121687367151,0.3529340384989227,-0.21297491303675709,0.7675080104960502,middle,R Dhawan,2014.0,58110551.511,-0.3664995555866341
2014,R Dhawan,Punjab Kings,10,186,6.68,63,33.87,15,8.06,0.7058062794193948,0.247491490755251,0.4204263477704773,0.14491603658632124,0.9578609235387704,1.9383438470715777,middle,R Dhawan,2014.0,58110551.511,1.6483425103226783
2014,R Rampaul,Royal Challengers Bengaluru,0,6,6.0,3,50.0,1,16.67,0.03782058057850096,0.22532641703242717,0.5684543055228023,0.23573931226925726,-0.0001418335552011013,0.9803410899776062,middle,R Rampaul,2014.0,17433165.4533,-0.0008135846331582485
2014,R Sharma,Delhi Capitals,1,30,11.2,8,26.67,7,23.33,0.10461915046259035,0.39482403961872714,0.3543506319727874,0.3059928565257443,-0.11382388771440888,0.8666590358183984,middle,,,,
2014,R Shukla,Delhi Capitals,0,6,16.0,0,0.0,3,50.0,0.03782058057850096,0.5512833835445424,0.10959516803884416,0.5873234909582534,-0.46888198374788,0.5116009397849273,middle,R Shukla,2014.0,7748073.5348,-6.051594394941209
2014,R Shukla,Royal Challengers Bengaluru,0,12,7.0,3,25.0,0,0.0,0.03782058057850096,0.2579221136836387,0.3390247367808232,0.0598944800236657,-0.05987829504964574,0.9206046284831616,middle,R Shukla,2014.0,7748073.5348,-0.7728152653779811
2014,R Tewatia,Punjab Kings,1,18,7.0,7,38.89,2,11.11,0.10461915046259035,0.2579221136836387,0.46649580517386674,0.17708920625333108,0.05512193504846835,1.0356048585812756,middle,R Tewatia,2014.0,1937018.3837,2.8457104750434565
2014,R Tewatia,Rajasthan Royals,0,12,9.0,2,16.67,2,16.67,0.03782058057850096,0.3231135069860618,0.2625788044759958,0.23573931226925726,-0.17013415583215075,0.8103487677006566,middle,R Tewatia,2014.0,1937018.3837,-8.783301039568277
2014,R Tewatia,Royal Challengers Bengaluru,1,12,7.5,5,41.67,2,16.67,0.10461915046259035,0.2742199620092445,0.49200837321797486,0.23573931226925726,0.03800740559803094,1.0184903291308383,middle,R Tewatia,2014.0,1937018.3837,1.96216029325602
2014,R Vinay Kumar,Delhi Capitals,0,12,9.5,2,16.67,2,16.67,0.03782058057850096,0.33941135531166755,0.2625788044759958,0.23573931226925726,-0.18317243449263532,0.797310489040172,middle,,,,
2014,R Vinay Kumar,Kolkata Knight Riders,0,42,11.57,7,16.67,11,26.19,0.03782058057850096,0.40688444737967544,0.2625788044759958,0.33616179595120277,-0.2572354048834307,0.7232475186493765,middle,,,,
2014,R Vinay Kumar,Royal Challengers Bengaluru,1,6,5.0,2,33.33,0,0.0,0.10461915046259035,0.1927307203812157,0.4154706690856506,0.0598944800236657,0.11540645410987499,1.0958893776426823,middle,,,,
2014,RA Jadeja,Chennai Super Kings,9,196,8.14,60,30.61,28,14.29,0.6390077095353054,0.2950812078660199,0.3905087320065233,0.21063369134877086,0.7974724793423449,1.7779554028751523,middle,,,,
2014,RA Jadeja,Delhi Capitals,1,12,8.0,4,33.33,2,16.67,0.10461915046259035,0.29051781033485025,0.4154706690856506,0.23573931226925726,0.0020078156978490386,0.9824907392306563,middle,,,,
2014,RA Jadeja,Punjab Kings,0,18,12.33,2,11.11,5,27.78,0.03782058057850096,0.4316571768345962,0.21155366838777964,0.3529340384989227,-0.29571557778337615,0.6847673457494312,middle,,,,
2014,RA Jadeja,Royal Challengers Bengaluru,1,12,7.0,2,16.67,0,0.0,0.10461915046259035,0.2579221136836387,0.2625788044759958,0.0598944800236657,0.017385780085040138,0.9978687036178474,middle,,,,
2014,RG Sharma,Delhi Capitals,1,12,10.0,4,33.33,3,25.0,0.10461915046259035,0.3557092036372733,0.4154706690856506,0.32360898549095957,-0.06771923358842986,0.9127636899443774,middle,RG Sharma,2014.0,36803349.2903,-0.18400290977397035
2014,RG Sharma,Mumbai Indians,0,6,6.0,0,0.0,0,0.0,0.03782058057850096,0.22532641703242717,0.10959516803884416,0.0598944800236657,-0.10263060835127022,0.8778523151815371,middle,RG Sharma,2014.0,36803349.2903,-0.2788621425233161
2014,RN ten Doeschate,Kolkata Knight Riders,1,24,7.25,10,41.67,3,12.5,0.10461915046259035,0.2660710378464416,0.49200837321797486,0.1917517327573126,0.05332406083066216,1.0338069843634694,middle,RN ten Doeschate,2014.0,19370183.836999997,0.2752893895039091
2014,RN ten Doeschate,Punjab Kings,0,6,6.0,3,50.0,1,16.67,0.03782058057850096,0.22532641703242717,0.5684543055228023,0.23573931226925726,-0.0001418335552011013,0.9803410899776062,middle,RN ten Doeschate,2014.0,19370183.836999997,-0.0007322261698424238
2014,S Badree,Chennai Super Kings,1,12,8.0,4,33.33,2,16.67,0.10461915046259035,0.29051781033485025,0.4154706690856506,0.23573931226925726,0.0020078156978490386,0.9824907392306563,middle,S Badree,2014.0,5811055.151099999,0.03455165448686149
2014,S Badree,Royal Challengers Bengaluru,0,6,13.0,0,0.0,1,16.67,0.03782058057850096,0.4534962935909079,0.10959516803884416,0.23573931226925726,-0.3203354760471731,0.6601474474856341,middle,S Badree,2014.0,5811055.151099999,-5.512518255596584
2014,S Gopal,Mumbai Indians,3,54,8.56,16,29.63,8,14.81,0.2382162902307691,0.3087714004595287,0.3815150929118377,0.2161189530624906,0.18153805223958386,1.1620209757723912,middle,S Gopal,2014.0,1937018.3837,9.372035586612169
2014,S Gopal,Punjab Kings,2,18,7.0,8,44.44,2,11.11,0.1714177203466797,0.2579221136836387,0.5174291694345861,0.17708920625333108,0.1705997991528182,1.1510827226856255,middle,S Gopal,2014.0,1937018.3837,8.807340218782365
2014,S Kaul,Delhi Capitals,0,18,13.33,1,5.56,5,27.78,0.03782058057850096,0.4642528734858077,0.16062030412706027,0.3529340384989227,-0.3370721443825612,0.6434107791502461,middle,S Kaul,2014.0,8716582.72665,-3.8670216867442786
2014,S Kaul,Royal Challengers Bengaluru,1,12,11.5,4,33.33,4,33.33,0.10461915046259035,0.4046027486140906,0.4154706690856506,0.4114786587126618,-0.1244080042142242,0.8560749193185831,middle,S Kaul,2014.0,8716582.72665,-1.427256622413051
2014,S Nadeem,Delhi Capitals,5,138,7.78,41,29.71,16,11.59,0.3718134299989479,0.28334675707158374,0.38224926753181204,0.18215252475830312,0.4092870146490378,1.3897699381818451,middle,S Nadeem,2014.0,16464656.261449998,2.4858521681216863
2014,S Nadeem,Punjab Kings,0,12,12.0,2,16.67,2,16.67,0.03782058057850096,0.42090059693969634,0.2625788044759958,0.23573931226925726,-0.24836382779505833,0.732119095737749,middle,S Nadeem,2014.0,16464656.261449998,-1.5084665227817249
2014,S Rana,Royal Challengers Bengaluru,0,12,8.0,3,25.0,2,16.67,0.03782058057850096,0.29051781033485025,0.3390247367808232,0.23573931226925726,-0.12112381881973328,0.859359104713074,middle,S Rana,2014.0,3874036.7674,-3.126553156102947
2014,Sandeep Sharma,Punjab Kings,0,12,10.0,2,16.67,2,16.67,0.03782058057850096,0.3557092036372733,0.2625788044759958,0.23573931226925726,-0.19621071315311994,0.7842722103796873,middle,Sandeep Sharma,2014.0,16464656.261449998,-1.1917085303051458
2014,Sandeep Sharma,Punjab Kings,0,12,10.0,2,16.67,2,16.67,0.03782058057850096,0.3557092036372733,0.2625788044759958,0.23573931226925726,-0.19621071315311994,0.7842722103796873,middle,Sandeep Sharma,2014.0,1937018.3837,-10.12952250759374
2014,SB Jakati,Royal Challengers Bengaluru,0,6,4.0,2,33.33,0,0.0,0.03782058057850096,0.16013502373000416,0.4154706690856506,0.0598944800236657,0.04128515660471014,1.0217680801375175,middle,SB Jakati,2014.0,3874036.7674,1.0656883009506912
2014,Shakib Al Hasan,Delhi Capitals,1,12,4.0,5,41.67,0,0.0,0.10461915046259035,0.16013502373000416,0.49200837321797486,0.0598944800236657,0.1644443226705415,1.1449272462033488,middle,Shakib Al Hasan,2014.0,54236514.743599996,0.30319854335763013
2014,Shakib Al Hasan,Kolkata Knight Riders,5,156,7.23,47,30.13,16,10.26,0.3718134299989479,0.2654191239134174,0.38610368428667724,0.1681229130674431,0.42759136854020247,1.4080742920730098,middle,Shakib Al Hasan,2014.0,54236514.743599996,0.7883828276238177
2014,Shakib Al Hasan,Punjab Kings,0,12,3.5,5,41.67,0,0.0,0.03782058057850096,0.14383717540439842,0.49200837321797486,0.0598944800236657,0.077284746504892,1.0577676700376992,middle,Shakib Al Hasan,2014.0,54236514.743599996,0.1424957832748863
2014,Shivam Sharma,Delhi Capitals,0,24,8.0,5,20.83,3,12.5,0.03782058057850096,0.29051781033485025,0.3007558847146611,0.1917517327573126,-0.12380695853719297,0.8566759649956144,middle,,,,
2014,Shivam Sharma,Punjab Kings,1,30,9.6,8,26.67,5,16.67,0.10461915046259035,0.3426709249767887,0.3543506319727874,0.23573931226925726,-0.05805068714956067,0.9224322363832467,middle,,,,
2014,Shivam Sharma,Royal Challengers Bengaluru,2,24,6.5,12,50.0,3,12.5,0.1714177203466797,0.24162426535803297,0.5684543055228023,0.1917517327573126,0.19601311333897134,1.1764960368717787,middle,,,,
2014,SK Raina,Chennai Super Kings,0,72,7.5,21,29.17,10,13.89,0.03782058057850096,0.2742199620092445,0.37729358884698533,0.20641425926129417,-0.09073987393780739,0.889743049595,middle,,,,
2014,SK Raina,Royal Challengers Bengaluru,0,18,7.33,4,22.22,2,11.11,0.03782058057850096,0.2686786935785385,0.3135121687367151,0.17708920625333108,-0.09957627462473106,0.8809066489080762,middle,,,,
2014,SL Malinga,Delhi Capitals,2,6,2.0,5,83.33,0,0.0,0.1714177203466797,0.0949436304275811,0.8743298065696086,0.0598944800236657,0.43149172214410414,1.4119746456769113,middle,,,,
2014,SL Malinga,Mumbai Indians,0,42,6.14,16,38.1,5,11.9,0.03782058057850096,0.22988981456359678,0.4592458308016202,0.18542258462609756,-0.026491748467859448,0.9539911750649479,middle,,,,
2014,SL Malinga,Royal Challengers Bengaluru,0,6,10.0,2,33.33,2,33.33,0.03782058057850096,0.3557092036372733,0.4154706690856506,0.4114786587126618,-0.18549102305890441,0.7949919004739029,middle,,,,
2014,SP Narine,Delhi Capitals,1,6,3.0,3,50.0,0,0.0,0.10461915046259035,0.12753932707879265,0.5684543055228023,0.0598944800236657,0.21345465968295893,1.1939375832157662,middle,,,,
2014,SP Narine,Kolkata Knight Riders,4,120,7.1,32,26.67,11,9.17,0.30501486011485845,0.26118168334875985,0.3543506319727874,0.15662496062906905,0.3235571409593022,1.3040400644921095,middle,,,,
2014,SP Narine,Punjab Kings,0,6,11.0,0,0.0,1,16.67,0.03782058057850096,0.38830490028848486,0.10959516803884416,0.23573931226925726,-0.2681823614052347,0.7123005621275726,middle,,,,
2014,SP Narine,Royal Challengers Bengaluru,1,18,5.33,9,50.0,1,5.56,0.10461915046259035,0.20348730027611547,0.5684543055228023,0.11854458603959184,0.14096625992191544,1.1214491834547227,middle,,,,
2014,SR Watson,Rajasthan Royals,3,30,6.6,13,43.33,5,16.67,0.2382162902307691,0.24488383502315408,0.5072424965824422,0.23573931226925726,0.2664422538485116,1.246925177381319,middle,,,,
2014,SR Watson,Royal Challengers Bengaluru,0,6,10.0,0,0.0,1,16.67,0.03782058057850096,0.3557092036372733,0.10959516803884416,0.23573931226925726,-0.2421058040842654,0.7383771194485419,middle,,,,
2014,STR Binny,Rajasthan Royals,2,24,6.25,9,37.5,2,8.33,0.1714177203466797,0.23347534119523009,0.4537395211518127,0.147764153245368,0.1769153332603057,1.157398256793113,middle,,,,
2014,TG Southee,Rajasthan Royals,0,6,12.0,1,16.67,2,33.33,0.03782058057850096,0.42090059693969634,0.2625788044759958,0.4114786587126618,-0.28351169708373924,0.6969712264490681,middle,TG Southee,2014.0,23244220.604399998,-1.2197083391562378
2014,UT Yadav,Delhi Capitals,0,12,6.5,3,25.0,1,8.33,0.03782058057850096,0.24162426535803297,0.3390247367808232,0.147764153245368,-0.0644139510335016,0.9160689724993057,middle,UT Yadav,2014.0,50362477.9762,-0.127900678485165
2014,UT Yadav,Kolkata Knight Riders,1,36,10.17,10,27.78,8,22.22,0.10461915046259035,0.3612504720679793,0.3645373048249313,0.29428393248299645,-0.08156724700961779,0.8989156765231895,middle,UT Yadav,2014.0,50362477.9762,-0.16196035280107612
2014,UT Yadav,Punjab Kings,2,18,5.67,8,44.44,2,11.11,0.1714177203466797,0.2145698371375274,0.5174291694345861,0.17708920625333108,0.20528162038970726,1.1857645439225146,middle,UT Yadav,2014.0,50362477.9762,0.40760826043293186
2014,UT Yadav,Royal Challengers Bengaluru,0,6,13.0,1,16.67,2,33.33,0.03782058057850096,0.4534962935909079,0.2625788044759958,0.4114786587126618,-0.3095882544047085,0.6708946691280988,middle,UT Yadav,2014.0,50362477.9762,-0.6147200591500122
2014,V Shankar,Chennai Super Kings,0,6,19.0,1,16.67,3,50.0,0.03782058057850096,0.649070473498177,0.2625788044759958,0.5873234909582534,-0.5012165647796423,0.47926635875316503,middle,V Shankar,2014.0,1937018.3837,-25.875674128721606
2014,VR Aaron,Delhi Capitals,0,6,4.0,2,33.33,0,0.0,0.03782058057850096,0.16013502373000416,0.4154706690856506,0.0598944800236657,0.04128515660471014,1.0217680801375175,middle,VR Aaron,2014.0,38740367.673999995,0.10656883009506914
2014,VR Aaron,Punjab Kings,1,6,11.0,2,33.33,2,33.33,0.10461915046259035,0.38830490028848486,0.4154706690856506,0.4114786587126618,-0.11136972555373957,0.8691131979790677,middle,VR Aaron,2014.0,38740367.673999995,-0.28747720334229987
2014,VR Aaron,Royal Challengers Bengaluru,4,54,8.33,23,42.59,12,22.22,0.30501486011485845,0.30127439022975006,0.5004513813476797,0.29428393248299645,0.30778140589619224,1.2882643294289995,middle,VR Aaron,2014.0,38740367.673999995,0.7944720826765799
2014,VS Malik,Punjab Kings,1,6,5.0,1,16.67,0,0.0,0.10461915046259035,0.1927307203812157,0.2625788044759958,0.0598944800236657,0.06953889472697855,1.0500218182597858,middle,VS Malik,2014.0,3874036.7674,1.7949983157658183
2014,WD Parnell,Delhi Capitals,1,54,7.44,18,33.33,8,14.81,0.10461915046259035,0.2722642202101718,0.4154706690856506,0.2161189530624906,0.020534759638945105,1.0010176831717523,middle,WD Parnell,2014.0,19370183.836999997,0.10601220830811421
2014,Y Venugopal Rao,Sunrisers Hyderabad,0,6,7.0,2,33.33,1,16.67,0.03782058057850096,0.2579221136836387,0.4154706690856506,0.23573931226925726,-0.07211348180731582,0.9083694417254915,middle,Y Venugopal Rao,2014.0,10653601.11035,-0.6768930154260928
2014,YK Pathan,Kolkata Knight Riders,0,6,10.0,1,16.67,1,16.67,0.03782058057850096,0.3557092036372733,0.2625788044759958,0.23573931226925726,-0.19621071315311994,0.7842722103796873,middle,YK Pathan,2014.0,62953097.470249996,-0.3116776156182689
2014,YS Chahal,Delhi Capitals,1,24,4.5,11,45.83,1,4.17,0.10461915046259035,0.17643287205560992,0.5301854534566401,0.1038820595356103,0.15406165217926757,1.134544575712075,middle,YS Chahal,2014.0,1937018.3837,7.953546206669777
2014,YS Chahal,Punjab Kings,2,18,5.33,7,38.89,1,5.56,0.1714177203466797,0.20348730027611547,0.46649580517386674,0.11854458603959184,0.21057656464336885,1.1910594881761762,middle,YS Chahal,2014.0,1937018.3837,10.871170166239494
2014,YS Chahal,Royal Challengers Bengaluru,8,252,7.48,91,36.11,31,12.3,0.572209139651216,0.2735680480762203,0.4409832371297586,0.18964201671357428,0.7338258388120605,1.7143087623448678,middle,YS Chahal,2014.0,1937018.3837,37.88429913661126
2014,Yuvraj Singh,Delhi Capitals,0,12,8.0,1,8.33,1,8.33,0.03782058057850096,0.29051781033485025,0.18604110034367158,0.147764153245368,-0.1494238779461009,0.8310590455867064,middle,Yuvraj Singh,2014.0,271182573.718,-0.05510084069837219
2014,Yuvraj Singh,Punjab Kings,0,6,8.0,2,33.33,1,16.67,0.03782058057850096,0.29051781033485025,0.4154706690856506,0.23573931226925726,-0.09819003912828504,0.8822928844045222,middle,Yuvraj Singh,2014.0,271182573.718,-0.03620809323477838
2014,Yuvraj Singh,Royal Challengers Bengaluru,5,88,8.66,23,26.14,14,15.91,0.3718134299989479,0.31203097012464986,0.3494867251154574,0.2277223913030515,0.36739690817272885,1.3478798317055363,middle,Yuvraj Singh,2014.0,271182573.718,0.13547954174768662
2014,Z Khan,Mumbai Indians,0,12,9.0,6,50.0,3,25.0,0.03782058057850096,0.3231135069860618,0.5684543055228023,0.32360898549095957,-0.09594544016244926,0.8845374833703581,middle,Z Khan,2014.0,50362477.9762,-0.19050976841884265
2014,Z Khan,Royal Challengers Bengaluru,0,6,7.0,1,16.67,0,0.0,0.03782058057850096,0.2579221136836387,0.2625788044759958,0.0598944800236657,-0.08281207474109395,0.8976708487917133,middle,Z Khan,2014.0,50362477.9762,-0.16443208926341707
2015,A Ashish Reddy,Royal Challengers Bengaluru,1,6,11.0,2,33.33,1,16.67,0.09804312578700795,0.38115721002887437,0.41432313825527584,0.22595293577057363,-0.07875472502011957,0.9017281985126877,middle,,,,
2015,A Ashish Reddy,Sunrisers Hyderabad,1,24,9.0,5,20.83,3,12.5,0.09804312578700795,0.3164955739178936,0.2931523177339057,0.18407567392792476,-0.05500120991921625,0.9254817136135911,middle,,,,
2015,A Mishra,Delhi Capitals,8,180,7.73,59,32.78,22,12.22,0.5792226471653659,0.2754354349874209,0.4089916221523356,0.18126377145407788,0.7349303551129972,1.7154132786458045,middle,A Mishra,2015.0,61093668.0445,1.2029566706940586
2015,A Mishra,Punjab Kings,1,18,5.0,5,27.78,0,0.0,0.09804312578700795,0.18717230169593227,0.36052329394378757,0.05854431348832994,0.09377497280923638,1.0742578963420437,middle,A Mishra,2015.0,61093668.0445,0.15349376753893978
2015,A Nehra,Chennai Super Kings,2,30,8.2,9,30.0,4,13.33,0.16678305741248764,0.29063091947350134,0.3820432316683829,0.19241095626111387,0.09380062878822246,1.0742835523210297,middle,,,,
2015,A Nehra,Punjab Kings,0,6,5.0,4,66.67,1,16.67,0.02930319416152826,0.18717230169593227,0.7375099507498742,0.22595293577057363,0.07027934795639411,1.0507622714892013,middle,,,,
2015,AB Dinda,Royal Challengers Bengaluru,0,6,18.0,1,16.67,3,50.0,0.02930319416152826,0.6074729364173067,0.25282666866439374,0.5606697552467094,-0.47830950834157676,0.5021734151912305,middle,,,,
2015,AD Mathews,Delhi Capitals,1,84,7.36,26,30.95,11,13.1,0.09804312578700795,0.2634730323068895,0.39125221402800703,0.19010117922902534,0.015641691197597334,0.9961246147304046,middle,AD Mathews,2015.0,130915002.9525,0.011947974521508907
2015,AD Mathews,Punjab Kings,0,6,10.0,1,16.67,1,16.67,0.02930319416152826,0.348826391973384,0.25282666866439374,0.22595293577057363,-0.20444890889121142,0.7760340146415958,middle,AD Mathews,2015.0,130915002.9525,-0.1561691970212091
2015,AD Russell,Delhi Capitals,0,12,6.5,7,58.33,2,16.67,0.02930319416152826,0.2356685287791678,0.6566647792980161,0.22595293577057363,0.007228814854248283,0.9877117383870556,middle,,,,
2015,AD Russell,Kolkata Knight Riders,5,108,7.0,42,38.89,14,12.96,0.37300285228892677,0.25183393780691293,0.46821991922318135,0.18869522799210187,0.4607640583563938,1.441246981889201,middle,,,,
2015,AD Russell,Punjab Kings,1,18,9.67,6,33.33,3,16.67,0.09804312578700795,0.3381572220150722,0.41432313825527584,0.22595293577057363,-0.04435473460907782,0.9361281889237295,middle,,,,
2015,AD Russell,Royal Challengers Bengaluru,1,10,13.2,1,10.0,2,20.0,0.09804312578700795,0.45228500975095304,0.18816991883419065,0.2593944901916817,-0.21019124150832968,0.7702916820244776,middle,,,,
2015,AN Ahmed,Royal Challengers Bengaluru,1,18,7.33,6,33.33,2,11.11,0.09804312578700795,0.26250310776522473,0.41432313825527584,0.17011658664704182,0.027335826615506507,1.0078187501483138,middle,,,,
2015,Ankit Sharma,Rajasthan Royals,1,42,9.43,9,21.43,6,14.29,0.09804312578700795,0.33039782568175446,0.2989685171189315,0.20205176474287473,-0.06797336967778715,0.9125095538550202,middle,,,,
2015,Ankit Sharma,Royal Challengers Bengaluru,0,12,12.5,3,25.0,4,33.33,0.02930319416152826,0.42965343711210985,0.3335749034598348,0.39326113296446563,-0.2783477140023382,0.7021352095304692,middle,,,,
2015,Anureet Singh,Delhi Capitals,0,6,13.0,1,16.67,2,33.33,0.02930319416152826,0.44581884613985506,0.25282666866439374,0.39326113296446563,-0.3155045116631667,0.6649784118696407,middle,,,,
2015,Anureet Singh,Punjab Kings,1,66,9.55,16,24.24,14,21.21,0.09804312578700795,0.33427752384841336,0.32620771757213546,0.2715459258822344,-0.07680420030302504,0.9036787232297823,middle,,,,
2015,Anureet Singh,Royal Challengers Bengaluru,0,6,8.0,1,16.67,1,16.67,0.02930319416152826,0.28416475586240325,0.25282666866439374,0.22595293577057363,-0.15271960000242685,0.8277633235303805,middle,,,,
2015,AR Patel,Delhi Capitals,0,17,8.12,3,17.65,2,11.76,0.02930319416152826,0.2880444540290621,0.2623264609932692,0.17664421738990077,-0.1431116771609567,0.8373712463718506,middle,,,,
2015,AR Patel,Punjab Kings,7,174,7.97,53,30.46,23,13.22,0.5104827155398862,0.2831948313207386,0.3865023178635693,0.19130628028924543,0.6168576475544602,1.5973405710872675,middle,,,,
2015,AR Patel,Royal Challengers Bengaluru,0,12,12.5,3,25.0,3,25.0,0.02930319416152826,0.42965343711210985,0.3335749034598348,0.30960703436751963,-0.261616894282949,0.7188660292498583,middle,,,,
2015,B Kumar,Punjab Kings,0,6,12.0,1,16.67,1,16.67,0.02930319416152826,0.4134880280843647,0.25282666866439374,0.22595293577057363,-0.256178217779996,0.7243047057528114,middle,,,,
2015,B Kumar,Sunrisers Hyderabad,1,24,5.75,8,33.33,2,8.33,0.09804312578700795,0.21142041523755004,0.41432313825527584,0.14219841208527592,0.07378561554999943,1.0542685390828068,middle,,,,
2015,BB Sran,Rajasthan Royals,0,6,15.0,0,0.0,2,33.33,0.02930319416152826,0.5104804822508356,0.09123326241709453,0.39326113296446563,-0.4157118424261409,0.5647710811066664,middle,,,,
2015,BE Hendricks,Punjab Kings,3,36,7.67,14,38.89,6,16.67,0.23552298903796737,0.27349558590409145,0.46821991922318135,0.22595293577057363,0.22976340344651758,1.2102463269793249,middle,,,,
2015,Bipul Sharma,Sunrisers Hyderabad,1,30,7.4,10,33.33,3,10.0,0.09804312578700795,0.2647662650291091,0.41432313825527584,0.1589694018400058,0.02775473776580622,1.0082376612986135,middle,,,,
2015,CH Gayle,Royal Challengers Bengaluru,0,12,8.0,3,25.0,1,8.33,0.02930319416152826,0.28416475586240325,0.3335749034598348,0.14219841208527592,-0.11174422482673499,0.8687386987060723,middle,,,,
2015,CH Morris,Delhi Capitals,1,6,9.0,3,50.0,1,16.67,0.09804312578700795,0.3164955739178936,0.5759165445025751,0.22595293577057363,0.02145260574285479,1.001935529275662,middle,CH Morris,2015.0,24437467.2178,0.08778571670974533
2015,CH Morris,Punjab Kings,0,6,1.0,5,83.33,0,0.0,0.02930319416152826,0.05784902947397091,0.8990064203407565,0.05854431348832994,0.2556686310676766,1.236151554600484,middle,CH Morris,2015.0,24437467.2178,1.0462157505482002
2015,CH Morris,Rajasthan Royals,2,30,4.8,15,50.0,3,10.0,0.16678305741248764,0.18070613808483418,0.5759165445025751,0.1589694018400058,0.24659075863363547,1.2270736821664427,middle,CH Morris,2015.0,24437467.2178,1.0090683966381806
2015,CJ Anderson,Mumbai Indians,0,12,6.0,5,41.67,1,8.33,0.02930319416152826,0.2195031197514226,0.4951683097071341,0.14219841208527592,-0.011536894063760624,0.9689460294690467,middle,,,,
2015,D Wiese,Delhi Capitals,1,12,6.5,3,25.0,1,8.33,0.09804312578700795,0.2356685287791678,0.3335749034598348,0.14219841208527592,0.03016265427807294,1.0106455778108803,middle,D Wiese,2015.0,48874934.4356,0.06171395343315852
2015,D Wiese,Royal Challengers Bengaluru,2,114,9.05,24,21.05,22,19.3,0.16678305741248764,0.31811211482066815,0.2952849241750819,0.2523647340070644,0.033797424713308606,1.014280348246116,middle,D Wiese,2015.0,48874934.4356,0.06915083386524384
2015,DJ Bravo,Chennai Super Kings,5,138,7.48,39,28.26,16,11.59,0.37300285228892677,0.26735273047354835,0.36517625345180815,0.17493699088792228,0.42018757191250944,1.4006704954453166,middle,,,,
2015,DJ Bravo,Royal Challengers Bengaluru,0,6,12.0,1,16.67,2,33.33,0.02930319416152826,0.4134880280843647,0.25282666866439374,0.39326113296446563,-0.2896398572187744,0.6908430663140329,middle,,,,
2015,DJ Hooda,Delhi Capitals,0,18,5.33,7,38.89,0,0.0,0.02930319416152826,0.19784147165424407,0.46821991922318135,0.05854431348832994,0.01443872698818554,0.9949216505209928,middle,,,,
2015,DJ Hooda,Rajasthan Royals,0,42,8.71,9,21.43,5,11.9,0.02930319416152826,0.3071196366818014,0.2989685171189315,0.1780501686268242,-0.14766039669283415,0.8328225268399732,middle,,,,
2015,DJ Muthuswami,Delhi Capitals,0,6,8.0,4,66.67,2,33.33,0.02930319416152826,0.28416475586240325,0.7375099507498742,0.39326113296446563,-0.040776254815561117,0.9397066687172462,middle,DJ Muthuswami,2015.0,13091500.29525,-0.3114712133517348
2015,DJG Sammy,Royal Challengers Bengaluru,0,12,9.0,1,8.33,2,16.67,0.02930319416152826,0.3164955739178936,0.1719814972125356,0.22595293577057363,-0.20283780588237657,0.7776451176504308,middle,DJG Sammy,2015.0,48874934.4356,-0.41501397029932713
2015,DR Smith,Chennai Super Kings,1,12,8.5,4,33.33,1,8.33,0.09804312578700795,0.30033016489014847,0.41432313825527584,0.14219841208527592,0.0026578158279206877,0.983140739360728,middle,,,,
2015,DS Kulkarni,Punjab Kings,1,6,9.0,3,50.0,2,33.33,0.09804312578700795,0.3164955739178936,0.5759165445025751,0.39326113296446563,-0.012009033695923613,0.9684738898368837,middle,,,,
2015,DS Kulkarni,Rajasthan Royals,3,54,7.67,18,33.33,8,14.81,0.23552298903796737,0.27349558590409145,0.41432313825527584,0.2072738693371619,0.21733018244282828,1.1978131059756356,middle,,,,
2015,DS Kulkarni,Royal Challengers Bengaluru,1,18,8.33,7,38.89,3,16.67,0.09804312578700795,0.2948339258207151,0.46821991922318135,0.22595293577057363,0.006472936636779503,0.9869558601695868,middle,,,,
2015,DW Steyn,Sunrisers Hyderabad,2,36,9.0,12,33.33,8,22.22,0.16678305741248764,0.3164955739178936,0.41432313825527584,0.28168885980575376,0.0649372964998485,1.045420220032656,middle,,,,
2015,GB Hogg,Kolkata Knight Riders,2,54,7.56,21,38.89,9,16.67,0.16678305741248764,0.26993919591798754,0.46821991922318135,0.22595293577057363,0.1294986179971811,1.1099815415299883,middle,GB Hogg,2015.0,8727666.863499999,1.4837713219641513
2015,GJ Maxwell,Punjab Kings,1,36,10.67,8,22.22,8,22.22,0.09804312578700795,0.3704880400705625,0.30662651297588206,0.28168885980575376,-0.11367556144432427,0.8668073620884831,middle,,,,
2015,GJ Maxwell,Royal Challengers Bengaluru,0,12,11.5,3,25.0,3,25.0,0.02930319416152826,0.3973226190566195,0.3335749034598348,0.30960703436751963,-0.2357522398385567,0.7447306836942507,middle,,,,
2015,GS Sandhu,Delhi Capitals,0,18,9.67,2,11.11,3,16.67,0.02930319416152826,0.3381572220150722,0.19892988769648828,0.22595293577057363,-0.2120826072149336,0.7684003163178736,middle,GS Sandhu,2015.0,29674067.3359,-0.7147069015320116
2015,Gurkeerat Singh,Punjab Kings,3,36,7.17,13,36.11,4,11.11,0.23552298903796737,0.2573301768763463,0.4412715287392286,0.17011658664704182,0.24577848334823424,1.2262614068810416,middle,,,,
2015,Harbhajan Singh,Delhi Capitals,0,12,11.0,2,16.67,2,16.67,0.02930319416152826,0.38115721002887437,0.25282666866439374,0.22595293577057363,-0.2303135633356037,0.7501693601972036,middle,,,,
2015,Harbhajan Singh,Mumbai Indians,11,228,7.61,76,33.33,30,13.16,0.7854424420418049,0.27155573682076206,0.41432313825527584,0.19070372975913538,1.0470752691308536,2.027558192663661,middle,,,,
2015,Harbhajan Singh,Punjab Kings,1,24,7.0,8,33.33,3,12.5,0.09804312578700795,0.25183393780691293,0.41432313825527584,0.18407567392792476,0.033079345125979355,1.0135622686587866,middle,,,,
2015,Harbhajan Singh,Royal Challengers Bengaluru,2,12,6.5,7,58.33,2,16.67,0.16678305741248764,0.2356685287791678,0.6566647792980161,0.22595293577057363,0.21344860973068736,1.1939315332634948,middle,,,,
2015,HH Pandya,Delhi Capitals,0,12,7.0,4,33.33,2,16.67,0.02930319416152826,0.25183393780691293,0.41432313825527584,0.22595293577057363,-0.07840600468076994,0.9020769188520373,middle,HH Pandya,2015.0,1745533.3727,-4.491807828313883
2015,HH Pandya,Mumbai Indians,1,54,9.22,18,33.33,12,22.22,0.09804312578700795,0.32360835389010156,0.41432313825527584,0.28168885980575376,-0.04386282491613733,0.93662009861667,middle,HH Pandya,2015.0,1745533.3727,-2.5128608597319504
2015,HH Pandya,Royal Challengers Bengaluru,0,18,12.67,3,16.67,5,27.78,0.02930319416152826,0.4351496761815432,0.25282666866439374,0.3375252089292855,-0.29582199088948113,0.6846609326433262,middle,HH Pandya,2015.0,1745533.3727,-16.947369527051904
2015,HV Patel,Delhi Capitals,0,6,8.0,1,16.67,1,16.67,0.02930319416152826,0.28416475586240325,0.25282666866439374,0.22595293577057363,-0.15271960000242685,0.8277633235303805,middle,,,,
2015,HV Patel,Punjab Kings,0,6,5.0,2,33.33,0,0.0,0.02930319416152826,0.18717230169593227,0.41432313825527584,0.05854431348832994,0.006805028664463329,0.9872879521972706,middle,,,,
2015,HV Patel,Royal Challengers Bengaluru,6,84,7.0,38,45.24,12,14.29,0.4417427839144064,0.25183393780691293,0.5297746960480374,0.20205176474287473,0.5796690814919155,1.5601520050247228,middle,,,,
2015,I Sharma,Sunrisers Hyderabad,0,18,17.0,1,5.56,6,33.33,0.02930319416152826,0.5751421183618164,0.14513004338499993,0.39326113296446563,-0.4512721170245539,0.5292108065082535,middle,,,,
2015,IC Pandey,Chennai Super Kings,2,30,8.4,9,30.0,5,16.67,0.16678305741248764,0.2970970830845994,0.3820432316683829,0.22595293577057363,0.08191930199745204,1.0624022255302594,middle,,,,
2015,IC Pandey,Royal Challengers Bengaluru,1,18,4.33,10,55.56,1,5.56,0.09804312578700795,0.16551065359875375,0.6298133254704806,0.11438066261186171,0.18072403092028078,1.161206954453088,middle,,,,
2015,Imran Tahir,Delhi Capitals,4,114,8.47,33,28.95,14,12.28,0.30426292066344707,0.2993602403484838,0.3718648827445878,0.1818663219841879,0.2920923891429223,1.2725753126757295,middle,,,,
2015,Imran Tahir,Punjab Kings,1,12,17.0,1,8.33,5,41.67,0.09804312578700795,0.5751421183618164,0.1719814972125356,0.47701565664976336,-0.3568576881751332,0.6236252353576741,middle,,,,
2015,Iqbal Abdulla,Delhi Capitals,1,24,4.25,12,50.0,1,4.17,0.09804312578700795,0.1629241881543145,0.5759165445025751,0.10042157533097877,0.16941598644163708,1.1498989099744443,middle,,,,
2015,Iqbal Abdulla,Royal Challengers Bengaluru,2,54,10.11,20,37.04,12,22.22,0.16678305741248764,0.3523827819594879,0.4502866377860185,0.28168885980575376,0.047016579925795915,1.0274995034586032,middle,,,,
2015,J Botha,Kolkata Knight Riders,0,18,8.67,4,22.22,3,16.67,0.02930319416152826,0.3058264039595818,0.30662651297588206,0.22595293577057363,-0.1539089651867232,0.826573958346084,middle,,,,
2015,J Suchith,Mumbai Indians,8,150,8.28,46,30.67,24,16.0,0.5792226471653659,0.2932173849179406,0.3885379876483283,0.21922445485101133,0.7069765681379925,1.6874594916707997,middle,J Suchith,2015.0,1745533.3727,40.50203675249345
2015,J Suchith,Punjab Kings,0,12,10.0,3,25.0,2,16.67,0.02930319416152826,0.348826391973384,0.3335749034598348,0.22595293577057363,-0.1802244384525791,0.8002584850802282,middle,J Suchith,2015.0,1745533.3727,-10.324892165986322
2015,J Theron,Rajasthan Royals,0,6,4.0,2,33.33,0,0.0,0.02930319416152826,0.15484148364044192,0.41432313825527584,0.05854431348832994,0.03266968310885559,1.013152606641663,middle,J Theron,2015.0,5236600.1181,0.6238720232987575
2015,J Yadav,Delhi Capitals,2,24,3.25,15,62.5,1,4.17,0.16678305741248764,0.13059337009882416,0.6970873650239453,0.10042157533097877,0.33474178448065994,1.3152247080134671,middle,,,,
2015,JA Morkel,Delhi Capitals,3,36,6.67,14,38.89,5,13.89,0.23552298903796737,0.24116476784860114,0.46821991922318135,0.19803476120880772,0.261211692803263,1.2416946163360703,middle,,,,
2015,JD Unadkat,Delhi Capitals,0,6,15.0,1,16.67,2,33.33,0.02930319416152826,0.5104804822508356,0.25282666866439374,0.39326113296446563,-0.36723382055195114,0.6132491029808562,middle,JD Unadkat,2015.0,19200867.0997,-1.9125897733946031
2015,JJ Bumrah,Delhi Capitals,0,12,15.5,1,8.33,5,41.67,0.02930319416152826,0.5266458912785809,0.1719814972125356,0.47701565664976336,-0.4211706039467643,0.559312319586043,middle,,,,
2015,JJ Bumrah,Mumbai Indians,1,12,11.5,2,16.67,3,25.0,0.09804312578700795,0.3973226190566195,0.25282666866439374,0.30960703436751963,-0.1568668128389695,0.8236161106938378,middle,,,,
2015,JJ Bumrah,Royal Challengers Bengaluru,1,12,8.0,4,33.33,2,16.67,0.09804312578700795,0.28416475586240325,0.41432313825527584,0.22595293577057363,-0.0011607616869426796,0.9793221618458646,middle,,,,
2015,JP Duminy,Delhi Capitals,1,36,6.67,13,36.11,3,8.33,0.09804312578700795,0.24116476784860114,0.4412715287392286,0.14219841208527592,0.05807465060634437,1.0385575741391517,middle,,,,
2015,JP Duminy,Punjab Kings,1,6,10.0,2,33.33,1,16.67,0.09804312578700795,0.348826391973384,0.41432313825527584,0.22595293577057363,-0.05289007057572728,0.92759285295708,middle,,,,
2015,JP Faulkner,Delhi Capitals,0,18,12.67,6,33.33,5,27.78,0.02930319416152826,0.4351496761815432,0.41432313825527584,0.3375252089292855,-0.24737305001221654,0.7331098735205908,middle,,,,
2015,JP Faulkner,Punjab Kings,0,6,9.0,1,16.67,1,16.67,0.02930319416152826,0.3164955739178936,0.25282666866439374,0.22595293577057363,-0.17858425444681914,0.8018986690859882,middle,,,,
2015,JP Faulkner,Rajasthan Royals,3,96,7.63,39,40.63,15,15.63,0.23552298903796737,0.27220235318187186,0.4850868974397561,0.21550872658199932,0.23794692492698055,1.2184298484597877,middle,,,,
2015,JP Faulkner,Royal Challengers Bengaluru,0,18,11.67,3,16.67,6,33.33,0.02930319416152826,0.4028188581260529,0.25282666866439374,0.39326113296446563,-0.28110452125212493,0.6993784022806824,middle,,,,
2015,KA Pollard,Delhi Capitals,0,12,12.5,1,8.33,3,25.0,0.02930319416152826,0.42965343711210985,0.1719814972125356,0.30960703436751963,-0.31009491615713874,0.6703880073756685,middle,,,,
2015,KA Pollard,Mumbai Indians,2,36,8.17,6,16.67,4,11.11,0.16678305741248764,0.28966099493183667,0.25282666866439374,0.17011658664704182,0.060270473443171844,1.0407533969759792,middle,,,,
2015,KA Pollard,Punjab Kings,0,6,7.0,1,16.67,0,0.0,0.02930319416152826,0.25183393780691293,0.25282666866439374,0.05854431348832994,-0.09337322110158583,0.8871097024312214,middle,,,,
2015,Karanveer Singh,Punjab Kings,1,54,9.22,14,25.93,9,16.67,0.09804312578700795,0.32360835389010156,0.34259001250662474,0.22595293577057363,-0.05423557783369662,0.9262473456991107,middle,,,,
2015,Karanveer Singh,Royal Challengers Bengaluru,0,12,20.5,1,8.33,6,50.0,0.02930319416152826,0.6882999815560327,0.1719814972125356,0.5606697552467094,-0.567224695888115,0.41325822764469233,middle,,,,
2015,KC Cariappa,Kolkata Knight Riders,1,6,16.0,1,16.67,3,50.0,0.09804312578700795,0.5428113003063261,0.25282666866439374,0.5606697552467094,-0.3234703020145727,0.6570126215182346,middle,KC Cariappa,2015.0,41892800.9448,-0.7721381591094685
2015,KV Sharma,Delhi Capitals,2,18,4.0,11,61.11,1,5.56,0.16678305741248764,0.15484148364044192,0.6836131697819687,0.11438066261186171,0.3085092176185961,1.2889921411514034,middle,,,,
2015,KV Sharma,Punjab Kings,1,18,5.33,5,27.78,1,5.56,0.09804312578700795,0.19784147165424407,0.36052329394378757,0.11438066261186171,0.07407236701788057,1.0545552905506879,middle,,,,
2015,KV Sharma,Royal Challengers Bengaluru,1,24,5.25,7,29.17,1,4.17,0.09804312578700795,0.19525500620980485,0.3739974891857639,0.10042157533097877,0.08297561540220144,1.0634585389350089,middle,,,,
2015,KV Sharma,Sunrisers Hyderabad,5,131,9.85,30,22.9,25,19.08,0.37300285228892677,0.34397676926506043,0.3132182056122446,0.2501553820633275,0.3282572482923496,1.308740171825157,middle,,,,
2015,M Morkel,Delhi Capitals,1,12,9.0,6,50.0,3,25.0,0.09804312578700795,0.3164955739178936,0.5759165445025751,0.30960703436751963,0.004721786023465589,0.9852047095562729,middle,,,,
2015,M Morkel,Kolkata Knight Riders,1,24,5.0,13,54.17,2,8.33,0.09804312578700795,0.18717230169593227,0.6163391302285042,0.14219841208527592,0.15378890397526218,1.1342718275080694,middle,,,,
2015,M Vijay,Punjab Kings,0,18,7.67,3,16.67,2,11.11,0.02930319416152826,0.27349558590409145,0.25282666866439374,0.17011658664704182,-0.13301699421107102,0.8474659293217363,middle,M Vijay,2015.0,52366001.181,-0.25401403813765655
2015,MA Starc,Delhi Capitals,1,6,10.0,2,33.33,2,33.33,0.09804312578700795,0.348826391973384,0.41432313825527584,0.39326113296446563,-0.08635171001450569,0.8941312135183016,middle,,,,
2015,MA Starc,Punjab Kings,1,6,6.0,1,16.67,0,0.0,0.09804312578700795,0.2195031197514226,0.25282666866439374,0.05854431348832994,0.03560133078102599,1.0160842543138333,middle,,,,
2015,MA Starc,Royal Challengers Bengaluru,6,48,7.0,17,35.42,4,8.33,0.4417427839144064,0.25183393780691293,0.43458289944644896,0.14219841208527592,0.5630822130429588,1.543565136575766,middle,,,,
2015,MC Henriques,Delhi Capitals,0,6,7.0,3,50.0,1,16.67,0.02930319416152826,0.25183393780691293,0.5759165445025751,0.22595293577057363,-0.029927982806580156,0.9505549407262271,middle,,,,
2015,MC Henriques,Punjab Kings,1,24,7.75,4,16.67,1,4.17,0.09804312578700795,0.2760820513485307,0.25282666866439374,0.10042157533097877,-0.01803726686519027,0.962445656667617,middle,,,,
2015,MC Henriques,Sunrisers Hyderabad,6,78,6.08,31,39.74,8,10.26,0.4417427839144064,0.22208958519586183,0.4764595350186345,0.1615804541371494,0.5955642773930806,1.576047200925888,middle,,,,
2015,MG Johnson,Punjab Kings,3,102,8.24,47,46.08,20,19.61,0.23552298903796737,0.291924152195721,0.5379173751870734,0.2554779117459663,0.23002479200730302,1.2105077155401103,middle,,,,
2015,MG Johnson,Royal Challengers Bengaluru,0,6,7.0,2,33.33,1,16.67,0.02930319416152826,0.25183393780691293,0.41432313825527584,0.22595293577057363,-0.07840600468076994,0.9020769188520373,middle,,,,
2015,MJ McClenaghan,Delhi Capitals,0,6,11.0,3,50.0,2,33.33,0.02930319416152826,0.38115721002887437,0.5759165445025751,0.39326113296446563,-0.1668482400229277,0.8136346835098796,middle,MJ McClenaghan,2015.0,5236600.1181,-3.1861940239856503
2015,MJ McClenaghan,Mumbai Indians,4,48,8.0,14,29.17,7,14.58,0.30426292066344707,0.28416475586240325,0.3739974891857639,0.20496409230507334,0.30026900459996253,1.2807519281327697,middle,MJ McClenaghan,2015.0,5236600.1181,5.734044949548475
2015,MJ McClenaghan,Punjab Kings,0,6,5.0,2,33.33,0,0.0,0.02930319416152826,0.18717230169593227,0.41432313825527584,0.05854431348832994,0.006805028664463329,0.9872879521972706,middle,MJ McClenaghan,2015.0,5236600.1181,0.1299512758467493
2015,MJ McClenaghan,Royal Challengers Bengaluru,1,6,16.0,2,33.33,3,50.0,0.09804312578700795,0.5428113003063261,0.41432313825527584,0.5606697552467094,-0.27502136113730813,0.7054615623954992,middle,MJ McClenaghan,2015.0,5236600.1181,-5.251906865806175
2015,MM Sharma,Chennai Super Kings,3,96,6.94,29,30.21,10,10.42,0.23552298903796737,0.24989408872358354,0.3840789014531419,0.1631872555507762,0.23595543190387153,1.2164383554366789,middle,,,,
2015,NLTC Perera,Delhi Capitals,0,6,13.0,0,0.0,2,33.33,0.02930319416152826,0.44581884613985506,0.09123326241709453,0.39326113296446563,-0.36398253353735643,0.6165003899954509,middle,,,,
2015,NLTC Perera,Punjab Kings,0,18,8.67,7,38.89,4,22.22,0.02930319416152826,0.3058264039595818,0.46821991922318135,0.28168885980575376,-0.11657812811956941,0.863904795413238,middle,,,,
2015,NM Coulter-Nile,Delhi Capitals,4,51,9.18,19,37.25,13,25.49,0.30426292066344707,0.3223151211678819,0.4523223075707775,0.31452786369675173,0.27133340359274793,1.2518163271255554,middle,,,,
2015,NM Coulter-Nile,Punjab Kings,0,6,8.0,3,50.0,1,16.67,0.02930319416152826,0.28416475586240325,0.5759165445025751,0.22595293577057363,-0.05579263725097244,0.9246902862818349,middle,,,,
2015,P Kumar,Delhi Capitals,0,6,22.0,0,0.0,3,50.0,0.02930319416152826,0.7367962086392681,0.09123326241709453,0.5606697552467094,-0.6302461479933356,0.35023677553947175,middle,P Kumar,2015.0,38401734.1994,-1.6411918918057162
2015,P Kumar,Punjab Kings,0,6,4.0,2,33.33,0,0.0,0.02930319416152826,0.15484148364044192,0.41432313825527584,0.05854431348832994,0.03266968310885559,1.013152606641663,middle,P Kumar,2015.0,38401734.1994,0.08507345772255782
2015,P Kumar,Royal Challengers Bengaluru,0,12,7.0,6,50.0,2,16.67,0.02930319416152826,0.25183393780691293,0.5759165445025751,0.22595293577057363,-0.029927982806580156,0.9505549407262271,middle,P Kumar,2015.0,38401734.1994,-0.07793393561650078
2015,P Kumar,Sunrisers Hyderabad,1,48,7.5,10,20.83,4,8.33,0.09804312578700795,0.26799934683465815,0.2931523177339057,0.14219841208527592,-0.007828775884098079,0.9726541476487093,middle,P Kumar,2015.0,38401734.1994,-0.020386516513674527
2015,P Negi,Chennai Super Kings,2,108,8.33,33,30.56,17,15.74,0.16678305741248764,0.2948339258207151,0.3874716844277402,0.21661340255386777,0.08722627027970783,1.0677091938125152,middle,,,,
2015,P Negi,Delhi Capitals,2,18,9.33,5,27.78,4,22.22,0.16678305741248764,0.3271647438762055,0.36052329394378757,0.28168885980575376,0.04026200723975257,1.0207449307725598,middle,,,,
2015,P Negi,Punjab Kings,1,12,7.5,5,41.67,2,16.67,0.09804312578700795,0.26799934683465815,0.4951683097071341,0.22595293577057363,0.0360251169708109,1.0165080405036182,middle,,,,
2015,P Suyal,Mumbai Indians,0,12,9.0,4,33.33,1,8.33,0.02930319416152826,0.3164955739178936,0.41432313825527584,0.14219841208527592,-0.11338440883249498,0.8670985147003123,middle,,,,
2015,Parvez Rasool,Delhi Capitals,1,18,4.67,7,38.89,1,5.56,0.09804312578700795,0.17650313173762044,0.46821991922318135,0.11438066261186171,0.12345202653499764,1.1039349500678048,middle,,,,
2015,Parvez Rasool,Sunrisers Hyderabad,0,6,11.0,3,50.0,2,33.33,0.02930319416152826,0.38115721002887437,0.5759165445025751,0.39326113296446563,-0.1668482400229277,0.8136346835098796,middle,,,,
2015,PJ Cummins,Kolkata Knight Riders,0,12,5.5,3,25.0,0,0.0,0.02930319416152826,0.20333771072367743,0.3335749034598348,0.05854431348832994,-0.03035176899636511,0.9501311545364421,middle,,,,
2015,PP Chawla,Delhi Capitals,2,18,6.33,6,33.33,2,11.11,0.16678305741248764,0.2301722897097344,0.41432313825527584,0.17011658664704182,0.1563103784981183,1.1367933020309255,middle,,,,
2015,PP Chawla,Kolkata Knight Riders,6,132,7.77,39,29.55,17,12.88,0.4417427839144064,0.2767286677096405,0.37768108212961354,0.18789182728528847,0.5169572008857236,1.497440124418531,middle,,,,
2015,PP Chawla,Punjab Kings,0,18,5.0,4,22.22,0,0.0,0.02930319416152826,0.18717230169593227,0.30662651297588206,0.05854431348832994,-0.0255039589193548,0.9549789646134526,middle,,,,
2015,PP Ojha,Mumbai Indians,0,6,12.0,0,0.0,1,16.67,0.02930319416152826,0.4134880280843647,0.09123326241709453,0.22595293577057363,-0.30465623965418576,0.6758266838786215,middle,PP Ojha,2015.0,8727666.863499999,-3.4906951012107204
2015,PV Tambe,Delhi Capitals,0,6,13.0,1,16.67,2,33.33,0.02930319416152826,0.44581884613985506,0.25282666866439374,0.39326113296446563,-0.3155045116631667,0.6649784118696407,middle,,,,
2015,PV Tambe,Punjab Kings,0,18,5.0,7,38.89,1,5.56,0.02930319416152826,0.18717230169593227,0.46821991922318135,0.11438066261186171,0.011806793130128643,0.992289716662936,middle,,,,
2015,PV Tambe,Rajasthan Royals,4,96,6.94,36,37.5,11,11.46,0.30426292066344707,0.24989408872358354,0.45474572398120494,0.17363146473935048,0.3581765342627951,1.3386594577956024,middle,,,,
2015,PV Tambe,Royal Challengers Bengaluru,0,6,6.0,1,16.67,0,0.0,0.02930319416152826,0.2195031197514226,0.25282666866439374,0.05854431348832994,-0.06750856665719354,0.9129743568756138,middle,,,,
2015,R Ashwin,Chennai Super Kings,7,114,5.68,50,43.86,9,7.89,0.5104827155398862,0.2091572579736657,0.5163974374624781,0.13777970819780222,0.7257615565300798,1.706244480062887,middle,,,,
2015,R Ashwin,Delhi Capitals,0,18,6.67,8,44.44,2,11.11,0.02930319416152826,0.24116476784860114,0.5220197635346696,0.17011658664704182,-0.026394411305596034,0.9540885122272112,middle,,,,
2015,R Ashwin,Punjab Kings,1,18,4.0,10,55.56,1,5.56,0.09804312578700795,0.15484148364044192,0.6298133254704806,0.11438066261186171,0.18925936688693024,1.1697422904197374,middle,,,,
2015,R Ashwin,Royal Challengers Bengaluru,0,6,17.0,1,16.67,3,50.0,0.02930319416152826,0.5751421183618164,0.25282666866439374,0.5606697552467094,-0.4524448538971845,0.5280380696356228,middle,,,,
2015,R Bhatia,Rajasthan Royals,0,30,9.4,7,23.33,5,16.67,0.02930319416152826,0.3294279011400898,0.3173864818381798,0.22595293577057363,-0.16956217227244025,0.8109207512603671,middle,,,,
2015,R Dhawan,Punjab Kings,1,36,9.33,13,36.11,8,22.22,0.09804312578700795,0.3271647438762055,0.4412715287392286,0.28168885980575376,-0.03862341975983466,0.9418595037729727,middle,,,,
2015,R Tewatia,Rajasthan Royals,1,12,12.0,3,25.0,3,25.0,0.09804312578700795,0.4134880280843647,0.3335749034598348,0.30960703436751963,-0.14557466962253335,0.8349082539102739,middle,,,,
2015,R Vinay Kumar,Mumbai Indians,2,54,8.56,14,25.93,8,14.81,0.16678305741248764,0.3022700139734779,0.34259001250662474,0.2072738693371619,0.06968080482450414,1.0501637283573115,middle,,,,
2015,RA Jadeja,Chennai Super Kings,7,156,8.46,44,28.21,24,15.38,0.5104827155398862,0.29903693216792887,0.3646915701697227,0.21299809937320746,0.5933023787517617,1.573785302284569,middle,,,,
2015,RA Jadeja,Delhi Capitals,0,12,5.0,5,41.67,1,8.33,0.02930319416152826,0.18717230169593227,0.4951683097071341,0.14219841208527592,0.014327760380631622,0.994810683913439,middle,,,,
2015,RA Jadeja,Punjab Kings,1,12,5.5,5,41.67,1,8.33,0.09804312578700795,0.20333771072367743,0.4951683097071341,0.14219841208527592,0.10450533059665501,1.0849882541294624,middle,,,,
2015,RA Jadeja,Royal Challengers Bengaluru,1,24,9.25,7,29.17,4,16.67,0.09804312578700795,0.32457827843176623,0.3739974891857639,0.22595293577057363,-0.045589274463286644,0.9348936490695207,middle,,,,
2015,RG More,Chennai Super Kings,1,18,10.33,3,16.67,3,16.67,0.09804312578700795,0.3594955619316958,0.25282666866439374,0.22595293577057363,-0.1098743474196413,0.870608576113166,middle,,,,
2015,RN ten Doeschate,Kolkata Knight Riders,0,6,4.0,3,50.0,0,0.0,0.02930319416152826,0.15484148364044192,0.5759165445025751,0.05854431348832994,0.08114770498304538,1.0616306285158528,middle,,,,
2015,RS Bopara,Delhi Capitals,0,6,15.0,1,16.67,3,50.0,0.02930319416152826,0.5104804822508356,0.25282666866439374,0.5606697552467094,-0.4007155450083999,0.5797673785244074,middle,RS Bopara,2015.0,17455333.726999998,-2.295662467848272
2015,RS Bopara,Royal Challengers Bengaluru,2,12,11.0,4,33.33,4,33.33,0.16678305741248764,0.38115721002887437,0.41432313825527584,0.39326113296446563,-0.009106467020678452,0.9713764565121289,middle,RS Bopara,2015.0,17455333.726999998,-0.052170111228480975
2015,RS Bopara,Sunrisers Hyderabad,4,72,7.0,24,33.33,10,13.89,0.30426292066344707,0.25183393780691293,0.41432313825527584,0.19803476120880772,0.3396172199844614,1.3201001435172688,middle,RS Bopara,2015.0,17455333.726999998,1.9456357884417863
2015,S Aravind,Royal Challengers Bengaluru,3,36,8.33,16,44.44,8,22.22,0.23552298903796737,0.2948339258207151,0.5220197635346696,0.28168885980575376,0.2176854999996291,1.1981684235324364,middle,,,,
2015,S Gopal,Mumbai Indians,1,12,11.0,2,16.67,2,16.67,0.09804312578700795,0.38115721002887437,0.25282666866439374,0.22595293577057363,-0.1272036658973842,0.8532792576354231,middle,,,,
2015,S Nadeem,Delhi Capitals,0,18,8.33,6,33.33,2,11.11,0.02930319416152826,0.2948339258207151,0.41432313825527584,0.17011658664704182,-0.10163872526710532,0.878844198265702,middle,,,,
2015,SA Abbott,Royal Challengers Bengaluru,0,12,9.5,4,33.33,3,25.0,0.02930319416152826,0.33266098294563884,0.41432313825527584,0.30960703436751963,-0.15979846051113988,0.8206844630216674,middle,SA Abbott,2015.0,17455333.726999998,-0.9154706693688865
2015,Sandeep Sharma,Punjab Kings,2,24,4.0,15,62.5,2,8.33,0.16678305741248764,0.15484148364044192,0.6970873650239453,0.14219841208527592,0.3069879262965063,1.2874708498293135,middle,,,,
2015,Sandeep Sharma,Royal Challengers Bengaluru,1,6,4.0,2,33.33,0,0.0,0.09804312578700795,0.15484148364044192,0.41432313825527584,0.05854431348832994,0.13577958054707512,1.1162625040798824,middle,,,,
2015,Shakib Al Hasan,Kolkata Knight Riders,1,36,6.17,15,41.67,3,8.33,0.09804312578700795,0.22499935882085598,0.4951683097071341,0.14219841208527592,0.08717601211891218,1.0676589356517194,middle,,,,
2015,Shivam Sharma,Punjab Kings,1,12,16.0,3,25.0,6,50.0,0.09804312578700795,0.5428113003063261,0.3335749034598348,0.5606697552467094,-0.2992458315759404,0.6812370919568669,middle,,,,
2015,SK Raina,Chennai Super Kings,2,54,8.22,18,33.33,8,14.81,0.16678305741248764,0.2912775358346112,0.41432313825527584,0.2072738693371619,0.09999472506019286,1.080477648593,middle,,,,
2015,SK Raina,Delhi Capitals,0,6,8.0,1,16.67,1,16.67,0.02930319416152826,0.28416475586240325,0.25282666866439374,0.22595293577057363,-0.15271960000242685,0.8277633235303805,middle,,,,
2015,SK Raina,Punjab Kings,0,6,8.0,2,33.33,1,16.67,0.02930319416152826,0.28416475586240325,0.41432313825527584,0.22595293577057363,-0.10427065912516223,0.8762122644076451,middle,,,,
2015,SL Malinga,Mumbai Indians,5,78,7.15,28,35.9,9,11.54,0.37300285228892677,0.2566835605152365,0.4392358589544696,0.17443486544616388,0.451041214618309,1.4315241381511163,middle,,,,
2015,SL Malinga,Punjab Kings,0,6,8.0,0,0.0,0,0.0,0.02930319416152826,0.28416475586240325,0.09123326241709453,0.05854431348832994,-0.16771589742016788,0.8127670261126394,middle,,,,
2015,SL Malinga,Royal Challengers Bengaluru,1,6,24.0,1,16.67,4,66.67,0.09804312578700795,0.8014578447502488,0.25282666866439374,0.728078377528953,-0.5638692620261597,0.4166136615066476,middle,,,,
2015,SN Thakur,Delhi Capitals,1,12,10.0,3,25.0,3,25.0,0.09804312578700795,0.348826391973384,0.3335749034598348,0.30960703436751963,-0.09384536073374877,0.8866375627990586,middle,,,,
2015,SP Narine,Delhi Capitals,0,6,3.0,3,50.0,0,0.0,0.02930319416152826,0.12251066558495158,0.5759165445025751,0.05854431348832994,0.10701235942743767,1.087495282960245,middle,,,,
2015,SP Narine,Kolkata Knight Riders,2,72,8.08,21,29.17,9,12.5,0.16678305741248764,0.2867512213068425,0.3739974891857639,0.18407567392792476,0.09615772104340164,1.076640644576209,middle,,,,
2015,SP Narine,Punjab Kings,0,12,6.5,5,41.67,2,16.67,0.02930319416152826,0.2356685287791678,0.4951683097071341,0.22595293577057363,-0.041220126023016335,0.9392627975097909,middle,,,,
2015,SR Watson,Rajasthan Royals,1,72,10.08,23,31.94,16,22.22,0.09804312578700795,0.3514128574178232,0.40084894301329954,0.28168885980575376,-0.07014868631090751,0.9103342372218998,middle,,,,
2015,SR Watson,Royal Challengers Bengaluru,0,18,7.67,6,33.33,2,11.11,0.02930319416152826,0.27349558590409145,0.41432313825527584,0.17011658664704182,-0.0845680533338064,0.895914870199001,middle,,,,
2015,STR Binny,Punjab Kings,0,12,7.5,6,50.0,2,16.67,0.02930319416152826,0.26799934683465815,0.5759165445025751,0.22595293577057363,-0.04286031002877633,0.937622613504031,middle,,,,
2015,STR Binny,Rajasthan Royals,1,36,8.33,14,38.89,7,19.44,0.09804312578700795,0.2948339258207151,0.46821991922318135,0.2537706852439879,0.0009093867420966462,0.9813923102749039,middle,,,,
2015,STR Binny,Royal Challengers Bengaluru,1,30,6.8,17,56.67,5,16.67,0.09804312578700795,0.24536777419581488,0.6405732943327782,0.22595293577057363,0.09775187046957873,1.078234794002386,middle,,,,
2015,TA Boult,Sunrisers Hyderabad,1,36,7.17,12,33.33,5,13.89,0.09804312578700795,0.2573301768763463,0.41432313825527584,0.19803476120880772,0.025890536414256073,1.0063734599470633,middle,,,,
2015,TG Southee,Delhi Capitals,0,6,6.0,1,16.67,0,0.0,0.02930319416152826,0.2195031197514226,0.25282666866439374,0.05854431348832994,-0.06750856665719354,0.9129743568756138,middle,,,,
2015,TG Southee,Punjab Kings,0,6,11.0,3,50.0,2,33.33,0.02930319416152826,0.38115721002887437,0.5759165445025751,0.39326113296446563,-0.1668482400229277,0.8136346835098796,middle,,,,
2015,TG Southee,Rajasthan Royals,1,18,10.33,6,33.33,5,27.78,0.09804312578700795,0.3594955619316958,0.41432313825527584,0.3375252089292855,-0.08373986117411907,0.8967430623586883,middle,,,,
2015,TG Southee,Royal Challengers Bengaluru,0,6,7.0,1,16.67,0,0.0,0.02930319416152826,0.25183393780691293,0.25282666866439374,0.05854431348832994,-0.09337322110158583,0.8871097024312214,middle,,,,
2015,UT Yadav,Kolkata Knight Riders,0,30,10.6,5,16.67,7,23.33,0.02930319416152826,0.3682248828066782,0.25282666866439374,0.2928360446127897,-0.23334432332629002,0.7471386002065172,middle,,,,
2015,UT Yadav,Punjab Kings,1,6,8.0,2,33.33,1,16.67,0.09804312578700795,0.28416475586240325,0.41432313825527584,0.22595293577057363,-0.0011607616869426796,0.9793221618458646,middle,,,,
2015,UT Yadav,Royal Challengers Bengaluru,0,6,13.0,0,0.0,2,33.33,0.02930319416152826,0.44581884613985506,0.09123326241709453,0.39326113296446563,-0.36398253353735643,0.6165003899954509,middle,,,,
2015,V Kohli,Royal Challengers Bengaluru,0,11,5.45,2,18.18,0,0.0,0.02930319416152826,0.2017211698209029,0.26746410378337526,0.05854431348832994,-0.04889177617708335,0.9315911473557239,middle,,,,
2015,VR Aaron,Delhi Capitals,0,6,2.0,4,66.67,0,0.0,0.02930319416152826,0.09017984752946122,0.7375099507498742,0.05854431348832994,0.18135503574601966,1.161837959278827,middle,,,,
2015,VR Aaron,Royal Challengers Bengaluru,0,24,11.75,6,25.0,7,29.17,0.02930319416152826,0.40540532357049214,0.3335749034598348,0.3514842962101685,-0.25059385581818455,0.7298890677146228,middle,,,,
2015,YK Pathan,Delhi Capitals,0,6,9.0,0,0.0,1,16.67,0.02930319416152826,0.3164955739178936,0.09123326241709453,0.22595293577057363,-0.2270622763210089,0.7534206472117984,middle,,,,
2015,YK Pathan,Kolkata Knight Riders,2,42,9.29,9,21.43,7,16.67,0.16678305741248764,0.3258715111539858,0.2989685171189315,0.22595293577057363,0.03397734517710753,1.014460268709915,middle,,,,
2015,YS Chahal,Punjab Kings,1,6,10.0,1,16.67,1,16.67,0.09804312578700795,0.348826391973384,0.25282666866439374,0.22595293577057363,-0.1013390114529919,0.8791439120798155,middle,,,,
2015,YS Chahal,Royal Challengers Bengaluru,14,191,8.1,66,34.55,27,14.14,0.9916622369182441,0.2873978376679523,0.42614941033816156,0.20054538841759964,1.3453108306609327,2.32579375419374,middle,,,,
2015,Yuvraj Singh,Delhi Capitals,1,36,8.0,7,19.44,4,11.11,0.09804312578700795,0.28416475586240325,0.2796781224919294,0.17011658664704182,-0.030386996591240244,0.9500959269415671,middle,Yuvraj Singh,2015.0,279285339.63199997,-0.01088026912951451
2015,Yuvraj Singh,Punjab Kings,0,6,9.0,0,0.0,0,0.0,0.02930319416152826,0.3164955739178936,0.09123326241709453,0.05854431348832994,-0.19358055186456016,0.7869023716682472,middle,Yuvraj Singh,2015.0,279285339.63199997,-0.0693128225490215
2015,Z Khan,Delhi Capitals,0,6,8.0,1,16.67,1,16.67,0.02930319416152826,0.28416475586240325,0.25282666866439374,0.22595293577057363,-0.15271960000242685,0.8277633235303805,middle,Z Khan,2015.0,69821334.90799999,-0.21872913229696578
2016,A Ashish Reddy,Royal Challengers Bengaluru,0,11,14.18,1,9.09,4,36.36,0.041499504675485015,0.4923840071901278,0.20928035338711118,0.4244601937555706,-0.3537658814738555,0.6267170420589518,middle,,,,
2016,A Ashish Reddy,Sunrisers Hyderabad,1,12,7.0,4,33.33,2,16.67,0.12686604466966164,0.2512419002978273,0.4521565939865467,0.23249650369203975,0.07845322422378666,1.058936147756594,middle,,,,
2016,A Mishra,Delhi Capitals,9,156,7.77,58,37.18,22,14.1,0.8097983646230746,0.2771025440731854,0.49073223451079695,0.2074408062078714,1.0987470207877283,2.0792299443205358,middle,A Mishra,2016.0,1636386.3998999998,67.14471721684274
2016,A Mishra,Gujarat Titans,1,12,7.5,2,16.67,1,8.33,0.12686604466966164,0.26803452612598194,0.2852292768088819,0.15118735310139234,0.031202758526092972,1.0116856820589002,middle,A Mishra,2016.0,1636386.3998999998,1.906808717549827
2016,A Mishra,Lucknow Super Giants,0,12,5.0,5,41.67,1,8.33,0.041499504675485015,0.18407139698520877,0.5357204490442733,0.15118735310139234,0.045470803518063985,1.0259537270508714,middle,A Mishra,2016.0,1636386.3998999998,2.778732671014787
2016,A Mishra,Punjab Kings,0,18,8.33,4,22.22,3,16.67,0.041499504675485015,0.29591028500071864,0.3408383170451388,0.23249650369203975,-0.1187267766122137,0.8617561469205937,middle,A Mishra,2016.0,1636386.3998999998,-7.255424306842756
2016,A Mishra,Royal Challengers Bengaluru,0,18,10.0,3,16.67,4,22.22,0.041499504675485015,0.3519976552667551,0.2852292768088819,0.28660511109948494,-0.19110110637740896,0.7893818171553983,middle,A Mishra,2016.0,1636386.3998999998,-11.678238488726574
2016,A Nehra,Lucknow Super Giants,1,6,6.0,3,50.0,1,16.67,0.12686604466966164,0.21765664864151804,0.6191841076331058,0.23249650369203975,0.1554296796428018,1.135912603175609,middle,A Nehra,2016.0,90001251.9945,0.17269724164759415
2016,A Nehra,Sunrisers Hyderabad,1,18,5.67,9,50.0,2,11.11,0.12686604466966164,0.20657351559493597,0.6191841076331058,0.17829040329827478,0.17513740615882045,1.1556203296916276,middle,A Nehra,2016.0,90001251.9945,0.19459441094166463
2016,A Zampa,Lucknow Super Giants,5,54,6.33,15,27.78,3,5.56,0.46833220464636816,0.22873978168810008,0.3965475537502898,0.1241817958908296,0.6136343885659932,1.5941173120988004,middle,A Zampa,2016.0,4909159.1997,12.499785881938653
2016,A Zampa,Royal Challengers Bengaluru,2,12,7.0,4,33.33,2,16.67,0.21223258466383826,0.2512419002978273,0.4521565939865467,0.23249650369203975,0.20650303421505162,1.186985957747859,middle,A Zampa,2016.0,4909159.1997,4.206484772945865
2016,AD Russell,Kolkata Knight Riders,2,48,8.63,19,39.58,11,22.92,0.21223258466383826,0.30598586049761145,0.5147793870453945,0.29342962014186547,0.16930808068291348,1.1497910042157207,middle,,,,
2016,AF Milne,Royal Challengers Bengaluru,1,6,7.0,2,33.33,1,16.67,0.12686604466966164,0.2512419002978273,0.4521565939865467,0.23249650369203975,0.07845322422378666,1.058936147756594,middle,,,,
2016,Ankit Sharma,Lucknow Super Giants,0,30,6.4,6,20.0,1,3.33,0.041499504675485015,0.23109074930404172,0.31859470095063597,0.10244085994153178,-0.04753310413312144,0.9329498193996859,middle,,,,
2016,Ankit Sharma,Punjab Kings,1,12,5.0,4,33.33,0,0.0,0.12686604466966164,0.18407139698520877,0.4521565939865467,0.06997569549706467,0.16469378851287647,1.1451767120456837,middle,,,,
2016,Anureet Singh,Punjab Kings,0,18,8.0,7,38.89,1,5.56,0.041499504675485015,0.28482715195413655,0.5078658306916978,0.1241817958908296,-0.03808907452073831,0.942393849012069,middle,,,,
2016,AR Patel,Delhi Capitals,1,12,9.0,4,33.33,3,25.0,0.12686604466966164,0.3184124036104458,0.4521565939865467,0.3137081612963674,0.0084744900528263,0.9889574135856336,middle,,,,
2016,AR Patel,Gujarat Titans,1,12,6.0,5,41.67,1,8.33,0.12686604466966164,0.21765664864151804,0.5357204490442733,0.15118735310139234,0.1466524121842815,1.1271353357170888,middle,,,,
2016,AR Patel,Lucknow Super Giants,0,12,8.5,5,41.67,1,8.33,0.041499504675485015,0.3016197777822912,0.5357204490442733,0.15118735310139234,-0.04856790111960198,0.9319150224132053,middle,,,,
2016,AR Patel,Punjab Kings,5,138,7.61,38,27.54,14,10.14,0.46833220464636816,0.27172890380817594,0.39414283849683,0.16883358362526185,0.5695913187470082,1.5500742422798155,middle,,,,
2016,AR Patel,Royal Challengers Bengaluru,1,12,18.0,4,33.33,5,41.67,0.12686604466966164,0.6206796685172291,0.4521565939865467,0.47622896949134247,-0.26584348351159537,0.7146394400212119,middle,,,,
2016,AS Rajpoot,Kolkata Knight Riders,1,18,8.33,4,22.22,3,16.67,0.12686604466966164,0.29591028500071864,0.3408383170451388,0.23249650369203975,0.009323033379051215,0.9898059569118585,middle,,,,
2016,B Kumar,Gujarat Titans,0,6,9.0,1,16.67,0,0.0,0.041499504675485015,0.3184124036104458,0.2852292768088819,0.06997569549706467,-0.12090702193187751,0.8595759016009298,middle,,,,
2016,B Kumar,Royal Challengers Bengaluru,1,6,8.0,2,33.33,1,16.67,0.12686604466966164,0.28482715195413655,0.4521565939865467,0.23249650369203975,0.051585022898739244,1.0320679464315465,middle,,,,
2016,B Kumar,Sunrisers Hyderabad,1,42,7.86,11,26.19,4,9.52,0.12686604466966164,0.28012521672225327,0.38061631519611894,0.16278901847343913,0.04782598449083767,1.028308908023645,middle,,,,
2016,BB Sran,Delhi Capitals,0,6,4.0,2,33.33,0,0.0,0.041499504675485015,0.1504861453288995,0.4521565939865467,0.06997569549706467,0.06351217984665897,1.0439951033794663,middle,,,,
2016,BB Sran,Gujarat Titans,1,18,7.67,6,33.33,3,16.67,0.12686604466966164,0.2737440189075545,0.4521565939865467,0.23249650369203975,0.06045152933600488,1.0409344528688123,middle,,,,
2016,BB Sran,Lucknow Super Giants,1,18,7.33,5,27.78,2,11.11,0.12686604466966164,0.2623250333444094,0.3965475537502898,0.17829040329827478,0.06374522579439693,1.0442281493272043,middle,,,,
2016,BB Sran,Royal Challengers Bengaluru,1,6,12.0,1,16.67,1,16.67,0.12686604466966164,0.4191681585793736,0.2852292768088819,0.23249650369203975,-0.10596597755474985,0.8745169459780575,middle,,,,
2016,BB Sran,Sunrisers Hyderabad,3,78,8.77,22,28.21,14,17.95,0.2975991246580149,0.3106877957294947,0.4008560019127385,0.24497560594096404,0.2691101297890553,1.2495930533218627,middle,,,,
2016,BCJ Cutting,Gujarat Titans,1,6,2.0,4,66.67,0,0.0,0.12686604466966164,0.08331564201628097,0.7862116212796647,0.06997569549706467,0.34551490067595414,1.3259978242087613,middle,BCJ Cutting,2016.0,8181931.9995,4.222901152161477
2016,BCJ Cutting,Royal Challengers Bengaluru,2,18,7.33,6,33.33,2,11.11,0.21223258466383826,0.2623250333444094,0.4521565939865467,0.17829040329827478,0.20847774785653897,1.1889606713893464,middle,BCJ Cutting,2016.0,8181931.9995,2.5480259169750994
2016,BCJ Cutting,Sunrisers Hyderabad,1,18,4.67,7,38.89,0,0.0,0.12686604466966164,0.1729882639386267,0.5078658306916978,0.06997569549706467,0.19027306596168747,1.1707559894944948,middle,BCJ Cutting,2016.0,8181931.9995,2.3255273445601246
2016,Bipul Sharma,Gujarat Titans,2,24,6.25,10,41.67,3,12.5,0.21223258466383826,0.22605296155559534,0.5357204490442733,0.19184192839671602,0.2598542567852199,1.2403371803180272,middle,,,,
2016,Bipul Sharma,Royal Challengers Bengaluru,1,12,8.5,1,8.33,2,16.67,0.12686604466966164,0.3016197777822912,0.20166542175115526,0.23249650369203975,-0.036996429434401915,0.9434864940984053,middle,,,,
2016,Bipul Sharma,Sunrisers Hyderabad,0,36,9.67,7,19.44,5,13.89,0.041499504675485015,0.34091452222017304,0.31298369869256326,0.20539345349515725,-0.1576659418541734,0.8228169816786339,middle,,,,
2016,C Munro,Kolkata Knight Riders,0,12,7.5,5,41.67,2,16.67,0.041499504675485015,0.26803452612598194,0.5357204490442733,0.23249650369203975,-0.03796152991268405,0.9425213936201232,middle,,,,
2016,CH Gayle,Delhi Capitals,2,12,6.0,3,25.0,0,0.0,0.21223258466383826,0.21765664864151804,0.36869293539771425,0.06997569549706467,0.24083629960244432,1.2213192231352517,middle,,,,
2016,CH Gayle,Royal Challengers Bengaluru,0,24,6.75,5,20.83,2,8.33,0.041499504675485015,0.24284558738374998,0.326911007868851,0.15118735310139234,-0.06419138115339562,0.9162915423794117,middle,,,,
2016,CH Morris,Delhi Capitals,2,42,5.14,16,38.1,2,4.76,0.21223258466383826,0.18877333221709205,0.4999503096490594,0.1163823569852519,0.29403883271975123,1.2745217562525586,middle,CH Morris,2016.0,114547047.99299999,0.2566969973226373
2016,CH Morris,Gujarat Titans,0,6,13.0,0,0.0,2,33.33,0.041499504675485015,0.45275341023568283,0.11820176316232284,0.39491981890069505,-0.3434769060067609,0.6370060175260464,middle,CH Morris,2016.0,114547047.99299999,-0.2998566196378547
2016,CJ Jordan,Delhi Capitals,1,6,2.0,4,66.67,0,0.0,0.12686604466966164,0.08331564201628097,0.7862116212796647,0.06997569549706467,0.34551490067595414,1.3259978242087613,middle,,,,
2016,CJ Jordan,Gujarat Titans,1,6,5.0,2,33.33,0,0.0,0.12686604466966164,0.18407139698520877,0.4521565939865467,0.06997569549706467,0.16469378851287647,1.1451767120456837,middle,,,,
2016,CJ Jordan,Punjab Kings,0,6,11.0,1,16.67,2,33.33,0.041499504675485015,0.38558290692306435,0.2852292768088819,0.39491981890069505,-0.23963224926269838,0.7408506742701089,middle,,,,
2016,CJ Jordan,Royal Challengers Bengaluru,3,48,7.63,14,29.17,5,10.42,0.2975991246580149,0.2724006088413021,0.4104748629265776,0.17156338724221407,0.3173079813435111,1.2977909048763183,middle,,,,
2016,CR Brathwaite,Delhi Capitals,6,78,8.15,24,30.77,11,14.1,0.5536987446405448,0.2898649397025829,0.4265062979496426,0.2074408062078714,0.6851198933420694,1.6656028168748767,middle,CR Brathwaite,2016.0,68728228.7958,0.9968537023959175
2016,CR Brathwaite,Punjab Kings,0,12,10.0,1,8.33,2,16.67,0.041499504675485015,0.3519976552667551,0.20166542175115526,0.23249650369203975,-0.20534854141323794,0.7751343821195693,middle,CR Brathwaite,2016.0,68728228.7958,-0.29878340386648644
2016,CR Brathwaite,Royal Challengers Bengaluru,1,12,9.5,4,33.33,3,25.0,0.12686604466966164,0.3352050294386005,0.4521565939865467,0.3137081612963674,-0.004959610609697407,0.9755233129231099,middle,CR Brathwaite,2016.0,68728228.7958,-0.007216264257926709
2016,D Wiese,Royal Challengers Bengaluru,0,18,12.33,5,27.78,6,33.33,0.041499504675485015,0.43025129162595566,0.3965475537502898,0.39491981890069505,-0.2419714739425891,0.7385114495902182,middle,,,,
2016,DJ Bravo,Delhi Capitals,0,6,11.0,3,50.0,2,33.33,0.041499504675485015,0.38558290692306435,0.6191841076331058,0.39491981890069505,-0.13944580001543122,0.8410371235173761,middle,,,,
2016,DJ Bravo,Gujarat Titans,6,132,6.09,47,35.61,13,9.85,0.5536987446405448,0.22067932129058584,0.47500138889441446,0.16600628702198994,0.763303819192275,1.7437867427250824,middle,,,,
2016,DJ Bravo,Lucknow Super Giants,0,12,9.5,1,8.33,1,8.33,0.041499504675485015,0.3352050294386005,0.20166542175115526,0.15118735310139234,-0.17565261063258475,0.8048303129002226,middle,,,,
2016,DJ Bravo,Punjab Kings,2,18,5.33,7,38.89,1,5.56,0.21223258466383826,0.19515453003179084,0.5078658306916978,0.1241817958908296,0.2897486429996682,1.2702315665324755,middle,,,,
2016,DJ Bravo,Royal Challengers Bengaluru,0,12,8.0,1,8.33,1,8.33,0.041499504675485015,0.28482715195413655,0.20166542175115526,0.15118735310139234,-0.13535030864501363,0.8451326148877937,middle,,,,
2016,DJ Hooda,Delhi Capitals,0,12,8.0,0,0.0,1,8.33,0.041499504675485015,0.28482715195413655,0.11820176316232284,0.15118735310139234,-0.16038940622166337,0.8200935173111439,middle,,,,
2016,DJ Hooda,Gujarat Titans,1,12,6.5,2,16.67,1,8.33,0.12686604466966164,0.23444927446967265,0.2852292768088819,0.15118735310139234,0.058070959851140413,1.0385538833839476,middle,,,,
2016,DJ Hooda,Sunrisers Hyderabad,1,24,9.5,6,25.0,4,16.67,0.12686604466966164,0.3352050294386005,0.36869293539771425,0.23249650369203975,-0.013756376665481601,0.9667265468673257,middle,,,,
2016,DL Chahar,Lucknow Super Giants,0,6,7.0,2,33.33,1,16.67,0.041499504675485015,0.2512419002978273,0.4521565939865467,0.23249650369203975,-0.04959658576747826,0.930886337765329,middle,DL Chahar,2016.0,1636386.3998999998,-3.030860301118924
2016,DR Smith,Delhi Capitals,0,6,5.0,1,16.67,0,0.0,0.041499504675485015,0.18407139698520877,0.2852292768088819,0.06997569549706467,-0.01343421663168789,0.9670487069011194,middle,DR Smith,2016.0,37636887.1977,-0.03569428194505112
2016,DR Smith,Gujarat Titans,2,54,8.89,19,35.19,9,16.67,0.21223258466383826,0.3147180259282518,0.4707931372008598,0.23249650369203975,0.16131309667500593,1.1417960202078132,middle,DR Smith,2016.0,37636887.1977,0.42860371482810566
2016,DR Smith,Royal Challengers Bengaluru,0,6,13.0,0,0.0,2,33.33,0.041499504675485015,0.45275341023568283,0.11820176316232284,0.39491981890069505,-0.3434769060067609,0.6370060175260464,middle,DR Smith,2016.0,37636887.1977,-0.9126071032456446
2016,DS Kulkarni,Delhi Capitals,0,6,7.0,2,33.33,1,16.67,0.041499504675485015,0.2512419002978273,0.4521565939865467,0.23249650369203975,-0.04959658576747826,0.930886337765329,middle,DS Kulkarni,2016.0,32727727.998,-0.1515430150559462
2016,DS Kulkarni,Gujarat Titans,1,48,7.5,18,37.5,6,12.5,0.12686604466966164,0.26803452612598194,0.49393852151540996,0.19184192839671602,0.08568461687898665,1.066167540411794,middle,DS Kulkarni,2016.0,32727727.998,0.26181046507176686
2016,DS Kulkarni,Royal Challengers Bengaluru,0,6,22.0,0,0.0,4,66.67,0.041499504675485015,0.7550206751424662,0.11820176316232284,0.7199614352906453,-0.6502990412101777,0.33018388232262963,middle,DS Kulkarni,2016.0,32727727.998,-1.9869972069247142
2016,GB Hogg,Delhi Capitals,0,18,7.0,1,5.56,0,0.0,0.041499504675485015,0.2512419002978273,0.1739109998674739,0.06997569549706467,-0.10056610236420507,0.8799168211686023,middle,,,,
2016,GB Hogg,Kolkata Knight Riders,3,48,9.75,18,37.5,12,25.0,0.2975991246580149,0.34360134235267775,0.49393852151540996,0.3137081612963674,0.2569575373002296,1.237440460833037,middle,,,,
2016,GJ Maxwell,Delhi Capitals,0,6,11.0,3,50.0,2,33.33,0.041499504675485015,0.38558290692306435,0.6191841076331058,0.39491981890069505,-0.13944580001543122,0.8410371235173761,middle,,,,
2016,GJ Maxwell,Punjab Kings,0,36,8.0,8,22.22,5,13.89,0.041499504675485015,0.28482715195413655,0.3408383170451388,0.20539345349515725,-0.10443966013557154,0.8760432633972357,middle,,,,
2016,Gurkeerat Singh,Gujarat Titans,0,6,8.0,2,33.33,0,0.0,0.041499504675485015,0.28482715195413655,0.4521565939865467,0.06997569549706467,-0.043960625453530654,0.9365222980792767,middle,,,,
2016,Gurkeerat Singh,Lucknow Super Giants,2,12,7.5,4,33.33,1,8.33,0.21223258466383826,0.26803452612598194,0.4521565939865467,0.15118735310139234,0.2093307636706574,1.1898136872034648,middle,,,,
2016,Gurkeerat Singh,Punjab Kings,0,6,8.0,1,16.67,1,16.67,0.041499504675485015,0.28482715195413655,0.2852292768088819,0.23249650369203975,-0.1265429822458251,0.8539399412869821,middle,,,,
2016,Harbhajan Singh,Delhi Capitals,1,18,8.33,5,27.78,3,16.67,0.12686604466966164,0.29591028500071864,0.3965475537502898,0.23249650369203975,0.026035804390596523,1.0065187279234038,middle,,,,
2016,Harbhajan Singh,Gujarat Titans,1,24,9.0,7,29.17,5,20.83,0.12686604466966164,0.3184124036104458,0.4104748629265776,0.2730535860010437,0.004100885793900319,0.9845838093267076,middle,,,,
2016,Harbhajan Singh,Lucknow Super Giants,1,24,6.25,5,20.83,1,4.17,0.12686604466966164,0.22605296155559534,0.326911007868851,0.11063027079238837,0.0854039459621938,1.0658868694950012,middle,,,,
2016,Harbhajan Singh,Mumbai Indians,5,138,8.65,37,26.81,23,16.67,0.46833220464636816,0.3066575655307376,0.3868284962675566,0.23249650369203975,0.5267215026868213,1.5072044262196287,middle,,,,
2016,Harbhajan Singh,Punjab Kings,0,24,7.75,8,33.33,4,16.67,0.041499504675485015,0.2764308390400592,0.4521565939865467,0.23249650369203975,-0.06974773676126382,0.9107351867715435,middle,,,,
2016,Harbhajan Singh,Royal Challengers Bengaluru,0,18,6.33,5,27.78,1,5.56,0.041499504675485015,0.22873978168810008,0.3965475537502898,0.1241817958908296,-0.02661466139033155,0.9538682621424758,middle,,,,
2016,HH Pandya,Gujarat Titans,0,6,10.0,3,50.0,2,33.33,0.041499504675485015,0.3519976552667551,0.6191841076331058,0.39491981890069505,-0.11257759869038382,0.8679053248424234,middle,,,,
2016,HH Pandya,Lucknow Super Giants,0,12,7.0,5,41.67,1,8.33,0.041499504675485015,0.2512419002978273,0.5357204490442733,0.15118735310139234,-0.008265599132030801,0.9722173244007765,middle,,,,
2016,HH Pandya,Mumbai Indians,1,46,9.52,14,30.43,9,19.57,0.12686604466966164,0.33587673447172667,0.4230996180072413,0.26076946972475884,-0.003626329115668271,0.976856594417139,middle,,,,
2016,HV Patel,Lucknow Super Giants,1,6,6.0,1,16.67,0,0.0,0.12686604466966164,0.21765664864151804,0.2852292768088819,0.06997569549706467,0.08774739203452962,1.068230315567337,middle,,,,
2016,HV Patel,Royal Challengers Bengaluru,0,18,10.0,5,27.78,4,22.22,0.041499504675485015,0.3519976552667551,0.3965475537502898,0.28660511109948494,-0.1577056232949866,0.8227773002378207,middle,,,,
2016,I Sharma,Gujarat Titans,1,12,12.0,1,8.33,4,33.33,0.12686604466966164,0.4191681585793736,0.20166542175115526,0.39491981890069505,-0.16351979711379888,0.8169631264190085,middle,I Sharma,2016.0,62182683.1962,-0.2629667758109731
2016,IK Pathan,Lucknow Super Giants,0,18,8.0,5,27.78,2,11.11,0.041499504675485015,0.28482715195413655,0.3965475537502898,0.17829040329827478,-0.08230627908464974,0.8981766444481576,middle,IK Pathan,2016.0,16363863.999,-0.5029758197066384
2016,IK Pathan,Punjab Kings,0,6,7.0,3,50.0,1,16.67,0.041499504675485015,0.2512419002978273,0.6191841076331058,0.23249650369203975,0.0005116683264894811,0.9809945918592968,middle,IK Pathan,2016.0,16363863.999,0.003126818497885031
2016,Imran Tahir,Delhi Capitals,2,78,7.85,21,26.92,10,12.82,0.21223258466383826,0.27978936420569017,0.3879306574253924,0.1949617039589471,0.17190424206703356,1.1523871655998408,middle,,,,
2016,Iqbal Abdulla,Delhi Capitals,0,6,5.0,2,33.33,0,0.0,0.041499504675485015,0.18407139698520877,0.4521565939865467,0.06997569549706467,0.036643978521611546,1.017126902054419,middle,Iqbal Abdulla,2016.0,1636386.3998999998,2.2393230916518783
2016,Iqbal Abdulla,Gujarat Titans,0,18,9.33,5,27.78,4,22.22,0.041499504675485015,0.3294955366570279,0.3965475537502898,0.28660511109948494,-0.13970392840720486,0.8407789951256024,middle,Iqbal Abdulla,2016.0,1636386.3998999998,-8.53734352813872
2016,Iqbal Abdulla,Lucknow Super Giants,0,18,7.33,0,0.0,0,0.0,0.041499504675485015,0.2623250333444094,0.11820176316232284,0.06997569549706467,-0.12614537981301605,0.8543375437197913,middle,Iqbal Abdulla,2016.0,1636386.3998999998,-7.708777084723072
2016,Iqbal Abdulla,Punjab Kings,0,18,9.0,3,16.67,3,16.67,0.041499504675485015,0.3184124036104458,0.2852292768088819,0.23249650369203975,-0.15341118357087252,0.8270717399619347,middle,Iqbal Abdulla,2016.0,1636386.3998999998,-9.374997468828115
2016,Iqbal Abdulla,Royal Challengers Bengaluru,3,42,8.71,10,23.81,6,14.29,0.2975991246580149,0.30867268063011616,0.3567695555993096,0.2092931729479461,0.26463277457313306,1.2451156981059404,middle,Iqbal Abdulla,2016.0,1636386.3998999998,16.17177792416906
2016,J Suchith,Mumbai Indians,0,12,15.5,0,0.0,3,25.0,0.041499504675485015,0.536716539376456,0.11820176316232284,0.3137081612963674,-0.39440507779851397,0.5860778457342933,middle,,,,
2016,J Yadav,Delhi Capitals,2,54,6.89,19,35.19,6,11.11,0.21223258466383826,0.2475475226156333,0.4707931372008598,0.17829040329827478,0.22589071940385372,1.206373642936661,middle,,,,
2016,JJ Bumrah,Delhi Capitals,0,6,8.0,1,16.67,1,16.67,0.041499504675485015,0.28482715195413655,0.2852292768088819,0.23249650369203975,-0.1265429822458251,0.8539399412869821,middle,,,,
2016,JJ Bumrah,Gujarat Titans,1,6,5.0,4,66.67,1,16.67,0.12686604466966164,0.18407139698520877,0.7862116212796647,0.23249650369203975,0.23240613506181684,1.2128890585946241,middle,,,,
2016,JJ Bumrah,Lucknow Super Giants,1,6,2.0,4,66.67,0,0.0,0.12686604466966164,0.08331564201628097,0.7862116212796647,0.06997569549706467,0.34551490067595414,1.3259978242087613,middle,,,,
2016,JJ Bumrah,Mumbai Indians,5,48,5.38,20,41.67,3,6.25,0.46833220464636816,0.19683379261460626,0.5357204490442733,0.13090881194689033,0.6795656452017711,1.6600485687345783,middle,,,,
2016,JJ Bumrah,Punjab Kings,0,6,7.0,0,0.0,0,0.0,0.041499504675485015,0.2512419002978273,0.11820176316232284,0.06997569549706467,-0.1172788733757504,0.8632040501570569,middle,,,,
2016,JJ Bumrah,Royal Challengers Bengaluru,0,12,11.0,4,33.33,3,25.0,0.041499504675485015,0.38558290692306435,0.4521565939865467,0.3137081612963674,-0.17331172258853345,0.8071712009442739,middle,,,,
2016,JO Holder,Delhi Capitals,0,12,9.0,3,25.0,2,16.67,0.041499504675485015,0.3184124036104458,0.36869293539771425,0.23249650369203975,-0.1283720859942228,0.8521108375385845,middle,JO Holder,2016.0,11454704.7993,-1.1206930972334412
2016,JO Holder,Gujarat Titans,0,12,7.0,5,41.67,2,16.67,0.041499504675485015,0.2512419002978273,0.5357204490442733,0.23249650369203975,-0.024527429250160285,0.955955494282647,middle,JO Holder,2016.0,11454704.7993,-0.2141253718878828
2016,JO Holder,Kolkata Knight Riders,0,18,11.67,4,22.22,5,27.78,0.041499504675485015,0.4080850255327916,0.3408383170451388,0.3408112114932499,-0.2301295105981141,0.7503534129346932,middle,JO Holder,2016.0,11454704.7993,-2.009039208170405
2016,JP Duminy,Delhi Capitals,2,30,8.2,8,26.67,5,16.67,0.21223258466383826,0.2915442022853984,0.38542574570303845,0.23249650369203975,0.15424193813994225,1.1347248616727494,middle,,,,
2016,JP Duminy,Gujarat Titans,0,12,7.0,4,33.33,1,8.33,0.041499504675485015,0.2512419002978273,0.4521565939865467,0.15118735310139234,-0.03333475564934878,0.9471481678834586,middle,,,,
2016,JP Faulkner,Delhi Capitals,1,12,11.5,3,25.0,3,25.0,0.12686604466966164,0.402375532751219,0.36869293539771425,0.3137081612963674,-0.08373511083644201,0.8967478126963653,middle,,,,
2016,JP Faulkner,Gujarat Titans,0,42,7.86,10,23.81,5,11.9,0.041499504675485015,0.28012521672225327,0.3567695555993096,0.18599234921753277,-0.09201851952828878,0.8884644040045185,middle,,,,
2016,JP Faulkner,Lucknow Super Giants,0,12,11.0,0,0.0,2,16.67,0.041499504675485015,0.38558290692306435,0.11820176316232284,0.23249650369203975,-0.2572558403149351,0.7232270832178722,middle,,,,
2016,JP Faulkner,Punjab Kings,0,6,11.0,1,16.67,1,16.67,0.041499504675485015,0.38558290692306435,0.2852292768088819,0.23249650369203975,-0.20714758622096735,0.7733353373118399,middle,,,,
2016,JW Hastings,Kolkata Knight Riders,0,6,4.0,2,33.33,0,0.0,0.041499504675485015,0.1504861453288995,0.4521565939865467,0.06997569549706467,0.06351217984665897,1.0439951033794663,middle,JW Hastings,2016.0,21273023.1987,0.29855737594711135
2016,KA Pollard,Delhi Capitals,0,6,11.0,1,16.67,1,16.67,0.041499504675485015,0.38558290692306435,0.2852292768088819,0.23249650369203975,-0.20714758622096735,0.7733353373118399,middle,,,,
2016,KA Pollard,Mumbai Indians,0,12,11.5,2,16.67,3,25.0,0.041499504675485015,0.402375532751219,0.2852292768088819,0.3137081612963674,-0.23682401840435663,0.7436589051284507,middle,,,,
2016,KA Pollard,Punjab Kings,0,12,12.5,0,0.0,3,25.0,0.041499504675485015,0.4359607844075282,0.11820176316232284,0.3137081612963674,-0.31380047382337173,0.6666824497094356,middle,,,,
2016,KC Cariappa,Gujarat Titans,0,12,6.5,3,25.0,1,8.33,0.041499504675485015,0.23444927446967265,0.36869293539771425,0.15118735310139234,-0.044939752563474794,0.9355431709693325,middle,KC Cariappa,2016.0,13091091.199199999,-0.3432850010717294
2016,KC Cariappa,Punjab Kings,3,54,8.11,18,33.33,6,11.11,0.2975991246580149,0.28852152963633054,0.4521565939865467,0.17829040329827478,0.3155703608142669,1.2960532843470742,middle,KC Cariappa,2016.0,13091091.199199999,2.4105733892798145
2016,KC Cariappa,Royal Challengers Bengaluru,0,6,18.0,3,50.0,3,50.0,0.041499504675485015,0.6206796685172291,0.6191841076331058,0.5574406270956702,-0.3600273709297581,0.6204555526030492,middle,KC Cariappa,2016.0,13091091.199199999,-2.7501708257273427
2016,KH Pandya,Delhi Capitals,0,18,6.33,2,11.11,1,5.56,0.041499504675485015,0.22873978168810008,0.2295200401037308,0.1241817958908296,-0.07672291548429924,0.9037600080485081,middle,KH Pandya,2016.0,32727727.998,-0.23442786950865577
2016,KH Pandya,Mumbai Indians,4,90,7.27,25,27.78,7,7.78,0.38296566465219156,0.2603099182450308,0.3965475537502898,0.1458252388538077,0.4559997807365881,1.4364827042693955,middle,KH Pandya,2016.0,32727727.998,1.3933132809110804
2016,KH Pandya,Punjab Kings,0,6,11.0,0,0.0,1,16.67,0.041499504675485015,0.38558290692306435,0.11820176316232284,0.23249650369203975,-0.2572558403149351,0.7232270832178722,middle,KH Pandya,2016.0,32727727.998,-0.7860485773123513
2016,KH Pandya,Royal Challengers Bengaluru,1,12,2.5,7,58.33,0,0.0,0.12686604466966164,0.1001082678444356,0.7026477662219381,0.06997569549706467,0.3070116434961125,1.2874945670289197,middle,KH Pandya,2016.0,32727727.998,0.9380780832536681
2016,KJ Abbott,Lucknow Super Giants,0,12,9.5,6,50.0,3,25.0,0.041499504675485015,0.3352050294386005,0.6191841076331058,0.3137081612963674,-0.08290116650699458,0.8975817570258127,middle,KJ Abbott,2016.0,34364114.3979,-0.2412434248911146
2016,KJ Abbott,Punjab Kings,1,12,11.5,3,25.0,4,33.33,0.12686604466966164,0.402375532751219,0.36869293539771425,0.39491981890069505,-0.09997744235730754,0.8805054811754998,middle,KJ Abbott,2016.0,34364114.3979,-0.2909355998518536
2016,KJ Abbott,Royal Challengers Bengaluru,1,12,15.0,3,25.0,5,41.67,0.12686604466966164,0.5199239135483014,0.36869293539771425,0.47622896949134247,-0.21027797711310287,0.7702049464197045,middle,KJ Abbott,2016.0,34364114.3979,-0.6119115268861781
2016,Kuldeep Yadav,Kolkata Knight Riders,5,66,8.45,25,37.88,9,13.64,0.46833220464636816,0.2999405151994757,0.497745987333388,0.20295612883716424,0.5712784652425553,1.5517613887753625,middle,,,,
2016,KV Sharma,Delhi Capitals,0,18,8.33,2,11.11,2,11.11,0.041499504675485015,0.29591028500071864,0.2295200401037308,0.17829040329827478,-0.1412810396158831,0.8392018839169242,middle,,,,
2016,KV Sharma,Punjab Kings,0,18,8.0,4,22.22,2,11.11,0.041499504675485015,0.28482715195413655,0.3408383170451388,0.17829040329827478,-0.09901905009619505,0.8814638734366123,middle,,,,
2016,KV Sharma,Royal Challengers Bengaluru,0,18,13.0,1,5.56,5,27.78,0.041499504675485015,0.45275341023568283,0.1739109998674739,0.3408112114932499,-0.31594241351372654,0.6645405100190808,middle,,,,
2016,KV Sharma,Sunrisers Hyderabad,0,18,15.67,4,22.22,8,44.44,0.041499504675485015,0.5424260321580286,0.3408383170451388,0.5032345267019053,-0.37008697894003484,0.6103959445927725,middle,,,,
2016,KW Richardson,Gujarat Titans,0,6,11.0,0,0.0,1,16.67,0.041499504675485015,0.38558290692306435,0.11820176316232284,0.23249650369203975,-0.2572558403149351,0.7232270832178722,middle,KW Richardson,2016.0,32727727.998,-0.7860485773123513
2016,KW Richardson,Royal Challengers Bengaluru,0,6,19.0,0,0.0,3,50.0,0.041499504675485015,0.6542649201735384,0.11820176316232284,0.5574406270956702,-0.5371902755960405,0.4432926479367668,middle,KW Richardson,2016.0,32727727.998,-1.6413918975031456
2016,M Ashwin,Delhi Capitals,0,18,10.67,5,27.78,4,22.22,0.041499504675485015,0.3744997738764823,0.3965475537502898,0.28660511109948494,-0.1757073181827684,0.8047756053500389,middle,M Ashwin,2016.0,73637387.9955,-0.23861155720719743
2016,M Ashwin,Gujarat Titans,1,12,5.0,4,33.33,0,0.0,0.12686604466966164,0.18407139698520877,0.4521565939865467,0.06997569549706467,0.16469378851287647,1.1451767120456837,middle,M Ashwin,2016.0,73637387.9955,0.22365512003622529
2016,M Ashwin,Lucknow Super Giants,2,84,8.07,27,32.14,11,13.1,0.21223258466383826,0.2871781195700782,0.4402332141881421,0.19769150757589932,0.1811380440809576,1.161620967613765,middle,M Ashwin,2016.0,73637387.9955,0.24598651447553652
2016,M Ashwin,Punjab Kings,2,18,7.67,4,22.22,2,11.11,0.21223258466383826,0.2737440189075545,0.3408383170451388,0.17829040329827478,0.16594707632360048,1.1464299998564078,middle,M Ashwin,2016.0,73637387.9955,0.2253570921523473
2016,M Morkel,Gujarat Titans,0,9,12.0,2,22.22,3,33.33,0.041499504675485015,0.4191681585793736,0.3408383170451388,0.39491981890069505,-0.24981773851686873,0.7306651850159386,middle,,,,
2016,M Morkel,Kolkata Knight Riders,0,24,6.75,6,25.0,2,8.33,0.041499504675485015,0.24284558738374998,0.36869293539771425,0.15118735310139234,-0.05165680289473665,0.9288261206380707,middle,,,,
2016,M Morkel,Royal Challengers Bengaluru,0,6,3.0,3,50.0,0,0.0,0.041499504675485015,0.11690089367259024,0.6191841076331058,0.06997569549706467,0.14048863526567412,1.1209715587984814,middle,,,,
2016,MC Henriques,Delhi Capitals,0,6,10.0,1,16.67,1,16.67,0.041499504675485015,0.3519976552667551,0.2852292768088819,0.23249650369203975,-0.18027938489591994,0.8002035386368873,middle,,,,
2016,MC Henriques,Gujarat Titans,0,30,8.0,8,26.67,4,13.33,0.041499504675485015,0.28482715195413655,0.38542574570303845,0.19993384626125288,-0.08997151009142076,0.8905114134413865,middle,,,,
2016,MC Henriques,Lucknow Super Giants,1,12,7.5,3,25.0,2,16.67,0.12686604466966164,0.26803452612598194,0.36869293539771425,0.23249650369203975,0.0399800259846132,1.0204629495174204,middle,,,,
2016,MC Henriques,Punjab Kings,1,18,9.67,4,22.22,4,22.22,0.12686604466966164,0.34091452222017304,0.3408383170451388,0.28660511109948494,-0.037502077878001375,0.9429808456548059,middle,,,,
2016,MC Henriques,Royal Challengers Bengaluru,0,30,13.6,4,13.33,10,33.33,0.041499504675485015,0.47290456122946845,0.2517636561982336,0.39491981890069505,-0.3195292588910162,0.6609536646417911,middle,,,,
2016,MC Henriques,Sunrisers Hyderabad,10,156,7.46,48,30.77,19,12.18,0.8951649046172514,0.26669111605972956,0.4265062979496426,0.18872215283448493,1.219601922896089,2.2000848464288962,middle,,,,
2016,MG Johnson,Delhi Capitals,0,6,17.0,0,0.0,3,50.0,0.041499504675485015,0.5870944168609199,0.11820176316232284,0.5574406270956702,-0.4834538729459456,0.4970290505868617,middle,,,,
2016,MG Johnson,Punjab Kings,0,12,7.5,5,41.67,2,16.67,0.041499504675485015,0.26803452612598194,0.5357204490442733,0.23249650369203975,-0.03796152991268405,0.9425213936201232,middle,,,,
2016,MJ McClenaghan,Gujarat Titans,0,12,7.5,3,25.0,2,16.67,0.041499504675485015,0.26803452612598194,0.36869293539771425,0.23249650369203975,-0.08806978400665175,0.8924131395261555,middle,,,,
2016,MJ McClenaghan,Lucknow Super Giants,0,6,6.0,3,50.0,1,16.67,0.041499504675485015,0.21765664864151804,0.6191841076331058,0.23249650369203975,0.027379869651536853,1.0078627931843442,middle,,,,
2016,MJ McClenaghan,Mumbai Indians,4,48,8.0,16,33.33,8,16.67,0.38296566465219156,0.28482715195413655,0.4521565939865467,0.23249650369203975,0.43573445287253415,1.4162173764053414,middle,,,,
2016,MJ McClenaghan,Royal Challengers Bengaluru,0,6,15.0,2,33.33,3,50.0,0.041499504675485015,0.5199239135483014,0.4521565939865467,0.5574406270956702,-0.3295310210485836,0.6509519024842236,middle,,,,
2016,MM Sharma,Delhi Capitals,0,6,8.0,2,33.33,1,16.67,0.041499504675485015,0.28482715195413655,0.4521565939865467,0.23249650369203975,-0.07646478709252567,0.9040181364402816,middle,MM Sharma,2016.0,106365115.9935,-0.0718889707196845
2016,MM Sharma,Delhi Capitals,0,6,8.0,2,33.33,1,16.67,0.041499504675485015,0.28482715195413655,0.4521565939865467,0.23249650369203975,-0.07646478709252567,0.9040181364402816,middle,MM Sharma,2016.0,1636386.3998999998,-4.672783096779493
2016,MM Sharma,Delhi Capitals,0,6,8.0,2,33.33,1,16.67,0.041499504675485015,0.28482715195413655,0.4521565939865467,0.23249650369203975,-0.07646478709252567,0.9040181364402816,middle,MM Sharma,2016.0,1636386.3998999998,-4.672783096779493
2016,MM Sharma,Gujarat Titans,0,6,12.0,0,0.0,1,16.67,0.041499504675485015,0.4191681585793736,0.11820176316232284,0.23249650369203975,-0.2841240416399825,0.6963588818928248,middle,MM Sharma,2016.0,106365115.9935,-0.267121451413963
2016,MM Sharma,Gujarat Titans,0,6,12.0,0,0.0,1,16.67,0.041499504675485015,0.4191681585793736,0.11820176316232284,0.23249650369203975,-0.2841240416399825,0.6963588818928248,middle,MM Sharma,2016.0,1636386.3998999998,-17.362894341907595
2016,MM Sharma,Gujarat Titans,0,6,12.0,0,0.0,1,16.67,0.041499504675485015,0.4191681585793736,0.11820176316232284,0.23249650369203975,-0.2841240416399825,0.6963588818928248,middle,MM Sharma,2016.0,1636386.3998999998,-17.362894341907595
2016,MM Sharma,Punjab Kings,0,48,6.88,17,35.42,6,12.5,0.041499504675485015,0.24721167009907016,0.47309765598542547,0.19184192839671602,-0.03195916794974422,0.9485237555830631,middle,MM Sharma,2016.0,106365115.9935,-0.030046662997760702
2016,MM Sharma,Punjab Kings,0,48,6.88,17,35.42,6,12.5,0.041499504675485015,0.24721167009907016,0.47309765598542547,0.19184192839671602,-0.03195916794974422,0.9485237555830631,middle,MM Sharma,2016.0,1636386.3998999998,-1.9530330948544459
2016,MM Sharma,Punjab Kings,0,48,6.88,17,35.42,6,12.5,0.041499504675485015,0.24721167009907016,0.47309765598542547,0.19184192839671602,-0.03195916794974422,0.9485237555830631,middle,MM Sharma,2016.0,1636386.3998999998,-1.9530330948544459
2016,MM Sharma,Royal Challengers Bengaluru,0,12,13.5,1,8.33,5,41.67,0.041499504675485015,0.4695460360638375,0.20166542175115526,0.47622896949134247,-0.3481337392107644,0.6323491843220429,middle,MM Sharma,2016.0,106365115.9935,-0.32730067180299877
2016,MM Sharma,Royal Challengers Bengaluru,0,12,13.5,1,8.33,5,41.67,0.041499504675485015,0.4695460360638375,0.20166542175115526,0.47622896949134247,-0.3481337392107644,0.6323491843220429,middle,MM Sharma,2016.0,1636386.3998999998,-21.27454366719492
2016,MM Sharma,Royal Challengers Bengaluru,0,12,13.5,1,8.33,5,41.67,0.041499504675485015,0.4695460360638375,0.20166542175115526,0.47622896949134247,-0.3481337392107644,0.6323491843220429,middle,MM Sharma,2016.0,1636386.3998999998,-21.27454366719492
2016,Mohammed Shami,Delhi Capitals,1,24,7.0,8,33.33,3,12.5,0.12686604466966164,0.2512419002978273,0.4521565939865467,0.19184192839671602,0.08658413928285141,1.0670670628156587,middle,,,,
2016,Mohammed Shami,Gujarat Titans,0,6,7.0,3,50.0,1,16.67,0.041499504675485015,0.2512419002978273,0.6191841076331058,0.23249650369203975,0.0005116683264894811,0.9809945918592968,middle,,,,
2016,Mohammed Shami,Lucknow Super Giants,0,6,13.0,1,16.67,2,33.33,0.041499504675485015,0.45275341023568283,0.2852292768088819,0.39491981890069505,-0.29336865191279315,0.6871142716200141,middle,,,,
2016,Mohammed Shami,Punjab Kings,0,6,8.0,2,33.33,1,16.67,0.041499504675485015,0.28482715195413655,0.4521565939865467,0.23249650369203975,-0.07646478709252567,0.9040181364402816,middle,,,,
2016,Mohammed Shami,Royal Challengers Bengaluru,0,6,5.0,1,16.67,0,0.0,0.041499504675485015,0.18407139698520877,0.2852292768088819,0.06997569549706467,-0.01343421663168789,0.9670487069011194,middle,,,,
2016,MP Stoinis,Gujarat Titans,0,12,4.0,4,33.33,0,0.0,0.041499504675485015,0.1504861453288995,0.4521565939865467,0.06997569549706467,0.06351217984665897,1.0439951033794663,middle,MP Stoinis,2016.0,9000125.19945,0.705681070420445
2016,MP Stoinis,Punjab Kings,4,54,9.33,13,24.07,12,22.22,0.38296566465219156,0.3294955366570279,0.3593746637905577,0.28660511109948494,0.3613434445699354,1.3418263681027427,middle,MP Stoinis,2016.0,9000125.19945,4.014871310812623
2016,MR Marsh,Gujarat Titans,0,6,10.0,0,0.0,1,16.67,0.041499504675485015,0.3519976552667551,0.11820176316232284,0.23249650369203975,-0.23038763898988768,0.7500952845429196,middle,MR Marsh,2016.0,78546547.1952,-0.29331351563721786
2016,MR Marsh,Lucknow Super Giants,1,12,5.5,4,33.33,1,8.33,0.12686604466966164,0.2008640228133634,0.4521565939865467,0.15118735310139234,0.13501735632948725,1.1155002798622946,middle,MR Marsh,2016.0,78546547.1952,0.17189470594289624
2016,Mustafizur Rahman,Delhi Capitals,0,6,10.0,1,16.67,1,16.67,0.041499504675485015,0.3519976552667551,0.2852292768088819,0.23249650369203975,-0.18027938489591994,0.8002035386368873,middle,,,,
2016,Mustafizur Rahman,Gujarat Titans,0,6,9.0,1,16.67,1,16.67,0.041499504675485015,0.3184124036104458,0.2852292768088819,0.23249650369203975,-0.15341118357087252,0.8270717399619347,middle,,,,
2016,Mustafizur Rahman,Lucknow Super Giants,0,12,6.5,4,33.33,1,8.33,0.041499504675485015,0.23444927446967265,0.4521565939865467,0.15118735310139234,-0.01990065498682507,0.9605822685459823,middle,,,,
2016,Mustafizur Rahman,Punjab Kings,0,6,6.0,4,66.67,1,16.67,0.041499504675485015,0.21765664864151804,0.7862116212796647,0.23249650369203975,0.07748812374550451,1.0579710472783117,middle,,,,
2016,Mustafizur Rahman,Royal Challengers Bengaluru,0,6,12.0,2,33.33,2,33.33,0.041499504675485015,0.4191681585793736,0.4521565939865467,0.39491981890069505,-0.21642225543444638,0.7640606680983609,middle,,,,
2016,Mustafizur Rahman,Sunrisers Hyderabad,5,90,6.93,32,35.56,10,11.11,0.46833220464636816,0.24889093268188567,0.47450040654994363,0.17829040329827478,0.6100776021293719,1.590560525662179,middle,,,,
2016,N Rana,Mumbai Indians,0,6,3.0,3,50.0,0,0.0,0.041499504675485015,0.11690089367259024,0.6191841076331058,0.06997569549706467,0.14048863526567412,1.1209715587984814,middle,,,,
2016,NLTC Perera,Lucknow Super Giants,1,30,9.0,7,23.33,6,20.0,0.12686604466966164,0.3184124036104458,0.3519601250923901,0.26496166813650684,-0.011835151983448554,0.9686477715493588,middle,NLTC Perera,2016.0,16363863.999,-0.07232492267212562
2016,NLTC Perera,Punjab Kings,0,12,10.5,2,16.67,3,25.0,0.041499504675485015,0.36879028109490974,0.2852292768088819,0.3137081612963674,-0.20995581707930916,0.7705271064534982,middle,NLTC Perera,2016.0,16363863.999,-1.2830454780859804
2016,NLTC Perera,Royal Challengers Bengaluru,0,12,15.5,1,8.33,6,50.0,0.041499504675485015,0.536716539376456,0.20166542175115526,0.5574406270956702,-0.4181124733817248,0.5623704501510824,middle,NLTC Perera,2016.0,16363863.999,-2.5550962377056896
2016,NM Coulter-Nile,Delhi Capitals,0,18,7.33,8,44.44,4,22.22,0.041499504675485015,0.2623250333444094,0.5634748709279546,0.28660511109948494,-0.03588933060381058,0.9445935929289967,middle,,,,
2016,NM Coulter-Nile,Lucknow Super Giants,0,6,7.0,2,33.33,1,16.67,0.041499504675485015,0.2512419002978273,0.4521565939865467,0.23249650369203975,-0.04959658576747826,0.930886337765329,middle,,,,
2016,P Kumar,Punjab Kings,0,6,5.0,2,33.33,0,0.0,0.041499504675485015,0.18407139698520877,0.4521565939865467,0.06997569549706467,0.036643978521611546,1.017126902054419,middle,P Kumar,2016.0,57273523.99649999,0.06398065976148223
2016,P Kumar,Royal Challengers Bengaluru,0,6,23.0,1,16.67,4,66.67,0.041499504675485015,0.7886059267987755,0.2852292768088819,0.7199614352906453,-0.6270589884412574,0.3534239350915499,middle,P Kumar,2016.0,57273523.99649999,-1.094849669944488
2016,P Negi,Delhi Capitals,1,18,8.0,4,22.22,2,11.11,0.12686604466966164,0.28482715195413655,0.3408383170451388,0.17829040329827478,0.029030759895069876,1.0095136834278773,middle,P Negi,2016.0,139092843.9915,0.020871497815404476
2016,P Negi,Royal Challengers Bengaluru,0,12,8.5,3,25.0,2,16.67,0.041499504675485015,0.3016197777822912,0.36869293539771425,0.23249650369203975,-0.11493798533169916,0.8655449382011081,middle,P Negi,2016.0,139092843.9915,-0.08263400332710363
2016,P Sahu,Delhi Capitals,0,9,14.0,2,22.22,3,33.33,0.041499504675485015,0.4863386618919921,0.3408383170451388,0.39491981890069505,-0.3035541411669635,0.6769287823658439,middle,P Sahu,2016.0,1636386.3998999998,-18.550272795319845
2016,P Sahu,Punjab Kings,3,78,7.92,17,21.79,10,12.82,0.2975991246580149,0.2821403318216318,0.33652986888269004,0.1949617039589471,0.2826530414027345,1.2631359649355418,middle,P Sahu,2016.0,1636386.3998999998,17.27300113347358
2016,Parvez Rasool,Royal Challengers Bengaluru,0,42,9.71,6,14.29,8,19.05,0.041499504675485015,0.3422579322864254,0.26138251721207256,0.25569983443613337,-0.18428230053951772,0.7962006229932896,middle,,,,
2016,PJ Sangwan,Gujarat Titans,0,6,12.0,1,16.67,2,33.33,0.041499504675485015,0.4191681585793736,0.2852292768088819,0.39491981890069505,-0.2665004505877458,0.7139824729450615,middle,PJ Sangwan,2016.0,3272772.7997999997,-8.142956046445745
2016,PP Chawla,Delhi Capitals,0,12,12.0,1,8.33,3,25.0,0.041499504675485015,0.4191681585793736,0.20166542175115526,0.3137081612963674,-0.2753272755841983,0.705155647948609,middle,,,,
2016,PP Chawla,Kolkata Knight Riders,7,102,8.0,41,40.2,14,13.73,0.6390652846347213,0.28482715195413655,0.5209915681168323,0.20383356571404174,0.8462669626810141,1.8267498862138214,middle,,,,
2016,PP Chawla,Lucknow Super Giants,0,18,8.67,4,22.22,2,11.11,0.041499504675485015,0.3073292705638638,0.3408383170451388,0.17829040329827478,-0.11702074498397685,0.8634621785488305,middle,,,,
2016,PP Chawla,Punjab Kings,1,18,6.0,8,44.44,2,11.11,0.12686604466966164,0.21765664864151804,0.5634748709279546,0.17829040329827478,0.14955812871000942,1.1300410522428168,middle,,,,
2016,PP Chawla,Royal Challengers Bengaluru,2,24,8.0,6,25.0,3,12.5,0.21223258466383826,0.28482715195413655,0.36869293539771425,0.19184192839671602,0.16272665037241923,1.1432095739052266,middle,,,,
2016,PV Tambe,Delhi Capitals,0,6,17.0,1,16.67,2,33.33,0.041499504675485015,0.5870944168609199,0.2852292768088819,0.39491981890069505,-0.4008414572129828,0.5796414663198245,middle,PV Tambe,2016.0,3272772.7997999997,-12.247763035597165
2016,PV Tambe,Gujarat Titans,4,60,7.8,17,28.33,8,13.33,0.38296566465219156,0.2781101016228747,0.4020583595394684,0.19993384626125288,0.4325911542895775,1.413074077822385,middle,PV Tambe,2016.0,3272772.7997999997,13.21787917315902
2016,PV Tambe,Royal Challengers Bengaluru,0,6,14.0,0,0.0,2,33.33,0.041499504675485015,0.4863386618919921,0.11820176316232284,0.39491981890069505,-0.3703451073318083,0.6101378162009989,middle,PV Tambe,2016.0,3272772.7997999997,-11.3159430851552
2016,R Ashwin,Delhi Capitals,0,12,11.0,2,16.67,2,16.67,0.041499504675485015,0.38558290692306435,0.2852292768088819,0.23249650369203975,-0.20714758622096735,0.7733353373118399,middle,,,,
2016,R Ashwin,Gujarat Titans,0,18,7.33,9,50.0,2,11.11,0.041499504675485015,0.2623250333444094,0.6191841076331058,0.17829040329827478,0.0024863819679768126,0.9829693055007841,middle,,,,
2016,R Ashwin,Lucknow Super Giants,6,138,5.87,49,35.51,11,7.97,0.5536987446405448,0.21329056592619783,0.4739994242054728,0.14767760559388238,0.7725799703627243,1.7530628938955317,middle,,,,
2016,R Ashwin,Punjab Kings,0,6,3.0,3,50.0,0,0.0,0.041499504675485015,0.11690089367259024,0.6191841076331058,0.06997569549706467,0.14048863526567412,1.1209715587984814,middle,,,,
2016,R Bhatia,Delhi Capitals,2,24,5.5,6,25.0,0,0.0,0.21223258466383826,0.2008640228133634,0.36869293539771425,0.06997569549706467,0.25427040026496806,1.2347533237977752,middle,R Bhatia,2016.0,9818318.3994,2.5897550875973483
2016,R Bhatia,Gujarat Titans,0,6,6.0,0,0.0,0,0.0,0.041499504675485015,0.21765664864151804,0.11820176316232284,0.06997569549706467,-0.09041067205070302,0.8900722514821042,middle,R Bhatia,2016.0,9818318.3994,-0.9208366277490863
2016,R Bhatia,Lucknow Super Giants,3,108,6.56,34,31.48,10,9.26,0.2975991246580149,0.23646438956905122,0.43362024724112774,0.1602542008291264,0.3552624093382944,1.3357453328711018,middle,R Bhatia,2016.0,9818318.3994,3.618363093215683
2016,R Bhatia,Royal Challengers Bengaluru,0,24,11.75,2,8.33,6,25.0,0.041499504675485015,0.4107718456652963,0.20166542175115526,0.3137081612963674,-0.26861022525293643,0.7118726982798709,middle,R Bhatia,2016.0,9818318.3994,-2.7358068288898765
2016,R Dhawan,Lucknow Super Giants,1,18,7.0,5,27.78,2,11.11,0.12686604466966164,0.2512419002978273,0.3965475537502898,0.17829040329827478,0.07261173223166259,1.0530946557644698,middle,,,,
2016,R Dhawan,Punjab Kings,1,18,8.33,7,38.89,3,16.67,0.12686604466966164,0.29591028500071864,0.5078658306916978,0.23249650369203975,0.059431287473018915,1.0399142110058262,middle,,,,
2016,R Sathish,Kolkata Knight Riders,0,18,13.0,4,22.22,5,27.78,0.041499504675485015,0.45275341023568283,0.3408383170451388,0.3408112114932499,-0.26586421836042706,0.7146187051723802,middle,R Sathish,2016.0,3272772.7997999997,-8.123515887710692
2016,R Sathish,Lucknow Super Giants,1,18,6.67,4,22.22,1,5.56,0.12686604466966164,0.24015876725124521,0.3408383170451388,0.1241817958908296,0.075587189138872,1.0560701126716794,middle,R Sathish,2016.0,3272772.7997999997,2.3095764283879148
2016,R Vinay Kumar,Gujarat Titans,1,6,11.0,1,16.67,2,33.33,0.12686604466966164,0.38558290692306435,0.2852292768088819,0.39491981890069505,-0.11158243927143349,0.8689004842613738,middle,,,,
2016,R Vinay Kumar,Mumbai Indians,0,12,6.5,5,41.67,1,8.33,0.041499504675485015,0.23444927446967265,0.5357204490442733,0.15118735310139234,0.0051685015304929055,0.9856514250633002,middle,,,,
2016,RA Jadeja,Delhi Capitals,0,6,14.0,0,0.0,2,33.33,0.041499504675485015,0.4863386618919921,0.11820176316232284,0.39491981890069505,-0.3703451073318083,0.6101378162009989,middle,,,,
2016,RA Jadeja,Gujarat Titans,2,113,7.22,29,25.66,11,9.73,0.21223258466383826,0.2586306556622153,0.37530590234472866,0.1648363711861533,0.19106884893217307,1.1715517724649804,middle,,,,
2016,RA Jadeja,Lucknow Super Giants,0,12,8.0,3,25.0,1,8.33,0.041499504675485015,0.28482715195413655,0.36869293539771425,0.15118735310139234,-0.08524205455104591,0.8952408689817614,middle,,,,
2016,RA Jadeja,Punjab Kings,2,18,9.0,6,33.33,3,16.67,0.21223258466383826,0.3184124036104458,0.4521565939865467,0.23249650369203975,0.1527666315649568,1.1332495550977641,middle,,,,
2016,RA Jadeja,Royal Challengers Bengaluru,0,18,7.0,7,38.89,2,11.11,0.041499504675485015,0.2512419002978273,0.5078658306916978,0.17829040329827478,-0.02204259467717993,0.9584403288556274,middle,,,,
2016,RP Singh,Royal Challengers Bengaluru,1,6,3.0,3,50.0,0,0.0,0.12686604466966164,0.11690089367259024,0.6191841076331058,0.06997569549706467,0.2685384452569391,1.2490213687897465,middle,,,,
2016,S Aravind,Delhi Capitals,0,12,6.5,2,16.67,1,8.33,0.041499504675485015,0.23444927446967265,0.2852292768088819,0.15118735310139234,-0.0699788501401245,0.9105040733926828,middle,,,,
2016,S Aravind,Gujarat Titans,0,6,10.0,1,16.67,1,16.67,0.041499504675485015,0.3519976552667551,0.2852292768088819,0.23249650369203975,-0.18027938489591994,0.8002035386368873,middle,,,,
2016,S Aravind,Royal Challengers Bengaluru,5,42,8.86,10,23.81,9,21.43,0.46833220464636816,0.31371046837856253,0.3567695555993096,0.27890316518022695,0.5027801659104497,1.483263089443257,middle,,,,
2016,S Gopal,Mumbai Indians,0,18,6.33,4,22.22,1,5.56,0.041499504675485015,0.22873978168810008,0.3408383170451388,0.1241817958908296,-0.04332743240187686,0.9371554911309304,middle,,,,
2016,S Kaushik,Gujarat Titans,6,78,6.85,29,37.18,9,11.54,0.5536987446405448,0.2462041125493809,0.49073223451079695,0.18248260171002278,0.744307976932547,1.7247909004653543,middle,,,,
2016,S Kaushik,Lucknow Super Giants,0,18,10.67,5,27.78,4,22.22,0.041499504675485015,0.3744997738764823,0.3965475537502898,0.28660511109948494,-0.1757073181827684,0.8047756053500389,middle,,,,
2016,S Ladda,Punjab Kings,0,6,14.0,1,16.67,2,33.33,0.041499504675485015,0.4863386618919921,0.2852292768088819,0.39491981890069505,-0.32023685323784057,0.6602460702949667,middle,S Ladda,2016.0,1636386.3998999998,-19.569757684212625
2016,S Nadeem,Delhi Capitals,0,18,7.0,8,44.44,2,11.11,0.041499504675485015,0.2512419002978273,0.5634748709279546,0.17829040329827478,-0.005359882606302886,0.9751230409265044,middle,,,,
2016,S Nadeem,Gujarat Titans,0,6,11.0,0,0.0,1,16.67,0.041499504675485015,0.38558290692306435,0.11820176316232284,0.23249650369203975,-0.2572558403149351,0.7232270832178722,middle,,,,
2016,S Nadeem,Punjab Kings,0,6,13.0,0,0.0,1,16.67,0.041499504675485015,0.45275341023568283,0.11820176316232284,0.23249650369203975,-0.31099224296502986,0.6694906805677774,middle,,,,
2016,Sachin Baby,Royal Challengers Bengaluru,0,6,4.0,2,33.33,0,0.0,0.041499504675485015,0.1504861453288995,0.4521565939865467,0.06997569549706467,0.06351217984665897,1.0439951033794663,middle,Sachin Baby,2016.0,1636386.3998999998,3.8812458873124474
2016,Sandeep Sharma,Gujarat Titans,0,6,7.0,2,33.33,1,16.67,0.041499504675485015,0.2512419002978273,0.4521565939865467,0.23249650369203975,-0.04959658576747826,0.930886337765329,middle,,,,
2016,Sandeep Sharma,Punjab Kings,3,54,7.67,15,27.78,6,11.11,0.2975991246580149,0.2737440189075545,0.3965475537502898,0.17829040329827478,0.3107096573264107,1.291192580859218,middle,,,,
2016,Sandeep Sharma,Royal Challengers Bengaluru,1,6,18.0,1,16.67,3,50.0,0.12686604466966164,0.6206796685172291,0.2852292768088819,0.5574406270956702,-0.33216401018576036,0.6483189133470469,middle,,,,
2016,SB Jakati,Gujarat Titans,1,90,8.87,23,25.56,14,15.56,0.12686604466966164,0.3140463208951256,0.374303937655787,0.2216747822105507,0.0070182351430179354,0.9875011586758252,middle,SB Jakati,2016.0,3272772.7997999997,0.21444309068588022
2016,Shakib Al Hasan,Kolkata Knight Riders,1,66,8.82,16,24.24,10,15.15,0.12686604466966164,0.3123670583123102,0.36107800376175836,0.21767756977144212,0.005193307528883362,0.9856762310616907,middle,,,,
2016,Shakib Al Hasan,Lucknow Super Giants,0,6,4.0,2,33.33,0,0.0,0.041499504675485015,0.1504861453288995,0.4521565939865467,0.06997569549706467,0.06351217984665897,1.0439951033794663,middle,,,,
2016,Shakib Al Hasan,Punjab Kings,0,12,7.0,3,25.0,1,8.33,0.041499504675485015,0.2512419002978273,0.36869293539771425,0.15118735310139234,-0.0583738532259985,0.9221090703068088,middle,,,,
2016,SK Raina,Delhi Capitals,0,12,9.0,1,8.33,2,16.67,0.041499504675485015,0.3184124036104458,0.20166542175115526,0.23249650369203975,-0.17848034008819053,0.8020025834446167,middle,,,,
2016,SK Raina,Gujarat Titans,0,18,11.33,4,22.22,5,27.78,0.041499504675485015,0.39666603996964644,0.3408383170451388,0.3408112114932499,-0.22099432214759795,0.7594886013852093,middle,,,,
2016,SM Boland,Lucknow Super Giants,0,6,10.0,0,0.0,1,16.67,0.041499504675485015,0.3519976552667551,0.11820176316232284,0.23249650369203975,-0.23038763898988768,0.7500952845429196,middle,SM Boland,2016.0,8181931.9995,-2.8158097501172916
2016,SP Narine,Delhi Capitals,0,6,14.0,2,33.33,3,50.0,0.041499504675485015,0.4863386618919921,0.4521565939865467,0.5574406270956702,-0.3026628197235362,0.677820103809271,middle,,,,
2016,SP Narine,Gujarat Titans,0,12,8.0,4,33.33,1,8.33,0.041499504675485015,0.28482715195413655,0.4521565939865467,0.15118735310139234,-0.06020295697439619,0.9202799665584112,middle,,,,
2016,SP Narine,Kolkata Knight Riders,4,90,5.73,47,52.22,9,10.0,0.38296566465219156,0.20858863069431452,0.6414277237276085,0.16746868181678576,0.5665121731777611,1.5469950967105683,middle,,,,
2016,SP Narine,Lucknow Super Giants,0,12,7.5,3,25.0,1,8.33,0.041499504675485015,0.26803452612598194,0.36869293539771425,0.15118735310139234,-0.07180795388852226,0.9086749696442851,middle,,,,
2016,SP Narine,Punjab Kings,2,18,6.67,6,33.33,1,5.56,0.21223258466383826,0.24015876725124521,0.4521565939865467,0.1241817958908296,0.23703248221255932,1.2175154057453665,middle,,,,
2016,SP Narine,Royal Challengers Bengaluru,0,18,11.67,5,27.78,6,33.33,0.041499504675485015,0.4080850255327916,0.3965475537502898,0.39491981890069505,-0.22423846106805784,0.7562444624647495,middle,,,,
2016,SR Watson,Delhi Capitals,0,6,5.0,1,16.67,0,0.0,0.041499504675485015,0.18407139698520877,0.2852292768088819,0.06997569549706467,-0.01343421663168789,0.9670487069011194,middle,SR Watson,2016.0,155456707.9905,-0.008641773523538693
2016,SR Watson,Gujarat Titans,1,18,7.0,5,27.78,2,11.11,0.12686604466966164,0.2512419002978273,0.3965475537502898,0.17829040329827478,0.07261173223166259,1.0530946557644698,middle,SR Watson,2016.0,155456707.9905,0.04670865166918362
2016,SR Watson,Lucknow Super Giants,0,6,8.0,2,33.33,1,16.67,0.041499504675485015,0.28482715195413655,0.4521565939865467,0.23249650369203975,-0.07646478709252567,0.9040181364402816,middle,SR Watson,2016.0,155456707.9905,-0.04918719049241571
2016,SR Watson,Punjab Kings,0,6,5.0,1,16.67,0,0.0,0.041499504675485015,0.18407139698520877,0.2852292768088819,0.06997569549706467,-0.01343421663168789,0.9670487069011194,middle,SR Watson,2016.0,155456707.9905,-0.008641773523538693
2016,SR Watson,Royal Challengers Bengaluru,5,78,7.62,31,39.74,13,16.67,0.46833220464636816,0.27206475632473903,0.516382530547701,0.23249650369203975,0.5932619603356635,1.573744883868471,middle,SR Watson,2016.0,155456707.9905,0.3816251919935921
2016,STR Binny,Gujarat Titans,0,6,4.0,2,33.33,0,0.0,0.041499504675485015,0.1504861453288995,0.4521565939865467,0.06997569549706467,0.06351217984665897,1.0439951033794663,middle,STR Binny,2016.0,32727727.998,0.19406229436562236
2016,STR Binny,Lucknow Super Giants,0,6,12.0,0,0.0,2,33.33,0.041499504675485015,0.4191681585793736,0.11820176316232284,0.39491981890069505,-0.31660870468171354,0.6638742188510938,middle,STR Binny,2016.0,32727727.998,-0.9674020289494633
2016,STR Binny,Royal Challengers Bengaluru,0,12,8.0,2,16.67,2,16.67,0.041499504675485015,0.28482715195413655,0.2852292768088819,0.23249650369203975,-0.1265429822458251,0.8539399412869821,middle,STR Binny,2016.0,32727727.998,-0.38665373365837735
2016,Swapnil Singh,Punjab Kings,0,12,13.0,0,0.0,3,25.0,0.041499504675485015,0.45275341023568283,0.11820176316232284,0.3137081612963674,-0.3272345744858954,0.6532483490469119,middle,,,,
2016,T Shamsi,Gujarat Titans,1,18,5.67,9,50.0,2,11.11,0.12686604466966164,0.20657351559493597,0.6191841076331058,0.17829040329827478,0.17513740615882045,1.1556203296916276,middle,,,,
2016,T Shamsi,Lucknow Super Giants,1,18,10.67,5,27.78,5,27.78,0.12686604466966164,0.3744997738764823,0.3965475537502898,0.3408112114932499,-0.05849872827025647,0.9219841952625508,middle,,,,
2016,T Shamsi,Royal Challengers Bengaluru,1,24,9.5,7,29.17,5,20.83,0.12686604466966164,0.3352050294386005,0.4104748629265776,0.2730535860010437,-0.009333214868623388,0.9711497086641839,middle,,,,
2016,TA Boult,Gujarat Titans,0,6,11.0,1,16.67,2,33.33,0.041499504675485015,0.38558290692306435,0.2852292768088819,0.39491981890069505,-0.23963224926269838,0.7408506742701089,middle,,,,
2016,TG Southee,Delhi Capitals,0,6,7.0,0,0.0,0,0.0,0.041499504675485015,0.2512419002978273,0.11820176316232284,0.06997569549706467,-0.1172788733757504,0.8632040501570569,middle,TG Southee,2016.0,40909659.997499995,-0.2866777024862034
2016,TG Southee,Lucknow Super Giants,0,6,3.0,3,50.0,0,0.0,0.041499504675485015,0.11690089367259024,0.6191841076331058,0.06997569549706467,0.14048863526567412,1.1209715587984814,middle,TG Southee,2016.0,40909659.997499995,0.34341188676283163
2016,TG Southee,Mumbai Indians,3,48,7.38,18,37.5,5,10.42,0.2975991246580149,0.2640042959272248,0.49393852151540996,0.17156338724221407,0.34906412925142266,1.32954705278423,middle,TG Southee,2016.0,40909659.997499995,0.8532560018165736
2016,TG Southee,Punjab Kings,1,6,9.0,2,33.33,1,16.67,0.12686604466966164,0.3184124036104458,0.4521565939865467,0.23249650369203975,0.02471682157369183,1.0051997451064991,middle,TG Southee,2016.0,40909659.997499995,0.06041805670152791
2016,TG Southee,Royal Challengers Bengaluru,0,6,7.0,2,33.33,1,16.67,0.041499504675485015,0.2512419002978273,0.4521565939865467,0.23249650369203975,-0.04959658576747826,0.930886337765329,middle,TG Southee,2016.0,40909659.997499995,-0.12123441204475696
2016,UT Yadav,Delhi Capitals,0,6,11.0,1,16.67,2,33.33,0.041499504675485015,0.38558290692306435,0.2852292768088819,0.39491981890069505,-0.23963224926269838,0.7408506742701089,middle,,,,
2016,UT Yadav,Kolkata Knight Riders,0,24,8.25,7,29.17,3,12.5,0.041499504675485015,0.2932234648682139,0.4104748629265776,0.19184192839671602,-0.08755544168271351,0.8929274818500939,middle,,,,
2016,UT Yadav,Royal Challengers Bengaluru,0,6,4.0,2,33.33,0,0.0,0.041499504675485015,0.1504861453288995,0.4521565939865467,0.06997569549706467,0.06351217984665897,1.0439951033794663,middle,,,,
2016,V Kohli,Royal Challengers Bengaluru,0,6,13.0,1,16.67,1,16.67,0.041499504675485015,0.45275341023568283,0.2852292768088819,0.23249650369203975,-0.2608839888710621,0.7195989346617452,middle,,,,
2016,VR Aaron,Punjab Kings,0,12,9.0,4,33.33,2,16.67,0.041499504675485015,0.3184124036104458,0.4521565939865467,0.23249650369203975,-0.10333298841757309,0.8771499351152342,middle,,,,
2016,VR Aaron,Royal Challengers Bengaluru,2,78,9.62,25,32.05,16,20.51,0.21223258466383826,0.3392352596373575,0.4393314459680946,0.26993381043881265,0.12477334098853723,1.1052562645213446,middle,,,,
2016,YK Pathan,Gujarat Titans,0,6,6.0,3,50.0,1,16.67,0.041499504675485015,0.21765664864151804,0.6191841076331058,0.23249650369203975,0.027379869651536853,1.0078627931843442,middle,,,,
2016,YK Pathan,Punjab Kings,1,6,6.0,2,33.33,0,0.0,0.12686604466966164,0.21765664864151804,0.4521565939865467,0.06997569549706467,0.13782558718782906,1.1183085107206363,middle,,,,
2016,YS Chahal,Delhi Capitals,1,12,11.0,2,16.67,3,25.0,0.12686604466966164,0.38558290692306435,0.2852292768088819,0.3137081612963674,-0.09534010775056796,0.8851428157822393,middle,,,,
2016,YS Chahal,Gujarat Titans,1,30,8.6,6,20.0,4,13.33,0.12686604466966164,0.3049783029479221,0.31859470095063597,0.19993384626125288,0.0019080656790949682,0.9823909892119023,middle,,,,
2016,YS Chahal,Punjab Kings,1,12,9.0,2,16.67,2,16.67,0.12686604466966164,0.3184124036104458,0.2852292768088819,0.23249650369203975,-0.025361373579607605,0.9551215499531998,middle,,,,
2016,YS Chahal,Royal Challengers Bengaluru,10,132,7.68,51,38.64,18,13.64,0.8951649046172514,0.27407987142411755,0.5053609189693439,0.20295612883716424,1.234500509709953,2.2149834332427605,middle,,,,
2016,Yuvraj Singh,Delhi Capitals,0,6,7.0,1,16.67,0,0.0,0.041499504675485015,0.2512419002978273,0.2852292768088819,0.06997569549706467,-0.06717061928178268,0.9133123042510246,middle,Yuvraj Singh,2016.0,114547047.99299999,-0.05864020108653302
2016,Yuvraj Singh,Lucknow Super Giants,0,6,10.0,1,16.67,1,16.67,0.041499504675485015,0.3519976552667551,0.2852292768088819,0.23249650369203975,-0.18027938489591994,0.8002035386368873,middle,Yuvraj Singh,2016.0,114547047.99299999,-0.1573845752069812
2016,Yuvraj Singh,Punjab Kings,0,6,11.0,1,16.67,2,33.33,0.041499504675485015,0.38558290692306435,0.2852292768088819,0.39491981890069505,-0.23963224926269838,0.7408506742701089,middle,Yuvraj Singh,2016.0,114547047.99299999,-0.2091998471032989
2016,Yuvraj Singh,Sunrisers Hyderabad,0,18,6.0,4,22.22,0,0.0,0.041499504675485015,0.21765664864151804,0.3408383170451388,0.06997569549706467,-0.023619705885858232,0.956863217646949,middle,Yuvraj Singh,2016.0,114547047.99299999,-0.020620091307199502
2016,Z Khan,Delhi Capitals,1,13,9.23,5,38.46,3,23.08,0.12686604466966164,0.32613701149139696,0.5035573825292491,0.29498950792298095,0.021458770985553405,1.0019416945183608,middle,,,,
2016,Z Khan,Gujarat Titans,0,12,5.5,7,58.33,1,8.33,0.041499504675485015,0.2008640228133634,0.7026477662219381,0.15118735310139234,0.08211489800883975,1.062597821541647,middle,,,,
2016,Z Khan,Punjab Kings,1,12,10.5,2,16.67,3,25.0,0.12686604466966164,0.36879028109490974,0.2852292768088819,0.3137081612963674,-0.08190600708804426,0.898576916444763,middle,,,,
2016,Z Khan,Royal Challengers Bengaluru,0,6,21.0,1,16.67,4,66.67,0.041499504675485015,0.721435423486157,0.2852292768088819,0.7199614352906453,-0.5733225857911626,0.40716033774164473,middle,,,,
2017,A Choudhary,Royal Challengers Bengaluru,0,29,11.59,7,24.14,8,27.59,0.02120649787752182,0.3972801602029682,0.34693641909894785,0.33928197720939307,-0.2497898510582861,0.7306930724745212,middle,A Choudhary,2017.0,31196004.192,-0.8007110446611074
2017,A Mishra,Delhi Capitals,5,150,8.72,51,34.0,26,17.33,0.4990014851736192,0.3127288274973478,0.43466237720957124,0.24149577886077014,0.5804187231532678,1.5609016466860752,middle,,,,
2017,A Mishra,Gujarat Titans,0,6,15.0,1,16.67,2,33.33,0.02120649787752182,0.4977401060309004,0.2804746638163559,0.3939888757007279,-0.3610377140036764,0.619445209529131,middle,,,,
2017,A Mishra,Lucknow Super Giants,3,18,3.67,10,55.56,1,5.56,0.30788349025518025,0.16395383440906103,0.6264850604616038,0.1293180444978762,0.4927440770944274,1.4732270006272348,middle,,,,
2017,A Mishra,Royal Challengers Bengaluru,0,12,16.0,3,25.0,5,41.67,0.02120649787752182,0.5272005007018483,0.3545879732546412,0.473475902428556,-0.37826944225451475,0.6022134812782926,middle,,,,
2017,A Nehra,Sunrisers Hyderabad,0,36,10.67,8,22.22,10,27.78,0.02120649787752182,0.3701765971056961,0.32985387958856277,0.3410928327343676,-0.23359393353857882,0.7468889899942285,middle,,,,
2017,A Zampa,Delhi Capitals,1,18,6.67,8,44.44,2,11.11,0.11676549533674131,0.25233501842190464,0.5275486857972901,0.1822140874642366,0.09510201651392795,1.0755849400467352,middle,,,,
2017,A Zampa,Lucknow Super Giants,5,83,7.52,27,32.53,9,10.84,0.4990014851736192,0.2773763538922103,0.4215835578969327,0.17964076645506227,0.6171480587247278,1.597630982257535,middle,,,,
2017,AD Mathews,Delhi Capitals,0,18,9.67,2,11.11,3,16.67,0.02120649787752182,0.34071620243474826,0.23100647648419909,0.23520543861612192,-0.21850235990948055,0.7619805636233268,middle,AD Mathews,2017.0,31196004.192,-0.7004177796767765
2017,AF Milne,Gujarat Titans,0,12,15.5,1,8.33,5,41.67,0.02120649787752182,0.5124703033663743,0.20627238281812071,0.473475902428556,-0.41097996151709176,0.5695029620157155,middle,,,,
2017,AF Milne,Royal Challengers Bengaluru,0,6,12.0,1,16.67,2,33.33,0.02120649787752182,0.4093589220180568,0.2804746638163559,0.3939888757007279,-0.2903327667934016,0.6901501567394057,middle,,,,
2017,AJ Tye,Gujarat Titans,3,30,6.4,7,23.33,3,10.0,0.30788349025518025,0.2443807118607487,0.33972972274300417,0.1716348788709645,0.3339126069428798,1.3143955304756871,middle,,,,
2017,AJ Tye,Royal Challengers Bengaluru,1,12,4.0,4,33.33,0,0.0,0.11676549533674131,0.17367576465047382,0.42870128269292646,0.07632669334599092,0.14955267742341266,1.13003560095622,middle,,,,
2017,Ankit Soni,Delhi Capitals,0,12,13.0,2,16.67,3,25.0,0.02120649787752182,0.4388193166890047,0.2804746638163559,0.3145971571584249,-0.2980227388216993,0.682460184711108,middle,,,,
2017,Ankit Soni,Gujarat Titans,1,30,8.0,10,33.33,6,20.0,0.11676549533674131,0.2915173433342653,0.42870128269292646,0.2669430643959381,0.017156140266389994,0.9976390637991973,middle,,,,
2017,Ankit Soni,Lucknow Super Giants,0,18,4.33,9,50.0,0,0.0,0.02120649787752182,0.18339769489188662,0.5770168731294469,0.07632669334599092,0.04293131417240931,1.0234142377052167,middle,,,,
2017,Ankit Soni,Punjab Kings,0,18,9.0,3,16.67,2,11.11,0.02120649787752182,0.3209777380052132,0.2804746638163559,0.1822140874642366,-0.17727286193582836,0.8032100615969789,middle,,,,
2017,Ankit Soni,Royal Challengers Bengaluru,1,18,9.33,6,33.33,3,16.67,0.11676549533674131,0.330699668246626,0.42870128269292646,0.23520543861612192,-0.007842194507535295,0.972640729025272,middle,,,,
2017,Anureet Singh,Punjab Kings,0,6,16.0,0,0.0,3,50.0,0.02120649787752182,0.5272005007018483,0.13215907337983543,0.552867620970859,-0.46087645592541715,0.5196064676073902,middle,,,,
2017,AR Patel,Delhi Capitals,1,12,6.5,3,25.0,1,8.33,0.11676549533674131,0.2473267513278435,0.3545879732546412,0.1557184118882939,0.05251955154157073,1.033002475074378,middle,,,,
2017,AR Patel,Gujarat Titans,2,24,9.25,6,25.0,5,20.83,0.2123244927959608,0.32834283667295017,0.3545879732546412,0.2748536437945109,0.10721813307307126,1.0877010566058787,middle,,,,
2017,AR Patel,Lucknow Super Giants,0,6,6.0,0,0.0,0,0.0,0.02120649787752182,0.23259655399236956,0.13215907337983543,0.07632669334599092,-0.12988511303286046,0.8505978104999469,middle,,,,
2017,AR Patel,Punjab Kings,5,144,7.79,37,25.69,16,11.11,0.4990014851736192,0.28533066045336625,0.3607270108911858,0.1822140874642366,0.5920129851722442,1.5724959087050516,middle,,,,
2017,AR Patel,Royal Challengers Bengaluru,1,12,3.5,5,41.67,0,0.0,0.11676549533674131,0.15894556731499987,0.5029035636911616,0.07632669334599092,0.1835975195912624,1.1640804431240697,middle,,,,
2017,AS Rajpoot,Kolkata Knight Riders,3,42,6.86,19,45.24,6,14.29,0.30788349025518025,0.25793249340938473,0.5346664105932839,0.21252209046117818,0.3733747457410121,1.3538576692738193,middle,,,,
2017,AS Rajpoot,Punjab Kings,0,6,11.0,1,16.67,2,33.33,0.02120649787752182,0.37989852734710894,0.2804746638163559,0.3939888757007279,-0.26676445105664326,0.713718472476164,middle,,,,
2017,AS Rajpoot,Royal Challengers Bengaluru,0,18,5.33,5,27.78,1,5.56,0.02120649787752182,0.2128580895628345,0.37932206692071957,0.1293180444978762,-0.05054371365734425,0.9299392098754631,middle,,,,
2017,Avesh Khan,Delhi Capitals,0,6,4.0,2,33.33,0,0.0,0.02120649787752182,0.17367576465047382,0.42870128269292646,0.07632669334599092,0.006214181234583423,0.9866971047673907,middle,,,,
2017,B Kumar,Delhi Capitals,1,6,6.0,1,16.67,0,0.0,0.11676549533674131,0.23259655399236956,0.2804746638163559,0.07632669334599092,0.057948060286924896,1.0384309838197323,middle,,,,
2017,B Kumar,Gujarat Titans,0,6,7.0,2,33.33,1,16.67,0.02120649787752182,0.26205694866331747,0.42870128269292646,0.23520543861612192,-0.0962665150297177,0.8842164085030896,middle,,,,
2017,B Kumar,Punjab Kings,1,6,8.0,1,16.67,1,16.67,0.11676549533674131,0.2915173433342653,0.2804746638163559,0.23520543861612192,-0.02096432024061793,0.9595186032921894,middle,,,,
2017,B Kumar,Sunrisers Hyderabad,2,18,6.67,4,22.22,1,5.56,0.2123244927959608,0.25233501842190464,0.32985387958856277,0.1293180444978762,0.1897112794334111,1.1701942029662185,middle,,,,
2017,B Stanlake,Punjab Kings,0,6,16.0,0,0.0,2,33.33,0.02120649787752182,0.5272005007018483,0.13215907337983543,0.3939888757007279,-0.4291007068713909,0.5513822166614164,middle,,,,
2017,B Stanlake,Royal Challengers Bengaluru,1,6,6.0,3,50.0,1,16.67,0.11676549533674131,0.23259655399236956,0.5770168731294469,0.23520543861612192,0.11513497402682601,1.0956178975596333,middle,,,,
2017,BA Stokes,Delhi Capitals,0,6,4.0,3,50.0,0,0.0,0.02120649787752182,0.17367576465047382,0.5770168731294469,0.07632669334599092,0.050708858365539566,1.031191781898347,middle,BA Stokes,2017.0,226171030.39200002,0.022420580689600646
2017,BA Stokes,Gujarat Titans,0,12,8.0,4,33.33,2,16.67,0.02120649787752182,0.2915173433342653,0.42870128269292646,0.23520543861612192,-0.119834830766476,0.8606480927663314,middle,BA Stokes,2017.0,226171030.39200002,-0.05298416448772332
2017,BA Stokes,Lucknow Super Giants,2,72,7.75,23,31.94,11,15.28,0.2123244927959608,0.2841522446665284,0.41633423585988727,0.22195760082815058,0.17167369405305455,1.1521566175858617,middle,BA Stokes,2017.0,226171030.39200002,0.07590436925344038
2017,BA Stokes,Punjab Kings,0,6,12.0,2,33.33,2,33.33,0.02120649787752182,0.4093589220180568,0.42870128269292646,0.3939888757007279,-0.2458647811304304,0.7346181424023769,middle,BA Stokes,2017.0,226171030.39200002,-0.10870745944089176
2017,BA Stokes,Royal Challengers Bengaluru,1,12,7.0,5,41.67,2,16.67,0.11676549533674131,0.26205694866331747,0.5029035636911616,0.23520543861612192,0.0693326654585821,1.0498155889913894,middle,BA Stokes,2017.0,226171030.39200002,0.030654971743469803
2017,Basil Thampi,Delhi Capitals,1,6,5.0,3,50.0,0,0.0,0.11676549533674131,0.2031361593214217,0.5770168731294469,0.07632669334599092,0.17047903881761048,1.1509619623504177,middle,Basil Thampi,2017.0,13258301.7816,1.2858286198780218
2017,Basil Thampi,Gujarat Titans,1,60,8.2,15,25.0,9,15.0,0.11676549533674131,0.29740942226845485,0.3545879732546412,0.2192889716334513,-0.00026069715994982146,0.9802222263728575,middle,Basil Thampi,2017.0,13258301.7816,-0.0019662937549937165
2017,Basil Thampi,Punjab Kings,0,6,9.0,0,0.0,1,16.67,0.02120649787752182,0.3209777380052132,0.13215907337983543,0.23520543861612192,-0.23236580929716158,0.7481171142356458,middle,Basil Thampi,2017.0,13258301.7816,-1.7526061265224864
2017,BB Sran,Sunrisers Hyderabad,0,6,20.0,1,16.67,3,50.0,0.02120649787752182,0.6450420793856398,0.2804746638163559,0.552867620970859,-0.5106550417414941,0.4698278817913132,middle,,,,
2017,BCJ Cutting,Sunrisers Hyderabad,1,36,8.17,10,27.78,6,16.67,0.11676549533674131,0.2965256104283264,0.37932206692071957,0.23520543861612192,0.0046832870154423015,0.9851662105482496,middle,,,,
2017,Bipul Sharma,Lucknow Super Giants,0,12,9.0,4,33.33,2,16.67,0.02120649787752182,0.3209777380052132,0.42870128269292646,0.23520543861612192,-0.14340314650323427,0.837079777029573,middle,,,,
2017,Bipul Sharma,Sunrisers Hyderabad,1,54,8.67,13,24.07,6,11.11,0.11676549533674131,0.3112558077638004,0.3463136181792984,0.1822140874642366,-0.0064051352449861765,0.9740777882878211,middle,,,,
2017,C de Grandhomme,Delhi Capitals,0,6,12.0,0,0.0,2,33.33,0.02120649787752182,0.4093589220180568,0.13215907337983543,0.3939888757007279,-0.3348274439243577,0.6456554796084496,middle,,,,
2017,C de Grandhomme,Kolkata Knight Riders,4,28,7.5,14,50.0,3,10.71,0.4034424877143997,0.27678714599879134,0.5770168731294469,0.17840176004323763,0.5211587247027532,1.5016416482355606,middle,,,,
2017,C de Grandhomme,Lucknow Super Giants,0,6,9.0,1,16.67,1,16.67,0.02120649787752182,0.3209777380052132,0.2804746638163559,0.23520543861612192,-0.18787113216620543,0.7926117913666019,middle,,,,
2017,C de Grandhomme,Punjab Kings,0,18,11.33,5,27.78,4,22.22,0.02120649787752182,0.38962045758852176,0.37932206692071957,0.2881014815824823,-0.22371029549481525,0.7567726280379921,middle,,,,
2017,C de Grandhomme,Royal Challengers Bengaluru,0,12,7.5,2,16.67,1,8.33,0.02120649787752182,0.27678714599879134,0.2804746638163559,0.1557184118882939,-0.1366212532155024,0.843861670317305,middle,,,,
2017,CH Morris,Delhi Capitals,1,18,15.0,2,11.11,8,44.44,0.11676549533674131,0.4977401060309004,0.23100647648419909,0.49987626981897354,-0.25371715283814333,0.726765770694664,middle,,,,
2017,CJ Anderson,Delhi Capitals,2,66,8.82,10,15.15,9,13.64,0.2123244927959608,0.3156748669644426,0.2669509867039677,0.2063270584020549,0.10476672995316644,1.0852496534859737,middle,CJ Anderson,2017.0,15598002.096,0.6716676232530647
2017,CJ Anderson,Gujarat Titans,0,12,9.5,3,25.0,3,25.0,0.02120649787752182,0.3357079353406871,0.3545879732546412,0.3145971571584249,-0.1932996409115596,0.7871832826212477,middle,CJ Anderson,2017.0,15598002.096,-1.2392589751038048
2017,CJ Anderson,Lucknow Super Giants,0,6,10.0,2,33.33,1,16.67,0.02120649787752182,0.3504381326761611,0.42870128269292646,0.23520543861612192,-0.1669714622399926,0.8135114612928147,middle,CJ Anderson,2017.0,15598002.096,-1.070466981683579
2017,CR Brathwaite,Gujarat Titans,0,18,7.33,4,22.22,2,11.11,0.02120649787752182,0.27177887890473024,0.32985387958856277,0.1822140874642366,-0.12310000992377997,0.8573829136090273,middle,,,,
2017,CR Brathwaite,Royal Challengers Bengaluru,0,12,14.5,1,8.33,4,33.33,0.02120649787752182,0.4830099086954265,0.20627238281812071,0.3939888757007279,-0.37151424043476783,0.6089686830980394,middle,,,,
2017,CR Woakes,Delhi Capitals,0,12,6.0,3,25.0,1,8.33,0.02120649787752182,0.23259655399236956,0.3545879732546412,0.1557184118882939,-0.07903478677887935,0.901448136753928,middle,CR Woakes,2017.0,65511608.80320001,-0.12064241471508295
2017,CR Woakes,Gujarat Titans,0,6,8.0,1,16.67,1,16.67,0.02120649787752182,0.2915173433342653,0.2804746638163559,0.23520543861612192,-0.16430281642944716,0.8161801071033601,middle,CR Woakes,2017.0,65511608.80320001,-0.2507995444334464
2017,CR Woakes,Kolkata Knight Riders,4,54,8.33,19,35.19,11,20.37,0.4034424877143997,0.30123927357567815,0.44524999284361194,0.27046946726036214,0.44365341711206824,1.4241363406448755,middle,CR Woakes,2017.0,65511608.80320001,0.6772134362397118
2017,CR Woakes,Punjab Kings,1,12,3.5,7,58.33,0,0.0,0.11676549533674131,0.15894556731499987,0.6511301825677321,0.07632669334599092,0.22806550525423352,1.208548428787041,middle,CR Woakes,2017.0,65511608.80320001,0.3481299107450607
2017,DJ Hooda,Sunrisers Hyderabad,1,12,9.0,2,16.67,2,16.67,0.11676549533674131,0.3209777380052132,0.2804746638163559,0.23520543861612192,-0.0445326359773762,0.9359502875554311,middle,,,,
2017,DR Smith,Delhi Capitals,0,6,12.0,0,0.0,2,33.33,0.02120649787752182,0.4093589220180568,0.13215907337983543,0.3939888757007279,-0.3348274439243577,0.6456554796084496,middle,,,,
2017,DR Smith,Gujarat Titans,1,36,9.0,10,27.78,6,16.67,0.11676549533674131,0.3209777380052132,0.37932206692071957,0.23520543861612192,-0.014878415046067094,0.9656045084867402,middle,,,,
2017,DR Smith,Lucknow Super Giants,0,18,9.0,4,22.22,3,16.67,0.02120649787752182,0.3209777380052132,0.32985387958856277,0.23520543861612192,-0.17305736743454336,0.8074255560982639,middle,,,,
2017,DS Kulkarni,Gujarat Titans,2,41,10.83,11,26.83,10,24.39,0.2123244927959608,0.3748902602530478,0.37086976872547694,0.30878335784140154,0.06807879004086574,1.0485617135736731,middle,,,,
2017,DS Kulkarni,Punjab Kings,1,12,7.5,4,33.33,1,8.33,0.11676549533674131,0.27678714599879134,0.42870128269292646,0.1557184118882939,0.05118522863629803,1.0316681521691053,middle,,,,
2017,DT Christian,Delhi Capitals,1,12,9.0,1,8.33,2,16.67,0.11676549533674131,0.3209777380052132,0.20627238281812071,0.23520543861612192,-0.06679332027684676,0.9136896032559605,middle,DT Christian,2017.0,15598002.096,-0.4282171515669653
2017,DT Christian,Lucknow Super Giants,7,126,6.76,40,31.75,11,8.73,0.6901194800920581,0.25498645394228997,0.4146437762208387,0.15953073930929285,0.9236770419886483,1.9041599655214556,middle,DT Christian,2017.0,15598002.096,5.921765084423978
2017,DT Christian,Royal Challengers Bengaluru,0,12,5.0,3,25.0,0,0.0,0.02120649787752182,0.2031361593214217,0.3545879732546412,0.07632669334599092,-0.039588127333660475,0.9408947961991468,middle,DT Christian,2017.0,15598002.096,-0.25380255169867283
2017,GJ Maxwell,Delhi Capitals,0,6,7.0,2,33.33,1,16.67,0.02120649787752182,0.26205694866331747,0.42870128269292646,0.23520543861612192,-0.0962665150297177,0.8842164085030896,middle,,,,
2017,GJ Maxwell,Lucknow Super Giants,0,12,7.5,3,25.0,1,8.33,0.02120649787752182,0.27678714599879134,0.3545879732546412,0.1557184118882939,-0.11438726038401678,0.8660956631487905,middle,,,,
2017,GJ Maxwell,Punjab Kings,4,66,6.0,26,39.39,5,7.58,0.4034424877143997,0.23259655399236956,0.4826180480225794,0.1485702979739209,0.5341578431896936,1.514640766722501,middle,,,,
2017,GJ Maxwell,Royal Challengers Bengaluru,2,18,5.0,5,27.78,0,0.0,0.2123244927959608,0.2031361593214217,0.37932206692071957,0.07632669334599092,0.25450909314382153,1.2349920166766288,middle,,,,
2017,Harbhajan Singh,Delhi Capitals,2,12,7.5,7,58.33,2,16.67,0.2123244927959608,0.27678714599879134,0.6511301825677321,0.23520543861612192,0.24535498944200337,1.2258379129748107,middle,,,,
2017,Harbhajan Singh,Gujarat Titans,1,18,4.33,9,50.0,1,5.56,0.11676549533674131,0.18339769489188662,0.5770168731294469,0.1293180444978762,0.1756715401308615,1.1561544636636687,middle,,,,
2017,Harbhajan Singh,Mumbai Indians,4,126,7.38,38,30.16,17,13.49,0.4034424877143997,0.27325189863827765,0.40049729818880103,0.2048974356191803,0.46573191499378175,1.446214838526589,middle,,,,
2017,Harbhajan Singh,Punjab Kings,0,6,6.0,1,16.67,0,0.0,0.02120649787752182,0.23259655399236956,0.2804746638163559,0.07632669334599092,-0.08539043590190434,0.895092487630903,middle,,,,
2017,Harbhajan Singh,Royal Challengers Bengaluru,0,6,9.0,0,0.0,1,16.67,0.02120649787752182,0.3209777380052132,0.13215907337983543,0.23520543861612192,-0.23236580929716158,0.7481171142356458,middle,,,,
2017,HH Pandya,Delhi Capitals,0,6,2.0,4,66.67,0,0.0,0.02120649787752182,0.11475497530857806,0.7253324635659673,0.07632669334599092,0.14234016697001226,1.1228230905028196,middle,,,,
2017,HH Pandya,Lucknow Super Giants,1,12,9.0,2,16.67,2,16.67,0.11676549533674131,0.3209777380052132,0.2804746638163559,0.23520543861612192,-0.0445326359773762,0.9359502875554311,middle,,,,
2017,HH Pandya,Mumbai Indians,2,60,9.5,18,30.0,10,16.67,0.2123244927959608,0.3357079353406871,0.3990737532296023,0.23520543861612192,0.1226014291670478,1.103084352699855,middle,,,,
2017,HH Pandya,Royal Challengers Bengaluru,1,12,4.5,3,25.0,0,0.0,0.11676549533674131,0.18840596198594775,0.3545879732546412,0.07632669334599092,0.11553452672354794,1.0960174502563553,middle,,,,
2017,HV Patel,Delhi Capitals,2,12,7.0,4,33.33,2,16.67,0.2123244927959608,0.26205694866331747,0.42870128269292646,0.23520543861612192,0.19041047734794078,1.1708934008807481,middle,,,,
2017,I Sharma,Punjab Kings,0,24,13.25,4,16.67,7,29.17,0.02120649787752182,0.44618441535674164,0.2804746638163559,0.3543406705223389,-0.3118635204286716,0.6686194031041357,middle,,,,
2017,Imran Tahir,Gujarat Titans,1,18,12.67,4,22.22,7,38.89,0.11676549533674131,0.42909738644759193,0.32985387958856277,0.44698022685261324,-0.1585695476469154,0.8219133758858919,middle,,,,
2017,Imran Tahir,Lucknow Super Giants,8,150,7.6,53,35.33,17,11.33,0.7856784775512777,0.27973318546588616,0.4464955946829109,0.184310867545786,1.0518176728499238,2.032300596382731,middle,,,,
2017,Imran Tahir,Punjab Kings,1,18,7.0,7,38.89,2,11.11,0.11676549533674131,0.26205694866331747,0.47816947002508325,0.1822140874642366,0.07251070758913565,1.052993631121943,middle,,,,
2017,Imran Tahir,Royal Challengers Bengaluru,1,18,6.67,5,27.78,1,5.56,0.11676549533674131,0.25233501842190464,0.37932206692071957,0.1293180444978762,0.06121323944422888,1.0416961629770363,middle,,,,
2017,Iqbal Abdulla,Punjab Kings,0,6,11.0,1,16.67,1,16.67,0.02120649787752182,0.37989852734710894,0.2804746638163559,0.23520543861612192,-0.23500776363972203,0.7454751598930853,middle,,,,
2017,Iqbal Abdulla,Royal Challengers Bengaluru,2,12,12.5,3,25.0,3,25.0,0.2123244927959608,0.4240891193535307,0.3545879732546412,0.3145971571584249,0.022672404255824008,1.0031553277886314,middle,,,,
2017,J Yadav,Delhi Capitals,0,12,6.5,4,33.33,1,8.33,0.02120649787752182,0.2473267513278435,0.42870128269292646,0.1557184118882939,-0.06858495181577294,0.9118979717170344,middle,,,,
2017,JD Unadkat,Lucknow Super Giants,1,30,6.2,13,43.33,4,13.33,0.11676549533674131,0.23848863292655917,0.5176728426428487,0.20337250465078072,0.09898468852656309,1.0794676120593705,middle,JD Unadkat,2017.0,4679400.6288,2.115328358878881
2017,JD Unadkat,Royal Challengers Bengaluru,1,6,5.0,2,33.33,0,0.0,0.11676549533674131,0.2031361593214217,0.42870128269292646,0.07632669334599092,0.12598436168665433,1.1064672852194617,middle,JD Unadkat,2017.0,4679400.6288,2.6923183475949175
2017,JJ Bumrah,Gujarat Titans,0,6,8.0,2,33.33,1,16.67,0.02120649787752182,0.2915173433342653,0.42870128269292646,0.23520543861612192,-0.119834830766476,0.8606480927663314,middle,,,,
2017,JJ Bumrah,Lucknow Super Giants,0,6,8.0,1,16.67,1,16.67,0.02120649787752182,0.2915173433342653,0.2804746638163559,0.23520543861612192,-0.16430281642944716,0.8161801071033601,middle,,,,
2017,JJ Bumrah,Mumbai Indians,4,66,6.91,20,30.3,6,9.09,0.4034424877143997,0.25940551314293214,0.4017429000281,0.16296183398819192,0.48556982426804557,1.466052747800853,middle,,,,
2017,JJ Bumrah,Punjab Kings,0,12,8.5,3,25.0,2,16.67,0.02120649787752182,0.30624754066973925,0.3545879732546412,0.23520543861612192,-0.15385298146634072,0.8266299420664666,middle,,,,
2017,JJ Bumrah,Royal Challengers Bengaluru,0,12,11.0,3,25.0,3,25.0,0.02120649787752182,0.37989852734710894,0.3545879732546412,0.3145971571584249,-0.22865211451669704,0.7518308090161103,middle,,,,
2017,JP Faulkner,Delhi Capitals,0,6,24.0,0,0.0,4,66.67,0.02120649787752182,0.7628836580694314,0.13215907337983543,0.71174636624099,-0.6811987308735099,0.2992841926592974,middle,,,,
2017,JP Faulkner,Gujarat Titans,4,42,7.57,14,33.33,7,16.67,0.4034424877143997,0.27884937362575773,0.42870128269292646,0.23520543861612192,0.46365352975564694,1.4441364532884542,middle,,,,
2017,JP Faulkner,Lucknow Super Giants,0,6,12.0,0,0.0,1,16.67,0.02120649787752182,0.4093589220180568,0.13215907337983543,0.23520543861612192,-0.30307075650743653,0.6774121670253708,middle,,,,
2017,JP Faulkner,Punjab Kings,0,12,9.5,1,8.33,2,16.67,0.02120649787752182,0.3357079353406871,0.20627238281812071,0.23520543861612192,-0.22191597433405516,0.7585669491987521,middle,,,,
2017,JP Faulkner,Royal Challengers Bengaluru,0,6,11.0,1,16.67,2,33.33,0.02120649787752182,0.37989852734710894,0.2804746638163559,0.3939888757007279,-0.26676445105664326,0.713718472476164,middle,,,,
2017,K Rabada,Delhi Capitals,2,18,5.0,9,50.0,1,5.56,0.2123244927959608,0.2031361593214217,0.5770168731294469,0.1293180444978762,0.3032192647760627,1.28370218830887,middle,K Rabada,2017.0,77990010.48,0.3887924400956725
2017,KA Pollard,Lucknow Super Giants,0,6,15.0,0,0.0,2,33.33,0.02120649787752182,0.4977401060309004,0.13215907337983543,0.3939888757007279,-0.4055323911346326,0.5749505323981747,middle,,,,
2017,KC Cariappa,Delhi Capitals,0,12,8.5,4,33.33,3,25.0,0.02120649787752182,0.30624754066973925,0.42870128269292646,0.3145971571584249,-0.14749733234331575,0.8329855911894916,middle,,,,
2017,KC Cariappa,Gujarat Titans,2,12,4.5,4,33.33,0,0.0,0.2123244927959608,0.18840596198594775,0.42870128269292646,0.07632669334599092,0.28110701574386276,1.26158993927667,middle,,,,
2017,KC Cariappa,Punjab Kings,1,30,9.2,5,16.67,4,13.33,0.11676549533674131,0.3268698169394027,0.2804746638163559,0.20337250465078072,-0.042879712331659575,0.9376032112011478,middle,,,,
2017,KH Pandya,Gujarat Titans,3,18,4.0,12,66.67,1,5.56,0.30788349025518025,0.17367576465047382,0.7253324635659673,0.1293180444978762,0.5146207538326062,1.4951036773654134,middle,,,,
2017,KH Pandya,Lucknow Super Giants,0,12,10.5,2,16.67,2,16.67,0.02120649787752182,0.36516833001163496,0.2804746638163559,0.23520543861612192,-0.22322360577134287,0.7572593177614644,middle,,,,
2017,KH Pandya,Mumbai Indians,3,126,7.86,30,23.81,17,13.49,0.30788349025518025,0.2873928880803326,0.3440003576206004,0.2048974356191803,0.2941315450808484,1.2746144686136556,middle,,,,
2017,KH Pandya,Punjab Kings,1,18,8.33,3,16.67,2,11.11,0.11676549533674131,0.30123927357567815,0.2804746638163559,0.1822140874642366,-0.018143594203371124,0.9623393293294362,middle,,,,
2017,KH Pandya,Royal Challengers Bengaluru,0,18,6.67,6,33.33,2,11.11,0.02120649787752182,0.25233501842190464,0.42870128269292646,0.1822140874642366,-0.07789070060621038,0.9025922229265969,middle,,,,
2017,Kuldeep Yadav,Delhi Capitals,0,12,10.0,2,16.67,2,16.67,0.02120649787752182,0.3504381326761611,0.2804746638163559,0.23520543861612192,-0.21143944790296376,0.7690434756298435,middle,,,,
2017,Kuldeep Yadav,Gujarat Titans,2,18,4.33,6,33.33,0,0.0,0.2123244927959608,0.18339769489188662,0.42870128269292646,0.07632669334599092,0.28511362941911167,1.2655965529519189,middle,,,,
2017,Kuldeep Yadav,Kolkata Knight Riders,3,114,8.47,33,28.95,18,15.79,0.30788349025518025,0.3053637288296108,0.3897317394348605,0.22681831828992421,0.289090110491555,1.2695730340243623,middle,,,,
2017,Kuldeep Yadav,Lucknow Super Giants,0,18,8.67,6,33.33,3,16.67,0.02120649787752182,0.3112558077638004,0.42870128269292646,0.23520543861612192,-0.13562560231010407,0.8448573212227033,middle,,,,
2017,Kuldeep Yadav,Punjab Kings,1,12,10.5,3,25.0,2,16.67,0.11676549533674131,0.36516833001163496,0.3545879732546412,0.23520543861612192,-0.05765111675102804,0.9228318067817792,middle,,,,
2017,KV Sharma,Delhi Capitals,3,22,3.27,13,59.09,0,0.0,0.30788349025518025,0.15216967654068186,0.6578920211239263,0.07632669334599092,0.5221917618182046,1.5026746853510118,middle,KV Sharma,2017.0,49913606.707200006,1.0461912016926616
2017,KV Sharma,Mumbai Indians,4,84,7.86,31,36.9,12,14.29,0.4034424877143997,0.2873928880803326,0.46046412959504873,0.21252209046117818,0.4708842418936125,1.4513671654264197,middle,KV Sharma,2017.0,49913606.707200006,0.9433985499302493
2017,LH Ferguson,Gujarat Titans,0,6,2.0,4,66.67,0,0.0,0.02120649787752182,0.11475497530857806,0.7253324635659673,0.07632669334599092,0.14234016697001226,1.1228230905028196,middle,LH Ferguson,2017.0,7799001.048,1.8251076784572864
2017,LH Ferguson,Lucknow Super Giants,2,24,3.5,15,62.5,0,0.0,0.2123244927959608,0.15894556731499987,0.6882313230668498,0.07632669334599092,0.3825343435927981,1.3630172671256053,middle,LH Ferguson,2017.0,7799001.048,4.9049146325079205
2017,MC Henriques,Delhi Capitals,0,6,16.0,0,0.0,3,50.0,0.02120649787752182,0.5272005007018483,0.13215907337983543,0.552867620970859,-0.46087645592541715,0.5196064676073902,middle,,,,
2017,MC Henriques,Gujarat Titans,0,6,12.0,1,16.67,2,33.33,0.02120649787752182,0.4093589220180568,0.2804746638163559,0.3939888757007279,-0.2903327667934016,0.6901501567394057,middle,,,,
2017,MC Henriques,Lucknow Super Giants,0,6,4.0,2,33.33,0,0.0,0.02120649787752182,0.17367576465047382,0.42870128269292646,0.07632669334599092,0.006214181234583423,0.9866971047673907,middle,,,,
2017,MC Henriques,Punjab Kings,0,12,15.5,1,8.33,6,50.0,0.02120649787752182,0.5124703033663743,0.20627238281812071,0.552867620970859,-0.42685830522555235,0.553624618307255,middle,,,,
2017,MC Henriques,Sunrisers Hyderabad,1,84,9.86,15,17.86,15,17.86,0.11676549533674131,0.34631367742222835,0.29106227945039664,0.24654711269359372,-0.06389343763627045,0.9165894858965369,middle,,,,
2017,MG Johnson,Mumbai Indians,1,42,6.29,18,42.86,5,11.9,0.11676549533674131,0.24114006844694447,0.5134911793252024,0.1897434341207095,0.09833485522097521,1.0788177787537825,middle,MG Johnson,2017.0,31196004.192,0.31521618799561674
2017,MJ Henry,Punjab Kings,0,6,27.0,0,0.0,4,66.67,0.02120649787752182,0.8512648420822749,0.13215907337983543,0.71174636624099,-0.7519036780837847,0.22857924544902264,middle,MJ Henry,2017.0,7799001.048,-9.641025478213074
2017,MJ McClenaghan,Lucknow Super Giants,0,6,9.0,3,50.0,2,33.33,0.02120649787752182,0.3209777380052132,0.5770168731294469,0.3939888757007279,-0.13066515678919932,0.849817766743608,middle,,,,
2017,MJ McClenaghan,Mumbai Indians,2,66,9.27,17,25.76,11,16.67,0.2123244927959608,0.3289320445663691,0.36134981181083525,0.23520543861612192,0.11670495936087213,1.0971878828936794,middle,,,,
2017,MJ McClenaghan,Punjab Kings,0,6,28.0,1,16.67,4,66.67,0.02120649787752182,0.8807252367532228,0.2804746638163559,0.71174636624099,-0.7309773166895869,0.24950560684322043,middle,,,,
2017,MJ McClenaghan,Royal Challengers Bengaluru,1,6,4.0,3,50.0,0,0.0,0.11676549533674131,0.17367576465047382,0.5770168731294469,0.07632669334599092,0.1940473545543688,1.174530278087176,middle,,,,
2017,MM Patel,Gujarat Titans,1,30,9.2,7,23.33,6,20.0,0.11676549533674131,0.3268698169394027,0.33972972274300417,0.2669430643959381,-0.03781730660269657,0.9426656169301108,middle,MM Patel,2017.0,4679400.6288,-0.8081656092864731
2017,MM Sharma,Delhi Capitals,1,6,7.0,2,33.33,1,16.67,0.11676549533674131,0.26205694866331747,0.42870128269292646,0.23520543861612192,0.047071981159111535,1.0275549046919188,middle,,,,
2017,MM Sharma,Gujarat Titans,0,6,7.0,0,0.0,0,0.0,0.02120649787752182,0.26205694866331747,0.13215907337983543,0.07632669334599092,-0.1534534287696188,0.8270294947631885,middle,,,,
2017,MM Sharma,Punjab Kings,3,57,8.32,16,28.07,10,17.54,0.30788349025518025,0.30094466962896865,0.3819022421592673,0.2434972507567946,0.28694072217601674,1.2674236457088242,middle,,,,
2017,MM Sharma,Royal Challengers Bengaluru,1,12,7.5,5,41.67,2,16.67,0.11676549533674131,0.27678714599879134,0.5029035636911616,0.23520543861612192,0.05754850759020299,1.0380314311230103,middle,,,,
2017,MN Samuels,Delhi Capitals,0,18,11.33,5,27.78,4,22.22,0.02120649787752182,0.38962045758852176,0.37932206692071957,0.2881014815824823,-0.22371029549481525,0.7567726280379921,middle,,,,
2017,Mohammad Nabi,Gujarat Titans,0,6,3.0,3,50.0,0,0.0,0.02120649787752182,0.14421536997952594,0.5770168731294469,0.07632669334599092,0.07427717410229787,1.0547600976351053,middle,Mohammad Nabi,2017.0,4679400.6288,1.587322394350016
2017,Mohammad Nabi,Sunrisers Hyderabad,1,24,5.25,12,50.0,2,8.33,0.11676549533674131,0.21050125798915864,0.5770168731294469,0.1557184118882939,0.14870861617496034,1.1291915397077676,middle,Mohammad Nabi,2017.0,4679400.6288,3.177941535069966
2017,Mohammed Shami,Delhi Capitals,2,60,9.5,19,31.67,13,21.67,0.2123244927959608,0.3357079353406871,0.4139320037412394,0.2828595313786087,0.11752808576804157,1.0980110093008488,middle,,,,
2017,Mohammed Shami,Gujarat Titans,0,6,11.0,1,16.67,1,16.67,0.02120649787752182,0.37989852734710894,0.2804746638163559,0.23520543861612192,-0.23500776363972203,0.7454751598930853,middle,,,,
2017,Mohammed Siraj,Delhi Capitals,1,6,8.0,3,50.0,1,16.67,0.11676549533674131,0.2915173433342653,0.5770168731294469,0.23520543861612192,0.06799834255330939,1.0484812660861167,middle,,,,
2017,Mohammed Siraj,Gujarat Titans,2,6,2.0,4,66.67,0,0.0,0.2123244927959608,0.11475497530857806,0.7253324635659673,0.07632669334599092,0.42901715934767076,1.409500082880478,middle,,,,
2017,Mohammed Siraj,Lucknow Super Giants,0,12,6.5,3,25.0,1,8.33,0.02120649787752182,0.2473267513278435,0.3545879732546412,0.1557184118882939,-0.09081894464725851,0.8896639788855488,middle,,,,
2017,Mohammed Siraj,Sunrisers Hyderabad,2,24,6.5,9,37.5,2,8.33,0.2123244927959608,0.2473267513278435,0.465802423192044,0.1557184118882939,0.22922238271162082,1.209705306244428,middle,,,,
2017,MP Stoinis,Gujarat Titans,0,6,12.0,0,0.0,1,16.67,0.02120649787752182,0.4093589220180568,0.13215907337983543,0.23520543861612192,-0.30307075650743653,0.6774121670253708,middle,,,,
2017,MP Stoinis,Punjab Kings,1,42,8.86,7,16.67,6,14.29,0.11676549533674131,0.31685328275128044,0.2804746638163559,0.21252209046117818,-0.036696402143241255,0.9437865213895661,middle,,,,
2017,MS Gony,Gujarat Titans,0,6,15.0,2,33.33,3,50.0,0.02120649787752182,0.4977401060309004,0.42870128269292646,0.552867620970859,-0.3483454773947315,0.6321374461380758,middle,MS Gony,2017.0,9358801.2576,-3.7221164100674824
2017,Mustafizur Rahman,Sunrisers Hyderabad,0,6,11.0,1,16.67,1,16.67,0.02120649787752182,0.37989852734710894,0.2804746638163559,0.23520543861612192,-0.23500776363972203,0.7454751598930853,middle,,,,
2017,NM Coulter-Nile,Delhi Capitals,1,6,1.0,5,83.33,0,0.0,0.11676549533674131,0.0852945806376302,0.873559082442538,0.07632669334599092,0.35371496455857104,1.3341978880913783,middle,NM Coulter-Nile,2017.0,54593007.336,0.647912584081666
2017,NM Coulter-Nile,Kolkata Knight Riders,5,48,6.5,19,39.58,5,10.42,0.4990014851736192,0.2473267513278435,0.48430850766162786,0.17563782266301342,0.6608058144640396,1.641288737996847,middle,NM Coulter-Nile,2017.0,54593007.336,1.210422079144718
2017,P Kumar,Gujarat Titans,0,6,6.0,0,0.0,0,0.0,0.02120649787752182,0.23259655399236956,0.13215907337983543,0.07632669334599092,-0.12988511303286046,0.8505978104999469,middle,,,,
2017,P Negi,Gujarat Titans,1,12,4.5,9,75.0,1,8.33,0.11676549533674131,0.18840596198594775,0.7994457730042526,0.1557184118882939,0.23311352293997073,1.213596446472778,middle,P Negi,2017.0,15598002.096,1.4945088576424224
2017,P Negi,Lucknow Super Giants,1,18,3.33,12,66.67,1,5.56,0.11676549533674131,0.15393730022093874,0.7253324635659673,0.1293180444978762,0.2437345329985759,1.2242174565313833,middle,P Negi,2017.0,15598002.096,1.5626009760639787
2017,P Negi,Punjab Kings,0,6,8.0,1,16.67,1,16.67,0.02120649787752182,0.2915173433342653,0.2804746638163559,0.23520543861612192,-0.16430281642944716,0.8161801071033601,middle,P Negi,2017.0,15598002.096,-1.0533580866204748
2017,P Negi,Royal Challengers Bengaluru,6,103,7.46,34,33.01,11,10.68,0.5945604826328387,0.2756087302119535,0.4258541927745289,0.1781158354866627,0.7634868305147213,1.7439697540475287,middle,P Negi,2017.0,15598002.096,4.894773226825711
2017,PJ Cummins,Delhi Capitals,3,96,7.5,30,31.25,11,11.46,0.30788349025518025,0.27678714599879134,0.4101951982233426,0.18554987395761063,0.3263441032592179,1.3068270267920252,middle,PJ Cummins,2017.0,70191009.43200001,0.46493718483330143
2017,PJ Cummins,Gujarat Titans,0,6,5.0,1,16.67,0,0.0,0.02120649787752182,0.2031361593214217,0.2804746638163559,0.07632669334599092,-0.06182212016514607,0.9186608033676612,middle,PJ Cummins,2017.0,70191009.43200001,-0.08807697832731472
2017,PJ Cummins,Lucknow Super Giants,1,12,9.0,4,33.33,2,16.67,0.11676549533674131,0.3209777380052132,0.42870128269292646,0.23520543861612192,-6.465031440503616e-05,0.9804182732184022,middle,PJ Cummins,2017.0,70191009.43200001,-9.210626108414698e-05
2017,PJ Cummins,Royal Challengers Bengaluru,0,6,8.0,1,16.67,1,16.67,0.02120649787752182,0.2915173433342653,0.2804746638163559,0.23520543861612192,-0.16430281642944716,0.8161801071033601,middle,PJ Cummins,2017.0,70191009.43200001,-0.23407957480454994
2017,PJ Sangwan,Delhi Capitals,0,6,7.0,4,66.67,1,16.67,0.02120649787752182,0.26205694866331747,0.7253324635659673,0.23520543861612192,-0.00727716076780547,0.9732057627650018,middle,,,,
2017,PJ Sangwan,Gujarat Titans,0,12,13.5,4,33.33,6,50.0,0.02120649787752182,0.4535495140244786,0.42870128269292646,0.552867620970859,-0.312993003789594,0.6674899197432134,middle,,,,
2017,PP Chawla,Gujarat Titans,0,6,7.0,1,16.67,0,0.0,0.02120649787752182,0.26205694866331747,0.2804746638163559,0.07632669334599092,-0.10895875163866267,0.8715241718941447,middle,,,,
2017,PP Chawla,Kolkata Knight Riders,1,42,12.29,10,23.81,14,33.33,0.11676549533674131,0.4179024364726317,0.3440003576206004,0.3939888757007279,-0.13477137402695888,0.8457115495058485,middle,,,,
2017,PP Chawla,Lucknow Super Giants,1,24,9.0,6,25.0,4,16.67,0.11676549533674131,0.3209777380052132,0.3545879732546412,0.23520543861612192,-0.022298643145890605,0.9581842803869167,middle,,,,
2017,PP Chawla,Royal Challengers Bengaluru,0,12,6.5,1,8.33,0,0.0,0.02120649787752182,0.2473267513278435,0.20627238281812071,0.07632669334599092,-0.11943527806975406,0.8610476454630532,middle,,,,
2017,R Bhatia,Lucknow Super Giants,2,30,7.0,6,20.0,2,6.67,0.2123244927959608,0.26205694866331747,0.31010219327967997,0.13989725309114828,0.1738923876289616,1.154375311161769,middle,,,,
2017,R Bhatia,Punjab Kings,0,12,10.0,3,25.0,2,16.67,0.02120649787752182,0.3504381326761611,0.3545879732546412,0.23520543861612192,-0.18920545507147815,0.7912774684613292,middle,,,,
2017,R Tewatia,Lucknow Super Giants,0,12,4.0,5,41.67,0,0.0,0.02120649787752182,0.17367576465047382,0.5029035636911616,0.07632669334599092,0.028474865534053984,1.0089577890668613,middle,R Tewatia,2017.0,3899500.524,0.7302182768998643
2017,R Tewatia,Punjab Kings,3,36,6.17,13,36.11,3,8.33,0.30788349025518025,0.2376048210864307,0.4534353763590048,0.1557184118882939,0.37662830904366845,1.3571112325764758,middle,R Tewatia,2017.0,3899500.524,9.658373084595294
2017,R Vinay Kumar,Mumbai Indians,1,12,10.5,3,25.0,3,25.0,0.11676549533674131,0.36516833001163496,0.3545879732546412,0.3145971571584249,-0.07352946045948863,0.9069534630733187,middle,,,,
2017,RA Jadeja,Delhi Capitals,1,12,14.0,4,33.33,4,33.33,0.11676549533674131,0.4682797113599526,0.42870128269292646,0.3939888757007279,-0.1496629164151178,0.8308200071176894,middle,,,,
2017,RA Jadeja,Gujarat Titans,2,120,9.25,30,25.0,24,20.0,0.2123244927959608,0.32834283667295017,0.3545879732546412,0.2669430643959381,0.10880024895278582,1.0892831724855931,middle,,,,
2017,RA Jadeja,Lucknow Super Giants,0,12,9.5,7,58.33,3,25.0,0.02120649787752182,0.3357079353406871,0.6511301825677321,0.3145971571584249,-0.10433697811763233,0.876145945415175,middle,,,,
2017,RA Jadeja,Punjab Kings,0,6,9.0,1,16.67,1,16.67,0.02120649787752182,0.3209777380052132,0.2804746638163559,0.23520543861612192,-0.18787113216620543,0.7926117913666019,middle,,,,
2017,RA Jadeja,Royal Challengers Bengaluru,2,18,6.33,7,38.89,2,11.11,0.2123244927959608,0.24231848423378238,0.47816947002508325,0.1822140874642366,0.23163997532159292,1.2121228988544002,middle,,,,
2017,RA Tripathi,Lucknow Super Giants,0,6,12.0,0,0.0,2,33.33,0.02120649787752182,0.4093589220180568,0.13215907337983543,0.3939888757007279,-0.3348274439243577,0.6456554796084496,middle,RA Tripathi,2017.0,1559800.2096000002,-21.466046860592606
2017,Rashid Khan,Delhi Capitals,0,18,5.67,6,33.33,1,5.56,0.02120649787752182,0.2228746237509568,0.42870128269292646,0.1293180444978762,-0.04374317627618003,0.9367397472566272,middle,Rashid Khan,2017.0,62392008.384,-0.07011022310254347
2017,Rashid Khan,Gujarat Titans,3,24,8.5,10,41.67,5,20.83,0.30788349025518025,0.30624754066973925,0.5029035636911616,0.2748536437945109,0.3127275431954253,1.2932104667282327,middle,Rashid Khan,2017.0,62392008.384,0.5012301275360485
2017,Rashid Khan,Lucknow Super Giants,1,18,4.67,7,38.89,1,5.56,0.11676549533674131,0.19341422908000888,0.47816947002508325,0.1293180444978762,0.1380040918490546,1.118487015381862,middle,Rashid Khan,2017.0,62392008.384,0.22118873141523165
2017,Rashid Khan,Punjab Kings,1,24,4.5,12,50.0,2,8.33,0.11676549533674131,0.18840596198594775,0.5770168731294469,0.1557184118882939,0.16638485297752903,1.1468677765103363,middle,Rashid Khan,2017.0,62392008.384,0.26667654606258395
2017,Rashid Khan,Sunrisers Hyderabad,7,144,7.71,45,31.25,19,13.19,0.6901194800920581,0.28297382887969047,0.4101951982233426,0.20203819005343107,0.8914510784906514,1.8719340020234587,middle,Rashid Khan,2017.0,62392008.384,1.4287904838775118
2017,RD Chahar,Gujarat Titans,1,12,8.0,5,41.67,2,16.67,0.11676549533674131,0.2915173433342653,0.5029035636911616,0.23520543861612192,0.0457643497218238,1.026247273254631,middle,RD Chahar,2017.0,1559800.2096000002,2.933987919745167
2017,RD Chahar,Punjab Kings,1,18,10.33,4,22.22,3,16.67,0.11676549533674131,0.36016006291757385,0.32985387958856277,0.23520543861612192,-0.06106473117560266,0.9194181923572047,middle,RD Chahar,2017.0,1559800.2096000002,-3.914907229770298
2017,S Aravind,Gujarat Titans,1,6,3.0,3,50.0,0,0.0,0.11676549533674131,0.14421536997952594,0.5770168731294469,0.07632669334599092,0.2176156702911271,1.1980985938239344,middle,,,,
2017,S Aravind,Lucknow Super Giants,0,6,4.0,2,33.33,0,0.0,0.02120649787752182,0.17367576465047382,0.42870128269292646,0.07632669334599092,0.006214181234583423,0.9866971047673907,middle,,,,
2017,S Aravind,Royal Challengers Bengaluru,0,36,8.83,9,25.0,6,16.67,0.02120649787752182,0.315969470911152,0.3545879732546412,0.23520543861612192,-0.16163052565947095,0.8188523978733364,middle,,,,
2017,S Badree,Lucknow Super Giants,0,12,10.0,3,25.0,3,25.0,0.02120649787752182,0.3504381326761611,0.3545879732546412,0.3145971571584249,-0.20508379877993876,0.7753991247528685,middle,,,,
2017,S Badree,Royal Challengers Bengaluru,2,54,6.33,20,37.04,6,11.11,0.2123244927959608,0.24231848423378238,0.4617097314343476,0.1822140874642366,0.22670205374437224,1.2071849772771794,middle,,,,
2017,S Kaul,Delhi Capitals,1,12,7.5,5,41.67,1,8.33,0.11676549533674131,0.27678714599879134,0.5029035636911616,0.1557184118882939,0.07344591293576859,1.053928836468576,middle,,,,
2017,S Kaul,Gujarat Titans,0,6,3.0,3,50.0,0,0.0,0.02120649787752182,0.14421536997952594,0.5770168731294469,0.07632669334599092,0.07427717410229787,1.0547600976351053,middle,,,,
2017,S Kaul,Lucknow Super Giants,0,6,14.0,0,0.0,2,33.33,0.02120649787752182,0.4682797113599526,0.13215907337983543,0.3939888757007279,-0.38196407539787436,0.598518848134933,middle,,,,
2017,S Kaul,Punjab Kings,1,12,11.0,2,16.67,3,25.0,0.11676549533674131,0.37989852734710894,0.2804746638163559,0.3145971571584249,-0.10754761115935339,0.8729353123734539,middle,,,,
2017,S Kaul,Sunrisers Hyderabad,2,36,5.5,13,36.11,2,5.56,0.2123244927959608,0.21786635665689563,0.4534353763590048,0.1293180444978762,0.2543606578765509,1.2348435814093581,middle,,,,
2017,S Kaushik,Gujarat Titans,0,42,9.0,11,26.19,7,16.67,0.02120649787752182,0.3209777380052132,0.3651755888886819,0.23520543861612192,-0.16246085464450763,0.8180220688882996,middle,,,,
2017,S Nadeem,Delhi Capitals,2,30,7.4,13,43.33,5,16.67,0.2123244927959608,0.27384110653169663,0.5176728426428487,0.23520543861612192,0.20767461903821413,1.1881575425710214,middle,,,,
2017,S Nadeem,Lucknow Super Giants,0,12,5.5,6,50.0,1,8.33,0.02120649787752182,0.21786635665689563,0.5770168731294469,0.1557184118882939,-0.0005219589480584957,0.9799609645847488,middle,,,,
2017,S Nadeem,Royal Challengers Bengaluru,1,12,3.5,5,41.67,0,0.0,0.11676549533674131,0.15894556731499987,0.5029035636911616,0.07632669334599092,0.1835975195912624,1.1640804431240697,middle,,,,
2017,Sandeep Sharma,Punjab Kings,1,30,9.0,7,23.33,4,13.33,0.11676549533674131,0.3209777380052132,0.33972972274300417,0.20337250465078072,-0.02038953150631348,0.9600933920264938,middle,,,,
2017,SB Jakati,Gujarat Titans,0,24,10.0,2,8.33,2,8.33,0.02120649787752182,0.3504381326761611,0.20627238281812071,0.1557184118882939,-0.21780272685686874,0.7626801966759386,middle,,,,
2017,SK Raina,Delhi Capitals,0,6,14.0,2,33.33,2,33.33,0.02120649787752182,0.4682797113599526,0.42870128269292646,0.3939888757007279,-0.2930014126039471,0.6874815109288602,middle,,,,
2017,SK Raina,Gujarat Titans,0,18,7.0,4,22.22,2,11.11,0.02120649787752182,0.26205694866331747,0.32985387958856277,0.1822140874642366,-0.11532246573064973,0.8651604578021576,middle,,,,
2017,SL Malinga,Gujarat Titans,0,12,9.0,3,25.0,1,8.33,0.02120649787752182,0.3209777380052132,0.3545879732546412,0.1557184118882939,-0.14973973398915424,0.830743189543653,middle,,,,
2017,SL Malinga,Mumbai Indians,2,66,7.82,19,28.79,8,12.12,0.2123244927959608,0.28621447229349467,0.3883081944756617,0.1918402142022589,0.16763957686139222,1.1481225003941995,middle,,,,
2017,SL Malinga,Punjab Kings,0,12,16.5,2,16.67,6,50.0,0.02120649787752182,0.5419306980373222,0.2804746638163559,0.552867620970859,-0.4281659366628401,0.5523169868699672,middle,,,,
2017,SN Thakur,Delhi Capitals,0,6,16.0,2,33.33,2,33.33,0.02120649787752182,0.5272005007018483,0.42870128269292646,0.3939888757007279,-0.34013804407746356,0.6403448794553437,middle,,,,
2017,SN Thakur,Gujarat Titans,1,6,3.0,4,66.67,0,0.0,0.11676549533674131,0.14421536997952594,0.7253324635659673,0.07632669334599092,0.2621103474220832,1.2425932709548906,middle,,,,
2017,SN Thakur,Lucknow Super Giants,3,78,7.77,29,37.18,13,16.67,0.30788349025518025,0.2847414525599473,0.4629553332736466,0.23520543861612192,0.3258775855936821,1.3063605091264894,middle,,,,
2017,SN Thakur,Royal Challengers Bengaluru,0,6,4.0,3,50.0,0,0.0,0.02120649787752182,0.17367576465047382,0.5770168731294469,0.07632669334599092,0.050708858365539566,1.031191781898347,middle,,,,
2017,SP Narine,Delhi Capitals,0,6,5.0,1,16.67,0,0.0,0.02120649787752182,0.2031361593214217,0.2804746638163559,0.07632669334599092,-0.06182212016514607,0.9186608033676612,middle,,,,
2017,SP Narine,Gujarat Titans,0,12,8.0,2,16.67,2,16.67,0.02120649787752182,0.2915173433342653,0.2804746638163559,0.23520543861612192,-0.16430281642944716,0.8161801071033601,middle,,,,
2017,SP Narine,Kolkata Knight Riders,4,144,6.67,53,36.81,19,13.19,0.4034424877143997,0.25233501842190464,0.4596633855554994,0.20203819005343107,0.5007870944900396,1.4812700180228469,middle,,,,
2017,SP Narine,Lucknow Super Giants,1,6,7.0,2,33.33,1,16.67,0.11676549533674131,0.26205694866331747,0.42870128269292646,0.23520543861612192,0.047071981159111535,1.0275549046919188,middle,,,,
2017,SP Narine,Punjab Kings,0,6,10.0,0,0.0,1,16.67,0.02120649787752182,0.3504381326761611,0.13215907337983543,0.23520543861612192,-0.25593412503391993,0.7245487984988874,middle,,,,
2017,SP Narine,Royal Challengers Bengaluru,1,12,7.5,3,25.0,1,8.33,0.11676549533674131,0.27678714599879134,0.3545879732546412,0.1557184118882939,0.02895123580481246,1.0094341593376197,middle,,,,
2017,SR Watson,Delhi Capitals,0,18,4.67,7,38.89,1,5.56,0.02120649787752182,0.19341422908000888,0.47816947002508325,0.1293180444978762,-0.005334404339774654,0.9751485191930327,middle,,,,
2017,SR Watson,Gujarat Titans,0,12,12.0,1,8.33,3,25.0,0.02120649787752182,0.4093589220180568,0.20627238281812071,0.3145971571584249,-0.29671510738441154,0.6837678161483958,middle,,,,
2017,SR Watson,Punjab Kings,0,6,12.0,0,0.0,2,33.33,0.02120649787752182,0.4093589220180568,0.13215907337983543,0.3939888757007279,-0.3348274439243577,0.6456554796084496,middle,,,,
2017,SR Watson,Royal Challengers Bengaluru,1,42,7.29,12,28.57,5,11.9,0.11676549533674131,0.2706004631178923,0.3863508201567634,0.1897434341207095,0.03662443173368522,1.0171073552664924,middle,,,,
2017,SS Agarwal,Gujarat Titans,1,18,10.33,6,33.33,4,22.22,0.11676549533674131,0.36016006291757385,0.42870128269292646,0.2881014815824823,-0.04198971883756564,0.9384932046952417,middle,SS Agarwal,2017.0,1559800.2096000002,-2.691993409100362
2017,STR Binny,Lucknow Super Giants,1,12,8.5,2,16.67,2,16.67,0.11676549533674131,0.30624754066973925,0.2804746638163559,0.23520543861612192,-0.032748478108997066,0.9477344454238102,middle,,,,
2017,STR Binny,Royal Challengers Bengaluru,1,12,10.5,1,8.33,2,16.67,0.11676549533674131,0.36516833001163496,0.20627238281812071,0.23520543861612192,-0.10214579388198419,0.8783371296508231,middle,,,,
2017,Swapnil Singh,Punjab Kings,1,36,9.17,6,16.67,4,11.11,0.11676549533674131,0.3259860050992743,0.2804746638163559,0.1822140874642366,-0.03794097942224804,0.9425419441105592,middle,,,,
2017,T Natarajan,Gujarat Titans,0,6,5.0,1,16.67,0,0.0,0.02120649787752182,0.2031361593214217,0.2804746638163559,0.07632669334599092,-0.06182212016514607,0.9186608033676612,middle,,,,
2017,T Natarajan,Punjab Kings,1,30,11.0,5,16.67,7,23.33,0.11676549533674131,0.37989852734710894,0.2804746638163559,0.29868069017575427,-0.10436431776281926,0.876118605769988,middle,,,,
2017,TA Boult,Gujarat Titans,0,6,7.0,2,33.33,1,16.67,0.02120649787752182,0.26205694866331747,0.42870128269292646,0.23520543861612192,-0.0962665150297177,0.8842164085030896,middle,,,,
2017,Tejas Baroka,Gujarat Titans,0,15,10.0,2,13.33,2,13.33,0.02120649787752182,0.3504381326761611,0.2507581627930819,0.20337250465078072,-0.21398781141687773,0.7664951121159296,middle,,,,
2017,TG Southee,Lucknow Super Giants,1,12,7.0,4,33.33,1,8.33,0.11676549533674131,0.26205694866331747,0.42870128269292646,0.1557184118882939,0.06296938650467714,1.0434523100374844,middle,,,,
2017,TM Head,Delhi Capitals,2,12,12.5,2,16.67,3,25.0,0.2123244927959608,0.4240891193535307,0.2804746638163559,0.3145971571584249,0.0004384114243384113,0.9809213349571457,middle,,,,
2017,TM Head,Gujarat Titans,0,6,7.0,0,0.0,0,0.0,0.02120649787752182,0.26205694866331747,0.13215907337983543,0.07632669334599092,-0.1534534287696188,0.8270294947631885,middle,,,,
2017,TM Head,Royal Challengers Bengaluru,0,18,11.0,1,5.56,4,22.22,0.02120649787752182,0.37989852734710894,0.1816272607119922,0.2881014815824823,-0.2752411931643032,0.7052417303685041,middle,,,,
2017,TS Mills,Punjab Kings,0,6,12.0,2,33.33,2,33.33,0.02120649787752182,0.4093589220180568,0.42870128269292646,0.3939888757007279,-0.2458647811304304,0.7346181424023769,middle,TS Mills,2017.0,187176025.152,-0.13135484682441087
2017,TS Mills,Royal Challengers Bengaluru,0,24,8.5,6,25.0,5,20.83,0.02120649787752182,0.30624754066973925,0.3545879732546412,0.2748536437945109,-0.1617826225020185,0.8187003010307888,middle,TS Mills,2017.0,187176025.152,-0.08643341067353029
2017,UT Yadav,Delhi Capitals,1,12,5.0,5,41.67,1,8.33,0.11676549533674131,0.2031361593214217,0.5029035636911616,0.1557184118882939,0.13236670227766428,1.1128496258104716,middle,,,,
2017,UT Yadav,Kolkata Knight Riders,4,75,8.32,29,38.67,14,18.67,0.4034424877143997,0.30094466962896865,0.476212095706185,0.2542670757211166,0.4564182094360569,1.4369011329688641,middle,,,,
2017,VR Aaron,Delhi Capitals,2,18,10.67,8,44.44,5,27.78,0.2123244927959608,0.3701765971056961,0.5275486857972901,0.3410928327343676,0.11239150070169783,1.0928744242345052,middle,VR Aaron,2017.0,43674405.8688,0.2573395068941001
2017,VR Aaron,Punjab Kings,2,30,6.0,13,43.33,3,10.0,0.2123244927959608,0.23259655399236956,0.5176728426428487,0.1716348788709645,0.25338437301870725,1.2338672965515145,middle,VR Aaron,2017.0,43674405.8688,0.5801667314717137
2017,VR Aaron,Royal Challengers Bengaluru,0,12,9.5,5,41.67,3,25.0,0.02120649787752182,0.3357079353406871,0.5029035636911616,0.3145971571584249,-0.14880496378060348,0.8316779597522038,middle,VR Aaron,2017.0,43674405.8688,-0.34071434017355773
2017,Washington Sundar,Delhi Capitals,1,12,4.0,5,41.67,0,0.0,0.11676549533674131,0.17367576465047382,0.5029035636911616,0.07632669334599092,0.17181336172288322,1.1522962852556906,middle,,,,
2017,Washington Sundar,Lucknow Super Giants,3,48,5.63,20,41.67,4,8.33,0.30788349025518025,0.22169620796411885,0.5029035636911616,0.1557184118882939,0.40419565574116495,1.3846785792739722,middle,,,,
2017,YK Pathan,Gujarat Titans,0,6,15.0,1,16.67,2,33.33,0.02120649787752182,0.4977401060309004,0.2804746638163559,0.3939888757007279,-0.3610377140036764,0.619445209529131,middle,,,,
2017,YS Chahal,Delhi Capitals,0,6,9.0,2,33.33,1,16.67,0.02120649787752182,0.3209777380052132,0.42870128269292646,0.23520543861612192,-0.14340314650323427,0.837079777029573,middle,,,,
2017,YS Chahal,Gujarat Titans,1,6,5.0,2,33.33,0,0.0,0.11676549533674131,0.2031361593214217,0.42870128269292646,0.07632669334599092,0.12598436168665433,1.1064672852194617,middle,,,,
2017,YS Chahal,Lucknow Super Giants,0,6,13.0,1,16.67,1,16.67,0.02120649787752182,0.4388193166890047,0.2804746638163559,0.23520543861612192,-0.2821443951132387,0.6983385284195687,middle,,,,
2017,YS Chahal,Punjab Kings,1,15,9.6,6,40.0,3,20.0,0.11676549533674131,0.3386539748077819,0.4880453131795246,0.2669430643959381,-0.0027499557664438373,0.9777329677663634,middle,,,,
2017,YS Chahal,Royal Challengers Bengaluru,9,126,6.71,49,38.89,12,9.52,0.8812374750104971,0.25351343420874256,0.47816947002508325,0.16706008596576577,1.2290842889631235,2.209567212495931,middle,,,,
2017,Yuvraj Singh,Delhi Capitals,0,6,16.0,0,0.0,2,33.33,0.02120649787752182,0.5272005007018483,0.13215907337983543,0.3939888757007279,-0.4291007068713909,0.5513822166614164,middle,,,,
2017,Yuvraj Singh,Sunrisers Hyderabad,1,6,7.0,2,33.33,1,16.67,0.11676549533674131,0.26205694866331747,0.42870128269292646,0.23520543861612192,0.047071981159111535,1.0275549046919188,middle,,,,
2017,Z Khan,Delhi Capitals,0,54,9.33,6,11.11,10,18.52,0.02120649787752182,0.330699668246626,0.23100647648419909,0.252837452938242,-0.21401553542340676,0.7664673881094005,middle,,,,
2017,Z Khan,Gujarat Titans,0,6,14.0,1,16.67,2,33.33,0.02120649787752182,0.4682797113599526,0.2804746638163559,0.3939888757007279,-0.3374693982669182,0.6430135252658891,middle,,,,
2017,Z Khan,Lucknow Super Giants,1,6,6.0,4,66.67,1,16.67,0.11676549533674131,0.23259655399236956,0.7253324635659673,0.23520543861612192,0.1596296511577821,1.1401125746905894,middle,,,,
2017,Z Khan,Royal Challengers Bengaluru,1,12,6.5,4,33.33,1,8.33,0.11676549533674131,0.2473267513278435,0.42870128269292646,0.1557184118882939,0.0747535443730563,1.0552364679058637,middle,,,,
2018,A Dananjaya,Mumbai Indians,0,18,11.67,4,22.22,4,22.22,0.028214042327895317,0.405442073939533,0.310740454658308,0.2794019337275862,-0.2446908460078083,0.735792077524999,middle,A Dananjaya,2018.0,7461730.8149999995,-3.279277316141139
2018,A Mishra,Delhi Capitals,9,156,6.92,47,30.13,15,9.62,0.5581666441540557,0.24208667727195982,0.390414683843054,0.14726466685460265,0.7312520961955113,1.7117350197283185,middle,A Mishra,2018.0,59693846.519999996,1.2250041483765175
2018,A Mishra,Punjab Kings,0,24,8.25,7,29.17,2,8.33,0.028214042327895317,0.2878261883388803,0.38074499231115055,0.13373632762713056,-0.10046365501134222,0.8800192685214651,middle,A Mishra,2018.0,59693846.519999996,-0.16829817622438284
2018,AD Russell,Delhi Capitals,1,18,9.33,6,33.33,4,22.22,0.08709766475302425,0.32496804694961273,0.42264698894939867,0.2794019337275862,-0.05841423049085149,0.9220686930419558,middle,,,,
2018,AD Russell,Kolkata Knight Riders,3,42,9.14,13,30.95,8,19.05,0.20486490960328213,0.3184338310829098,0.3986742120265548,0.24615787531589114,0.1229209880833835,1.103403911616191,middle,,,,
2018,AD Russell,Royal Challengers Bengaluru,2,24,6.0,5,20.83,1,4.17,0.14598128717815317,0.21044731623318774,0.2967395471277395,0.09011005538970104,0.1216139308410612,1.1020968543738685,middle,,,,
2018,AJ Tye,Delhi Capitals,0,12,11.0,1,8.33,3,25.0,0.028214042327895317,0.382400365356949,0.17083210530608028,0.30855602911702223,-0.27406080302529656,0.7064221205075107,middle,AJ Tye,2018.0,107448923.73599999,-0.25506146873900654
2018,AJ Tye,Punjab Kings,6,108,7.28,24,22.22,10,9.26,0.3815157768786689,0.25446729680887065,0.310740454658308,0.14348931637251738,0.43322410099389574,1.413707024526703,middle,AJ Tye,2018.0,107448923.73599999,0.40319073093586244
2018,Anureet Singh,Rajasthan Royals,1,24,10.5,4,16.67,5,20.83,0.08709766475302425,0.3652050604445729,0.25483755048949136,0.2648248860328682,-0.13803126328584825,0.842451660246959,middle,,,,
2018,AR Patel,Delhi Capitals,0,6,9.0,1,16.67,1,16.67,0.028214042327895317,0.3136191457074445,0.25483755048949136,0.2211986137954387,-0.17636271068635298,0.8041202128464543,middle,,,,
2018,AR Patel,Punjab Kings,0,96,8.19,27,28.13,14,14.58,0.028214042327895317,0.28576275174939514,0.37026949315158847,0.19928060682999935,-0.11506441132819648,0.8654185122046109,middle,,,,
2018,AS Rajpoot,Punjab Kings,2,25,11.76,8,32.0,8,32.0,0.14598128717815317,0.4085372288237607,0.4092504371395742,0.3819656218242353,-0.061475845514753616,0.9190070780180537,middle,,,,
2018,Avesh Khan,Delhi Capitals,0,18,10.33,5,27.78,3,16.67,0.028214042327895317,0.35935865677436496,0.366744084780582,0.2211986137954387,-0.17938235925256216,0.8011005642802451,middle,,,,
2018,Avesh Khan,Punjab Kings,1,6,10.0,2,33.33,2,33.33,0.08709766475302425,0.34800975553219676,0.42264698894939867,0.3959134444386058,-0.10014989949912265,0.8803330240336846,middle,,,,
2018,B Kumar,Delhi Capitals,0,6,8.0,0,0.0,0,0.0,0.028214042327895317,0.2792285358826922,0.08692738607612654,0.046378912305546964,-0.16425933185258224,0.8162235916802251,middle,,,,
2018,B Kumar,Punjab Kings,0,6,8.0,0,0.0,0,0.0,0.028214042327895317,0.2792285358826922,0.08692738607612654,0.046378912305546964,-0.16425933185258224,0.8162235916802251,middle,,,,
2018,B Kumar,Sunrisers Hyderabad,0,30,10.2,11,36.67,7,23.33,0.028214042327895317,0.3548878774971472,0.45628945740414606,0.2910425977140157,-0.16291092082743414,0.8175720027053732,middle,,,,
2018,B Laughlin,Rajasthan Royals,3,49,8.08,15,30.61,8,16.33,0.20486490960328213,0.2819797846686724,0.39524952960900567,0.2176330050068026,0.1567617945513264,1.1372447180841336,middle,B Laughlin,2018.0,7461730.8149999995,2.100877107978686
2018,B Stanlake,Sunrisers Hyderabad,4,42,8.0,19,45.24,8,19.05,0.26374853202841103,0.2792285358826922,0.5426115995170756,0.24615787531589114,0.28579187412840723,1.2662747976612145,middle,,,,
2018,BA Stokes,Delhi Capitals,0,12,11.5,2,16.67,3,25.0,0.028214042327895317,0.39959567026932513,0.25483755048949136,0.30855602911702223,-0.2626154134001742,0.7178675101326331,middle,BA Stokes,2018.0,186543270.375,-0.1407798913743978
2018,BA Stokes,Rajasthan Royals,3,96,7.06,30,31.25,10,10.42,0.20486490960328213,0.24690136264742513,0.40169599063027467,0.15565433459256986,0.19915420455755148,1.1796371280903588,middle,BA Stokes,2018.0,186543270.375,0.10676032652220595
2018,Basil Thampi,Royal Challengers Bengaluru,0,18,17.0,2,11.11,8,44.44,0.028214042327895317,0.5887440243054625,0.19883392036721728,0.5124249551496254,-0.4715089708722869,0.5089739526605204,middle,Basil Thampi,2018.0,14177288.5485,-3.3258049962041154
2018,Basil Thampi,Sunrisers Hyderabad,2,12,3.5,6,50.0,0,0.0,0.14598128717815317,0.12447079167130709,0.5905571533627635,0.046378912305546964,0.28728666097790373,1.267769584510711,middle,Basil Thampi,2018.0,14177288.5485,2.0263864983427986
2018,BB Sran,Punjab Kings,0,30,12.6,13,43.33,8,26.67,0.028214042327895317,0.43742534107655257,0.523372942406726,0.32606946052002883,-0.2158212187513871,0.7646617047814201,middle,,,,
2018,BCJ Cutting,Delhi Capitals,0,18,7.33,4,22.22,2,11.11,0.028214042327895317,0.2561868273001082,0.310740454658308,0.1628904230165666,-0.10198434655406452,0.8784985769787428,middle,BCJ Cutting,2018.0,32831615.586,-0.31062847421237627
2018,BCJ Cutting,Mumbai Indians,1,36,9.33,13,36.11,10,27.78,0.08709766475302425,0.32496804694961273,0.45064880401053575,0.3377101245064583,-0.06167532412828479,0.9188075994045225,middle,BCJ Cutting,2018.0,32831615.586,-0.18785345474922127
2018,BCJ Cutting,Punjab Kings,1,12,8.5,4,33.33,2,16.67,0.08709766475302425,0.29642384079506834,0.42264698894939867,0.2211986137954387,-0.023938201580786495,0.9565447219520208,middle,BCJ Cutting,2018.0,32831615.586,-0.0729120427171247
2018,C de Grandhomme,Delhi Capitals,0,6,12.0,0,0.0,2,33.33,0.028214042327895317,0.4167909751817013,0.08692738607612654,0.3959134444386058,-0.3442161897184013,0.636266733814406,middle,C de Grandhomme,2018.0,32831615.586,-1.0484290327314303
2018,C de Grandhomme,Punjab Kings,1,12,4.0,6,50.0,0,0.0,0.08709766475302425,0.1416660965836832,0.5905571533627635,0.046378912305546964,0.18520498341030944,1.1656879069431167,middle,C de Grandhomme,2018.0,32831615.586,0.5641056040181106
2018,C de Grandhomme,Royal Challengers Bengaluru,1,66,9.64,17,25.76,11,16.67,0.08709766475302425,0.33562913599528593,0.3463974421822019,0.2211986137954387,-0.07817730177111956,0.9023056217616877,middle,C de Grandhomme,2018.0,32831615.586,-0.23811591472353796
2018,CH Morris,Delhi Capitals,1,24,12.5,5,20.83,8,33.33,0.08709766475302425,0.4339862800940774,0.2967395471277395,0.3959134444386058,-0.20670335169512494,0.7737795718376823,middle,,,,
2018,CJ Anderson,Royal Challengers Bengaluru,1,30,10.6,9,30.0,8,26.67,0.08709766475302425,0.3686441214270481,0.3891052464481087,0.32606946052002883,-0.11275111818167532,0.867731805351132,middle,,,,
2018,CJ Dala,Delhi Capitals,0,12,8.5,5,41.67,2,16.67,0.028214042327895317,0.29642384079506834,0.5066524341328098,0.2211986137954387,-0.08706200166345651,0.8934209218693507,middle,,,,
2018,CJ Jordan,Punjab Kings,0,6,4.0,2,33.33,0,0.0,0.028214042327895317,0.1416660965836832,0.42264698894939867,0.046378912305546964,0.04650650044860659,1.026989423981414,middle,CJ Jordan,2018.0,14923461.629999999,0.31163346414960824
2018,CR Brathwaite,Sunrisers Hyderabad,1,30,10.2,7,23.33,7,23.33,0.08709766475302425,0.3548878774971472,0.32192103549207135,0.2910425977140157,-0.11489601376336317,0.8655869097694442,middle,CR Brathwaite,2018.0,29846923.259999998,-0.3849509470791703
2018,CR Woakes,Delhi Capitals,0,6,8.0,2,33.33,1,16.67,0.028214042327895317,0.2792285358826922,0.42264698894939867,0.2211986137954387,-0.09850739128857897,0.8819755322442283,middle,CR Woakes,2018.0,110433616.06199999,-0.08920054852978339
2018,CR Woakes,Punjab Kings,0,6,10.0,1,16.67,1,16.67,0.028214042327895317,0.34800975553219676,0.25483755048949136,0.2211986137954387,-0.2038751985461548,0.7766077249866525,middle,CR Woakes,2018.0,110433616.06199999,-0.18461335036941517
2018,CR Woakes,Royal Challengers Bengaluru,1,6,6.0,4,66.67,1,16.67,0.08709766475302425,0.21044731623318774,0.7584673177761282,0.2211986137954387,0.14558911671673685,1.126072040249544,middle,CR Woakes,2018.0,110433616.06199999,0.13183405733540388
2018,DJ Bravo,Chennai Super Kings,5,114,8.95,31,27.19,22,19.3,0.32263215445354,0.3118996152162069,0.36080125352659975,0.24877964648400588,0.2929129862685232,1.2733959098013305,middle,,,,
2018,DJ Bravo,Delhi Capitals,0,12,7.5,3,25.0,1,8.33,0.028214042327895317,0.2620332309703161,0.338742269719445,0.13373632762713056,-0.09243010589400254,0.8880528176388047,middle,,,,
2018,DJ Bravo,Punjab Kings,1,30,8.2,5,16.67,4,13.33,0.08709766475302425,0.28610665784764266,0.25483755048949136,0.1861717509894256,-0.059021914199615506,0.9214610093331917,middle,,,,
2018,DJ Bravo,Royal Challengers Bengaluru,1,12,5.0,8,66.67,1,8.33,0.08709766475302425,0.1760567064084355,0.7584673177761282,0.13373632762713056,0.1905940618102003,1.1710769853430076,middle,,,,
2018,DJ Hooda,Punjab Kings,0,6,15.0,0,0.0,2,33.33,0.028214042327895317,0.519962804655958,0.08692738607612654,0.3959134444386058,-0.4267536532978067,0.5537292702350006,middle,,,,
2018,DJ Hooda,Sunrisers Hyderabad,0,6,8.0,1,16.67,1,16.67,0.028214042327895317,0.2792285358826922,0.25483755048949136,0.2211986137954387,-0.14885022282655114,0.8316327007062562,middle,,,,
2018,DJ Willey,Chennai Super Kings,0,12,12.0,1,8.33,4,33.33,0.028214042327895317,0.4167909751817013,0.17083210530608028,0.3959134444386058,-0.3190447739494152,0.6614381495833921,middle,,,,
2018,DJ Willey,Royal Challengers Bengaluru,1,6,2.0,4,66.67,0,0.0,0.08709766475302425,0.07288487693417874,0.7584673177761282,0.046378912305546964,0.2906030084539224,1.2710859319867298,middle,,,,
2018,DJM Short,Rajasthan Royals,1,18,7.67,7,38.89,3,16.67,0.08709766475302425,0.267879634640524,0.4786506190716728,0.2211986137954387,0.015698252379531208,0.9961811759123385,middle,DJM Short,2018.0,59693846.519999996,0.026297940733759923
2018,DL Chahar,Chennai Super Kings,0,24,6.0,10,41.67,2,8.33,0.028214042327895317,0.21044731623318774,0.5066524341328098,0.13373632762713056,-0.0007883247802903948,0.979694598752517,middle,DL Chahar,2018.0,11938769.304,-0.006603065694772008
2018,DS Kulkarni,Delhi Capitals,0,6,20.0,1,16.67,3,50.0,0.028214042327895317,0.6919158537797193,0.25483755048949136,0.5707331459284976,-0.5489069835707846,0.4315759399620227,middle,DS Kulkarni,2018.0,11192596.222499998,-4.904197137634076
2018,DS Kulkarni,Rajasthan Royals,2,17,9.53,7,41.18,4,23.53,0.14598128717815317,0.33184616891456314,0.5017168624134007,0.29314001464850753,0.045382051429897916,1.0258649749627051,middle,DS Kulkarni,2018.0,11192596.222499998,0.40546492098650283
2018,DT Christian,Delhi Capitals,3,42,7.43,12,28.57,5,11.9,0.20486490960328213,0.25962588828258343,0.3747014351037109,0.17117521990780923,0.17777204032840782,1.1582549638612152,middle,DT Christian,2018.0,22385192.444999997,0.7941501542378536
2018,DT Christian,Punjab Kings,0,6,2.0,4,66.67,0,0.0,0.028214042327895317,0.07288487693417874,0.7584673177761282,0.046378912305546964,0.20227757481622904,1.1827604983490363,middle,DT Christian,2018.0,22385192.444999997,0.9036222284584835
2018,GJ Maxwell,Delhi Capitals,2,48,8.75,13,27.08,8,16.67,0.14598128717815317,0.30502149325125644,0.3596932680385691,0.2211986137954387,0.03862299381870758,1.019105917351515,middle,,,,
2018,GJ Maxwell,Punjab Kings,0,6,4.0,2,33.33,0,0.0,0.028214042327895317,0.1416660965836832,0.42264698894939867,0.046378912305546964,0.04650650044860659,1.026989423981414,middle,,,,
2018,Harbhajan Singh,Chennai Super Kings,2,72,7.17,24,33.33,9,12.5,0.14598128717815317,0.25068432972814786,0.42264698894939867,0.17746747071128463,0.10972506952727411,1.0902079930600814,middle,,,,
2018,Harbhajan Singh,Delhi Capitals,0,12,12.0,4,33.33,4,33.33,0.028214042327895317,0.4167909751817013,0.42264698894939867,0.3959134444386058,-0.24350030885641968,0.7369826146763876,middle,,,,
2018,Harbhajan Singh,Punjab Kings,1,18,10.0,4,22.22,4,22.22,0.08709766475302425,0.34800975553219676,0.310740454658308,0.2794019337275862,-0.11041955764424591,0.8700633658885614,middle,,,,
2018,Harbhajan Singh,Royal Challengers Bengaluru,2,24,5.5,11,45.83,3,12.5,0.14598128717815317,0.1932520113208116,0.5485544307710579,0.17746747071128463,0.19344315679964091,1.1739260803324483,middle,,,,
2018,HH Pandya,Delhi Capitals,0,18,10.0,5,27.78,4,22.22,0.028214042327895317,0.34800975553219676,0.366744084780582,0.2794019337275862,-0.18194390224525706,0.7985390212875503,middle,,,,
2018,HH Pandya,Mumbai Indians,6,78,7.31,22,28.21,9,11.54,0.3815157768786689,0.25549901510361317,0.3710753007792471,0.16739986942572396,0.44571706958374213,1.4261999931165494,middle,,,,
2018,HH Pandya,Punjab Kings,0,12,5.0,6,50.0,1,8.33,0.028214042327895317,0.1760567064084355,0.5905571533627635,0.13373632762713056,0.05189557884849752,1.0323785023813048,middle,,,,
2018,HH Pandya,Royal Challengers Bengaluru,0,12,13.0,4,33.33,3,25.0,0.028214042327895317,0.45118158500645344,0.42264698894939867,0.30855602911702223,-0.2535413136519047,0.7269416098809026,middle,,,,
2018,HV Patel,Delhi Capitals,3,48,10.13,13,27.08,10,20.83,0.20486490960328213,0.3524805348094146,0.3596932680385691,0.2648248860328682,0.08025593976238857,1.060738863295196,middle,HV Patel,2018.0,2984692.326,2.6889183539378516
2018,Imran Tahir,Chennai Super Kings,2,66,9.73,20,30.3,14,21.21,0.14598128717815317,0.33872429087951367,0.39212702505182856,0.26880997820840263,0.011868609937486833,0.9923515334702941,middle,Imran Tahir,2018.0,14923461.629999999,0.07952987203470188
2018,Imran Tahir,Punjab Kings,2,12,6.0,8,66.67,2,16.67,0.14598128717815317,0.21044731623318774,0.7584673177761282,0.2211986137954387,0.2339145503544303,1.2143974738872376,middle,Imran Tahir,2018.0,14923461.629999999,1.5674282291462582
2018,Imran Tahir,Royal Challengers Bengaluru,2,18,9.33,5,27.78,3,16.67,0.14598128717815317,0.32496804694961273,0.366744084780582,0.2211986137954387,0.02478099588262643,1.0052639194154338,middle,Imran Tahir,2018.0,14923461.629999999,0.16605393907275676
2018,IS Sodhi,Rajasthan Royals,5,108,6.33,36,33.33,8,7.41,0.32263215445354,0.22179621747535597,0.42264698894939867,0.12408820972846824,0.4084877124391511,1.3889706359719585,middle,,,,
2018,JC Archer,Delhi Capitals,0,12,13.0,4,33.33,4,33.33,0.028214042327895317,0.45118158500645344,0.42264698894939867,0.3959134444386058,-0.27101279671622147,0.7094701268165858,middle,,,,
2018,JC Archer,Rajasthan Royals,4,42,8.43,15,35.71,7,16.67,0.26374853202841103,0.2940164981073357,0.44661976587224267,0.2211986137954387,0.250155806559333,1.2306387300921404,middle,,,,
2018,JD Unadkat,Delhi Capitals,2,12,11.0,3,25.0,2,16.67,0.14598128717815317,0.382400365356949,0.338742269719445,0.2211986137954387,-0.02956540336158371,0.9509175201712236,middle,JD Unadkat,2018.0,171619808.74499997,-0.017227267398667975
2018,JD Unadkat,Rajasthan Royals,1,108,7.5,37,34.26,16,14.81,0.08709766475302425,0.2620332309703161,0.43201450262093016,0.20169263630466494,0.010285735878629514,0.9907686594114368,middle,JD Unadkat,2018.0,171619808.74499997,0.00599332673416068
2018,JJ Bumrah,Delhi Capitals,0,6,4.0,2,33.33,0,0.0,0.028214042327895317,0.1416660965836832,0.42264698894939867,0.046378912305546964,0.04650650044860659,1.026989423981414,middle,,,,
2018,JJ Bumrah,Mumbai Indians,2,78,6.08,28,35.9,6,7.69,0.14598128717815317,0.2131985650191679,0.44853355898793185,0.12702459343675676,0.1575682277609236,1.1380511512937308,middle,,,,
2018,JJ Bumrah,Royal Challengers Bengaluru,0,6,7.0,1,16.67,0,0.0,0.028214042327895317,0.24483792605793997,0.25483755048949136,0.046378912305546964,-0.08637379466877101,0.8941091288640363,middle,,,,
2018,JP Duminy,Punjab Kings,0,6,8.0,1,16.67,1,16.67,0.028214042327895317,0.2792285358826922,0.25483755048949136,0.2211986137954387,-0.14885022282655114,0.8316327007062562,middle,JP Duminy,2018.0,14923461.629999999,-0.9974242338474867
2018,JPR Scantlebury-Searles,Kolkata Knight Riders,2,30,13.0,6,20.0,8,26.67,0.14598128717815317,0.45118158500645344,0.28837929299078136,0.32606946052002883,-0.1206734414447044,0.8598094820881029,middle,JPR Scantlebury-Searles,2018.0,4477038.489,-2.6953853924016244
2018,K Gowtham,Delhi Capitals,0,6,16.0,1,16.67,3,50.0,0.028214042327895317,0.5543534144807103,0.25483755048949136,0.5707331459284976,-0.43885703213157734,0.54162589140123,middle,K Gowtham,2018.0,92525462.10599999,-0.47430947346019126
2018,K Gowtham,Rajasthan Royals,3,72,8.83,17,23.61,11,15.28,0.20486490960328213,0.3077727420372366,0.3247413621888765,0.20662156610072066,0.1171772662116527,1.09766018974446,middle,K Gowtham,2018.0,92525462.10599999,0.12664326504785337
2018,K Khejroliya,Punjab Kings,2,12,7.5,3,25.0,2,16.67,0.14598128717815317,0.2620332309703161,0.338742269719445,0.2211986137954387,0.06672830414772261,1.0472112276805299,middle,K Khejroliya,2018.0,12684942.385499999,0.5260434152542854
2018,K Khejroliya,Royal Challengers Bengaluru,0,24,9.5,6,25.0,3,12.5,0.028214042327895317,0.3308144506198206,0.338742269719445,0.17746747071128463,-0.15620131023043698,0.8242816133023703,middle,K Khejroliya,2018.0,12684942.385499999,-1.2313915624006995
2018,KH Pandya,Mumbai Indians,6,114,6.37,35,30.7,8,7.02,0.3815157768786689,0.22317184186834604,0.3961560631901216,0.11999824670620922,0.48858336143912123,1.4690662849719285,middle,KH Pandya,2018.0,131326462.344,0.37203725183681036
2018,KH Pandya,Punjab Kings,0,6,10.0,1,16.67,1,16.67,0.028214042327895317,0.34800975553219676,0.25483755048949136,0.2211986137954387,-0.2038751985461548,0.7766077249866525,middle,KH Pandya,2018.0,131326462.344,-0.15524304462882638
2018,KH Pandya,Royal Challengers Bengaluru,0,18,6.67,7,38.89,2,11.11,0.028214042327895317,0.23348902481577175,0.4786506190716728,0.1628904230165666,-0.033453055242585926,0.9470298682902214,middle,KH Pandya,2018.0,131326462.344,-0.0254732021600933
2018,KK Ahmed,Sunrisers Hyderabad,0,6,14.0,1,16.67,2,33.33,0.028214042327895317,0.48557219483120573,0.25483755048949136,0.3959134444386058,-0.3488681161139954,0.6316148074188119,middle,KK Ahmed,2018.0,44770384.88999999,-0.7792385903564553
2018,KM Asif,Chennai Super Kings,0,12,19.5,1,8.33,6,50.0,0.028214042327895317,0.6747205488673432,0.17083210530608028,0.5707331459284976,-0.560352373195907,0.4201305503369003,middle,KM Asif,2018.0,5969384.652,-9.387104464916078
2018,Kuldeep Yadav,Delhi Capitals,0,6,12.0,1,16.67,1,16.67,0.028214042327895317,0.4167909751817013,0.25483755048949136,0.2211986137954387,-0.2589001742657584,0.7215827492670489,middle,Kuldeep Yadav,2018.0,86556077.454,-0.2991126468310099
2018,Kuldeep Yadav,Kolkata Knight Riders,16,212,8.24,61,28.77,32,15.09,0.9703520011299581,0.28748228224063277,0.37671595417285747,0.20462902001295344,1.2976311581516977,2.278114081684505,middle,Kuldeep Yadav,2018.0,86556077.454,1.4991797183061126
2018,Kuldeep Yadav,Royal Challengers Bengaluru,1,24,6.5,9,37.5,2,8.33,0.08709766475302425,0.22764262114556388,0.46464971154110424,0.13373632762713056,0.061180048149990396,1.0416629716827976,middle,Kuldeep Yadav,2018.0,86556077.454,0.0706825562682232
2018,KV Sharma,Chennai Super Kings,2,42,9.71,12,28.57,7,16.67,0.14598128717815317,0.3380364786830186,0.3747014351037109,0.2211986137954387,0.016713455592840404,0.9971963791256477,middle,KV Sharma,2018.0,74617308.14999999,0.02239889913911402
2018,KV Sharma,Chennai Super Kings,2,42,9.71,12,28.57,7,16.67,0.14598128717815317,0.3380364786830186,0.3747014351037109,0.2211986137954387,0.016713455592840404,0.9971963791256477,middle,KV Sharma,2018.0,2984692.326,0.5599724784778505
2018,L Ngidi,Chennai Super Kings,0,6,4.0,2,33.33,0,0.0,0.028214042327895317,0.1416660965836832,0.42264698894939867,0.046378912305546964,0.04650650044860659,1.026989423981414,middle,L Ngidi,2018.0,7461730.8149999995,0.6232669282992165
2018,L Ngidi,Delhi Capitals,2,12,6.0,6,50.0,1,8.33,0.14598128717815317,0.21044731623318774,0.5905571533627635,0.13373632762713056,0.2010339582640825,1.1815168817968897,middle,L Ngidi,2018.0,7461730.8149999995,2.694200089072531
2018,L Ngidi,Royal Challengers Bengaluru,0,6,3.0,3,50.0,0,0.0,0.028214042327895317,0.10727548675893098,0.5905571533627635,0.046378912305546964,0.12439203763241784,1.104874961165225,middle,L Ngidi,2018.0,7461730.8149999995,1.6670668068373335
2018,LE Plunkett,Delhi Capitals,0,48,8.75,13,27.08,8,16.67,0.028214042327895317,0.30502149325125644,0.3596932680385691,0.2211986137954387,-0.13802787345667922,0.8424550500761281,middle,,,,
2018,LE Plunkett,Punjab Kings,1,6,2.0,4,66.67,0,0.0,0.08709766475302425,0.07288487693417874,0.7584673177761282,0.046378912305546964,0.2906030084539224,1.2710859319867298,middle,,,,
2018,M Ashwin,Royal Challengers Bengaluru,3,42,7.71,19,45.24,7,16.67,0.20486490960328213,0.2692552590335141,0.5426115995170756,0.2211986137954387,0.21043691427414676,1.190919837806954,middle,M Ashwin,2018.0,32831615.586,0.6409581451236317
2018,M Markande,Delhi Capitals,1,6,7.0,2,33.33,1,16.67,0.08709766475302425,0.24483792605793997,0.42264698894939867,0.2211986137954387,0.0173305302089162,0.9978134537417235,middle,M Markande,2018.0,2984692.326,0.5806471259348225
2018,M Markande,Mumbai Indians,9,168,8.89,49,29.17,30,17.86,0.5581666441540557,0.30983617862672175,0.38074499231115055,0.2336782445556649,0.6568688721119182,1.6373517956447254,middle,M Markande,2018.0,2984692.326,22.00792578819122
2018,M Markande,Punjab Kings,0,12,12.0,2,16.67,3,25.0,0.028214042327895317,0.4167909751817013,0.25483755048949136,0.30855602911702223,-0.2763716573300751,0.7041112662027322,middle,M Markande,2018.0,2984692.326,-9.259636409507596
2018,M Markande,Royal Challengers Bengaluru,1,12,11.0,4,33.33,4,33.33,0.08709766475302425,0.382400365356949,0.42264698894939867,0.3959134444386058,-0.12766238735892446,0.8528205361738829,middle,M Markande,2018.0,2984692.326,-4.277237765743647
2018,M Prasidh Krishna,Kolkata Knight Riders,1,30,9.0,8,26.67,7,23.33,0.08709766475302425,0.3136191457074445,0.3555635039468187,0.2910425977140157,-0.07178828779517679,0.9086946357376305,middle,,,,
2018,MA Wood,Chennai Super Kings,0,12,7.0,4,33.33,2,16.67,0.028214042327895317,0.24483792605793997,0.42264698894939867,0.2211986137954387,-0.07099490342877718,0.9094880201040301,middle,,,,
2018,MG Johnson,Delhi Capitals,0,12,12.5,3,25.0,4,33.33,0.028214042327895317,0.4339862800940774,0.338742269719445,0.3959134444386058,-0.2824279685553067,0.6980549549775006,middle,MG Johnson,2018.0,29846923.259999998,-0.9462548822705914
2018,MG Johnson,Kolkata Knight Riders,0,12,5.5,4,33.33,1,8.33,0.028214042327895317,0.1932520113208116,0.42264698894939867,0.13373632762713056,-0.012233714405412849,0.9682492091273944,middle,MG Johnson,2018.0,29846923.259999998,-0.040988192648346196
2018,MG Johnson,Royal Challengers Bengaluru,0,18,9.33,7,38.89,5,27.78,0.028214042327895317,0.32496804694961273,0.4786506190716728,0.3377101245064583,-0.14160021324763705,0.8388827102851703,middle,MG Johnson,2018.0,29846923.259999998,-0.47442147391254114
2018,MJ McClenaghan,Mumbai Indians,1,42,7.57,15,35.71,7,16.67,0.08709766475302425,0.2644405736580488,0.44661976587224267,0.2211986137954387,0.008840245205682357,0.9893231687384897,middle,,,,
2018,MJ McClenaghan,Punjab Kings,1,6,9.0,2,33.33,1,16.67,0.08709766475302425,0.3136191457074445,0.42264698894939867,0.2211986137954387,-0.0376944455106874,0.9427884780221198,middle,,,,
2018,MJ McClenaghan,Royal Challengers Bengaluru,0,6,4.0,3,50.0,0,0.0,0.028214042327895317,0.1416660965836832,0.5905571533627635,0.046378912305546964,0.09687954977261605,1.0773624733054235,middle,,,,
2018,MK Lomror,Rajasthan Royals,0,18,9.0,2,11.11,3,16.67,0.028214042327895317,0.3136191457074445,0.19883392036721728,0.2211986137954387,-0.19316379972303518,0.7873191238097721,middle,MK Lomror,2018.0,2984692.326,-6.471816141327634
2018,MK Tiwary,Punjab Kings,0,6,10.0,0,0.0,0,0.0,0.028214042327895317,0.34800975553219676,0.08692738607612654,0.046378912305546964,-0.21928430757218587,0.7611986159606214,middle,MK Tiwary,2018.0,14923461.629999999,-1.4693930470620031
2018,MM Ali,Delhi Capitals,1,18,7.0,6,33.33,2,11.11,0.08709766475302425,0.24483792605793997,0.42264698894939867,0.1628904230165666,0.02899216836469063,1.009475091897498,middle,MM Ali,2018.0,25369884.770999998,0.11427788744957652
2018,MM Ali,Punjab Kings,1,13,6.0,5,38.46,1,7.69,0.08709766475302425,0.21044731623318774,0.4743194030730077,0.12702459343675676,0.07917954637753709,1.0596624699103443,middle,MM Ali,2018.0,25369884.770999998,0.31210053609721655
2018,MM Ali,Royal Challengers Bengaluru,1,30,9.2,8,26.67,6,20.0,0.08709766475302425,0.3204972676723949,0.3555635039468187,0.25612060575472717,-0.07030638697527938,0.910176536557528,middle,MM Ali,2018.0,25369884.770999998,-0.2771253697440745
2018,MM Sharma,Delhi Capitals,1,6,7.0,2,33.33,1,16.67,0.08709766475302425,0.24483792605793997,0.42264698894939867,0.2211986137954387,0.0173305302089162,0.9978134537417235,middle,MM Sharma,2018.0,35816307.912,0.04838726049456853
2018,MM Sharma,Punjab Kings,0,24,12.25,3,12.5,7,29.17,0.028214042327895317,0.4253886276378893,0.21283482789778582,0.3522871722011764,-0.30459682468936805,0.6758860988434392,middle,MM Sharma,2018.0,35816307.912,-0.8504417190006205
2018,Mohammad Nabi,Sunrisers Hyderabad,0,6,12.0,1,16.67,2,33.33,0.028214042327895317,0.4167909751817013,0.25483755048949136,0.3959134444386058,-0.29384314039439186,0.6866397831384154,middle,Mohammad Nabi,2018.0,14923461.629999999,-1.9690012121831808
2018,Mohammed Shami,Delhi Capitals,1,42,9.86,13,30.95,10,23.81,0.08709766475302425,0.3431950701567314,0.3986742120265548,0.296076398356796,-0.08352257505924156,0.8969603484735658,middle,Mohammed Shami,2018.0,44770384.88999999,-0.18655764355042956
2018,Mohammed Siraj,Delhi Capitals,1,24,9.0,11,45.83,5,20.83,0.08709766475302425,0.3136191457074445,0.5485544307710579,0.2648248860328682,-0.008647467411675519,0.9718354561211318,middle,,,,
2018,Mohammed Siraj,Punjab Kings,0,12,5.5,7,58.33,1,8.33,0.028214042327895317,0.1932520113208116,0.6744618725927172,0.13373632762713056,0.06331075068758271,1.04379367422039,middle,,,,
2018,Mohammed Siraj,Royal Challengers Bengaluru,1,60,7.3,23,38.33,8,13.33,0.08709766475302425,0.2551551090053657,0.4730099656780624,0.1861717509894256,0.03119104943077739,1.0116739729635846,middle,,,,
2018,MP Stoinis,Delhi Capitals,0,6,7.0,0,0.0,0,0.0,0.028214042327895317,0.24483792605793997,0.08692738607612654,0.046378912305546964,-0.13674684399278045,0.8437360795400268,middle,MP Stoinis,2018.0,92525462.10599999,-0.14779374334398795
2018,MP Stoinis,Punjab Kings,2,36,11.0,10,27.78,10,27.78,0.14598128717815317,0.382400365356949,0.366744084780582,0.3377101245064583,-0.044467160985446536,0.9360157625473607,middle,MP Stoinis,2018.0,92525462.10599999,-0.048059377357665724
2018,Mujeeb Ur Rahman,Delhi Capitals,1,6,11.0,2,33.33,2,33.33,0.08709766475302425,0.382400365356949,0.42264698894939867,0.3959134444386058,-0.12766238735892446,0.8528205361738829,middle,Mujeeb Ur Rahman,2018.0,32831615.586,-0.388839796885786
2018,Mujeeb Ur Rahman,Delhi Capitals,1,6,11.0,2,33.33,2,33.33,0.08709766475302425,0.382400365356949,0.42264698894939867,0.3959134444386058,-0.12766238735892446,0.8528205361738829,middle,Mujeeb Ur Rahman,2018.0,59693846.519999996,-0.21386188828718233
2018,Mujeeb Ur Rahman,Punjab Kings,7,138,6.78,46,33.33,13,9.42,0.44039939930379784,0.2372719918964945,0.42264698894939867,0.14516724992011085,0.5685421521392986,1.5490250756721058,middle,Mujeeb Ur Rahman,2018.0,32831615.586,1.7316910605572982
2018,Mujeeb Ur Rahman,Punjab Kings,7,138,6.78,46,33.33,13,9.42,0.44039939930379784,0.2372719918964945,0.42264698894939867,0.14516724992011085,0.5685421521392986,1.5490250756721058,middle,Mujeeb Ur Rahman,2018.0,59693846.519999996,0.9524300833065141
2018,Mustafizur Rahman,Delhi Capitals,0,6,13.0,2,33.33,2,33.33,0.028214042327895317,0.45118158500645344,0.42264698894939867,0.3959134444386058,-0.27101279671622147,0.7094701268165858,middle,,,,
2018,Mustafizur Rahman,Mumbai Indians,2,60,8.2,13,21.67,10,16.67,0.14598128717815317,0.28610665784764266,0.305200527218155,0.2211986137954387,0.037407039895474364,1.0178899634282816,middle,,,,
2018,N Rana,Kolkata Knight Riders,1,12,10.0,2,16.67,3,25.0,0.08709766475302425,0.34800975553219676,0.25483755048949136,0.30855602911702223,-0.1330212479727781,0.8474616755600293,middle,N Rana,2018.0,50739769.541999996,-0.26216368180913663
2018,N Rana,Royal Challengers Bengaluru,2,6,11.0,3,50.0,2,33.33,0.14598128717815317,0.382400365356949,0.5905571533627635,0.3959134444386058,0.011036095602778406,0.9915190191355857,middle,N Rana,2018.0,50739769.541999996,0.021750385747501762
2018,P Negi,Royal Challengers Bengaluru,0,18,13.67,6,33.33,6,33.33,0.028214042327895317,0.47422329358903753,0.42264698894939867,0.3959134444386058,-0.2894461635822887,0.6910367599505186,middle,P Negi,2018.0,14923461.629999999,-1.939537694126056
2018,PP Chawla,Delhi Capitals,1,12,6.0,6,50.0,1,8.33,0.08709766475302425,0.21044731623318774,0.5905571533627635,0.13373632762713056,0.11270852462638908,1.0931914481591964,middle,,,,
2018,PP Chawla,Kolkata Knight Riders,3,96,7.44,31,32.29,13,13.54,0.20486490960328213,0.25996979438083095,0.41217148978983664,0.188374038770642,0.18529816808308097,1.1657810916158882,middle,,,,
2018,PP Chawla,Royal Challengers Bengaluru,0,12,12.5,3,25.0,4,33.33,0.028214042327895317,0.4339862800940774,0.338742269719445,0.3959134444386058,-0.2824279685553067,0.6980549549775006,middle,,,,
2018,R Ashwin,Delhi Capitals,1,18,5.67,3,16.67,0,0.0,0.08709766475302425,0.1990984149910195,0.25483755048949136,0.046378912305546964,0.03854324782245874,1.019026171355266,middle,R Ashwin,2018.0,113418308.388,0.03398326810747667
2018,R Ashwin,Punjab Kings,5,180,8.2,49,27.22,25,13.89,0.32263215445354,0.28610665784764266,0.3611034313869717,0.19204451840600265,0.3249850311370868,1.3054679546698942,middle,R Ashwin,2018.0,113418308.388,0.2865366586365621
2018,R Tewatia,Delhi Capitals,3,96,8.38,29,30.21,14,14.58,0.20486490960328213,0.29229696761609814,0.3912204914707126,0.19928060682999935,0.15096981638725854,1.1314527399200658,middle,R Tewatia,2018.0,44770384.88999999,0.3372091099019778
2018,R Tewatia,Punjab Kings,0,6,6.0,1,16.67,0,0.0,0.028214042327895317,0.21044731623318774,0.25483755048949136,0.046378912305546964,-0.05886130680896923,0.921621616723838,middle,R Tewatia,2018.0,44770384.88999999,-0.13147375648788898
2018,RA Jadeja,Chennai Super Kings,3,114,8.21,34,29.82,17,14.91,0.20486490960328213,0.28645056394589025,0.38729217928587684,0.20274134477191086,0.1537762980795918,1.1342592216123992,middle,,,,
2018,RA Jadeja,Delhi Capitals,1,12,2.5,7,58.33,0,0.0,0.08709766475302425,0.09008018184655482,0.6744618725927172,0.046378912305546964,0.25164513096899827,1.2321280545018056,middle,,,,
2018,RA Jadeja,Punjab Kings,1,18,8.0,4,22.22,2,11.11,0.08709766475302425,0.2792285358826922,0.310740454658308,0.1628904230165666,-0.032092279782438345,0.948390643750369,middle,,,,
2018,RA Jadeja,Royal Challengers Bengaluru,2,24,7.25,7,29.17,3,12.5,0.14598128717815317,0.25343557851412807,0.38074499231115055,0.17746747071128463,0.09495347150701554,1.075436395039823,middle,,,,
2018,Rashid Khan,Delhi Capitals,1,36,7.33,9,25.0,5,13.89,0.08709766475302425,0.2561868273001082,0.338742269719445,0.19204451840600265,-0.011089187475917264,0.96939373605689,middle,Rashid Khan,2018.0,134311154.67,-0.008256341406015898
2018,Rashid Khan,Punjab Kings,1,12,14.5,4,33.33,4,33.33,0.08709766475302425,0.5027674997435819,0.42264698894939867,0.3959134444386058,-0.2239560948682308,0.7565268286645765,middle,Rashid Khan,2018.0,134311154.67,-0.1667442256888393
2018,Rashid Khan,Royal Challengers Bengaluru,2,12,7.5,6,50.0,2,16.67,0.14598128717815317,0.2620332309703161,0.5905571533627635,0.2211986137954387,0.14227276924071816,1.1227556927735254,middle,Rashid Khan,2018.0,134311154.67,0.10592773890618372
2018,Rashid Khan,Sunrisers Hyderabad,12,216,5.89,85,39.35,21,9.72,0.7348175114294425,0.20666434915246498,0.4832840129307098,0.14831337532184855,1.052217316637035,2.0327002401698424,middle,Rashid Khan,2018.0,134311154.67,0.7834176686384041
2018,S Gopal,Delhi Capitals,1,6,12.0,4,66.67,2,33.33,0.08709766475302425,0.4167909751817013,0.7584673177761282,0.3959134444386058,-0.05442877657070741,0.9260541469620999,middle,S Gopal,2018.0,2984692.326,-1.8235975646994516
2018,S Gopal,Rajasthan Royals,10,144,7.42,50,34.72,18,12.5,0.6170502665791847,0.25928198218433596,0.4366478964799672,0.17746747071128463,0.8136506889230416,1.794133612455849,middle,S Gopal,2018.0,2984692.326,27.260789389755065
2018,S Kaul,Delhi Capitals,1,24,8.5,7,29.17,4,16.67,0.08709766475302425,0.29642384079506834,0.38074499231115055,0.2211986137954387,-0.03650880057226091,0.9439741229605464,middle,S Kaul,2018.0,56709154.194,-0.06437902502894965
2018,S Kaul,Punjab Kings,1,12,8.0,3,25.0,2,16.67,0.08709766475302425,0.2792285358826922,0.338742269719445,0.2211986137954387,-0.03535337341987167,0.9451295501129356,middle,S Kaul,2018.0,56709154.194,-0.062341563584124425
2018,S Kaul,Royal Challengers Bengaluru,0,6,18.0,0,0.0,3,50.0,0.028214042327895317,0.6231346341302147,0.08692738607612654,0.5707331459284976,-0.5442550571751904,0.4362278663576169,middle,S Kaul,2018.0,56709154.194,-0.959730514254036
2018,S Kaul,Sunrisers Hyderabad,6,90,6.8,35,38.89,12,13.33,0.3815157768786689,0.23795980409298953,0.4786506190716728,0.1861717509894256,0.48826665756722853,1.468749581100036,middle,S Kaul,2018.0,56709154.194,0.8610014811663134
2018,S Lamichhane,Delhi Capitals,3,42,7.43,14,33.33,5,11.9,0.20486490960328213,0.25962588828258343,0.42264698894939867,0.17117521990780923,0.19215570648211414,1.1726386300149214,middle,S Lamichhane,2018.0,2984692.326,6.438040692108315
2018,S Nadeem,Delhi Capitals,3,36,10.33,6,16.67,6,16.67,0.20486490960328213,0.35935865677436496,0.25483755048949136,0.2211986137954387,0.05202198137319082,1.0325049049059982,middle,S Nadeem,2018.0,47755077.216,0.10893497488841088
2018,Sandeep Sharma,Delhi Capitals,0,24,6.75,9,37.5,3,12.5,0.028214042327895317,0.2362402736017519,0.46464971154110424,0.17746747071128463,-0.04276973606948421,0.9377131874633231,middle,Sandeep Sharma,2018.0,44770384.88999999,-0.0955313119924447
2018,Sandeep Sharma,Royal Challengers Bengaluru,0,12,12.5,2,16.67,3,25.0,0.028214042327895317,0.4339862800940774,0.25483755048949136,0.30855602911702223,-0.29012790125997606,0.6903550222728312,middle,Sandeep Sharma,2018.0,44770384.88999999,-0.6480353072076886
2018,Sandeep Sharma,Sunrisers Hyderabad,6,72,8.42,24,33.33,11,15.28,0.3815157768786689,0.2936725920090882,0.42264698894939867,0.20662156610072066,0.4228053751754082,1.4032882987082156,middle,Sandeep Sharma,2018.0,44770384.88999999,0.9443862861894826
2018,Shakib Al Hasan,Delhi Capitals,0,18,10.33,4,22.22,4,22.22,0.028214042327895317,0.35935865677436496,0.310740454658308,0.2794019337275862,-0.20782411227567385,0.7726588112571334,middle,Shakib Al Hasan,2018.0,29846923.259999998,-0.6962999518084125
2018,Shakib Al Hasan,Delhi Capitals,0,18,10.33,4,22.22,4,22.22,0.028214042327895317,0.35935865677436496,0.310740454658308,0.2794019337275862,-0.20782411227567385,0.7726588112571334,middle,Shakib Al Hasan,2018.0,2984692.326,-6.962999518084125
2018,Shakib Al Hasan,Punjab Kings,0,12,14.0,2,16.67,4,33.33,0.028214042327895317,0.48557219483120573,0.25483755048949136,0.3959134444386058,-0.3488681161139954,0.6316148074188119,middle,Shakib Al Hasan,2018.0,29846923.259999998,-1.1688578855346827
2018,Shakib Al Hasan,Punjab Kings,0,12,14.0,2,16.67,4,33.33,0.028214042327895317,0.48557219483120573,0.25483755048949136,0.3959134444386058,-0.3488681161139954,0.6316148074188119,middle,Shakib Al Hasan,2018.0,2984692.326,-11.688578855346828
2018,Shakib Al Hasan,Royal Challengers Bengaluru,0,6,3.0,3,50.0,0,0.0,0.028214042327895317,0.10727548675893098,0.5905571533627635,0.046378912305546964,0.12439203763241784,1.104874961165225,middle,Shakib Al Hasan,2018.0,29846923.259999998,0.4167667017093334
2018,Shakib Al Hasan,Royal Challengers Bengaluru,0,6,3.0,3,50.0,0,0.0,0.028214042327895317,0.10727548675893098,0.5905571533627635,0.046378912305546964,0.12439203763241784,1.104874961165225,middle,Shakib Al Hasan,2018.0,2984692.326,4.167667017093334
2018,Shakib Al Hasan,Sunrisers Hyderabad,9,180,8.07,44,24.44,22,12.22,0.5581666441540557,0.28163587857042494,0.3331016163258347,0.17453108700299608,0.6769655308718947,1.657448454404702,middle,Shakib Al Hasan,2018.0,29846923.259999998,2.2681250089825666
2018,Shakib Al Hasan,Sunrisers Hyderabad,9,180,8.07,44,24.44,22,12.22,0.5581666441540557,0.28163587857042494,0.3331016163258347,0.17453108700299608,0.6769655308718947,1.657448454404702,middle,Shakib Al Hasan,2018.0,2984692.326,22.681250089825667
2018,Shivam Mavi,Kolkata Knight Riders,2,48,7.5,20,41.67,7,14.58,0.14598128717815317,0.2620332309703161,0.5066524341328098,0.19928060682999935,0.12148495486481994,1.1019678783976272,middle,Shivam Mavi,2018.0,44770384.88999999,0.2713511513544193
2018,Shivam Mavi,Royal Challengers Bengaluru,0,6,9.0,3,50.0,2,33.33,0.028214042327895317,0.3136191457074445,0.5905571533627635,0.3959134444386058,-0.11058979595300475,0.8698931275798025,middle,Shivam Mavi,2018.0,44770384.88999999,-0.24701551310028233
2018,SN Thakur,Chennai Super Kings,3,60,7.0,25,41.67,9,15.0,0.20486490960328213,0.24483792605793997,0.5066524341328098,0.20368518239243216,0.2226857173199277,1.2031686408527351,middle,SN Thakur,2018.0,38801000.238,0.5739174659261466
2018,SN Thakur,Delhi Capitals,1,6,7.0,2,33.33,1,16.67,0.08709766475302425,0.24483792605793997,0.42264698894939867,0.2211986137954387,0.0173305302089162,0.9978134537417235,middle,SN Thakur,2018.0,38801000.238,0.04466516353344788
2018,SN Thakur,Punjab Kings,1,18,6.67,7,38.89,1,5.56,0.08709766475302425,0.23348902481577175,0.4786506190716728,0.10468710308441907,0.06651304238153695,1.0469959659143442,middle,SN Thakur,2018.0,38801000.238,0.17142094784555834
2018,SN Thakur,Royal Challengers Bengaluru,0,6,20.0,1,16.67,3,50.0,0.028214042327895317,0.6919158537797193,0.25483755048949136,0.5707331459284976,-0.5489069835707846,0.4315759399620227,middle,SN Thakur,2018.0,38801000.238,-1.4146722512405985
2018,SP Narine,Delhi Capitals,0,6,7.0,0,0.0,0,0.0,0.028214042327895317,0.24483792605793997,0.08692738607612654,0.046378912305546964,-0.13674684399278045,0.8437360795400268,middle,,,,
2018,SP Narine,Kolkata Knight Riders,11,150,6.88,51,34.0,16,10.67,0.6759338890043136,0.2407110528789697,0.42939562783103963,0.15827610576068463,0.9184954584004698,1.898978381933277,middle,,,,
2018,SP Narine,Royal Challengers Bengaluru,1,18,8.67,6,33.33,3,16.67,0.08709766475302425,0.3022702444652763,0.42264698894939867,0.2211986137954387,-0.02861532451695284,0.9518675990158545,middle,,,,
2018,SR Watson,Chennai Super Kings,3,60,8.1,17,28.33,9,15.0,0.20486490960328213,0.28266759686516746,0.37228401222073504,0.20368518239243216,0.15211145410052324,1.1325943776333305,middle,SR Watson,2018.0,59693846.519999996,0.254819320530064
2018,SR Watson,Punjab Kings,1,12,7.5,3,25.0,1,8.33,0.08709766475302425,0.2620332309703161,0.338742269719445,0.13373632762713056,-0.004104672256309158,0.9763782512764981,middle,SR Watson,2018.0,59693846.519999996,-0.006876206670538339
2018,SR Watson,Royal Challengers Bengaluru,0,12,10.5,2,16.67,2,16.67,0.028214042327895317,0.3652050604445729,0.25483755048949136,0.2211986137954387,-0.21763144247605573,0.7628514810567516,middle,SR Watson,2018.0,59693846.519999996,-0.3645793581138047
2018,STR Binny,Rajasthan Royals,0,6,19.0,0,0.0,4,66.67,0.028214042327895317,0.657525243954967,0.08692738607612654,0.7455528474183892,-0.6067314853329706,0.3737514381998367,middle,STR Binny,2018.0,7461730.8149999995,-8.13124327821213
2018,TA Boult,Delhi Capitals,3,36,11.83,6,16.67,9,25.0,0.20486490960328213,0.4109445715114934,0.25483755048949136,0.30855602911702223,-0.006718233480828631,0.9737646900519786,middle,,,,
2018,TG Southee,Royal Challengers Bengaluru,0,12,7.0,4,33.33,2,16.67,0.028214042327895317,0.24483792605793997,0.42264698894939867,0.2211986137954387,-0.07099490342877718,0.9094880201040301,middle,TG Southee,2018.0,14923461.629999999,-0.4757267796773046
2018,TK Curran,Kolkata Knight Riders,1,31,11.61,7,22.58,7,22.58,0.08709766475302425,0.40337863735004786,0.31436658898277176,0.2831772842096714,-0.1543818928976047,0.8261010306352026,middle,,,,
2018,UT Yadav,Delhi Capitals,0,12,10.5,2,16.67,3,25.0,0.028214042327895317,0.3652050604445729,0.25483755048949136,0.30855602911702223,-0.23510292554037243,0.7453799979924349,middle,UT Yadav,2018.0,62678538.84599999,-0.3750931816040191
2018,UT Yadav,Punjab Kings,1,6,2.0,4,66.67,0,0.0,0.08709766475302425,0.07288487693417874,0.7584673177761282,0.046378912305546964,0.2906030084539224,1.2710859319867298,middle,UT Yadav,2018.0,62678538.84599999,0.4636403684647604
2018,UT Yadav,Royal Challengers Bengaluru,5,84,8.21,29,34.52,14,16.67,0.32263215445354,0.28645056394589025,0.43463337741082075,0.2211986137954387,0.3409380709877562,1.3214209945205635,middle,UT Yadav,2018.0,62678538.84599999,0.5439470626866951
2018,V Shankar,Delhi Capitals,1,30,11.6,8,26.67,8,26.67,0.08709766475302425,0.40303473125180034,0.3555635039468187,0.32606946052002883,-0.15032612879186413,0.8301567947409432,middle,V Shankar,2018.0,47755077.216,-0.31478564700445805
2018,Washington Sundar,Delhi Capitals,1,24,8.0,5,20.83,3,12.5,0.08709766475302425,0.2792285358826922,0.2967395471277395,0.17746747071128463,-0.03920796158055251,0.9412749619522548,middle,Washington Sundar,2018.0,47755077.216,-0.08210218445090517
2018,Washington Sundar,Punjab Kings,2,24,5.75,7,29.17,1,4.17,0.14598128717815317,0.20184966377699967,0.38074499231115055,0.09011005538970104,0.15369368636103498,1.1341766098938422,middle,Washington Sundar,2018.0,47755077.216,0.32183737378512917
2018,Washington Sundar,Royal Challengers Bengaluru,1,36,10.33,5,13.89,7,19.44,0.08709766475302425,0.35935865677436496,0.2268357354283543,0.2502478383381502,-0.13883927532907941,0.841643648203728,middle,Washington Sundar,2018.0,47755077.216,-0.29073196699295106
2018,YK Pathan,Sunrisers Hyderabad,1,12,7.0,2,16.67,1,8.33,0.08709766475302425,0.24483792605793997,0.25483755048949136,0.13373632762713056,-0.01551984409539435,0.964963079437413,middle,YK Pathan,2018.0,28354577.097,-0.05473488122323784
2018,YS Chahal,Delhi Capitals,1,18,10.67,6,33.33,4,22.22,0.08709766475302425,0.37105146411478074,0.42264698894939867,0.2794019337275862,-0.09528096422298588,0.8852019593098215,middle,YS Chahal,2018.0,89540769.77999999,-0.10641070481869817
2018,YS Chahal,Punjab Kings,0,18,7.33,4,22.22,2,11.11,0.028214042327895317,0.2561868273001082,0.310740454658308,0.1628904230165666,-0.10198434655406452,0.8784985769787428,middle,YS Chahal,2018.0,89540769.77999999,-0.11389710721120465
2018,YS Chahal,Royal Challengers Bengaluru,3,132,7.86,47,35.61,18,13.64,0.20486490960328213,0.2744138505072269,0.4456125063376693,0.18942274723788788,0.18356548645286486,1.1640484099856723,middle,YS Chahal,2018.0,89540769.77999999,0.20500771537242962
2018,Yuvraj Singh,Punjab Kings,0,12,11.5,0,0.0,3,25.0,0.028214042327895317,0.39959567026932513,0.08692738607612654,0.30855602911702223,-0.3129884627241836,0.6674944608086237,middle,Yuvraj Singh,2018.0,29846923.259999998,-1.0486456510029694
2019,A Mishra,Delhi Capitals,7,168,6.04,60,35.71,14,8.33,0.39057139201420626,0.20890950766366279,0.45357710171105053,0.13811013272807907,0.5271805858580785,1.507663509390886,middle,,,,
2019,A Mishra,Punjab Kings,0,18,10.0,2,11.11,3,16.67,0.03507137077169223,0.3572041044011672,0.208219855990171,0.23066894900844942,-0.216824060368034,0.7636588631647733,middle,,,,
2019,Abhishek Sharma,Sunrisers Hyderabad,1,6,10.0,1,16.67,1,16.67,0.08585708809205138,0.3572041044011672,0.26367458307180075,0.23066894900844942,-0.12400906626300638,0.856473857269801,middle,,,,
2019,AD Russell,Kolkata Knight Riders,4,54,9.22,15,27.78,11,20.37,0.23821424005312877,0.3279945626195376,0.3744842985172873,0.2717322128258799,0.15292455697407328,1.1334074805068806,middle,,,,
2019,AD Russell,Punjab Kings,0,6,7.0,3,50.0,1,16.67,0.03507137077169223,0.24485971293336084,0.5961037294082606,0.23066894900844942,-0.010583385168362047,0.9698995383644453,middle,,,,
2019,AD Russell,Royal Challengers Bengaluru,1,18,9.33,6,33.33,3,16.67,0.08585708809205138,0.3321138569733571,0.4298392868811443,0.23066894900844942,-0.05408745717795524,0.926395466354852,middle,,,,
2019,AJ Tye,Punjab Kings,0,66,9.0,19,28.79,12,18.18,0.03507137077169223,0.3197559739118984,0.38455790901233156,0.24742719991772508,-0.13731579025182597,0.8431671332809814,middle,,,,
2019,AR Patel,Delhi Capitals,7,174,7.38,55,31.61,22,12.64,0.39057139201420626,0.25909000251928294,0.4126842274242372,0.18594328598568052,0.46520169703601805,1.4456846205688254,middle,AR Patel,2019.0,72212627.65,0.6442110087597928
2019,AR Patel,Punjab Kings,1,12,7.5,3,25.0,1,8.33,0.08585708809205138,0.26358377817799516,0.34675693497647253,0.13811013272807907,-0.005676336456993145,0.9748065870758141,middle,AR Patel,2019.0,72212627.65,-0.007860587049269554
2019,AR Patel,Royal Challengers Bengaluru,1,18,6.67,4,22.22,1,5.56,0.08585708809205138,0.23250182987190213,0.31902957143565763,0.10736817576205676,0.01701940451884129,0.9975023280516486,middle,AR Patel,2019.0,72212627.65,0.023568460354788504
2019,Arshdeep Singh,Punjab Kings,0,6,13.0,0,0.0,2,33.33,0.03507137077169223,0.4695484958689735,0.09741014054468441,0.41556461798098765,-0.3769216219704327,0.6035613015623746,middle,Arshdeep Singh,2019.0,2888505.106,-13.049020449626054
2019,Arshdeep Singh,Punjab Kings,0,6,13.0,0,0.0,2,33.33,0.03507137077169223,0.4695484958689735,0.09741014054468441,0.41556461798098765,-0.3769216219704327,0.6035613015623746,middle,Arshdeep Singh,2019.0,11554020.424,-3.2622551124065136
2019,AS Joseph,Mumbai Indians,2,12,16.5,3,25.0,6,50.0,0.1366428054124105,0.6006169525814143,0.34675693497647253,0.6005712687476272,-0.29161652720309944,0.6888663963297079,middle,,,,
2019,AS Rajpoot,Punjab Kings,0,18,9.33,5,27.78,3,16.67,0.03507137077169223,0.3321138569733571,0.3744842985172873,0.23066894900844942,-0.14687252966765105,0.8336103938651562,middle,,,,
2019,AS Rajpoot,Royal Challengers Bengaluru,0,6,13.0,1,16.67,2,33.33,0.03507137077169223,0.4695484958689735,0.26367458307180075,0.41556461798098765,-0.32704228921229783,0.6534406343205095,middle,,,,
2019,AS Roy,Mumbai Indians,1,12,5.5,4,33.33,0,0.0,0.08585708809205138,0.18868751719945762,0.4298392868811443,0.04566229824180991,0.09765494479449227,1.0781378683272995,middle,,,,
2019,Avesh Khan,Punjab Kings,0,12,9.0,4,33.33,3,25.0,0.03507137077169223,0.3197559739118984,0.4298392868811443,0.32311678349471856,-0.13886929360658085,0.8416136299262265,middle,,,,
2019,B Kumar,Sunrisers Hyderabad,3,66,8.36,20,30.3,10,15.15,0.18742852273276964,0.29578917039876634,0.3996184553960116,0.21379971630507255,0.12163704113793031,1.1021199646707376,middle,,,,
2019,BA Stokes,Punjab Kings,1,12,13.5,3,25.0,5,41.67,0.08585708809205138,0.48827256111360795,0.34675693497647253,0.5081234342613581,-0.2594300231121392,0.721052900420668,middle,,,,
2019,BA Stokes,Rajasthan Royals,1,35,9.77,9,25.71,8,22.86,0.08585708809205138,0.34859103438863537,0.3538383839383353,0.2993666795570696,-0.10380901610274458,0.8766739074300627,middle,,,,
2019,BA Stokes,Royal Challengers Bengaluru,0,6,12.0,2,33.33,2,33.33,0.03507137077169223,0.43210036537970475,0.4298392868811443,0.41556461798098765,-0.24723437367807974,0.7332485498547275,middle,,,,
2019,Basil Thampi,Sunrisers Hyderabad,0,54,8.56,12,22.22,9,16.67,0.03507137077169223,0.30327879649662015,0.31902957143565763,0.23066894900844942,-0.1404408994107504,0.8400420241220569,middle,,,,
2019,BB Sran,Mumbai Indians,0,6,13.0,1,16.67,2,33.33,0.03507137077169223,0.4695484958689735,0.26367458307180075,0.41556461798098765,-0.32704228921229783,0.6534406343205095,middle,,,,
2019,BCJ Cutting,Mumbai Indians,1,12,13.5,2,16.67,5,41.67,0.08585708809205138,0.48827256111360795,0.26367458307180075,0.5081234342613581,-0.2843547286835407,0.6961281948492666,middle,,,,
2019,C de Grandhomme,Royal Challengers Bengaluru,0,30,11.0,2,6.67,6,20.0,0.03507137077169223,0.394652234890436,0.16393586529908544,0.2676258864441368,-0.26745914945391225,0.7130237740788951,middle,,,,
2019,CH Morris,Delhi Capitals,2,48,10.88,12,25.0,14,29.17,0.1366428054124105,0.39015845923172376,0.34675693497647253,0.3693961916349038,-0.07701471710080228,0.903468206432005,middle,,,,
2019,CH Morris,Royal Challengers Bengaluru,0,6,6.0,3,50.0,1,16.67,0.03507137077169223,0.20741158244409202,0.5961037294082606,0.23066894900844942,0.019375119223053003,0.9998580427558603,middle,,,,
2019,CR Brathwaite,Kolkata Knight Riders,0,12,12.0,2,16.67,3,25.0,0.03507137077169223,0.43210036537970475,0.26367458307180075,0.32311678349471856,-0.278594217923629,0.7018887056091783,middle,CR Brathwaite,2019.0,72212627.65,-0.38579709254442146
2019,CV Varun,Punjab Kings,1,6,1.0,5,83.33,0,0.0,0.08585708809205138,0.02017092999774806,0.9285328757447205,0.04566229824180991,0.3820762912149328,1.36255921474774,middle,CV Varun,2019.0,121317214.452,0.3149398813192368
2019,DJ Bravo,Chennai Super Kings,3,138,7.13,38,27.54,15,10.87,0.18742852273276964,0.24972796989696575,0.37209056929074213,0.16629950842977456,0.15972767728284956,1.140210600815657,middle,,,,
2019,DJ Bravo,Royal Challengers Bengaluru,1,18,7.67,5,27.78,3,16.67,0.08585708809205138,0.2699499603611709,0.3744842985172873,0.23066894900844942,-0.020962836397363377,0.9595200871354439,middle,,,,
2019,DJ Hooda,Sunrisers Hyderabad,1,6,13.0,0,0.0,1,16.67,0.08585708809205138,0.4695484958689735,0.09741014054468441,0.23066894900844942,-0.26376391219538636,0.7167190113374209,middle,,,,
2019,DL Chahar,Chennai Super Kings,0,12,10.0,3,25.0,3,25.0,0.03507137077169223,0.3572041044011672,0.34675693497647253,0.32311678349471856,-0.19375250356939738,0.78673041996341,middle,,,,
2019,DS Kulkarni,Punjab Kings,0,12,8.5,3,25.0,2,16.67,0.03507137077169223,0.30103190866726404,0.34675693497647253,0.23066894900844942,-0.13032518008502103,0.8501577434477863,middle,,,,
2019,DS Kulkarni,Rajasthan Royals,1,24,11.25,4,16.67,5,20.83,0.08585708809205138,0.4040142675127532,0.26367458307180075,0.2768373753545334,-0.170690882021492,0.8097920415113153,middle,,,,
2019,DS Kulkarni,Royal Challengers Bengaluru,0,6,10.0,1,16.67,1,16.67,0.03507137077169223,0.3572041044011672,0.26367458307180075,0.23066894900844942,-0.2001876422435451,0.7802952812892622,middle,,,,
2019,GC Viljoen,Punjab Kings,3,60,8.7,21,35.0,10,16.67,0.18742852273276964,0.30852153476511773,0.44649565274918773,0.23066894900844942,0.12214046231012668,1.102623385842934,middle,GC Viljoen,2019.0,10831894.1475,1.1276002206716234
2019,GC Viljoen,Royal Challengers Bengaluru,1,12,4.5,4,33.33,0,0.0,0.08585708809205138,0.15123938671018886,0.4298392868811443,0.04566229824180991,0.12761344918590728,1.1080963727187145,middle,GC Viljoen,2019.0,10831894.1475,1.1781268118776846
2019,GH Vihari,Punjab Kings,0,6,9.0,0,0.0,1,16.67,0.03507137077169223,0.3197559739118984,0.09741014054468441,0.23066894900844942,-0.22010847061026498,0.7603744529225424,middle,GH Vihari,2019.0,28885051.060000002,-0.7620151688603766
2019,Harbhajan Singh,Chennai Super Kings,6,102,6.71,42,41.18,11,10.78,0.339785674693847,0.23399975509147286,0.5081341803327257,0.1653006722828641,0.44185882761083717,1.4223417511436445,middle,,,,
2019,Harbhajan Singh,Royal Challengers Bengaluru,1,6,3.0,4,66.67,0,0.0,0.08585708809205138,0.09506719097628565,0.762368171935377,0.04566229824180991,0.2723098712892997,1.252792794822107,middle,,,,
2019,Harpreet Brar,Punjab Kings,0,6,10.0,1,16.67,1,16.67,0.03507137077169223,0.3572041044011672,0.26367458307180075,0.23066894900844942,-0.2001876422435451,0.7802952812892622,middle,,,,
2019,HF Gurney,Kolkata Knight Riders,2,48,8.13,12,25.0,7,14.58,0.1366428054124105,0.2871761003862346,0.34675693497647253,0.20747375404130622,0.03775565749430859,1.018238581027116,middle,HF Gurney,2019.0,10831894.1475,0.3485600669668895
2019,HH Pandya,Mumbai Indians,6,126,7.9,44,34.92,18,14.29,0.339785674693847,0.2785630303737027,0.44569774300700604,0.20425528201237247,0.37968635424143565,1.360169277774243,middle,,,,
2019,HH Pandya,Punjab Kings,1,12,13.5,3,25.0,4,33.33,0.08585708809205138,0.48827256111360795,0.34675693497647253,0.41556461798098765,-0.24091825985606513,0.7395646636767421,middle,,,,
2019,HH Pandya,Royal Challengers Bengaluru,0,12,9.0,2,16.67,2,16.67,0.03507137077169223,0.3197559739118984,0.26367458307180075,0.23066894900844942,-0.17022913785213006,0.8102537856806773,middle,,,,
2019,HV Patel,Delhi Capitals,1,18,11.33,4,22.22,4,22.22,0.08585708809205138,0.4070101179518947,0.31902957143565763,0.29226384473459505,-0.15956635973966043,0.8209165637931468,middle,,,,
2019,HV Patel,Punjab Kings,0,24,9.25,8,33.33,4,16.67,0.03507137077169223,0.3291180065342156,0.4298392868811443,0.23066894900844942,-0.1278693528071807,0.8526135707256266,middle,,,,
2019,I Sharma,Delhi Capitals,2,30,9.4,9,30.0,7,23.33,0.1366428054124105,0.3347352261076059,0.39662629386283016,0.30458282387982427,-0.004752649384584792,0.9757302741482226,middle,I Sharma,2019.0,15886778.083,-0.029915753589272266
2019,I Sharma,Royal Challengers Bengaluru,0,6,14.0,2,33.33,2,33.33,0.03507137077169223,0.5069966263582423,0.4298392868811443,0.41556461798098765,-0.3071513824609098,0.6733315410718975,middle,I Sharma,2019.0,15886778.083,-1.9333774340914596
2019,Imran Tahir,Chennai Super Kings,19,264,6.66,104,39.39,32,12.12,0.999999999858516,0.2321273485670094,0.49028094985140974,0.18017223269242,1.4253479593511054,2.4058308828839126,middle,,,,
2019,Imran Tahir,Royal Challengers Bengaluru,3,42,4.57,23,54.76,3,7.14,0.18742852273276964,0.15386075584443767,0.6435793590680731,0.12490329923004062,0.32614732729801804,1.3066302508308254,middle,,,,
2019,IS Sodhi,Punjab Kings,1,18,10.0,3,16.67,2,11.11,0.08585708809205138,0.3572041044011672,0.26367458307180075,0.16896307148820253,-0.111667890758957,0.8688150327738503,middle,,,,
2019,IS Sodhi,Rajasthan Royals,1,6,3.0,3,50.0,0,0.0,0.08585708809205138,0.09506719097628565,0.5961037294082606,0.04566229824180991,0.22243053853116473,1.202913462063972,middle,,,,
2019,J Suchith,Delhi Capitals,1,6,14.0,3,50.0,3,50.0,0.08585708809205138,0.5069966263582423,0.5961037294082606,0.6005712687476272,-0.2180948038755641,0.7623881196572432,middle,,,,
2019,J Yadav,Mumbai Indians,0,24,7.0,8,33.33,2,8.33,0.03507137077169223,0.24485971293336084,0.4298392868811443,0.13811013272807907,-0.041950954670422855,0.9385319688623844,middle,,,,
2019,JC Archer,Punjab Kings,0,6,10.0,1,16.67,1,16.67,0.03507137077169223,0.3572041044011672,0.26367458307180075,0.23066894900844942,-0.2001876422435451,0.7802952812892622,middle,,,,
2019,JC Archer,Rajasthan Royals,1,48,4.63,22,45.83,2,4.17,0.08585708809205138,0.1561076436737938,0.5545126840970384,0.09194170638199507,0.1518649811517545,1.1323479046845617,middle,,,,
2019,JC Archer,Royal Challengers Bengaluru,0,6,11.0,2,33.33,1,16.67,0.03507137077169223,0.394652234890436,0.4298392868811443,0.23066894900844942,-0.18029673549215708,0.8001861880406502,middle,,,,
2019,JD Unadkat,Punjab Kings,0,24,15.0,4,16.67,10,41.67,0.03507137077169223,0.5444447568475111,0.26367458307180075,0.5081234342613581,-0.40547106125120197,0.5750118622816054,middle,JD Unadkat,2019.0,121317214.452,-0.3342238470300762
2019,JD Unadkat,Rajasthan Royals,2,84,9.29,19,22.62,14,16.67,0.1366428054124105,0.3306159317537863,0.32301912014656625,0.23066894900844942,-0.008756591042133277,0.971726332490674,middle,JD Unadkat,2019.0,121317214.452,-0.007217929526067286
2019,JJ Bumrah,Mumbai Indians,4,78,5.23,39,50.0,6,7.69,0.23821424005312877,0.17857652196735507,0.5961037294082606,0.1310072979056046,0.3670898017471664,1.3475727252799736,middle,,,,
2019,JP Behrendorff,Mumbai Indians,1,24,6.0,10,41.67,2,8.33,0.08585708809205138,0.20741158244409202,0.5130213775035888,0.13811013272807907,0.08914075288826424,1.0696236764210716,middle,,,,
2019,JP Behrendorff,Punjab Kings,1,6,4.0,2,33.33,0,0.0,0.08585708809205138,0.13251532146555445,0.4298392868811443,0.04566229824180991,0.1425927013816148,1.123075624914422,middle,,,,
2019,JP Behrendorff,Royal Challengers Bengaluru,0,6,17.0,2,33.33,3,50.0,0.03507137077169223,0.6193410178260487,0.4298392868811443,0.6005712687476272,-0.43402822578848277,0.5464546977443245,middle,,,,
2019,K Gowtham,Punjab Kings,1,12,11.0,3,25.0,3,25.0,0.08585708809205138,0.394652234890436,0.34675693497647253,0.32311678349471856,-0.14753243198027374,0.8329504915525335,middle,,,,
2019,K Gowtham,Rajasthan Royals,0,42,7.71,13,30.95,6,14.29,0.03507137077169223,0.2714478855807417,0.40610147205123803,0.20425528201237247,-0.08357186709415812,0.8969110564386492,middle,,,,
2019,K Gowtham,Royal Challengers Bengaluru,0,6,2.0,4,66.67,0,0.0,0.03507137077169223,0.05761906048701689,0.762368171935377,0.04566229824180991,0.22608979970017593,1.2065727232329833,middle,,,,
2019,K Khejroliya,Royal Challengers Bengaluru,0,12,8.5,6,50.0,2,16.67,0.03507137077169223,0.30103190866726404,0.5961037294082606,0.23066894900844942,-0.055521141755484615,0.9249617817773227,middle,,,,
2019,K Rabada,Delhi Capitals,4,36,6.17,14,38.89,4,11.11,0.23821424005312877,0.21377776462726775,0.485294013962774,0.16896307148820253,0.2980947382690707,1.278577661801878,middle,,,,
2019,K Rabada,Punjab Kings,0,6,3.0,3,50.0,0,0.0,0.03507137077169223,0.09506719097628565,0.5961037294082606,0.04566229824180991,0.14625196255062603,1.1267348860834334,middle,,,,
2019,K Rabada,Royal Challengers Bengaluru,0,6,5.0,1,16.67,0,0.0,0.03507137077169223,0.16996345195482324,0.26367458307180075,0.04566229824180991,-0.013393790133142012,0.9670891333996653,middle,,,,
2019,KC Cariappa,Kolkata Knight Riders,0,6,14.0,0,0.0,2,33.33,0.03507137077169223,0.5069966263582423,0.09741014054468441,0.41556461798098765,-0.4068801263618477,0.5736027971709596,middle,,,,
2019,KH Pandya,Mumbai Indians,6,174,7.0,49,28.16,17,9.77,0.339785674693847,0.24485971293336084,0.3782743697926505,0.1540915110786466,0.39645475041614764,1.376937673948955,middle,,,,
2019,KH Pandya,Punjab Kings,0,12,8.5,2,16.67,1,8.33,0.03507137077169223,0.30103190866726404,0.26367458307180075,0.13811013272807907,-0.1367381224003485,0.8437448011324589,middle,,,,
2019,KH Pandya,Royal Challengers Bengaluru,0,6,10.0,1,16.67,1,16.67,0.03507137077169223,0.3572041044011672,0.26367458307180075,0.23066894900844942,-0.2001876422435451,0.7802952812892622,middle,,,,
2019,KK Ahmed,Sunrisers Hyderabad,5,42,7.71,15,35.71,5,11.9,0.28899995737348794,0.2714478855807417,0.45357710171105053,0.17773063322219443,0.3168686314645148,1.2973515549973222,middle,,,,
2019,KMA Paul,Delhi Capitals,6,114,7.21,38,33.33,12,10.53,0.339785674693847,0.25272382033610724,0.4298392868811443,0.16252612743033504,0.4039460163501611,1.3844289398829683,middle,KMA Paul,2019.0,7221262.765000001,5.5938418181928755
2019,Kuldeep Yadav,Kolkata Knight Riders,0,102,9.18,28,27.45,19,18.63,0.03507137077169223,0.32649663739996676,0.37119292083078775,0.2524213806522774,-0.14771665364365422,0.8327662698891531,middle,,,,
2019,Kuldeep Yadav,Royal Challengers Bengaluru,1,36,12.33,9,25.0,11,30.56,0.08585708809205138,0.4444582484411635,0.34675693497647253,0.3848226610149654,-0.1997184183249051,0.7807645052079022,middle,,,,
2019,KV Sharma,Chennai Super Kings,0,12,10.0,3,25.0,2,16.67,0.03507137077169223,0.3572041044011672,0.34675693497647253,0.23066894900844942,-0.17526293667214357,0.8052199868606638,middle,,,,
2019,LH Ferguson,Kolkata Knight Riders,0,24,10.75,5,20.83,6,25.0,0.03507137077169223,0.3852902022681188,0.3051658896652502,0.32311678349471856,-0.22869869545632532,0.7517842280764819,middle,LH Ferguson,2019.0,23108040.848,-0.9896931417105366
2019,LS Livingstone,Rajasthan Royals,0,6,13.0,3,50.0,2,33.33,0.03507137077169223,0.4695484958689735,0.5961037294082606,0.41556461798098765,-0.22731354531135986,0.7531693782214475,middle,LS Livingstone,2019.0,7221262.765000001,-3.147836503237393
2019,M Ashwin,Punjab Kings,1,138,8.13,33,23.91,20,14.49,0.08585708809205138,0.2871761003862346,0.3358854147392465,0.20647491789439576,-0.04148460732801582,0.9389983162047915,middle,M Ashwin,2019.0,2888505.106,-1.436196433990857
2019,M Ashwin,Royal Challengers Bengaluru,0,18,8.67,3,16.67,2,11.11,0.03507137077169223,0.3073980908504397,0.26367458307180075,0.16896307148820253,-0.1480016558989137,0.8324812676338936,middle,M Ashwin,2019.0,2888505.106,-5.123814930826496
2019,M Markande,Mumbai Indians,0,24,9.25,8,33.33,6,25.0,0.03507137077169223,0.3291180065342156,0.4298392868811443,0.32311678349471856,-0.14635891970443454,0.8341240038283728,middle,,,,
2019,M Prasidh Krishna,Kolkata Knight Riders,1,48,7.63,14,29.17,7,14.58,0.08585708809205138,0.26845203514160015,0.3883479802876948,0.20747375404130622,-0.010966352697155901,0.9695165708356515,middle,,,,
2019,M Prasidh Krishna,Royal Challengers Bengaluru,0,12,11.5,2,16.67,4,33.33,0.03507137077169223,0.4133763001350704,0.26367458307180075,0.41556461798098765,-0.2821045326251753,0.698378390907632,middle,,,,
2019,Mandeep Singh,Punjab Kings,0,12,13.0,1,8.33,3,25.0,0.03507137077169223,0.4695484958689735,0.1804924924493562,0.32311678349471856,-0.33350734950177735,0.6469755740310299,middle,,,,
2019,MJ McClenaghan,Mumbai Indians,0,30,6.4,15,50.0,3,10.0,0.03507137077169223,0.22239083463979956,0.5961037294082606,0.15664409234297338,0.02219668879958219,1.0026796123323896,middle,,,,
2019,MJ Santner,Chennai Super Kings,1,48,5.88,16,33.33,3,6.25,0.08585708809205138,0.20291780678537977,0.4298392868811443,0.11502591955503705,0.07239798886310912,1.0528809123959164,middle,,,,
2019,MM Ali,Punjab Kings,1,24,4.75,10,41.67,1,4.17,0.08585708809205138,0.16060141933250605,0.5130213775035888,0.09194170638199507,0.13582256864674982,1.1163054921795572,middle,,,,
2019,MM Ali,Royal Challengers Bengaluru,5,102,7.06,40,39.22,13,12.75,0.28899995737348794,0.24710660076271695,0.48858539164927356,0.18716408572079332,0.3449574558006817,1.325440379333489,middle,,,,
2019,MM Sharma,Chennai Super Kings,0,6,10.0,2,33.33,2,33.33,0.03507137077169223,0.3572041044011672,0.4298392868811443,0.41556461798098765,-0.18731736489524967,0.7931655586375577,middle,MM Sharma,2019.0,72212627.65,-0.25939696558770725
2019,Mohammad Nabi,Sunrisers Hyderabad,3,84,7.64,31,36.9,11,13.1,0.18742852273276964,0.26882651644649286,0.4654460091260036,0.19104844851433403,0.16750568397689442,1.1479886075097017,middle,,,,
2019,Mohammed Shami,Punjab Kings,5,60,9.1,16,26.67,11,18.33,0.28899995737348794,0.32350078696082524,0.36341330084451595,0.2490919268292425,0.233904911379078,1.2143878349118853,middle,Mohammed Shami,2019.0,69324122.544,0.3374076768596943
2019,Mohammed Siraj,Punjab Kings,1,6,8.0,3,50.0,1,16.67,0.08585708809205138,0.2823078434226296,0.5961037294082606,0.23066894900844942,0.03563668642076165,1.016119609953569,middle,,,,
2019,Mohammed Siraj,Royal Challengers Bengaluru,1,36,8.83,14,38.89,6,16.67,0.08585708809205138,0.31338979172872267,0.485294013962774,0.23066894900844942,-0.022471786857758774,0.9580111366750486,middle,,,,
2019,MP Stoinis,Royal Challengers Bengaluru,2,78,7.77,22,28.21,10,12.82,0.1366428054124105,0.2736947734100978,0.37877306338151406,0.18794095827950144,0.06205211674909145,1.0425350402818987,middle,,,,
2019,Mujeeb Ur Rahman,Punjab Kings,0,48,9.25,9,18.75,7,14.58,0.03507137077169223,0.3291180065342156,0.2844202363685255,0.20747375404130622,-0.1668560289675377,0.8136268945652696,middle,,,,
2019,N Rana,Kolkata Knight Riders,0,24,9.5,3,12.5,5,20.83,0.03507137077169223,0.3384800391565328,0.22208353776057843,0.2768373753545334,-0.20691938891042105,0.7735635346223863,middle,,,,
2019,N Rana,Punjab Kings,1,6,8.0,3,50.0,1,16.67,0.08585708809205138,0.2823078434226296,0.5961037294082606,0.23066894900844942,0.03563668642076165,1.016119609953569,middle,,,,
2019,N Rana,Royal Challengers Bengaluru,1,12,11.0,6,50.0,3,25.0,0.08585708809205138,0.394652234890436,0.5961037294082606,0.32311678349471856,-0.07272839365073731,0.90775452988207,middle,,,,
2019,Navdeep Saini,Punjab Kings,0,6,5.0,2,33.33,0,0.0,0.03507137077169223,0.16996345195482324,0.4298392868811443,0.04566229824180991,0.03645562100966106,1.0169385445424683,middle,,,,
2019,Navdeep Saini,Royal Challengers Bengaluru,0,48,7.63,21,43.75,8,16.67,0.03507137077169223,0.26845203514160015,0.5337670308003136,0.23066894900844942,-0.0481582525173376,0.9323246710154697,middle,,,,
2019,O Thomas,Rajasthan Royals,1,12,4.5,3,25.0,0,0.0,0.08585708809205138,0.15123938671018886,0.34675693497647253,0.04566229824180991,0.10268874361450574,1.083171667147313,middle,,,,
2019,P Negi,Royal Challengers Bengaluru,3,48,8.63,19,39.58,9,18.75,0.18742852273276964,0.30590016563086897,0.4921759854890913,0.25375316218149135,0.1333248148048884,1.1138077383376956,middle,,,,
2019,P Ray Barman,Royal Challengers Bengaluru,0,18,16.67,1,5.56,7,38.89,0.03507137077169223,0.60698313476459,0.15286486762631404,0.4772704955012346,-0.48257409046648636,0.49790883306632094,middle,P Ray Barman,2019.0,21663788.295,-2.227560959769277
2019,PP Chawla,Kolkata Knight Riders,7,132,9.09,42,31.82,26,19.7,0.39057139201420626,0.3231263056559326,0.4147787404974643,0.2642964326211019,0.39893037912158225,1.3794133026543896,middle,,,,
2019,PP Chawla,Punjab Kings,0,24,10.75,4,16.67,5,20.83,0.03507137077169223,0.3852902022681188,0.26367458307180075,0.2768373753545334,-0.23189020580632314,0.7485927177264842,middle,,,,
2019,PP Chawla,Royal Challengers Bengaluru,0,18,9.0,2,11.11,3,16.67,0.03507137077169223,0.3197559739118984,0.208219855990171,0.23066894900844942,-0.186865555976619,0.7936173675561883,middle,,,,
2019,R Ashwin,Punjab Kings,12,210,7.71,58,27.62,23,10.95,0.6444999786160018,0.2714478855807417,0.3728884790329239,0.16718736278258386,0.8280207306127698,1.8085036541455772,middle,,,,
2019,R Ashwin,Royal Challengers Bengaluru,1,18,3.33,8,44.44,0,0.0,0.08585708809205138,0.10742507403774437,0.5406490023266309,0.04566229824180991,0.19590781395750886,1.1763907374903162,middle,,,,
2019,R Parag,Rajasthan Royals,1,48,9.13,9,18.75,8,16.67,0.08585708809205138,0.32462423087550335,0.2844202363685255,0.23066894900844942,-0.0917214714534579,0.8887614520793494,middle,R Parag,2019.0,2888505.106,-3.175395856594961
2019,R Tewatia,Delhi Capitals,0,30,8.0,13,43.33,6,20.0,0.03507137077169223,0.2823078434226296,0.5295780046538595,0.2676258864441368,-0.06789099447323485,0.9125919290595724,middle,,,,
2019,RA Jadeja,Chennai Super Kings,7,192,7.03,63,32.81,21,10.94,0.39057139201420626,0.2459831568480389,0.42465287355696313,0.1670763809884827,0.48305114841227076,1.463534071945078,middle,,,,
2019,RA Jadeja,Royal Challengers Bengaluru,2,36,5.83,14,38.89,2,5.56,0.1366428054124105,0.20104540026091636,0.485294013962774,0.10736817576205676,0.16824245694630352,1.1487253804791109,middle,,,,
2019,Rashid Khan,Sunrisers Hyderabad,10,258,6.21,111,43.02,31,12.02,0.5429285439752836,0.21527568984683845,0.5264861044029054,0.17906241475140836,0.7643056124560444,1.7447885359888518,middle,,,,
2019,RD Chahar,Mumbai Indians,9,156,6.31,64,41.03,15,9.62,0.4921428266549244,0.21902050289576536,0.506638099566135,0.15242678416712913,0.6845039107021891,1.6649868342349965,middle,,,,
2019,RD Chahar,Punjab Kings,0,24,6.75,12,50.0,3,12.5,0.03507137077169223,0.23549768031104362,0.5961037294082606,0.18438954086826423,0.0061621225575287444,0.9866450460903361,middle,,,,
2019,RD Chahar,Royal Challengers Bengaluru,0,24,7.75,9,37.5,4,16.67,0.03507137077169223,0.2729458108003124,0.4714303321923666,0.23066894900844942,-0.07045428262669151,0.9100286409061158,middle,,,,
2019,S Dube,Royal Challengers Bengaluru,0,6,5.0,1,16.67,0,0.0,0.03507137077169223,0.16996345195482324,0.26367458307180075,0.04566229824180991,-0.013393790133142012,0.9670891333996653,middle,,,,
2019,S Gopal,Punjab Kings,0,24,8.0,4,16.67,3,12.5,0.03507137077169223,0.2823078434226296,0.26367458307180075,0.18438954086826423,-0.13101475183267797,0.8494681717001293,middle,,,,
2019,S Gopal,Rajasthan Royals,11,168,8.14,49,29.17,24,14.29,0.5937142612956428,0.28755058169112724,0.3883479802876948,0.20425528201237247,0.7361842642743963,1.7166671878072037,middle,,,,
2019,S Gopal,Royal Challengers Bengaluru,2,18,1.67,13,72.22,0,0.0,0.1366428054124105,0.045261177425558165,0.8177231602992339,0.04566229824180991,0.40493975461957743,1.3854226781523846,middle,,,,
2019,S Kaul,Sunrisers Hyderabad,4,84,7.93,34,40.48,14,16.67,0.23821424005312877,0.2796864742883808,0.5011524700886356,0.23066894900844942,0.23778413187388933,1.2182670554066966,middle,,,,
2019,S Lamichhane,Delhi Capitals,1,36,9.33,10,27.78,6,16.67,0.08585708809205138,0.3321138569733571,0.3744842985172873,0.23066894900844942,-0.07069395368711234,0.9097889698456949,middle,,,,
2019,S Lamichhane,Punjab Kings,3,24,6.75,10,41.67,3,12.5,0.18742852273276964,0.23549768031104362,0.5130213775035888,0.18438954086826423,0.2097731449277433,1.1902560684605505,middle,,,,
2019,S Lamichhane,Royal Challengers Bengaluru,1,18,9.0,4,22.22,3,16.67,0.08585708809205138,0.3197559739118984,0.31902957143565763,0.23066894900844942,-0.07744406536243431,0.903038858170373,middle,,,,
2019,S Midhun,Rajasthan Royals,0,12,14.5,3,25.0,4,33.33,0.03507137077169223,0.5257206916028767,0.34675693497647253,0.41556461798098765,-0.3470553402280188,0.6334275833047884,middle,,,,
2019,S Nadeem,Sunrisers Hyderabad,2,30,9.0,5,16.67,4,13.33,0.1366428054124105,0.3197559739118984,0.26367458307180075,0.19360102977866078,-0.01045840204509494,0.9700245214877123,middle,,,,
2019,S Sandeep Warrier,Kolkata Knight Riders,0,12,5.5,2,16.67,0,0.0,0.03507137077169223,0.18868751719945762,0.26367458307180075,0.04566229824180991,-0.028373042328849518,0.9521098812039578,middle,,,,
2019,S Sandeep Warrier,Punjab Kings,0,6,9.0,0,0.0,1,16.67,0.03507137077169223,0.3197559739118984,0.09741014054468441,0.23066894900844942,-0.22010847061026498,0.7603744529225424,middle,,,,
2019,Sandeep Sharma,Sunrisers Hyderabad,4,114,8.42,30,26.32,16,14.04,0.23821424005312877,0.2980360582281225,0.35992244572247095,0.20148073715984338,0.18657309978196773,1.167056023314775,middle,,,,
2019,SC Kuggeleijn,Chennai Super Kings,0,12,11.5,2,16.67,3,25.0,0.03507137077169223,0.4133763001350704,0.26367458307180075,0.32311678349471856,-0.2636149657279215,0.7168679578048858,middle,,,,
2019,SE Rutherford,Delhi Capitals,1,30,10.6,3,10.0,5,16.67,0.08585708809205138,0.37967298269472843,0.19714885831739962,0.23066894900844942,-0.1619418863241757,0.8185410372086316,middle,SE Rutherford,2019.0,28885051.060000002,-0.5606425482433463
2019,SE Rutherford,Punjab Kings,0,6,5.0,1,16.67,0,0.0,0.03507137077169223,0.16996345195482324,0.26367458307180075,0.04566229824180991,-0.013393790133142012,0.9670891333996653,middle,SE Rutherford,2019.0,28885051.060000002,-0.04636927975415534
2019,Shakib Al Hasan,Sunrisers Hyderabad,1,30,8.6,8,26.67,4,13.33,0.08585708809205138,0.30477672171619086,0.36341330084451595,0.19360102977866078,-0.04473196093725302,0.9357509625955542,middle,,,,
2019,SK Raina,Royal Challengers Bengaluru,0,6,6.0,1,16.67,0,0.0,0.03507137077169223,0.20741158244409202,0.26367458307180075,0.04566229824180991,-0.04335229452455705,0.9371306290082503,middle,,,,
2019,SL Malinga,Mumbai Indians,3,78,11.92,11,14.1,20,25.64,0.18742852273276964,0.42910451494056323,0.23804173260421288,0.330219618317193,-0.0567722317354709,0.9237106917973364,middle,SL Malinga,2019.0,28885051.060000002,-0.196545374344479
2019,SL Malinga,Royal Challengers Bengaluru,0,6,11.0,0,0.0,1,16.67,0.03507137077169223,0.394652234890436,0.09741014054468441,0.23066894900844942,-0.2800254793930951,0.7004574441397122,middle,SL Malinga,2019.0,28885051.060000002,-0.969447756250894
2019,SM Curran,Punjab Kings,1,72,8.83,20,27.78,10,13.89,0.08585708809205138,0.31338979172872267,0.3744842985172873,0.19981601024832593,-0.049544113739380086,0.9309388097934272,middle,SM Curran,2019.0,103986183.81600001,-0.047644900429317315
2019,SN Thakur,Chennai Super Kings,2,24,5.5,8,33.33,0,0.0,0.1366428054124105,0.18868751719945762,0.4298392868811443,0.04566229824180991,0.17383352077503098,1.1543164443078382,middle,,,,
2019,SP Narine,Kolkata Knight Riders,3,108,9.0,29,26.85,20,18.52,0.18742852273276964,0.3197559739118984,0.3652085977644248,0.2512005809171646,0.08466046811553021,1.0651433916483375,middle,,,,
2019,SP Narine,Punjab Kings,0,12,5.5,3,25.0,0,0.0,0.03507137077169223,0.18868751719945762,0.34675693497647253,0.04566229824180991,-0.0034483367574479878,0.9770345867753594,middle,,,,
2019,SP Narine,Royal Challengers Bengaluru,0,12,10.5,1,8.33,3,25.0,0.03507137077169223,0.37592816964580156,0.1804924924493562,0.32311678349471856,-0.2586110885232398,0.7218718350095675,middle,,,,
2019,STR Binny,Rajasthan Royals,1,24,8.0,5,20.83,3,12.5,0.08585708809205138,0.2823078434226296,0.3051658896652502,0.18438954086826423,-0.042388783874104434,0.9380941396587029,middle,,,,
2019,STR Binny,Royal Challengers Bengaluru,0,6,6.0,1,16.67,0,0.0,0.03507137077169223,0.20741158244409202,0.26367458307180075,0.04566229824180991,-0.04335229452455705,0.9371306290082503,middle,,,,
2019,TA Boult,Delhi Capitals,2,12,6.5,6,50.0,2,16.67,0.1366428054124105,0.2261356476887264,0.5961037294082606,0.23066894900844942,0.15675301898842292,1.1372359425212302,middle,,,,
2019,UT Yadav,Royal Challengers Bengaluru,1,48,8.13,18,37.5,9,18.75,0.08585708809205138,0.2871761003862346,0.4714303321923666,0.25375316218149135,-0.010276780949498916,0.9702061425833084,middle,,,,
2019,V Shankar,Sunrisers Hyderabad,1,36,9.5,8,22.22,8,22.22,0.08585708809205138,0.3384800391565328,0.31902957143565763,0.29226384473459505,-0.10474229670337093,0.8757406268294363,middle,,,,
2019,VR Aaron,Rajasthan Royals,1,18,10.33,6,33.33,4,22.22,0.08585708809205138,0.3695619874626259,0.4298392868811443,0.29226384473459505,-0.09636494071459942,0.8841179828182079,middle,VR Aaron,2019.0,34662061.272,-0.27801272393584675
2019,VR Aaron,Royal Challengers Bengaluru,0,6,16.0,0,0.0,3,50.0,0.03507137077169223,0.58189288733678,0.09741014054468441,0.6005712687476272,-0.5037984652980059,0.47668445823480143,middle,VR Aaron,2019.0,34662061.272,-1.4534578926065602
2019,Washington Sundar,Royal Challengers Bengaluru,4,48,8.13,18,37.5,7,14.58,0.23821424005312877,0.2871761003862346,0.4714303321923666,0.20747375404130622,0.2275148286201542,1.2079977521529615,middle,,,,
2019,Y Prithvi Raj,Kolkata Knight Riders,1,18,8.0,5,27.78,2,11.11,0.08585708809205138,0.2823078434226296,0.3744842985172873,0.16896307148820253,-0.01850796734248096,0.9619749561903264,middle,,,,
2019,YS Chahal,Punjab Kings,1,18,8.67,5,27.78,3,16.67,0.08585708809205138,0.3073980908504397,0.3744842985172873,0.23066894900844942,-0.050921340788778385,0.9295615827440289,middle,,,,
2019,YS Chahal,Royal Challengers Bengaluru,12,174,8.14,59,33.91,24,13.79,0.6444999786160018,0.28755058169112724,0.4356241325119617,0.1987061923073143,0.8276555038632267,1.8081384273960341,middle,,,,
2020,A Mishra,Delhi Capitals,3,42,7.57,10,23.81,5,11.9,0.1806256180701942,0.26893832210995966,0.34658525301252974,0.19448054417342403,0.12086723648639769,1.101350160019205,middle,,,,
2020,A Nortje,Delhi Capitals,7,80,9.45,31,38.75,20,25.0,0.37632460473164947,0.34589479784309873,0.510597623944094,0.3580319948491426,0.3693439570363949,1.3498268805692022,middle,,,,
2020,A Nortje,Royal Challengers Bengaluru,2,6,9.0,3,50.0,1,16.67,0.1317008714048304,0.32747436482186865,0.6341009153082235,0.25403324796908644,0.07499544024840044,1.0554783637812077,middle,,,,
2020,A Zampa,Royal Challengers Bengaluru,2,48,7.0,14,29.17,4,8.33,0.1317008714048304,0.24560577361640148,0.40542771005357287,0.14990965265339995,0.09271307069951626,1.0731959942323235,middle,,,,
2020,Abdul Samad,Sunrisers Hyderabad,1,30,13.0,8,26.67,9,30.0,0.08277612473946656,0.49121154723280297,0.3779825341948774,0.4204562126643024,-0.2395015329514398,0.7409813905813675,middle,Abdul Samad,2020.0,2778744.6906,-8.619054991328674
2020,Abhishek Sharma,Royal Challengers Bengaluru,1,12,8.0,2,16.67,1,8.33,0.08277612473946656,0.2865400692191351,0.26820183076009546,0.14990965265339995,-0.054589249568759615,0.9258936739640476,middle,,,,
2020,Abhishek Sharma,Sunrisers Hyderabad,0,18,8.67,4,22.22,2,11.11,0.033851378074102746,0.31396604727296656,0.3291301211663994,0.18461751775862875,-0.13858023790902504,0.8419026856237822,middle,,,,
2020,AD Russell,Kolkata Knight Riders,0,12,7.5,5,41.67,2,16.67,0.033851378074102746,0.2660729214177683,0.5426535893470503,0.25403324796908644,-0.05009184281276272,0.9303910807200446,middle,,,,
2020,AD Russell,Royal Challengers Bengaluru,1,6,11.0,2,33.33,1,16.67,0.08277612473946656,0.40934295602733584,0.4510964826824421,0.25403324796908644,-0.11878788250175351,0.8616950410310538,middle,,,,
2020,AJ Tye,Rajasthan Royals,0,12,12.0,2,16.67,3,25.0,0.033851378074102746,0.4502772516300694,0.26820183076009546,0.3580319948491426,-0.3005905839347013,0.679892339598106,middle,AJ Tye,2020.0,13893723.453,-2.1634991149172205
2020,AR Patel,Delhi Capitals,5,180,6.4,57,31.67,15,8.33,0.27847511140092185,0.22104519625476138,0.43287288591226836,0.14990965265339995,0.34075644534057414,1.3212393688733814,middle,,,,
2020,AR Patel,Royal Challengers Bengaluru,0,24,7.5,4,16.67,1,4.17,0.033851378074102746,0.2660729214177683,0.26820183076009546,0.09797270343118701,-0.1012152614812693,0.8792676620515381,middle,,,,
2020,Arshdeep Singh,Punjab Kings,0,30,10.6,6,20.0,6,20.0,0.033851378074102746,0.3929692377862424,0.3047588050038778,0.29560777703398283,-0.23129223702347304,0.7491906865093343,middle,Arshdeep Singh,2020.0,2778744.6906,-8.323623174374157
2020,AS Rajpoot,Punjab Kings,0,6,6.0,1,16.67,0,0.0,0.033851378074102746,0.20467147801366792,0.26820183076009546,0.04591090577334373,-0.041681747226420346,0.9388011763063869,middle,,,,
2020,AS Rajpoot,Rajasthan Royals,1,6,12.0,2,33.33,1,16.67,0.08277612473946656,0.4502772516300694,0.4510964826824421,0.25403324796908644,-0.15153531898394032,0.828947604548867,middle,,,,
2020,Avesh Khan,Delhi Capitals,0,12,10.0,3,25.0,3,25.0,0.033851378074102746,0.3684086604246022,0.3596491567212688,0.3580319948491426,-0.20766151318197557,0.7728214103508317,middle,,,,
2020,B Kumar,Sunrisers Hyderabad,1,12,10.5,3,25.0,3,25.0,0.08277612473946656,0.388875808225969,0.3596491567212688,0.3580319948491426,-0.15064811142502327,0.8298348121077841,middle,,,,
2020,BA Stokes,Punjab Kings,1,18,6.33,4,22.22,1,5.56,0.08277612473946656,0.21817979556256997,0.3291301211663994,0.11532663598380141,0.025294059812303385,1.0057769833451107,middle,,,,
2020,BA Stokes,Rajasthan Royals,0,18,8.33,3,16.67,2,11.11,0.033851378074102746,0.30004838676803713,0.26820183076009546,0.18461751775862875,-0.14572459662697274,0.8347583269058345,middle,,,,
2020,CH Morris,Royal Challengers Bengaluru,2,42,6.86,18,42.86,5,11.9,0.1317008714048304,0.23987497223201878,0.5557174930557893,0.19448054417342403,0.1334704684036825,1.11395339193649,middle,CH Morris,2020.0,138937234.53,0.09606529801402008
2020,CJ Jordan,Punjab Kings,2,66,7.36,26,39.39,8,12.12,0.1317008714048304,0.2603421200333856,0.51762358896392,0.19722720975729102,0.10511924581825488,1.0856021693510622,middle,CJ Jordan,2020.0,41681170.359,0.2521984025709034
2020,CJ Jordan,Royal Challengers Bengaluru,1,12,5.5,3,25.0,0,0.0,0.08277612473946656,0.18420433021230112,0.3596491567212688,0.04591090577334373,0.07551328880107085,1.0559962123338782,middle,CJ Jordan,2020.0,41681170.359,0.1811688303151633
2020,CV Varun,Kolkata Knight Riders,15,198,6.58,74,37.37,21,10.61,0.7677225780545599,0.22841336946325339,0.495447886870094,0.1783750959771128,1.081812518376843,2.0622954419096504,middle,CV Varun,2020.0,55574893.812,1.9465849490174874
2020,CV Varun,Royal Challengers Bengaluru,0,18,5.0,7,38.89,0,0.0,0.033851378074102746,0.16373718241093432,0.5121345537921809,0.04591090577334373,0.06424550616539217,1.0447284296981996,middle,CV Varun,2020.0,55574893.812,0.11560167147187596
2020,DJ Bravo,Chennai Super Kings,1,48,8.88,12,25.0,8,16.67,0.08277612473946656,0.32256224934954064,0.3596491567212688,0.25403324796908644,-0.07679751494786932,0.903685408584938,middle,,,,
2020,DJ Bravo,Punjab Kings,0,6,7.0,2,33.33,1,16.67,0.033851378074102746,0.24560577361640148,0.4510964826824421,0.25403324796908644,-0.061185256571051734,0.9192976669617555,middle,,,,
2020,DJ Bravo,Royal Challengers Bengaluru,0,6,5.0,1,16.67,0,0.0,0.033851378074102746,0.16373718241093432,0.26820183076009546,0.04591090577334373,-0.008934310744233452,0.9715486127885739,middle,,,,
2020,DJ Hooda,Punjab Kings,0,6,10.0,1,16.67,1,16.67,0.033851378074102746,0.3684086604246022,0.26820183076009546,0.25403324796908644,-0.21429596159431633,0.766186961938491,middle,,,,
2020,DL Chahar,Chennai Super Kings,1,36,7.33,8,22.22,3,8.33,0.08277612473946656,0.2591140911653036,0.3291301211663994,0.14990965265339995,-0.014369980003803212,0.9661129435290041,middle,,,,
2020,DL Chahar,Punjab Kings,0,6,11.0,1,16.67,2,33.33,0.033851378074102746,0.40934295602733584,0.26820183076009546,0.4620307417291988,-0.28864289682852573,0.6918400267042816,middle,,,,
2020,DR Sams,Delhi Capitals,0,18,6.33,5,27.78,2,11.11,0.033851378074102746,0.21817979556256997,0.39016819227613814,0.18461751775862875,-0.043639815207786196,0.9368431083250212,middle,,,,
2020,DR Sams,Royal Challengers Bengaluru,0,6,13.0,0,0.0,1,16.67,0.033851378074102746,0.49121154723280297,0.08519739813431389,0.25403324796908644,-0.3674396008286114,0.6130433227041959,middle,,,,
2020,DS Kulkarni,Mumbai Indians,0,6,9.0,0,0.0,0,0.0,0.033851378074102746,0.32747436482186865,0.08519739813431389,0.04591090577334373,-0.19482538646071537,0.785657537072092,middle,,,,
2020,DW Steyn,Royal Challengers Bengaluru,0,12,13.0,3,25.0,5,41.67,0.033851378074102746,0.49121154723280297,0.3596491567212688,0.5661543370448854,-0.3475282910676847,0.6329546324651226,middle,DW Steyn,2020.0,27787446.906,-1.2506665050708372
2020,GJ Maxwell,Punjab Kings,2,60,8.6,14,23.33,9,15.0,0.1317008714048304,0.3111006465807752,0.34131577924766016,0.23318355921882308,0.004428811773158854,0.9849117353059662,middle,,,,
2020,GJ Maxwell,Royal Challengers Bengaluru,0,18,6.67,3,16.67,1,5.56,0.033851378074102746,0.2320974560674994,0.26820183076009546,0.11532663598380141,-0.07750567571157707,0.9029772478212302,middle,,,,
2020,Harpreet Brar,Punjab Kings,0,18,11.33,4,22.22,5,27.78,0.033851378074102746,0.4228512735762379,0.3291301211663994,0.3927398599543715,-0.26731288739079073,0.7131700361420166,middle,,,,
2020,HV Patel,Delhi Capitals,2,54,8.56,12,22.22,6,11.11,0.1317008714048304,0.3094632747566659,0.3291301211663994,0.18461751775862875,0.011796220100106912,0.9922791436329143,middle,,,,
2020,I Sharma,Delhi Capitals,0,6,14.0,0,0.0,1,16.67,0.033851378074102746,0.5321458428355366,0.08519739813431389,0.25403324796908644,-0.4001870373107983,0.580295886222009,middle,,,,
2020,I Udana,Royal Challengers Bengaluru,4,60,8.8,15,25.0,10,16.67,0.229550364735558,0.31928750570132197,0.3596491567212688,0.25403324796908644,0.1459836399648428,1.12646656349765,middle,I Udana,2020.0,6946861.7265,2.101432930613302
2020,Imran Tahir,Chennai Super Kings,0,12,9.5,4,33.33,2,16.67,0.033851378074102746,0.3479415126232354,0.4510964826824421,0.25403324796908644,-0.14305384777651886,0.8374290757562884,middle,,,,
2020,Imran Tahir,Punjab Kings,1,24,6.0,6,25.0,1,4.17,0.08277612473946656,0.20467147801366792,0.3596491567212688,0.09797270343118701,0.048727211028408726,1.0292101345612161,middle,,,,
2020,Imran Tahir,Royal Challengers Bengaluru,0,24,7.5,7,29.17,3,12.5,0.033851378074102746,0.2660729214177683,0.40542771005357287,0.2019714503112432,-0.08084724706923732,0.89963567646357,middle,,,,
2020,J Yadav,Mumbai Indians,0,18,9.0,2,11.11,2,11.11,0.033851378074102746,0.32747436482186865,0.20716375965035666,0.18461751775862875,-0.18597680040295955,0.7945061231298478,middle,,,,
2020,JC Archer,Punjab Kings,0,12,12.0,3,25.0,4,33.33,0.033851378074102746,0.4502772516300694,0.3596491567212688,0.4620307417291988,-0.29395613552236055,0.6865267880104468,middle,,,,
2020,JC Archer,Rajasthan Royals,5,66,5.55,36,54.55,8,12.12,0.27847511140092185,0.1862510449924378,0.6840511353710494,0.19722720975729102,0.4344817297672891,1.4149646533000964,middle,,,,
2020,JD Unadkat,Punjab Kings,0,6,10.0,1,16.67,1,16.67,0.033851378074102746,0.3684086604246022,0.26820183076009546,0.25403324796908644,-0.21429596159431633,0.766186961938491,middle,JD Unadkat,2020.0,41681170.359,-0.5141313445581898
2020,JD Unadkat,Rajasthan Royals,0,30,8.6,3,10.0,3,10.0,0.033851378074102746,0.3111006465807752,0.19497810156909587,0.1707593414036633,-0.17376188796346995,0.8067210355693374,middle,JD Unadkat,2020.0,41681170.359,-0.41688341874006535
2020,JDS Neesham,Punjab Kings,1,54,9.78,10,18.52,10,18.52,0.08277612473946656,0.35940311539200076,0.28851126089553003,0.27713020856069553,-0.13223096864788086,0.8482519548849264,middle,JDS Neesham,2020.0,6946861.7265,-1.9034633745978138
2020,JJ Bumrah,Mumbai Indians,12,126,5.52,57,45.24,10,7.94,0.6209483380584686,0.1850230161243558,0.5818453004732674,0.14504056366381746,0.9289495715974351,1.9094324951302424,middle,,,,
2020,JJ Bumrah,Royal Challengers Bengaluru,1,12,3.5,6,50.0,0,0.0,0.08277612473946656,0.10233573900683396,0.6341009153082235,0.04591090577334373,0.22334368934153098,1.2038266128743382,middle,,,,
2020,JL Pattinson,Mumbai Indians,4,72,8.08,21,29.17,10,13.89,0.229550364735558,0.2898148128673537,0.40542771005357287,0.21932538286385758,0.19023693325275434,1.1707198567855617,middle,,,,
2020,JL Pattinson,Royal Challengers Bengaluru,0,12,13.5,3,25.0,4,33.33,0.033851378074102746,0.5116786950341697,0.3596491567212688,0.4620307417291988,-0.3430772902456408,0.6374056332871665,middle,,,,
2020,JO Holder,Punjab Kings,1,12,5.5,2,16.67,0,0.0,0.08277612473946656,0.18420433021230112,0.26820183076009546,0.04591090577334373,0.048079091012718844,1.028562014545526,middle,,,,
2020,JO Holder,Royal Challengers Bengaluru,1,12,9.0,3,25.0,2,16.67,0.08277612473946656,0.32747436482186865,0.3596491567212688,0.25403324796908644,-0.08072720732573171,0.8997557162070756,middle,,,,
2020,JO Holder,Sunrisers Hyderabad,2,18,8.0,6,33.33,2,11.11,0.1317008714048304,0.2865400692191351,0.4510964826824421,0.18461751775862875,0.06672469298494435,1.0472076165177517,middle,,,,
2020,JR Hazlewood,Chennai Super Kings,0,6,8.0,2,33.33,1,16.67,0.033851378074102746,0.2865400692191351,0.4510964826824421,0.25403324796908644,-0.09393269305323865,0.8865502304795687,middle,JR Hazlewood,2020.0,27787446.906,-0.338040027106471
2020,K Gowtham,Punjab Kings,1,30,8.6,7,23.33,4,13.33,0.08277612473946656,0.3111006465807752,0.34131577924766016,0.2123338704685597,-0.0647883704748342,0.9156945530579731,middle,,,,
2020,K Rabada,Delhi Capitals,10,121,9.02,39,32.23,23,19.01,0.5230988447277409,0.32829305073392334,0.4390206053046161,0.28324778190658123,0.5970704517145413,1.5775533752473487,middle,,,,
2020,K Rabada,Royal Challengers Bengaluru,0,6,8.0,1,16.67,1,16.67,0.033851378074102746,0.2865400692191351,0.26820183076009546,0.25403324796908644,-0.14880108862994265,0.8316818349028646,middle,,,,
2020,KA Pollard,Mumbai Indians,2,78,9.85,17,21.79,14,17.95,0.1317008714048304,0.3622685160841922,0.32440955091870377,0.27001384772976733,-0.04894341003045054,0.9315395135023568,middle,,,,
2020,KA Pollard,Royal Challengers Bengaluru,1,12,9.0,2,16.67,2,16.67,0.08277612473946656,0.32747436482186865,0.26820183076009546,0.25403324796908644,-0.10816140511408373,0.8723215184187236,middle,,,,
2020,Kartik Tyagi,Punjab Kings,0,6,8.0,3,50.0,1,16.67,0.033851378074102746,0.2865400692191351,0.6341009153082235,0.25403324796908644,-0.03903136326550422,0.941451560267303,middle,Kartik Tyagi,2020.0,18061840.4889,-0.2160984828179119
2020,Kartik Tyagi,Rajasthan Royals,4,84,7.79,29,34.52,11,13.1,0.229550364735558,0.27794386714256103,0.46416038639118123,0.20946235644906236,0.2193260980168301,1.1998090215496373,middle,Kartik Tyagi,2020.0,18061840.4889,1.214306471987825
2020,KH Pandya,Mumbai Indians,3,150,8.92,35,23.33,21,14.0,0.1806256180701942,0.3241996211736499,0.34131577924766016,0.2206987156557911,0.06983372080951117,1.0503166443423184,middle,,,,
2020,KH Pandya,Royal Challengers Bengaluru,0,24,6.5,9,37.5,3,12.5,0.033851378074102746,0.2251386258150347,0.49687503601474625,0.2019714503112432,-0.020665612798698406,0.9598173107341089,middle,,,,
2020,KK Ahmed,Sunrisers Hyderabad,2,30,8.4,12,40.0,5,16.67,0.1317008714048304,0.3029137874602285,0.5243202118734417,0.25403324796908644,0.06170969110727797,1.0421926146400853,middle,,,,
2020,KL Nagarkoti,Kolkata Knight Riders,4,90,9.8,20,22.22,17,18.89,0.229550364735558,0.3602218013040555,0.3291301211663994,0.2817496006790174,0.09853722227420891,1.079020145807016,middle,,,,
2020,KL Nagarkoti,Royal Challengers Bengaluru,0,24,9.0,4,16.67,3,12.5,0.033851378074102746,0.32747436482186865,0.26820183076009546,0.2019714503112432,-0.17113616558056083,0.8093467579522464,middle,,,,
2020,KS Williamson,Sunrisers Hyderabad,0,12,12.0,0,0.0,2,16.67,0.033851378074102746,0.4502772516300694,0.08519739813431389,0.25403324796908644,-0.33469216434642457,0.6457907591863827,middle,,,,
2020,Kuldeep Yadav,Kolkata Knight Riders,0,54,8.44,8,14.81,4,7.41,0.033851378074102746,0.30455115928433785,0.24778261992122597,0.13842359657541053,-0.14621379365503048,0.8342691298777768,middle,,,,
2020,KV Sharma,Chennai Super Kings,4,78,7.69,21,26.92,9,11.54,0.229550364735558,0.2738504375822877,0.38072705178074695,0.1899860004907325,0.20146611247358442,1.1819490360063918,middle,,,,
2020,KV Sharma,Royal Challengers Bengaluru,0,24,8.5,5,20.83,3,12.5,0.033851378074102746,0.3070072170205019,0.31387060338896466,0.2019714503112432,-0.14106181555080663,0.8394211079820006,middle,,,,
2020,L Ngidi,Chennai Super Kings,1,24,8.75,7,29.17,5,20.83,0.08277612473946656,0.31724079092118523,0.40542771005357287,0.3059701971912993,-0.06919417204993634,0.9112887514828709,middle,,,,
2020,L Ngidi,Punjab Kings,1,6,1.0,5,83.33,0,0.0,0.08277612473946656,0.0,0.9999999998563519,0.04591090577334373,0.4149820059114367,1.395464929444244,middle,,,,
2020,LH Ferguson,Kolkata Knight Riders,2,60,7.3,22,36.67,10,16.67,0.1317008714048304,0.25788606229722155,0.48776323762965934,0.25403324796908644,0.08676477896454884,1.0672477024973561,middle,,,,
2020,M Ashwin,Punjab Kings,5,102,7.71,38,37.25,17,16.67,0.27847511140092185,0.2746691234943423,0.4941305184288766,0.25403324796908644,0.2954098742407546,1.275892797773562,middle,,,,
2020,M Ashwin,Royal Challengers Bengaluru,1,12,5.5,3,25.0,0,0.0,0.08277612473946656,0.18420433021230112,0.3596491567212688,0.04591090577334373,0.07551328880107085,1.0559962123338782,middle,,,,
2020,M Prasidh Krishna,Kolkata Knight Riders,1,15,6.8,6,40.0,2,13.33,0.08277612473946656,0.23741891449585478,0.5243202118734417,0.2123338704685597,0.049058344980836555,1.0295412685136438,middle,,,,
2020,M Prasidh Krishna,Royal Challengers Bengaluru,1,6,9.0,3,50.0,2,33.33,0.08277612473946656,0.32747436482186865,0.6341009153082235,0.4620307417291988,-0.03999117850166778,0.9404917450311395,middle,,,,
2020,MJ Santner,Chennai Super Kings,1,12,7.5,3,25.0,2,16.67,0.08277612473946656,0.2660729214177683,0.3596491567212688,0.25403324796908644,-0.03160605260245145,0.9488768709303559,middle,,,,
2020,MJ Santner,Royal Challengers Bengaluru,0,12,5.5,4,33.33,1,8.33,0.033851378074102746,0.18420433021230112,0.4510964826824421,0.14990965265339995,0.008760617215365862,0.9892435407481732,middle,,,,
2020,MM Ali,Royal Challengers Bengaluru,1,24,9.25,7,29.17,4,16.67,0.08277612473946656,0.33770793872255206,0.40542771005357287,0.25403324796908644,-0.07518050044658722,0.9053024230862201,middle,,,,
2020,MM Sharma,Delhi Capitals,0,6,14.0,0,0.0,2,33.33,0.033851378074102746,0.5321458428355366,0.08519739813431389,0.4620307417291988,-0.44178653606282076,0.5386963874699866,middle,MM Sharma,2020.0,6946861.7265,-6.359512445419058
2020,Mohammad Nabi,Sunrisers Hyderabad,0,24,6.0,4,16.67,0,0.0,0.033851378074102746,0.20467147801366792,0.26820183076009546,0.04591090577334373,-0.041681747226420346,0.9388011763063869,middle,,,,
2020,Mohammed Shami,Punjab Kings,3,48,5.75,17,35.42,3,6.25,0.1806256180701942,0.19443790411298453,0.4740406497003116,0.12394117804229346,0.23281206311653843,1.2132949866493457,middle,,,,
2020,Mohammed Siraj,Royal Challengers Bengaluru,1,42,11.0,12,28.57,11,26.19,0.08277612473946656,0.40934295602733584,0.39884086784748596,0.3728889586891506,-0.15823570909625317,0.8222472144365541,middle,,,,
2020,Monu Kumar,Royal Challengers Bengaluru,0,6,13.0,0,0.0,1,16.67,0.033851378074102746,0.49121154723280297,0.08519739813431389,0.25403324796908644,-0.3674396008286114,0.6130433227041959,middle,,,,
2020,MP Stoinis,Delhi Capitals,3,90,10.0,22,24.44,19,21.11,0.1806256180701942,0.3684086604246022,0.353501437328921,0.3094659533889483,0.020368739286496157,1.0008516628193034,middle,MP Stoinis,2020.0,66689872.5744,0.030542477441042572
2020,Mujeeb Ur Rahman,Punjab Kings,0,30,11.6,6,20.0,7,23.33,0.033851378074102746,0.4339035333889759,0.3047588050038778,0.3371823060988792,-0.27235457931863916,0.7081283442141681,middle,,,,
2020,N Rana,Kolkata Knight Riders,0,12,11.5,0,0.0,3,25.0,0.033851378074102746,0.42981010382870255,0.08519739813431389,0.3580319948491426,-0.3391181954813423,0.6413647280514649,middle,,,,
2020,Navdeep Saini,Punjab Kings,0,6,14.0,1,16.67,3,50.0,0.033851378074102746,0.5321458428355366,0.26820183076009546,0.6701530839249414,-0.4285096747142348,0.5519732488185725,middle,,,,
2020,Navdeep Saini,Royal Challengers Bengaluru,1,90,8.4,37,41.11,16,17.78,0.08277612473946656,0.3029137874602285,0.5365058699547025,0.26789142432405194,-0.010793366737382598,0.9696895567954247,middle,,,,
2020,NM Coulter-Nile,Mumbai Indians,3,66,6.82,30,45.45,9,13.64,0.1806256180701942,0.23823760040790945,0.584150695245398,0.21620417197309963,0.21235272095796318,1.1928356444907704,middle,NM Coulter-Nile,2020.0,111149787.624,0.19105094620271765
2020,P Dubey,Delhi Capitals,0,42,9.71,10,23.81,9,21.43,0.033851378074102746,0.35653771469980955,0.34658525301252974,0.31346110332911853,-0.19316974941075832,0.7873131741220489,middle,,,,
2020,PJ Cummins,Kolkata Knight Riders,2,54,10.22,14,25.93,13,24.07,0.1317008714048304,0.37741420545720367,0.3698587621407035,0.34642109033552293,-0.06270664668341092,0.9177762768493964,middle,PJ Cummins,2020.0,215352713.5215,-0.02911811309828261
2020,PP Chawla,Chennai Super Kings,4,96,8.81,30,31.25,17,17.71,0.229550364735558,0.3196968486573493,0.4282620963680075,0.2670174852746397,0.16364320003293184,1.1441261235657392,middle,,,,
2020,PP Chawla,Punjab Kings,1,12,11.0,2,16.67,2,16.67,0.08277612473946656,0.40934295602733584,0.26820183076009546,0.25403324796908644,-0.17365627807845752,0.8068266454543498,middle,,,,
2020,R Ashwin,Delhi Capitals,5,156,8.81,36,23.08,25,16.03,0.27847511140092185,0.3196968486573493,0.33857126166179063,0.24604294808874602,0.2143179770562913,1.1948009005890987,middle,,,,
2020,R Ashwin,Royal Challengers Bengaluru,1,12,3.0,6,50.0,0,0.0,0.08277612473946656,0.08186859120546718,0.6341009153082235,0.04591090577334373,0.23971740758262444,1.2202003311154317,middle,,,,
2020,R Parag,Rajasthan Royals,0,12,13.5,3,25.0,3,25.0,0.033851378074102746,0.5116786950341697,0.3596491567212688,0.3580319948491426,-0.32227754086962956,0.6582053826631777,middle,,,,
2020,R Tewatia,Punjab Kings,0,24,10.25,6,25.0,5,20.83,0.033851378074102746,0.37864223432528565,0.3596491567212688,0.3059701971912993,-0.20543601277095364,0.7750469107618536,middle,,,,
2020,R Tewatia,Rajasthan Royals,9,222,6.81,76,34.23,20,9.01,0.4741740980623771,0.23782825745188207,0.46097674599157246,0.15839934627626165,0.6276116956742794,1.6080946192070869,middle,,,,
2020,RA Jadeja,Chennai Super Kings,4,108,9.5,28,25.93,20,18.52,0.229550364735558,0.3479415126232354,0.3698587621407035,0.27713020856069553,0.12150392393482062,1.101986847467628,middle,,,,
2020,RA Jadeja,Punjab Kings,1,36,6.83,11,30.56,2,5.56,0.08277612473946656,0.2386469433639368,0.42068722783100754,0.11532663598380141,0.03638747357059237,1.0168703971033997,middle,,,,
2020,RA Jadeja,Royal Challengers Bengaluru,0,24,4.0,10,41.67,0,0.0,0.033851378074102746,0.12280288680820076,0.5426535893470503,0.04591090577334373,0.10614865331403986,1.086631576846847,middle,,,,
2020,Rashid Khan,Punjab Kings,2,18,1.67,13,72.22,0,0.0,0.1317008714048304,0.027425978053831495,0.8780336383403092,0.04591090577334373,0.42983843501160446,1.4103213585444117,middle,,,,
2020,Rashid Khan,Royal Challengers Bengaluru,1,66,6.55,27,40.91,6,9.09,0.08277612473946656,0.22718534059517137,0.5343102558860068,0.1593981337613042,0.07082936464660393,1.0513122881794112,middle,,,,
2020,Rashid Khan,Sunrisers Hyderabad,13,258,5.26,110,42.64,16,6.2,0.6698730847238323,0.17438009926764506,0.5533023175802242,0.12331693586414186,1.0066328557728714,1.9871157793056788,middle,,,,
2020,Ravi Bishnoi,Punjab Kings,10,240,6.9,92,38.33,28,11.67,0.5230988447277409,0.24151234405612815,0.5059868343998332,0.19160903015392666,0.7049126361358735,1.685395559668681,middle,,,,
2020,Ravi Bishnoi,Royal Challengers Bengaluru,0,12,11.0,3,25.0,2,16.67,0.033851378074102746,0.40934295602733584,0.3596491567212688,0.25403324796908644,-0.21960920028815126,0.7608737232446561,middle,,,,
2020,RD Chahar,Mumbai Indians,11,216,8.56,62,28.7,33,15.28,0.5720235913931048,0.3094632747566659,0.4002680169921381,0.236679315416472,0.6832093092986714,1.6636922328314787,middle,,,,
2020,RD Chahar,Royal Challengers Bengaluru,2,42,8.57,14,33.33,8,19.05,0.1317008714048304,0.3098726177126932,0.4510964826824421,0.2837471756491025,0.02823272261200313,1.0087156461448104,middle,,,,
2020,S Dube,Punjab Kings,2,12,5.0,3,25.0,0,0.0,0.1317008714048304,0.16373718241093432,0.3596491567212688,0.04591090577334373,0.16527412704021002,1.1457570505730172,middle,,,,
2020,S Dube,Royal Challengers Bengaluru,0,18,7.67,5,27.78,2,11.11,0.033851378074102746,0.27303175167023297,0.39016819227613814,0.18461751775862875,-0.08752138009391658,0.8929615434388907,middle,,,,
2020,S Gopal,Punjab Kings,0,18,12.33,4,22.22,5,27.78,0.033851378074102746,0.46378556917897146,0.3291301211663994,0.3927398599543715,-0.30006032387297754,0.6804225996598298,middle,,,,
2020,S Gopal,Rajasthan Royals,8,174,9.07,48,27.59,31,17.82,0.4252493513970133,0.33033976551405997,0.3880823589108773,0.26839081806657317,0.4363487587442206,1.416831682277028,middle,,,,
2020,S Kaul,Sunrisers Hyderabad,0,6,15.0,2,33.33,2,33.33,0.033851378074102746,0.5730801384382701,0.4510964826824421,0.4620307417291988,-0.3647642471805691,0.6157186763522382,middle,,,,
2020,S Nadeem,Royal Challengers Bengaluru,2,36,8.67,5,13.89,4,11.11,0.1317008714048304,0.31396604727296656,0.23768279520522606,0.18461751775862875,-0.019240195701285594,0.9612427278315218,middle,,,,
2020,S Nadeem,Sunrisers Hyderabad,2,60,7.7,13,21.67,6,10.0,0.1317008714048304,0.274259780538315,0.3230921824774864,0.1707593414036633,0.04091926913910682,1.0214021926719141,middle,,,,
2020,S Sandeep Warrier,Kolkata Knight Riders,0,6,10.0,2,33.33,1,16.67,0.033851378074102746,0.3684086604246022,0.4510964826824421,0.25403324796908644,-0.15942756601761232,0.821055357515195,middle,,,,
2020,Sandeep Sharma,Punjab Kings,1,6,7.0,2,33.33,0,0.0,0.08277612473946656,0.24560577361640148,0.4510964826824421,0.04591090577334373,0.05382633186614254,1.03430925539895,middle,,,,
2020,Sandeep Sharma,Royal Challengers Bengaluru,0,6,6.0,1,16.67,0,0.0,0.033851378074102746,0.20467147801366792,0.26820183076009546,0.04591090577334373,-0.041681747226420346,0.9388011763063869,middle,,,,
2020,Sandeep Sharma,Sunrisers Hyderabad,1,30,7.0,8,26.67,3,10.0,0.08277612473946656,0.24560577361640148,0.3779825341948774,0.1707593414036633,0.00692246019380921,0.9874053837266166,middle,,,,
2020,Shahbaz Ahmed,Royal Challengers Bengaluru,1,30,7.8,7,23.33,3,10.0,0.08277612473946656,0.2783532100985883,0.34131577924766016,0.1707593414036633,-0.030275515476105422,0.9502074080567019,middle,Shahbaz Ahmed,2020.0,2778744.6906,-1.089539300912463
2020,Shivam Mavi,Kolkata Knight Riders,1,42,9.71,12,28.57,10,23.81,0.08277612473946656,0.35653771469980955,0.39884086784748596,0.3431750310091346,-0.11004873049822896,0.8704341930345784,middle,,,,
2020,SM Curran,Chennai Super Kings,1,30,8.4,4,13.33,4,13.33,0.08277612473946656,0.3029137874602285,0.23153507581287824,0.2123338704685597,-0.09117309420883143,0.8893098293239758,middle,SM Curran,2020.0,76415478.9915,-0.11931233751603255
2020,SM Curran,Punjab Kings,0,6,11.0,1,16.67,1,16.67,0.033851378074102746,0.40934295602733584,0.26820183076009546,0.25403324796908644,-0.24704339807650325,0.7334395254563041,middle,SM Curran,2020.0,76415478.9915,-0.32328973309711617
2020,SM Curran,Royal Challengers Bengaluru,1,6,9.0,2,33.33,1,16.67,0.08277612473946656,0.32747436482186865,0.4510964826824421,0.25403324796908644,-0.05329300953737973,0.9271899139954276,middle,SM Curran,2020.0,76415478.9915,-0.06974111821416146
2020,SN Thakur,Chennai Super Kings,3,68,8.03,22,32.35,10,14.71,0.1806256180701942,0.28776809808721704,0.44033797374583356,0.22956295458554382,0.12691274984215895,1.1073956733749664,middle,,,,
2020,SN Thakur,Punjab Kings,1,12,10.0,4,33.33,3,25.0,0.08277612473946656,0.3684086604246022,0.4510964826824421,0.3580319948491426,-0.10684019539557783,0.8736427281372294,middle,,,,
2020,SN Thakur,Royal Challengers Bengaluru,2,6,2.0,4,66.67,0,0.0,0.1317008714048304,0.04093429560273361,0.8171053479340051,0.04591090577334373,0.4007532938505915,1.3812362173833987,middle,,,,
2020,SP Narine,Kolkata Knight Riders,3,144,7.38,38,26.39,13,9.03,0.1806256180701942,0.2611608059454403,0.3749086744987035,0.15864904314752226,0.1427525760690457,1.123235499601853,middle,,,,
2020,SS Cottrell,Punjab Kings,0,18,7.0,5,27.78,1,5.56,0.033851378074102746,0.24560577361640148,0.39016819227613814,0.11532663598380141,-0.05172242129588592,0.9287605022369214,middle,SS Cottrell,2020.0,118096649.3505,-0.043796688204403265
2020,T Natarajan,Punjab Kings,0,18,5.0,6,33.33,0,0.0,0.033851378074102746,0.16373718241093432,0.4510964826824421,0.04591090577334373,0.04593408483247054,1.026417008365278,middle,,,,
2020,T Natarajan,Royal Challengers Bengaluru,1,24,6.25,6,25.0,2,8.33,0.08277612473946656,0.2149050519143513,0.3596491567212688,0.14990965265339995,0.030152962063419442,1.0106358855962267,middle,,,,
2020,T Natarajan,Sunrisers Hyderabad,2,90,8.07,20,22.22,12,13.33,0.1317008714048304,0.28940546991132643,0.3291301211663994,0.2123338704685597,0.022299193434392295,1.0027821169671995,middle,,,,
2020,TA Boult,Mumbai Indians,1,24,12.25,4,16.67,8,33.33,0.08277612473946656,0.46051082553075273,0.26820183076009546,0.4620307417291988,-0.25619007243321346,0.7242928510995938,middle,,,,
2020,TA Boult,Royal Challengers Bengaluru,1,6,7.0,2,33.33,1,16.67,0.08277612473946656,0.24560577361640148,0.4510964826824421,0.25403324796908644,0.012201863426993996,0.9926847869598013,middle,,,,
2020,TK Curran,Punjab Kings,0,12,13.0,1,8.33,4,33.33,0.033851378074102746,0.49121154723280297,0.17664472409548732,0.4620307417291988,-0.3816049017922818,0.5988780217405255,middle,TK Curran,2020.0,13893723.453,-2.7465992329787143
2020,TK Curran,Rajasthan Royals,1,24,7.75,5,20.83,2,8.33,0.08277612473946656,0.2763064953184517,0.31387060338896466,0.14990965265339995,-0.03270175865955212,0.9477811648732551,middle,TK Curran,2020.0,13893723.453,-0.23537073247626067
2020,TU Deshpande,Delhi Capitals,1,48,11.88,7,14.58,12,25.0,0.08277612473946656,0.4453651361577413,0.245257663742226,0.3580319948491426,-0.23015702166415392,0.7503259018686534,middle,TU Deshpande,2020.0,2778744.6906,-8.28276964208818
2020,TU Deshpande,Delhi Capitals,1,48,11.88,7,14.58,12,25.0,0.08277612473946656,0.4453651361577413,0.245257663742226,0.3580319948491426,-0.23015702166415392,0.7503259018686534,middle,TU Deshpande,2020.0,2778744.6906,-8.28276964208818
2020,UT Yadav,Punjab Kings,0,7,17.14,1,14.29,3,42.86,0.033851378074102746,0.6606795310281199,0.24207402334261732,0.5810113008848933,-0.5213466108855352,0.45913631264727206,middle,,,,
2020,UT Yadav,Royal Challengers Bengaluru,0,12,13.5,1,8.33,4,33.33,0.033851378074102746,0.5116786950341697,0.17664472409548732,0.4620307417291988,-0.39797862003337525,0.582504303499432,middle,,,,
2020,V Shankar,Royal Challengers Bengaluru,1,6,4.0,3,50.0,0,0.0,0.08277612473946656,0.12280288680820076,0.6341009153082235,0.04591090577334373,0.20696997110043758,1.1874528946332448,middle,,,,
2020,V Shankar,Sunrisers Hyderabad,3,59,6.0,21,35.59,5,8.47,0.1806256180701942,0.20467147801366792,0.4759069216587029,0.1516575307522244,0.21964181504152294,1.2001247385743303,middle,,,,
2020,VR Aaron,Punjab Kings,0,6,14.0,3,50.0,2,33.33,0.033851378074102746,0.5321458428355366,0.6341009153082235,0.4620307417291988,-0.27711548091064786,0.7033674426221594,middle,,,,
2020,Washington Sundar,Punjab Kings,0,12,6.5,2,16.67,1,8.33,0.033851378074102746,0.2251386258150347,0.26820183076009546,0.14990965265339995,-0.07885521484352499,0.9016277086892823,middle,,,,
2020,Washington Sundar,Royal Challengers Bengaluru,3,138,5.61,42,30.43,6,4.35,0.1806256180701942,0.18870710272860183,0.4192600786863554,0.10021997527253274,0.2257067734738099,1.2061896970066173,middle,,,,
2020,YS Chahal,Punjab Kings,0,18,6.0,6,33.33,1,5.56,0.033851378074102746,0.20467147801366792,0.4510964826824421,0.11532663598380141,-0.000696497691807893,0.9797864258409994,middle,,,,
2020,YS Chahal,Royal Challengers Bengaluru,16,229,6.66,77,33.62,23,10.04,0.8166473247199239,0.23168811311147208,0.4542801230820508,0.17125873514618456,1.1416527864860864,2.1221357100188936,middle,,,,
2021,A Mishra,Delhi Capitals,4,42,7.14,17,40.48,5,11.9,0.20765270705720684,0.260042236067185,0.49833309778833645,0.18871438039139873,0.21520232499028347,1.1956852485230907,middle,,,,
2021,A Mishra,Royal Challengers Bengaluru,1,12,8.0,2,16.67,1,8.33,0.059680667568079014,0.29622011059657793,0.24188207395026812,0.14016551777627853,-0.10292356849531913,0.8775593550374882,middle,,,,
2021,A Nortje,Delhi Capitals,3,48,7.5,16,33.33,6,12.5,0.15832869389416424,0.2751864626143728,0.42132239554380946,0.19687385309982228,0.10436581879292646,1.0848487423257338,middle,,,,
2021,Abdul Samad,Sunrisers Hyderabad,1,6,9.0,1,16.67,1,16.67,0.059680667568079014,0.3382874065609883,0.24188207395026812,0.2535821884233661,-0.15926073939626492,0.8212221841365424,middle,,,,
2021,Abhishek Sharma,Sunrisers Hyderabad,4,42,6.29,15,35.71,3,7.14,0.20765270705720684,0.22428503449743623,0.44695672720002966,0.12398256357123845,0.24134153843362247,1.2218244619664298,middle,,,,
2021,AD Russell,Kolkata Knight Riders,1,48,10.5,13,27.08,12,25.0,0.059680667568079014,0.40138835050760385,0.3540053481272648,0.3668628678586466,-0.19876064818751443,0.7817222753452928,middle,,,,
2021,AD Russell,Royal Challengers Bengaluru,2,6,1.0,5,83.33,0,0.0,0.10900468073112161,0.0017490388457054695,0.9598587748761664,0.026884838340998026,0.4446884548147684,1.4251713783475757,middle,,,,
2021,AF Milne,Mumbai Indians,0,12,4.0,5,41.67,0,0.0,0.010356654405036404,0.12795092673893654,0.5111502636164466,0.026884838340998026,0.06114235163313973,1.041625275165947,middle,AF Milne,2021.0,42435730.6976,0.14408224066846975
2021,AF Milne,Royal Challengers Bengaluru,1,12,9.5,4,33.33,3,25.0,0.059680667568079014,0.3593210545431935,0.42132239554380946,0.3668628678586466,-0.14491169719102276,0.8355712263417845,middle,AF Milne,2021.0,42435730.6976,-0.3414850994876787
2021,Akash Singh,Rajasthan Royals,0,12,10.5,2,16.67,3,25.0,0.010356654405036404,0.40138835050760385,0.24188207395026812,0.3668628678586466,-0.3063836501851774,0.6740992733476299,middle,,,,
2021,AR Patel,Delhi Capitals,8,168,6.32,57,33.93,15,8.93,0.40494875970937727,0.22554705337636857,0.4277848320957977,0.1483249904847021,0.5256559483947699,1.5061388719275772,middle,,,,
2021,AR Patel,Royal Challengers Bengaluru,1,24,8.25,5,20.83,2,8.33,0.059680667568079014,0.30673693458768053,0.28668830071072016,0.14016551777627853,-0.09789515966006557,0.8825877638727417,middle,,,,
2021,Arshdeep Singh,Punjab Kings,2,48,8.63,12,25.0,7,14.58,0.10900468073112161,0.3227225070541565,0.3316022347470388,0.22516002515569067,-0.04022231915366929,0.940260604379138,middle,Arshdeep Singh,2021.0,2652233.1686,-1.5165453637283681
2021,AU Rashid,Punjab Kings,0,12,12.0,3,25.0,3,25.0,0.010356654405036404,0.4644892944542194,0.3316022347470388,0.3668628678586466,-0.3299483571034386,0.6505345664293687,middle,,,,
2021,Avesh Khan,Delhi Capitals,7,90,6.4,39,43.33,11,12.22,0.35562474654633464,0.2289124370535214,0.5290296714102808,0.19306609916922465,0.4704028517659241,1.4508857752987314,middle,,,,
2021,B Kumar,Royal Challengers Bengaluru,0,6,7.0,2,33.33,1,16.67,0.010356654405036404,0.2541528146321676,0.42132239554380946,0.2535821884233661,-0.11210698911970989,0.8683759344130975,middle,,,,
2021,B Kumar,Sunrisers Hyderabad,0,24,12.25,2,8.33,7,29.17,0.010356654405036404,0.475006118445322,0.15205420587763097,0.4235712031821904,-0.4035678920218517,0.5769150315109556,middle,,,,
2021,BA Stokes,Rajasthan Royals,0,6,12.0,2,33.33,2,33.33,0.010356654405036404,0.4644892944542194,0.42132239554380946,0.480143547293927,-0.32568844475146347,0.6547944787813438,middle,,,,
2021,C Sakariya,Rajasthan Royals,5,102,8.76,28,27.45,15,14.71,0.2569767202202495,0.3281912555295298,0.35799051733432424,0.22692791090918246,0.18492364892521107,1.1654065724580183,middle,C Sakariya,2021.0,15913399.0116,1.1620625410725376
2021,CH Morris,Rajasthan Royals,4,90,9.4,29,32.22,17,18.89,0.20765270705720684,0.3551143249467525,0.4093668879226311,0.2837722374445333,0.09344321951629095,1.0739261430490983,middle,CH Morris,2021.0,215493944.94875,0.04336234112680714
2021,CJ Jordan,Punjab Kings,2,36,7.5,14,38.89,6,16.67,0.10900468073112161,0.2751864626143728,0.4812076409255675,0.2535821884233661,0.03700370559818118,1.0174866291309885,middle,,,,
2021,CV Varun,Kolkata Knight Riders,8,186,6.65,60,32.26,18,9.68,0.40494875970937727,0.23942926104462398,0.409797717026097,0.15852433137023156,0.5071141795621494,1.4875971030949566,middle,,,,
2021,CV Varun,Royal Challengers Bengaluru,3,54,6.56,20,37.04,5,9.26,0.15832869389416424,0.23564320440782704,0.4612817948902703,0.15281270047433504,0.1568004756871988,1.137283399220006,middle,,,,
2021,DJ Bravo,Chennai Super Kings,3,90,7.6,31,34.44,10,11.11,0.15832869389416424,0.2793931922108138,0.4332779031649877,0.17797107465864104,0.10836764309036337,1.0888505666231707,middle,,,,
2021,DJ Bravo,Royal Challengers Bengaluru,1,12,6.0,4,33.33,1,8.33,0.059680667568079014,0.21208551866775727,0.42132239554380946,0.14016551777627853,0.018216201525799836,0.9986991250586071,middle,,,,
2021,DJ Hooda,Punjab Kings,1,66,9.55,18,27.27,13,19.7,0.059680667568079014,0.36142441934141406,0.35605178636872775,0.2947875256009051,-0.15176050333057545,0.8287224202022319,middle,,,,
2021,DL Chahar,Chennai Super Kings,2,42,9.43,12,28.57,7,16.67,0.10900468073112161,0.3563763438256848,0.37005373223136906,0.2535821884233661,-0.06129437197912792,0.9191885515536794,middle,,,,
2021,DL Chahar,Royal Challengers Bengaluru,0,6,8.0,1,16.67,1,16.67,0.010356654405036404,0.29622011059657793,0.24188207395026812,0.2535821884233661,-0.19959292236930054,0.7808900011635067,middle,,,,
2021,DR Sams,Royal Challengers Bengaluru,1,6,10.0,3,50.0,1,16.67,0.059680667568079014,0.38035470252539866,0.6008704244132173,0.2535821884233661,-0.08521807102890845,0.8952648525038989,middle,,,,
2021,DS Kulkarni,Mumbai Indians,0,6,17.0,0,0.0,2,33.33,0.010356654405036404,0.6748257742762711,0.062334045080860295,0.480143547293927,-0.6016541337479896,0.3788287897848177,middle,,,,
2021,DT Christian,Royal Challengers Bengaluru,4,78,8.92,24,30.77,13,16.67,0.20765270705720684,0.3349220228838355,0.39374933292199277,0.2535821884233661,0.11094980447066645,1.0914327280034737,middle,DT Christian,2021.0,63653596.0464,0.17430249249357424
2021,FA Allen,Punjab Kings,1,48,7.75,12,25.0,6,12.5,0.059680667568079014,0.2857032866054754,0.3316022347470388,0.19687385309982228,-0.07893572812811461,0.9015471954046927,middle,FA Allen,2021.0,9945874.38225,-0.7936529770473274
2021,GD Phillips,Rajasthan Royals,1,12,10.0,4,33.33,3,25.0,0.059680667568079014,0.38035470252539866,0.42132239554380946,0.3668628678586466,-0.16173861557678687,0.8187443079560204,middle,,,,
2021,GHS Garton,Royal Challengers Bengaluru,1,18,5.33,9,50.0,1,5.56,0.059680667568079014,0.1839004303716023,0.6008704244132173,0.10249595210572306,0.10216259395765723,1.0826455174904646,middle,,,,
2021,GJ Maxwell,Royal Challengers Bengaluru,3,72,7.75,21,29.17,9,12.5,0.15832869389416424,0.2857032866054754,0.37651616878335736,0.19687385309982228,0.08251049157190878,1.062993415104716,middle,,,,
2021,Harbhajan Singh,Royal Challengers Bengaluru,0,6,11.0,1,16.67,2,33.33,0.010356654405036404,0.422421998489809,0.24188207395026812,0.480143547293927,-0.34586670445799755,0.6346162190748097,middle,,,,
2021,Harpreet Brar,Punjab Kings,4,90,5.93,30,33.33,4,4.44,0.20765270705720684,0.20914080795024853,0.42132239554380946,0.08726493638333244,0.2531101456120878,1.233593069144895,middle,,,,
2021,Harpreet Brar,Royal Challengers Bengaluru,0,18,8.33,9,50.0,3,16.67,0.010356654405036404,0.31010231826483337,0.6008704244132173,0.2535821884233661,-0.10300218336502016,0.8774807401677871,middle,,,,
2021,HV Patel,Royal Challengers Bengaluru,12,156,7.23,59,37.82,23,14.74,0.6022448123615478,0.263828292703982,0.46968296240785506,0.2273358845446036,0.7877422961925719,1.7682252197253792,middle,,,,
2021,I Sharma,Delhi Capitals,0,18,12.67,3,16.67,5,27.78,0.010356654405036404,0.4926743827503743,0.24188207395026812,0.40466842474100917,-0.3869735873558663,0.593509336176941,middle,,,,
2021,I Sharma,Royal Challengers Bengaluru,0,6,11.0,1,16.67,1,16.67,0.010356654405036404,0.422421998489809,0.24188207395026812,0.2535821884233661,-0.3005544326838854,0.6799284908489219,middle,,,,
2021,IC Porel,Punjab Kings,1,12,8.0,3,25.0,2,16.67,0.059680667568079014,0.29622011059657793,0.3316022347470388,0.2535821884233661,-0.09869085438570543,0.8817920691471018,middle,,,,
2021,Imran Tahir,Chennai Super Kings,2,24,4.0,14,58.33,1,4.17,0.10900468073112161,0.12795092673893654,0.690590585209988,0.08359317366454182,0.2516048205356212,1.2320877440684286,middle,,,,
2021,J Suchith,Sunrisers Hyderabad,0,30,10.0,7,23.33,8,26.67,0.010356654405036404,0.38035470252539866,0.313615119677338,0.38957340023042547,-0.27257892455564803,0.7079039989771593,middle,J Suchith,2021.0,3978349.7529,-6.851557592616206
2021,J Yadav,Mumbai Indians,1,60,6.2,27,45.0,6,10.0,0.059680667568079014,0.22049897786063935,0.5470167864799816,0.16287605014805748,0.04465164497799002,1.0251345685107973,middle,,,,
2021,JA Richardson,Punjab Kings,2,30,10.8,8,26.67,7,23.33,0.10900468073112161,0.414008539296927,0.3495893498167395,0.34415233548686763,-0.13165347249321085,0.8488294510395964,middle,JA Richardson,2021.0,185656321.80200002,-0.07091246407090705
2021,Jalaj S Saxena,Punjab Kings,0,12,8.5,3,25.0,2,16.67,0.010356654405036404,0.31725375857878313,0.3316022347470388,0.2535821884233661,-0.1895037925160335,0.7909791310167738,middle,Jalaj S Saxena,2021.0,3978349.7529,-4.76337688454605
2021,JD Unadkat,Rajasthan Royals,1,36,8.33,10,27.78,6,16.67,0.059680667568079014,0.31010231826483337,0.36154485743791787,0.2535821884233661,-0.10081383371304606,0.8796690898197612,middle,,,,
2021,JDS Neesham,Mumbai Indians,3,42,8.14,14,33.33,7,16.67,0.15832869389416424,0.30210953203159546,0.42132239554380946,0.2535821884233661,0.07148569619443958,1.0519686197272469,middle,JDS Neesham,2021.0,6630582.9215,1.0781208385561938
2021,JJ Bumrah,Mumbai Indians,8,72,8.17,28,38.89,11,15.28,0.40494875970937727,0.30337155091052775,0.4812076409255675,0.2346794099821848,0.462152309116877,1.4426352326496843,middle,,,,
2021,JO Holder,Royal Challengers Bengaluru,1,6,1.0,5,83.33,0,0.0,0.059680667568079014,0.0017490388457054695,0.9598587748761664,0.026884838340998026,0.37070243507020445,1.3511853586030118,middle,,,,
2021,JO Holder,Sunrisers Hyderabad,5,66,7.45,19,28.79,7,10.61,0.2569767202202495,0.27308309781615225,0.3724232923004314,0.17117151406828807,0.24449128695392416,1.2249742104867314,middle,,,,
2021,JR Hazlewood,Chennai Super Kings,3,42,7.86,13,30.95,6,14.29,0.15832869389416424,0.2903306891615605,0.3956880638875892,0.22121628001328592,0.07969165267561748,1.0601745762084247,middle,,,,
2021,JR Hazlewood,Royal Challengers Bengaluru,0,6,13.0,0,0.0,1,16.67,0.010356654405036404,0.5065565904186298,0.062334045080860295,0.2535821884233661,-0.4217265148877643,0.558756408645043,middle,,,,
2021,K Rabada,Delhi Capitals,6,132,7.59,52,39.39,18,13.64,0.3063007333832921,0.2789725192511697,0.4865930047188911,0.21237685124582711,0.33977561584050425,1.3202585393733115,middle,,,,
2021,K Rabada,Royal Challengers Bengaluru,0,12,8.5,3,25.0,2,16.67,0.010356654405036404,0.31725375857878313,0.3316022347470388,0.2535821884233661,-0.1895037925160335,0.7909791310167738,middle,,,,
2021,KA Jamieson,Royal Challengers Bengaluru,3,42,8.43,15,35.71,8,19.05,0.15832869389416424,0.3143090478612744,0.44695672720002966,0.28594809683344624,0.06294320134554643,1.0434261248783536,middle,KA Jamieson,2021.0,198917487.645,0.031642869659543764
2021,KA Pollard,Mumbai Indians,3,72,6.83,24,33.33,8,11.11,0.15832869389416424,0.24700137431821786,0.42132239554380946,0.17797107465864104,0.13069444511808667,1.111177368650894,middle,,,,
2021,Kartik Tyagi,Rajasthan Royals,1,30,11.0,7,23.33,10,33.33,0.059680667568079014,0.422421998489809,0.313615119677338,0.480143547293927,-0.2503607709953127,0.7301221525374946,middle,,,,
2021,KH Pandya,Mumbai Indians,1,84,9.57,26,30.95,16,19.05,0.059680667568079014,0.3622657652607022,0.3956880638875892,0.28594809683344624,-0.13877481105685574,0.8417081124759516,middle,,,,
2021,KH Pandya,Royal Challengers Bengaluru,0,18,8.0,5,27.78,1,5.56,0.010356654405036404,0.29622011059657793,0.36154485743791787,0.10249595210572306,-0.13347684005947702,0.8470060834733303,middle,,,,
2021,KK Ahmed,Sunrisers Hyderabad,0,48,8.13,11,22.92,7,14.58,0.010356654405036404,0.30168885907195137,0.3091991213668127,0.22516002515569067,-0.17808837427110083,0.8023945492617065,middle,,,,
2021,KL Nagarkoti,Kolkata Knight Riders,0,12,12.5,2,16.67,3,25.0,0.010356654405036404,0.4855229424364245,0.24188207395026812,0.3668628678586466,-0.37369132372823394,0.6067915998045734,middle,,,,
2021,KM Asif,Chennai Super Kings,0,6,8.0,0,0.0,0,0.0,0.010356654405036404,0.29622011059657793,0.062334045080860295,0.026884838340998026,-0.20811786101364932,0.772365062519158,middle,,,,
2021,KW Richardson,Royal Challengers Bengaluru,1,12,9.5,2,16.67,3,25.0,0.059680667568079014,0.3593210545431935,0.24188207395026812,0.3668628678586466,-0.19874379366908518,0.7817391298637222,middle,,,,
2021,L Ngidi,Chennai Super Kings,1,36,10.67,9,25.0,8,22.22,0.059680667568079014,0.4085397908215536,0.3316022347470388,0.32905731097628405,-0.20364162307626954,0.7768413004565378,middle,,,,
2021,Lalit Yadav,Delhi Capitals,3,66,7.18,16,24.24,6,9.09,0.15832869389416424,0.26172492790576146,0.3234164817811869,0.15050084987361503,0.09503787307627024,1.0755207966090776,middle,,,,
2021,LH Ferguson,Kolkata Knight Riders,3,48,8.25,21,43.75,10,20.83,0.15832869389416424,0.30673693458768053,0.5335533769966726,0.3101545325351028,0.09013859976308314,1.0706215232958904,middle,,,,
2021,LH Ferguson,Royal Challengers Bengaluru,0,12,7.0,4,33.33,1,8.33,0.010356654405036404,0.2541528146321676,0.42132239554380946,0.14016551777627853,-0.08942365499029237,0.8910592685425149,middle,,,,
2021,LI Meriwala,Delhi Capitals,1,6,4.0,2,33.33,0,0.0,0.059680667568079014,0.12795092673893654,0.42132239554380946,0.026884838340998026,0.10818001095591251,1.0886629344887198,middle,,,,
2021,M Ashwin,Punjab Kings,1,48,10.13,11,22.92,8,16.67,0.059680667568079014,0.38582345100077203,0.3091991213668127,0.2535821884233661,-0.17709446072312857,0.8033884628096788,middle,,,,
2021,M Jansen,Mumbai Indians,2,12,4.5,6,50.0,0,0.0,0.10900468073112161,0.1489845747211417,0.6008704244132173,0.026884838340998026,0.2192035209755346,1.199686444508342,middle,M Jansen,2021.0,2652233.1686,8.264866135100887
2021,M Markande,Rajasthan Royals,0,18,8.67,4,22.22,3,16.67,0.010356654405036404,0.3244051988927329,0.3016596120561597,0.2535821884233661,-0.20420773157445704,0.7762751919583503,middle,,,,
2021,M Prasidh Krishna,Kolkata Knight Riders,6,84,9.57,33,39.29,17,20.24,0.3063007333832921,0.3622657652607022,0.48551593196022635,0.3021310510384863,0.254867057246747,1.2353499807795543,middle,,,,
2021,M Prasidh Krishna,Royal Challengers Bengaluru,1,24,6.25,11,45.83,3,12.5,0.059680667568079014,0.22260234265885984,0.5559564903768986,0.19687385309982228,0.03885130371813579,1.0193342272509431,middle,,,,
2021,MC Henriques,Punjab Kings,0,6,9.0,1,16.67,1,16.67,0.010356654405036404,0.3382874065609883,0.24188207395026812,0.2535821884233661,-0.23324675914082882,0.7472361643919785,middle,MC Henriques,2021.0,55696896.5406,-0.418778735671214
2021,MC Henriques,Royal Challengers Bengaluru,3,24,3.5,11,45.83,0,0.0,0.15832869389416424,0.10691727875673136,0.5559564903768986,0.026884838340998026,0.3133691972807312,1.2938521208135385,middle,MC Henriques,2021.0,55696896.5406,0.5626331389080218
2021,MK Lomror,Rajasthan Royals,0,30,7.2,6,20.0,2,6.67,0.010356654405036404,0.26256627382504966,0.2777485968138031,0.11759097661630666,-0.13471165373160554,0.8457712698012018,middle,,,,
2021,MM Ali,Chennai Super Kings,6,138,6.65,44,31.88,11,7.97,0.3063007333832921,0.23942926104462398,0.4057048405431711,0.1352698341512244,0.3625651765719454,1.3430481001047527,middle,MM Ali,2021.0,92828160.90100001,0.39057670975364506
2021,Mohammad Nabi,Sunrisers Hyderabad,0,24,13.75,3,12.5,8,33.33,0.010356654405036404,0.5381070623919375,0.1969681399139495,0.480143547293927,-0.45188893579059597,0.5285939877422113,middle,,,,
2021,Mohammed Shami,Punjab Kings,4,54,8.22,19,35.19,10,18.52,0.20765270705720684,0.3054749157087483,0.4413559488549731,0.27874056260767205,0.14375780015376913,1.1242407236865763,middle,,,,
2021,Mohammed Siraj,Royal Challengers Bengaluru,1,24,7.75,7,29.17,4,16.67,0.059680667568079014,0.2857032866054754,0.37651616878335736,0.2535821884233661,-0.07680321498192781,0.9036797085508795,middle,,,,
2021,MP Stoinis,Delhi Capitals,1,31,12.19,6,19.35,9,29.03,0.059680667568079014,0.47248208068745734,0.2707476238824824,0.42166732621689157,-0.29157384127648095,0.6889090822563264,middle,,,,
2021,Mujeeb Ur Rahman,Sunrisers Hyderabad,1,12,4.5,4,33.33,0,0.0,0.059680667568079014,0.1489845747211417,0.42132239554380946,0.026884838340998026,0.09135309257014838,1.0718360161029556,middle,Mujeeb Ur Rahman,2021.0,13261165.843,0.6888767824163043
2021,Mujeeb Ur Rahman,Sunrisers Hyderabad,1,12,4.5,4,33.33,0,0.0,0.059680667568079014,0.1489845747211417,0.42132239554380946,0.026884838340998026,0.09135309257014838,1.0718360161029556,middle,Mujeeb Ur Rahman,2021.0,19891748.7645,0.45925118827753625
2021,Mustafizur Rahman,Rajasthan Royals,5,80,7.05,27,33.75,9,11.25,0.2569767202202495,0.25625617943038814,0.4258461011302012,0.17987495162393988,0.27223897680033604,1.2527219003331433,middle,,,,
2021,N Rana,Kolkata Knight Riders,0,6,7.0,1,16.67,0,0.0,0.010356654405036404,0.2541528146321676,0.24188207395026812,0.026884838340998026,-0.12059961558129867,0.8598833079515087,middle,,,,
2021,Navdeep Saini,Royal Challengers Bengaluru,0,6,13.0,1,16.67,2,33.33,0.010356654405036404,0.5065565904186298,0.24188207395026812,0.480143547293927,-0.41317437800105417,0.5673085455317531,middle,,,,
2021,NM Coulter-Nile,Mumbai Indians,1,42,5.71,17,40.48,4,9.52,0.059680667568079014,0.19988600283807825,0.49833309778833645,0.15634847198131857,0.04784243402189313,1.0283253575547004,middle,NM Coulter-Nile,2021.0,66305829.215,0.07215419004377673
2021,NT Ellis,Punjab Kings,1,36,8.33,11,30.56,6,16.67,0.059680667568079014,0.31010231826483337,0.39148748012879686,0.2535821884233661,-0.09183104690578237,0.8886518766270249,middle,,,,
2021,PJ Cummins,Kolkata Knight Riders,6,60,8.0,24,40.0,9,15.0,0.3063007333832921,0.29622011059657793,0.49316314854674587,0.23087165605158716,0.3242496249513821,1.3047325484841894,middle,,,,
2021,PJ Cummins,Royal Challengers Bengaluru,0,12,11.0,1,8.33,2,16.67,0.010356654405036404,0.422421998489809,0.15205420587763097,0.2535821884233661,-0.3275027931056765,0.6529801304271308,middle,,,,
2021,PP Chawla,Mumbai Indians,1,18,7.33,2,11.11,1,5.56,0.059680667568079014,0.26803502230042303,0.18199682856851,0.10249595210572306,-0.09080715833881153,0.8896757651939957,middle,,,,
2021,PWH de Silva,Royal Challengers Bengaluru,0,18,10.0,4,22.22,3,16.67,0.010356654405036404,0.38035470252539866,0.3016596120561597,0.2535821884233661,-0.2489673344805896,0.7315155890522177,middle,,,,
2021,R Ashwin,Delhi Capitals,3,155,7.32,47,30.32,17,10.97,0.15832869389416424,0.26761434934077893,0.38890250550800154,0.1760671976933422,0.10485887348235519,1.0853417970151624,middle,,,,
2021,R Parag,Rajasthan Royals,1,36,11.5,7,19.44,9,25.0,0.059680667568079014,0.4434556464720142,0.2717169893652807,0.3668628678586466,-0.25710099258763797,0.7233819309451693,middle,,,,
2021,R Tewatia,Rajasthan Royals,7,192,9.47,41,21.35,33,17.19,0.35562474654633464,0.3580590356642612,0.2922890790557767,0.26065373143733317,0.2825458687173593,1.2630287922501666,middle,,,,
2021,RA Jadeja,Chennai Super Kings,12,234,7.21,86,36.75,28,11.97,0.6022448123615478,0.26298694678469375,0.4581582838901426,0.18966631887404817,0.7924918825067998,1.772974806039607,middle,,,,
2021,RA Jadeja,Royal Challengers Bengaluru,0,18,8.33,4,22.22,2,11.11,0.010356654405036404,0.31010231826483337,0.3016596120561597,0.17797107465864104,-0.17764320431919242,0.8028397192136149,middle,,,,
2021,Rashid Khan,Royal Challengers Bengaluru,2,24,4.75,9,37.5,1,4.17,0.10900468073112161,0.1595013987122443,0.466236329580128,0.08359317366454182,0.159058166268017,1.1395410898008242,middle,,,,
2021,Rashid Khan,Sunrisers Hyderabad,10,246,7.24,83,33.74,34,13.82,0.5035967860354625,0.2642489656636261,0.42573839385433476,0.21482469305835417,0.6287525860669225,1.60923550959973,middle,,,,
2021,Ravi Bishnoi,Punjab Kings,8,156,6.62,58,37.18,18,11.54,0.40494875970937727,0.23816724216569168,0.46278969675240095,0.1838186967663446,0.5189625155039639,1.499445439036771,middle,,,,
2021,Ravi Bishnoi,Royal Challengers Bengaluru,0,12,9.5,4,33.33,2,16.67,0.010356654405036404,0.3593210545431935,0.42132239554380946,0.2535821884233661,-0.19624158104853057,0.7842413424842767,middle,,,,
2021,RD Chahar,Mumbai Indians,12,216,7.67,74,34.26,29,13.43,0.6022448123615478,0.28233790292832256,0.4313391721993913,0.20952103579787884,0.7649944406999053,1.7454773642327126,middle,,,,
2021,RD Chahar,Royal Challengers Bengaluru,1,18,7.67,8,44.44,3,16.67,0.059680667568079014,0.28233790292832256,0.5409851790314592,0.2535821884233661,-0.02477020496577502,0.9557127185670323,middle,,,,
2021,RG Sharma,Mumbai Indians,0,7,11.14,0,0.0,2,28.57,0.010356654405036404,0.4283114199248265,0.062334045080860295,0.4154117304737668,-0.39149628690280186,0.5889866366300054,middle,,,,
2021,RP Meredith,Punjab Kings,2,46,8.74,18,39.13,9,19.57,0.10900468073112161,0.32734990961024163,0.4837926155463629,0.2930196398474133,-0.011839049897084675,0.9686438736357226,middle,RP Meredith,2021.0,106089326.744,-0.01115951082021005
2021,RV Patel,Delhi Capitals,0,18,7.33,5,27.78,2,11.11,0.010356654405036404,0.26803502230042303,0.36154485743791787,0.17797107465864104,-0.12602379393313667,0.8544591295996706,middle,RV Patel,2021.0,2652233.1686,-4.751610658713662
2021,S Dube,Rajasthan Royals,0,30,10.6,6,20.0,6,20.0,0.010356654405036404,0.4055950801040449,0.2777485968138031,0.29886726195511687,-0.28538995582256377,0.6950929677102435,middle,,,,
2021,S Gopal,Rajasthan Royals,0,18,15.0,2,11.11,7,38.89,0.010356654405036404,0.5906911823474505,0.18199682856851,0.5557546610586521,-0.5135698479115833,0.46691307562122397,middle,,,,
2021,S Kaul,Sunrisers Hyderabad,0,72,7.92,27,37.5,10,13.89,0.010356654405036404,0.2928547269194251,0.466236329580128,0.21577663154100357,-0.1220332273621478,0.8584496961706595,middle,,,,
2021,S Nadeem,Royal Challengers Bengaluru,0,12,12.5,3,25.0,4,33.33,0.010356654405036404,0.4855229424364245,0.3316022347470388,0.480143547293927,-0.3694314113762588,0.6110515121565485,middle,,,,
2021,Sandeep Sharma,Sunrisers Hyderabad,2,54,9.67,14,25.93,9,16.67,0.10900468073112161,0.3664724948571432,0.34161901140262063,0.2535821884233661,-0.07790170905291921,0.9025812144798881,middle,,,,
2021,Shahbaz Ahmed,Royal Challengers Bengaluru,4,54,6.0,10,18.52,1,1.85,0.20765270705720684,0.21208551866775727,0.2618079199855653,0.05204321252530402,0.20994437914221326,1.1904273026750205,middle,,,,
2021,Shakib Al Hasan,Kolkata Knight Riders,2,48,7.38,12,25.0,5,10.42,0.10900468073112161,0.2701383870986435,0.3316022347470388,0.16858768104395394,0.013159445633088442,0.9936423691658958,middle,Shakib Al Hasan,2021.0,42435730.6976,0.031010295844470258
2021,Shakib Al Hasan,Royal Challengers Bengaluru,0,12,6.5,2,16.67,1,8.33,0.010356654405036404,0.2331191666499624,0.24188207395026812,0.14016551777627853,-0.12642883308259062,0.8540540904502167,middle,Shakib Al Hasan,2021.0,42435730.6976,-0.2979301428400783
2021,Shivam Mavi,Kolkata Knight Riders,3,36,5.5,18,50.0,3,8.33,0.15832869389416424,0.19105187068555207,0.6008704244132173,0.14016551777627853,0.23687956806151414,1.2173624915943215,middle,,,,
2021,SM Curran,Chennai Super Kings,1,24,17.5,8,33.33,12,50.0,0.059680667568079014,0.6958594222584764,0.42132239554380946,0.7068408973762951,-0.48213799726677886,0.49834492626602844,middle,,,,
2021,SN Thakur,Chennai Super Kings,8,156,8.73,51,32.69,26,16.67,0.40494875970937727,0.32692923665059753,0.41442912988835523,0.2535821884233661,0.4194920515254212,1.3999749750582284,middle,,,,
2021,SN Thakur,Royal Challengers Bengaluru,0,12,6.0,3,25.0,1,8.33,0.010356654405036404,0.21208551866775727,0.3316022347470388,0.14016551777627853,-0.08268586645779528,0.897797057075012,middle,,,,
2021,SP Narine,Kolkata Knight Riders,8,180,5.37,70,38.89,9,5.0,0.40494875970937727,0.18558312221017872,0.4812076409255675,0.09488044424452775,0.5843428452246876,1.564825768757495,middle,,,,
2021,SP Narine,Royal Challengers Bengaluru,3,36,5.5,16,44.44,3,8.33,0.15832869389416424,0.19105187068555207,0.5409851790314592,0.14016551777627853,0.2189139944469867,1.199396917979794,middle,,,,
2021,T Natarajan,Royal Challengers Bengaluru,0,6,6.0,2,33.33,0,0.0,0.010356654405036404,0.21208551866775727,0.42132239554380946,0.026884838340998026,-0.033113682331707986,0.9473692412010993,middle,,,,
2021,T Natarajan,Sunrisers Hyderabad,1,12,8.0,4,33.33,2,16.67,0.059680667568079014,0.29622011059657793,0.42132239554380946,0.2535821884233661,-0.07177480614667424,0.9087081173861331,middle,,,,
2021,T Shamsi,Rajasthan Royals,0,18,9.33,2,11.11,2,11.11,0.010356654405036404,0.35216961422924375,0.18199682856851,0.17797107465864104,-0.24719587613701557,0.7332870473957918,middle,,,,
2021,TA Boult,Mumbai Indians,1,54,7.89,14,25.93,8,14.81,0.059680667568079014,0.2915927080404928,0.34161901140262063,0.22828782302725303,-0.08692502626494017,0.8935578972678672,middle,,,,
2021,TA Boult,Royal Challengers Bengaluru,0,6,2.0,4,66.67,0,0.0,0.010356654405036404,0.04381633481011584,0.7804184532826252,0.026884838340998026,0.20923048207604983,1.1897134056088572,middle,,,,
2021,TG Southee,Kolkata Knight Riders,0,6,12.0,1,16.67,1,16.67,0.010356654405036404,0.4644892944542194,0.24188207395026812,0.2535821884233661,-0.3342082694554137,0.6462746540773936,middle,,,,
2021,TK Curran,Delhi Capitals,3,36,6.17,12,33.33,3,8.33,0.15832869389416424,0.219236958981707,0.42132239554380946,0.14016551777627853,0.16046708876376786,1.1409500122965752,middle,TK Curran,2021.0,69621120.67575,0.23048621913329925
2021,Umran Malik,Sunrisers Hyderabad,1,36,5.5,19,52.78,4,11.11,0.059680667568079014,0.19105187068555207,0.6308130471040962,0.17797107465864104,0.09032920400317751,1.0708121275359848,middle,,,,
2021,V Shankar,Sunrisers Hyderabad,1,30,8.6,9,30.0,5,16.67,0.059680667568079014,0.32146048817522416,0.3854558726802745,0.2535821884233661,-0.10272706506865169,0.8777558584641556,middle,,,,
2021,VR Iyer,Kolkata Knight Riders,2,42,7.71,10,23.81,4,9.52,0.10900468073112161,0.28402059476689895,0.31878506891892866,0.15634847198131857,0.0006563715625781258,0.9811392950953854,middle,VR Iyer,2021.0,2652233.1686,0.02474788304244744
2021,Washington Sundar,Royal Challengers Bengaluru,2,72,7.58,20,27.78,9,12.5,0.10900468073112161,0.27855184629152563,0.36154485743791787,0.19687385309982228,0.0097542306748728,0.9902371542076801,middle,,,,
2021,YS Chahal,Royal Challengers Bengaluru,13,216,7.03,81,37.5,27,12.5,0.6515688255245904,0.25541483351109995,0.466236329580128,0.19687385309982228,0.8735174997320796,1.8540004232648868,middle,,,,
2022,A Badoni,Lucknow Super Giants,2,12,6.0,3,25.0,0,0.0,0.10443655583185088,0.1866469410512627,0.3542864395907557,0.013290607941422068,0.11096509119570844,1.0914480147285157,middle,A Badoni,2022.0,2487556.9016,4.46080614776432
2022,A Nortje,Delhi Capitals,1,44,11.18,12,27.27,9,20.45,0.06422048830446694,0.3823248981329148,0.37757107521147476,0.25589497571111747,-0.14743685862841252,0.8330460649043948,middle,,,,
2022,Abdul Samad,Sunrisers Hyderabad,0,6,8.0,1,16.67,1,16.67,0.024004420777083004,0.26219827583182337,0.26884105865657537,0.21105172338009306,-0.1353100165788802,0.8451729069539271,middle,,,,
2022,Abhishek Sharma,Royal Challengers Bengaluru,0,12,6.5,2,16.67,1,8.33,0.024004420777083004,0.20553477474640283,0.26884105865657537,0.11211184918942024,-0.07019124087240923,0.9102916826603981,middle,Abhishek Sharma,2022.0,6840781.479400001,-1.026070502087806
2022,Abhishek Sharma,Sunrisers Hyderabad,0,12,13.0,1,8.33,3,25.0,0.024004420777083004,0.4510766127832251,0.18329310223507897,0.3098729646280913,-0.3318413213160501,0.6486416022167572,middle,Abhishek Sharma,2022.0,6840781.479400001,-4.850927080704757
2022,AD Russell,Kolkata Knight Riders,7,72,9.83,20,27.78,14,19.44,0.30551689346877053,0.33132774715603636,0.38280242506458784,0.24391304850097603,0.25927126029750786,1.2397541838303152,middle,,,,
2022,AJ Tye,Lucknow Super Giants,0,24,11.75,6,25.0,7,29.17,0.024004420777083004,0.4038570285453746,0.3542864395907557,0.3593429017234277,-0.2526616401381341,0.7278212833946732,middle,,,,
2022,AK Markram,Sunrisers Hyderabad,1,30,11.4,6,20.0,7,23.33,0.06422048830446694,0.3906355449587765,0.30299869593278433,0.2900612632014217,-0.18329034737076982,0.7971925761620375,middle,AK Markram,2022.0,32338239.7208,-0.5667913558476011
2022,Akash Deep,Royal Challengers Bengaluru,2,54,9.33,22,40.74,13,24.07,0.10443655583185088,0.3124399134608962,0.5157402566260498,0.29884010095934715,0.0016569597750048584,0.9821398833078122,middle,Akash Deep,2022.0,2487556.9016,0.06660992453837336
2022,AR Patel,Delhi Capitals,2,150,8.0,45,30.0,22,14.67,0.10443655583185088,0.26219827583182337,0.4055741832487271,0.18732513484515953,0.03110344108790386,1.0115863646207113,middle,AR Patel,2022.0,2487556.9016,1.2503609894470387
2022,AR Patel,Royal Challengers Bengaluru,1,18,7.33,5,27.78,2,11.11,0.06422048830446694,0.23688857868033555,0.38280242506458784,0.14509180725297785,-0.007357764418787247,0.9731251591140201,middle,AR Patel,2022.0,2487556.9016,-0.29578275833830064
2022,Arshdeep Singh,Punjab Kings,3,84,7.36,31,36.9,9,10.71,0.14465262335923482,0.23802184870204396,0.4763512694967277,0.14034648954599116,0.1413975390170371,1.1218804625498444,middle,Arshdeep Singh,2022.0,6218892.254000001,2.273677260224118
2022,Arshdeep Singh,Punjab Kings,3,84,7.36,31,36.9,9,10.71,0.14465262335923482,0.23802184870204396,0.4763512694967277,0.14034648954599116,0.1413975390170371,1.1218804625498444,middle,Arshdeep Singh,2022.0,2487556.9016,5.684193150560295
2022,Arshdeep Singh,Punjab Kings,3,84,7.36,31,36.9,9,10.71,0.14465262335923482,0.23802184870204396,0.4763512694967277,0.14034648954599116,0.1413975390170371,1.1218804625498444,middle,Arshdeep Singh,2022.0,2487556.9016,5.684193150560295
2022,Arshdeep Singh,Royal Challengers Bengaluru,0,6,16.0,0,0.0,2,33.33,0.024004420777083004,0.564403614954066,0.09784772130089864,0.40869420587608934,-0.46790078558257653,0.5125821379502308,middle,Arshdeep Singh,2022.0,6218892.254000001,-7.5238606245609425
2022,Arshdeep Singh,Royal Challengers Bengaluru,0,6,16.0,0,0.0,2,33.33,0.024004420777083004,0.564403614954066,0.09784772130089864,0.40869420587608934,-0.46790078558257653,0.5125821379502308,middle,Arshdeep Singh,2022.0,2487556.9016,-18.809651561402358
2022,Arshdeep Singh,Royal Challengers Bengaluru,0,6,16.0,0,0.0,2,33.33,0.024004420777083004,0.564403614954066,0.09784772130089864,0.40869420587608934,-0.46790078558257653,0.5125821379502308,middle,Arshdeep Singh,2022.0,2487556.9016,-18.809651561402358
2022,AS Joseph,Gujarat Titans,3,60,7.4,21,35.0,7,11.67,0.14465262335923482,0.23953287539765517,0.4568619269066986,0.15173525204275923,0.13206416238418583,1.1125470859169933,middle,AS Joseph,2022.0,29850682.8192,0.44241588436711393
2022,AS Joseph,Royal Challengers Bengaluru,0,12,8.0,4,33.33,2,16.67,0.024004420777083004,0.26219827583182337,0.4397318205249361,0.21105172338009306,-0.08404278801837198,0.8964401355144354,middle,AS Joseph,2022.0,29850682.8192,-0.2815439382991787
2022,AS Roy,Kolkata Knight Riders,1,18,8.0,4,22.22,2,11.11,0.06422048830446694,0.26219827583182337,0.3257704541169236,0.14509180725297785,-0.04471511342427677,0.9357678101085305,middle,AS Roy,2022.0,2487556.9016,-1.7975513804534862
2022,Avesh Khan,Lucknow Super Giants,4,54,7.56,21,38.89,7,12.96,0.18486869088661875,0.2455769821801,0.49676379147260036,0.16703890164779137,0.19646280769806995,1.1769457312308773,middle,,,,
2022,Avesh Khan,Royal Challengers Bengaluru,1,6,8.0,3,50.0,1,16.67,0.06422048830446694,0.26219827583182337,0.6107251578806129,0.21105172338009306,0.027579314479406966,1.0080622380122142,middle,,,,
2022,B Kumar,Royal Challengers Bengaluru,0,6,12.0,0,0.0,1,16.67,0.024004420777083004,0.41330094539294465,0.09784772130089864,0.21105172338009306,-0.3074901534344803,0.672992770098327,middle,B Kumar,2022.0,52238694.9336,-0.5886252591595702
2022,B Kumar,Sunrisers Hyderabad,0,24,7.75,6,25.0,2,8.33,0.024004420777083004,0.25275435898425325,0.3542864395907557,0.11211184918942024,-0.08233329398243547,0.8981496295503718,middle,B Kumar,2022.0,52238694.9336,-0.1576097834892092
2022,Basil Thampi,Mumbai Indians,3,36,9.67,13,36.11,8,22.22,0.14465262335923482,0.32528364037359153,0.4682478059987682,0.27689300656453364,0.04184776322670272,1.02233068675951,middle,Basil Thampi,2022.0,3731335.3524,1.121522438335278
2022,C Sakariya,Delhi Capitals,0,24,9.75,3,12.5,5,20.83,0.024004420777083004,0.32830569376481394,0.22606708044582716,0.2604030275327548,-0.21089840521902953,0.7695845183137777,middle,C Sakariya,2022.0,52238694.9336,-0.4037206624076272
2022,CJ Jordan,Chennai Super Kings,1,24,11.0,3,12.5,6,25.0,0.06422048830446694,0.37552527800266433,0.22606708044582716,0.3098729646280913,-0.19824395873730116,0.7822389647955061,middle,CJ Jordan,2022.0,44776024.2288,-0.44274578226128075
2022,CV Varun,Kolkata Knight Riders,6,181,8.62,68,37.57,29,16.02,0.26530082594138665,0.2856191896137971,0.4832238271468959,0.20334058210623968,0.273754918943863,1.2542378424766703,middle,,,,
2022,D Pretorius,Chennai Super Kings,4,66,7.64,16,24.24,5,7.58,0.18486869088661875,0.24859903557132246,0.34649070255474407,0.10321437848882016,0.16172814294152937,1.1422110664743368,middle,D Pretorius,2022.0,6218892.254000001,2.600594066210194
2022,D Pretorius,Royal Challengers Bengaluru,1,6,8.0,2,33.33,1,16.67,0.06422048830446694,0.26219827583182337,0.4397318205249361,0.21105172338009306,-0.02371868672729606,0.9567642368055113,middle,D Pretorius,2022.0,6218892.254000001,-0.3813972932565308
2022,DG Nalkande,Gujarat Titans,2,30,10.6,8,26.67,7,23.33,0.10443655583185088,0.3604150110465522,0.37141654597251816,0.2900612632014217,-0.07826446393799438,0.902218459594813,middle,DG Nalkande,2022.0,2487556.9016,-3.1462381378152426
2022,DJ Bravo,Chennai Super Kings,4,108,8.78,30,27.78,17,15.74,0.18486869088661875,0.291663296396242,0.38280242506458784,0.20001885971134897,0.11880935479004108,1.0992922783228485,middle,,,,
2022,DJ Hooda,Lucknow Super Giants,1,24,10.75,5,20.83,6,25.0,0.06422048830446694,0.36608136115509426,0.3115124613800076,0.3098729646280913,-0.16505521097899098,0.8154277125538163,middle,,,,
2022,DJ Mitchell,Rajasthan Royals,0,6,7.0,1,16.67,0,0.0,0.024004420777083004,0.22442260844154302,0.26884105865657537,0.013290607941422068,-0.06553725957892173,0.9149456639538855,middle,DJ Mitchell,2022.0,9328338.381000001,-0.7025609160191734
2022,DJ Willey,Royal Challengers Bengaluru,0,6,14.0,0,0.0,2,33.33,0.024004420777083004,0.48885228017350535,0.09784772130089864,0.40869420587608934,-0.40745971775812806,0.5730232057746792,middle,DJ Willey,2022.0,24875569.016000003,-1.6379915470317459
2022,DR Sams,Mumbai Indians,4,84,11.14,27,32.14,20,23.81,0.18486869088661875,0.3808138714373036,0.42752533753433897,0.2957556444498058,0.041758411550425784,1.0222413350832331,middle,DR Sams,2022.0,32338239.7208,0.12913013172936164
2022,FA Allen,Mumbai Indians,0,18,11.67,3,16.67,5,27.78,0.024004420777083004,0.4008349751541522,0.26884105865657537,0.34285292269164885,-0.2725796158990544,0.7079033076337529,middle,FA Allen,2022.0,9328338.381000001,-2.9220596934417142
2022,Fazalhaq Farooqi,Royal Challengers Bengaluru,0,6,8.0,2,33.33,1,16.67,0.024004420777083004,0.26219827583182337,0.4397318205249361,0.21105172338009306,-0.08404278801837198,0.8964401355144354,middle,Fazalhaq Farooqi,2022.0,6218892.254000001,-1.3514109038360576
2022,Fazalhaq Farooqi,Sunrisers Hyderabad,1,18,8.33,4,22.22,3,16.67,0.06422048830446694,0.27466424607061585,0.3257704541169236,0.21105172338009306,-0.0678798728407338,0.9126030506920735,middle,Fazalhaq Farooqi,2022.0,6218892.254000001,-1.0915106753469377
2022,GJ Maxwell,Royal Challengers Bengaluru,3,72,7.92,26,36.11,10,13.89,0.14465262335923482,0.2591762224406009,0.4682478059987682,0.17807176531653549,0.11449794582269485,1.094980869355502,middle,,,,
2022,Harpreet Brar,Punjab Kings,4,48,7.0,21,43.75,6,12.5,0.18486869088661875,0.22442260844154302,0.5466154783081486,0.16158178628475667,0.22943323581218691,1.2099161593449943,middle,,,,
2022,Harpreet Brar,Royal Challengers Bengaluru,0,18,12.67,5,27.78,4,22.22,0.024004420777083004,0.4386106425444325,0.38280242506458784,0.27689300656453364,-0.25541975666345185,0.7250631668693555,middle,,,,
2022,Harshit Rana,Kolkata Knight Riders,0,18,9.67,5,27.78,3,16.67,0.024004420777083004,0.32528364037359153,0.38280242506458784,0.21105172338009306,-0.151589898289891,0.8288930252429163,middle,,,,
2022,HH Pandya,Gujarat Titans,4,90,8.93,30,33.33,17,18.89,0.18486869088661875,0.29732964650478405,0.4397318205249361,0.23738823665386932,0.12388121795280785,1.1043641414856151,middle,,,,
2022,HR Shokeen,Mumbai Indians,1,54,9.78,19,35.19,10,18.52,0.06422048830446694,0.3294389637865223,0.45881086116570147,0.2329988177749066,-0.07617694377778833,0.904305979755019,middle,HR Shokeen,2022.0,2487556.9016,-3.0623196490014446
2022,HV Patel,Royal Challengers Bengaluru,9,156,6.62,62,39.74,17,10.9,0.3859490285235384,0.2100678548332365,0.5054827078944555,0.14260051545680985,0.5339939681956931,1.5144768917285005,middle,HV Patel,2022.0,133706183.46100001,0.3993786632549053
2022,J Suchith,Royal Challengers Bengaluru,3,18,4.67,12,66.67,1,5.56,0.14465262335923482,0.13640530342218984,0.7817184952362896,0.07925052406853728,0.32652013605827973,1.307003059591087,middle,J Suchith,2022.0,2487556.9016,13.126137369893389
2022,J Suchith,Sunrisers Hyderabad,1,48,8.0,18,37.5,8,16.67,0.06422048830446694,0.26219827583182337,0.4825057987356843,0.21105172338009306,-0.010886493264071609,0.9695964302687357,middle,J Suchith,2022.0,2487556.9016,-0.4376379594400193
2022,JD Unadkat,Mumbai Indians,3,42,7.71,10,23.81,5,11.9,0.14465262335923482,0.25124333228864204,0.3420799566001585,0.15446380972427662,0.08771549424313083,1.068198417775938,middle,JD Unadkat,2022.0,16169119.8604,0.5424877482537314
2022,JDS Neesham,Rajasthan Royals,0,12,8.5,2,16.67,2,16.67,0.024004420777083004,0.2810861095269635,0.26884105865657537,0.21105172338009306,-0.15042028353499232,0.830062639997815,middle,JDS Neesham,2022.0,18656676.762000002,-0.8062544334871523
2022,JJ Bumrah,Mumbai Indians,3,90,7.87,31,34.44,15,16.67,0.14465262335923482,0.25728743907108687,0.45111769961700576,0.21105172338009306,0.10427394899106585,1.0847568725238732,middle,,,,
2022,JO Holder,Lucknow Super Giants,6,81,9.78,19,23.46,14,17.28,0.26530082594138665,0.3294389637865223,0.33848981454410054,0.2182883328832478,0.19228934566944264,1.17277226920225,middle,JO Holder,2022.0,108830614.44500001,0.1766868143215532
2022,JO Holder,Royal Challengers Bengaluru,1,18,7.0,6,33.33,2,11.11,0.06422048830446694,0.22442260844154302,0.4397318205249361,0.14509180725297785,0.019693830410351245,1.0001767539431585,middle,JO Holder,2022.0,108830614.44500001,0.018095855206536542
2022,JR Hazlewood,Royal Challengers Bengaluru,5,42,7.0,18,42.86,5,11.9,0.2250847584140027,0.22442260844154302,0.5374862599370296,0.15446380972427662,0.28844216690402313,1.2689250904368303,middle,JR Hazlewood,2022.0,96392829.937,0.2992361227412266
2022,K Gowtham,Lucknow Super Giants,5,60,7.9,26,43.33,9,15.0,0.2250847584140027,0.25842070909279535,0.5423073078408789,0.19124002195342357,0.2553347583083467,1.235817681841154,middle,K Gowtham,2022.0,11194006.0572,2.280995355939753
2022,K Kartikeya,Mumbai Indians,4,66,7.45,26,39.39,10,15.15,0.18486869088661875,0.24142165876716917,0.5018925658383975,0.1930195160935436,0.1961295758490033,1.1766124993818106,middle,,,,
2022,K Rabada,Punjab Kings,4,60,8.3,26,43.33,9,15.0,0.18486869088661875,0.27353097604890747,0.5423073078408789,0.19124002195342357,0.1829224434523811,1.1634053669851885,middle,K Rabada,2022.0,115049506.699,0.15899454826082365
2022,KA Pollard,Mumbai Indians,3,72,8.08,17,23.61,10,13.89,0.14465262335923482,0.2652203292230458,0.34002844685383965,0.17807176531653549,0.07119685265326038,1.0516797761860677,middle,,,,
2022,Kartik Tyagi,Royal Challengers Bengaluru,0,12,7.0,6,50.0,2,16.67,0.024004420777083004,0.22442260844154302,0.6107251578806129,0.21105172338009306,-0.00252425289944469,0.9779586706333626,middle,Kartik Tyagi,2022.0,49751138.032000005,-0.00507375911244701
2022,Kartik Tyagi,Sunrisers Hyderabad,0,12,8.5,4,33.33,2,16.67,0.024004420777083004,0.2810861095269635,0.4397318205249361,0.21105172338009306,-0.0991530549744841,0.8813298685583232,middle,Kartik Tyagi,2022.0,49751138.032000005,-0.19929806411806844
2022,KH Pandya,Lucknow Super Giants,6,126,6.38,40,31.75,10,7.94,0.26530082594138665,0.2010016946595692,0.4235248935290171,0.1074851644251082,0.34271031835810806,1.3231932418909154,middle,KH Pandya,2022.0,102611722.191,0.33398749289110646
2022,KH Pandya,Royal Challengers Bengaluru,1,24,8.25,4,16.67,3,12.5,0.06422048830446694,0.27164219267939343,0.26884105865657537,0.16158178628475667,-0.07264706134679305,0.9078358621860143,middle,KH Pandya,2022.0,102611722.191,-0.07079801390680183
2022,KK Ahmed,Delhi Capitals,6,48,7.75,21,43.75,9,18.75,0.26530082594138665,0.25275435898425325,0.5466154783081486,0.23572737545642394,0.3125869201258371,1.2930698436586443,middle,KK Ahmed,2022.0,65298368.667,0.47870555805142173
2022,KK Ahmed,Royal Challengers Bengaluru,0,6,13.0,1,16.67,2,33.33,0.024004420777083004,0.4510766127832251,0.26884105865657537,0.40869420587608934,-0.3259411826392008,0.6545417408936065,middle,KK Ahmed,2022.0,65298368.667,-0.4991567006848097
2022,KL Nagarkoti,Delhi Capitals,0,6,13.0,2,33.33,3,50.0,0.024004420777083004,0.4510766127832251,0.4397318205249361,0.6064553213147604,-0.3142261771664268,0.6662567463663804,middle,KL Nagarkoti,2022.0,13681562.958800001,-2.2967125767185546
2022,KR Sen,Rajasthan Royals,1,72,8.0,27,37.5,12,16.67,0.06422048830446694,0.26219827583182337,0.4825057987356843,0.21105172338009306,-0.010886493264071609,0.9695964302687357,middle,,,,
2022,Kuldeep Yadav,Delhi Capitals,18,250,8.45,77,30.8,42,16.8,0.7478936362699939,0.27919732615744947,0.4137802222340026,0.21259395163486378,0.9800978698222593,1.9605807933550667,middle,Kuldeep Yadav,2022.0,2487556.9016,39.400018113831244
2022,Kuldeep Yadav,Delhi Capitals,18,250,8.45,77,30.8,42,16.8,0.7478936362699939,0.27919732615744947,0.4137802222340026,0.21259395163486378,0.9800978698222593,1.9605807933550667,middle,Kuldeep Yadav,2022.0,24875569.016000003,3.9400018113831243
2022,Kuldeep Yadav,Royal Challengers Bengaluru,1,18,9.67,6,33.33,4,22.22,0.06422048830446694,0.32528364037359153,0.4397318205249361,0.27689300656453364,-0.0873552349975987,0.8931276885352086,middle,Kuldeep Yadav,2022.0,2487556.9016,-3.5116879111955868
2022,Kuldeep Yadav,Royal Challengers Bengaluru,1,18,9.67,6,33.33,4,22.22,0.06422048830446694,0.32528364037359153,0.4397318205249361,0.27689300656453364,-0.0873552349975987,0.8931276885352086,middle,Kuldeep Yadav,2022.0,24875569.016000003,-0.3511687911195587
2022,Lalit Yadav,Delhi Capitals,2,54,9.11,14,25.93,9,16.67,0.10443655583185088,0.3041292666350345,0.3638259599111384,0.21105172338009306,-0.01971113626292835,0.960771787269879,middle,Lalit Yadav,2022.0,8084559.9302,-0.24381211139640505
2022,LH Ferguson,Gujarat Titans,4,108,8.11,46,42.59,18,16.67,0.18486869088661875,0.2663535992447542,0.5347167217794992,0.21105172338009306,0.1824248287919559,1.1629077523247633,middle,LH Ferguson,2022.0,124377845.08,0.1466698741038808
2022,LH Ferguson,Royal Challengers Bengaluru,0,18,8.67,7,38.89,4,22.22,0.024004420777083004,0.28750797298331116,0.49676379147260036,0.27689300656453364,-0.10034921109215109,0.8801337124406562,middle,LH Ferguson,2022.0,124377845.08,-0.08068093721000419
2022,LS Livingstone,Punjab Kings,5,114,8.63,29,25.44,17,14.91,0.2250847584140027,0.2859969462877,0.3587997610326572,0.19017232546935156,0.17843504380677086,1.1589179673395782,middle,LS Livingstone,2022.0,143034521.842,0.12474963491951634
2022,LS Livingstone,Royal Challengers Bengaluru,0,6,14.0,1,16.67,1,16.67,0.024004420777083004,0.48885228017350535,0.26884105865657537,0.21105172338009306,-0.31663322005222583,0.6638497034805815,middle,LS Livingstone,2022.0,143034521.842,-0.22136839133281955
2022,M Ashwin,Mumbai Indians,7,102,8.24,37,36.27,16,15.69,0.30551689346877053,0.2712644360054906,0.4698890137958233,0.19942569499797563,0.3423453565379152,1.3228282800707225,middle,M Ashwin,2022.0,19900455.2128,1.7202890731751614
2022,M Jansen,Royal Challengers Bengaluru,0,6,7.0,2,33.33,1,16.67,0.024004420777083004,0.22442260844154302,0.4397318205249361,0.21105172338009306,-0.053822254106147716,0.9266606694266596,middle,M Jansen,2022.0,52238694.9336,-0.10303139114512826
2022,M Jansen,Sunrisers Hyderabad,1,48,10.0,11,22.92,10,20.83,0.06422048830446694,0.337749610612384,0.33295073822903964,0.2604030275327548,-0.12606434007104586,0.8544185834617615,middle,M Jansen,2022.0,52238694.9336,-0.24132367822604445
2022,M Markande,Mumbai Indians,1,30,10.4,6,20.0,7,23.33,0.06422048830446694,0.3528598775684962,0.30299869593278433,0.2900612632014217,-0.1530698134585456,0.8274131100742617,middle,M Markande,2022.0,8084559.9302,-1.8933598709158048
2022,M Pathirana,Chennai Super Kings,2,24,6.5,13,54.17,2,8.33,0.10443655583185088,0.20553477474640283,0.6534991360913611,0.11211184918942024,0.16585438494017835,1.1463373084729858,middle,,,,
2022,M Prasidh Krishna,Rajasthan Royals,3,66,8.64,23,34.85,14,21.21,0.14465262335923482,0.28637470296160283,0.45532329459695947,0.26491107935439223,0.07149394517777935,1.0519768687105866,middle,M Prasidh Krishna,2022.0,124377845.08,0.05748125410260513
2022,M Theekshana,Chennai Super Kings,2,90,7.13,25,27.78,9,10.0,0.10443655583185088,0.22933344520227947,0.38280242506458784,0.13192355061608976,0.06164409498211114,1.0421270185149185,middle,M Theekshana,2022.0,8706449.1556,0.7080279673196227
2022,M Theekshana,Royal Challengers Bengaluru,0,6,13.0,1,16.67,2,33.33,0.024004420777083004,0.4510766127832251,0.26884105865657537,0.40869420587608934,-0.3259411826392008,0.6545417408936065,middle,M Theekshana,2022.0,8706449.1556,-3.7436752551360732
2022,MJ Santner,Chennai Super Kings,4,66,7.0,20,30.3,6,9.09,0.18486869088661875,0.22442260844154302,0.40865144786820545,0.12112795283269497,0.19613479337061634,1.1766177169034235,middle,MJ Santner,2022.0,23631790.5652,0.8299616266041346
2022,MM Ali,Chennai Super Kings,6,107,6.9,40,37.38,13,12.15,0.26530082594138665,0.220645041702515,0.481274892887893,0.15742963329114326,0.33433174675820715,1.3148146702910144,middle,,,,
2022,MM Ali,Royal Challengers Bengaluru,2,24,7.25,7,29.17,2,8.33,0.10443655583185088,0.2338665252891131,0.3970604178015039,0.11211184918942024,0.06625736901905296,1.0467402925518603,middle,,,,
2022,Mohammed Shami,Gujarat Titans,1,54,12.22,10,18.52,15,27.78,0.06422048830446694,0.4216115922188064,0.2878175238100248,0.34285292269164885,-0.22318386871366702,0.7572990548191403,middle,Mohammed Shami,2022.0,77736153.175,-0.2871043389698413
2022,Mohammed Shami,Royal Challengers Bengaluru,0,6,8.0,0,0.0,0,0.0,0.024004420777083004,0.26219827583182337,0.09784772130089864,0.013290607941422068,-0.14705579469784902,0.8334271288349583,middle,Mohammed Shami,2022.0,77736153.175,-0.18917297639721933
2022,Mohammed Siraj,Royal Challengers Bengaluru,3,72,7.25,33,45.83,11,15.28,0.14465262335923482,0.2338665252891131,0.5679511796698647,0.19456174434831425,0.1613587198388583,1.1418416433716656,middle,,,,
2022,Mohsin Khan,Lucknow Super Giants,3,48,4.75,23,47.92,3,6.25,0.14465262335923482,0.13942735681341228,0.5893894565188967,0.08743619711308934,0.26476664712117354,1.2452495706539808,middle,,,,
2022,Mohsin Khan,Royal Challengers Bengaluru,0,6,6.0,1,16.67,0,0.0,0.024004420777083004,0.1866469410512627,0.26884105865657537,0.013290607941422068,-0.035316725666697475,0.9451661978661098,middle,,,,
2022,MP Stoinis,Lucknow Super Giants,1,18,9.33,5,27.78,4,22.22,0.06422048830446694,0.3124399134608962,0.38280242506458784,0.27689300656453364,-0.09415907210554697,0.8863238514272603,middle,,,,
2022,MP Stoinis,Royal Challengers Bengaluru,0,6,14.0,0,0.0,2,33.33,0.024004420777083004,0.48885228017350535,0.09784772130089864,0.40869420587608934,-0.40745971775812806,0.5730232057746792,middle,,,,
2022,MR Marsh,Delhi Capitals,2,36,9.67,11,30.56,9,25.0,0.10443655583185088,0.32528364037359153,0.41131841053841994,0.3098729646280913,-0.04215114831518918,0.9383317752176181,middle,MR Marsh,2022.0,80845599.302,-0.05213783889180276
2022,Mukesh Choudhary,Chennai Super Kings,3,30,9.6,11,36.67,7,23.33,0.14465262335923482,0.32263934365627184,0.473992033288461,0.2900612632014217,0.04305281746008873,1.023535740992896,middle,Mukesh Choudhary,2022.0,2487556.9016,1.7307269406539847
2022,Mustafizur Rahman,Delhi Capitals,0,12,6.0,6,50.0,2,16.67,0.024004420777083004,0.1866469410512627,0.6107251578806129,0.21105172338009306,0.027696281012779572,1.0081792045455868,middle,,,,
2022,Mustafizur Rahman,Royal Challengers Bengaluru,0,6,5.0,1,16.67,0,0.0,0.024004420777083004,0.14887127366098235,0.26884105865657537,0.013290607941422068,-0.005096191754473185,0.9753867317783341,middle,,,,
2022,N Rana,Kolkata Knight Riders,0,12,11.5,1,8.33,4,33.33,0.024004420777083004,0.3944131116978045,0.18329310223507897,0.40869420587608934,-0.3062747686973133,0.674208154835494,middle,N Rana,2022.0,99502276.06400001,-0.30780679680162987
2022,Navdeep Saini,Rajasthan Royals,1,24,13.0,1,4.17,7,29.17,0.06422048830446694,0.4510766127832251,0.1406216995116468,0.3593429017234277,-0.2942126282610712,0.6862702952717361,middle,,,,
2022,NM Coulter-Nile,Rajasthan Royals,0,6,17.0,0,0.0,2,33.33,0.024004420777083004,0.6021792823443463,0.09784772130089864,0.40869420587608934,-0.49812131949480076,0.48236160403800654,middle,NM Coulter-Nile,2022.0,24875569.016000003,-2.0024519606944806
2022,NT Ellis,Punjab Kings,1,12,6.5,4,33.33,1,8.33,0.06422048830446694,0.20553477474640283,0.4397318205249361,0.11211184918942024,0.04140008897917491,1.0218830125119822,middle,NT Ellis,2022.0,9328338.381000001,0.4438098971998999
2022,OC McCoy,Rajasthan Royals,2,67,11.37,13,19.4,14,20.9,0.10443655583185088,0.389502274937068,0.29684416669382774,0.26123345813147747,-0.11814042782002526,0.8623424957127821,middle,OC McCoy,2022.0,9328338.381000001,-1.2664680781805062
2022,OC McCoy,Royal Challengers Bengaluru,1,6,7.0,2,33.33,1,16.67,0.06422048830446694,0.22442260844154302,0.4397318205249361,0.21105172338009306,0.006501847184928203,0.9869847707177355,middle,OC McCoy,2022.0,9328338.381000001,0.06969994997363295
2022,OF Smith,Punjab Kings,2,42,11.29,17,40.48,12,28.57,0.10443655583185088,0.3864802215458456,0.5130732939558352,0.3522249251629476,-0.06905234033473914,0.9114305831980681,middle,OF Smith,2022.0,74626707.04800001,-0.09253033272702837
2022,OF Smith,Royal Challengers Bengaluru,0,6,23.0,0,0.0,4,66.67,0.024004420777083004,0.8288332866860283,0.09784772130089864,0.8042164367534315,-0.7585489691436148,0.2219339543891925,middle,OF Smith,2022.0,74626707.04800001,-1.0164577791911882
2022,PH Solanki,Chennai Super Kings,1,18,6.0,6,33.33,1,5.56,0.06422048830446694,0.1866469410512627,0.4397318205249361,0.07925052406853728,0.06308262095946363,1.043565544492271,middle,PH Solanki,2022.0,14925341.4096,0.4226544588044652
2022,PJ Cummins,Kolkata Knight Riders,4,36,7.5,12,33.33,5,13.89,0.18486869088661875,0.2433104421366832,0.4397318205249361,0.17807176531653549,0.1789598757147553,1.1594427992475627,middle,PJ Cummins,2022.0,90173937.683,0.1984607529770696
2022,PJ Sangwan,Gujarat Titans,1,12,6.5,4,33.33,1,8.33,0.06422048830446694,0.20553477474640283,0.4397318205249361,0.11211184918942024,0.04140008897917491,1.0218830125119822,middle,PJ Sangwan,2022.0,2487556.9016,1.6642871144996247
2022,PJ Sangwan,Royal Challengers Bengaluru,1,6,7.0,3,50.0,1,16.67,0.06422048830446694,0.22442260844154302,0.6107251578806129,0.21105172338009306,0.05779984839163123,1.0382827719244385,middle,PJ Sangwan,2022.0,2487556.9016,2.323558844199877
2022,PVD Chameera,Lucknow Super Giants,1,42,6.0,21,50.0,6,14.29,0.06422048830446694,0.1866469410512627,0.6107251578806129,0.18281708302352215,0.09366731037516965,1.074150233907977,middle,PVD Chameera,2022.0,24875569.016000003,0.37654338807254095
2022,PVD Chameera,Royal Challengers Bengaluru,0,12,11.5,2,16.67,3,25.0,0.024004420777083004,0.3944131116978045,0.26884105865657537,0.3098729646280913,-0.26084613352126473,0.7196367900115426,middle,PVD Chameera,2022.0,24875569.016000003,-1.0486036856221785
2022,PWH de Silva,Royal Challengers Bengaluru,18,264,7.73,105,39.77,40,15.15,0.7478936362699939,0.2519988456364477,0.5057904343564034,0.1930195160935436,1.033374604984045,2.0138575285168523,middle,PWH de Silva,2022.0,133706183.46100001,0.7728697194363223
2022,R Ashwin,Rajasthan Royals,8,276,7.46,79,28.62,28,10.14,0.34573296099615447,0.241799415441072,0.391418765999127,0.1335844118135351,0.4158686565784051,1.3963515801112125,middle,R Ashwin,2022.0,62188922.54,0.6687182211766377
2022,R Ashwin,Royal Challengers Bengaluru,1,24,7.75,5,20.83,2,8.33,0.06422048830446694,0.25275435898425325,0.3115124613800076,0.11211184918942024,-0.03484138615458397,0.9456415373782233,middle,R Ashwin,2022.0,62188922.54,-0.05602506802103533
2022,R Dhawan,Punjab Kings,1,60,9.0,9,15.0,9,15.0,0.06422048830446694,0.2999739432221037,0.2517109522748129,0.19124002195342357,-0.1063831408292234,0.8740997827035839,middle,R Dhawan,2022.0,6840781.479400001,-1.5551314005509527
2022,R Parag,Rajasthan Royals,0,12,16.5,1,8.33,4,33.33,0.024004420777083004,0.5832914486492061,0.18329310223507897,0.40869420587608934,-0.4573774382584346,0.5231054852743727,middle,R Parag,2022.0,47263581.1304,-0.9677164263040762
2022,R Powell,Delhi Capitals,0,6,17.0,0,0.0,2,33.33,0.024004420777083004,0.6021792823443463,0.09784772130089864,0.40869420587608934,-0.49812131949480076,0.48236160403800654,middle,R Powell,2022.0,34825796.6224,-1.4303228290674863
2022,R Sai Kishore,Gujarat Titans,5,84,7.14,24,28.57,10,11.9,0.2250847584140027,0.22971120187618227,0.3909058885625473,0.15446380972427662,0.24023718074396708,1.2207201042767744,middle,R Sai Kishore,2022.0,37313353.524000004,0.6438370129059726
2022,R Sanjay Yadav,Mumbai Indians,0,6,15.0,2,33.33,2,33.33,0.024004420777083004,0.5266279475637857,0.4397318205249361,0.40869420587608934,-0.33511502190314113,0.6453679016296662,middle,,,,
2022,R Shepherd,Sunrisers Hyderabad,1,30,12.8,10,33.33,10,33.33,0.06422048830446694,0.443521479305169,0.4397318205249361,0.40869420587608934,-0.20830574600517182,0.7721771775276355,middle,R Shepherd,2022.0,96392829.937,-0.21610087196455935
2022,R Tewatia,Gujarat Titans,0,24,14.5,2,8.33,8,33.33,0.024004420777083004,0.5077401138686455,0.18329310223507897,0.40869420587608934,-0.396936370433986,0.5835465530988213,middle,R Tewatia,2022.0,111940060.572,-0.3545972446376121
2022,RA Jadeja,Chennai Super Kings,4,126,8.14,43,34.13,20,15.87,0.18486869088661875,0.26748686926646265,0.44793785951021153,0.20156108796611963,0.15738268117659754,1.137865604709405,middle,,,,
2022,RA Jadeja,Royal Challengers Bengaluru,0,18,6.33,5,27.78,2,11.11,0.024004420777083004,0.1991129112900552,0.38280242506458784,0.14509180725297785,-0.0374613317976389,0.9430215917351684,middle,,,,
2022,Ramandeep Singh,Mumbai Indians,3,24,10.5,6,25.0,6,25.0,0.14465262335923482,0.3566374443075242,0.3542864395907557,0.3098729646280913,-0.024019681455558717,0.9564632420772485,middle,,,,
2022,Rashid Khan,Gujarat Titans,17,275,6.26,97,35.27,21,7.64,0.7076775687426099,0.19646861457273557,0.45963146506422903,0.10392617614486817,1.0214456657460216,2.0019285892788288,middle,,,,
2022,Rashid Khan,Royal Challengers Bengaluru,0,12,8.0,2,16.67,1,8.33,0.024004420777083004,0.26219827583182337,0.26884105865657537,0.11211184918942024,-0.11552204174074564,0.8649608817920617,middle,,,,
2022,Rasikh Salam,Kolkata Knight Riders,0,6,8.0,1,16.67,1,16.67,0.024004420777083004,0.26219827583182337,0.26884105865657537,0.21105172338009306,-0.1353100165788802,0.8451729069539271,middle,Rasikh Salam,2022.0,2487556.9016,-5.4394742283824185
2022,Ravi Bishnoi,Lucknow Super Giants,9,204,8.0,71,34.8,32,15.69,0.3859490285235384,0.26219827583182337,0.4548104171603797,0.19942569499797563,0.4657229082683678,1.446205831801175,middle,,,,
2022,Ravi Bishnoi,Royal Challengers Bengaluru,1,36,10.5,11,30.56,8,22.22,0.06422048830446694,0.3566374443075242,0.41131841053841994,0.27689300656453364,-0.12096230114069971,0.8595206223921076,middle,,,,
2022,RD Chahar,Punjab Kings,6,198,7.7,66,33.33,27,13.64,0.26530082594138665,0.25086557561473927,0.4397318205249361,0.1751059417496688,0.29415713622783557,1.2746400597606429,middle,RD Chahar,2022.0,65298368.667,0.45048160043314295
2022,RD Chahar,Royal Challengers Bengaluru,0,18,5.67,5,27.78,0,0.0,0.024004420777083004,0.1741809708124702,0.38280242506458784,0.013290607941422068,0.008844460446740275,0.9893273839795476,middle,RD Chahar,2022.0,65298368.667,0.013544688217012107
2022,RP Meredith,Mumbai Indians,3,78,8.69,32,41.03,14,17.95,0.14465262335923482,0.28826348633111676,0.5187149457582121,0.22623674004245053,0.09673528169293233,1.0772182052257397,middle,RP Meredith,2022.0,12437784.508000001,0.7777533179700297
2022,S Dube,Chennai Super Kings,0,6,15.0,0,0.0,3,50.0,0.024004420777083004,0.5266279475637857,0.09784772130089864,0.6064553213147604,-0.4772324747580866,0.5032504487747207,middle,,,,
2022,S Gopal,Sunrisers Hyderabad,1,12,16.5,2,16.67,5,41.67,0.06422048830446694,0.5832914486492061,0.26884105865657537,0.5076340800667622,-0.3911769248790443,0.589305998653763,middle,S Gopal,2022.0,9328338.381000001,-4.193425548067544
2022,S Kaul,Royal Challengers Bengaluru,0,12,6.0,3,25.0,1,8.33,0.024004420777083004,0.1866469410512627,0.3542864395907557,0.11211184918942024,-0.02944735963604303,0.9510355638967642,middle,S Kaul,2022.0,9328338.381000001,-0.3156763662864282
2022,SA Abbott,Sunrisers Hyderabad,0,6,12.0,0,0.0,1,16.67,0.024004420777083004,0.41330094539294465,0.09784772130089864,0.21105172338009306,-0.3074901534344803,0.672992770098327,middle,SA Abbott,2022.0,29850682.8192,-1.0300942035292477
2022,Sandeep Sharma,Punjab Kings,1,30,12.2,9,30.0,10,33.33,0.06422048830446694,0.4208560788710007,0.4055741832487271,0.40869420587608934,-0.2004207168406999,0.7800622066921075,middle,Sandeep Sharma,2022.0,6218892.254000001,-3.2227719769833447
2022,Shahbaz Ahmed,Royal Challengers Bengaluru,3,138,10.17,31,22.46,27,19.57,0.14465262335923482,0.3441714740687317,0.32823226581250625,0.24545527675574672,-0.008979619823530648,0.9715033037092766,middle,Shahbaz Ahmed,2022.0,29850682.8192,-0.0300817903493817
2022,Shashank Singh,Sunrisers Hyderabad,0,12,10.0,1,8.33,2,16.67,0.024004420777083004,0.337749610612384,0.18329310223507897,0.21105172338009306,-0.22141547132977765,0.7590674522030296,middle,,,,
2022,Shivam Mavi,Kolkata Knight Riders,0,24,7.75,8,33.33,4,16.67,0.024004420777083004,0.25275435898425325,0.4397318205249361,0.21105172338009306,-0.07648765454031589,0.9039952689924914,middle,Shivam Mavi,2022.0,90173937.683,-0.08482235167460775
2022,Simarjeet Singh,Chennai Super Kings,1,18,5.33,10,55.56,2,11.11,0.06422048830446694,0.16133724389977488,0.6677571288282771,0.14509180725297785,0.13856971453476805,1.1190526380675754,middle,Simarjeet Singh,2022.0,2487556.9016,5.570514364742363
2022,Simarjeet Singh,Chennai Super Kings,1,18,5.33,10,55.56,2,11.11,0.06422048830446694,0.16133724389977488,0.6677571288282771,0.14509180725297785,0.13856971453476805,1.1190526380675754,middle,Simarjeet Singh,2022.0,2487556.9016,5.570514364742363
2022,SN Thakur,Delhi Capitals,3,72,10.33,25,34.72,16,22.22,0.14465262335923482,0.35021558085117654,0.45398981326185217,0.27689300656453364,0.017624813023559893,0.9981077365563672,middle,SN Thakur,2022.0,133706183.46100001,0.0131817486426877
2022,SN Thakur,Royal Challengers Bengaluru,0,6,9.0,3,50.0,1,16.67,0.024004420777083004,0.2999739432221037,0.6107251578806129,0.21105172338009306,-0.06296532072389321,0.917517602808914,middle,SN Thakur,2022.0,133706183.46100001,-0.047092302759699375
2022,SP Narine,Kolkata Knight Riders,8,228,5.5,99,43.42,15,6.58,0.34573296099615447,0.16775910735612254,0.5432304872267225,0.09135108422135339,0.5290910849330797,1.5095740084658869,middle,,,,
2022,T Natarajan,Royal Challengers Bengaluru,2,12,2.5,7,58.33,0,0.0,0.10443655583185088,0.05443210518528156,0.6961705388147932,0.013290607941422068,0.3193021896557046,1.2997851131885119,middle,,,,
2022,T Natarajan,Sunrisers Hyderabad,2,96,8.44,19,19.79,10,10.42,0.10443655583185088,0.2788195694835467,0.3008446106991495,0.1369061342084258,-0.003528665471001363,0.9769542580618059,middle,,,,
2022,TA Boult,Rajasthan Royals,3,66,8.27,14,21.21,8,12.12,0.14465262335923482,0.27239770602719904,0.31541032989801343,0.15707373446311926,0.06226912229387318,1.0427520458266806,middle,,,,
2022,TA Boult,Royal Challengers Bengaluru,1,6,4.0,4,66.67,0,0.0,0.06422048830446694,0.11109560627070203,0.7817184952362896,0.013290607941422068,0.23931167442274123,1.2197945979555485,middle,,,,
2022,TG Southee,Kolkata Knight Riders,3,60,7.0,20,33.33,7,11.67,0.14465262335923482,0.22442260844154302,0.4397318205249361,0.15173525204275923,0.1390133440345468,1.119496267567354,middle,TG Southee,2022.0,18656676.762000002,0.7451131078054039
2022,TS Mills,Mumbai Indians,1,54,11.33,10,18.52,15,27.78,0.06422048830446694,0.3879912482414568,0.2878175238100248,0.34285292269164885,-0.19628759353178737,0.7841953300010199,middle,TS Mills,2022.0,18656676.762000002,-1.052103737636634
2022,TU Deshpande,Chennai Super Kings,1,12,11.5,2,16.67,3,25.0,0.06422048830446694,0.3944131116978045,0.26884105865657537,0.3098729646280913,-0.20052203223018883,0.7799608913026185,middle,TU Deshpande,2022.0,2487556.9016,-8.06100282977297
2022,Umran Malik,Royal Challengers Bengaluru,1,36,6.33,23,63.89,6,16.67,0.06422048830446694,0.1991129112900552,0.7532025097624574,0.21105172338009306,0.12079081167737485,1.1012737352101822,middle,,,,
2022,Umran Malik,Sunrisers Hyderabad,17,206,9.5,82,39.81,47,22.82,0.7076775687426099,0.3188617769172439,0.5062007363056671,0.28401098312501366,0.9014849558468172,1.8819678793796246,middle,,,,
2022,UT Yadav,Kolkata Knight Riders,7,90,7.53,32,35.56,14,15.56,0.30551689346877053,0.24444371215839159,0.4626061541963914,0.19788346674320495,0.3619255233867189,1.342408446919526,middle,UT Yadav,2022.0,24875569.016000003,1.4549436965800777
2022,V Shankar,Gujarat Titans,0,6,14.0,2,33.33,3,50.0,0.024004420777083004,0.48885228017350535,0.4397318205249361,0.6064553213147604,-0.34444671107865105,0.6360362124541563,middle,V Shankar,2022.0,17412898.3112,-1.9781124596420714
2022,VG Arora,Punjab Kings,0,12,11.0,1,8.33,3,25.0,0.024004420777083004,0.37552527800266433,0.18329310223507897,0.3098729646280913,-0.2714002534916016,0.7090826700412057,middle,VG Arora,2022.0,24875569.016000003,-1.091031338085318
2022,VR Aaron,Gujarat Titans,0,12,12.5,1,8.33,4,33.33,0.024004420777083004,0.43218877908808484,0.18329310223507897,0.40869420587608934,-0.3364953026095375,0.6439876209232698,middle,VR Aaron,2022.0,6218892.254000001,-5.410855967043058
2022,VR Iyer,Kolkata Knight Riders,0,12,11.0,1,8.33,3,25.0,0.024004420777083004,0.37552527800266433,0.18329310223507897,0.3098729646280913,-0.2714002534916016,0.7090826700412057,middle,,,,
2022,Washington Sundar,Sunrisers Hyderabad,3,84,8.14,18,21.43,10,11.9,0.14465262335923482,0.26748686926646265,0.31766699061896414,0.15446380972427662,0.06739677486651602,1.0478796983993233,middle,Washington Sundar,2022.0,108830614.44500001,0.06192813962341128
2022,Yash Dayal,Gujarat Titans,2,42,9.86,14,33.33,10,23.81,0.10443655583185088,0.33246101717774473,0.4397318205249361,0.2957556444498058,-0.036545562726899766,0.9439373608059075,middle,Yash Dayal,2022.0,39800910.4256,-0.09182092152191978
2022,YS Chahal,Rajasthan Royals,19,258,7.07,88,34.11,27,10.47,0.7881097037973778,0.2270669051588627,0.44773270853557967,0.1374992989217991,1.1073309843452905,2.0878139078780977,middle,YS Chahal,2022.0,80845599.302,1.3696861596743668
2022,YS Chahal,Royal Challengers Bengaluru,0,18,12.67,2,11.11,4,22.22,0.024004420777083004,0.4386106425444325,0.2118090877089111,0.27689300656453364,-0.3067177578701549,0.6737651656626524,middle,YS Chahal,2022.0,80845599.302,-0.3793870792204853
2023,A Mishra,Lucknow Super Giants,2,60,7.7,17,28.33,8,13.33,0.11014953470655318,0.2507996039738707,0.39212244188313566,0.17548618352163142,0.047124114741347624,1.027607038274155,middle,A Mishra,2023.0,5915430.661499999,0.7966303290147632
2023,A Mishra,Royal Challengers Bengaluru,2,18,7.0,5,27.78,2,11.11,0.11014953470655318,0.22829143757299014,0.38582081527088,0.15334788776384023,0.06766781902993362,1.048150742562741,middle,A Mishra,2023.0,5915430.661499999,1.1439204159782141
2023,A Nortje,Delhi Capitals,2,54,7.67,19,35.19,6,11.11,0.11014953470655318,0.24983496827097576,0.47072091199236094,0.15334788776384023,0.07590302348798937,1.0563859470207966,middle,,,,
2023,A Nortje,Royal Challengers Bengaluru,0,6,7.0,2,33.33,0,0.0,0.02092575490773776,0.22829143757299014,0.4494099565400054,0.042556686921921195,-0.02493286811916813,0.9555500554136391,middle,,,,
2023,A Zampa,Rajasthan Royals,3,54,9.44,14,25.93,9,16.67,0.1547614246059609,0.30674847474177364,0.3646244348478382,0.2087933492112813,0.05437201772761763,1.0348549412604249,middle,A Zampa,2023.0,17746291.9845,0.3063852312083411
2023,A Zampa,Royal Challengers Bengaluru,2,12,5.0,5,41.67,1,8.33,0.11014953470655318,0.16398239071333154,0.5449655309876642,0.1256251570401197,0.17240301737743985,1.1528859409102472,middle,A Zampa,2023.0,17746291.9845,0.9714875509093417
2023,Abhishek Sharma,Sunrisers Hyderabad,2,66,10.45,20,30.3,15,22.73,0.11014953470655318,0.33922454340590125,0.41469372265794235,0.2692249133068735,-0.035592198528883214,0.9448907250039241,middle,,,,
2023,AD Russell,Kolkata Knight Riders,1,18,12.0,6,33.33,5,27.78,0.06553764480714547,0.3890640547221367,0.4494099565400054,0.31958455005320036,-0.14203869961562965,0.8384442239171777,middle,,,,
2023,AJ Hosein,Sunrisers Hyderabad,1,6,10.0,1,16.67,1,16.67,0.06553764480714547,0.324755007862478,0.25852795770331544,0.2087933492112813,-0.12569782161052584,0.8547851019222814,middle,AJ Hosein,2023.0,11830861.322999999,-1.062457061906057
2023,AK Markram,Sunrisers Hyderabad,1,24,8.75,5,20.83,4,16.67,0.06553764480714547,0.2845618535751914,0.306191169897831,0.2087933492112813,-0.07924433452234192,0.9012385890104654,middle,,,,
2023,Akash Deep,Royal Challengers Bengaluru,0,12,13.0,2,16.67,4,33.33,0.02092575490773776,0.421218578151966,0.25852795770331544,0.3749302894476783,-0.3030139007385072,0.6774690227943001,middle,,,,
2023,Akash Madhwal,Mumbai Indians,5,54,8.89,18,33.33,9,16.67,0.24398520440477628,0.28906348685536754,0.4494099565400054,0.2087933492112813,0.2277913342426157,1.208274257775423,middle,,,,
2023,Akash Madhwal,Royal Challengers Bengaluru,0,6,17.0,0,0.0,2,33.33,0.02092575490773776,0.5498366718712832,0.06753138383731165,0.3749302894476783,-0.46320734787376205,0.5172755756590453,middle,,,,
2023,Akash Singh,Chennai Super Kings,1,12,13.0,2,16.67,3,25.0,0.06553764480714547,0.421218578151966,0.25852795770331544,0.29186181932947974,-0.21948237186575595,0.7610005516670514,middle,,,,
2023,AR Patel,Delhi Capitals,6,168,7.39,53,31.55,19,11.31,0.288597094304184,0.24083170171062354,0.4290156013221598,0.1553423288231007,0.33786649471980496,1.3183494182526123,middle,,,,
2023,AR Patel,Royal Challengers Bengaluru,1,12,10.5,4,33.33,3,25.0,0.06553764480714547,0.3408322695773927,0.4494099565400054,0.29186181932947974,-0.09790872535509032,0.882574198177717,middle,,,,
2023,Arjun Tendulkar,Mumbai Indians,0,6,31.0,0,0.0,5,83.33,0.02092575490773776,0.9999999998888934,0.06753138383731165,0.8735405542627954,-0.9230600632508739,0.05742286028193344,middle,,,,
2023,Arshad Khan,Mumbai Indians,2,18,10.67,6,33.33,5,27.78,0.11014953470655318,0.34629853856046366,0.4494099565400054,0.31958455005320036,-0.04090845183717966,0.9395744716956277,middle,,,,
2023,Arshdeep Singh,Punjab Kings,4,78,8.92,25,32.05,15,19.23,0.19937331450536858,0.29002812255826244,0.43474435278784673,0.23432219476981528,0.15059634059383387,1.1310792641266412,middle,Arshdeep Singh,2023.0,2366172.2646,6.36455522900367
2023,Arshdeep Singh,Punjab Kings,4,78,8.92,25,32.05,15,19.23,0.19937331450536858,0.29002812255826244,0.43474435278784673,0.23432219476981528,0.15059634059383387,1.1310792641266412,middle,Arshdeep Singh,2023.0,7098516.793799999,2.1215184096678907
2023,Arshdeep Singh,Royal Challengers Bengaluru,0,6,10.0,0,0.0,1,16.67,0.02092575490773776,0.324755007862478,0.06753138383731165,0.2087933492112813,-0.24991462861943853,0.7305682949133687,middle,Arshdeep Singh,2023.0,2366172.2646,-10.561979461866715
2023,Arshdeep Singh,Royal Challengers Bengaluru,0,6,10.0,0,0.0,1,16.67,0.02092575490773776,0.324755007862478,0.06753138383731165,0.2087933492112813,-0.24991462861943853,0.7305682949133687,middle,Arshdeep Singh,2023.0,7098516.793799999,-3.520659820622239
2023,AS Joseph,Gujarat Titans,4,96,9.19,35,36.46,18,18.75,0.19937331450536858,0.2987098438843163,0.4852719407152059,0.22953553622759013,0.15976657161964355,1.1402494951524509,middle,,,,
2023,AS Roy,Kolkata Knight Riders,2,36,9.33,13,36.11,7,19.44,0.11014953470655318,0.3032114771644924,0.48126181468922496,0.2364163578820388,0.019750393158595538,1.0002333166914028,middle,,,,
2023,AU Rashid,Sunrisers Hyderabad,2,30,7.6,11,36.67,4,13.33,0.11014953470655318,0.2475841516308877,0.48767801633079444,0.17548618352163142,0.07836314895003163,1.058846072482839,middle,AU Rashid,2023.0,23661722.645999998,0.3311810814555333
2023,Avesh Khan,Lucknow Super Giants,4,36,7.0,14,38.89,5,13.89,0.19937331450536858,0.22829143757299014,0.5131136728384446,0.18107061848756076,0.23414679985368198,1.2146297233864893,middle,,,,
2023,B Kumar,Sunrisers Hyderabad,2,36,9.5,9,25.0,8,22.22,0.11014953470655318,0.30867774614756344,0.35396895712166043,0.26413908860575924,-0.028355025442874708,0.9521278980899326,middle,,,,
2023,C Green,Mumbai Indians,2,108,9.0,33,30.56,21,19.44,0.11014953470655318,0.29260048443264874,0.41767267342009956,0.2364163578820388,0.009162444963332857,0.9896453684961402,middle,,,,
2023,C Green,Royal Challengers Bengaluru,1,6,6.0,3,50.0,1,16.67,0.06553764480714547,0.19613691414316087,0.6404065304060093,0.2087933492112813,0.09176022517573601,1.0722431487085433,middle,,,,
2023,C Sakariya,Delhi Capitals,1,12,9.0,4,33.33,3,25.0,0.06553764480714547,0.29260048443264874,0.4494099565400054,0.29186181932947974,-0.059323297239295164,0.9211596262935121,middle,,,,
2023,CJ Jordan,Mumbai Indians,0,36,8.67,11,30.56,6,16.67,0.02092575490773776,0.2819894917008051,0.41767267342009956,0.2087933492112813,-0.11065982881526387,0.8698230947175434,middle,,,,
2023,CJ Jordan,Royal Challengers Bengaluru,0,6,15.0,0,0.0,2,33.33,0.02092575490773776,0.48552762501162455,0.06753138383731165,0.3749302894476783,-0.41176011038603516,0.5687228131467721,middle,,,,
2023,CV Varun,Kolkata Knight Riders,11,156,7.65,57,36.54,23,14.74,0.5116565438012226,0.24919187780237922,0.48618854094971575,0.18954699298941774,0.6760784771469617,1.6565614006797689,middle,,,,
2023,D Jansen,Mumbai Indians,0,6,13.0,1,16.67,2,33.33,0.02092575490773776,0.421218578151966,0.25852795770331544,0.3749302894476783,-0.3030139007385072,0.6774690227943001,middle,D Jansen,2023.0,2366172.2646,-12.806079475778638
2023,D Pretorius,Chennai Super Kings,0,12,4.5,5,41.67,0,0.0,0.02092575490773776,0.14790512899841687,0.5449655309876642,0.042556686921921195,0.06804285107478815,1.0485257746075956,middle,,,,
2023,D Wiese,Kolkata Knight Riders,0,6,15.0,0,0.0,2,33.33,0.02092575490773776,0.48552762501162455,0.06753138383731165,0.3749302894476783,-0.41176011038603516,0.5687228131467721,middle,D Wiese,2023.0,11830861.322999999,-3.480389966075805
2023,DG Nalkande,Gujarat Titans,1,12,11.5,3,25.0,3,25.0,0.06553764480714547,0.372986793007222,0.35396895712166043,0.29186181932947974,-0.1522646439244572,0.8282182796083501,middle,,,,
2023,DJ Hooda,Lucknow Super Giants,0,6,8.0,1,16.67,1,16.67,0.02092575490773776,0.26044596100281947,0.25852795770331544,0.2087933492112813,-0.1411684189719106,0.8393145045608967,middle,,,,
2023,DJ Willey,Royal Challengers Bengaluru,1,24,8.25,7,29.17,4,16.67,0.06553764480714547,0.26848459186027673,0.4017467443454898,0.2087933492112813,-0.03771585281611252,0.9427670707166947,middle,,,,
2023,DL Chahar,Chennai Super Kings,3,18,5.67,7,38.89,0,0.0,0.1547614246059609,0.18552592141131719,0.5131136728384446,0.042556686921921195,0.22914416424703674,1.209627087779844,middle,,,,
2023,Fazalhaq Farooqi,Sunrisers Hyderabad,1,24,7.75,9,37.5,4,16.67,0.06553764480714547,0.25240733014536215,0.49718774376383484,0.2087933492112813,0.0037782563813226477,0.98426117991413,middle,,,,
2023,GD Phillips,Sunrisers Hyderabad,0,12,8.0,1,8.33,1,8.33,0.02092575490773776,0.26044596100281947,0.16297238325565666,0.1256251570401197,-0.1532014528719759,0.8272814706608314,middle,,,,
2023,GJ Maxwell,Royal Challengers Bengaluru,1,24,10.75,5,20.83,5,20.83,0.06553764480714547,0.34887090043485003,0.306191169897831,0.250277723243899,-0.13898844681659234,0.8414944767162149,middle,,,,
2023,Gurnoor Brar,Punjab Kings,0,6,24.0,1,16.67,4,66.67,0.02092575490773776,0.7749183358800883,0.25852795770331544,0.7074036140263985,-0.6524683718367491,0.3280145516960582,middle,,,,
2023,H Sharma,Royal Challengers Bengaluru,0,12,12.5,1,8.33,4,33.33,0.02092575490773776,0.4051413164370513,0.16297238325565666,0.3749302894476783,-0.31881876370087303,0.6616641598319343,middle,H Sharma,2023.0,2366172.2646,-13.474030123278837
2023,Harpreet Brar,Punjab Kings,6,84,6.14,31,36.9,8,9.52,0.288597094304184,0.20063854742333692,0.4903132420050105,0.1374920813427195,0.39198035985056573,1.372463283383373,middle,,,,
2023,Harshit Rana,Kolkata Knight Riders,1,12,7.5,3,25.0,1,8.33,0.06553764480714547,0.2443686992879048,0.35396895712166043,0.1256251570401197,-0.01612283649113147,0.9643600870416759,middle,,,,
2023,HH Pandya,Gujarat Titans,0,42,7.57,11,26.19,6,14.29,0.02092575490773776,0.24661951592799286,0.3676033856099954,0.1850595006060817,-0.09263786481900539,0.8878450587138019,middle,,,,
2023,HR Shokeen,Mumbai Indians,2,72,10.5,18,25.0,13,18.06,0.11014953470655318,0.3408322695773927,0.35396895712166043,0.2226547145731415,-0.04578176938021458,0.9347011541525927,middle,,,,
2023,HV Patel,Royal Challengers Bengaluru,6,169,8.88,54,31.95,29,17.16,0.288597094304184,0.28874194162106925,0.43359860249470933,0.2136797298064694,0.28924572294653955,1.269728646479347,middle,,,,
2023,I Sharma,Delhi Capitals,2,24,6.75,8,33.33,2,8.33,0.11014953470655318,0.2202528067155328,0.4494099565400054,0.1256251570401197,0.09872001224138119,1.0792029357741886,middle,I Sharma,2023.0,5915430.661499999,1.6688558769506119
2023,I Sharma,Royal Challengers Bengaluru,0,6,9.0,1,16.67,1,16.67,0.02092575490773776,0.29260048443264874,0.25852795770331544,0.2087933492112813,-0.16689203771577402,0.8135908858170333,middle,I Sharma,2023.0,5915430.661499999,-2.821299872585347
2023,J Little,Gujarat Titans,4,78,8.23,27,34.62,12,15.38,0.19937331450536858,0.2678415013916802,0.46419013532147774,0.19592920437905126,0.18485797036534174,1.165340893898149,middle,J Little,2023.0,52055789.8212,0.35511510054940587
2023,J Yadav,Gujarat Titans,0,12,5.0,5,41.67,0,0.0,0.02092575490773776,0.16398239071333154,0.5449655309876642,0.042556686921921195,0.05518104170285641,1.0356639652356636,middle,,,,
2023,JC Archer,Mumbai Indians,1,42,8.29,17,40.48,7,16.67,0.06553764480714547,0.2697707727974699,0.5313311024993291,0.2087933492112813,0.00013050988028473487,0.980613433413092,middle,,,,
2023,JD Unadkat,Lucknow Super Giants,0,6,14.0,0,0.0,2,33.33,0.02092575490773776,0.45337310158179533,0.06753138383731165,0.3749302894476783,-0.3860364916421718,0.5944464318906355,middle,JD Unadkat,2023.0,5915430.661499999,-6.525923702472797
2023,JE Root,Rajasthan Royals,0,6,8.0,1,16.67,1,16.67,0.02092575490773776,0.26044596100281947,0.25852795770331544,0.2087933492112813,-0.1411684189719106,0.8393145045608967,middle,,,,
2023,JO Holder,Rajasthan Royals,3,60,9.1,11,18.33,10,16.67,0.1547614246059609,0.29581593677563167,0.27754741256939613,0.2087933492112813,0.03699494141699859,1.017477864949806,middle,JO Holder,2023.0,68027452.60724999,0.05438237064466511
2023,JO Holder,Royal Challengers Bengaluru,0,18,9.33,1,5.56,3,16.67,0.02092575490773776,0.3032114771644924,0.13123510013575077,0.2087933492112813,-0.21356868917151836,0.7669142343612889,middle,JO Holder,2023.0,68027452.60724999,-0.31394485753352663
2023,JP Behrendorff,Mumbai Indians,0,36,11.5,6,16.67,8,22.22,0.02092575490773776,0.372986793007222,0.25852795770331544,0.26413908860575924,-0.24227023245432816,0.7382126910784792,middle,,,,
2023,JP Behrendorff,Royal Challengers Bengaluru,1,6,9.0,1,16.67,1,16.67,0.06553764480714547,0.29260048443264874,0.25852795770331544,0.2087933492112813,-0.09997420286666245,0.8805087206661448,middle,,,,
2023,JR Hazlewood,Royal Challengers Bengaluru,0,12,8.5,6,50.0,2,16.67,0.02092575490773776,0.2765232227177341,0.6404065304060093,0.2087933492112813,-0.03946665653303416,0.9410162669997731,middle,,,,
2023,K Gowtham,Lucknow Super Giants,0,42,6.86,14,33.33,3,7.14,0.02092575490773776,0.2237898042928141,0.4494099565400054,0.11375823273751993,-0.03557187065814703,0.9449110528746603,middle,,,,
2023,K Gowtham,Royal Challengers Bengaluru,1,12,5.0,5,41.67,0,0.0,0.06553764480714547,0.16398239071333154,0.5449655309876642,0.042556686921921195,0.12209887655196798,1.1025818000847754,middle,,,,
2023,K Kartikeya,Mumbai Indians,4,96,8.63,25,26.04,15,15.63,0.19937331450536858,0.28070331076361194,0.3658847601702893,0.19842225570312685,0.1445783000576247,1.125061223590432,middle,,,,
2023,K Kartikeya,Royal Challengers Bengaluru,1,18,7.0,3,16.67,1,5.56,0.06553764480714547,0.22829143757299014,0.25852795770331544,0.09800214836936223,-0.02636872521055174,0.9541141983222555,middle,,,,
2023,K Rabada,Punjab Kings,2,37,10.38,13,35.14,9,24.32,0.11014953470655318,0.3369737267658132,0.47014803684579226,0.2850807197279942,-0.020326412244681985,0.9601565112881253,middle,,,,
2023,K Yadav,Rajasthan Royals,0,18,9.0,1,5.56,2,11.11,0.02092575490773776,0.29260048443264874,0.13123510013575077,0.15334788776384023,-0.19399080269655522,0.7864921208362521,middle,,,,
2023,Kartik Tyagi,Sunrisers Hyderabad,0,12,14.0,4,33.33,5,41.67,0.02092575490773776,0.45337310158179533,0.4494099565400054,0.45809848161883987,-0.28810655826559606,0.6923763652672112,middle,,,,
2023,KH Pandya,Lucknow Super Giants,7,102,7.0,40,39.22,14,13.73,0.33320898420359174,0.22829143757299014,0.516894648805798,0.1794750656401524,0.4363537077607045,1.4168366312935117,middle,,,,
2023,KH Pandya,Royal Challengers Bengaluru,0,18,8.67,2,11.11,2,11.11,0.02092575490773776,0.2819894917008051,0.19482424140487622,0.15334788776384023,-0.16642526613034267,0.8140576574024646,middle,,,,
2023,KK Ahmed,Delhi Capitals,1,24,10.25,6,25.0,6,25.0,0.06553764480714547,0.3327936387199354,0.35396895712166043,0.29186181932947974,-0.12011012049462794,0.8603728030381794,middle,,,,
2023,KM Asif,Rajasthan Royals,1,36,7.67,11,30.56,3,8.33,0.06553764480714547,0.24983496827097576,0.41767267342009956,0.1256251570401197,-0.0013847367880565065,0.9790981867447508,middle,KM Asif,2023.0,3549258.3968999996,-0.039014820371094036
2023,KM Asif,Royal Challengers Bengaluru,1,12,8.0,5,41.67,1,8.33,0.06553764480714547,0.26044596100281947,0.5449655309876642,0.1256251570401197,0.028314326296737913,1.0087972498295452,middle,KM Asif,2023.0,3549258.3968999996,0.7977533087325587
2023,KR Mayers,Lucknow Super Giants,0,6,16.0,1,16.67,3,50.0,0.02092575490773776,0.5176821484414539,0.25852795770331544,0.5411669517370384,-0.41343208942796955,0.5670508341048377,middle,,,,
2023,KR Sen,Rajasthan Royals,0,12,13.0,2,16.67,3,25.0,0.02092575490773776,0.421218578151966,0.25852795770331544,0.29186181932947974,-0.2864002067148675,0.6940827168179398,middle,,,,
2023,Kuldeep Yadav,Delhi Capitals,6,204,7.47,51,25.0,20,9.8,0.288597094304184,0.2434040635850099,0.35396895712166043,0.1402842988256842,0.3163062179596294,1.2967891414924366,middle,,,,
2023,Kuldeep Yadav,Royal Challengers Bengaluru,2,36,8.0,10,27.78,5,13.89,0.11014953470655318,0.26044596100281947,0.38582081527088,0.18107061848756076,0.03639965414132603,1.0168825776741333,middle,,,,
2023,KV Sharma,Royal Challengers Bengaluru,9,117,11.13,33,28.21,29,24.79,0.42243276400240715,0.36108961933818523,0.3907475415313708,0.2897676562172563,0.40404818174902246,1.3845311052818299,middle,,,,
2023,Lalit Yadav,Delhi Capitals,1,30,10.8,8,26.67,7,23.33,0.06553764480714547,0.3504786266063415,0.3731029870170549,0.27520823648465487,-0.1251871852661695,0.8552957382666377,middle,,,,
2023,Lalit Yadav,Royal Challengers Bengaluru,1,18,8.67,4,22.22,2,11.11,0.06553764480714547,0.2819894917008051,0.3221170989724408,0.15334788776384023,-0.06131957401096172,0.9191633495218456,middle,,,,
2023,LH Ferguson,Kolkata Knight Riders,0,18,13.0,8,44.44,6,33.33,0.02092575490773776,0.421218578151966,0.57670281410757,0.3749302894476783,-0.20756144381723085,0.7729214797155765,middle,,,,
2023,LS Livingstone,Punjab Kings,2,30,14.8,4,13.33,14,46.67,0.11014953470655318,0.47909672032565875,0.2202598979125264,0.5079595081003516,-0.2535670064470097,0.7269159170857976,middle,,,,
2023,LS Livingstone,Royal Challengers Bengaluru,0,6,9.0,0,0.0,1,16.67,0.02092575490773776,0.29260048443264874,0.06753138383731165,0.2087933492112813,-0.22419100987557514,0.7562919136572321,middle,,,,
2023,M Ashwin,Rajasthan Royals,0,18,14.0,3,16.67,6,33.33,0.02092575490773776,0.45337310158179533,0.25852795770331544,0.3749302894476783,-0.3287375194823707,0.6517454040504367,middle,M Ashwin,2023.0,2366172.2646,-13.893220049975675
2023,M Jansen,Sunrisers Hyderabad,3,49,12.49,13,26.53,12,24.49,0.1547614246059609,0.40481977120275303,0.37149893660666256,0.2867759946283656,-0.03761919799693544,0.9428637255358718,middle,,,,
2023,M Markande,Sunrisers Hyderabad,11,186,7.35,69,37.1,27,14.52,0.5116565438012226,0.2395455207734304,0.4926047425912852,0.18735310782423123,0.6861592002956289,1.6666421238284364,middle,M Markande,2023.0,5915430.661499999,11.59948006425684
2023,M Pathirana,Chennai Super Kings,1,144,8.25,49,34.03,20,13.89,0.06553764480714547,0.26848459186027673,0.4574302085919672,0.18107061848756076,-0.015466267397425189,0.9650166561353821,middle,,,,
2023,M Theekshana,Chennai Super Kings,4,168,8.14,39,23.21,21,12.5,0.19937331450536858,0.2649475942829956,0.33346002687450105,0.1672092531257005,0.15369805376886664,1.134180977301674,middle,,,,
2023,MA Wood,Lucknow Super Giants,2,24,7.75,8,33.33,3,12.5,0.11014953470655318,0.25240733014536215,0.4494099565400054,0.1672092531257005,0.06467957428040153,1.0451624978132088,middle,,,,
2023,MA Wood,Royal Challengers Bengaluru,0,12,7.0,7,58.33,2,16.67,0.02092575490773776,0.22829143757299014,0.7358475298243542,0.2087933492112813,0.027751071408264494,1.008233994941072,middle,,,,
2023,Mayank Dagar,Sunrisers Hyderabad,1,54,6.78,16,29.63,6,11.11,0.06553764480714547,0.2212174424184277,0.4070171956939218,0.15334788776384023,0.01276809443138453,0.9932510179641918,middle,Mayank Dagar,2023.0,21295550.3814,0.05995663038855508
2023,MG Bracewell,Royal Challengers Bengaluru,1,36,11.33,11,30.56,10,27.78,0.06553764480714547,0.36752052402415103,0.41767267342009956,0.31958455005320036,-0.13432505999321281,0.8461578635395945,middle,,,,
2023,MJ Santner,Chennai Super Kings,2,54,6.89,14,25.93,6,11.11,0.11014953470655318,0.22475443999570893,0.3646244348478382,0.15334788776384023,0.06413850296484601,1.0446214264976532,middle,,,,
2023,MK Lomror,Royal Challengers Bengaluru,0,12,8.5,3,25.0,2,16.67,0.02092575490773776,0.2765232227177341,0.35396895712166043,0.2087933492112813,-0.1253979285183388,0.8550849950144686,middle,,,,
2023,MM Ali,Chennai Super Kings,6,126,8.19,41,32.54,19,15.08,0.288597094304184,0.266555320454487,0.44035852922422,0.19293754279016054,0.3131714353019203,1.2936543588347276,middle,,,,
2023,MM Sharma,Gujarat Titans,12,132,7.55,43,32.58,17,12.88,0.5562684337006303,0.24597642545939627,0.440816829341475,0.1709986911382954,0.7356668207582118,1.7161497442910192,middle,MM Sharma,2023.0,5915430.661499999,12.436403414314823
2023,MM Sharma,Royal Challengers Bengaluru,0,18,13.0,2,11.11,7,38.89,0.02092575490773776,0.421218578151966,0.19482424140487622,0.43037575089511937,-0.3332141079175272,0.6472688156152802,middle,MM Sharma,2023.0,5915430.661499999,-5.63296447858342
2023,Mohammed Shami,Gujarat Titans,2,30,8.6,8,26.67,5,16.67,0.11014953470655318,0.27973867506071703,0.3731029870170549,0.2087933492112813,0.01160558827411634,0.9920885118069236,middle,,,,
2023,Mohammed Shami,Royal Challengers Bengaluru,1,6,5.0,2,33.33,0,0.0,0.06553764480714547,0.16398239071333154,0.4494099565400054,0.042556686921921195,0.09343220421767033,1.0739151277504777,middle,,,,
2023,Mohammed Siraj,Royal Challengers Bengaluru,1,42,9.14,13,30.95,8,19.05,0.06553764480714547,0.29710211771282485,0.42214109956333545,0.23252719781648085,-0.05923833665383724,0.92124458687897,middle,,,,
2023,Mohit Rathee,Punjab Kings,0,12,14.5,3,25.0,5,41.67,0.02092575490773776,0.46945036329670997,0.35396895712166043,0.45809848161883987,-0.3296006674630312,0.6508822560697761,middle,Mohit Rathee,2023.0,2366172.2646,-13.92969871188774
2023,Mohsin Khan,Lucknow Super Giants,1,12,11.0,3,25.0,3,25.0,0.06553764480714547,0.35690953129230735,0.35396895712166043,0.29186181932947974,-0.1394028345525255,0.8410800889802819,middle,,,,
2023,MP Stoinis,Lucknow Super Giants,2,30,8.6,11,36.67,5,16.67,0.11014953470655318,0.27973867506071703,0.48767801633079444,0.2087933492112813,0.04597809706823819,1.0264610206010456,middle,,,,
2023,MR Marsh,Delhi Capitals,4,60,8.8,17,28.33,8,13.33,0.19937331450536858,0.2861695797466829,0.39212244188313566,0.17548618352163142,0.15266380382132097,1.1331467273541282,middle,,,,
2023,MR Marsh,Royal Challengers Bengaluru,3,18,8.0,5,27.78,2,11.11,0.1547614246059609,0.26044596100281947,0.38582081527088,0.15334788776384023,0.10886203513518174,1.089344958667989,middle,,,,
2023,Mukesh Kumar,Delhi Capitals,3,48,13.0,12,25.0,16,33.33,0.1547614246059609,0.421218578151966,0.35396895712166043,0.3749302894476783,-0.073628096365669,0.9068548271671383,middle,Mukesh Kumar,2023.0,65069737.276499994,-0.11315259511929805
2023,Mukesh Kumar,Royal Challengers Bengaluru,1,6,11.0,1,16.67,1,16.67,0.06553764480714547,0.35690953129230735,0.25852795770331544,0.2087933492112813,-0.15142144035438931,0.829061483178418,middle,Mukesh Kumar,2023.0,65069737.276499994,-0.2327063957719026
2023,Mustafizur Rahman,Delhi Capitals,0,6,2.0,4,66.67,0,0.0,0.02092575490773776,0.06751882042384362,0.8314031042720129,0.042556686921921195,0.21828316991975139,1.1987660934525586,middle,,,,
2023,Mustafizur Rahman,Royal Challengers Bengaluru,0,6,19.0,0,0.0,3,50.0,0.02092575490773776,0.6141457187309418,0.06753138383731165,0.5411669517370384,-0.5479019178193609,0.4325810057134464,middle,,,,
2023,MW Short,Punjab Kings,0,6,8.0,1,16.67,1,16.67,0.02092575490773776,0.26044596100281947,0.25852795770331544,0.2087933492112813,-0.1411684189719106,0.8393145045608967,middle,,,,
2023,N Rana,Kolkata Knight Riders,2,30,5.4,14,46.67,3,10.0,0.11014953470655318,0.17684420008526328,0.602253045644534,0.14227873988494463,0.1759691077079904,1.1564520312407978,middle,,,,
2023,NA Saini,Rajasthan Royals,0,6,12.0,1,16.67,1,16.67,0.02092575490773776,0.3890640547221367,0.25852795770331544,0.2087933492112813,-0.24406289394736433,0.736420029585443,middle,,,,
2023,Navdeep Saini,Rajasthan Royals,1,6,15.0,2,33.33,3,50.0,0.06553764480714547,0.48552762501162455,0.4494099565400054,0.5411669517370384,-0.2635260361839875,0.7169568873488198,middle,,,,
2023,Naveen-ul-Haq,Lucknow Super Giants,3,36,6.17,14,38.89,3,8.33,0.1547614246059609,0.20160318312623182,0.5131136728384446,0.1256251570401197,0.1996686608514653,1.1801515843842727,middle,,,,
2023,Naveen-ul-Haq,Royal Challengers Bengaluru,0,6,7.0,2,33.33,1,16.67,0.02092575490773776,0.22829143757299014,0.4494099565400054,0.2087933492112813,-0.05818020057704015,0.9223027229557672,middle,,,,
2023,Nithish Kumar Reddy,Sunrisers Hyderabad,0,12,13.5,3,25.0,3,25.0,0.02092575490773776,0.43729583986688064,0.35396895712166043,0.29186181932947974,-0.2706297162612957,0.7098532072715116,middle,Nithish Kumar Reddy,2023.0,2366172.2646,-11.437447742505997
2023,Noor Ahmad,Gujarat Titans,9,191,7.85,67,35.08,27,14.14,0.42243276400240715,0.255622782488345,0.4694605866699098,0.18356366981163635,0.5332763620515804,1.5137592855843875,middle,,,,
2023,Noor Ahmad,Royal Challengers Bengaluru,2,18,10.33,4,22.22,4,22.22,0.11014953470655318,0.33536600059432176,0.3221170989724408,0.26413908860575924,-0.05926118644504725,0.92122173708776,middle,,,,
2023,NT Ellis,Punjab Kings,7,96,8.31,27,28.13,13,13.54,0.33320898420359174,0.27041386326606653,0.3898309412968609,0.17758034663385494,0.36491559875482166,1.345398522287629,middle,,,,
2023,NT Ellis,Royal Challengers Bengaluru,0,12,11.5,2,16.67,2,16.67,0.02092575490773776,0.372986793007222,0.25852795770331544,0.2087933492112813,-0.23120108457543256,0.7492818389573748,middle,,,,
2023,P Dubey,Delhi Capitals,1,12,7.5,6,50.0,2,16.67,0.06553764480714547,0.2443686992879048,0.6404065304060093,0.2087933492112813,0.053174797059940854,1.0336577205927482,middle,,,,
2023,PP Chawla,Mumbai Indians,16,246,8.24,80,32.52,40,16.26,0.7347159932982611,0.2681630466259785,0.4401293791655926,0.20470474503979733,0.9786414173883271,1.9591243409211345,middle,,,,
2023,PP Chawla,Royal Challengers Bengaluru,0,12,10.5,4,33.33,3,25.0,0.02092575490773776,0.3408322695773927,0.4494099565400054,0.29186181932947974,-0.1648265602042019,0.8156563633286054,middle,,,,
2023,PWH de Silva,Royal Challengers Bengaluru,3,132,9.59,33,25.0,25,18.94,0.1547614246059609,0.3115716532562481,0.35396895712166043,0.2314302552338876,0.0427894503936635,1.0232723739264709,middle,,,,
2023,R Ashwin,Rajasthan Royals,11,150,7.28,49,32.67,16,10.67,0.5116565438012226,0.23729470413334236,0.4418480046052986,0.1489601174334672,0.6804114302900562,1.6608943538228635,middle,,,,
2023,R Ashwin,Royal Challengers Bengaluru,1,36,8.33,7,19.44,4,11.11,0.06553764480714547,0.27105695373466315,0.29026524082322125,0.15334788776384023,-0.062129101082814,0.9183538224499933,middle,,,,
2023,R Dhawan,Punjab Kings,0,6,15.0,2,33.33,3,50.0,0.02092575490773776,0.48552762501162455,0.4494099565400054,0.5411669517370384,-0.33044387103309913,0.6500390524997082,middle,,,,
2023,R Goyal,Mumbai Indians,0,24,8.5,6,25.0,3,12.5,0.02092575490773776,0.2765232227177341,0.35396895712166043,0.1672092531257005,-0.11708110930122265,0.8634018142315847,middle,R Goyal,2023.0,2366172.2646,-4.948122799546682
2023,R Powell,Delhi Capitals,1,6,4.0,3,50.0,0,0.0,0.06553764480714547,0.13182786728350224,0.6404065304060093,0.042556686921921195,0.17645479512133497,1.1569377186541423,middle,,,,
2023,R Tewatia,Gujarat Titans,0,7,6.86,5,71.43,1,14.29,0.02092575490773776,0.2237898042928141,0.8859408182253531,0.1850595006060817,0.08112713427374495,1.0616100578065522,middle,,,,
2023,RA Jadeja,Chennai Super Kings,17,258,7.42,84,32.56,31,12.02,0.7793278831976688,0.24179633741351844,0.4405876792828475,0.16242259458347535,1.0752465397338475,2.0557294632666547,middle,,,,
2023,Rashid Khan,Gujarat Titans,12,228,8.32,70,30.7,36,15.79,0.5562684337006303,0.2707354085003648,0.4192767238304919,0.20001780855053522,0.703593779189694,1.6840767027225012,middle,,,,
2023,Rashid Khan,Royal Challengers Bengaluru,1,6,3.0,3,50.0,0,0.0,0.06553764480714547,0.09967334385367294,0.6404065304060093,0.042556686921921195,0.2021784138651984,1.1826613373980057,middle,,,,
2023,Ravi Bishnoi,Lucknow Super Giants,13,216,7.72,70,32.41,27,12.5,0.600880323600038,0.25144269444246725,0.43886905384314134,0.1672092531257005,0.7983851953738854,1.7788681189066926,middle,,,,
2023,Ravi Bishnoi,Royal Challengers Bengaluru,2,36,8.17,9,25.0,4,11.11,0.11014953470655318,0.2659122299858904,0.35396895712166043,0.15334788776384023,0.028015627654847507,1.0084985511876547,middle,,,,
2023,RD Chahar,Punjab Kings,7,210,8.11,66,31.43,34,16.19,0.33320898420359174,0.2639829585801006,0.42764070097039486,0.20400669066905616,0.3761179815986143,1.3566009051314216,middle,,,,
2023,RD Chahar,Royal Challengers Bengaluru,0,18,6.67,4,22.22,2,11.11,0.02092575490773776,0.2176804448411465,0.3221170989724408,0.15334788776384023,-0.0767901713723464,0.903692752160461,middle,,,,
2023,RP Meredith,Mumbai Indians,2,48,9.63,13,27.08,10,20.83,0.11014953470655318,0.3128578341934412,0.3778005632189182,0.250277723243899,-0.021777340978027547,0.9587055825547798,middle,,,,
2023,RS Hangargekar,Chennai Super Kings,1,18,10.67,6,33.33,5,27.78,0.06553764480714547,0.34629853856046366,0.4494099565400054,0.31958455005320036,-0.10782628668629123,0.8726566368465161,middle,,,,
2023,Sandeep Sharma,Rajasthan Royals,1,42,7.43,10,23.81,4,9.52,0.06553764480714547,0.24211788264781675,0.3403345286333254,0.1374920813427195,-0.020785896586081497,0.9596970269467258,middle,Sandeep Sharma,2023.0,2366172.2646,-0.8784608330110463
2023,Sandeep Sharma,Royal Challengers Bengaluru,0,12,12.5,1,8.33,4,33.33,0.02092575490773776,0.4051413164370513,0.16297238325565666,0.3749302894476783,-0.31881876370087303,0.6616641598319343,middle,Sandeep Sharma,2023.0,2366172.2646,-13.474030123278837
2023,Shahbaz Ahmed,Royal Challengers Bengaluru,1,18,8.0,8,44.44,3,16.67,0.06553764480714547,0.26044596100281947,0.57670281410757,0.2087933492112813,0.021201872798477323,1.0016847963312847,middle,,,,
2023,Sikandar Raza,Punjab Kings,3,61,9.44,15,24.59,10,16.39,0.1547614246059609,0.30674847474177364,0.3492713809197971,0.20600113172831663,0.05032454504579823,1.0308074685786055,middle,Sikandar Raza,2023.0,5915430.661499999,0.8507334110655814
2023,SM Curran,Punjab Kings,3,78,12.77,18,23.08,25,32.05,0.1547614246059609,0.41382303776310525,0.3319705514934224,0.3621658666684113,-0.07175830118719836,0.9087246223456089,middle,SM Curran,2023.0,218870934.4755,-0.032785669490176576
2023,SM Curran,Royal Challengers Bengaluru,0,12,6.0,3,25.0,0,0.0,0.02092575490773776,0.19613691414316087,0.35396895712166043,0.042556686921921195,-0.027841549200808183,0.9526413743319991,middle,SM Curran,2023.0,218870934.4755,-0.012720532887350885
2023,SN Thakur,Kolkata Knight Riders,3,61,8.46,19,31.15,10,16.39,0.1547614246059609,0.275237041780541,0.4244326001496102,0.20600113172831663,0.09808205718372828,1.0785649807165356,middle,,,,
2023,SP Narine,Kolkata Knight Riders,6,192,7.53,50,26.04,20,10.42,0.288597094304184,0.2453333349907997,0.3658847601702893,0.1464670661093916,0.31710098829284467,1.297583911825652,middle,,,,
2023,SSB Magala,Chennai Super Kings,1,18,6.0,4,22.22,0,0.0,0.06553764480714547,0.19613691414316087,0.3221170989724408,0.042556686921921195,0.02952072820353749,1.0100036517363449,middle,,,,
2023,Suyash Sharma,Kolkata Knight Riders,6,180,8.33,62,34.44,31,17.22,0.288597094304184,0.27105695373466315,0.46212778479383043,0.21427806212424755,0.31183280148184506,1.2923157250146524,middle,,,,
2023,Swapnil Singh,Lucknow Super Giants,0,6,7.0,1,16.67,0,0.0,0.02092575490773776,0.22829143757299014,0.25852795770331544,0.042556686921921195,-0.0821974677701751,0.8982854557626322,middle,,,,
2023,T Natarajan,Sunrisers Hyderabad,0,78,8.85,19,24.36,11,14.1,0.02092575490773776,0.28777730591817435,0.34663615524558106,0.18316478159978425,-0.1314753221192154,0.8490076014135919,middle,,,,
2023,T Stubbs,Mumbai Indians,1,12,7.0,3,25.0,1,8.33,0.06553764480714547,0.22829143757299014,0.35396895712166043,0.1256251570401197,-0.003261027119199733,0.9772218964136076,middle,,,,
2023,TA Boult,Rajasthan Royals,3,42,8.57,10,23.81,6,14.29,0.1547614246059609,0.27877403935782213,0.3403345286333254,0.1850595006060817,0.07421136389146493,1.0546942874242722,middle,,,,
2023,TA Boult,Royal Challengers Bengaluru,0,6,17.0,1,16.67,2,33.33,0.02092575490773776,0.5498366718712832,0.25852795770331544,0.3749302894476783,-0.40590837571396093,0.5745745478188464,middle,,,,
2023,TG Southee,Kolkata Knight Riders,1,6,13.0,2,33.33,2,33.33,0.06553764480714547,0.421218578151966,0.4494099565400054,0.3749302894476783,-0.1788314662383887,0.8016514572944187,middle,,,,
2023,Tilak Varma,Mumbai Indians,0,6,7.0,3,50.0,1,16.67,0.02092575490773776,0.22829143757299014,0.6404065304060093,0.2087933492112813,-0.0008812284172389773,0.9796016951155684,middle,Tilak Varma,2023.0,2366172.2646,-0.037242783647789414
2023,TU Deshpande,Chennai Super Kings,5,36,13.67,9,25.0,12,33.33,0.24398520440477628,0.4427621088499516,0.35396895712166043,0.3749302894476783,0.04297274877416554,1.0234556723069728,middle,,,,
2023,Umran Malik,Sunrisers Hyderabad,4,90,8.93,34,37.78,20,22.22,0.19937331450536858,0.2903496677925607,0.5003958445846195,0.26413908860575924,0.1640711731782383,1.1445540967110457,middle,,,,
2023,UT Yadav,Kolkata Knight Riders,1,24,13.25,4,16.67,9,37.5,0.06553764480714547,0.4292572090094233,0.25852795770331544,0.4165143855332591,-0.2508437897924777,0.7296391337403296,middle,,,,
2023,Vijaykumar Vyshak,Royal Challengers Bengaluru,7,90,10.4,26,28.89,20,22.22,0.33320898420359174,0.3376168172344098,0.3985386435247051,0.26413908860575924,0.2964537978541194,1.2769367213869267,middle,,,,
2023,Vivrant Sharma,Sunrisers Hyderabad,0,18,12.33,5,27.78,3,16.67,0.02092575490773776,0.39967504745398036,0.38582081527088,0.2087933492112813,-0.21436383086256988,0.7661190926702375,middle,Vivrant Sharma,2023.0,30760239.439799998,-0.6968860931076148
2023,Washington Sundar,Sunrisers Hyderabad,3,60,6.9,21,35.0,6,10.0,0.1547614246059609,0.22507598523000724,0.4685439864353999,0.14227873988494463,0.1641887966785666,1.1446717202113739,middle,,,,
2023,WD Parnell,Royal Challengers Bengaluru,1,24,11.75,4,16.67,6,25.0,0.06553764480714547,0.3810254238646793,0.25852795770331544,0.29186181932947974,-0.18732784843592656,0.7931550750968808,middle,,,,
2023,Yash Dayal,Gujarat Titans,0,30,11.0,9,30.0,7,23.33,0.02092575490773776,0.35690953129230735,0.4112564717785302,0.27520823648465487,-0.18580369843561115,0.7946792250971961,middle,,,,
2023,Yash Dayal,Royal Challengers Bengaluru,1,6,4.0,3,50.0,0,0.0,0.06553764480714547,0.13182786728350224,0.6404065304060093,0.042556686921921195,0.17645479512133497,1.1569377186541423,middle,,,,
2023,Yash Thakur,Lucknow Super Giants,3,60,8.8,15,25.0,10,16.67,0.1547614246059609,0.2861695797466829,0.35396895712166043,0.2087933492112813,0.06763849040583692,1.0481214139386443,middle,Yash Thakur,2023.0,5323887.59535,1.270471797055104
2023,Yash Thakur,Royal Challengers Bengaluru,0,6,7.0,4,66.67,1,16.67,0.02092575490773776,0.22829143757299014,0.8314031042720129,0.2087933492112813,0.056417743742562115,1.0369006672753693,middle,Yash Thakur,2023.0,5323887.59535,1.059709521137122
2023,YS Chahal,Rajasthan Royals,10,185,8.85,52,28.11,32,17.3,0.4670446539018149,0.28777730591817435,0.38960179123823335,0.21507583854795173,0.5442105057800625,1.5246934293128698,middle,,,,
2023,YS Chahal,Royal Challengers Bengaluru,0,12,8.5,2,16.67,1,8.33,0.02092575490773776,0.2765232227177341,0.25852795770331544,0.1256251570401197,-0.13739658990960998,0.8430863336231973,middle,,,,
2023,Yuvraj Singh,Lucknow Super Giants,0,6,11.0,1,16.67,2,33.33,0.02092575490773776,0.35690953129230735,0.25852795770331544,0.3749302894476783,-0.25156666325078025,0.728916260282027,middle,,,,
2024,A Badoni,Lucknow Super Giants,0,6,6.0,1,16.67,0,0.0,0.0,0.17370685374692832,0.2442254989569604,0.0393197314756715,-0.07356177960558884,0.9069211439272185,middle,,,,
2024,A Kamboj,Mumbai Indians,1,24,11.0,8,33.33,5,20.83,0.04078291116882582,0.34117716586976915,0.48830449191574615,0.22824467824402497,-0.11092495401665776,0.8695579695161495,middle,A Kamboj,2024.0,2217593.5,-5.002041808683952
2024,A Mishra,Lucknow Super Giants,1,12,10.0,5,41.67,3,25.0,0.04078291116882582,0.30768310344520095,0.6104904943933137,0.26606594699217834,-0.0550381570833636,0.9254447664494437,middle,A Mishra,2024.0,24393528.5,-0.22562605931882138
2024,A Nortje,Delhi Capitals,2,54,8.78,14,25.93,8,14.81,0.08156582233765164,0.2668203472872278,0.3798900532665856,0.17364418954765015,-0.01186936625285917,0.9686135572799481,middle,,,,
2024,Abhishek Sharma,Sunrisers Hyderabad,2,24,6.0,8,33.33,2,8.33,0.08156582233765164,0.17370685374692832,0.48830449191574615,0.11487157048577158,0.10690028398650432,1.0873832075193117,middle,Abhishek Sharma,2024.0,2217593.5,4.82055363106468
2024,AD Russell,Kolkata Knight Riders,13,126,10.48,37,29.37,28,22.22,0.5301778451947357,0.32376025340899367,0.43028811663862787,0.24085176782674275,0.6171746464911483,1.5976575700239555,middle,,,,
2024,AK Markram,Sunrisers Hyderabad,0,12,7.5,4,33.33,1,8.33,0.0,0.2239479473837806,0.48830449191574615,0.11487157048577158,-0.05564132442945498,0.9248415991033523,middle,,,,
2024,Akash Deep,Royal Challengers Bengaluru,1,15,18.4,3,20.0,7,46.67,0.04078291116882582,0.5890332278115735,0.29301199634908265,0.4626095666018864,-0.41467052991167264,0.5658123936211347,middle,,,,
2024,Akash Madhwal,Mumbai Indians,2,48,13.63,8,16.67,14,29.17,0.08156582233765164,0.4292665500463834,0.2442254989569604,0.3038872157403316,-0.2085742999916075,0.7719086235411998,middle,,,,
2024,AR Patel,Delhi Capitals,7,192,7.53,53,27.6,24,12.5,0.2854803781817808,0.2249527692565176,0.40435655496173406,0.15269283923392493,0.33902675050919234,1.3195096740419996,middle,,,,
2024,Arshad Khan,Lucknow Super Giants,0,6,18.0,1,16.67,3,50.0,0.0,0.5756356028417463,0.2442254989569604,0.49281216250868515,-0.48580326508804594,0.49467965844476136,middle,Arshad Khan,2024.0,2217593.5,-21.906777102658623
2024,Arshad Khan (2),Lucknow Super Giants,0,12,12.5,4,33.33,5,41.67,0.0,0.39141825950662135,0.48830449191574615,0.41726032349858505,-0.2500953247302903,0.730387598802517,middle,,,,
2024,Arshdeep Singh,Punjab Kings,3,54,10.33,11,20.37,12,22.22,0.12234873350647747,0.3187361440453085,0.2984327182815407,0.24085176782674275,-0.0301063530574169,0.9503765704753904,middle,Arshdeep Singh,2024.0,2217593.5,-1.357613695089605
2024,AS Joseph,Royal Challengers Bengaluru,1,18,11.0,4,22.22,4,22.22,0.04078291116882582,0.34117716586976915,0.3255363279438308,0.24085176782674275,-0.16227682112477593,0.8182061024080314,middle,AS Joseph,2024.0,127511626.25,-0.12726433337664056
2024,Avesh Khan,Rajasthan Royals,6,120,9.1,39,32.5,21,17.5,0.24469746701295494,0.27753844726308957,0.4761444940672593,0.19804208233722628,0.24825037446169332,1.2287332979945007,middle,,,,
2024,Azmatullah Omarzai,Gujarat Titans,1,6,5.0,2,33.33,0,0.0,0.04078291116882582,0.14021279132236014,0.48830449191574615,0.0393197314756715,0.08763153497494015,1.0681144585077476,middle,Azmatullah Omarzai,2024.0,5543983.75,1.5806600258332315
2024,B Kumar,Sunrisers Hyderabad,0,36,9.67,8,22.22,7,19.44,0.0,0.29663006284509347,0.3255363279438308,0.2156375886613072,-0.18277066962518698,0.7977122539076204,middle,,,,
2024,C Green,Royal Challengers Bengaluru,8,168,8.68,56,33.33,32,19.05,0.32626328935060656,0.263470941044771,0.48830449191574615,0.2121003476992497,0.38268945922496694,1.3631723827577742,middle,,,,
2024,CV Varun,Kolkata Knight Riders,19,247,7.97,101,40.89,38,15.38,0.7748753122076907,0.23969015672332758,0.5990630265356995,0.1788140032614265,1.1145169502412986,2.094999873774106,middle,,,,
2024,DG Nalkande,Gujarat Titans,2,18,9.0,3,16.67,2,11.11,0.08156582233765164,0.2741890410206328,0.2442254989569604,0.14008574965120715,-0.051751999553182104,0.9287309239796252,middle,,,,
2024,DJ Hooda,Lucknow Super Giants,0,18,7.33,4,22.22,2,11.11,0.0,0.21825395677160397,0.3255363279438308,0.14008574965120715,-0.10495941696437537,0.8755235065684319,middle,,,,
2024,DJ Mitchell,Chennai Super Kings,1,36,11.67,4,11.11,9,25.0,0.04078291116882582,0.36361818769422977,0.1627681639719154,0.26606594699217834,-0.23410292360900617,0.7463799999238011,middle,DJ Mitchell,2024.0,155231545.0,-0.15080886015081932
2024,DL Chahar,Chennai Super Kings,0,18,9.0,4,22.22,3,16.67,0.0,0.2741890410206328,0.3255363279438308,0.19051410798207824,-0.15979315602977268,0.8206897675030347,middle,,,,
2024,G Coetzee,Mumbai Indians,4,93,11.48,26,27.96,26,27.96,0.16313164467530328,0.3572543158335619,0.4096307708960175,0.29291269890933275,0.023200705833044073,1.0036836293658513,middle,G Coetzee,2024.0,55439837.5,0.041848437656484966
2024,GJ Maxwell,Royal Challengers Bengaluru,3,60,7.9,21,35.0,9,15.0,0.12234873350647747,0.23734557235360784,0.5127709936108946,0.1753674607855756,0.11240444830298317,1.0928873718357905,middle,,,,
2024,Gulbadin Naib,Delhi Capitals,0,6,12.0,1,16.67,2,33.33,0.0,0.3746712282943373,0.2442254989569604,0.3416177860022784,-0.29479289014883736,0.6856900333839699,middle,,,,
2024,H Sharma,Royal Challengers Bengaluru,0,12,14.5,0,0.0,4,33.33,0.0,0.4584063843557577,0.0,0.3416177860022784,-0.43504866468506187,0.5454342588477454,middle,,,,
2024,Harpreet Brar,Punjab Kings,6,162,8.48,48,29.63,23,14.2,0.24469746701295494,0.25677212855985737,0.4340972725911659,0.16811158188904737,0.2582353630710868,1.2387182866038942,middle,,,,
2024,Harshit Rana,Kolkata Knight Riders,7,90,8.4,26,28.89,15,16.67,0.2854803781817808,0.2540926035658919,0.4232558287262499,0.19051410798207824,0.31382041144141704,1.2943033349742243,middle,,,,
2024,HH Pandya,Mumbai Indians,6,126,9.19,32,25.4,20,15.87,0.24469746701295494,0.28055291288130074,0.3721252353633349,0.18325822908555003,0.21758979500628228,1.1980727185390896,middle,,,,
2024,HV Patel,Punjab Kings,9,150,9.0,33,22.0,25,16.67,0.36704620051943243,0.2741890410206328,0.32231319598399094,0.19051410798207824,0.38980920516142403,1.3702921286942313,middle,HV Patel,2024.0,130283618.125,0.29920047567870234
2024,I Sharma,Delhi Capitals,1,36,10.0,7,19.44,6,16.67,0.04078291116882582,0.30768310344520095,0.28480766045130834,0.19051410798207824,-0.1376326394639452,0.8428502840688621,middle,,,,
2024,J Little,Gujarat Titans,3,12,5.5,5,41.67,1,8.33,0.12234873350647747,0.15695982253464422,0.6104904943933137,0.11487157048577158,0.21812807645284063,1.198610999985648,middle,,,,
2024,JA Richardson,Delhi Capitals,0,18,9.0,5,27.78,3,16.67,0.0,0.2741890410206328,0.4069936629288758,0.19051410798207824,-0.13535595553425916,0.8451269679985481,middle,JA Richardson,2024.0,55439837.5,-0.24414926456856798
2024,JD Unadkat,Sunrisers Hyderabad,6,120,9.45,30,25.0,22,18.33,0.24469746701295494,0.2892613691116885,0.3662649954363533,0.2055700566923743,0.20440259252251275,1.18488551605532,middle,JD Unadkat,2024.0,17740748.0,1.1521644550867458
2024,JJ Bumrah,Mumbai Indians,4,96,7.5,35,36.46,12,12.5,0.16313164467530328,0.2239479473837806,0.5341608693443777,0.15269283923392493,0.19524880206245873,1.175731725595266,middle,,,,
2024,K Rabada,Punjab Kings,5,102,9.06,33,32.35,19,18.63,0.20391455584412913,0.27619868476610693,0.4739469040946412,0.20829101127857239,0.18543875492598602,1.1659216784587934,middle,,,,
2024,KA Maharaj,Rajasthan Royals,2,30,6.2,8,26.67,2,6.67,0.08156582233765164,0.18040566623184195,0.3907314971315017,0.09981562177547551,0.07528052530535928,1.0557634488381666,middle,,,,
2024,Kartik Tyagi,Gujarat Titans,0,18,14.0,2,11.11,7,38.89,0.0,0.44165935314347365,0.1627681639719154,0.3920461443331495,-0.38290626218983426,0.597576661342973,middle,Kartik Tyagi,2024.0,6652780.5,-5.755582379274865
2024,KH Pandya,Lucknow Super Giants,6,126,7.24,39,30.95,13,10.32,0.24469746701295494,0.21523949115339286,0.45343606435020534,0.1329205692408855,0.3043013130536026,1.28478423658641,middle,,,,
2024,KK Ahmed,Delhi Capitals,2,54,8.89,17,31.48,9,16.67,0.08156582233765164,0.27050469415393036,0.46120088225345607,0.19051410798207824,0.0062024212629543385,0.9866853447957616,middle,,,,
2024,KR Sen,Rajasthan Royals,5,48,8.63,19,39.58,10,20.83,0.20391455584412913,0.2617962379235426,0.5798707407748345,0.22824467824402497,0.22474713001100488,1.2052300535438123,middle,,,,
2024,KT Maphaka,Mumbai Indians,0,6,20.0,2,33.33,4,66.67,0.0,0.6426237276908826,0.48830449191574615,0.6440065390150919,-0.49640894238100064,0.48407398115180666,middle,,,,
2024,Kuldeep Yadav,Delhi Capitals,11,192,7.94,62,32.29,25,13.02,0.44861202285708407,0.23868533485059057,0.4730678681055939,0.15740916051666823,0.5924082947334981,1.5728912182663053,middle,,,,
2024,KV Sharma,Royal Challengers Bengaluru,6,132,10.82,36,27.27,33,25.0,0.24469746701295494,0.33514823463334686,0.3995218570219742,0.26606594699217834,0.16557098052091151,1.1460539040537188,middle,,,,
2024,L Wood,Mumbai Indians,1,12,11.5,4,33.33,3,25.0,0.04078291116882582,0.3579241970820532,0.48830449191574615,0.26606594699217834,-0.13188683273611565,0.8485960907966916,middle,,,,
2024,LB Williams,Delhi Capitals,1,12,9.0,3,25.0,2,16.67,0.04078291116882582,0.2741890410206328,0.3662649954363533,0.19051410798207824,-0.08640018902877718,0.8940827345040301,middle,,,,
2024,LH Ferguson,Royal Challengers Bengaluru,5,84,9.07,21,25.0,13,15.48,0.20391455584412913,0.2765336253903526,0.3662649954363533,0.17972098812349255,0.1585802344601191,1.1390631579929265,middle,LH Ferguson,2024.0,22175935.0,0.7151005558959255
2024,LS Livingstone,Punjab Kings,3,60,7.3,19,31.67,7,11.67,0.12234873350647747,0.21724913489886694,0.4639844962187724,0.14516486487877686,0.11988616823049901,1.1003690917633062,middle,,,,
2024,M Jansen,Sunrisers Hyderabad,0,18,12.67,3,16.67,6,33.33,0.0,0.39711225011879797,0.2442254989569604,0.3416177860022784,-0.3127457076084059,0.6677372159244014,middle,,,,
2024,M Markande,Sunrisers Hyderabad,5,102,12.24,23,22.55,25,24.51,0.20391455584412913,0.38270980327623366,0.3303710258835907,0.2616217211680548,0.04649095467667299,1.0269738782094804,middle,,,,
2024,M Pathirana,Chennai Super Kings,9,78,7.15,32,41.03,8,10.26,0.36704620051943243,0.2122250255351817,0.6011141105101431,0.1323763783236459,0.534648237839317,1.5151311613721243,middle,,,,
2024,M Shahrukh Khan,Gujarat Titans,0,6,9.0,2,33.33,1,16.67,0.0,0.2741890410206328,0.48830449191574615,0.19051410798207824,-0.11096270683819806,0.8695202166946092,middle,,,,
2024,M Siddharth,Lucknow Super Giants,0,6,9.0,2,33.33,1,16.67,0.0,0.2741890410206328,0.48830449191574615,0.19051410798207824,-0.11096270683819806,0.8695202166946092,middle,M Siddharth,2024.0,26611122.0,-0.4169786859727225
2024,M Theekshana,Chennai Super Kings,2,72,7.17,23,31.94,7,9.72,0.08156582233765164,0.21289490678367307,0.46794015816948503,0.12747866006848937,0.06691912351668663,1.047402047049494,middle,,,,
2024,MA Starc,Kolkata Knight Riders,0,30,9.2,12,40.0,6,20.0,0.0,0.2808878535055464,0.5860239926981653,0.22071670388887696,-0.09304642577276295,0.8874364977600444,middle,,,,
2024,Mayank Dagar,Royal Challengers Bengaluru,0,54,9.78,16,29.63,10,18.52,0.0,0.30031440971179596,0.4340972725911659,0.20729332793029975,-0.15148101157814697,0.8290019119546603,middle,,,,
2024,MJ Henry,Lucknow Super Giants,0,12,9.0,3,25.0,2,16.67,0.0,0.2741890410206328,0.3662649954363533,0.19051410798207824,-0.1475745557820159,0.8329083677507914,middle,,,,
2024,MJ Santner,Chennai Super Kings,2,30,8.8,10,33.33,6,20.0,0.08156582233765164,0.2674902285357192,0.48830449191574615,0.22071670388887696,0.010704557474850558,0.9911874810076579,middle,,,,
2024,MK Lomror,Royal Challengers Bengaluru,0,6,18.0,1,16.67,2,33.33,0.0,0.5756356028417463,0.2442254989569604,0.3416177860022784,-0.4555643897867646,0.5249185337460427,middle,,,,
2024,MM Ali,Chennai Super Kings,2,42,9.29,12,28.57,6,14.29,0.08156582233765164,0.2839023191237576,0.4185676367846646,0.1689278682649068,-0.012988404410110607,0.9674945191226967,middle,,,,
2024,MM Sharma,Gujarat Titans,5,108,10.17,23,21.3,21,19.44,0.20391455584412913,0.3133770940573775,0.312057776111773,0.2156375886613072,0.10565997362156213,1.0861428971543694,middle,,,,
2024,Mohammad Nabi,Mumbai Indians,2,36,11.17,7,19.44,8,22.22,0.08156582233765164,0.3468711564819457,0.28480766045130834,0.24085176782674275,-0.11787624710903516,0.8626066764237721,middle,Mohammad Nabi,2024.0,16631951.25,-0.7087337218417783
2024,Mohammed Siraj,Royal Challengers Bengaluru,5,72,8.92,18,25.0,11,15.28,0.20391455584412913,0.27150951602666734,0.3662649954363533,0.17790701839936046,0.16296231589589374,1.1434452394287011,middle,,,,
2024,Mohsin Khan,Lucknow Super Giants,2,42,9.29,12,28.57,9,21.43,0.08156582233765164,0.2839023191237576,0.4185676367846646,0.23368658741642115,-0.025940148240413477,0.9545427752923938,middle,,,,
2024,MP Stoinis,Lucknow Super Giants,2,48,10.0,16,33.33,9,18.75,0.08156582233765164,0.30768310344520095,0.48830449191574615,0.2093793931130516,-0.01918228029756979,0.9613006432352376,middle,,,,
2024,MP Yadav,Lucknow Super Giants,5,54,6.78,29,53.7,9,16.67,0.20391455584412913,0.19983222243809148,0.7867372101972868,0.19051410798207824,0.3439243972784909,1.3244073208112983,middle,,,,
2024,MR Marsh,Delhi Capitals,1,24,12.5,4,16.67,7,29.17,0.04078291116882582,0.39141825950662135,0.2442254989569604,0.3038872157403316,-0.23947003431303657,0.7410128892197707,middle,,,,
2024,Mukesh Kumar,Delhi Capitals,5,60,9.8,16,26.67,14,23.33,0.20391455584412913,0.30098429096028734,0.3907314971315017,0.2509192997956756,0.13211999017827916,1.1126029137110864,middle,,,,
2024,Mustafizur Rahman,Chennai Super Kings,4,48,7.25,17,35.42,7,14.58,0.16313164467530328,0.2155744317776385,0.5189242455342253,0.17155812436489828,0.19360357037813203,1.1740864939109392,middle,,,,
2024,N Burger,Rajasthan Royals,2,18,8.0,5,27.78,3,16.67,0.08156582233765164,0.24069497859606465,0.4069936629288758,0.19051410798207824,0.013788027911872822,0.9942709514446801,middle,N Burger,2024.0,5543983.75,0.24870253113337176
2024,N Thushara,Mumbai Indians,0,30,8.8,8,26.67,4,13.33,0.0,0.2674902285357192,0.3907314971315017,0.16022081358907295,-0.12881689640693944,0.8516660271258678,middle,N Thushara,2024.0,53222244.0,-0.24203582323011305
2024,N Wadhera,Mumbai Indians,0,6,6.0,0,0.0,0,0.0,0.0,0.17370685374692832,0.0,0.0393197314756715,-0.14682942929267695,0.8336534942401304,middle,,,,
2024,Naman Dhir,Mumbai Indians,0,22,13.36,0,0.0,6,27.27,0.0,0.42022315319174997,0.0,0.2866545033610771,-0.3935094232256154,0.5869735003071919,middle,Naman Dhir,2024.0,2217593.5,-17.744885310387833
2024,Naveen-ul-Haq,Lucknow Super Giants,6,66,8.36,22,33.33,9,13.64,0.24469746701295494,0.25275284106890916,0.48830449191574615,0.16303246666147764,0.2787287819067334,1.2592117054395406,middle,,,,
2024,Nithish Kumar Reddy,Sunrisers Hyderabad,2,60,11.3,14,23.33,14,23.33,0.08156582233765164,0.3512253845971396,0.3417984937412049,0.2509192997956756,-0.1062758860080079,0.8742070375247994,middle,,,,
2024,Noor Ahmad,Gujarat Titans,3,161,8.72,54,33.54,28,17.39,0.12234873350647747,0.26481070354175373,0.4913811178774115,0.19704439898895365,0.07967999299174594,1.0601629165245532,middle,,,,
2024,NT Ellis,Punjab Kings,0,6,10.0,0,0.0,1,16.67,0.0,0.30768310344520095,0.0,0.19051410798207824,-0.28424930435257645,0.6962336191802309,middle,,,,
2024,PJ Cummins,Sunrisers Hyderabad,8,156,7.81,51,32.69,25,16.03,0.32626328935060656,0.2343311067353967,0.4789281080325755,0.1847094048648557,0.4086666000743939,1.3891495236072013,middle,PJ Cummins,2024.0,227303333.75,0.17978909210538316
2024,PP Chawla,Mumbai Indians,9,162,8.59,47,29.01,24,14.81,0.36704620051943243,0.26045647542655986,0.4250139007043444,0.17364418954765015,0.43497945273967403,1.4154623762724814,middle,,,,
2024,R Ashwin,Rajasthan Royals,6,192,8.16,55,28.65,24,12.5,0.24469746701295494,0.24605402858399558,0.41973968477006085,0.15269283923392493,0.26558631523646925,1.2460692387692767,middle,,,,
2024,R Parag,Rajasthan Royals,0,12,10.5,2,16.67,2,16.67,0.0,0.32443013465748505,0.2442254989569604,0.19051410798207824,-0.2243792796353156,0.7561036438974917,middle,,,,
2024,R Ravindra,Chennai Super Kings,0,12,3.5,5,41.67,0,0.0,0.0,0.0899716976855079,0.6104904943933137,0.0393197314756715,0.10330584387445349,1.0837887674072608,middle,R Ravindra,2024.0,19958341.5,0.5176073566756711
2024,R Sai Kishore,Gujarat Titans,5,54,8.22,19,35.19,8,14.81,0.20391455584412913,0.24806367232946966,0.5155546075762109,0.17364418954765015,0.2273584402659512,1.2078413637987584,middle,,,,
2024,R Shepherd,Mumbai Indians,0,48,12.5,9,18.75,15,31.25,0.0,0.39141825950662135,0.27469874657726495,0.322752500871305,-0.29527548380637864,0.6852074397264287,middle,,,,
2024,RA Jadeja,Chennai Super Kings,6,204,7.62,61,29.9,25,12.25,0.24469746701295494,0.22796723487472872,0.4380529345418785,0.15042537707875986,0.286003217566461,1.2664861410992683,middle,,,,
2024,Rashid Khan,Gujarat Titans,3,160,9.15,39,24.38,27,16.88,0.12234873350647747,0.27921315038431804,0.35718162354953176,0.1924187761924169,0.028823311778637922,1.0093062353114453,middle,,,,
2024,Rasikh Salam,Delhi Capitals,6,84,10.86,20,23.81,19,22.62,0.24469746701295494,0.33648799713032956,0.34883078165358283,0.2444797072750069,0.15360909585624222,1.1340920193890496,middle,Rasikh Salam,2024.0,2217593.5,6.926837396314618
2024,Ravi Bishnoi,Lucknow Super Giants,7,202,8.55,67,33.17,37,18.32,0.2854803781817808,0.25911671292957716,0.4859603959449536,0.2054793582061677,0.325619444071262,1.3061023676040693,middle,,,,
2024,RD Chahar,Punjab Kings,9,138,8.78,44,31.88,24,17.39,0.36704620051943243,0.2668203472872278,0.4670611221804377,0.19704439898895365,0.437822479805707,1.4183054033385143,middle,,,,
2024,RJ Gleeson,Chennai Super Kings,0,18,8.0,8,44.44,3,16.67,0.0,0.24069497859606465,0.6510726558876616,0.19051410798207824,-0.035337007706968876,0.9451459158258384,middle,,,,
2024,RJW Topley,Royal Challengers Bengaluru,1,24,12.5,6,25.0,8,33.33,0.04078291116882582,0.39141825950662135,0.3662649954363533,0.3416177860022784,-0.21040429942160804,0.7700786241111992,middle,,,,
2024,S Dube,Chennai Super Kings,1,6,14.0,1,16.67,2,33.33,0.04078291116882582,0.44165935314347365,0.2442254989569604,0.3416177860022784,-0.28720902327490777,0.6932739002578996,middle,,,,
2024,S Gopal,Mumbai Indians,2,30,9.4,9,30.0,5,16.67,0.08156582233765164,0.2875866659904601,0.43951799452362394,0.19051410798207824,-0.013968022525219115,0.9665149010075882,middle,S Gopal,2024.0,2217593.5,-0.6298729918363809
2024,S Joseph,Lucknow Super Giants,0,6,14.0,2,33.33,2,33.33,0.0,0.44165935314347365,0.48830449191574615,0.3416177860022784,-0.2751596921405108,0.7053232313922966,middle,,,,
2024,Sandeep Sharma,Rajasthan Royals,2,60,6.6,16,26.67,4,6.67,0.08156582233765164,0.1938032912016692,0.3907314971315017,0.09981562177547551,0.06456242532949749,1.0450453488623048,middle,Sandeep Sharma,2024.0,2217593.5,2.9113733120834584
2024,SH Johnson,Gujarat Titans,1,36,11.33,10,27.78,11,30.56,0.04078291116882582,0.3522302064698766,0.4069936629288758,0.3164943053230494,-0.16181056060860977,0.8186723629241975,middle,SH Johnson,2024.0,110879675.0,-0.14593347302705367
2024,Shahbaz Ahmed,Sunrisers Hyderabad,5,105,10.69,30,28.57,26,24.76,0.20391455584412913,0.330794006518153,0.4185676367846646,0.26388918332321987,0.11402908292242672,1.094512006455234,middle,,,,
2024,Shashank Singh,Punjab Kings,1,6,5.0,1,16.67,0,0.0,0.04078291116882582,0.14021279132236014,0.2442254989569604,0.0393197314756715,0.014407837087304436,0.9948907606201117,middle,,,,
2024,Sikandar Raza,Punjab Kings,0,12,11.0,2,16.67,4,33.33,0.0,0.34117716586976915,0.2442254989569604,0.3416177860022784,-0.2679976402091829,0.7124852833236244,middle,,,,
2024,Simarjeet Singh,Chennai Super Kings,4,42,10.14,17,40.48,10,23.81,0.16313164467530328,0.31237227218464053,0.5930562806105432,0.2552728271335926,0.12166196802168691,1.1021448915544942,middle,Simarjeet Singh,2024.0,2217593.5,5.486215937307127
2024,Simarjeet Singh,Chennai Super Kings,4,42,10.14,17,40.48,10,23.81,0.16313164467530328,0.31237227218464053,0.5930562806105432,0.2552728271335926,0.12166196802168691,1.1021448915544942,middle,Simarjeet Singh,2024.0,2217593.5,5.486215937307127
2024,SM Curran,Punjab Kings,6,66,10.27,17,25.76,15,22.73,0.24469746701295494,0.31672650029983435,0.3773994512976184,0.2454773906232795,0.1777893575441946,1.1582722810770019,middle,,,,
2024,SN Thakur,Chennai Super Kings,1,90,9.67,18,20.0,15,16.67,0.04078291116882582,0.29663006284509347,0.29301199634908265,0.19051410798207824,-0.12632890621452691,0.8541540173182804,middle,SN Thakur,2024.0,44351870.0,-0.28483332543707157
2024,SP Narine,Kolkata Knight Riders,13,222,6.41,80,36.04,19,8.56,0.5301778451947357,0.18743941934100128,0.5280076174210468,0.11695763566852344,0.7803259904119118,1.760808913944719,middle,,,,
2024,Sumit Kumar,Delhi Capitals,0,12,12.5,2,16.67,4,33.33,0.0,0.39141825950662135,0.2442254989569604,0.3416177860022784,-0.30819051511866463,0.6722924084141426,middle,Sumit Kumar,2024.0,11087967.5,-2.7795041347177887
2024,Suyash Sharma,Kolkata Knight Riders,0,24,12.75,5,20.83,7,29.17,0.0,0.3997917751127634,0.3051719941975695,0.3038872157403316,-0.28905926497900625,0.6914236585538011,middle,,,,
2024,Swapnil Singh,Royal Challengers Bengaluru,1,30,8.4,8,26.67,4,13.33,0.04078291116882582,0.2540926035658919,0.3907314971315017,0.16022081358907295,-0.0569244296778389,0.9235584938549684,middle,,,,
2024,SZ Mulani,Mumbai Indians,0,12,7.5,3,25.0,1,8.33,0.0,0.2239479473837806,0.3662649954363533,0.11487157048577158,-0.09225317337327282,0.8882297501595344,middle,,,,
2024,T Natarajan,Sunrisers Hyderabad,4,114,8.68,32,28.07,18,15.79,0.16313164467530328,0.263470941044771,0.41124233687593753,0.1825326411958972,0.12078688700073995,1.1012698105335472,middle,,,,
2024,T Stubbs,Delhi Capitals,3,12,7.5,6,50.0,2,16.67,0.12234873350647747,0.2239479473837806,0.7325299908727066,0.19051410798207824,0.18602091801808807,1.1665038415508953,middle,T Stubbs,2024.0,5543983.75,3.355365499007606
2024,TA Boult,Rajasthan Royals,0,42,13.0,6,14.29,12,28.57,0.0,0.40816529071890545,0.20935707139141954,0.2984453065679355,-0.32341417247128557,0.6570687510615217,middle,,,,
2024,TM Head,Sunrisers Hyderabad,0,10,19.2,2,20.0,6,60.0,0.0,0.6158284777512282,0.29301199634908265,0.5835106487152878,-0.5214613130393154,0.4590216104934919,middle,TM Head,2024.0,75398179.0,-0.6916099565737728
2024,TU Deshpande,Chennai Super Kings,3,60,7.8,19,31.67,7,11.67,0.12234873350647747,0.233996166111151,0.4639844962187724,0.14516486487877686,0.10648854326067177,1.0869714667934791,middle,,,,
2024,UT Yadav,Gujarat Titans,1,12,15.0,3,25.0,6,50.0,0.04078291116882582,0.4751534155680418,0.3662649954363533,0.49281216250868515,-0.30763129957202573,0.6728516239607816,middle,UT Yadav,2024.0,64310211.5,-0.47835529132418686
2024,V Viyaskanth,Sunrisers Hyderabad,1,48,9.88,11,22.92,9,18.75,0.04078291116882582,0.30366381595425285,0.33579174781604876,0.2093793931130516,-0.12289504028795925,0.857587883244848,middle,,,,
2024,VG Arora,Kolkata Knight Riders,0,12,16.5,3,25.0,7,58.33,0.0,0.525394509204894,0.3662649954363533,0.5683640015187851,-0.4241089090367662,0.5563740144960412,middle,,,,
2024,Vijaykumar Vyshak,Royal Challengers Bengaluru,2,66,9.0,15,22.73,12,18.18,0.08156582233765164,0.2741890410206328,0.3330081338507324,0.20420957939927525,-0.037941975034664135,0.9425409484981432,middle,,,,
2024,VR Iyer,Kolkata Knight Riders,0,6,28.0,0,0.0,6,100.0,0.0,0.910576227087428,0.0,0.9463045935416986,-0.9177219003782822,0.06276102315452514,middle,,,,
2024,Washington Sundar,Sunrisers Hyderabad,0,12,10.5,0,0.0,2,16.67,0.0,0.32443013465748505,0.0,0.19051410798207824,-0.2976469293224037,0.6828359942104036,middle,,,,
2024,WG Jacks,Royal Challengers Bengaluru,1,18,13.33,2,11.11,6,33.33,0.04078291116882582,0.419218331319013,0.1627681639719154,0.3416177860022784,-0.2936934063108527,0.6867895172219546,middle,,,,
2024,Yash Dayal,Royal Challengers Bengaluru,3,48,7.5,16,33.33,5,10.42,0.12234873350647747,0.2239479473837806,0.48830449191574615,0.13382755410295155,0.12409057910682525,1.1045735026396326,middle,Yash Dayal,2024.0,55439837.5,0.2238292619577488
2024,Yash Thakur,Lucknow Super Giants,2,94,11.87,22,23.4,25,26.6,0.08156582233765164,0.3703170001791434,0.3428240357284267,0.28057770478523475,-0.1271731968753562,0.8533097266574511,middle,,,,
2024,YS Chahal,Rajasthan Royals,15,288,9.4,82,28.47,53,18.4,0.6117436675323874,0.2875866659904601,0.4171025768029191,0.20620494609582052,0.7714359523279247,1.751918875860732,middle,,,,
2024,Yuvraj Singh,Lucknow Super Giants,1,6,7.0,2,33.33,1,16.67,0.04078291116882582,0.20720091617149647,0.48830449191574615,0.19051410798207824,0.003802159794349752,0.984285083327157,middle,,,,
2025,A Nortje,Kolkata Knight Riders,1,18,10.0,7,38.89,5,27.78,0.041276366100555476,0.29139260213601065,0.5806533511390327,0.27779999996609583,-0.05256352720948468,0.9279193963233227,middle,A Nortje,2025.0,68217500.0,-0.07705284891631133
2025,A Zampa,Sunrisers Hyderabad,2,36,8.83,8,22.22,6,16.67,0.08165646238450222,0.250484185672629,0.34707343735544105,0.16669999997965504,-0.007120623750648557,0.9733622997821587,middle,A Zampa,2025.0,25188000.000000004,-0.028269905314628217
2025,Abhishek Sharma,Sunrisers Hyderabad,0,36,11.67,8,22.22,11,30.56,0.0008962698166087284,0.3497832478572478,0.34707343735544105,0.30559999996270293,-0.23548016234679342,0.7450027611860139,middle,Abhishek Sharma,2025.0,3148500.0000000005,-7.479122196182098
2025,Abhishek Sharma,Sunrisers Hyderabad,0,36,11.67,8,22.22,11,30.56,0.0008962698166087284,0.3497832478572478,0.34707343735544105,0.30559999996270293,-0.23548016234679342,0.7450027611860139,middle,Abhishek Sharma,2025.0,39881000.00000001,-0.5904570154880604
2025,AD Russell,Kolkata Knight Riders,4,47,11.62,14,29.79,15,31.91,0.16241665495239568,0.3480350249314622,0.4531442200394116,0.3190999999610553,0.037320228503036165,1.0178031520358435,middle,,,,
2025,AK Markram,Lucknow Super Giants,3,54,8.67,11,20.37,7,12.96,0.12203655866844895,0.24488987231011525,0.32115125136266093,0.12959999998418292,0.05756831556654289,1.0380512390993502,middle,AK Markram,2025.0,20990000.000000004,0.2742654386209761
2025,Akash Deep,Lucknow Super Giants,1,30,13.0,7,23.33,10,33.33,0.041276366100555476,0.3962859776831432,0.3626267489511091,0.3332999999593223,-0.2129862083022131,0.7674967152305943,middle,Akash Deep,2025.0,83960000.00000001,-0.25367580788734284
2025,Akash Madhwal,Rajasthan Royals,2,54,11.0,12,22.22,14,25.93,0.08165646238450222,0.3263570606517215,0.34707343735544105,0.2592999999683536,-0.0863389237316623,0.894143999801145,middle,Akash Madhwal,2025.0,12594000.000000002,-0.6855560086681141
2025,Akash Singh,Lucknow Super Giants,1,24,9.5,3,12.5,5,20.83,0.041276366100555476,0.27391037287815523,0.21087687095013144,0.20829999997457793,-0.13561068786156713,0.8448722356712401,middle,,,,
2025,AR Patel,Delhi Capitals,3,90,9.33,25,27.78,18,20.0,0.12203655866844895,0.2679664149304844,0.4249801152580667,0.19999999997559093,0.056175740640587696,1.036658664173395,middle,,,,
2025,Arshad Khan,Gujarat Titans,0,6,13.0,1,16.67,2,33.33,0.0008962698166087284,0.3962859776831432,0.26930687937710074,0.3332999999593223,-0.30155231360033574,0.6789306099324716,middle,Arshad Khan,2025.0,102326250.00000001,-0.2946969263510934
2025,Arshad Khan,Gujarat Titans,0,6,13.0,1,16.67,2,33.33,0.0008962698166087284,0.3962859776831432,0.26930687937710074,0.3332999999593223,-0.30155231360033574,0.6789306099324716,middle,Arshad Khan,2025.0,13643500.000000002,-2.2102269476332004
2025,Arshdeep Singh,Punjab Kings,2,66,8.36,18,27.27,11,16.67,0.08165646238450222,0.23405089017024486,0.4178339991195165,0.16669999997965504,0.02725418118048139,1.0077371047132886,middle,Arshdeep Singh,2025.0,188910000.00000003,0.01442707171694531
2025,Arshdeep Singh,Punjab Kings,2,66,8.36,18,27.27,11,16.67,0.08165646238450222,0.23405089017024486,0.4178339991195165,0.16669999997965504,0.02725418118048139,1.0077371047132886,middle,Arshdeep Singh,2025.0,3148500.0000000005,0.8656243030167186
2025,Arshdeep Singh,Punjab Kings,2,66,8.36,18,27.27,11,16.67,0.08165646238450222,0.23405089017024486,0.4178339991195165,0.16669999997965504,0.02725418118048139,1.0077371047132886,middle,Arshdeep Singh,2025.0,3148500.0000000005,0.8656243030167186
2025,AS Roy,Kolkata Knight Riders,0,6,8.0,2,33.33,1,16.67,0.0008962698166087284,0.22146368510458894,0.502746673236407,0.16669999997965504,-0.05834254138376701,0.9221403821490403,middle,AS Roy,2025.0,4198000.0,-1.3897699233865413
2025,Ashwani Kumar,Mumbai Indians,6,72,10.92,16,22.22,17,23.61,0.24317684752028917,0.32355990397046464,0.34707343735544105,0.23609999997118508,0.16281937931645737,1.1433023028492646,middle,Ashwani Kumar,2025.0,3148500.0000000005,5.171331723565423
2025,Avesh Khan,Lucknow Super Giants,4,114,8.63,34,29.82,22,19.3,0.16241665495239568,0.24349129396948685,0.4535645798122675,0.19299999997644526,0.14630132120139522,1.1267842447342025,middle,,,,
2025,Azmatullah Omarzai,Punjab Kings,5,72,9.58,17,23.61,13,18.06,0.20279675123634242,0.27670752955941214,0.36655010683109746,0.1805999999779586,0.15667413526072138,1.1371570587935287,middle,Azmatullah Omarzai,2025.0,25188000.000000004,0.6220189584751522
2025,B Kumar,Royal Challengers Bengaluru,2,30,12.8,8,26.67,9,30.0,0.08165646238450222,0.389293085980001,0.40942680366239864,0.2999999999633864,-0.12612173410120517,0.8543611894316021,middle,B Kumar,2025.0,112821250.00000001,-0.11178898842301886
2025,C Bosch,Mumbai Indians,0,24,9.0,10,41.67,5,20.83,0.0008962698166087284,0.2564281436202998,0.6196066900903455,0.20829999997457793,-0.05957610313913871,0.9209068203936686,middle,,,,
2025,C Sakariya,Kolkata Knight Riders,0,6,18.0,0,0.0,3,50.0,0.0008962698166087284,0.5711082702616974,0.03572696559350904,0.4999999999389773,-0.5448241217941876,0.4356588017386197,middle,,,,
2025,CV Varun,Kolkata Knight Riders,12,198,7.91,71,35.86,30,15.15,0.48545742522396956,0.218316883838175,0.5381970140805875,0.15149999998151012,0.6846917349932884,1.6651746585260958,middle,,,,
2025,DJ Hooda,Chennai Super Kings,0,6,15.0,1,16.67,2,33.33,0.0008962698166087284,0.4662148947145649,0.26930687937710074,0.3332999999593223,-0.3574954472254731,0.6229874763073342,middle,,,,
2025,DL Chahar,Mumbai Indians,0,12,9.5,3,25.0,2,16.67,0.0008962698166087284,0.27391037287815523,0.38602677630675386,0.16669999997965504,-0.13531586068151596,0.8451670628512913,middle,DL Chahar,2025.0,97078750.00000001,-0.139387724585984
2025,DS Rathi,Lucknow Super Giants,8,138,7.96,49,35.51,22,15.94,0.32393704008818264,0.22006510676396054,0.533292816730602,0.15939999998054596,0.4379613197441769,1.4184442432769842,middle,,,,
2025,E Malinga,Sunrisers Hyderabad,5,78,9.85,20,25.64,16,20.51,0.20279675123634242,0.286147933358654,0.394994451461013,0.2050999999749685,0.15275511561090058,1.1332380391437078,middle,E Malinga,2025.0,12594000.000000002,1.2129197682301138
2025,Fazalhaq Farooqi,Rajasthan Royals,0,18,14.67,3,16.67,8,44.44,0.0008962698166087284,0.4546766234043803,0.26930687937710074,0.44439999994576296,-0.37048483017461353,0.6099980933581938,middle,Fazalhaq Farooqi,2025.0,20990000.000000004,-1.7650539789166912
2025,G Coetzee,Gujarat Titans,2,48,9.0,16,33.33,8,16.67,0.08165646238450222,0.2564281436202998,0.502746673236407,0.16669999997965504,0.034826180655504545,1.0153091041883118,middle,G Coetzee,2025.0,25188000.000000004,0.13826497004726274
2025,GJ Maxwell,Punjab Kings,1,30,9.0,12,40.0,6,20.0,0.041276366100555476,0.2564281436202998,0.5962066627347008,0.19999999997559093,-0.0043659669201145945,0.9761169566126927,middle,,,,
2025,Harpreet Brar,Punjab Kings,7,72,7.58,27,37.5,9,12.5,0.28355694380423585,0.20677861252799043,0.5611766816633763,0.12499999998474433,0.40326553018602546,1.3837484537188327,middle,,,,
2025,Harsh Dubey,Sunrisers Hyderabad,4,42,9.29,11,26.19,7,16.67,0.16241665495239568,0.26656783658985594,0.40270104729670436,0.16669999997965504,0.11784102734978907,1.0983239508825964,middle,,,,
2025,Harshit Rana,Kolkata Knight Riders,3,90,10.6,27,30.0,26,28.89,0.12203655866844895,0.3123712772454372,0.45608673844940284,0.2888999999647411,0.012203837748196278,0.9926867612810035,middle,,,,
2025,HH Pandya,Mumbai Indians,10,162,8.89,54,33.33,30,18.52,0.40469723265607616,0.25258205318357163,0.502746673236407,0.1851999999773972,0.5187642084126994,1.4992471319455067,middle,,,,
2025,HV Patel,Sunrisers Hyderabad,6,120,9.75,31,25.83,24,20.0,0.24317684752028917,0.28265148750708297,0.39765673002243357,0.19999999997559093,0.21794110028637928,1.1984240238191866,middle,HV Patel,2025.0,83960000.00000001,0.2595772990547633
2025,I Sharma,Gujarat Titans,1,30,11.8,4,13.33,8,26.67,0.041276366100555476,0.35432862746429017,0.22250682466581118,0.26669999996745053,-0.2081363054143457,0.7723466181184616,middle,I Sharma,2025.0,7871250.000000001,-2.644259875043299
2025,J Overton,Chennai Super Kings,0,6,14.0,2,33.33,2,33.33,0.0008962698166087284,0.43125043619885406,0.502746673236407,0.3332999999593223,-0.2594919422551126,0.7209909812776947,middle,J Overton,2025.0,15742500.000000002,-1.6483528172470228
2025,JC Archer,Rajasthan Royals,2,42,8.57,16,38.1,7,16.67,0.08165646238450222,0.24139342645854414,0.5695838771204943,0.16669999997965504,0.06690511555013529,1.0473880390829426,middle,,,,
2025,JD Unadkat,Sunrisers Hyderabad,2,42,6.71,12,28.57,4,9.52,0.08165646238450222,0.17635953361932197,0.43604958927660525,0.09519999998838129,0.09317194346660104,1.0736548669994084,middle,JD Unadkat,2025.0,10495000.000000002,0.8877745923449359
2025,JJ Bumrah,Mumbai Indians,8,102,5.35,46,45.1,8,7.84,0.32393704008818264,0.12880787003795524,0.6676678241202028,0.07839999999043164,0.5674796113398842,1.5479625348726915,middle,,,,
2025,JR Hazlewood,Royal Challengers Bengaluru,6,61,10.62,19,31.15,16,26.23,0.24317684752028917,0.3130705664157514,0.4722005297422121,0.26229999996798753,0.20350897707689874,1.1839919006097062,middle,JR Hazlewood,2025.0,131187500.00000001,0.15512832935828394
2025,K Kartikeya,Rajasthan Royals,1,30,13.0,7,23.33,10,33.33,0.041276366100555476,0.3962859776831432,0.3626267489511091,0.3332999999593223,-0.2129862083022131,0.7674967152305943,middle,,,,
2025,K Khejroliya,Gujarat Titans,0,12,10.5,2,16.67,3,25.0,0.0008962698166087284,0.30887483139386607,0.26930687937710074,0.24999999996948866,-0.2149633965709473,0.76551952696186,middle,K Khejroliya,2025.0,3148500.0000000005,-6.827485995583524
2025,K Rabada,Gujarat Titans,0,12,13.5,1,8.33,3,25.0,0.0008962698166087284,0.4137682069409986,0.15244686252316222,0.24999999996948866,-0.3339361020648348,0.6465468214679725,middle,K Rabada,2025.0,112821250.00000001,-0.29598688373407916
2025,KA Jamieson,Punjab Kings,2,30,10.0,11,36.67,8,26.67,0.08165646238450222,0.29139260213601065,0.5495467279476965,0.26669999996745053,0.000894630258763629,0.981377553791571,middle,,,,
2025,Karim Janat,Gujarat Titans,0,6,30.0,0,0.0,6,100.0,0.0008962698166087284,0.9906817724502276,0.03572696559350904,0.9999999998779546,-0.9804829235328073,0.0,middle,Karim Janat,2025.0,7871250.000000001,-12.456508477469363
2025,KH Pandya,Royal Challengers Bengaluru,10,204,8.24,55,26.96,28,13.73,0.40469723265607616,0.22985515514835958,0.41349028146667227,0.13729999998324316,0.5197488093087795,1.5002317328415868,middle,KH Pandya,2025.0,60346250.00000001,0.8612777253081665
2025,KK Ahmed,Chennai Super Kings,0,6,4.0,3,50.0,0,0.0,0.0008962698166087284,0.08160585104174559,0.7363265870199988,0.0,0.15695769999751624,1.1374406235303236,middle,KK Ahmed,2025.0,50376000.00000001,0.3115723757295462
2025,KT Maphaka,Rajasthan Royals,0,6,11.0,2,33.33,1,16.67,0.0008962698166087284,0.3263570606517215,0.502746673236407,0.16669999997965504,-0.14225724182147306,0.8382256817113343,middle,KT Maphaka,2025.0,15742500.000000002,-0.9036508929424999
2025,Kuldeep Yadav,Delhi Capitals,11,276,7.52,92,33.33,36,13.04,0.44507732894002283,0.20468074501704775,0.502746673236407,0.1303999999840853,0.628615399370501,1.6090983229033085,middle,,,,
2025,KV Sharma,Mumbai Indians,6,84,9.14,22,26.19,15,17.86,0.24317684752028917,0.26132316781249937,0.40270104729670436,0.1785999999782027,0.24079705122380504,1.2212799747566123,middle,KV Sharma,2025.0,5247500.000000001,4.588795640282134
2025,L Ngidi,Royal Challengers Bengaluru,0,18,10.0,1,5.56,4,22.22,0.0008962698166087284,0.29139260213601065,0.11363364349613467,0.2221999999728815,-0.24211958392963134,0.7383633396031759,middle,L Ngidi,2025.0,10495000.000000002,-2.3069993704586116
2025,LH Ferguson,Punjab Kings,4,36,9.33,12,33.33,6,16.67,0.16241665495239568,0.2679664149304844,0.502746673236407,0.16669999997965504,0.14673585245919707,1.1272187759920045,middle,LH Ferguson,2025.0,20990000.000000004,0.6990750474473418
2025,LS Livingstone,Royal Challengers Bengaluru,2,42,8.86,8,19.05,7,16.67,0.08165646238450222,0.25153311942810025,0.3026554213570016,0.16669999997965504,-0.02128517555455741,0.9591977479782499,middle,LS Livingstone,2025.0,91831250.00000001,-0.023178575435439903
2025,M Jansen,Punjab Kings,5,116,8.84,40,34.48,21,18.1,0.20279675123634242,0.25083383025778605,0.5188604645292163,0.18099999997790978,0.2229862020114677,1.203469125544275,middle,M Jansen,2025.0,73465000.0,0.30352712449665514
2025,M Pathirana,Chennai Super Kings,4,142,10.01,43,30.28,29,20.42,0.16241665495239568,0.2917422467211677,0.4600100963293912,0.20419999997507834,0.10739421395546103,1.0878771374882683,middle,,,,
2025,M Prasidh Krishna,Gujarat Titans,10,150,6.56,64,42.67,19,12.67,0.40469723265607616,0.17111486484196536,0.6336186825188754,0.12669999998453685,0.6348995618692971,1.6153824854021044,middle,M Prasidh Krishna,2025.0,99702500.00000001,0.6367940240909676
2025,M Shahrukh Khan,Gujarat Titans,1,6,13.0,1,16.67,2,33.33,0.041276366100555476,0.3962859776831432,0.26930687937710074,0.3332999999593223,-0.24098216917441562,0.7395007543583917,middle,M Shahrukh Khan,2025.0,3148500.0000000005,-7.653872293930938
2025,M Siddharth,Lucknow Super Giants,1,24,8.75,5,20.83,4,16.67,0.041276366100555476,0.2476870289913721,0.3275967678797846,0.16669999997965504,-0.07129604367426012,0.9091868798585472,middle,M Siddharth,2025.0,7871250.000000001,-0.9057779091536937
2025,M Theekshana,Rajasthan Royals,7,120,9.7,30,25.0,23,19.17,0.28355694380423585,0.2809032645812974,0.38602677630675386,0.19169999997660392,0.2780808369380212,1.2585637604708286,middle,M Theekshana,2025.0,46178000.00000001,0.6021933321885339
2025,M Tiwari,Delhi Capitals,0,6,14.0,0,0.0,2,33.33,0.0008962698166087284,0.43125043619885406,0.03572696559350904,0.3332999999593223,-0.3995978545479819,0.5808850689848254,middle,M Tiwari,2025.0,4198000.0,-9.518767378465505
2025,MA Starc,Delhi Capitals,2,36,8.33,10,27.78,7,19.44,0.08165646238450222,0.23300195641477356,0.4249801152580667,0.19439999997627438,0.02469716302709961,1.005180086559907,middle,MA Starc,2025.0,3148500.0000000005,0.7844104502810736
2025,MJ Santner,Mumbai Indians,6,162,6.81,56,34.57,19,11.73,0.24317684752028917,0.17985597947089307,0.5201215438477841,0.11729999998568408,0.3534569508609177,1.333939874393725,middle,MJ Santner,2025.0,20990000.000000004,1.683930208961018
2025,MM Ali,Kolkata Knight Riders,2,30,10.8,7,23.33,6,20.0,0.08165646238450222,0.31936416894857933,0.3626267489511091,0.19999999997559093,-0.06421861689189559,0.9162643066409117,middle,MM Ali,2025.0,20990000.000000004,-0.30594862740302803
2025,MM Sharma,Delhi Capitals,2,78,8.92,15,19.23,12,15.38,0.08165646238450222,0.25363098693904296,0.30517757999413697,0.15379999998122942,-0.01962682197248583,0.9608561015603214,middle,MM Sharma,2025.0,23089000.000000004,-0.0850050758910556
2025,Mohammed Shami,Sunrisers Hyderabad,1,42,12.0,8,19.05,14,33.33,0.041276366100555476,0.3613215191674324,0.3026554213570016,0.3332999999593223,-0.20300603976787668,0.7774768837649306,middle,Mohammed Shami,2025.0,104950000.00000001,-0.19343119558635222
2025,Mohammed Siraj,Gujarat Titans,1,30,13.0,5,16.67,9,30.0,0.041276366100555476,0.3962859776831432,0.26930687937710074,0.2999999999633864,-0.23432216917522844,0.7461607543575789,middle,,,,
2025,MP Stoinis,Punjab Kings,0,60,11.4,15,25.0,15,25.0,0.0008962698166087284,0.34034284405800586,0.38602677630675386,0.24999999996948866,-0.20512183762336317,0.7753610859094442,middle,MP Stoinis,2025.0,115445000.00000001,-0.1776792737869662
2025,MP Yadav,Lucknow Super Giants,1,18,10.0,5,27.78,4,22.22,0.041276366100555476,0.29139260213601065,0.4249801152580667,0.2221999999728815,-0.08814549797513162,0.8923374255576757,middle,,,,
2025,Mujeeb Ur Rahman,Mumbai Indians,1,6,13.0,2,33.33,1,16.67,0.041276366100555476,0.3962859776831432,0.502746673236407,0.16669999997965504,-0.1376302310206903,0.842852692512117,middle,,,,
2025,Mukesh Choudhary,Chennai Super Kings,0,6,8.0,2,33.33,1,16.67,0.0008962698166087284,0.22146368510458894,0.502746673236407,0.16669999997965504,-0.05834254138376701,0.9221403821490403,middle,Mukesh Choudhary,2025.0,3148500.0000000005,-1.8530265645153883
2025,Mukesh Kumar,Delhi Capitals,5,48,7.5,19,39.58,7,14.58,0.20279675123634242,0.20398145584673352,0.5903216259147184,0.14579999998220577,0.2889464499551011,1.2694293734879083,middle,Mukesh Kumar,2025.0,83960000.00000001,0.3441477488745844
2025,Musheer Khan,Punjab Kings,1,12,13.5,1,8.33,4,33.33,0.041276366100555476,0.4137682069409986,0.15244686252316222,0.3332999999593223,-0.2900259576368815,0.6904569658959259,middle,,,,
2025,Mustafizur Rahman,Delhi Capitals,1,18,8.0,5,27.78,3,16.67,0.041276366100555476,0.22146368510458894,0.4249801152580667,0.16669999997965504,-0.021102364351348955,0.9593805591814584,middle,,,,
2025,N Rana,Rajasthan Royals,0,12,9.0,0,0.0,2,16.67,0.0008962698166087284,0.2564281436202998,0.03572696559350904,0.16669999997965504,-0.22642002048920506,0.7540629030436022,middle,N Rana,2025.0,44079000.00000001,-0.5136686868785704
2025,Naman Dhir,Mumbai Indians,0,18,6.33,3,16.67,1,5.56,0.0008962698166087284,0.16307303938335188,0.26930687937710074,0.05559999999321428,-0.05944196296728106,0.9210409605655262,middle,Naman Dhir,2025.0,55098750.00000001,-0.1078825980031871
2025,Nithish Kumar Reddy,Sunrisers Hyderabad,1,24,6.75,7,29.17,2,8.33,0.041276366100555476,0.17775811195995042,0.44445678473372313,0.08329999998983363,0.036385095005023085,1.0168680185378305,middle,,,,
2025,Noor Ahmad,Chennai Super Kings,18,228,8.55,70,30.7,35,15.35,0.7277380029276501,0.24069413728822994,0.46589513314937364,0.15349999998126604,1.00812023450945,1.9886031580422574,middle,,,,
2025,NT Ellis,Chennai Super Kings,0,6,8.0,1,16.67,0,0.0,0.0008962698166087284,0.22146368510458894,0.26930687937710074,0.0,-0.09503447954562787,0.8854484439871795,middle,NT Ellis,2025.0,20990000.000000004,-0.45276074104634517
2025,P Dubey,Punjab Kings,1,12,10.5,3,25.0,4,33.33,0.041276366100555476,0.30887483139386607,0.38602677630675386,0.3332999999593223,-0.13603728306409796,0.8444456404687093,middle,P Dubey,2025.0,3148500.0000000005,-4.3207013836461154
2025,PHKD Mendis,Sunrisers Hyderabad,2,42,8.57,11,26.19,7,16.67,0.08165646238450222,0.24139342645854414,0.40270104729670436,0.16669999997965504,0.016840266602998304,0.9973231901358056,middle,,,,
2025,PJ Cummins,Sunrisers Hyderabad,5,90,7.27,36,40.0,12,13.33,0.20279675123634242,0.19593963038812004,0.5962066627347008,0.13329999998373135,0.2996454213676815,1.2801283449004888,middle,,,,
2025,Prince Yadav,Lucknow Super Giants,3,90,9.6,23,25.56,17,18.89,0.12203655866844895,0.27740681872972633,0.39387349206673056,0.18889999997694562,0.041511430643522376,1.0219943541763297,middle,Prince Yadav,2025.0,3148500.0000000005,1.3184510288557207
2025,PVD Chameera,Delhi Capitals,1,30,9.8,4,13.33,5,16.67,0.041276366100555476,0.2843997104328685,0.22250682466581118,0.16669999997965504,-0.13219317179164924,0.8482897517411581,middle,PVD Chameera,2025.0,7871250.000000001,-1.6794431861730885
2025,PVSN Raju,Mumbai Indians,0,6,12.0,0,0.0,2,33.33,0.0008962698166087284,0.3613215191674324,0.03572696559350904,0.3332999999593223,-0.34365472092284455,0.6368282026099628,middle,PVSN Raju,2025.0,3148500.0000000005,-10.914871237822597
2025,PWA Mulder,Sunrisers Hyderabad,0,6,16.0,1,16.67,3,50.0,0.0008962698166087284,0.5011793532302757,0.26930687937710074,0.4999999999389773,-0.4188070140339728,0.5616759094988345,middle,,,,
2025,PWH de Silva,Rajasthan Royals,9,222,9.41,53,23.87,40,18.02,0.3643171363721294,0.27076357161174125,0.3701932248625152,0.18019999997800742,0.40488281473195425,1.3853657382647615,middle,PWH de Silva,2025.0,55098750.00000001,0.7348312161926617
2025,R Ashwin,Chennai Super Kings,6,102,7.35,30,29.41,11,10.78,0.24317684752028917,0.19873678706937692,0.4478196629165703,0.10779999998684349,0.3185617405025346,1.299044664035342,middle,R Ashwin,2025.0,102326250.00000001,0.3113196667546544
2025,R Parag,Rajasthan Royals,3,96,8.63,24,25.0,13,13.54,0.12203655866844895,0.24349129396948685,0.38602677630675386,0.13539999998347504,0.07698983572241506,1.0574727592552224,middle,,,,
2025,R Sai Kishore,Gujarat Titans,16,210,9.17,62,29.52,38,18.1,0.6469778103597565,0.2623721015679707,0.44936098208370856,0.18099999997790978,0.8591773289147888,1.839660252447596,middle,R Sai Kishore,2025.0,20990000.000000004,4.0932697899704085
2025,R Shepherd,Royal Challengers Bengaluru,4,66,10.64,20,30.3,16,24.24,0.16241665495239568,0.3137698555860656,0.4602903361779618,0.2423999999704162,0.08221619881904628,1.0626991223518536,middle,R Shepherd,2025.0,15742500.000000002,0.522256305028085
2025,RA Jadeja,Chennai Super Kings,7,157,8.98,51,32.48,30,19.11,0.28355694380423585,0.2557288544499856,0.4908364796721567,0.19109999997667712,0.3297832760526769,1.310266199585484,middle,,,,
2025,Rashid Khan,Gujarat Titans,7,252,9.33,67,26.59,46,18.25,0.28355694380423585,0.2679664149304844,0.4083058442681162,0.18249999997772673,0.29695403704685575,1.2774369605796632,middle,,,,
2025,Rasikh Salam,Royal Challengers Bengaluru,1,24,11.25,8,33.33,7,29.17,0.041276366100555476,0.3350981752806492,0.502746673236407,0.2916999999643994,-0.11367998909564396,0.8668029344371634,middle,Rasikh Salam,2025.0,62970000.00000001,-0.18053039399022383
2025,Ravi Bishnoi,Lucknow Super Giants,7,156,10.15,44,28.21,34,21.79,0.28355694380423585,0.29663727091336733,0.4310052720023345,0.2178999999734063,0.273747180581679,1.2542301041144863,middle,,,,
2025,RD Chahar,Sunrisers Hyderabad,0,6,9.0,2,33.33,1,16.67,0.0008962698166087284,0.2564281436202998,0.502746673236407,0.16669999997965504,-0.0863141081963357,0.8941688153364716,middle,RD Chahar,2025.0,33584000.0,-0.2570096123044774
2025,RJ Gleeson,Mumbai Indians,1,12,12.5,2,16.67,5,41.67,0.041276366100555476,0.37880374842528775,0.26930687937710074,0.41669999994914375,-0.24367638576609557,0.7368065377667117,middle,,,,
2025,RJW Topley,Mumbai Indians,0,6,19.0,2,33.33,3,50.0,0.0008962698166087284,0.6060727287774083,0.502746673236407,0.4999999999389773,-0.4326897763138869,0.5477931472189204,middle,RJW Topley,2025.0,7871250.000000001,-5.4970910124044705
2025,S Dube,Chennai Super Kings,0,12,16.5,1,8.33,4,33.33,0.0008962698166087284,0.5186615824881311,0.15244686252316222,0.3332999999593223,-0.43451080250050755,0.5459721210322998,middle,,,,
2025,Sandeep Sharma,Rajasthan Royals,0,48,9.38,5,10.42,8,16.67,0.0008962698166087284,0.2697146378562699,0.1817319266987895,0.16669999997965504,-0.19324772754639702,0.7872351959864103,middle,Sandeep Sharma,2025.0,27287000.000000004,-0.708204374047704
2025,SH Johnson,Kolkata Knight Riders,0,6,16.0,1,16.67,3,50.0,0.0008962698166087284,0.5011793532302757,0.26930687937710074,0.4999999999389773,-0.4188070140339728,0.5616759094988345,middle,SH Johnson,2025.0,29386000.000000004,-1.425192316184485
2025,Shahbaz Ahmed,Lucknow Super Giants,0,30,13.8,4,13.33,10,33.33,0.0008962698166087284,0.42425754449571185,0.22250682466581118,0.3332999999593223,-0.33796958346377753,0.6425133400690297,middle,Shahbaz Ahmed,2025.0,25188000.000000004,-1.3417880874375794
2025,Shashank Singh,Punjab Kings,0,6,11.0,2,33.33,2,33.33,0.0008962698166087284,0.3263570606517215,0.502746673236407,0.3332999999593223,-0.17557724181740653,0.8049056817154008,middle,,,,
2025,Simarjeet Singh,Sunrisers Hyderabad,0,24,13.25,9,37.5,8,33.33,0.0008962698166087284,0.4050270923120709,0.5611766816633763,0.3332999999593223,-0.22098426461759524,0.7594986589152121,middle,Simarjeet Singh,2025.0,5247500.000000001,-4.21122943530434
2025,Simarjeet Singh,Sunrisers Hyderabad,0,24,13.25,9,37.5,8,33.33,0.0008962698166087284,0.4050270923120709,0.5611766816633763,0.3332999999593223,-0.22098426461759524,0.7594986589152121,middle,Simarjeet Singh,2025.0,15742500.000000002,-1.4037431451014466
2025,SM Curran,Chennai Super Kings,1,48,10.88,7,14.58,12,25.0,0.041276366100555476,0.32216132562983624,0.24002181520147342,0.24999999996948866,-0.17380796678649152,0.8066749567463158,middle,SM Curran,2025.0,25188000.000000004,-0.6900427456983146
2025,SN Thakur,Lucknow Super Giants,2,54,11.0,12,22.22,11,20.37,0.08165646238450222,0.3263570606517215,0.34707343735544105,0.20369999997513938,-0.07521892373301944,0.9052639997997879,middle,,,,
2025,SP Narine,Kolkata Knight Riders,11,228,7.74,71,31.14,27,11.84,0.44507732894002283,0.21237292589050416,0.4720604098179268,0.11839999998554983,0.615655775645899,1.5961386991787063,middle,,,,
2025,Suryansh Shedge,Punjab Kings,0,18,13.33,1,5.56,5,27.78,0.0008962698166087284,0.40782424899332775,0.11363364349613467,0.27779999996609583,-0.3463849014141279,0.6340980221186794,middle,Suryansh Shedge,2025.0,3148500.0000000005,-11.001584926604028
2025,Suyash Sharma,Royal Challengers Bengaluru,8,246,9.46,77,31.3,53,21.54,0.32393704008818264,0.27251179453752683,0.4743023286064916,0.21539999997371143,0.3671068230894576,1.3475897466222648,middle,,,,
2025,T Natarajan,Delhi Capitals,1,7,9.43,1,14.29,1,14.29,0.041276366100555476,0.27146286078205545,0.23595833739719976,0.14289999998255973,-0.11304823825216316,0.8674346852806442,middle,,,,
2025,T Stubbs,Delhi Capitals,0,12,20.0,3,25.0,7,58.33,0.0008962698166087284,0.6410371872931191,0.38602677630675386,0.5832999999288109,-0.5123373122033182,0.46814561132948906,middle,,,,
2025,TA Boult,Mumbai Indians,3,90,9.87,15,16.67,17,18.89,0.12203655866844895,0.2868472225289682,0.26930687937710074,0.18889999997694562,-0.0034108762027600936,0.9770720473300472,middle,,,,
2025,TU Deshpande,Rajasthan Royals,1,78,9.85,24,30.77,14,17.95,0.041276366100555476,0.286147933358654,0.4668759726193708,0.17949999997809285,-0.06284100574589735,0.91764191778691,middle,TU Deshpande,2025.0,68217500.0,-0.09211859969347654
2025,V Nigam,Delhi Capitals,3,120,8.4,32,26.67,17,14.17,0.12203655866844895,0.2354494685108733,0.40942680366239864,0.14169999998270616,0.08918330429615311,1.0696662278289604,middle,V Nigam,2025.0,5247500.000000001,1.6995389098838132
2025,V Puthur,Mumbai Indians,5,54,8.67,18,33.33,9,16.67,0.20279675123634242,0.24488987231011525,0.502746673236407,0.16669999997965504,0.22576723098141244,1.2062501545142197,middle,V Puthur,2025.0,3148500.0000000005,7.170628266838571
2025,VG Arora,Kolkata Knight Riders,5,51,11.76,12,23.53,15,29.41,0.20279675123634242,0.3529300491236617,0.3654291474368151,0.29409999996410646,0.07265983179380746,1.0531427553266148,middle,VG Arora,2025.0,18891000.0,0.3846267100407996
2025,Vijaykumar Vyshak,Punjab Kings,2,54,10.56,14,25.93,10,18.52,0.08165646238450222,0.3109726989048088,0.39905792926528655,0.1851999999773972,-0.04361608676298717,0.9368668367698201,middle,Vijaykumar Vyshak,2025.0,18891000.0,-0.23088289006927729
2025,W O'Rourke,Lucknow Super Giants,2,24,12.5,2,8.33,6,25.0,0.08165646238450222,0.37880374842528775,0.15244686252316222,0.24999999996948866,-0.18482424640042594,0.7956586771323814,middle,,,,
2025,Washington Sundar,Gujarat Titans,1,47,10.47,10,21.28,10,21.28,0.041276366100555476,0.30782589763839474,0.33390216447262305,0.21279999997402874,-0.12673551961290141,0.8537474039199059,middle,Washington Sundar,2025.0,33584000.0,-0.3773687458697636
2025,WG Jacks,Mumbai Indians,3,54,7.67,23,42.59,7,12.96,0.12203655866844895,0.2099254137944044,0.632497723124593,0.12959999998418292,0.17894382390769117,1.1594267474404985,middle,WG Jacks,2025.0,55098750.00000001,0.32476929859151277
2025,XC Bartlett,Punjab Kings,0,12,12.0,3,25.0,4,33.33,0.0008962698166087284,0.3613215191674324,0.38602677630675386,0.3332999999593223,-0.23856477770887113,0.7419181458239361,middle,XC Bartlett,2025.0,8396000.0,-2.841409929834101
2025,Yash Dayal,Royal Challengers Bengaluru,4,85,7.62,26,30.59,12,14.12,0.16241665495239568,0.20817719086861886,0.4643538139822354,0.14119999998276717,0.1881493739318156,1.1686322974646228,middle,,,,
2025,Yash Thakur,Punjab Kings,0,12,11.5,1,8.33,3,25.0,0.0008962698166087284,0.3438392899095769,0.15244686252316222,0.24999999996948866,-0.2779929684396975,0.7024899550931099,middle,Yash Thakur,2025.0,16792000.0,-1.6555083875637058
2025,YS Chahal,Punjab Kings,8,204,9.76,58,28.43,40,19.61,0.32393704008818264,0.28300113209224004,0.4340879103366111,0.1960999999760669,0.35051102756425184,1.3309939510970592,middle,YS Chahal,2025.0,188910000.00000003,0.18554392438952508
2025,Yuvraj Singh,Rajasthan Royals,1,30,12.4,10,33.33,9,30.0,0.041276366100555476,0.3753073025737167,0.502746673236407,0.2999999999633864,-0.14750729092989534,0.832975632602912,middle,,,,
2025,Zeeshan Ansari,Sunrisers Hyderabad,5,166,9.94,37,22.29,35,21.08,0.20279675123634242,0.289294734625068,0.3480542768254381,0.21079999997427282,0.13501562220723606,1.1154985457400435,middle,Zeeshan Ansari,2025.0,4198000.0,3.2161891902628885
