season,player,team,wickets,balls,economy,dot_balls,dot_pct,boundaries_conceded,boundary_pct_conceded,wickets_z,economy_z,dot_pct_z,boundary_pct_conceded_z,impact_score,impact_score_pos,phase,name,year,adj_price,ROI
2017,Basil Thampi,Lucknow Super Giants,1,12,12.5,1,8.33,3,25.0,0.10303796550864269,0.4626806061539106,0.20215050801828102,0.374191000382692,-0.08212744190792351,0.5319018566711099,death,Basil Thampi,2017,13258301.7816,-0.6194416393651618
2017,Basil Thampi,Delhi Capitals,0,6,16.0,1,16.67,2,33.33,0.03863771635483625,0.5879970284868882,0.2857788662990982,0.4554727159984545,-0.22815039177230778,0.38587890680672565,death,Basil Thampi,2017,13258301.7816,-1.7208115754985838
2017,Basil Thampi,Punjab Kings,1,12,15.5,1,8.33,5,41.67,0.10303796550864269,0.5700946824393199,0.20215050801828102,0.5368520087037918,-0.17389137491841716,0.44013792366061627,death,Basil Thampi,2017,13258301.7816,-1.3115659741562473
2017,Basil Thampi,Gujarat Titans,5,58,9.21,14,24.14,10,17.24,0.3606389621238684,0.3448831691609116,0.36068340303263596,0.2984711788726899,0.4216688427694218,1.0356981413484552,death,Basil Thampi,2017,13258301.7816,3.180413673752832
2017,Basil Thampi,Royal Challengers Bengaluru,0,6,10.0,0,0.0,1,16.67,0.03863771635483625,0.37316887591606934,0.11862242354835205,0.29290928476692946,-0.1435970341997466,0.47043226437928687,death,Basil Thampi,2017,13258301.7816,-1.0830726028504791
2014,A Nehra,Chennai Super Kings,4,18,7.33,7,38.89,3,16.67,0.27827936956530475,0.2675595395994297,0.5124818622826302,0.2748793161781329,0.3816760023395344,0.9957053009185679,death,A Nehra,2014,38740367.673999995,0.9852152296316239
2014,A Nehra,Royal Challengers Bengaluru,2,12,11.0,2,16.67,3,25.0,0.15776236058549375,0.39675451048545773,0.26872279350371436,0.3584341331782758,0.05102833478168907,0.6650576333607225,death,A Nehra,2014,38740367.673999995,0.13171876738778593
2022,Lalit Yadav,Delhi Capitals,1,12,11.0,5,41.67,2,16.67,0.06753133168965963,0.3527005365428498,0.5083766034685527,0.23592733270911392,0.0419515641451812,0.6559808627242146,death,Lalit Yadav,2022,8084559.9302,0.5189096810139346
2016,M Ashwin,Lucknow Super Giants,0,15,6.8,7,46.67,2,13.33,0.02497897366775858,0.24273703025318574,0.6004813352657212,0.24313593690909457,0.04757726790735156,0.661606566486385,death,M Ashwin,2016,73637387.9955,0.06461020576973618
2016,M Ashwin,Punjab Kings,1,6,13.0,1,16.67,2,33.33,0.11605058023805889,0.4451090307467403,0.28282611324704976,0.42822898472922555,-0.047588603386260545,0.5664406951927728,death,M Ashwin,2016,73637387.9955,-0.06462559941584117
2016,M Ashwin,Gujarat Titans,1,6,4.0,3,50.0,0,0.0,0.11605058023805889,0.15134322357867722,0.6357410649097938,0.11977142053697726,0.2683294742374624,0.8823587728164959,death,M Ashwin,2016,73637387.9955,0.36439298234459383
2017,P Negi,Royal Challengers Bengaluru,4,12,3.5,6,50.0,0,0.0,0.29623871297006205,0.1404383772976823,0.6199914779897023,0.13024827644582967,0.5351056789991818,1.1491349775782154,death,P Negi,2017,15598002.096,3.430603969058357
2017,P Negi,Delhi Capitals,3,12,5.0,7,58.33,1,8.33,0.23183846381625556,0.194145415440387,0.7035195624596312,0.2115299920615922,0.4176964006676402,1.0317256992466737,death,P Negi,2017,15598002.096,2.6778839885830985
2023,I Sharma,Royal Challengers Bengaluru,0,6,14.0,0,0.0,2,33.33,0.03293407072432839,0.49841592891374376,0.0819156862189863,0.4443181349011363,-0.25868600008364995,0.3553432984953835,death,I Sharma,2023,5915430.661499999,-4.373071292463665
2023,I Sharma,Delhi Capitals,2,12,11.5,6,50.0,2,16.67,0.12632160274383342,0.39379128355398696,0.6459751519035911,0.24622380354458243,0.15189129520185796,0.7659205937808914,death,I Sharma,2023,5915430.661499999,2.5677132214637823
2019,HF Gurney,Kolkata Knight Riders,1,24,11.75,7,29.17,8,33.33,0.07299501625697159,0.40404438986082686,0.39863023438016787,0.42769470812119326,-0.06084457368118096,0.5531847248978525,death,HF Gurney,2019,10831894.1475,-0.5617168415112685
2019,HF Gurney,Royal Challengers Bengaluru,1,12,17.5,1,8.33,6,50.0,0.07299501625697159,0.6035215053349379,0.18536155182496467,0.5966482642268958,-0.2553020914690971,0.35872720710993633,death,HF Gurney,2019,10831894.1475,-2.356947806104815
2019,HF Gurney,Punjab Kings,1,12,13.0,2,16.67,4,33.33,0.07299501625697159,0.4474089801812858,0.27070995933506037,0.42769470812119326,-0.11656649232289679,0.49746280625613665,death,HF Gurney,2019,10831894.1475,-1.076141353816685
2020,JD Unadkat,Rajasthan Royals,3,42,13.14,8,19.05,11,26.19,0.20110134562524473,0.4404891104151275,0.3163885430240735,0.35220922951491346,0.11471016832456407,0.7287394669035975,death,JD Unadkat,2020,41681170.359,0.2752086069958333
2016,BCJ Cutting,Gujarat Titans,1,6,10.0,2,33.33,2,33.33,0.11605058023805889,0.34718709502405265,0.4592306465414186,0.42822898472922555,0.044501530891125185,0.6585308294701586,death,BCJ Cutting,2016,8181931.9995,0.543900033559857
2014,Yuvraj Singh,Royal Challengers Bengaluru,0,6,7.0,1,16.67,0,0.0,0.037245351605682764,0.2559425531164898,0.26872279350371436,0.10766937627508567,0.0018070313305168229,0.6158363299095503,death,Yuvraj Singh,2014,271182573.718,0.0006663523049220473
2014,Yuvraj Singh,Punjab Kings,0,6,5.0,1,16.67,0,0.0,0.037245351605682764,0.18553657443200583,0.26872279350371436,0.10766937627508567,0.029969422804310406,0.6439987213833438,death,Yuvraj Singh,2014,271182573.718,0.01105138224533384
2021,KA Jamieson,Royal Challengers Bengaluru,2,24,15.0,7,29.17,7,29.17,0.10719200890125709,0.6035185896307228,0.34701303302665626,0.4507883839169581,-0.11175202776749403,0.5022772708115394,death,KA Jamieson,2021,198917487.645,-0.05618009210277849
2020,CJ Jordan,Punjab Kings,5,75,12.24,15,20.0,21,28.0,0.31717381065550976,0.4078211766615552,0.3281799809470415,0.3711331297150387,0.2997463006882434,0.9137755992672768,death,CJ Jordan,2020,41681170.359,0.7191407969270727
2020,CJ Jordan,Royal Challengers Bengaluru,0,6,10.0,1,16.67,1,16.67,0.026992648079847133,0.326514319319331,0.28684788801705896,0.25267578757834286,-0.07986512547634687,0.5341641731026866,death,CJ Jordan,2020,41681170.359,-0.1916096040213564
2025,PVSN Raju,Mumbai Indians,1,12,14.5,3,25.0,3,25.0,0.05275728172987726,0.480286573745785,0.3652112146916395,0.3139111792935146,-0.09758869628406065,0.5164406022949728,death,PVSN Raju,2025,3148500.0000000005,-3.0995298168670997
2025,MM Sharma,Delhi Capitals,0,54,13.11,9,16.67,14,25.93,0.003221115286643484,0.4268787067452537,0.2766770193621398,0.3237430911802594,-0.18003963131357215,0.4339896672654613,death,MM Sharma,2025,23089000.000000004,-0.7797636593770718
2016,JO Holder,Kolkata Knight Riders,2,12,6.5,5,41.67,1,8.33,0.2071221868083592,0.23294483668091695,0.5475387982626093,0.19686267495406182,0.32270818253273625,0.9367374811117697,death,JO Holder,2016,11454704.7993,2.8172544660640844
2022,KK Ahmed,Royal Challengers Bengaluru,0,6,12.0,1,16.67,1,16.67,0.014368736282918574,0.3864481536863561,0.2733326611894424,0.23592733270911392,-0.12180455850606606,0.49222474007296735,death,KK Ahmed,2022,65298368.667,-0.1865353775179727
2022,KK Ahmed,Delhi Capitals,5,61,10.92,26,42.62,19,31.15,0.2801817133166239,0.35000072717136926,0.5173082732751588,0.3686979101738873,0.3248553880367696,0.938884686615803,death,KK Ahmed,2022,65298368.667,0.4974938802735244
2022,PWH de Silva,Royal Challengers Bengaluru,6,36,7.5,14,38.89,5,13.89,0.333344308723365,0.23458387654057747,0.48223971708711566,0.2104368489140814,0.4877237729207268,1.1017530714997603,death,PWH de Silva,2022,133706183.46100001,0.3647727878366883
2014,B Kumar,Royal Challengers Bengaluru,0,6,9.0,3,50.0,2,33.33,0.037245351605682764,0.3263485318009738,0.634361396672088,0.4419889501784188,-0.016959651363764622,0.5970696472152688,death,B Kumar,2014,82323281.30725,-0.020601282036447482
2014,B Kumar,Sunrisers Hyderabad,5,65,9.88,14,21.54,13,20.0,0.33853787405521024,0.35732716242214674,0.32214793594085744,0.3082811817976378,0.36903597235692254,0.983065270935956,death,B Kumar,2014,82323281.30725,0.4482765585832188
2014,B Kumar,Delhi Capitals,1,6,2.0,4,66.67,0,0.0,0.09750385609558826,0.07992760640527986,0.8172355495318775,0.10766937627508567,0.327154593558308,0.9411838921373414,death,B Kumar,2014,82323281.30725,0.39740227595798755
2014,B Kumar,Punjab Kings,2,6,8.0,3,50.0,1,16.67,0.15776236058549375,0.29114554245873175,0.634361396672088,0.2748793161781329,0.22802994804293447,0.8420592466219678,death,B Kumar,2014,82323281.30725,0.27699326900232835
2014,IC Pandey,Chennai Super Kings,1,12,12.5,3,25.0,3,25.0,0.09750385609558826,0.4495589944988208,0.3601050186580063,0.3584341331782758,-0.033066548012226804,0.5809627505668067,death,IC Pandey,2014,29055275.7555,-0.11380565887751898
2014,IC Pandey,Punjab Kings,0,6,8.0,1,16.67,1,16.67,0.037245351605682764,0.29114554245873175,0.26872279350371436,0.2748793161781329,-0.062437146377294125,0.5515921522017393,death,IC Pandey,2014,29055275.7555,-0.21489090966715443
2022,Sandeep Sharma,Royal Challengers Bengaluru,0,12,13.0,1,8.33,4,33.33,0.014368736282918574,0.4201957708298625,0.1949220020451311,0.38868685070380493,-0.2046546585051693,0.40937464007386415,death,Sandeep Sharma,2022,6218892.254000001,-3.290853903660015
2014,M Morkel,Kolkata Knight Riders,1,18,11.67,5,27.78,4,22.22,0.09750385609558826,0.4203405133447599,0.39060232789317223,0.3305490922106411,-0.003864450489762236,0.6101648480892712,death,M Morkel,2014,54236514.743599996,-0.007125182191428051
2013,CH Morris,Chennai Super Kings,4,78,9.62,20,25.64,14,17.95,0.26210469691766575,0.36547067906264963,0.3491420812842193,0.3018857536474633,0.26114567204246564,0.8751749706214991,death,CH Morris,2013,76957740.38675001,0.33933646015343205
2013,CH Morris,Punjab Kings,2,12,6.0,4,33.33,1,8.33,0.1502491674952986,0.24194932134336877,0.4181145578485978,0.2073571623911451,0.1918212413428362,0.8058505399218696,death,CH Morris,2013,76957740.38675001,0.24925529307232946
2013,CH Morris,Lucknow Super Giants,1,6,7.0,1,16.67,0,0.0,0.09432140278411502,0.27607124336526956,0.2686891404802564,0.12550444251950996,0.07400901621828862,0.688038314797322,death,CH Morris,2013,76957740.38675001,0.09616838520252462
2016,TG Southee,Mumbai Indians,1,18,11.67,4,22.22,5,27.78,0.11605058023805889,0.4016969725763488,0.34159232932050393,0.37686566395913923,0.0028150809349582057,0.6168443795139916,death,TG Southee,2016,40909659.997499995,0.006881213227218794
2016,TG Southee,Lucknow Super Giants,0,6,11.0,1,16.67,1,16.67,0.02497897366775858,0.37982774026494853,0.28282611324704976,0.27404647589505643,-0.11182874439874357,0.5022005541802899,death,TG Southee,2016,40909659.997499995,-0.27335535031476055
2016,TG Southee,Royal Challengers Bengaluru,0,6,7.0,2,33.33,1,16.67,0.02497897366775858,0.24926515930136492,0.4592306465414186,0.27404647589505643,-0.006682352024999463,0.607346946554034,death,TG Southee,2016,40909659.997499995,-0.016334411054523122
2019,GC Viljoen,Royal Challengers Bengaluru,0,12,21.5,1,8.33,7,58.33,0.01969513567294069,0.7422881943604063,0.18536155182496467,0.6810743663481017,-0.41608641859169265,0.19794287998734078,death,GC Viljoen,2019,10831894.1475,-3.841308019869501
2019,GC Viljoen,Punjab Kings,1,18,11.67,5,27.78,7,38.89,0.07299501625697159,0.4012690560803175,0.38440549979515193,0.48404634411085773,-0.08090735134138136,0.533121947237652,death,GC Viljoen,2019,10831894.1475,-0.746936318243608
2018,Mujeeb Ur Rahman,Delhi Capitals,0,6,6.0,1,16.67,0,0.0,0.020126526528841268,0.21311299816244336,0.28960626619376717,0.11634617239753385,-0.0030773813328454566,0.610951917246188,death,Mujeeb Ur Rahman,2018,32831615.586,-0.009373225404593578
2018,Mujeeb Ur Rahman,Delhi Capitals,0,6,6.0,1,16.67,0,0.0,0.020126526528841268,0.21311299816244336,0.28960626619376717,0.11634617239753385,-0.0030773813328454566,0.610951917246188,death,Mujeeb Ur Rahman,2018,59693846.519999996,-0.005155273972526468
2018,Mujeeb Ur Rahman,Punjab Kings,2,24,11.75,9,37.5,7,29.17,0.1460256885720014,0.4174711278956169,0.4858282355892546,0.40839773566383214,0.07527923167738207,0.6893085302564155,death,Mujeeb Ur Rahman,2018,32831615.586,0.22928884349353343
2018,Mujeeb Ur Rahman,Punjab Kings,2,24,11.75,9,37.5,7,29.17,0.1460256885720014,0.4174711278956169,0.4858282355892546,0.40839773566383214,0.07527923167738207,0.6893085302564155,death,Mujeeb Ur Rahman,2018,59693846.519999996,0.1261088639214434
2018,S Kaul,Delhi Capitals,0,12,8.5,2,16.67,2,16.67,0.020126526528841268,0.3019643589159971,0.28960626619376717,0.28324708291001904,-0.08868819878801251,0.525341099791021,death,S Kaul,2018,56709154.194,-0.1563913270238758
2018,S Kaul,Punjab Kings,0,6,6.0,0,0.0,0,0.0,0.020126526528841268,0.21311299816244336,0.13257216970683605,0.11634617239753385,-0.05018761027892479,0.5638416883001086,death,S Kaul,2018,56709154.194,-0.08850001554816839
2018,S Kaul,Sunrisers Hyderabad,5,114,7.89,26,22.81,16,14.04,0.33487443163674163,0.28028462689212996,0.3474460593809151,0.2569153855706167,0.41735699884135,1.0313862974203833,death,S Kaul,2018,56709154.194,0.7359605424788854
2018,S Kaul,Royal Challengers Bengaluru,2,12,11.5,2,16.67,3,25.0,0.1460256885720014,0.40858599182026156,0.28960626619376717,0.36664747790516006,0.032491772616479606,0.646521071195513,death,S Kaul,2018,56709154.194,0.057295463277985785
2023,M Ashwin,Rajasthan Royals,0,6,11.0,0,0.0,0,0.0,0.03293407072432839,0.3728663544820356,0.0819156862189863,0.048010568027550334,-0.08957390024889086,0.5244553983301425,death,M Ashwin,2023,2366172.2646,-3.7856035077832035
2018,MM Sharma,Punjab Kings,1,52,13.27,10,19.23,15,28.85,0.08307610755042134,0.47149275523377754,0.31372188029134024,0.40519387895333453,-0.09142454036647728,0.5226047582125561,death,MM Sharma,2018,35816307.912,-0.2552595331464808
2018,MM Sharma,Delhi Capitals,1,12,11.0,1,8.33,2,16.67,0.08307610755042134,0.39081571966955075,0.2110421171415173,0.28324708291001904,-0.053373616272738816,0.5606556823062946,death,MM Sharma,2018,35816307.912,-0.14902043059233464
2014,MM Sharma,Punjab Kings,1,12,16.5,2,16.67,6,50.0,0.09750385609558826,0.5903709518677888,0.26872279350371436,0.609198890081466,-0.19203542557705863,0.4219938730019748,death,MM Sharma,2014,38740367.673999995,-0.49569851064149884
2014,MM Sharma,Chennai Super Kings,13,89,8.83,22,24.72,16,17.98,0.8206059099744542,0.32036402361279265,0.3570333472242486,0.28801938943986005,1.123467442851881,1.7374967414309144,death,MM Sharma,2014,38740367.673999995,2.8999916890460464
2014,MM Sharma,Royal Challengers Bengaluru,0,6,11.0,1,16.67,1,16.67,0.037245351605682764,0.39675451048545773,0.26872279350371436,0.2748793161781329,-0.10468073358798453,0.5093485649910489,death,MM Sharma,2014,38740367.673999995,-0.2702109966246898
2014,MM Sharma,Delhi Capitals,0,12,17.5,2,16.67,7,58.33,0.037245351605682764,0.6255739412100307,0.26872279350371436,0.692753707081609,-0.32157082314885654,0.2924584754301769,death,MM Sharma,2014,38740367.673999995,-0.8300665235159188
2016,MP Stoinis,Punjab Kings,3,12,5.5,6,50.0,1,8.33,0.29819379337865953,0.20030419144002107,0.6357410649097938,0.19686267495406182,0.49883253047870046,1.112861829057734,death,MP Stoinis,2016,9000125.19945,5.542506569899542
2016,MP Stoinis,Gujarat Titans,0,6,12.0,0,0.0,2,33.33,0.02497897366775858,0.4124683855058444,0.1063156948786746,0.42822898472922555,-0.2240928806558652,0.38993641792316824,death,MP Stoinis,2016,9000125.19945,-2.4898862592440336
2020,JDS Neesham,Punjab Kings,0,6,18.0,0,0.0,3,50.0,0.026992648079847133,0.6168959526844174,0.07993918256876803,0.6011473862911472,-0.36263187007071,0.2513974285083234,death,JDS Neesham,2020,6946861.7265,-5.220081877941924
2017,LH Ferguson,Gujarat Titans,0,6,21.0,0,0.0,3,50.0,0.03863771635483625,0.7670204889625705,0.11862242354835205,0.6181337243195543,-0.3987050112841345,0.21532428729489894,death,LH Ferguson,2017,7799001.048,-5.112257439513739
2017,LH Ferguson,Lucknow Super Giants,0,6,2.0,4,66.67,0,0.0,0.03863771635483625,0.08673133915497756,0.7871479207404484,0.13024827644582967,0.22033393215864897,0.8343632307376824,death,LH Ferguson,2017,7799001.048,2.82515582191327
2022,VR Aaron,Gujarat Titans,1,6,9.0,1,16.67,1,16.67,0.06753133168965963,0.285205302255837,0.2733326611894424,0.23592733270911392,-0.0015635248237468174,0.6124657737552867,death,VR Aaron,2022,6218892.254000001,-0.025141532605604415
2022,Kartik Tyagi,Sunrisers Hyderabad,0,6,9.0,3,50.0,1,16.67,0.014368736282918574,0.285205302255837,0.5866932450359523,0.23592733270911392,0.012700757220094588,0.626730055799128,death,Kartik Tyagi,2022,49751138.032000005,0.025528576274829018
2022,Kartik Tyagi,Royal Challengers Bengaluru,1,6,11.0,3,50.0,1,16.67,0.06753133168965963,0.3527005365428498,0.5866932450359523,0.23592733270911392,0.06544655661540108,0.6794758551944345,death,Kartik Tyagi,2022,49751138.032000005,0.13154785840940114
2025,LS Livingstone,Royal Challengers Bengaluru,0,6,4.0,2,33.33,0,0.0,0.003221115286643484,0.07684585179932563,0.4537454100211392,0.04961247266058726,0.09533321341840055,0.7093625119974339,death,LS Livingstone,2025,91831250.00000001,0.10381347680490087
2013,DT Christian,Royal Challengers Bengaluru,0,6,24.0,2,33.33,3,50.0,0.03839363807293146,0.8561439177375829,0.4181145578485978,0.6168172868870678,-0.34447792869717697,0.26955136988185646,death,DT Christian,2013,12313238.46188,-2.797622491951493
2014,PP Ojha,Mumbai Indians,0,6,2.0,4,66.67,0,0.0,0.037245351605682764,0.07992760640527986,0.8172355495318775,0.10766937627508567,0.2367668368234497,0.8507961354024831,death,PP Ojha,2014,62953097.470249996,0.3761003768485571
2014,PP Ojha,Royal Challengers Bengaluru,0,6,14.0,1,16.67,3,50.0,0.037245351605682764,0.5023634785121837,0.26872279350371436,0.609198890081466,-0.24722019296967482,0.36680910560935864,death,PP Ojha,2014,62953097.470249996,-0.3927053678121314
2022,YS Chahal,Royal Challengers Bengaluru,0,6,7.0,0,0.0,0,0.0,0.014368736282918574,0.21771006796882428,0.11660536047773154,0.08307612232667097,-0.0554721513178337,0.5585571472611998,death,YS Chahal,2022,80845599.302,-0.06861492993652828
2022,YS Chahal,Rajasthan Royals,7,72,9.83,23,31.94,13,18.06,0.386506904130106,0.31321582448494734,0.416897501133523,0.2486725746066301,0.5049415043592479,1.1189708029382812,death,YS Chahal,2022,80845599.302,0.624575126808116
2019,SM Curran,Punjab Kings,8,66,11.0,18,27.27,16,24.24,0.44609418034518783,0.3780256356685515,0.37918635257331146,0.33556586438988933,0.5310171627053878,1.1450464612844211,death,SM Curran,2019,103986183.81600001,0.5106612659668369
2025,R Sai Kishore,Gujarat Titans,3,33,9.27,8,24.24,5,15.15,0.1518296146163448,0.2793346712905485,0.3571336650577355,0.20977748888014117,0.16021740626157613,0.7742467048406095,death,R Sai Kishore,2025,20990000.000000004,0.7633035076778281
2014,PV Tambe,Punjab Kings,0,6,13.0,0,0.0,1,16.67,0.037245351605682764,0.4671604891699417,0.0858486406439247,0.2748793161781329,-0.187705370919715,0.4263239276593184,death,PV Tambe,2014,1937018.3837,-9.690427953562793
2018,K Khejroliya,Royal Challengers Bengaluru,0,11,13.64,1,9.09,3,27.27,0.020126526528841268,0.48464275662530354,0.2182014400767343,0.38937483644525256,-0.215019331767415,0.39900996681161843,death,K Khejroliya,2018,12684942.385499999,-1.6950753518060986
2020,MM Sharma,Delhi Capitals,0,6,17.0,1,16.67,2,33.33,0.026992648079847133,0.5805982485137817,0.28684788801705896,0.4268593109673413,-0.2337537541708267,0.38027554440820677,death,MM Sharma,2020,6946861.7265,-3.3648827826690826
2020,MP Stoinis,Delhi Capitals,7,52,10.96,13,25.0,14,26.92,0.4332462756857748,0.36136011532314144,0.39024018054160986,0.35984152075584797,0.5144449653351342,1.1284742639141676,death,MP Stoinis,2020,66689872.5744,0.7713989328157935
2021,Arshdeep Singh,Punjab Kings,8,74,9.49,22,29.73,12,16.22,0.3808843985970811,0.37921038070581814,0.3530851957371546,0.2896323198009723,0.4386783083941491,1.0527076069731827,death,Arshdeep Singh,2021,2652233.1686,16.539960120689862
2021,Arshdeep Singh,Royal Challengers Bengaluru,0,6,16.0,1,16.67,2,33.33,0.015961212335982394,0.6442278834464951,0.21147368681017542,0.5025574361735218,-0.32107445968362835,0.2929548388954051,death,Arshdeep Singh,2021,2652233.1686,-12.105815713522269
2014,BW Hilfenhaus,Punjab Kings,0,6,17.0,1,16.67,4,66.67,0.037245351605682764,0.6079724465389097,0.26872279350371436,0.7764088299845133,-0.3396267621512794,0.27440253642775403,death,BW Hilfenhaus,2014,19370183.836999997,-1.753348161324833
2014,BW Hilfenhaus,Delhi Capitals,0,6,9.0,3,50.0,2,33.33,0.037245351605682764,0.3263485318009738,0.634361396672088,0.4419889501784188,-0.016959651363764622,0.5970696472152688,death,BW Hilfenhaus,2014,19370183.836999997,-0.08755544865490181
2014,BW Hilfenhaus,Chennai Super Kings,2,36,11.17,7,19.44,9,25.0,0.15776236058549375,0.4027390186736389,0.2991104001876746,0.3584341331782758,0.05775081351160467,0.6717801120906381,death,BW Hilfenhaus,2014,19370183.836999997,0.2981428260959085
2014,KW Richardson,Royal Challengers Bengaluru,1,6,21.0,1,16.67,4,66.67,0.09750385609558826,0.7487844039078777,0.26872279350371436,0.7764088299845133,-0.3055637883640083,0.3084655102150251,death,KW Richardson,2014,19370183.836999997,-1.577495551592727
2014,KW Richardson,Delhi Capitals,1,12,14.5,3,25.0,5,41.67,0.09750385609558826,0.5199649731833048,0.3601050186580063,0.5256440730813231,-0.11139192145693456,0.5026373771220989,death,KW Richardson,2014,19370183.836999997,-0.5750689946688016
2014,KW Richardson,Rajasthan Royals,2,30,9.0,6,20.0,4,13.33,0.15776236058549375,0.3263485318009738,0.30525374305519,0.24137714465586668,0.12526710767764812,0.7392964062566816,death,KW Richardson,2014,19370183.836999997,0.6467006649589402
2017,PJ Cummins,Gujarat Titans,0,12,11.5,1,8.33,3,25.0,0.03863771635483625,0.4268759140587741,0.20215050801828102,0.374191000382692,-0.16440593880057858,0.44962335977845486,death,PJ Cummins,2017,70191009.43200001,-0.2342264915848697
2017,PJ Cummins,Royal Challengers Bengaluru,0,6,6.0,2,33.33,0,0.0,0.03863771635483625,0.22995010753552347,0.4528350352389561,0.13024827644582967,0.0627525591559829,0.6767818577350163,death,PJ Cummins,2017,70191009.43200001,0.08940255976340765
2017,PJ Cummins,Delhi Capitals,6,54,9.44,19,35.19,10,18.52,0.42503921127767486,0.35311824834279293,0.4714859640641743,0.3109610463382572,0.5444689928971702,1.1584982914762036,death,PJ Cummins,2017,70191009.43200001,0.7756961999878967
2025,L Ngidi,Royal Challengers Bengaluru,2,12,10.5,4,33.33,2,16.67,0.10229344817311102,0.3265948701471338,0.4537454100211392,0.2258468502434232,0.09117179213412782,0.7052010907131613,death,L Ngidi,2025,10495000.000000002,0.8687164567329948
2022,Kuldeep Yadav,Delhi Capitals,1,6,5.0,4,66.67,1,16.67,0.06753133168965963,0.15021483368181154,0.743420545747663,0.23592733270911392,0.19345902797332956,0.807488326552363,death,Kuldeep Yadav,2022,2487556.9016,7.777069455130713
2022,Kuldeep Yadav,Delhi Capitals,1,6,5.0,4,66.67,1,16.67,0.06753133168965963,0.15021483368181154,0.743420545747663,0.23592733270911392,0.19345902797332956,0.807488326552363,death,Kuldeep Yadav,2022,24875569.016000003,0.7777069455130712
2022,Kuldeep Yadav,Royal Challengers Bengaluru,0,6,17.0,1,16.67,2,33.33,0.014368736282918574,0.555186239403888,0.2733326611894424,0.38868685070380493,-0.23512764819148613,0.3789016503875473,death,Kuldeep Yadav,2022,2487556.9016,-9.45215154838274
2022,Kuldeep Yadav,Royal Challengers Bengaluru,0,6,17.0,1,16.67,2,33.33,0.014368736282918574,0.555186239403888,0.2733326611894424,0.38868685070380493,-0.23512764819148613,0.3789016503875473,death,Kuldeep Yadav,2022,24875569.016000003,-0.945215154838274
2018,SN Thakur,Royal Challengers Bengaluru,1,12,14.5,4,33.33,4,33.33,0.08307610755042134,0.515207624724526,0.44654616106312955,0.4500478729003011,-0.08251940211532985,0.5315098964637036,death,SN Thakur,2018,38801000.238,-0.21267338885381093
2018,SN Thakur,Chennai Super Kings,4,54,13.67,16,29.63,17,31.48,0.27192485061516153,0.4857089729543462,0.411691562562731,0.43152557629273686,0.20765348262200206,0.8216827812010354,death,SN Thakur,2018,38801000.238,0.5351755917329042
2018,SN Thakur,Delhi Capitals,0,12,7.0,4,33.33,1,8.33,0.020126526528841268,0.2486535424638648,0.44654616106312955,0.19974656739267493,0.00476825090885237,0.6187975494878858,death,SN Thakur,2018,38801000.238,0.012288989664195702
2018,SN Thakur,Punjab Kings,3,16,12.38,4,25.0,4,25.0,0.20897526959358148,0.4398616708055124,0.3680762136284484,0.36664747790516006,0.13794685678515373,0.7519761553641872,death,SN Thakur,2018,38801000.238,0.35552397087447923
2017,BA Stokes,Lucknow Super Giants,2,36,9.83,8,22.22,6,16.67,0.16743821466244915,0.36708207825989614,0.3414308313420881,0.29290928476692946,0.11888095466226288,0.7329102532412963,death,BA Stokes,2017,226171030.39200002,0.05256241458343193
2017,BA Stokes,Delhi Capitals,2,12,7.5,5,41.67,1,8.33,0.16743821466244915,0.28365714567822814,0.5364633935197733,0.2115299920615922,0.23517448415983683,0.8492037827388703,death,BA Stokes,2017,226171030.39200002,0.10398081653173354
2017,BA Stokes,Punjab Kings,0,6,7.0,3,50.0,1,16.67,0.03863771635483625,0.26575479963065995,0.6199914779897023,0.29290928476692946,0.04977931264682224,0.6638086112258557,death,BA Stokes,2017,226171030.39200002,0.022009588301624947
2017,BA Stokes,Royal Challengers Bengaluru,1,6,3.0,3,50.0,0,0.0,0.10303796550864269,0.12253603125011403,0.6199914779897023,0.13024827644582967,0.2524654962260802,0.8664947948051136,death,BA Stokes,2017,226171030.39200002,0.11162592122806647
2023,Arshdeep Singh,Punjab Kings,6,83,9.69,24,28.92,18,21.69,0.3130966667828435,0.318043040313523,0.40816768117096175,0.30591369210460045,0.3731039807687644,0.9871332793477978,death,Arshdeep Singh,2023,2366172.2646,15.768250957494736
2023,Arshdeep Singh,Punjab Kings,6,83,9.69,24,28.92,18,21.69,0.3130966667828435,0.318043040313523,0.40816768117096175,0.30591369210460045,0.3731039807687644,0.9871332793477978,death,Arshdeep Singh,2023,7098516.793799999,5.256083652498247
2023,Arshdeep Singh,Royal Challengers Bengaluru,1,6,9.0,3,50.0,2,33.33,0.07962783673408091,0.28916663819423016,0.6459751519035911,0.4443181349011363,0.06427220492416574,0.6783015035031992,death,Arshdeep Singh,2023,2366172.2646,2.716294408726447
2023,Arshdeep Singh,Royal Challengers Bengaluru,1,6,9.0,3,50.0,2,33.33,0.07962783673408091,0.28916663819423016,0.6459751519035911,0.4443181349011363,0.06427220492416574,0.6783015035031992,death,Arshdeep Singh,2023,7098516.793799999,0.9054314695754824
2015,Yuvraj Singh,Delhi Capitals,0,6,13.0,2,33.33,2,33.33,0.04496203496913795,0.45575994288785104,0.4496287309771225,0.4291442324851433,-0.10871557515383974,0.5053137234251937,death,Yuvraj Singh,2015,279285339.63199997,-0.038926345112524956
2022,Basil Thampi,Mumbai Indians,2,18,13.67,4,22.22,5,27.78,0.12069392709640071,0.4428066743160118,0.3255124163754048,0.33779757550149186,0.00023267318037023532,0.6142619717594037,death,Basil Thampi,2022,3731335.3524,0.006235654488160105
2018,Shakib Al Hasan,Delhi Capitals,0,6,4.0,3,50.0,0,0.0,0.020126526528841268,0.1420319095596004,0.6035802575500607,0.11634617239753385,0.1195472515151798,0.7335765500942132,death,Shakib Al Hasan,2018,29846923.259999998,0.40053458935713365
2018,Shakib Al Hasan,Delhi Capitals,0,6,4.0,3,50.0,0,0.0,0.020126526528841268,0.1420319095596004,0.6035802575500607,0.11634617239753385,0.1195472515151798,0.7335765500942132,death,Shakib Al Hasan,2018,2984692.326,4.005345893571336
2018,Shakib Al Hasan,Royal Challengers Bengaluru,0,6,13.0,0,0.0,1,16.67,0.020126526528841268,0.46189680827239377,0.13257216970683605,0.28324708291001904,-0.1997714074766505,0.4142578911023829,death,Shakib Al Hasan,2018,29846923.259999998,-0.669319935379666
2018,Shakib Al Hasan,Royal Challengers Bengaluru,0,6,13.0,0,0.0,1,16.67,0.020126526528841268,0.46189680827239377,0.13257216970683605,0.28324708291001904,-0.1997714074766505,0.4142578911023829,death,Shakib Al Hasan,2018,2984692.326,-6.69319935379666
2016,CH Morris,Delhi Capitals,6,66,7.55,20,30.3,8,12.12,0.5714086130895606,0.26721751418385764,0.42714746911753276,0.23193780751597662,0.8087888124412647,1.4228181110202982,death,CH Morris,2016,114547047.99299999,0.7060756489252259
2016,CH Morris,Royal Challengers Bengaluru,0,12,6.0,4,33.33,1,8.33,0.02497897366775858,0.21662451406046904,0.4592306465414186,0.19686267495406182,0.029529046353657273,0.6435583449326907,death,CH Morris,2016,114547047.99299999,0.025778967569257485
2016,CH Morris,Gujarat Titans,1,6,8.0,1,16.67,0,0.0,0.11605058023805889,0.28190580454226083,0.28282611324704976,0.11977142053697726,0.11022995635320573,0.7242592549322392,death,CH Morris,2016,114547047.99299999,0.0962311629016768
2016,CH Morris,Punjab Kings,1,12,9.0,2,16.67,1,8.33,0.11605058023805889,0.3145464497831567,0.28282611324704976,0.19686267495406182,0.07404632193172199,0.6880756205107554,death,CH Morris,2016,114547047.99299999,0.06464271513679426
2016,P Kumar,Delhi Capitals,0,6,4.0,2,33.33,0,0.0,0.02497897366775858,0.15134322357867722,0.4592306465414186,0.11977142053697726,0.07876893887149936,0.6927982374505328,death,P Kumar,2016,57273523.99649999,0.13753115466810276
2016,P Kumar,Lucknow Super Giants,0,6,14.0,0,0.0,2,33.33,0.02497897366775858,0.47774967598763624,0.1063156948786746,0.42822898472922555,-0.2502053968485819,0.36382390173045154,death,P Kumar,2016,57273523.99649999,-0.43686048873799355
2016,P Kumar,Gujarat Titans,4,45,11.2,10,22.22,13,28.89,0.38926539994895987,0.38635586931312765,0.34159232932050393,0.38713832811315646,0.41569195256039293,1.0297212511394265,death,P Kumar,2016,57273523.99649999,0.7258012490829026
2016,P Kumar,Punjab Kings,0,6,10.0,0,0.0,1,16.67,0.02497897366775858,0.34718709502405265,0.1063156948786746,0.27404647589505643,-0.15172561181289773,0.4623036867661357,death,P Kumar,2016,57273523.99649999,-0.264914049678818
2016,P Kumar,Royal Challengers Bengaluru,2,6,15.0,2,33.33,2,33.33,0.2071221868083592,0.5103903212285321,0.4592306465414186,0.42822898472922555,0.11582765026478384,0.7298569488438172,death,P Kumar,2016,57273523.99649999,0.2022359411162863
2025,Ashwani Kumar,Mumbai Indians,2,21,12.0,9,42.86,6,28.57,0.10229344817311102,0.38422925899662796,0.555033631088382,0.3516530346006966,0.060762647607320946,0.6747919461863544,death,Ashwani Kumar,2025,3148500.0000000005,1.929891936074986
2022,JO Holder,Royal Challengers Bengaluru,1,6,4.0,2,33.33,0,0.0,0.06753133168965963,0.11646721653830519,0.4299659443242415,0.08307612232667097,0.15877705751843854,0.772806356097472,death,JO Holder,2022,108830614.44500001,0.14589374352809528
2022,JO Holder,Lucknow Super Giants,5,60,11.6,11,18.33,14,23.33,0.2801817133166239,0.3729491068289536,0.28893957895677524,0.2969944629518895,0.26867646204482015,0.8827057606238535,death,JO Holder,2022,108830614.44500001,0.24687581101602785
2019,AR Patel,Delhi Capitals,0,12,6.5,7,58.33,2,16.67,0.01969513567294069,0.22191311051489948,0.6970426520053945,0.2588425038787815,0.07223750374143513,0.6862668023204685,death,AR Patel,2019,72212627.65,0.10003444839530794
2019,AR Patel,Punjab Kings,1,6,7.0,2,33.33,1,16.67,0.07299501625697159,0.23925894664308306,0.4412021019151796,0.2588425038787815,0.06849682513914361,0.682526123718177,death,AR Patel,2019,72212627.65,0.09485435908956791
2022,Shivam Mavi,Kolkata Knight Riders,4,54,11.89,17,31.48,12,22.22,0.22701911790988286,0.3827359158005705,0.4125726925955873,0.28681660791142694,0.22516113594984422,0.8391904345288776,death,Shivam Mavi,2022,90173937.683,0.2496964663352975
2024,Simarjeet Singh,Chennai Super Kings,0,18,11.67,5,27.78,5,27.78,0.0,0.352444116792657,0.38412834180982286,0.3297628974995735,-0.124668013423988,0.4893612851550454,death,Simarjeet Singh,2024,2217593.5,-5.621770330044168
2024,Simarjeet Singh,Chennai Super Kings,0,18,11.67,5,27.78,5,27.78,0.0,0.352444116792657,0.38412834180982286,0.3297628974995735,-0.124668013423988,0.4893612851550454,death,Simarjeet Singh,2024,2217593.5,-5.621770330044168
2024,SH Johnson,Gujarat Titans,2,24,7.75,9,37.5,4,16.67,0.08795233196762636,0.18305425180361493,0.5185317789009488,0.19788147952908175,0.15490188704155367,0.7689311856205872,death,SH Johnson,2024,110879675.0,0.13970268855996706
2023,Yash Thakur,Royal Challengers Bengaluru,0,6,5.0,2,33.33,0,0.0,0.03293407072432839,0.12176720561861933,0.4579177260443439,0.048010568027550334,0.12366637124408293,0.7376956698231164,death,Yash Thakur,2023,5323887.59535,2.3228584193268063
2023,Yash Thakur,Lucknow Super Giants,8,77,10.44,26,33.77,17,22.08,0.40648419880234854,0.34943043392145,0.46288144934236847,0.31055095436324726,0.5156532731286791,1.1296825717077126,death,Yash Thakur,2023,5323887.59535,9.68565289731252
2014,WD Parnell,Delhi Capitals,3,37,7.46,19,51.35,7,18.92,0.21802086507539922,0.27213592821392113,0.6491712410848485,0.29744814429942,0.3236938553631589,0.9377231539421924,death,WD Parnell,2014,19370183.836999997,1.6710933571257824
2025,MP Stoinis,Punjab Kings,0,9,18.67,0,0.0,4,44.44,0.003221115286643484,0.6405101747473789,0.09950234515532576,0.5194298535712787,-0.37735064949377223,0.2366786490852612,death,MP Stoinis,2025,115445000.00000001,-0.32686616959917897
2024,UT Yadav,Gujarat Titans,2,12,15.5,2,16.67,4,33.33,0.08795233196762636,0.5179449287589915,0.2305046601141018,0.3956442539114753,-0.1247913516913691,0.4892379468876643,death,UT Yadav,2024,64310211.5,-0.1940459357552713
2020,SS Cottrell,Punjab Kings,2,18,16.0,5,27.78,8,44.44,0.1430651131101122,0.5443005443431459,0.4247456515161898,0.543016510538276,-0.038603805778715944,0.5754254928003175,death,SS Cottrell,2020,118096649.3505,-0.03268831587604437
2025,I Sharma,Gujarat Titans,2,26,10.62,5,19.23,6,23.08,0.10229344817311102,0.33120562125509334,0.30388560760265826,0.2936130386241057,0.024039694451194943,0.6380689930302283,death,I Sharma,2025,7871250.000000001,0.30541139528276884
2018,BCJ Cutting,Delhi Capitals,0,6,15.0,0,0.0,2,33.33,0.020126526528841268,0.5329778968752368,0.13257216970683605,0.4500478729003011,-0.2782440799148723,0.3357852186641611,death,BCJ Cutting,2018,32831615.586,-0.8474882364105185
2018,BCJ Cutting,Mumbai Indians,0,18,12.67,2,11.11,6,33.33,0.020126526528841268,0.45016842865292467,0.23723016682560058,0.4500478729003011,-0.21372289349031814,0.4003064050887153,death,BCJ Cutting,2018,32831615.586,-0.6509667272708123
2018,BCJ Cutting,Punjab Kings,0,6,11.0,0,0.0,1,16.67,0.020126526528841268,0.39081571966955075,0.13257216970683605,0.28324708291001904,-0.17133897203551332,0.44269032654352014,death,BCJ Cutting,2018,32831615.586,-0.5218718877440054
2020,CV Varun,Kolkata Knight Riders,1,36,9.33,9,25.0,7,19.44,0.08502888059497966,0.3021948575250051,0.39024018054160986,0.28163667351997107,0.039246429988959095,0.6532757285679925,death,CV Varun,2020,55574893.812,0.07061899231282888
2022,C Sakariya,Delhi Capitals,1,12,9.0,2,16.67,1,8.33,0.06753133168965963,0.285205302255837,0.2733326611894424,0.15945588132401645,0.02137791059178242,0.6354072091708158,death,C Sakariya,2022,52238694.9336,0.040923515832383704
2023,JD Unadkat,Lucknow Super Giants,0,12,10.5,6,50.0,2,16.67,0.03293407072432839,0.3519414254100842,0.6459751519035911,0.24622380354458243,0.028549940430161513,0.6425792390091949,death,JD Unadkat,2023,5915430.661499999,0.48263502801200936
2023,JD Unadkat,Royal Challengers Bengaluru,0,6,23.0,0,0.0,4,66.67,0.03293407072432839,0.8750646522088681,0.0819156862189863,0.8407446059352005,-0.5282734307119189,0.08575586786711453,death,JD Unadkat,2023,5915430.661499999,-8.930430613448566
2025,Fazalhaq Farooqi,Rajasthan Royals,0,18,17.67,0,0.0,9,50.0,0.003221115286643484,0.602087248847716,0.09950234515532576,0.5782098859264418,-0.37961548884045604,0.2344138097385774,death,Fazalhaq Farooqi,2025,20990000.000000004,-1.8085540202022676
2025,Naman Dhir,Mumbai Indians,0,6,2.0,5,83.33,0,0.0,0.003221115286643484,0.0,0.9851631490937667,0.04961247266058726,0.285496875859919,0.8995261744389524,death,Naman Dhir,2025,55098750.00000001,0.5181549052563242
2022,Mohammed Shami,Royal Challengers Bengaluru,1,6,15.0,1,16.67,2,33.33,0.06753133168965963,0.4876910051168752,0.2733326611894424,0.38868685070380493,-0.1283856613665694,0.48564363721246406,death,Mohammed Shami,2022,77736153.175,-0.16515566582970342
2022,Mohammed Shami,Gujarat Titans,7,60,9.1,20,33.33,12,20.0,0.386506904130106,0.28858006397018765,0.4299659443242415,0.2664608978305017,0.5133798445552059,1.1274091431342392,death,Mohammed Shami,2022,77736153.175,0.660413235781661
2015,DJ Muthuswami,Delhi Capitals,1,6,1.0,5,83.33,0,0.0,0.09522719101617114,0.0361606315356609,0.9481894981321465,0.09875811504514659,0.38320594883609227,0.9972352474151257,death,DJ Muthuswami,2015,13091500.29525,2.9271354710592736
2019,Rasikh Salam,Mumbai Indians,0,6,21.0,0,0.0,3,50.0,0.01969513567294069,0.7249423582322227,0.10011548053490506,0.5966482642268958,-0.40939407489107527,0.20463522368795817,death,Rasikh Salam,2019,2888505.106,-14.173216243955473
2018,L Ngidi,Chennai Super Kings,2,36,8.67,9,25.0,5,13.89,0.1460256885720014,0.30800625144723875,0.3680762136284484,0.255413577737571,0.1296348230463698,0.7436641216254032,death,L Ngidi,2018,7461730.8149999995,1.7373291299355165
2018,L Ngidi,Punjab Kings,2,6,3.0,4,66.67,0,0.0,0.1460256885720014,0.10649136525817893,0.760614354036992,0.11634617239753385,0.369722441246568,0.9837517398256015,death,L Ngidi,2018,7461730.8149999995,4.954915292619921
2016,SM Boland,Delhi Capitals,1,12,6.5,4,33.33,1,8.33,0.11605058023805889,0.23294483668091695,0.4592306465414186,0.19686267495406182,0.15960832716092854,0.773637625739962,death,SM Boland,2016,8181931.9995,1.9507413062181675
2016,SM Boland,Lucknow Super Giants,0,6,11.0,1,16.67,1,16.67,0.02497897366775858,0.37982774026494853,0.28282611324704976,0.27404647589505643,-0.11182874439874357,0.5022005541802899,death,SM Boland,2016,8181931.9995,-1.3667767515738025
2015,CH Morris,Punjab Kings,0,12,5.0,6,50.0,1,8.33,0.04496203496913795,0.17602706865305762,0.6158488907466075,0.18132986296819412,0.1273879333260079,0.7414172319050414,death,CH Morris,2015,24437467.2178,0.5212812448632967
2015,CH Morris,Royal Challengers Bengaluru,1,12,14.0,2,16.67,3,25.0,0.09522719101617114,0.49072655216720024,0.28350828336106865,0.34657248456209583,-0.07236909470293156,0.5416602038761019,death,CH Morris,2015,24437467.2178,-0.2961399152290981
2015,CH Morris,Rajasthan Royals,5,60,9.6,13,21.67,12,20.0,0.2962878152043039,0.3368734713380639,0.33336436007657105,0.297009610658706,0.32058875909658985,0.9346180576756233,death,CH Morris,2015,24437467.2178,1.3118739198269955
2015,CH Morris,Delhi Capitals,1,12,11.0,2,16.67,2,16.67,0.09522719101617114,0.3858267243291527,0.28350828336106865,0.2640007366390484,-0.005637639190798321,0.6083916593882351,death,CH Morris,2015,24437467.2178,-0.023069654234428694
2017,JD Unadkat,Lucknow Super Giants,14,89,8.43,37,41.57,16,17.98,0.9402412045081264,0.31695550932670513,0.5354606554108907,0.30569188350122106,1.3525102346044087,1.966539533183442,death,JD Unadkat,2017,4679400.6288,28.903493030286885
2017,JD Unadkat,Royal Challengers Bengaluru,1,6,6.0,2,33.33,0,0.0,0.10303796550864269,0.22995010753552347,0.4528350352389561,0.13024827644582967,0.15935293288669256,0.7733822314657259,death,JD Unadkat,2017,4679400.6288,3.405413332338623
2017,JD Unadkat,Delhi Capitals,1,12,12.0,3,25.0,3,25.0,0.10303796550864269,0.44477826010634236,0.36930695076902714,0.374191000382692,-0.02481957066367238,0.5892097279153611,death,JD Unadkat,2017,4679400.6288,-0.5304006353060903
2020,I Udana,Royal Challengers Bengaluru,2,54,9.78,11,20.37,8,14.81,0.1430651131101122,0.3185288244017912,0.3327724357170395,0.23322912770418094,0.11704913230830938,0.7310784308873428,death,I Udana,2020,6946861.7265,1.6849210034195052
2017,TS Mills,Royal Challengers Bengaluru,2,35,9.09,13,37.14,7,20.0,0.16743821466244915,0.34058660610949515,0.49103935718738706,0.3254024555953195,0.16461375002749595,0.7786430486065294,death,TS Mills,2017,187176025.152,0.08794595883410715
2018,KV Sharma,Chennai Super Kings,2,9,8.67,2,22.22,2,22.22,0.1460256885720014,0.30800625144723875,0.3418881639443651,0.338813972732712,0.09675828964260252,0.7107875882216359,death,KV Sharma,2018,74617308.14999999,0.12967271540819117
2018,KV Sharma,Chennai Super Kings,2,9,8.67,2,22.22,2,22.22,0.1460256885720014,0.30800625144723875,0.3418881639443651,0.338813972732712,0.09675828964260252,0.7107875882216359,death,KV Sharma,2018,2984692.326,3.241817885204779
2015,A Mishra,Punjab Kings,0,6,19.0,0,0.0,3,50.0,0.04496203496913795,0.6655595985639462,0.11728812359158365,0.594386854079045,-0.34191040611810997,0.27211889246092347,death,A Mishra,2015,61093668.0445,-0.5596494973408143
2015,A Mishra,Delhi Capitals,0,19,7.26,5,26.32,1,5.26,0.04496203496913795,0.2550516056243868,0.3797305114219882,0.15089825839151272,0.03407208611309486,0.6481013846921283,death,A Mishra,2015,61093668.0445,0.05577024134199489
2025,B Kumar,Royal Challengers Bengaluru,7,90,10.53,22,24.44,22,24.44,0.3499742803892799,0.32774755792412363,0.3592593360140261,0.307990888264937,0.4092429317389972,1.0232722303180306,death,B Kumar,2025,112821250.00000001,0.3627356829843643
2015,RS Bopara,Sunrisers Hyderabad,0,18,9.0,6,33.33,4,22.22,0.04496203496913795,0.31589350577045433,0.4496287309771225,0.31901552667181104,-0.019730388562881368,0.5942989100161521,death,RS Bopara,2015,17455333.726999998,-0.11303357971530675
2013,DJG Sammy,Punjab Kings,1,12,7.5,3,25.0,1,8.33,0.09432140278411502,0.29313220437621995,0.3434018491644271,0.2073571623911451,0.06504262845766914,0.6790719270367026,death,DJG Sammy,2013,52331263.46299,0.12429019319143507
2013,DJG Sammy,Sunrisers Hyderabad,0,14,15.43,3,21.43,5,35.71,0.03839363807293146,0.5637190460098932,0.31138211687121103,0.4764000759668199,-0.21740254902324274,0.3966267495557907,death,DJG Sammy,2013,52331263.46299,-0.41543531464130495
2022,M Theekshana,Chennai Super Kings,1,12,8.0,5,41.67,2,16.67,0.06753133168965963,0.25145768511233063,0.5083766034685527,0.23592733270911392,0.08244870471738883,0.6964780032964223,death,M Theekshana,2022,8706449.1556,0.9469842784800242
2022,M Theekshana,Royal Challengers Bengaluru,3,12,4.0,7,58.33,1,8.33,0.17385652250314176,0.11646721653830519,0.6650098866033519,0.15945588132401645,0.3658640987231912,0.9798933973022246,death,M Theekshana,2022,8706449.1556,4.202219437391039
2018,DT Christian,Punjab Kings,1,6,12.0,1,16.67,2,33.33,0.08307610755042134,0.42635626397097226,0.28960626619376717,0.4500478729003011,-0.09406082627471707,0.5199684723043163,death,DT Christian,2018,22385192.444999997,-0.4201921717037849
2025,DL Chahar,Mumbai Indians,2,18,14.33,6,33.33,7,38.89,0.10229344817311102,0.4737546763428423,0.4537454100211392,0.46075554069876895,-0.038164737480759325,0.5758645610982741,death,DL Chahar,2025,97078750.00000001,-0.03931317356348255
2020,JR Hazlewood,Chennai Super Kings,0,12,12.5,3,25.0,5,41.67,0.026992648079847133,0.41725857974592057,0.39024018054160986,0.5140556245966479,-0.16355909299510893,0.4504702055839245,death,JR Hazlewood,2020,27787446.906,-0.5886078470915312
2018,M Markande,Mumbai Indians,0,6,2.0,4,66.67,0,0.0,0.020126526528841268,0.07095082095675742,0.760614354036992,0.11634617239753385,0.19508991590239638,0.8091192144814299,death,M Markande,2018,2984692.326,6.536349298148609
2025,Zeeshan Ansari,Sunrisers Hyderabad,0,7,17.14,1,14.29,3,42.86,0.003221115286643484,0.5817230981208947,0.25138153498228266,0.5027261753120777,-0.30326095841733125,0.3107683401617022,death,Zeeshan Ansari,2025,4198000.0,-7.223938980879733
2018,Kuldeep Yadav,Kolkata Knight Riders,0,6,12.0,0,0.0,1,16.67,0.020126526528841268,0.42635626397097226,0.13257216970683605,0.28324708291001904,-0.1855551897560819,0.42847410882295156,death,Kuldeep Yadav,2018,86556077.454,-0.21437569170656415
2016,JW Hastings,Kolkata Knight Riders,1,10,5.4,5,50.0,1,10.0,0.11605058023805889,0.1970401269159315,0.6357410649097938,0.21231794444704277,0.22228675572954104,0.8363160543085745,death,JW Hastings,2016,21273023.1987,1.0449232046300079
2014,M de Lange,Mumbai Indians,1,6,7.0,2,33.33,0,0.0,0.09750385609558826,0.2559425531164898,0.4514872438122983,0.10766937627508567,0.14702412315795024,0.7610534217369836,death,M de Lange,2014,5811055.151099999,2.5300761967492154
2024,Sandeep Sharma,Rajasthan Royals,7,78,10.15,18,23.08,17,21.79,0.3078331618866923,0.2867623324091509,0.31913902552090395,0.25865851463339473,0.3651889631326309,0.9792182617116643,death,Sandeep Sharma,2024,2217593.5,16.467804542745586
2019,JD Unadkat,Punjab Kings,1,12,10.5,2,16.67,3,25.0,0.07299501625697159,0.360679799540368,0.27070995933506037,0.3432686059999873,-0.05654698943016789,0.5574823091488655,death,JD Unadkat,2019,121317214.452,-0.046610853773386876
2019,JD Unadkat,Rajasthan Royals,5,56,14.36,11,19.64,18,32.14,0.2861945385930951,0.494589654449945,0.3011038166857779,0.4156338363895924,0.19709694019852034,0.8111262387775537,death,JD Unadkat,2019,121317214.452,0.1624641161510538
2021,VR Iyer,Kolkata Knight Riders,1,9,11.33,2,22.22,2,22.22,0.06157661061861973,0.45411548132683893,0.27165315653029287,0.3642992220940931,-0.11707509627194605,0.49695420230708737,death,VR Iyer,2021,2652233.1686,-4.414208285229498
2020,NM Coulter-Nile,Mumbai Indians,1,48,10.0,15,31.25,9,18.75,0.08502888059497966,0.326514319319331,0.46781543003482035,0.27442259001826586,0.054955445169703424,0.6689847437487368,death,NM Coulter-Nile,2020,111149787.624,0.04944269021512478
2017,CR Woakes,Gujarat Titans,0,6,16.0,1,16.67,3,50.0,0.03863771635483625,0.5879970284868882,0.2857788662990982,0.6181337243195543,-0.2769486942686377,0.3370806043103957,death,CR Woakes,2017,65511608.80320001,-0.42274750891953333
2017,CR Woakes,Royal Challengers Bengaluru,1,12,9.5,3,25.0,2,16.67,0.10303796550864269,0.35526652986850116,0.36930695076902714,0.29290928476692946,0.0353696361161929,0.6493989346952264,death,CR Woakes,2017,65511608.80320001,0.053989875630203146
2017,CR Woakes,Punjab Kings,1,6,10.0,2,33.33,2,33.33,0.10303796550864269,0.37316887591606934,0.4528350352389561,0.4554727159984545,0.004498093668686753,0.6185273922477201,death,CR Woakes,2017,65511608.80320001,0.006866101673978487
2017,CR Woakes,Kolkata Knight Riders,5,48,8.63,15,31.25,7,14.58,0.3606389621238684,0.32411644774573245,0.43197808257419595,0.27251567304580776,0.45915058694602606,1.0731798855250596,death,CR Woakes,2017,65511608.80320001,0.7008690449433722
2017,CR Woakes,Delhi Capitals,1,6,11.0,1,16.67,2,33.33,0.10303796550864269,0.4089735680112058,0.2857788662990982,0.4554727159984545,-0.059940633851325184,0.5540886647277082,death,CR Woakes,2017,65511608.80320001,-0.09149620188902657
2017,CR Woakes,Lucknow Super Giants,0,6,18.0,0,0.0,2,33.33,0.03863771635483625,0.6596064126771611,0.11862242354835205,0.4554727159984545,-0.3069410782736408,0.3070882203053926,death,CR Woakes,2017,65511608.80320001,-0.4685292940915349
2023,JO Holder,Royal Challengers Bengaluru,0,6,6.0,3,50.0,1,16.67,0.03293407072432839,0.16361706376252202,0.6459751519035911,0.24622380354458243,0.10387968508918638,0.7179089836682198,death,JO Holder,2023,68027452.60724999,0.15270259447891696
2023,JO Holder,Rajasthan Royals,1,57,12.63,13,22.81,18,31.58,0.07962783673408091,0.441081623256597,0.339239614464303,0.4235099068174647,-0.08227198190746594,0.5317573166715674,death,JO Holder,2023,68027452.60724999,-0.120939383666849
2017,Rashid Khan,Sunrisers Hyderabad,0,12,4.5,5,41.67,0,0.0,0.03863771635483625,0.17624306939281875,0.5364633935197733,0.13024827644582967,0.10932388189730996,0.7233531804763433,death,Rashid Khan,2017,62392008.384,0.1752209693659185
2018,Basil Thampi,Royal Challengers Bengaluru,0,6,19.0,0,0.0,3,50.0,0.020126526528841268,0.6751400740809226,0.13257216970683605,0.6169487834127864,-0.3851792239508922,0.22885007462814122,death,Basil Thampi,2018,14177288.5485,-2.716875110732266
2018,Basil Thampi,Sunrisers Hyderabad,3,13,5.54,5,38.46,1,7.69,0.20897526959358148,0.19676434778378948,0.4948715908758445,0.19333885397167969,0.32521698634810586,0.9392462849271392,death,Basil Thampi,2018,14177288.5485,2.293929373275786
2025,SM Curran,Chennai Super Kings,0,6,19.0,3,50.0,3,50.0,0.003221115286643484,0.6531897402942676,0.6309200842279532,0.5782098859264418,-0.24063116369728837,0.37339813488174506,death,SM Curran,2025,25188000.000000004,-0.9553404942722262
2023,KM Asif,Rajasthan Royals,0,7,13.71,1,14.29,2,28.57,0.03293407072432839,0.48627947005201194,0.24312388151164635,0.3877197545135495,-0.18848944383488314,0.4255398547441503,death,KM Asif,2023,3549258.3968999996,-5.310671209498694
2023,KM Asif,Royal Challengers Bengaluru,0,6,18.0,1,16.67,3,50.0,0.03293407072432839,0.6658153614893546,0.2699731120782336,0.6425313704181684,-0.3286925160112297,0.28533678256780376,death,KM Asif,2023,3549258.3968999996,-9.260878731689893
2014,K Santokie,Mumbai Indians,1,12,16.0,1,8.33,4,33.33,0.09750385609558826,0.5727694571966677,0.1772308657982167,0.4419889501784188,-0.16227942404934534,0.45174987452968807,death,K Santokie,2014,5811055.151099999,-2.7925982429994107
2014,K Santokie,Punjab Kings,0,6,14.0,1,16.67,2,33.33,0.037245351605682764,0.5023634785121837,0.26872279350371436,0.4419889501784188,-0.19705721099876067,0.41697208758027277,death,K Santokie,2014,5811055.151099999,-3.391074527342231
2020,TU Deshpande,Delhi Capitals,1,18,12.0,4,22.22,5,27.78,0.08502888059497966,0.3991097276606026,0.3557347095670298,0.36883298714927765,-0.0360300534464459,0.5779992451325875,death,TU Deshpande,2020,2778744.6906,-1.2966305817273958
2020,TU Deshpande,Delhi Capitals,1,18,12.0,4,22.22,5,27.78,0.08502888059497966,0.3991097276606026,0.3557347095670298,0.36883298714927765,-0.0360300534464459,0.5779992451325875,death,TU Deshpande,2020,2778744.6906,-1.2966305817273958
2019,I Sharma,Punjab Kings,0,6,10.0,1,16.67,1,16.67,0.01969513567294069,0.3433339634121844,0.27070995933506037,0.2588425038787815,-0.10423064521857908,0.5097986533604544,death,I Sharma,2019,15886778.083,-0.6560842272361909
2019,I Sharma,Delhi Capitals,3,30,10.4,8,26.67,6,20.0,0.17959477742503335,0.3572106323147313,0.37304617937114637,0.2925926743546056,0.1506439647166197,0.7646732632956531,death,I Sharma,2019,15886778.083,0.9482348398749249
2022,PVD Chameera,Lucknow Super Giants,1,48,11.0,14,29.17,12,25.0,0.06753133168965963,0.3527005365428498,0.3908546323289976,0.31230709170645937,-0.016218954895888996,0.5978103436831445,death,PVD Chameera,2022,24875569.016000003,-0.065200337268494
2022,PVD Chameera,Royal Challengers Bengaluru,0,6,21.0,1,16.67,4,66.67,0.014368736282918574,0.6901767079779134,0.2733326611894424,0.6943892714686908,-0.3808345618505621,0.23319473672847135,death,PVD Chameera,2022,24875569.016000003,-1.5309581927778566
2023,Sandeep Sharma,Royal Challengers Bengaluru,3,12,9.0,5,41.67,3,25.0,0.17301536875358597,0.28916663819423016,0.552002844920536,0.34527096922285944,0.2058759605619898,0.8199052591410232,death,Sandeep Sharma,2023,2366172.2646,8.7008018664606
2023,Sandeep Sharma,Rajasthan Royals,4,60,10.8,16,26.67,14,23.33,0.21970913476333845,0.3644963828532551,0.3827850052151545,0.32541397442301273,0.20097645824134813,0.8150057568203816,death,Sandeep Sharma,2023,2366172.2646,8.493737385402204
2022,LH Ferguson,Royal Challengers Bengaluru,1,6,11.0,2,33.33,2,33.33,0.06753133168965963,0.3527005365428498,0.4299659443242415,0.38868685070380493,-0.027399488996519478,0.586629809582514,death,LH Ferguson,2022,124377845.08,-0.02202923597759399
2022,LH Ferguson,Gujarat Titans,1,76,11.05,22,28.95,20,26.32,0.06753133168965963,0.3543879174000251,0.3887862456369413,0.32441048688971225,-0.02114544180135189,0.5928838567776815,death,LH Ferguson,2022,124377845.08,-0.017000971344817168
2014,IK Pathan,Sunrisers Hyderabad,3,35,7.37,11,31.43,4,11.43,0.21802086507539922,0.2689676591731193,0.43064375908322816,0.22231902313122423,0.28194165472945226,0.8959709533084856,death,IK Pathan,2014,46488441.208799995,0.6064768948976553
2014,IK Pathan,Delhi Capitals,0,6,5.0,1,16.67,0,0.0,0.037245351605682764,0.18553657443200583,0.26872279350371436,0.10766937627508567,0.029969422804310406,0.6439987213833438,death,IK Pathan,2014,46488441.208799995,0.06446639643111407
2014,JJ Bumrah,Punjab Kings,2,12,9.5,3,25.0,2,16.67,0.15776236058549375,0.34395002647209477,0.3601050186580063,0.2748793161781329,0.12463124103336475,0.7386605396123982,death,JJ Bumrah,2014,23244220.604399998,0.5361816304986056
2014,JJ Bumrah,Mumbai Indians,1,64,9.38,13,20.31,11,17.19,0.09750385609558826,0.33972566775102575,0.3086545221425646,0.28009522312171925,0.018933306749225706,0.6329626053282591,death,JJ Bumrah,2014,23244220.604399998,0.08145382489461375
2014,UT Yadav,Kolkata Knight Riders,1,48,11.63,8,16.67,11,22.92,0.09750385609558826,0.4189323937710703,0.26872279350371436,0.33757050540393047,-0.041971486935110575,0.5720578116439229,death,UT Yadav,2014,50362477.9762,-0.08333880424816509
2014,UT Yadav,Punjab Kings,1,12,4.0,6,50.0,0,0.0,0.09750385609558826,0.15033358508976383,0.634361396672088,0.10766937627508567,0.24412995622657754,0.858159254805611,death,UT Yadav,2014,50362477.9762,0.48474571950559503
2014,UT Yadav,Royal Challengers Bengaluru,1,6,9.0,3,50.0,1,16.67,0.09750385609558826,0.3263485318009738,0.634361396672088,0.2748793161781329,0.1235609955711794,0.7375902941502128,death,UT Yadav,2014,50362477.9762,0.24534335985129865
2014,TG Southee,Rajasthan Royals,0,18,9.0,5,27.78,2,11.11,0.037245351605682764,0.3263485318009738,0.39060232789317223,0.21910923424286338,-0.023223457216772714,0.5908058413622608,death,TG Southee,2014,23244220.604399998,-0.09991067290239297
2025,MJ Santner,Mumbai Indians,3,21,14.0,4,19.05,6,28.57,0.1518296146163448,0.46107511079595354,0.3019725037419968,0.3516530346006966,0.028410218348525862,0.6424395169275593,death,MJ Santner,2025,20990000.000000004,0.13535120699631184
2018,MG Johnson,Royal Challengers Bengaluru,1,18,9.0,6,33.33,3,16.67,0.08307610755042134,0.31973463106670785,0.44654616106312955,0.28324708291001904,0.04571003234488205,0.6597393309239155,death,MG Johnson,2018,29846923.259999998,0.1531482221691552
2018,MG Johnson,Delhi Capitals,0,6,11.0,3,50.0,2,33.33,0.020126526528841268,0.39081571966955075,0.6035802575500607,0.4500478729003011,-0.08007678267963056,0.5339525158994028,death,MG Johnson,2018,29846923.259999998,-0.26829158229165684
2018,MG Johnson,Kolkata Knight Riders,1,18,10.0,7,38.89,3,16.67,0.08307610755042134,0.3552751753681293,0.4989222604312962,0.28324708291001904,0.04720664443476347,0.6612359430137968,death,MG Johnson,2018,29846923.259999998,0.15816251485468347
2013,JP Faulkner,Punjab Kings,1,6,8.0,1,16.67,0,0.0,0.09432140278411502,0.31019316538717034,0.2686891404802564,0.12550444251950996,0.060360247409528306,0.6743895459885617,death,JP Faulkner,2013,49252953.84752,0.12255152776500446
2013,JP Faulkner,Lucknow Super Giants,1,6,3.0,4,66.67,0,0.0,0.09432140278411502,0.13958355527766644,0.7171447748390243,0.12550444251950996,0.26314078176096023,0.8771700803399937,death,JP Faulkner,2013,49252953.84752,0.5342639602400414
2013,JP Faulkner,Rajasthan Royals,12,103,8.62,30,29.13,14,13.59,0.7095268146071344,0.33134875704074884,0.3804442845624614,0.25904327361861224,0.9681710223775567,1.58220032095659,death,JP Faulkner,2013,49252953.84752,1.9657115903644555
2019,KMA Paul,Delhi Capitals,3,37,11.19,12,32.43,9,24.32,0.17959477742503335,0.38461705339726127,0.43199184211193187,0.33637667929621545,0.14422989362336042,0.7582591922023938,death,KMA Paul,2019,7221262.765000001,1.9972946327671877
2018,JD Unadkat,Delhi Capitals,1,6,9.0,2,33.33,1,16.67,0.08307610755042134,0.31973463106670785,0.44654616106312955,0.28324708291001904,0.04571003234488205,0.6597393309239155,death,JD Unadkat,2018,171619808.74499997,0.026634473420722643
2018,JD Unadkat,Rajasthan Royals,5,86,12.21,19,22.09,25,29.07,0.33487443163674163,0.4338197782742708,0.34066354291597273,0.40739653044180163,0.30876383988765543,0.9227931384666889,death,JD Unadkat,2018,171619808.74499997,0.17991153943448912
2014,Shakib Al Hasan,Punjab Kings,1,6,21.0,1,16.67,3,50.0,0.09750385609558826,0.7487844039078777,0.26872279350371436,0.609198890081466,-0.25540080639309415,0.3586284921859393,death,Shakib Al Hasan,2014,54236514.743599996,-0.4709019515735603
2014,Shakib Al Hasan,Kolkata Knight Riders,2,18,5.67,8,44.44,1,5.56,0.15776236058549375,0.20912257729130793,0.5733667782017562,0.16343945821035516,0.2759727059591377,0.8900020045381711,death,Shakib Al Hasan,2014,54236514.743599996,0.5088319322577839
2013,KW Richardson,Lucknow Super Giants,1,11,6.0,4,36.36,1,9.09,0.09432140278411502,0.24194932134336877,0.4452909692907392,0.214825117625532,0.11384213113838718,0.7278714297174206,death,KW Richardson,2013,86192669.23316,0.13207866997416282
2013,KW Richardson,Delhi Capitals,0,6,21.0,1,16.67,3,50.0,0.03839363807293146,0.7537781516718807,0.2686891404802564,0.6168172868870678,-0.34835924748139846,0.265670051097635,death,KW Richardson,2013,86192669.23316,-0.4041634289559487
2013,JD Unadkat,Royal Challengers Bengaluru,0,12,6.5,3,25.0,1,8.33,0.03839363807293146,0.25901028235431917,0.3434018491644271,0.2073571623911451,-0.005200249800345877,0.6088290487786876,death,JD Unadkat,2013,64644501.92487001,-0.008044380644141431
2013,JD Unadkat,Delhi Capitals,3,12,9.0,4,33.33,3,25.0,0.20617693220648214,0.3443150874090712,0.4181145578485978,0.371160864703289,0.18562547128968737,0.7996547698687209,death,JD Unadkat,2013,64644501.92487001,0.2871481189621072
2016,SR Watson,Delhi Capitals,0,12,7.0,4,33.33,1,8.33,0.02497897366775858,0.24926515930136492,0.4592306465414186,0.19686267495406182,0.01647278825729892,0.6305020868363324,death,SR Watson,2016,155456707.9905,0.010596383051097143
2016,SR Watson,Punjab Kings,1,12,5.0,6,50.0,1,8.33,0.11605058023805889,0.1839838688195731,0.6357410649097938,0.19686267495406182,0.2321458398159787,0.8461751383950121,death,SR Watson,2016,155456707.9905,0.14933150381015736
2016,SR Watson,Lucknow Super Giants,2,12,9.5,5,41.67,2,16.67,0.2071221868083592,0.3308667724036047,0.5475387982626093,0.27404647589505643,0.2603842679613627,0.8744135665403961,death,SR Watson,2016,155456707.9905,0.16749632185526203
2016,SR Watson,Gujarat Titans,3,9,19.33,3,33.33,5,55.56,0.29819379337865953,0.6517243151216113,0.4592306465414186,0.6339599073813011,0.13418218576737992,0.7482114843464134,death,SR Watson,2016,155456707.9905,0.08631482520238357
2016,SR Watson,Royal Challengers Bengaluru,4,72,12.92,16,22.22,23,31.94,0.38926539994895987,0.4424977791274686,0.34159232932050393,0.41536501790572644,0.38476718169688556,0.998796480275919,death,SR Watson,2016,155456707.9905,0.2475076094628215
2022,VG Arora,Punjab Kings,0,11,15.82,1,9.09,4,36.36,0.014368736282918574,0.5153640511745504,0.2020673378904161,0.4164696441926352,-0.24891320793610808,0.3651160906429254,death,VG Arora,2022,24875569.016000003,-1.0006332228059054
2018,R Ashwin,Punjab Kings,2,24,11.5,3,12.5,4,16.67,0.1460256885720014,0.40858599182026156,0.25032419166764225,0.28324708291001904,0.04572726875718444,0.6597565673362179,death,R Ashwin,2018,113418308.388,0.04031736093325698
2017,NM Coulter-Nile,Kolkata Knight Riders,3,32,9.0,8,25.0,6,18.75,0.23183846381625556,0.3373641838209329,0.36930695076902714,0.31320531939847646,0.22964251160717536,0.8436718101862088,death,NM Coulter-Nile,2017,54593007.336,0.42064455287068114
2017,NM Coulter-Nile,Delhi Capitals,1,6,5.0,2,33.33,0,0.0,0.10303796550864269,0.194145415440387,0.4528350352389561,0.13024827644582967,0.17367480972474716,0.7877041083037806,death,NM Coulter-Nile,2017,54593007.336,0.31812647479894673
2023,SM Curran,Royal Challengers Bengaluru,0,6,11.0,0,0.0,1,16.67,0.03293407072432839,0.3728663544820356,0.0819156862189863,0.24622380354458243,-0.1490378709040005,0.46499142767503293,death,SM Curran,2023,218870934.4755,-0.06809395284081611
2023,SM Curran,Punjab Kings,7,77,10.99,17,22.08,19,24.68,0.359790432792596,0.37244785590059654,0.33100434626530784,0.3414660360875594,0.3875679998819799,1.0015972984610133,death,SM Curran,2023,218870934.4755,0.17707604749380898
2018,KH Pandya,Mumbai Indians,3,13,5.54,7,53.85,2,15.38,0.20897526959358148,0.19676434778378948,0.6398478803139891,0.27033153554582556,0.3456120687073055,0.9596413672863389,death,KH Pandya,2018,131326462.344,0.26317016581319314
2018,KH Pandya,Delhi Capitals,1,6,4.0,3,50.0,0,0.0,0.08307610755042134,0.1420319095596004,0.6035802575500607,0.11634617239753385,0.2139716230475499,0.8280009216265833,death,KH Pandya,2018,131326462.344,0.1629310797142064
2014,AB Dinda,Delhi Capitals,0,12,15.5,2,16.67,5,41.67,0.037245351605682764,0.5551679625255468,0.26872279350371436,0.5256440730813231,-0.24327554147497718,0.3707537571040562,death,AB Dinda,2014,29055275.7555,-0.83728526110762
2014,AB Dinda,Royal Challengers Bengaluru,1,36,13.0,9,25.0,11,30.56,0.09750385609558826,0.4671604891699417,0.3601050186580063,0.4142042151135453,-0.056838170461256,0.5571911281177775,death,AB Dinda,2014,29055275.7555,-0.19562082610934042
2014,AB Dinda,Punjab Kings,0,6,5.0,1,16.67,0,0.0,0.037245351605682764,0.18553657443200583,0.26872279350371436,0.10766937627508567,0.029969422804310406,0.6439987213833438,death,AB Dinda,2014,29055275.7555,0.10314623428978252
2017,MJ Henry,Punjab Kings,1,6,8.0,1,16.67,1,16.67,0.10303796550864269,0.3015594917257964,0.2857788662990982,0.29290928476692946,0.03179402603229611,0.6458233246113295,death,MJ Henry,2017,7799001.048,0.40766792870799096
2014,KV Sharma,Sunrisers Hyderabad,0,16,6.0,5,31.25,1,6.25,0.037245351605682764,0.2207395637742478,0.4286691131615267,0.17036056550088322,0.04506476619701806,0.6590940647760515,death,KV Sharma,2014,72638189.38875,0.062040046119318015
2018,B Laughlin,Rajasthan Royals,3,41,12.44,9,21.95,11,26.83,0.20897526959358148,0.44199410346359774,0.33934472027001167,0.3849695334683183,0.12297781904544113,0.7370071176244746,death,B Laughlin,2018,7461730.8149999995,1.6481138504517485
2014,I Sharma,Sunrisers Hyderabad,1,6,4.0,3,50.0,0,0.0,0.09750385609558826,0.15033358508976383,0.634361396672088,0.10766937627508567,0.24412995622657754,0.858159254805611,death,I Sharma,2014,50362477.9762,0.48474571950559503
2015,MJ McClenaghan,Mumbai Indians,7,48,8.63,15,31.25,7,14.58,0.3968181272983703,0.3029558603370952,0.4288886030634736,0.2432834553474314,0.5297263911275301,1.1437556897065635,death,MJ McClenaghan,2015,5236600.1181,10.115845762149416
2015,MJ McClenaghan,Delhi Capitals,1,6,13.0,2,33.33,2,33.33,0.09522719101617114,0.45575994288785104,0.4496287309771225,0.4291442324851433,-0.03331784108328997,0.5807114574957435,death,MJ McClenaghan,2015,5236600.1181,-0.636249481187781
2015,MJ McClenaghan,Royal Challengers Bengaluru,0,6,15.0,1,16.67,3,50.0,0.04496203496913795,0.5256931614465494,0.28350828336106865,0.594386854079045,-0.2360977833403058,0.37793151523872764,death,MJ McClenaghan,2015,5236600.1181,-4.508608219372102
2015,MJ McClenaghan,Punjab Kings,0,6,5.0,2,33.33,0,0.0,0.04496203496913795,0.17602706865305762,0.4496287309771225,0.09875811504514659,0.10229340977207664,0.7163227083511101,death,MJ McClenaghan,2015,5236600.1181,1.9534317584897403
2016,I Sharma,Lucknow Super Giants,0,12,16.5,2,16.67,6,50.0,0.02497897366775858,0.559351289089876,0.28282611324704976,0.5825040400873047,-0.27617543318638904,0.3378538653926444,death,I Sharma,2016,62182683.1962,-0.44413560012358266
2018,AJ Tye,Delhi Capitals,0,6,11.0,1,16.67,1,16.67,0.020126526528841268,0.39081571966955075,0.28960626619376717,0.28324708291001904,-0.12422874308943399,0.48980055548959944,death,AJ Tye,2018,107448923.73599999,-0.11561655414498306
2018,AJ Tye,Punjab Kings,11,108,9.44,32,29.63,21,19.44,0.7125719177662222,0.3353724705593332,0.411691562562731,0.31098046756026404,0.96492221692634,1.5789515155053735,death,AJ Tye,2018,107448923.73599999,0.8980287408900771
2022,JD Unadkat,Mumbai Indians,3,42,13.0,7,16.67,14,33.33,0.17385652250314176,0.4201957708298625,0.2733326611894424,0.38868685070380493,0.05810021856845887,0.6721295171474924,death,JD Unadkat,2022,16169119.8604,0.3593282693806536
2025,G Coetzee,Gujarat Titans,0,18,15.67,2,11.11,6,33.33,0.003221115286643484,0.5252413970483903,0.21758336677726356,0.4019755083436059,-0.26058252835929363,0.3534467702197398,death,G Coetzee,2025,25188000.000000004,-1.0345502952171415
2018,MP Stoinis,Punjab Kings,0,6,20.0,0,0.0,4,66.67,0.020126526528841268,0.7106806183823441,0.13257216970683605,0.7838496939252715,-0.44946571482520636,0.16456358375382707,death,MP Stoinis,2018,92525462.10599999,-0.4857751635007072
2018,HV Patel,Delhi Capitals,3,27,8.89,12,44.44,5,18.52,0.20897526959358148,0.31582517119355147,0.551204158181894,0.30176937951758337,0.26196326951224486,0.8759925680912783,death,HV Patel,2018,2984692.326,8.776893592356322
2016,MR Marsh,Lucknow Super Giants,0,6,10.0,2,33.33,1,16.67,0.02497897366775858,0.34718709502405265,0.4592306465414186,0.27404647589505643,-0.04585112631407455,0.5681781722649589,death,MR Marsh,2016,78546547.1952,-0.05837446450717636
2014,L Balaji,Royal Challengers Bengaluru,1,6,17.0,1,16.67,3,50.0,0.09750385609558826,0.6079724465389097,0.26872279350371436,0.609198890081466,-0.19907602344550698,0.4149532751335264,death,L Balaji,2014,34866330.9066,-0.5709692367080215
2014,L Balaji,Punjab Kings,3,54,11.78,10,18.52,15,27.78,0.21802086507539922,0.42421284217240646,0.2890177654767564,0.38631917414591066,0.12815573814338999,0.7421850367224234,death,L Balaji,2014,34866330.9066,0.36756301799203894
2017,VR Aaron,Punjab Kings,1,18,7.33,7,38.89,2,11.11,0.10303796550864269,0.277570348022055,0.5085872740928343,0.23865642296337128,0.12450806439298094,0.7385373629720143,death,VR Aaron,2017,43674405.8688,0.2850824456937299
2020,Kartik Tyagi,Punjab Kings,0,12,12.5,3,25.0,2,16.67,0.026992648079847133,0.41725857974592057,0.39024018054160986,0.25267578757834286,-0.08514514188961743,0.528884156689416,death,Kartik Tyagi,2020,18061840.4889,-0.47140900143561687
2020,Kartik Tyagi,Rajasthan Royals,2,49,11.39,13,26.53,13,26.53,0.1430651131101122,0.3769681281165148,0.40923060161754776,0.35576399529836233,0.07985040031431799,0.6938796988933514,death,Kartik Tyagi,2020,18061840.4889,0.44209448291490827
2023,K Khejroliya,Kolkata Knight Riders,2,14,15.86,4,28.57,4,28.57,0.12632160274383342,0.5762566650614027,0.40421926491116955,0.3877197545135495,-0.03607040878952496,0.5779588897895085,death,K Khejroliya,2023,2366172.2646,-1.5244202347043672
2021,RP Meredith,Punjab Kings,1,14,18.86,3,21.43,6,42.86,0.06157661061861973,0.7606564637596034,0.2630870698494113,0.6211533659824287,-0.319317558415817,0.29471174016321644,death,RP Meredith,2021,106089326.744,-0.3009893343807805
2015,D Wiese,Royal Challengers Bengaluru,7,42,9.57,13,30.95,9,21.43,0.3968181272983703,0.33582447305968344,0.42589723846054345,0.31118459259507547,0.4953111954833225,1.109340494062356,death,D Wiese,2015,48874934.4356,1.0134258003680163
2020,TK Curran,Rajasthan Royals,1,37,15.24,3,8.11,13,35.14,0.08502888059497966,0.5167142891734626,0.1806008263111579,0.44578321116746666,-0.15869711023380817,0.45533218834522526,death,TK Curran,2020,13893723.453,-1.1422215993477365
2020,TK Curran,Punjab Kings,1,12,9.0,3,25.0,2,16.67,0.08502888059497966,0.29021661514869523,0.39024018054160986,0.25267578757834286,0.052725992721971496,0.666755291301005,death,TK Curran,2020,13893723.453,0.3794950496915688
2018,TG Southee,Delhi Capitals,0,12,14.5,1,8.33,3,25.0,0.020126526528841268,0.515207624724526,0.2110421171415173,0.36664747790516006,-0.22257486832564133,0.3914544302533921,death,TG Southee,2018,14923461.629999999,-1.491442628017407
2018,TG Southee,Royal Challengers Bengaluru,3,54,9.56,14,25.93,11,20.37,0.20897526959358148,0.3396373358755038,0.37683696406233236,0.32029167612514775,0.19457155642132606,0.8086008550003595,death,TG Southee,2018,14923461.629999999,1.3037964062586336
2025,Arshad Khan,Gujarat Titans,1,18,12.33,4,22.22,5,27.78,0.05275728172987726,0.3969088245435167,0.3356643883992014,0.3433011954710961,-0.08191864934415924,0.5321106492348742,death,Arshad Khan,2025,102326250.00000001,-0.08005633876366937
2025,Arshad Khan,Gujarat Titans,1,18,12.33,4,22.22,5,27.78,0.05275728172987726,0.3969088245435167,0.3356643883992014,0.3433011954710961,-0.08191864934415924,0.5321106492348742,death,Arshad Khan,2025,13643500.000000002,-0.6004225407275202
2024,Azmatullah Omarzai,Gujarat Titans,0,6,16.0,0,0.0,3,50.0,0.0,0.5395507788851448,0.0,0.5935257334405569,-0.39387803158622503,0.2201512669928084,death,Azmatullah Omarzai,2024,5543983.75,-7.104602923596683
2020,Abdul Samad,Sunrisers Hyderabad,0,6,20.0,0,0.0,2,33.33,0.026992648079847133,0.689491361025689,0.07993918256876803,0.4268593109673413,-0.3393836108100769,0.27464568776895654,death,Abdul Samad,2020,2778744.6906,-12.213558588457278
2023,M Markande,Sunrisers Hyderabad,1,18,9.67,4,22.22,4,22.22,0.07962783673408091,0.31720604315064493,0.33258371276922466,0.312215612609941,-0.001330232111351512,0.6126990664676819,death,M Markande,2023,5915430.661499999,-0.022487493936987502
2025,KK Ahmed,Chennai Super Kings,5,52,13.27,14,26.92,16,30.77,0.25090194750281236,0.4330263748891997,0.3856176558720284,0.37491132078439415,0.20635427182482893,0.8203835704038623,death,KK Ahmed,2025,50376000.00000001,0.4096281400365827
2025,M Theekshana,Rajasthan Royals,3,36,11.33,11,30.56,8,22.22,0.1518296146163448,0.3584858986438539,0.4243048672765156,0.284521163115933,0.1262851737151504,0.7403144722941839,death,M Theekshana,2025,46178000.00000001,0.2734747579261778
2016,A Zampa,Lucknow Super Giants,5,18,5.0,8,44.44,1,5.56,0.48033700651926015,0.1839838688195731,0.5768689637623333,0.17122728783097368,0.7686044650304689,1.3826337636095023,death,A Zampa,2016,4909159.1997,15.65653982208274
2016,A Zampa,Royal Challengers Bengaluru,0,6,18.0,1,16.67,3,50.0,0.02497897366775858,0.6083122569512198,0.28282611324704976,0.5825040400873047,-0.29575982033092657,0.31826947824810686,death,A Zampa,2016,4909159.1997,-6.024653271562277
2017,AD Mathews,Delhi Capitals,0,6,12.0,0,0.0,1,16.67,0.03863771635483625,0.44477826010634236,0.11862242354835205,0.29290928476692946,-0.17224078787585578,0.44178851070317765,death,AD Mathews,2017,31196004.192,-0.5521245183061801
2025,A Zampa,Sunrisers Hyderabad,0,6,22.0,1,16.67,4,66.67,0.003221115286643484,0.7684585179932559,0.2766770193621398,0.7544442635092778,-0.44588190751147855,0.16814739106755489,death,A Zampa,2025,25188000.000000004,-1.770215608668725
2014,Sandeep Sharma,Punjab Kings,2,31,14.52,4,12.9,10,32.26,0.15776236058549375,0.5206690329701495,0.2273649316991908,0.4312562185829623,-0.03279145837495066,0.5812378402040828,death,Sandeep Sharma,2014,16464656.261449998,-0.1991627268388706
2014,Sandeep Sharma,Punjab Kings,2,31,14.52,4,12.9,10,32.26,0.15776236058549375,0.5206690329701495,0.2273649316991908,0.4312562185829623,-0.03279145837495066,0.5812378402040828,death,Sandeep Sharma,2014,1937018.3837,-1.6928831781304
2014,Sandeep Sharma,Royal Challengers Bengaluru,0,6,8.0,2,33.33,1,16.67,0.037245351605682764,0.29114554245873175,0.4514872438122983,0.2748793161781329,-0.007607811284718949,0.6064214872943144,death,Sandeep Sharma,2014,16464656.261449998,-0.04620692448060224
2014,Sandeep Sharma,Royal Challengers Bengaluru,0,6,8.0,2,33.33,1,16.67,0.037245351605682764,0.29114554245873175,0.4514872438122983,0.2748793161781329,-0.007607811284718949,0.6064214872943144,death,Sandeep Sharma,2014,1937018.3837,-0.392758858085119
2014,Sandeep Sharma,Delhi Capitals,2,6,11.0,3,50.0,2,33.33,0.15776236058549375,0.39675451048545773,0.634361396672088,0.4419889501784188,0.13565347063215824,0.7496827692111917,death,Sandeep Sharma,2014,16464656.261449998,0.823907092125418
2014,Sandeep Sharma,Delhi Capitals,2,6,11.0,3,50.0,2,33.33,0.15776236058549375,0.39675451048545773,0.634361396672088,0.4419889501784188,0.13565347063215824,0.7496827692111917,death,Sandeep Sharma,2014,1937018.3837,7.0032102830660525
2025,Mukesh Kumar,Delhi Capitals,4,63,16.38,10,15.87,26,41.27,0.20136578105957859,0.552521674437151,0.26817433553697767,0.48591677757022367,0.0157172692045337,0.6297465677835672,death,Mukesh Kumar,2025,83960000.00000001,0.01871994902874428
2019,MM Sharma,Chennai Super Kings,1,6,16.0,1,16.67,3,50.0,0.07299501625697159,0.5514839969503872,0.27070995933506037,0.5966482642268958,-0.2088825658622481,0.40514673271678536,death,MM Sharma,2019,72212627.65,-0.2892604419197424
2014,R Shukla,Royal Challengers Bengaluru,0,6,27.0,1,16.67,4,66.67,0.037245351605682764,0.9600023399613297,0.26872279350371436,0.7764088299845133,-0.4804387195202474,0.13359057905878602,death,R Shukla,2014,7748073.5348,-6.200750642884147
2014,R Shukla,Delhi Capitals,0,6,15.0,3,50.0,2,33.33,0.037245351605682764,0.5375664678544257,0.634361396672088,0.4419889501784188,-0.10144682578514541,0.512582472793888,death,R Shukla,2014,7748073.5348,-1.3093167653804934
2022,AS Joseph,Gujarat Titans,2,36,9.17,11,30.56,7,19.44,0.12069392709640071,0.2909423971702331,0.40392307551971607,0.26132612411639444,0.10744301719750432,0.7214723157765377,death,AS Joseph,2022,29850682.8192,0.3599348726736556
2022,AS Joseph,Royal Challengers Bengaluru,1,6,15.0,1,16.67,2,33.33,0.06753133168965963,0.4876910051168752,0.2733326611894424,0.38868685070380493,-0.1283856613665694,0.48564363721246406,death,AS Joseph,2022,29850682.8192,-0.43009287976485266
2022,Fazalhaq Farooqi,Royal Challengers Bengaluru,0,12,16.5,1,8.33,5,41.67,0.014368736282918574,0.5383124308321348,0.1949220020451311,0.4651583020889023,-0.2748427579216074,0.33918654065742604,death,Fazalhaq Farooqi,2022,6218892.254000001,-4.419480941237214
2022,Fazalhaq Farooqi,Sunrisers Hyderabad,0,6,15.0,2,33.33,2,33.33,0.014368736282918574,0.4876910051168752,0.4299659443242415,0.38868685070380493,-0.16113956953624126,0.4528897290427922,death,Fazalhaq Farooqi,2022,6218892.254000001,-2.591129785736295
2022,NT Ellis,Punjab Kings,2,12,13.5,3,25.0,4,33.33,0.12069392709640071,0.43706957940161567,0.3516493027568419,0.38868685070380493,-0.004898205500134117,0.6091310930788993,death,NT Ellis,2022,9328338.381000001,-0.05250887457203314
2025,Mukesh Choudhary,Chennai Super Kings,0,6,15.0,2,33.33,3,50.0,0.003221115286643484,0.4994980366956164,0.4537454100211392,0.5782098859264418,-0.23230688451987214,0.3817224140591613,death,Mukesh Choudhary,2025,3148500.0000000005,-7.378335223753282
2018,YS Chahal,Royal Challengers Bengaluru,0,12,13.5,2,16.67,3,25.0,0.020126526528841268,0.47966708042310446,0.28960626619376717,0.36664747790516006,-0.1847894058893978,0.42923989268963564,death,YS Chahal,2018,89540769.77999999,-0.20637460046794542
2018,YS Chahal,Punjab Kings,1,6,10.0,2,33.33,1,16.67,0.08307610755042134,0.3552751753681293,0.44654616106312955,0.28324708291001904,0.03149381462431347,0.6455231132033469,death,YS Chahal,2018,89540769.77999999,0.035172597579508406
2018,Rashid Khan,Delhi Capitals,1,12,7.5,6,50.0,2,16.67,0.08307610755042134,0.2664238146145756,0.6035802575500607,0.28324708291001904,0.11414458787181428,0.7281738864508477,death,Rashid Khan,2018,134311154.67,0.08498518842479272
2018,Rashid Khan,Punjab Kings,0,6,13.0,1,16.67,2,33.33,0.020126526528841268,0.46189680827239377,0.28960626619376717,0.4500478729003011,-0.2027014155276558,0.41132788305137763,death,Rashid Khan,2018,134311154.67,-0.1509192710208541
2018,Rashid Khan,Sunrisers Hyderabad,3,60,7.6,26,43.33,11,18.33,0.20897526959358148,0.2699778690447177,0.5407477786317746,0.2998670895957254,0.2777359634832999,0.8917652620623333,death,Rashid Khan,2018,134311154.67,0.2067854782171235
2023,A Zampa,Rajasthan Royals,1,18,11.33,3,16.67,5,27.78,0.07962783673408091,0.3866768076695235,0.2699731120782336,0.37832632583577774,-0.06773493209395128,0.5462943664850821,death,A Zampa,2023,17746291.9845,-0.3816849860980111
2018,Sandeep Sharma,Sunrisers Hyderabad,2,6,3.0,4,66.67,0,0.0,0.1460256885720014,0.10649136525817893,0.760614354036992,0.11634617239753385,0.369722441246568,0.9837517398256015,death,Sandeep Sharma,2018,44770384.88999999,0.8258192154366535
2016,IK Pathan,Lucknow Super Giants,0,6,16.0,0,0.0,2,33.33,0.02497897366775858,0.5430309664694281,0.1063156948786746,0.42822898472922555,-0.27631791304129866,0.3377113855377348,death,IK Pathan,2016,16363863.999,-1.6885859785817368
2016,A Nehra,Lucknow Super Giants,2,6,9.0,2,33.33,1,16.67,0.2071221868083592,0.3145464497831567,0.4592306465414186,0.27404647589505643,0.2404199514931847,0.8544492500722182,death,A Nehra,2016,90001251.9945,0.26712956338415916
2016,A Nehra,Sunrisers Hyderabad,1,12,8.5,4,33.33,2,16.67,0.11605058023805889,0.2982261271627088,0.4592306465414186,0.27404647589505643,0.11034067068591344,0.7243699692649469,death,A Nehra,2016,90001251.9945,0.12259903972519892
2023,MM Sharma,Royal Challengers Bengaluru,0,6,15.0,0,0.0,2,33.33,0.03293407072432839,0.5402657870576464,0.0819156862189863,0.4443181349011363,-0.27542594334121095,0.3386033552378225,death,MM Sharma,2023,5915430.661499999,-4.656059027684894
2023,MM Sharma,Gujarat Titans,13,85,7.69,30,35.29,12,14.12,0.6399530288511112,0.23434332402571764,0.4800288570991804,0.2159032426226609,0.9454298980093356,1.559459196588369,death,MM Sharma,2023,5915430.661499999,15.982435635034546
2016,MM Sharma,Lucknow Super Giants,1,12,8.0,3,25.0,2,16.67,0.11605058023805889,0.28190580454226083,0.37102837989423415,0.27404647589505643,0.09040811973993731,0.7044374183189708,death,MM Sharma,2016,106365115.9935,0.08499790452488405
2016,MM Sharma,Lucknow Super Giants,1,12,8.0,3,25.0,2,16.67,0.11605058023805889,0.28190580454226083,0.37102837989423415,0.27404647589505643,0.09040811973993731,0.7044374183189708,death,MM Sharma,2016,1636386.3998999998,5.524863794117464
2016,MM Sharma,Lucknow Super Giants,1,12,8.0,3,25.0,2,16.67,0.11605058023805889,0.28190580454226083,0.37102837989423415,0.27404647589505643,0.09040811973993731,0.7044374183189708,death,MM Sharma,2016,1636386.3998999998,5.524863794117464
2016,MM Sharma,Gujarat Titans,1,6,7.0,3,50.0,1,16.67,0.11605058023805889,0.24926515930136492,0.6357410649097938,0.27404647589505643,0.1828781833409636,0.796907481919997,death,MM Sharma,2016,106365115.9935,0.17193436178092386
2016,MM Sharma,Gujarat Titans,1,6,7.0,3,50.0,1,16.67,0.11605058023805889,0.24926515930136492,0.6357410649097938,0.27404647589505643,0.1828781833409636,0.796907481919997,death,MM Sharma,2016,1636386.3998999998,11.17573351576005
2016,MM Sharma,Gujarat Titans,1,6,7.0,3,50.0,1,16.67,0.11605058023805889,0.24926515930136492,0.6357410649097938,0.27404647589505643,0.1828781833409636,0.796907481919997,death,MM Sharma,2016,1636386.3998999998,11.17573351576005
2016,MM Sharma,Punjab Kings,8,87,9.52,27,31.03,17,19.54,0.7535518262301611,0.33151958530842257,0.4348770795199871,0.30060732825724523,1.0380008306006954,1.6520301291797288,death,MM Sharma,2016,106365115.9935,0.9758846412240343
2016,MM Sharma,Punjab Kings,8,87,9.52,27,31.03,17,19.54,0.7535518262301611,0.33151958530842257,0.4348770795199871,0.30060732825724523,1.0380008306006954,1.6520301291797288,death,MM Sharma,2016,1636386.3998999998,63.43250167956223
2016,MM Sharma,Punjab Kings,8,87,9.52,27,31.03,17,19.54,0.7535518262301611,0.33151958530842257,0.4348770795199871,0.30060732825724523,1.0380008306006954,1.6520301291797288,death,MM Sharma,2016,1636386.3998999998,63.43250167956223
2014,S Kaul,Royal Challengers Bengaluru,0,6,9.0,3,50.0,1,16.67,0.037245351605682764,0.3263485318009738,0.634361396672088,0.2748793161781329,0.03317323883632116,0.6472025374153546,death,S Kaul,2014,8716582.72665,0.3805761945549786
2015,GS Sandhu,Delhi Capitals,1,24,12.5,4,16.67,7,29.17,0.09522719101617114,0.4382766382481765,0.28350828336106865,0.387907921397523,-0.0637897601859502,0.5502395383930833,death,GS Sandhu,2015,29674067.3359,-0.21496803745800183
2016,R Bhatia,Gujarat Titans,0,6,12.0,2,33.33,1,16.67,0.02497897366775858,0.4124683855058444,0.4592306465414186,0.27404647589505643,-0.07196364250679127,0.5420656560722421,death,R Bhatia,2016,9818318.3994,-0.732952829388676
2016,R Bhatia,Lucknow Super Giants,0,6,7.0,0,0.0,0,0.0,0.02497897366775858,0.24926515930136492,0.1063156948786746,0.11977142053697726,-0.0662743209163989,0.5477549776626345,death,R Bhatia,2016,9818318.3994,-0.6750068415019922
2018,BA Stokes,Rajasthan Royals,2,42,10.57,14,33.33,11,26.19,0.1460256885720014,0.37553328561993954,0.44654616106312955,0.3785618200473231,0.08922052091476826,0.7032498194938017,death,BA Stokes,2018,186543270.375,0.04782832462163446
2022,SA Abbott,Sunrisers Hyderabad,0,6,18.0,2,33.33,3,50.0,0.014368736282918574,0.5889338565473944,0.4299659443242415,0.5415380610862478,-0.24749207322318179,0.36653722535585165,death,SA Abbott,2022,29850682.8192,-0.829100207597243
2025,YS Chahal,Punjab Kings,6,30,10.4,9,30.0,6,20.0,0.30043811394604614,0.3227525775571675,0.4183529885989022,0.2610514379669291,0.3687466050857941,0.9827759036648276,death,YS Chahal,2025,188910000.00000003,0.1951969747952962
2015,AD Mathews,Delhi Capitals,1,30,9.2,9,30.0,7,23.33,0.09522719101617114,0.32288682762632415,0.416424583884598,0.3300184846783636,0.03960788523559734,0.6536371838146308,death,AD Mathews,2015,130915002.9525,0.030254657099895804
2025,KT Maphaka,Rajasthan Royals,0,6,16.0,1,16.67,3,50.0,0.003221115286643484,0.5379209625952791,0.2766770193621398,0.5782098859264418,-0.30079657207743704,0.3132327265015964,death,KT Maphaka,2025,15742500.000000002,-1.9107293763851805
2024,AS Joseph,Royal Challengers Bengaluru,0,22,15.0,4,18.18,8,36.36,0.0,0.49633907863283816,0.25138420641118,0.431611913357973,-0.2526039435371732,0.36142535504186024,death,AS Joseph,2024,127511626.25,-0.19810267578418025
2014,P Negi,Chennai Super Kings,0,6,8.0,2,33.33,1,16.67,0.037245351605682764,0.29114554245873175,0.4514872438122983,0.2748793161781329,-0.007607811284718949,0.6064214872943144,death,P Negi,2014,1937018.3837,-0.392758858085119
2018,UT Yadav,Punjab Kings,0,6,8.0,1,16.67,0,0.0,0.020126526528841268,0.28419408676528635,0.28960626619376717,0.11634617239753385,-0.03150981677398264,0.5825194818050508,death,UT Yadav,2018,62678538.84599999,-0.050272098479196635
2018,UT Yadav,Royal Challengers Bengaluru,0,19,18.63,4,21.05,9,47.37,0.020126526528841268,0.6619900726893967,0.3308665746888337,0.590617086073384,-0.3125313926978619,0.30149790588117154,death,UT Yadav,2018,62678538.84599999,-0.4986258429950732
2022,R Shepherd,Sunrisers Hyderabad,0,6,17.0,1,16.67,2,33.33,0.014368736282918574,0.555186239403888,0.2733326611894424,0.38868685070380493,-0.23512764819148613,0.3789016503875473,death,R Shepherd,2022,96392829.937,-0.2439264915711675
2024,Arshdeep Singh,Punjab Kings,9,86,12.35,30,34.88,26,30.23,0.3957854938543186,0.3818280729642255,0.4823036919484025,0.3588456584381608,0.4779844216488601,1.0920137202278934,death,Arshdeep Singh,2024,2217593.5,21.554194745288534
2023,VG Arora,Kolkata Knight Riders,3,36,11.33,8,22.22,7,19.44,0.17301536875358597,0.3866768076695235,0.33258371276922466,0.27916025599702265,0.12087936709423013,0.7349086656732635,death,VG Arora,2023,7098516.793799999,1.702882033043985
2025,V Puthur,Mumbai Indians,0,12,12.0,2,16.67,3,25.0,0.003221115286643484,0.38422925899662796,0.2766770193621398,0.3139111792935146,-0.1600302786480984,0.45399901993093505,death,V Puthur,2025,3148500.0000000005,-5.082746661842095
2025,Azmatullah Omarzai,Punjab Kings,3,36,11.5,8,22.22,10,27.78,0.1518296146163448,0.3650177960467966,0.3356643883992014,0.3433011954710961,0.07944626138423014,0.6934755599632636,death,Azmatullah Omarzai,2025,25188000.000000004,0.3154131387336435
2021,MM Ali,Chennai Super Kings,0,8,4.5,2,25.0,0,0.0,0.015961212335982394,0.17607100456511496,0.3017971071288382,0.08778279393523576,0.017717710636008337,0.6317470092150418,death,MM Ali,2021,92828160.90100001,0.019086568627492296
2024,PJ Cummins,Sunrisers Hyderabad,4,90,11.67,18,20.0,26,28.89,0.17590466393525273,0.352444116792657,0.276550282080506,0.34293916878195385,0.10296268317538193,0.7169919817544154,death,PJ Cummins,2024,227303333.75,0.045297480453421614
2022,D Pretorius,Chennai Super Kings,1,42,12.43,14,33.33,12,28.57,0.06753133168965963,0.4009596290580638,0.4299659443242415,0.3450412741338932,-0.0336094530316316,0.5804198455474019,death,D Pretorius,2022,6218892.254000001,-0.5404411534870048
2022,D Pretorius,Royal Challengers Bengaluru,0,12,17.0,2,16.67,4,33.33,0.014368736282918574,0.555186239403888,0.2733326611894424,0.38868685070380493,-0.23512764819148613,0.3789016503875473,death,D Pretorius,2022,6218892.254000001,-3.780860619353096
2021,AF Milne,Mumbai Indians,0,6,10.0,1,16.67,1,16.67,0.015961212335982394,0.39997212055186193,0.21147368681017542,0.2952323374729564,-0.16117462491560547,0.45285467366342796,death,AF Milne,2021,42435730.6976,-0.379808765552188
2021,AF Milne,Royal Challengers Bengaluru,0,6,17.0,1,16.67,3,50.0,0.015961212335982394,0.6849371772622671,0.21147368681017542,0.7100069797112424,-0.39959304027125336,0.21443625830778007,death,AF Milne,2021,42435730.6976,-0.9416428884394179
2016,JD Unadkat,Kolkata Knight Riders,0,6,22.0,1,16.67,3,50.0,0.02497897366775858,0.7388748379148035,0.28282611324704976,0.5825040400873047,-0.3479848527163599,0.2660444458626735,death,JD Unadkat,2016,26182182.398399998,-1.3290903234163756
2020,PJ Cummins,Royal Challengers Bengaluru,0,6,19.0,2,33.33,3,50.0,0.026992648079847133,0.6531936568550532,0.4936324730661607,0.6011473862911472,-0.2530429645897465,0.3609863339892869,death,PJ Cummins,2020,215352713.5215,-0.1175016374077328
2020,PJ Cummins,Kolkata Knight Riders,2,42,10.14,13,30.95,11,26.19,0.1430651131101122,0.3315959979032201,0.4640918180591462,0.35220922951491346,0.11552404706715008,0.7295533456461836,death,PJ Cummins,2020,215352713.5215,0.05364411024967958
2014,BE Hendricks,Delhi Capitals,3,12,7.0,4,33.33,1,8.33,0.21802086507539922,0.2559425531164898,0.4514872438122983,0.19122419327522863,0.3027331915276238,0.9167624901066572,death,BE Hendricks,2014,34866330.9066,0.8682679928053977
2014,BE Hendricks,Punjab Kings,1,18,13.33,6,33.33,6,33.33,0.09750385609558826,0.4787774756528816,0.4514872438122983,0.4419889501784188,-0.042405718027606426,0.571623580551427,death,BE Hendricks,2014,34866330.9066,-0.12162368945904563
2025,Washington Sundar,Gujarat Titans,1,12,4.5,4,33.33,0,0.0,0.05275728172987726,0.096057314749157,0.4537454100211392,0.04961247266058726,0.16195287790331866,0.7759821764823521,death,Washington Sundar,2025,33584000.0,0.4822322472109298
2014,PJ Cummins,Kolkata Knight Riders,0,6,4.0,2,33.33,0,0.0,0.037245351605682764,0.15033358508976383,0.4514872438122983,0.10766937627508567,0.09887995363378238,0.7129092522128158,death,PJ Cummins,2014,19370183.836999997,0.5104750397097761
2018,Shivam Mavi,Royal Challengers Bengaluru,0,6,9.0,1,16.67,0,0.0,0.020126526528841268,0.31973463106670785,0.28960626619376717,0.11634617239753385,-0.045726034494551246,0.5683032640844822,death,Shivam Mavi,2018,44770384.88999999,-0.10213455749129534
2018,Shivam Mavi,Kolkata Knight Riders,1,12,10.5,6,50.0,2,16.67,0.08307610755042134,0.37304544751884006,0.6035802575500607,0.28324708291001904,0.07149593471010848,0.6855252332891419,death,Shivam Mavi,2018,44770384.88999999,0.15969470641311811
2018,Shivam Mavi,Delhi Capitals,0,12,23.5,1,8.33,7,58.33,0.020126526528841268,0.8350725234373193,0.2110421171415173,0.7003491784079274,-0.45063133796158883,0.1633979606174446,death,Shivam Mavi,2018,44770384.88999999,-1.006538896345836
2014,JH Kallis,Delhi Capitals,0,6,12.0,2,33.33,2,33.33,0.037245351605682764,0.4319574998276997,0.4514872438122983,0.4419889501784188,-0.11406548443239192,0.4999638141466415,death,JH Kallis,2014,106536011.1035,-0.10706753824448807
2014,JH Kallis,Royal Challengers Bengaluru,0,6,3.0,3,50.0,0,0.0,0.037245351605682764,0.11513059574752184,0.634361396672088,0.10766937627508567,0.1678233952286161,0.7818526938076495,death,JH Kallis,2014,106536011.1035,0.1575273876788716
2023,Mukesh Kumar,Royal Challengers Bengaluru,0,6,6.0,3,50.0,1,16.67,0.03293407072432839,0.16361706376252202,0.6459751519035911,0.24622380354458243,0.10387968508918638,0.7179089836682198,death,Mukesh Kumar,2023,65069737.276499994,0.15964362150068592
2023,Mukesh Kumar,Delhi Capitals,2,48,11.0,15,31.25,11,22.92,0.12632160274383342,0.3728663544820356,0.43445285227186436,0.3205389038434097,0.07451004685147226,0.6885393454305057,death,Mukesh Kumar,2023,65069737.276499994,0.1145079878451909
2013,DP Nannes,Chennai Super Kings,1,18,14.0,4,22.22,6,33.33,0.09432140278411502,0.5149246975185751,0.3184677158940796,0.4530135845749241,-0.10485153543551086,0.5091777631435226,death,DP Nannes,2013,73879430.77128,-0.14192250040490428
2025,E Malinga,Sunrisers Hyderabad,6,40,7.8,19,47.5,9,22.5,0.30043811394604614,0.22285297021804423,0.6043491972743218,0.2874813086302218,0.45657634942508146,1.0706056480041148,death,E Malinga,2025,12594000.000000002,3.6253481771087928
2020,Shahbaz Ahmed,Royal Challengers Bengaluru,1,6,6.0,1,16.67,0,0.0,0.08502888059497966,0.18132350263678784,0.28684788801705896,0.07838771225453701,0.11755197256651094,0.7315812711455444,death,Shahbaz Ahmed,2020,2778744.6906,4.2303984588497245
2014,A Mishra,Sunrisers Hyderabad,1,21,16.57,4,19.05,8,38.1,0.09750385609558826,0.5928351611217457,0.2948320006906549,0.4898348657955475,-0.1493791398367837,0.46465015874224974,death,A Mishra,2014,92008373.22575,-0.16235385389356888
2014,A Mishra,Sunrisers Hyderabad,1,21,16.57,4,19.05,8,38.1,0.09750385609558826,0.5928351611217457,0.2948320006906549,0.4898348657955475,-0.1493791398367837,0.46465015874224974,death,A Mishra,2014,1937018.3837,-7.711808059944521
2014,A Mishra,Sunrisers Hyderabad,1,21,16.57,4,19.05,8,38.1,0.09750385609558826,0.5928351611217457,0.2948320006906549,0.4898348657955475,-0.1493791398367837,0.46465015874224974,death,A Mishra,2014,1937018.3837,-7.711808059944521
2014,A Mishra,Punjab Kings,1,6,17.0,1,16.67,2,33.33,0.09750385609558826,0.6079724465389097,0.26872279350371436,0.4419889501784188,-0.14891304147459283,0.4651162571044406,death,A Mishra,2014,92008373.22575,-0.16184727134477492
2014,A Mishra,Punjab Kings,1,6,17.0,1,16.67,2,33.33,0.09750385609558826,0.6079724465389097,0.26872279350371436,0.4419889501784188,-0.14891304147459283,0.4651162571044406,death,A Mishra,2014,1937018.3837,-7.687745388876809
2014,A Mishra,Punjab Kings,1,6,17.0,1,16.67,2,33.33,0.09750385609558826,0.6079724465389097,0.26872279350371436,0.4419889501784188,-0.14891304147459283,0.4651162571044406,death,A Mishra,2014,1937018.3837,-7.687745388876809
2025,HV Patel,Sunrisers Hyderabad,7,77,10.44,26,33.77,15,19.48,0.3499742803892799,0.32428949459315404,0.45842188612497836,0.2555540248689642,0.4561059811234626,1.0701352797024961,death,HV Patel,2025,83960000.00000001,0.5432419975267538
2022,Washington Sundar,Sunrisers Hyderabad,0,12,18.5,1,8.33,6,50.0,0.014368736282918574,0.6058076651191475,0.1949220020451311,0.5415380610862478,-0.32475477933561614,0.2892745192434173,death,Washington Sundar,2022,108830614.44500001,-0.2984038829439286
2014,DS Kulkarni,Delhi Capitals,0,6,9.0,0,0.0,1,16.67,0.037245351605682764,0.3263485318009738,0.0858486406439247,0.2748793161781329,-0.13138058797212782,0.4826487106069056,death,DS Kulkarni,2014,21307202.2207,-0.6166017791134082
2014,DS Kulkarni,Rajasthan Royals,1,30,14.4,7,23.33,8,26.67,0.09750385609558826,0.5164446742490805,0.3417846926066656,0.375185218939409,-0.07034224345607283,0.5436870551229606,death,DS Kulkarni,2014,21307202.2207,-0.3301336455507761
2018,Imran Tahir,Punjab Kings,0,6,5.0,2,33.33,0,0.0,0.020126526528841268,0.17757245386102188,0.44654616106312955,0.11634617239753385,0.05822080484853186,0.6722501034275653,death,Imran Tahir,2018,14923461.629999999,0.39012935666007315
2018,Imran Tahir,Royal Challengers Bengaluru,0,6,7.0,0,0.0,0,0.0,0.020126526528841268,0.2486535424638648,0.13257216970683605,0.11634617239753385,-0.06440382799949336,0.54962547057954,death,Imran Tahir,2018,14923461.629999999,-0.4315609179442998
2018,SR Watson,Chennai Super Kings,1,12,12.5,3,25.0,3,25.0,0.08307610755042134,0.44412653612168307,0.3680762136284484,0.36664747790516006,-0.05260783240605474,0.5614214661729787,death,SR Watson,2018,59693846.519999996,-0.08812940608280095
2016,DR Smith,Delhi Capitals,0,6,21.0,0,0.0,3,50.0,0.02497897366775858,0.7062341926739075,0.1063156948786746,0.5825040400873047,-0.38788172013051414,0.2261475784485193,death,DR Smith,2016,37636887.1977,-1.0305892676326793
2014,MC Henriques,Delhi Capitals,2,6,4.0,5,83.33,1,16.67,0.15776236058549375,0.15033358508976383,0.9999999998404616,0.2748793161781329,0.39404631194103373,1.0080756105200672,death,MC Henriques,2014,19370183.836999997,2.0342930932247807
2014,MC Henriques,Sunrisers Hyderabad,1,6,10.0,2,33.33,1,16.67,0.09750385609558826,0.36155152114321576,0.4514872438122983,0.2748793161781329,0.0546175539763457,0.6686468525553791,death,MC Henriques,2014,19370183.836999997,0.28196714308935916
2014,AR Patel,Punjab Kings,5,42,8.14,18,42.86,8,19.05,0.33853787405521024,0.2960739609666457,0.5560337751112663,0.2987521210353166,0.4665617229189419,1.0805910214979753,death,AR Patel,2014,14527637.87775,3.2115456541872565
2014,AR Patel,Delhi Capitals,0,6,5.0,2,33.33,0,0.0,0.037245351605682764,0.18553657443200583,0.4514872438122983,0.10766937627508567,0.08479875789688558,0.6988280564759191,death,AR Patel,2014,14527637.87775,0.5837064401691914
2014,AR Patel,Royal Challengers Bengaluru,0,6,6.0,1,16.67,0,0.0,0.037245351605682764,0.2207395637742478,0.26872279350371436,0.10766937627508567,0.01588822706741362,0.6299175256464471,death,AR Patel,2014,14527637.87775,0.10936552246905501
2019,LH Ferguson,Royal Challengers Bengaluru,0,6,19.0,1,16.67,3,50.0,0.01969513567294069,0.6555590137194884,0.27070995933506037,0.5966482642268958,-0.330462393445935,0.28356690513309846,death,LH Ferguson,2019,23108040.848,-1.4300753387950518
2019,LH Ferguson,Kolkata Knight Riders,1,30,11.0,3,10.0,6,20.0,0.07299501625697159,0.3780256356685515,0.20245170057099104,0.2925926743546056,-0.06876002201704762,0.5452692765619858,death,LH Ferguson,2019,23108040.848,-0.2975588561113297
2025,TU Deshpande,Rajasthan Royals,5,36,12.67,8,22.22,10,27.78,0.25090194750281236,0.40997261934940205,0.3356643883992014,0.3433011954710961,0.2100728313928893,0.8241021299719227,death,TU Deshpande,2025,68217500.0,0.3079456611469041
2022,UT Yadav,Kolkata Knight Riders,1,12,14.0,3,25.0,4,33.33,0.06753133168965963,0.4539433879733689,0.3516493027568419,0.38868685070380493,-0.09139162203894705,0.5226376765400864,death,UT Yadav,2022,24875569.016000003,-0.3673951015157234
2025,Arshdeep Singh,Punjab Kings,11,86,10.4,27,31.4,20,23.26,0.548118946162215,0.3227525775571675,0.43323268529293574,0.29551598931186285,0.7343923970147774,1.3484216955938109,death,Arshdeep Singh,2025,188910000.00000003,0.3887525260784381
2025,Arshdeep Singh,Punjab Kings,11,86,10.4,27,31.4,20,23.26,0.548118946162215,0.3227525775571675,0.43323268529293574,0.29551598931186285,0.7343923970147774,1.3484216955938109,death,Arshdeep Singh,2025,3148500.0000000005,23.32515156470628
2025,Arshdeep Singh,Punjab Kings,11,86,10.4,27,31.4,20,23.26,0.548118946162215,0.3227525775571675,0.43323268529293574,0.29551598931186285,0.7343923970147774,1.3484216955938109,death,Arshdeep Singh,2025,3148500.0000000005,23.32515156470628
2022,TG Southee,Kolkata Knight Riders,7,66,10.45,20,30.3,13,19.7,0.386506904130106,0.33413934711392124,0.4014786185200133,0.26371012619794426,0.4874351650462112,1.1014644636252446,death,TG Southee,2022,18656676.762000002,2.6126580380007507
2018,CR Woakes,Delhi Capitals,0,12,15.5,4,33.33,7,58.33,0.020126526528841268,0.5507481690259475,0.44654616106312955,0.7003491784079274,-0.2662503830205565,0.34777891555847695,death,CR Woakes,2018,110433616.06199999,-0.24109541325811276
2018,CR Woakes,Punjab Kings,2,8,7.5,3,37.5,1,12.5,0.1460256885720014,0.2664238146145756,0.4858282355892546,0.241496825151347,0.18576843014354416,0.7997977287225776,death,CR Woakes,2018,110433616.06199999,0.16821728452616228
2018,CR Woakes,Royal Challengers Bengaluru,3,24,13.25,8,33.33,8,33.33,0.20897526959358148,0.4707819443477491,0.44654616106312955,0.4500478729003011,0.1240996131001211,0.7381289116791545,death,CR Woakes,2018,110433616.06199999,0.11237485244569796
2014,R Dhawan,Punjab Kings,3,38,10.74,6,15.79,7,18.42,0.21802086507539922,0.38760173325647485,0.25906896899761866,0.29243284916135626,0.1619814402613876,0.776010738840421,death,R Dhawan,2014,58110551.511,0.2787470365527772
2014,NM Coulter-Nile,Delhi Capitals,1,12,12.0,3,25.0,3,25.0,0.09750385609558826,0.4319574998276997,0.3601050186580063,0.3584341331782758,-0.02602595014377837,0.588003348435255,death,NM Coulter-Nile,2014,82323281.30725,-0.03161432553525576
2014,KK Cooper,Rajasthan Royals,1,30,8.2,10,33.33,5,16.67,0.09750385609558826,0.29818614032718016,0.4514872438122983,0.2748793161781329,0.07996370630275994,0.6939930048817934,death,KK Cooper,2014,5811055.151099999,1.376061734461826
2014,KK Cooper,Punjab Kings,0,12,8.5,0,0.0,1,8.33,0.037245351605682764,0.30874703712985274,0.0858486406439247,0.19122419327522863,-0.09924345323280813,0.5147858453462253,death,KK Cooper,2014,5811055.151099999,-1.707838777162903
2019,Mohammed Shami,Punjab Kings,11,108,9.67,30,27.78,21,19.44,0.6059938220972805,0.3318857115675833,0.38440549979515193,0.2869169700103229,0.8054830074543361,1.4195123060333694,death,Mohammed Shami,2019,69324122.544,1.1619086948314366
2019,Mohammed Shami,Royal Challengers Bengaluru,0,6,21.0,0,0.0,3,50.0,0.01969513567294069,0.7249423582322227,0.10011548053490506,0.5966482642268958,-0.40939407489107527,0.20463522368795817,death,Mohammed Shami,2019,69324122.544,-0.5905506768314781
2024,JD Unadkat,Sunrisers Hyderabad,2,37,12.97,8,21.62,10,27.03,0.08795233196762636,0.40861932712065574,0.298950854929027,0.32086001149796506,-0.03809197986750418,0.5759373187115293,death,JD Unadkat,2024,17740748.0,-0.21471462120708876
2025,Akash Deep,Lucknow Super Giants,0,6,8.0,0,0.0,0,0.0,0.003221115286643484,0.23053755539797677,0.09950234515532576,0.04961247266058726,-0.07241638748080394,0.5416129110982295,death,Akash Deep,2025,83960000.00000001,-0.0862510570281133
2022,AR Patel,Delhi Capitals,0,6,14.0,0,0.0,2,33.33,0.014368736282918574,0.4539433879733689,0.11660536047773154,0.38868685070380493,-0.24164869783279175,0.3723806007462417,death,AR Patel,2022,2487556.9016,-9.71429830117104
2013,R McLaren,Kolkata Knight Riders,2,12,15.0,4,33.33,4,33.33,0.1502491674952986,0.549046619540476,0.4181145578485978,0.4530135845749241,-0.004714604591140398,0.6093146939878931,death,R McLaren,2013,6156619.23094,-0.07657781672524461
2024,LH Ferguson,Royal Challengers Bengaluru,2,30,12.6,10,33.33,10,33.33,0.08795233196762636,0.3926309980273022,0.4608710450871633,0.3956442539114753,-0.005555863906774955,0.6084734346722585,death,LH Ferguson,2024,22175935.0,-0.025053572292554768
2015,GB Hogg,Kolkata Knight Riders,3,36,7.33,11,30.56,4,11.11,0.1957575031102375,0.2574992682739412,0.42200846447673424,0.20888682085847884,0.2545730404412564,0.8686023390202898,death,GB Hogg,2015,8727666.863499999,2.9168510258555704
2022,Arshdeep Singh,Punjab Kings,3,96,8.25,18,18.75,12,12.5,0.17385652250314176,0.25989458939820725,0.2928883171870643,0.19769160701656519,0.18538596104657945,0.7994152596256129,death,Arshdeep Singh,2022,6218892.254000001,2.981012589940579
2022,Arshdeep Singh,Punjab Kings,3,96,8.25,18,18.75,12,12.5,0.17385652250314176,0.25989458939820725,0.2928883171870643,0.19769160701656519,0.18538596104657945,0.7994152596256129,death,Arshdeep Singh,2022,2487556.9016,7.4525314748514475
2022,Arshdeep Singh,Punjab Kings,3,96,8.25,18,18.75,12,12.5,0.17385652250314176,0.25989458939820725,0.2928883171870643,0.19769160701656519,0.18538596104657945,0.7994152596256129,death,Arshdeep Singh,2022,2487556.9016,7.4525314748514475
2022,Arshdeep Singh,Royal Challengers Bengaluru,1,6,3.0,3,50.0,0,0.0,0.06753133168965963,0.0827195993947988,0.5866932450359523,0.08307612232667097,0.21929429458935434,0.8333235931683878,death,Arshdeep Singh,2022,6218892.254000001,3.5262597522622126
2022,Arshdeep Singh,Royal Challengers Bengaluru,1,6,3.0,3,50.0,0,0.0,0.06753133168965963,0.0827195993947988,0.5866932450359523,0.08307612232667097,0.21929429458935434,0.8333235931683878,death,Arshdeep Singh,2022,2487556.9016,8.815649380655532
2022,Arshdeep Singh,Royal Challengers Bengaluru,1,6,3.0,3,50.0,0,0.0,0.06753133168965963,0.0827195993947988,0.5866932450359523,0.08307612232667097,0.21929429458935434,0.8333235931683878,death,Arshdeep Singh,2022,2487556.9016,8.815649380655532
2014,Mohammed Shami,Delhi Capitals,1,36,14.0,5,13.89,12,33.33,0.09750385609558826,0.5023634785121837,0.23822548426854848,0.4419889501784188,-0.11581864703445219,0.4982106515445812,death,Mohammed Shami,2014,82323281.30725,-0.14068759796173522
2014,Mohammed Shami,Royal Challengers Bengaluru,0,6,14.0,1,16.67,2,33.33,0.037245351605682764,0.5023634785121837,0.26872279350371436,0.4419889501784188,-0.19705721099876067,0.41697208758027277,death,Mohammed Shami,2014,82323281.30725,-0.23936996663592217
2021,TK Curran,Delhi Capitals,1,26,14.77,4,15.38,10,38.46,0.06157661061861973,0.5941554520530952,0.1974860262806346,0.5663976376341401,-0.2559707482993602,0.35805855027967326,death,TK Curran,2021,69621120.67575,-0.36766249352909125
2023,A Mishra,Royal Challengers Bengaluru,1,6,11.0,1,16.67,1,16.67,0.07962783673408091,0.3728663544820356,0.2699731120782336,0.24622380354458243,-0.022579994131597517,0.5914493044474359,death,A Mishra,2023,5915430.661499999,-0.3817134444421299
2023,A Mishra,Lucknow Super Giants,2,12,7.0,4,33.33,2,16.67,0.12632160274383342,0.20546692190642474,0.4579177260443439,0.24622380354458243,0.1708038121031087,0.7848331106821421,death,A Mishra,2023,5915430.661499999,2.8874281836277547
2025,JR Hazlewood,Royal Challengers Bengaluru,6,71,10.23,27,38.03,18,25.35,0.30043811394604614,0.3162206801542249,0.5036986774939662,0.3176113611863755,0.37999509374965645,0.9940243923286899,death,JR Hazlewood,2025,131187500.00000001,0.2896580038110768
2024,G Coetzee,Mumbai Indians,6,42,8.43,15,35.71,7,16.67,0.2638569959028791,0.21243820797518342,0.49378052865474353,0.19788147952908175,0.39957992540194376,1.013609223980977,death,G Coetzee,2024,55439837.5,0.7207451237604074
2021,DT Christian,Royal Challengers Bengaluru,0,10,8.4,2,20.0,2,20.0,0.015961212335982394,0.3348372504466265,0.2475813686422459,0.3366724682456384,-0.13672041155569475,0.4773088870233387,death,DT Christian,2021,63653596.0464,-0.21478819744297403
2016,Iqbal Abdulla,Delhi Capitals,0,6,9.0,0,0.0,1,16.67,0.02497897366775858,0.3145464497831567,0.1063156948786746,0.27404647589505643,-0.13866935371653938,0.47535994486249405,death,Iqbal Abdulla,2016,1636386.3998999998,-8.474120398764834
2016,Iqbal Abdulla,Gujarat Titans,0,12,13.0,2,16.67,3,25.0,0.02497897366775858,0.4451090307467403,0.28282611324704976,0.351137730312141,-0.16106863691658563,0.4529606616624478,death,Iqbal Abdulla,2016,1636386.3998999998,-9.842946441404584
2021,JA Richardson,Punjab Kings,1,12,13.5,2,16.67,4,33.33,0.06157661061861973,0.5424546489070646,0.21147368681017542,0.5025574361735218,-0.21194206844390018,0.40208723013513326,death,JA Richardson,2021,185656321.80200002,-0.11415828256574724
2025,SH Johnson,Kolkata Knight Riders,1,14,13.29,4,28.57,4,28.57,0.05275728172987726,0.433794833407193,0.403154441261425,0.3516530346006966,-0.0789315887698428,0.5350977098091907,death,SH Johnson,2025,29386000.000000004,-0.26860269778072143
2013,NLTC Perera,Sunrisers Hyderabad,5,82,11.85,24,29.27,23,28.05,0.3180324616288493,0.4415625651714884,0.3816999603386659,0.40113094820971,0.2945943700133654,0.9086236685923988,death,NLTC Perera,2013,83114359.61769001,0.35444461266193056
2013,NLTC Perera,Delhi Capitals,2,12,8.5,3,25.0,2,16.67,0.1502491674952986,0.3272541263981208,0.3434018491644271,0.2893081448316538,0.11070021198353155,0.724729510562565,death,NLTC Perera,2013,83114359.61769001,0.13319023631142818
2013,NLTC Perera,Punjab Kings,1,6,5.0,2,33.33,0,0.0,0.09432140278411502,0.20782739932146801,0.4181145578485978,0.12550444251950996,0.14613417904631165,0.7601634776253451,death,NLTC Perera,2013,83114359.61769001,0.1758230223014418
2013,NLTC Perera,Lucknow Super Giants,1,6,5.0,4,66.67,1,16.67,0.09432140278411502,0.20782739932146801,0.7171447748390243,0.2893081448316538,0.18670213344979644,0.8007314320288299,death,NLTC Perera,2013,83114359.61769001,0.2246328243501967
2013,NLTC Perera,Royal Challengers Bengaluru,0,6,16.0,1,16.67,3,50.0,0.03839363807293146,0.5831685415623766,0.2686891404802564,0.6168172868870678,-0.2801154034375969,0.33391389514143655,death,NLTC Perera,2013,83114359.61769001,-0.3370240770981977
2017,K Rabada,Delhi Capitals,1,38,11.68,13,34.21,11,28.95,0.10303796550864269,0.43332075863589864,0.46165913059712393,0.41273395076471625,-0.004093801241673106,0.6099354973373603,death,K Rabada,2017,77990010.48,-0.005249135391157478
2016,SB Jakati,Gujarat Titans,1,6,10.0,1,16.67,1,16.67,0.11605058023805889,0.34718709502405265,0.28282611324704976,0.27404647589505643,0.03783492355306527,0.6518642221320987,death,SB Jakati,2016,3272772.7997999997,1.1560510266822484
2025,Akash Madhwal,Rajasthan Royals,2,30,11.0,9,30.0,7,23.33,0.10229344817311102,0.3458063330969652,0.4183529885989022,0.296256025690435,0.051746727893420594,0.665776026472454,death,Akash Madhwal,2025,12594000.000000002,0.41088397565047313
2022,J Suchith,Sunrisers Hyderabad,1,6,17.0,2,33.33,3,50.0,0.06753133168965963,0.555186239403888,0.4299659443242415,0.5415380610862478,-0.15424913325566764,0.4597801653233658,death,J Suchith,2022,2487556.9016,-6.200828337090677
2023,D Jansen,Mumbai Indians,1,12,12.0,3,25.0,3,25.0,0.07962783673408091,0.41471621262593833,0.3639454190612888,0.34527096922285944,-0.04084239499772517,0.5731869035813083,death,D Jansen,2023,2366172.2646,-1.7260955852100461
2019,Arshdeep Singh,Punjab Kings,2,12,12.0,4,33.33,3,25.0,0.12629489684100248,0.4127173079249186,0.4412021019151796,0.3432686059999873,0.053735470866093954,0.6677647694451274,death,Arshdeep Singh,2019,2888505.106,1.8603211313171886
2019,Arshdeep Singh,Punjab Kings,2,12,12.0,4,33.33,3,25.0,0.12629489684100248,0.4127173079249186,0.4412021019151796,0.3432686059999873,0.053735470866093954,0.6677647694451274,death,Arshdeep Singh,2019,11554020.424,0.46508028282929714
2024,HV Patel,Punjab Kings,14,102,11.12,28,27.45,23,22.55,0.6156663237733846,0.3286776816538883,0.3795652621554945,0.26768010578169116,0.8255939599106625,1.439623258489696,death,HV Patel,2024,130283618.125,0.633689769897663
2025,VG Arora,Kolkata Knight Riders,6,54,11.56,18,33.33,15,27.78,0.30043811394604614,0.3673231716007764,0.4537454100211392,0.3433011954710961,0.3368611666437716,0.950890465222805,death,VG Arora,2025,18891000.0,1.78318334997497
2016,KW Richardson,Royal Challengers Bengaluru,1,12,13.5,5,41.67,4,33.33,0.11605058023805889,0.46142935336718827,0.5475387982626093,0.42822898472922555,0.025297073070228132,0.6393263716492615,death,KW Richardson,2016,32727727.998,0.07729553689695186
2016,KW Richardson,Lucknow Super Giants,2,6,7.0,2,33.33,0,0.0,0.2071221868083592,0.24926515930136492,0.4592306465414186,0.11977142053697726,0.31281498429332516,0.9268442828723586,death,KW Richardson,2016,32727727.998,0.9558102667940817
2016,KW Richardson,Gujarat Titans,0,6,6.0,1,16.67,0,0.0,0.02497897366775858,0.21662451406046904,0.28282611324704976,0.11977142053697726,-0.00026493730952800026,0.6137643612695054,death,KW Richardson,2016,32727727.998,-0.0008095194067372799
2020,DW Steyn,Punjab Kings,0,12,20.0,1,8.33,6,50.0,0.026992648079847133,0.689491361025689,0.18333147509331893,0.6011473862911472,-0.3606523456498534,0.25337695292918005,death,DW Steyn,2020,27787446.906,-1.2978966612869336
2020,DW Steyn,Royal Challengers Bengaluru,1,10,10.8,4,40.0,2,20.0,0.08502888059497966,0.35555248265583966,0.576420779325315,0.28749158186918106,0.07200108706697382,0.6860303856460073,death,DW Steyn,2020,27787446.906,0.2591137189053054
2022,PH Solanki,Chennai Super Kings,1,12,7.5,5,41.67,2,16.67,0.06753133168965963,0.23458387654057747,0.5083766034685527,0.23592733270911392,0.0891982281460901,0.7032275267251236,death,PH Solanki,2022,14925341.4096,0.5976293988740363
2021,CH Morris,Rajasthan Royals,9,66,11.64,20,30.3,19,28.79,0.42649979687971845,0.4667353624097283,0.35926578992462616,0.44605948010506036,0.4270174433015561,1.0410467418805895,death,CH Morris,2021,215493944.94875,0.19815751361510964
2014,MK Tiwary,Delhi Capitals,0,6,17.0,0,0.0,2,33.33,0.037245351605682764,0.6079724465389097,0.0858486406439247,0.4419889501784188,-0.29416304406738797,0.31986625451164546,death,MK Tiwary,2014,54236514.743599996,-0.5423708463901614
2016,AB Dinda,Lucknow Super Giants,5,48,10.25,16,33.33,12,25.0,0.48033700651926015,0.35534725633427655,0.4592306465414186,0.351137730312141,0.6107944821139628,1.2248237806929962,death,AB Dinda,2016,8181931.9995,7.465162044261534
2016,AB Dinda,Delhi Capitals,0,6,13.0,2,33.33,2,33.33,0.02497897366775858,0.4451090307467403,0.4592306465414186,0.42822898472922555,-0.13127465325340035,0.48275464532563306,death,AB Dinda,2016,8181931.9995,-1.6044456646843628
2023,J Little,Gujarat Titans,0,48,10.63,11,22.92,11,22.92,0.03293407072432839,0.35738190696879163,0.3404805452888092,0.3205389038434097,-0.08756916426740421,0.5264601343116292,death,J Little,2023,52055789.8212,-0.16822175701912262
2022,B Kumar,Royal Challengers Bengaluru,1,7,9.43,2,28.57,2,28.57,0.06753133168965963,0.29971677762754473,0.38521357771429887,0.3450412741338932,-0.006538022442406741,0.6074912761366267,death,B Kumar,2022,52238694.9336,-0.012515669563945165
2022,B Kumar,Sunrisers Hyderabad,8,108,8.83,36,33.33,17,15.74,0.43966949953684714,0.27946820734144096,0.4299659443242415,0.22739994064818575,0.6084867674715112,1.2225160660505447,death,B Kumar,2022,52238694.9336,1.1648200021936834
2014,AD Russell,Kolkata Knight Riders,0,12,13.0,1,8.33,3,25.0,0.037245351605682764,0.4671604891699417,0.1772308657982167,0.3584341331782758,-0.1853571484734703,0.42867215010556314,death,AD Russell,2014,11622110.302199999,-1.5948665401874842
2022,R Parag,Rajasthan Royals,0,6,14.0,0,0.0,2,33.33,0.014368736282918574,0.4539433879733689,0.11660536047773154,0.38868685070380493,-0.24164869783279175,0.3723806007462417,death,R Parag,2022,47263581.1304,-0.5112788579563705
2014,HV Patel,Royal Challengers Bengaluru,1,6,11.0,2,33.33,1,16.67,0.09750385609558826,0.39675451048545773,0.4514872438122983,0.2748793161781329,0.040536358239448886,0.6545656568184823,death,HV Patel,2014,7748073.5348,0.5231798337661911
2019,M Ashwin,Punjab Kings,1,6,6.0,2,33.33,0,0.0,0.07299501625697159,0.20456727438671593,0.4412021019151796,0.08988894777307886,0.13305956087340126,0.7470888594524348,death,M Ashwin,2019,2888505.106,4.6065198429807195
2025,Yash Thakur,Punjab Kings,1,9,10.67,2,22.22,2,22.22,0.05275728172987726,0.3331267675500764,0.3356643883992014,0.284521163115933,-0.03877181684023419,0.5752574817387992,death,Yash Thakur,2025,16792000.0,-0.23089457384608256
2021,Mujeeb Ur Rahman,Sunrisers Hyderabad,1,6,8.0,4,66.67,1,16.67,0.06157661061861973,0.3185535329203176,0.7536310716760988,0.2952323374729564,0.10246312302074527,0.7164924215997787,death,Mujeeb Ur Rahman,2021,13261165.843,0.772655468107513
2021,Mujeeb Ur Rahman,Sunrisers Hyderabad,1,6,8.0,4,66.67,1,16.67,0.06157661061861973,0.3185535329203176,0.7536310716760988,0.2952323374729564,0.10246312302074527,0.7164924215997787,death,Mujeeb Ur Rahman,2021,19891748.7645,0.5151036454050086
2020,SM Curran,Royal Challengers Bengaluru,2,12,15.0,3,25.0,3,25.0,0.1430651131101122,0.5080028401725101,0.39024018054160986,0.3397675492728421,0.026538322976794607,0.640567621555828,death,SM Curran,2020,76415478.9915,0.03472898858586827
2020,SM Curran,Chennai Super Kings,6,54,9.89,18,33.33,12,22.22,0.37521004317064227,0.3225215718605611,0.4936324730661607,0.3107021113964066,0.4886855445126652,1.1027148430916986,death,SM Curran,2020,76415478.9915,0.6395111971581355
2014,Z Khan,Mumbai Indians,1,21,9.14,3,14.29,3,14.29,0.09750385609558826,0.33127695030888765,0.24261358631677377,0.25100651132094914,0.011227126518574687,0.6252564250976081,death,Z Khan,2014,50362477.9762,0.022292641207766493
2014,Z Khan,Delhi Capitals,0,11,8.18,3,27.27,2,18.18,0.037245351605682764,0.29748208054033537,0.38500749778168497,0.29002550749508554,-0.034630207721630196,0.5793990908574033,death,Z Khan,2014,50362477.9762,-0.0687619217981997
2024,SN Thakur,Chennai Super Kings,4,42,9.14,11,26.19,7,16.67,0.17590466393525273,0.24311851515432117,0.36214259438442264,0.19788147952908175,0.21588792429775283,0.8299172228767863,death,SN Thakur,2024,44351870.0,0.4867617178210363
2019,SL Malinga,Royal Challengers Bengaluru,4,12,8.5,6,50.0,2,16.67,0.23289465800906428,0.29129645502763374,0.6117965807153348,0.2588425038787815,0.3387096280535089,0.9527389266325423,death,SL Malinga,2019,28885051.060000002,1.1726121838938128
2019,SL Malinga,Mumbai Indians,7,59,11.29,19,32.2,15,25.42,0.39279429976115693,0.38808622062289794,0.4296381090511019,0.34752538425819945,0.45859077883044697,1.0726200774094803,death,SL Malinga,2019,28885051.060000002,1.5876405337759751
2025,Mohammed Shami,Sunrisers Hyderabad,0,6,27.0,0,0.0,4,66.67,0.003221115286643484,0.96057314749157,0.09950234515532576,0.7544442635092778,-0.5758801615728484,0.03814913700618505,death,Mohammed Shami,2025,104950000.00000001,-0.5487185913033333
2020,CH Morris,Royal Challengers Bengaluru,7,58,7.03,25,43.1,7,12.07,0.4332462756857748,0.21871013793254274,0.6148981030739474,0.2045818975669747,0.6854802200077369,1.2995095185867704,death,CH Morris,2020,138937234.53,0.4933740205255955
2022,DR Sams,Mumbai Indians,1,24,11.0,9,37.5,6,25.0,0.06753133168965963,0.3527005365428498,0.46917127389639707,0.31230709170645937,0.007276037574330846,0.6213053361533643,death,DR Sams,2022,32338239.7208,0.022499794785214883
2016,A Mishra,Punjab Kings,0,6,12.0,2,33.33,1,16.67,0.02497897366775858,0.4124683855058444,0.4592306465414186,0.27404647589505643,-0.07196364250679127,0.5420656560722421,death,A Mishra,2016,1636386.3998999998,-4.397716976332056
2016,A Mishra,Delhi Capitals,1,18,8.67,4,22.22,3,16.67,0.11605058023805889,0.3037750368536611,0.34159232932050393,0.27404647589505643,0.07282961164325813,0.6868589102222915,death,A Mishra,2016,1636386.3998999998,4.450636576282275
2016,NLTC Perera,Lucknow Super Giants,7,57,12.53,11,19.3,16,28.07,0.6624802196598608,0.4297679274835192,0.3106738877106866,0.37954951315253116,0.8011504708638302,1.4151797694428636,death,NLTC Perera,2016,16363863.999,4.895851437733708
2022,R Dhawan,Punjab Kings,1,6,15.0,2,33.33,2,33.33,0.06753133168965963,0.4876910051168752,0.4299659443242415,0.38868685070380493,-0.08139567642612966,0.5326336221529038,death,R Dhawan,2022,6840781.479400001,-1.189859326324641
2025,R Shepherd,Royal Challengers Bengaluru,2,12,12.0,3,25.0,3,25.0,0.10229344817311102,0.38422925899662796,0.3652112146916395,0.3139111792935146,0.015138479280452796,0.6291677778594862,death,R Shepherd,2025,15742500.000000002,0.09616312072703062
2013,B Laughlin,Chennai Super Kings,0,18,15.0,3,16.67,7,38.89,0.03839363807293146,0.549046619540476,0.2686891404802564,0.5076475728685966,-0.23371572042329525,0.3803135781557382,death,B Laughlin,2013,2462647.6923760003,-9.49042451938396
2022,CJ Jordan,Chennai Super Kings,1,29,14.28,6,20.69,9,31.03,0.06753133168965963,0.46339272077355065,0.3111277271079233,0.36759760152086435,-0.10100105309881313,0.5130282454802203,death,CJ Jordan,2022,44776024.2288,-0.22556949804812979
2022,M Prasidh Krishna,Royal Challengers Bengaluru,2,6,8.0,4,66.67,1,16.67,0.12069392709640071,0.25145768511233063,0.743420545747663,0.23592733270911392,0.23270578051123356,0.846735079090267,death,M Prasidh Krishna,2022,124377845.08,0.18709584521387781
2022,M Prasidh Krishna,Rajasthan Royals,4,111,11.46,39,35.14,30,27.03,0.22701911790988286,0.3682244404288627,0.4469831257452491,0.3309206464200983,0.22805764449082444,0.8420869430698579,death,M Prasidh Krishna,2022,124377845.08,0.1833587359100308
2025,V Nigam,Delhi Capitals,2,24,6.0,10,41.67,2,8.33,0.10229344817311102,0.15369170359865122,0.5423858888984535,0.13767680171067861,0.2133762169765385,0.827405515555572,death,V Nigam,2025,5247500.000000001,4.066245202030271
2022,SN Thakur,Royal Challengers Bengaluru,0,6,12.0,2,33.33,2,33.33,0.014368736282918574,0.3864481536863561,0.4299659443242415,0.38868685070380493,-0.12064242896403363,0.4933868696149998,death,SN Thakur,2022,133706183.46100001,-0.09022950610150586
2022,SN Thakur,Delhi Capitals,8,80,12.08,21,26.25,20,25.0,0.43966949953684714,0.3891479630578366,0.36340149987079745,0.31230709170645937,0.5191733865314376,1.133202685110471,death,SN Thakur,2022,133706183.46100001,0.3882942232681949
2022,Yash Dayal,Gujarat Titans,3,54,8.89,16,29.63,7,12.96,0.17385652250314176,0.28149306437005134,0.3951794408669332,0.20190945685315329,0.20616855321082603,0.8201978517898595,death,Yash Dayal,2022,39800910.4256,0.5179995909797533
2018,CJ Jordan,Punjab Kings,0,6,13.0,2,33.33,2,33.33,0.020126526528841268,0.46189680827239377,0.44654616106312955,0.4500478729003011,-0.15561944706684708,0.4584098515121864,death,CJ Jordan,2018,14923461.629999999,-1.042783845498768
2022,R Tewatia,Gujarat Titans,0,6,9.0,2,33.33,1,16.67,0.014368736282918574,0.285205302255837,0.4299659443242415,0.23592733270911392,-0.03431743299341866,0.5797118655856148,death,R Tewatia,2022,111940060.572,-0.030656971970589246
2015,HH Pandya,Mumbai Indians,0,12,18.0,2,16.67,7,58.33,0.04496203496913795,0.6305929892845971,0.28350828336106865,0.6769586020020925,-0.30282923885243906,0.31120005972659437,death,HH Pandya,2015,1745533.3727,-17.34880831204168
2025,LH Ferguson,Punjab Kings,0,12,13.0,3,25.0,3,25.0,0.003221115286643484,0.4226521848962908,0.3652112146916395,0.3139111792935146,-0.14883919040911364,0.4651901081699198,death,LH Ferguson,2025,20990000.000000004,-0.7090957141930139
2021,NM Coulter-Nile,Mumbai Indians,4,48,6.25,20,41.67,6,12.5,0.19842280546653177,0.24731226874271625,0.4825523792431371,0.24333884037923742,0.270473362361881,0.8845026609409145,death,NM Coulter-Nile,2021,66305829.215,0.4079179245083528
2022,JR Hazlewood,Royal Challengers Bengaluru,8,87,10.97,25,28.74,22,25.29,0.43966949953684714,0.3516881080285446,0.38681187652179677,0.31496617095126495,0.5403827177650125,1.1544120163440459,death,JR Hazlewood,2022,96392829.937,0.5606046820268618
2022,OC McCoy,Rajasthan Royals,6,47,9.45,17,36.17,9,19.15,0.333344308723365,0.30039172997041486,0.45666693616714843,0.25866704487158887,0.43925973848554956,1.0532890370645829,death,OC McCoy,2022,9328338.381000001,4.708874405545104
2022,OC McCoy,Royal Challengers Bengaluru,2,12,5.0,7,58.33,1,8.33,0.12069392709640071,0.15021483368181154,0.6650098866033519,0.15945588132401645,0.2726211587556771,0.8866504573347105,death,OC McCoy,2022,9328338.381000001,2.922505033811306
2014,JD Unadkat,Delhi Capitals,3,67,12.63,12,17.91,21,31.34,0.21802086507539922,0.45413538311331225,0.2823259098532128,0.4220280755289249,0.1034664946650603,0.7174957932440937,death,JD Unadkat,2014,54236514.743599996,0.19076906979401648
2025,K Rabada,Gujarat Titans,1,24,11.25,6,25.0,6,25.0,0.05275728172987726,0.3554120645718809,0.3652112146916395,0.3139111792935146,-0.04763889261449901,0.5663904059645344,death,K Rabada,2025,112821250.00000001,-0.042225106187441644
2025,Vijaykumar Vyshak,Punjab Kings,1,30,13.8,9,30.0,10,33.33,0.05275728172987726,0.45339052561602106,0.4183529885989022,0.4019755083436059,-0.09730704357500367,0.5167222550040298,death,Vijaykumar Vyshak,2025,18891000.0,-0.51509736686784
2017,MG Johnson,Mumbai Indians,5,18,9.67,8,44.44,4,22.22,0.3606389621238684,0.36135332752467436,0.5642392391358242,0.3470645694809129,0.4615695130724063,1.0755988116514397,death,MG Johnson,2017,31196004.192,1.4795789557906667
2025,Sandeep Sharma,Rajasthan Royals,7,93,12.45,19,20.43,22,23.66,0.3499742803892799,0.40151957565147617,0.31663963334040135,0.29974476861798965,0.369422049740053,0.9834513483190864,death,Sandeep Sharma,2025,27287000.000000004,1.3538390066333892
2014,MG Johnson,Punjab Kings,8,69,8.87,25,36.23,11,15.94,0.5193133875249267,0.3217721431864823,0.4833009836619318,0.26755698527655974,0.7149844235284087,1.329013722107442,death,MG Johnson,2014,125906194.94049999,0.5678707261912663
2014,MG Johnson,Royal Challengers Bengaluru,1,6,7.0,2,33.33,1,16.67,0.09750385609558826,0.2559425531164898,0.4514872438122983,0.2748793161781329,0.09686114118703608,0.7108904397660695,death,MG Johnson,2014,125906194.94049999,0.07693119566738567
2025,NT Ellis,Chennai Super Kings,1,12,11.0,3,25.0,3,25.0,0.05275728172987726,0.3458063330969652,0.3652112146916395,0.3139111792935146,-0.043796600024532714,0.5702326985545008,death,NT Ellis,2025,20990000.000000004,-0.20865459754422444
2022,R Sai Kishore,Gujarat Titans,1,6,16.0,1,16.67,2,33.33,0.06753133168965963,0.5214386222603816,0.2733326611894424,0.38868685070380493,-0.14188470822397198,0.47214459035506146,death,R Sai Kishore,2022,37313353.524000004,-0.3802518262870999
2025,KV Sharma,Mumbai Indians,1,6,5.0,2,33.33,0,0.0,0.05275728172987726,0.11526877769898843,0.4537454100211392,0.04961247266058726,0.1542682927233861,0.7682975913024195,death,KV Sharma,2025,5247500.000000001,2.9398435964437555
2025,JD Unadkat,Sunrisers Hyderabad,6,23,6.78,15,65.22,4,17.39,0.30043811394604614,0.1836615858003882,0.7926836440016609,0.2334586529944515,0.5449600339010767,1.1589893324801102,death,JD Unadkat,2025,10495000.000000002,5.192568212492393
2014,CJ Anderson,Mumbai Indians,2,18,13.67,4,22.22,7,38.89,0.15776236058549375,0.4907464920292439,0.32960770942284046,0.4977590321136884,-0.010100452740711363,0.6039288458383221,death,CJ Anderson,2014,87165827.2665,-0.011587629071459772
2014,JP Duminy,Delhi Capitals,0,6,13.0,1,16.67,2,33.33,0.037245351605682764,0.4671604891699417,0.26872279350371436,0.4419889501784188,-0.18297601526186388,0.4310532833171695,death,JP Duminy,2014,42614404.4414,-0.4293759766453576
2025,MA Starc,Delhi Capitals,7,48,9.63,13,27.08,10,20.83,0.3499742803892799,0.29316692461442717,0.38731819263706074,0.26982615502714224,0.4429422620211245,1.056971560600158,death,MA Starc,2025,3148500.0000000005,14.068358330034126
2020,Arshdeep Singh,Punjab Kings,6,41,9.22,17,41.46,8,19.51,0.37521004317064227,0.29820211006623515,0.594542357606929,0.2823685370636223,0.5371863668924614,1.151215665471495,death,Arshdeep Singh,2020,2778744.6906,19.331979965977713
2025,Simarjeet Singh,Sunrisers Hyderabad,0,6,17.0,0,0.0,3,50.0,0.003221115286643484,0.5763438884949419,0.09950234515532576,0.5782098859264418,-0.3693181446993464,0.24471115387968706,death,Simarjeet Singh,2025,5247500.000000001,-7.0379827479627695
2025,Simarjeet Singh,Sunrisers Hyderabad,0,6,17.0,0,0.0,3,50.0,0.003221115286643484,0.5763438884949419,0.09950234515532576,0.5782098859264418,-0.3693181446993464,0.24471115387968706,death,Simarjeet Singh,2025,15742500.000000002,-2.345994249320923
2013,MS Gony,Punjab Kings,0,18,10.0,6,33.33,4,22.22,0.03839363807293146,0.3784370094309719,0.4181145578485978,0.3438438705564527,-0.07150314047534805,0.5425261581036854,death,MS Gony,2013,61566192.30940001,-0.11614026756114794
2022,M Jansen,Sunrisers Hyderabad,1,12,16.5,3,25.0,5,41.67,0.06753133168965963,0.5383124308321348,0.3516493027568419,0.4651583020889023,-0.14808067459798258,0.46594862398105086,death,M Jansen,2022,52238694.9336,-0.28346932247485546
2015,P Kumar,Sunrisers Hyderabad,1,30,13.4,4,13.33,8,26.67,0.09522719101617114,0.4697465865995908,0.250204424115113,0.363126484445828,-0.07893446621479414,0.5350948323642393,death,P Kumar,2015,38401734.1994,-0.20554922286824076
2015,P Kumar,Punjab Kings,1,12,7.5,2,16.67,1,8.33,0.09522719101617114,0.2634435918514306,0.28350828336106865,0.18132986296819412,0.06811687590154679,0.6821461744805802,death,P Kumar,2015,38401734.1994,0.17737968693770884
2015,P Kumar,Royal Challengers Bengaluru,0,6,14.0,1,16.67,2,33.33,0.04496203496913795,0.49072655216720024,0.28350828336106865,0.4291442324851433,-0.17253835315039556,0.44149094542863787,death,P Kumar,2015,38401734.1994,-0.44929833703471483
2017,DT Christian,Lucknow Super Giants,3,54,8.78,17,31.48,8,14.81,0.23183846381625556,0.32948715156000286,0.4342843802246262,0.2747599461060269,0.263820165335962,0.8778494639149954,death,DT Christian,2017,15598002.096,1.6913715212515377
2017,DT Christian,Royal Challengers Bengaluru,0,6,13.0,1,16.67,2,33.33,0.03863771635483625,0.4805829522014788,0.2857788662990982,0.4554727159984545,-0.18518476125814404,0.4288445373208894,death,DT Christian,2017,15598002.096,-1.187233852889617
2025,M Jansen,Punjab Kings,6,42,11.29,10,23.81,10,23.81,0.30043811394604614,0.3569489816078673,0.3525634725017109,0.3013305608577872,0.3232474517690994,0.9372767503481328,death,M Jansen,2025,73465000.0,0.44000197613707126
2025,Prince Yadav,Lucknow Super Giants,0,23,12.78,5,21.74,8,34.78,0.003221115286643484,0.41419914119836493,0.3305627781041041,0.4173048333283157,-0.18687060011664425,0.4271586984623892,death,Prince Yadav,2025,3148500.0000000005,-5.935226301942011
2022,R Ashwin,Rajasthan Royals,0,12,5.5,5,41.67,0,0.0,0.014368736282918574,0.16708864225356473,0.5083766034685527,0.08307612232667097,0.0823077918655165,0.6963370904445499,death,R Ashwin,2022,62188922.54,0.1323512106397663
2022,RD Chahar,Punjab Kings,4,28,10.07,11,39.29,6,21.43,0.22701911790988286,0.32131525259938887,0.4860004201635814,0.2795729092790256,0.2739308290904355,0.8879601276694689,death,RD Chahar,2022,65298368.667,0.4195063899488695
2013,JDP Oram,Royal Challengers Bengaluru,0,12,8.5,4,33.33,3,25.0,0.03839363807293146,0.3272541263981208,0.4181145578485978,0.371160864703289,-0.059225085506258504,0.5548042130727749,death,JDP Oram,2013,6156619.23094,-0.9619741498487303
2022,RP Meredith,Mumbai Indians,4,42,10.14,13,30.95,8,19.05,0.22701911790988286,0.3236775857994343,0.4075897610192702,0.25775012099406974,0.2560095345526107,0.8700388331316442,death,RP Meredith,2022,12437784.508000001,2.058321032881258
2022,K Rabada,Punjab Kings,9,66,9.36,28,42.42,14,21.21,0.49283209494358815,0.29735444442749925,0.5154279217369261,0.27755567674848347,0.6916680381409154,1.3056973367199487,death,K Rabada,2022,115049506.699,0.6011916591267985
2017,A Choudhary,Royal Challengers Bengaluru,1,24,10.0,7,29.17,4,16.67,0.10303796550864269,0.37316887591606934,0.41112112990943583,0.29290928476692946,0.04075295143928821,0.6547822500183217,death,A Choudhary,2017,31196004.192,0.13063516464630756
2025,KH Pandya,Royal Challengers Bengaluru,3,12,11.0,7,58.33,4,33.33,0.1518296146163448,0.3458063330969652,0.7194542795574529,0.4019755083436059,0.18466552004988523,0.7986948186289187,death,KH Pandya,2025,60346250.00000001,0.306009934419927
2022,MR Marsh,Delhi Capitals,1,12,14.5,2,16.67,5,41.67,0.06753133168965963,0.470817196545122,0.2733326611894424,0.4651583020889023,-0.14457757335339733,0.4694517252256361,death,MR Marsh,2022,80845599.302,-0.1788317170033282
2018,C de Grandhomme,Royal Challengers Bengaluru,0,6,6.0,0,0.0,0,0.0,0.020126526528841268,0.21311299816244336,0.13257216970683605,0.11634617239753385,-0.05018761027892479,0.5638416883001086,death,C de Grandhomme,2018,32831615.586,-0.15286366321956357
2021,C Sakariya,Rajasthan Royals,6,72,10.25,18,25.0,14,19.44,0.28965360203180646,0.41014944400580494,0.3017971071288382,0.32970355736494716,0.262048690374555,0.8760779889535885,death,C Sakariya,2021,15913399.0116,1.6467172738114326
2013,SMSM Senanayake,Kolkata Knight Riders,1,12,7.5,3,25.0,1,8.33,0.09432140278411502,0.29313220437621995,0.3434018491644271,0.2073571623911451,0.06504262845766914,0.6790719270367026,death,SMSM Senanayake,2013,76957740.38675001,0.08451733137017582
2024,Rasikh Salam,Delhi Capitals,3,45,10.13,16,35.56,8,17.78,0.13192849795143954,0.2858980984041048,0.4917064015391398,0.21105775081146208,0.16772810278382067,0.7817574013628541,death,Rasikh Salam,2024,2217593.5,7.5635188678096625
2017,CJ Anderson,Delhi Capitals,1,24,13.5,4,16.67,7,29.17,0.10303796550864269,0.498485298249047,0.2857788662990982,0.4148806467353606,-0.0835677051675335,0.5304615934114999,death,CJ Anderson,2017,15598002.096,-0.5357590328120538
2024,N Burger,Rajasthan Royals,1,18,4.33,11,61.11,1,5.56,0.04397616598381318,0.03527023694072616,0.8449993868969862,0.06600006155858995,0.2855559518009481,0.8995852503799815,death,N Burger,2024,5543983.75,5.150735728634633
2021,M Jansen,Mumbai Indians,0,6,7.0,0,0.0,0,0.0,0.015961212335982394,0.27784423910454537,0.030718414695876578,0.08778279393523576,-0.10431519090965231,0.5097141076693811,death,M Jansen,2021,2652233.1686,-3.9331078483086697
2022,Mukesh Choudhary,Chennai Super Kings,2,39,13.69,7,17.95,11,28.21,0.12069392709640071,0.44348162665888186,0.2853669110341328,0.34174034817482424,-0.013263791161159097,0.6007655074178744,death,Mukesh Choudhary,2022,2487556.9016,-0.5332055380372529
2022,OF Smith,Royal Challengers Bengaluru,0,6,18.0,1,16.67,3,50.0,0.014368736282918574,0.5889338565473944,0.2733326611894424,0.5415380610862478,-0.2944820581636215,0.31954724041541194,death,OF Smith,2022,74626707.04800001,-0.3946067966984128
2022,OF Smith,Punjab Kings,3,12,14.0,5,41.67,4,33.33,0.17385652250314176,0.4539433879733689,0.5083766034685527,0.38868685070380493,0.1151143543947894,0.7291436529738229,death,OF Smith,2022,74626707.04800001,0.15425356276372704
2025,PWH de Silva,Rajasthan Royals,0,6,11.0,2,33.33,1,16.67,0.003221115286643484,0.3458063330969652,0.4537454100211392,0.2258468502434232,-0.06512129237550604,0.5489080062035274,death,PWH de Silva,2025,55098750.00000001,-0.1181901447410441
2014,S Nadeem,Delhi Capitals,1,18,13.33,3,16.67,4,22.22,0.09750385609558826,0.4787774756528816,0.26872279350371436,0.3305490922106411,-0.06380309572984828,0.5502262028491851,death,S Nadeem,2014,16464656.261449998,-0.3875155042212179
2016,DS Kulkarni,Gujarat Titans,3,36,8.5,14,38.89,5,13.89,0.29819379337865953,0.2982261271627088,0.5181027476888791,0.24831854224805824,0.408935500835152,1.0229647994141855,death,DS Kulkarni,2016,32727727.998,1.2495077594758248
2014,VR Aaron,Royal Challengers Bengaluru,6,53,11.55,15,28.3,13,24.53,0.39879637854511574,0.41611615462369084,0.3963068605558651,0.3537197557484959,0.4445242374104081,1.0585535359894416,death,VR Aaron,2014,38740367.673999995,1.1474445497034964
2025,PVD Chameera,Delhi Capitals,3,36,11.33,10,27.78,10,27.78,0.1518296146163448,0.3584858986438539,0.3947580409840776,0.3433011954710961,0.0997871161208701,0.7138164146999035,death,PVD Chameera,2025,7871250.000000001,1.267741668996285
2024,N Thushara,Mumbai Indians,2,48,11.13,9,18.75,11,22.92,0.08795233196762636,0.32910979865641143,0.2592658894504744,0.2720721962091513,-0.0035573135387280963,0.6104719850403053,death,N Thushara,2024,53222244.0,-0.006683884916104057
2022,LS Livingstone,Punjab Kings,0,6,14.0,2,33.33,2,33.33,0.014368736282918574,0.4539433879733689,0.4299659443242415,0.38868685070380493,-0.14764052267883876,0.4663887759001947,death,LS Livingstone,2022,143034521.842,-0.10322020221239085
2022,KH Pandya,Lucknow Super Giants,2,6,2.0,5,83.33,0,0.0,0.12069392709640071,0.04897198225129245,0.9000538288824622,0.08307612232667097,0.4065454097108215,1.0205747082898549,death,KH Pandya,2022,102611722.191,0.39619782324097785
2025,N Thushara,Royal Challengers Bengaluru,0,6,7.0,1,16.67,0,0.0,0.003221115286643484,0.192114629498314,0.2766770193621398,0.04961247266058726,-0.003894814858894627,0.6101344837201388,death,N Thushara,2025,16792000.0,-0.02319446676330769
2018,R Tewatia,Delhi Capitals,3,12,6.0,6,50.0,1,8.33,0.20897526959358148,0.21311299816244336,0.6035802575500607,0.19974656739267493,0.3493678121726106,0.963397110751644,death,R Tewatia,2018,44770384.88999999,0.7803547211644503
2025,A Nortje,Kolkata Knight Riders,0,6,17.0,0,0.0,3,50.0,0.003221115286643484,0.5763438884949419,0.09950234515532576,0.5782098859264418,-0.3693181446993464,0.24471115387968706,death,A Nortje,2025,68217500.0,-0.5413832883048285
2018,Mohammed Shami,Delhi Capitals,2,23,10.96,8,34.78,5,21.74,0.1460256885720014,0.38939409789749396,0.4602053956105831,0.3340081876669656,0.10114005608208977,0.7151693546611232,death,Mohammed Shami,2018,44770384.88999999,0.22590839084941758
2025,R Ashwin,Chennai Super Kings,0,6,18.0,1,16.67,3,50.0,0.003221115286643484,0.6147668143946048,0.2766770193621398,0.5782098859264418,-0.3315349127971673,0.28249438578186614,death,R Ashwin,2025,102326250.00000001,-0.3239979113836061
2022,Akash Deep,Royal Challengers Bengaluru,1,17,20.12,3,17.65,8,47.06,0.06753133168965963,0.6604788048916278,0.2825463837267834,0.5145804990871847,-0.23250475903028206,0.3815245395487514,death,Akash Deep,2022,2487556.9016,-9.346711179982846
2015,J Theron,Rajasthan Royals,1,12,12.5,1,8.33,3,25.0,0.09522719101617114,0.4382766382481765,0.20034834739961063,0.34657248456209583,-0.07633710992375946,0.537692188655274,death,J Theron,2015,5236600.1181,-1.4577609174300847
2016,KJ Abbott,Punjab Kings,0,18,12.33,3,16.67,6,33.33,0.02497897366775858,0.42323979843534004,0.28282611324704976,0.42822898472922555,-0.17544832031715085,0.4385809782618826,death,KJ Abbott,2016,34364114.3979,-0.5105567927217486
2022,PJ Cummins,Kolkata Knight Riders,2,35,14.74,5,14.29,11,31.43,0.12069392709640071,0.4789166246595636,0.250956477884471,0.371265297030941,-0.04661840496316537,0.567410893615868,death,PJ Cummins,2022,90173937.683,-0.051698313460646496
2022,S Kaul,Royal Challengers Bengaluru,0,6,17.0,0,0.0,3,50.0,0.014368736282918574,0.555186239403888,0.11660536047773154,0.5415380610862478,-0.3280012015197322,0.2860280970593012,death,S Kaul,2022,9328338.381000001,-3.5161803541325907
2022,NM Coulter-Nile,Rajasthan Royals,0,6,25.0,0,0.0,5,83.33,0.014368736282918574,0.8251671765519389,0.11660536047773154,0.8471487894633817,-0.5276767948920928,0.08635250368694058,death,NM Coulter-Nile,2022,24875569.016000003,-2.1212652243359353
2015,J Suchith,Mumbai Indians,0,6,10.0,2,33.33,1,16.67,0.04496203496913795,0.3508601150498035,0.4496287309771225,0.2640007366390484,-0.01721259526479227,0.5968167033142412,death,J Suchith,2015,1745533.3727,-0.9860937369629169
2015,Z Khan,Delhi Capitals,1,36,9.83,7,19.44,8,22.22,0.09522719101617114,0.3449157914723142,0.31112854986145694,0.31901552667181104,0.002508376892224773,0.6165376754712582,death,Z Khan,2015,69821334.90799999,0.003592565074171001
2019,VR Aaron,Rajasthan Royals,1,6,18.0,1,16.67,3,50.0,0.07299501625697159,0.6208673414631214,0.27070995933506037,0.5966482642268958,-0.23663590366734177,0.37739339491169166,death,VR Aaron,2019,34662061.272,-0.6826942627860858
2025,Shahbaz Ahmed,Lucknow Super Giants,1,9,9.33,3,33.33,1,11.11,0.05275728172987726,0.2816400468445283,0.4537454100211392,0.16706681788826014,0.052483481496868274,0.6665127800759018,death,Shahbaz Ahmed,2025,25188000.000000004,0.20836700610158912
2017,RD Chahar,Punjab Kings,0,6,2.0,4,66.67,0,0.0,0.03863771635483625,0.08673133915497756,0.7871479207404484,0.13024827644582967,0.22033393215864897,0.8343632307376824,death,RD Chahar,2017,1559800.2096000002,14.12577910956635
2018,CR Brathwaite,Sunrisers Hyderabad,4,25,9.84,11,44.0,8,32.0,0.27192485061516153,0.34958868827990186,0.5470592870088737,0.43673184344729543,0.3011500336792551,0.9151793322582885,death,CR Brathwaite,2018,29846923.259999998,1.0089818339260712
2016,CR Brathwaite,Delhi Capitals,0,13,9.23,2,15.38,1,7.69,0.02497897366775858,0.32205379818856283,0.2691669387002468,0.19093969742381764,-0.06788488639085852,0.5461444121881749,death,CR Brathwaite,2016,68728228.7958,-0.09877293155997494
2024,Yash Dayal,Royal Challengers Bengaluru,6,74,10.95,24,32.43,18,24.32,0.2638569959028791,0.3213316926109962,0.44842628239354054,0.2886909167454869,0.31517342650433616,0.9292027250833697,death,Yash Dayal,2024,55439837.5,0.5684963028694595
2020,AJ Tye,Rajasthan Royals,1,7,18.86,1,14.29,3,42.86,0.08502888059497966,0.6481119782711642,0.25730723301004443,0.5264973048387193,-0.2124584919645986,0.40157080661443484,death,AJ Tye,2020,13893723.453,-1.529168855874438
2025,M Prasidh Krishna,Gujarat Titans,11,90,11.53,30,33.33,26,28.89,0.548118946162215,0.3661704838237865,0.4537454100211392,0.355036058045598,0.7053230313064703,1.3193523298855037,death,M Prasidh Krishna,2025,99702500.00000001,0.7074276285012615
2022,TS Mills,Mumbai Indians,2,18,14.0,4,22.22,7,38.89,0.12069392709640071,0.4539433879733689,0.3255124163754048,0.43966781829386986,-0.034783085120286036,0.5792462134587474,death,TS Mills,2022,18656676.762000002,-0.18643773252872328
2022,HV Patel,Royal Challengers Bengaluru,9,129,9.91,47,36.43,26,20.16,0.49283209494358815,0.31591563385642785,0.4591113931668512,0.2679279760345324,0.6702369140125067,1.28426621259154,death,HV Patel,2022,133706183.46100001,0.5012759295519076
