season,player,team,wickets,balls,economy,dot_balls,dot_pct,boundaries_conceded,boundary_pct_conceded
2013,A Chandila,Punjab Kings,0,18,7.67,6,33.33,2,11.11
2013,A Chandila,Rajasthan Royals,3,54,6.67,24,44.44,8,14.81
2013,A Mishra,Sunrisers Hyderabad,0,12,10.5,5,41.67,4,33.33
2013,A Mithun,Royal Challengers Bengaluru,0,12,8.0,6,50.0,3,25.0
2013,A Nehra,Delhi Capitals,2,90,7.6,40,44.44,18,20.0
2013,A Nehra,Punjab Kings,0,12,13.5,5,41.67,5,41.67
2013,A Nehra,Royal Challengers Bengaluru,1,12,10.5,6,50.0,4,33.33
2013,AA Chavan,Rajasthan Royals,0,36,7.17,20,55.56,6,16.67
2013,AB Agarkar,Delhi Capitals,0,12,12.0,3,25.0,4,33.33
2013,AB Dinda,Delhi Capitals,1,6,4.0,5,83.33,1,16.67
2013,AB Dinda,Lucknow Super Giants,2,84,8.36,38,45.24,21,25.0
2013,AB Dinda,Punjab Kings,0,6,8.0,3,50.0,1,16.67
2013,AB Dinda,Royal Challengers Bengaluru,0,6,5.0,4,66.67,1,16.67
2013,AB McDonald,Royal Challengers Bengaluru,1,6,6.0,3,50.0,1,16.67
2013,AD Mascarenhas,Punjab Kings,0,12,6.5,3,25.0,1,8.33
2013,AD Mathews,Lucknow Super Giants,1,54,6.22,19,35.19,6,11.11
2013,AD Russell,Delhi Capitals,0,6,9.0,1,16.67,1,16.67
2013,AG Murtaza,Lucknow Super Giants,1,6,3.0,4,66.67,0,0.0
2013,AG Murtaza,Royal Challengers Bengaluru,0,6,18.0,1,16.67,3,50.0
2013,AM Nayar,Lucknow Super Giants,1,6,7.0,3,50.0,1,16.67
2013,AN Ahmed,Lucknow Super Giants,0,18,7.33,8,44.44,3,16.67
2013,AN Ahmed,Mumbai Indians,0,6,10.0,4,66.67,2,33.33
2013,Anand Rajan,Delhi Capitals,0,6,1.0,5,83.33,0,0.0
2013,Anand Rajan,Sunrisers Hyderabad,0,18,4.67,11,61.11,1,5.56
2013,Ankit Sharma,Sunrisers Hyderabad,0,6,10.0,3,50.0,1,16.67
2013,AS Rajpoot,Chennai Super Kings,1,18,8.67,7,38.89,4,22.22
2013,AS Rajpoot,Punjab Kings,0,6,11.0,1,16.67,2,33.33
2013,Azhar Mahmood,Lucknow Super Giants,1,12,3.0,6,50.0,0,0.0
2013,Azhar Mahmood,Punjab Kings,3,90,7.27,41,45.56,14,15.56
2013,Azhar Mahmood,Royal Challengers Bengaluru,0,6,3.0,3,50.0,0,0.0
2013,B Kumar,Delhi Capitals,0,12,11.0,8,66.67,3,25.0
2013,B Kumar,Lucknow Super Giants,5,120,4.85,74,61.67,13,10.83
2013,B Kumar,Punjab Kings,0,6,11.0,1,16.67,1,16.67
2013,B Kumar,Royal Challengers Bengaluru,0,12,2.5,11,91.67,1,8.33
2013,B Lee,Delhi Capitals,0,12,5.5,5,41.67,1,8.33
2013,B Lee,Kolkata Knight Riders,1,18,7.33,8,44.44,3,16.67
2013,BA Bhatt,Punjab Kings,0,6,9.0,3,50.0,2,33.33
2013,BAW Mendis,Lucknow Super Giants,1,24,1.75,17,70.83,0,0.0
2013,BAW Mendis,Punjab Kings,1,12,10.0,4,33.33,3,25.0
2013,Bipul Sharma,Punjab Kings,1,12,5.5,6,50.0,1,8.33
2013,BMAJ Mendis,Delhi Capitals,1,6,2.0,4,66.67,0,0.0
2013,CH Morris,Chennai Super Kings,3,60,8.9,26,43.33,13,21.67
2013,CH Morris,Delhi Capitals,1,12,6.5,8,66.67,2,16.67
2013,CH Morris,Lucknow Super Giants,0,12,7.0,6,50.0,2,16.67
2013,CH Morris,Punjab Kings,0,12,8.0,6,50.0,3,25.0
2013,CH Morris,Royal Challengers Bengaluru,0,12,12.0,3,25.0,3,25.0
2013,DJ Bravo,Chennai Super Kings,1,6,8.0,3,50.0,1,16.67
2013,DJ Bravo,Royal Challengers Bengaluru,1,6,10.0,2,33.33,2,33.33
2013,DJ Hussey,Punjab Kings,0,18,8.67,5,27.78,4,22.22
2013,DJG Sammy,Sunrisers Hyderabad,0,24,9.75,8,33.33,5,20.83
2013,DP Nannes,Chennai Super Kings,0,36,5.67,15,41.67,3,8.33
2013,DP Nannes,Punjab Kings,2,12,5.5,6,50.0,1,8.33
2013,DS Kulkarni,Mumbai Indians,3,48,7.25,27,56.25,9,18.75
2013,DS Kulkarni,Punjab Kings,0,4,18.0,1,25.0,3,75.0
2013,DT Christian,Royal Challengers Bengaluru,0,24,6.75,11,45.83,3,12.5
2013,DW Steyn,Delhi Capitals,0,6,4.0,2,33.33,0,0.0
2013,DW Steyn,Lucknow Super Giants,0,12,11.0,5,41.67,4,33.33
2013,DW Steyn,Punjab Kings,0,6,10.0,2,33.33,2,33.33
2013,DW Steyn,Royal Challengers Bengaluru,0,12,3.0,9,75.0,1,8.33
2013,DW Steyn,Sunrisers Hyderabad,1,96,5.25,57,59.38,9,9.38
2013,GB Hogg,Rajasthan Royals,0,6,7.0,2,33.33,0,0.0
2013,GH Vihari,Punjab Kings,0,6,4.0,3,50.0,0,0.0
2013,GH Vihari,Sunrisers Hyderabad,1,12,10.0,3,25.0,3,25.0
2013,Harbhajan Singh,Delhi Capitals,0,6,10.0,0,0.0,1,16.67
2013,Harbhajan Singh,Mumbai Indians,5,96,4.69,54,56.25,8,8.33
2013,Harbhajan Singh,Punjab Kings,0,6,8.0,1,16.67,1,16.67
2013,Harmeet Singh,Delhi Capitals,1,12,7.5,6,50.0,2,16.67
2013,Harmeet Singh,Lucknow Super Giants,0,6,17.0,0,0.0,3,50.0
2013,Harmeet Singh,Punjab Kings,1,12,6.0,6,50.0,2,16.67
2013,I Sharma,Delhi Capitals,2,18,6.0,10,55.56,2,11.11
2013,I Sharma,Lucknow Super Giants,0,12,5.5,7,58.33,2,16.67
2013,I Sharma,Punjab Kings,0,18,7.33,10,55.56,4,22.22
2013,I Sharma,Royal Challengers Bengaluru,1,18,7.33,11,61.11,4,22.22
2013,I Sharma,Sunrisers Hyderabad,7,174,7.0,91,52.3,28,16.09
2013,IC Pandey,Lucknow Super Giants,1,12,8.5,5,41.67,3,25.0
2013,IC Pandey,Royal Challengers Bengaluru,0,6,21.0,2,33.33,4,66.67
2013,IK Pathan,Delhi Capitals,1,84,8.07,39,46.43,20,23.81
2013,IK Pathan,Lucknow Super Giants,0,6,8.0,3,50.0,1,16.67
2013,IK Pathan,Royal Challengers Bengaluru,0,6,5.0,4,66.67,1,16.67
2013,Iqbal Abdulla,Kolkata Knight Riders,1,30,6.4,13,43.33,3,10.0
2013,J Botha,Delhi Capitals,1,24,7.5,11,45.83,4,16.67
2013,J Syed Mohammad,Royal Challengers Bengaluru,0,6,7.0,0,0.0,0,0.0
2013,JA Morkel,Chennai Super Kings,3,66,6.73,27,40.91,10,15.15
2013,JA Morkel,Delhi Capitals,0,6,3.0,3,50.0,0,0.0
2013,JA Morkel,Lucknow Super Giants,0,6,12.0,2,33.33,2,33.33
2013,JD Unadkat,Delhi Capitals,2,12,3.5,9,75.0,1,8.33
2013,JD Unadkat,Royal Challengers Bengaluru,3,78,6.69,32,41.03,12,15.38
2013,JDP Oram,Royal Challengers Bengaluru,0,6,3.0,4,66.67,0,0.0
2013,JH Kallis,Delhi Capitals,1,6,8.0,4,66.67,2,33.33
2013,JH Kallis,Kolkata Knight Riders,1,54,7.78,23,42.59,10,18.52
2013,JH Kallis,Lucknow Super Giants,1,12,3.5,6,50.0,0,0.0
2013,JH Kallis,Punjab Kings,0,12,7.5,3,25.0,2,16.67
2013,JH Kallis,Royal Challengers Bengaluru,0,12,3.5,8,66.67,1,8.33
2013,JJ Bumrah,Delhi Capitals,0,12,12.5,4,33.33,4,33.33
2013,JJ Bumrah,Royal Challengers Bengaluru,2,12,8.5,7,58.33,4,33.33
2013,JO Holder,Chennai Super Kings,2,78,8.38,35,44.87,17,21.79
2013,JO Holder,Royal Challengers Bengaluru,0,6,20.0,1,16.67,3,50.0
2013,JP Faulkner,Lucknow Super Giants,1,12,5.0,5,41.67,1,8.33
2013,JP Faulkner,Punjab Kings,0,6,9.0,3,50.0,2,33.33
2013,JP Faulkner,Rajasthan Royals,6,132,5.73,72,54.55,17,12.88
2013,JP Faulkner,Royal Challengers Bengaluru,0,12,6.0,6,50.0,2,16.67
2013,K Upadhyay,Lucknow Super Giants,0,24,10.5,8,33.33,7,29.17
2013,KA Pollard,Mumbai Indians,0,6,4.0,3,50.0,0,0.0
2013,KK Cooper,Lucknow Super Giants,0,6,6.0,3,50.0,1,16.67
2013,KK Cooper,Rajasthan Royals,1,30,10.0,10,33.33,6,20.0
2013,KV Sharma,Sunrisers Hyderabad,1,36,6.0,15,41.67,4,11.11
2013,KW Richardson,Delhi Capitals,0,12,4.0,8,66.67,1,8.33
2013,KW Richardson,Lucknow Super Giants,1,24,8.75,12,50.0,6,25.0
2013,L Balaji,Delhi Capitals,1,12,7.0,5,41.67,2,16.67
2013,L Balaji,Kolkata Knight Riders,0,72,7.0,35,48.61,12,16.67
2013,L Balaji,Lucknow Super Giants,1,18,6.0,9,50.0,2,11.11
2013,L Balaji,Punjab Kings,0,6,14.0,1,16.67,3,50.0
2013,M Kartik,Royal Challengers Bengaluru,0,12,8.5,1,8.33,1,8.33
2013,M Morkel,Delhi Capitals,2,60,9.1,27,45.0,13,21.67
2013,M Morkel,Lucknow Super Giants,0,12,6.0,5,41.67,1,8.33
2013,M Morkel,Punjab Kings,0,12,4.5,6,50.0,1,8.33
2013,M Morkel,Royal Challengers Bengaluru,1,12,10.0,6,50.0,2,16.67
2013,M Muralitharan,Royal Challengers Bengaluru,0,24,9.25,6,25.0,5,20.83
2013,MC Henriques,Delhi Capitals,1,12,10.5,5,41.67,4,33.33
2013,MC Henriques,Lucknow Super Giants,1,18,8.33,7,38.89,4,22.22
2013,MC Henriques,Punjab Kings,0,12,9.0,5,41.67,3,25.0
2013,MC Henriques,Royal Challengers Bengaluru,3,54,6.67,26,48.15,8,14.81
2013,MG Johnson,Lucknow Super Giants,1,6,2.0,4,66.67,0,0.0
2013,MG Johnson,Mumbai Indians,11,138,6.91,73,52.9,26,18.84
2013,MG Johnson,Royal Challengers Bengaluru,1,6,7.0,3,50.0,1,16.67
2013,MG Neser,Punjab Kings,0,6,18.0,1,16.67,3,50.0
2013,MM Patel,Delhi Capitals,0,12,12.0,3,25.0,5,41.67
2013,MM Patel,Mumbai Indians,1,18,11.0,6,33.33,4,22.22
2013,MM Patel,Royal Challengers Bengaluru,0,12,4.0,9,75.0,1,8.33
2013,MM Sharma,Chennai Super Kings,6,168,6.64,93,55.36,31,18.45
2013,MM Sharma,Delhi Capitals,3,18,3.33,11,61.11,0,0.0
2013,MM Sharma,Lucknow Super Giants,3,18,5.0,10,55.56,2,11.11
2013,MM Sharma,Royal Challengers Bengaluru,1,6,14.0,2,33.33,3,50.0
2013,MN Samuels,Lucknow Super Giants,0,6,11.0,1,16.67,2,33.33
2013,Mohammed Shami,Kolkata Knight Riders,0,30,7.4,15,50.0,6,20.0
2013,MR Marsh,Lucknow Super Giants,0,12,10.0,2,16.67,2,16.67
2013,MR Marsh,Royal Challengers Bengaluru,0,6,28.0,1,16.67,5,83.33
2013,MS Gony,Punjab Kings,0,24,10.5,9,37.5,9,37.5
2013,NLTC Perera,Delhi Capitals,0,6,9.0,3,50.0,2,33.33
2013,NLTC Perera,Lucknow Super Giants,2,12,4.5,7,58.33,1,8.33
2013,NLTC Perera,Punjab Kings,0,6,7.0,2,33.33,1,16.67
2013,NLTC Perera,Royal Challengers Bengaluru,1,6,8.0,3,50.0,1,16.67
2013,NLTC Perera,Sunrisers Hyderabad,3,90,7.13,44,48.89,18,20.0
2013,NM Coulter-Nile,Punjab Kings,1,12,7.5,7,58.33,3,25.0
2013,P Awana,Delhi Capitals,1,18,4.0,10,55.56,1,5.56
2013,P Awana,Lucknow Super Giants,0,6,3.0,3,50.0,0,0.0
2013,P Awana,Punjab Kings,2,84,7.29,37,44.05,15,17.86
2013,P Awana,Royal Challengers Bengaluru,1,12,5.0,8,66.67,2,16.67
2013,P Kumar,Delhi Capitals,0,6,12.0,1,16.67,2,33.33
2013,P Kumar,Lucknow Super Giants,0,6,11.0,1,16.67,2,33.33
2013,P Kumar,Punjab Kings,2,120,6.7,62,51.67,18,15.0
2013,P Negi,Delhi Capitals,0,6,6.0,1,16.67,0,0.0
2013,P Suyal,Mumbai Indians,1,18,7.33,9,50.0,3,16.67
2013,Parvez Rasool,Lucknow Super Giants,1,12,5.5,7,58.33,2,16.67
2013,PJ Sangwan,Kolkata Knight Riders,0,12,9.0,4,33.33,3,25.0
2013,PP Chawla,Punjab Kings,0,30,8.4,7,23.33,6,20.0
2013,PP Ojha,Lucknow Super Giants,0,6,10.0,1,16.67,1,16.67
2013,PP Ojha,Mumbai Indians,2,90,7.2,32,35.56,13,14.44
2013,PV Tambe,Rajasthan Royals,0,12,6.5,4,33.33,1,8.33
2013,R Ashwin,Chennai Super Kings,2,42,4.0,22,52.38,2,4.76
2013,R Ashwin,Royal Challengers Bengaluru,0,6,16.0,1,16.67,3,50.0
2013,R Bhatia,Kolkata Knight Riders,0,6,5.0,1,16.67,0,0.0
2013,R Dhawan,Mumbai Indians,1,24,6.5,13,54.17,4,16.67
2013,R Dhawan,Punjab Kings,1,12,2.5,10,83.33,1,8.33
2013,R McLaren,Kolkata Knight Riders,0,12,15.5,3,25.0,7,58.33
2013,R McLaren,Royal Challengers Bengaluru,1,12,15.0,5,41.67,5,41.67
2013,R Rampaul,Delhi Capitals,0,6,9.0,3,50.0,2,33.33
2013,R Rampaul,Punjab Kings,1,6,1.0,5,83.33,0,0.0
2013,R Rampaul,Royal Challengers Bengaluru,5,72,7.08,38,52.78,11,15.28
2013,R Sharma,Delhi Capitals,0,6,9.0,1,16.67,1,16.67
2013,R Sharma,Lucknow Super Giants,1,30,7.0,11,36.67,4,13.33
2013,R Sharma,Punjab Kings,0,6,11.0,1,16.67,2,33.33
2013,R Shukla,Rajasthan Royals,2,24,10.0,7,29.17,6,25.0
2013,R Vinay Kumar,Delhi Capitals,0,6,17.0,1,16.67,4,66.67
2013,R Vinay Kumar,Lucknow Super Giants,0,6,4.0,2,33.33,0,0.0
2013,R Vinay Kumar,Punjab Kings,1,12,7.0,4,33.33,2,16.67
2013,R Vinay Kumar,Royal Challengers Bengaluru,4,90,6.93,44,48.89,15,16.67
2013,RA Jadeja,Chennai Super Kings,1,30,9.0,9,30.0,6,20.0
2013,RA Jadeja,Punjab Kings,1,6,7.0,2,33.33,1,16.67
2013,RE van der Merwe,Delhi Capitals,2,18,4.67,10,55.56,2,11.11
2013,RG Sharma,Punjab Kings,0,2,3.0,1,50.0,0,0.0
2013,RJ Harris,Lucknow Super Giants,0,12,3.0,9,75.0,1,8.33
2013,RJ Harris,Punjab Kings,0,24,8.75,10,41.67,6,25.0
2013,RP Singh,Lucknow Super Giants,0,12,6.5,4,33.33,1,8.33
2013,RP Singh,Punjab Kings,0,6,6.0,3,50.0,1,16.67
2013,RP Singh,Royal Challengers Bengaluru,2,72,7.5,36,50.0,15,20.83
2013,S Badree,Delhi Capitals,0,12,11.0,3,25.0,3,25.0
2013,S Kaul,Delhi Capitals,1,42,7.71,21,50.0,8,19.05
2013,S Kaul,Lucknow Super Giants,0,12,7.0,6,50.0,2,16.67
2013,S Kaul,Punjab Kings,0,6,8.0,2,33.33,1,16.67
2013,S Nadeem,Delhi Capitals,0,6,4.0,2,33.33,0,0.0
2013,S Narwal,Kolkata Knight Riders,0,6,12.0,2,33.33,2,33.33
2013,S Sreesanth,Delhi Capitals,1,18,4.0,12,66.67,2,11.11
2013,S Sreesanth,Lucknow Super Giants,0,12,14.0,5,41.67,3,25.0
2013,S Sreesanth,Punjab Kings,0,12,9.0,6,50.0,4,33.33
2013,S Sreesanth,Rajasthan Royals,2,18,8.0,10,55.56,3,16.67
2013,S Sreesanth,Royal Challengers Bengaluru,0,6,9.0,3,50.0,2,33.33
2013,Sandeep Sharma,Punjab Kings,4,30,7.6,16,53.33,7,23.33
2013,Sandeep Sharma,Royal Challengers Bengaluru,0,18,5.67,10,55.56,3,16.67
2013,SK Trivedi,Delhi Capitals,0,6,7.0,1,16.67,0,0.0
2013,SK Trivedi,Rajasthan Royals,3,30,3.0,19,63.33,0,0.0
2013,SL Malinga,Delhi Capitals,0,6,9.0,3,50.0,2,33.33
2013,SL Malinga,Lucknow Super Giants,1,6,11.0,2,33.33,2,33.33
2013,SL Malinga,Mumbai Indians,2,96,7.56,44,45.83,22,22.92
2013,SMSM Senanayake,Kolkata Knight Riders,3,108,5.44,48,44.44,10,9.26
2013,SMSM Senanayake,Punjab Kings,1,12,5.0,5,41.67,1,8.33
2013,SP Narine,Delhi Capitals,0,6,2.0,4,66.67,0,0.0
2013,SP Narine,Kolkata Knight Riders,3,72,5.25,37,51.39,8,11.11
2013,SP Narine,Lucknow Super Giants,0,6,5.0,4,66.67,1,16.67
2013,SP Narine,Punjab Kings,0,6,4.0,5,83.33,1,16.67
2013,SP Narine,Royal Challengers Bengaluru,0,12,4.5,6,50.0,1,8.33
2013,SR Watson,Rajasthan Royals,5,90,7.2,46,51.11,16,17.78
2013,SR Watson,Royal Challengers Bengaluru,1,6,5.0,4,66.67,1,16.67
2013,STR Binny,Rajasthan Royals,0,18,7.0,8,44.44,3,16.67
2013,SW Tait,Rajasthan Royals,0,18,8.0,8,44.44,4,22.22
2013,SW Tait,Royal Challengers Bengaluru,0,12,11.5,5,41.67,3,25.0
2013,TL Suman,Lucknow Super Giants,1,12,8.0,3,25.0,1,8.33
2013,UT Yadav,Delhi Capitals,2,108,7.61,51,47.22,20,18.52
2013,UT Yadav,Lucknow Super Giants,1,6,3.0,4,66.67,0,0.0
2013,UT Yadav,Punjab Kings,0,6,3.0,3,50.0,0,0.0
2013,UT Yadav,Royal Challengers Bengaluru,0,6,4.0,2,33.33,0,0.0
2013,V Sehwag,Delhi Capitals,0,6,9.0,0,0.0,1,16.67
2013,VS Malik,Rajasthan Royals,1,36,5.83,18,50.0,5,13.89
2013,WD Parnell,Lucknow Super Giants,3,30,8.8,13,43.33,6,20.0
2013,YK Pathan,Kolkata Knight Riders,0,12,9.5,5,41.67,3,25.0
2013,Yuvraj Singh,Lucknow Super Giants,0,12,6.5,2,16.67,1,8.33
2013,Yuvraj Singh,Punjab Kings,1,6,4.0,3,50.0,0,0.0
2013,Z Khan,Royal Challengers Bengaluru,3,18,4.67,9,50.0,1,5.56
2014,A Mishra,Delhi Capitals,1,6,8.0,1,16.67,1,16.67
2014,A Mishra,Punjab Kings,1,6,9.0,2,33.33,1,16.67
2014,A Mishra,Sunrisers Hyderabad,0,24,7.75,6,25.0,3,12.5
2014,A Nehra,Chennai Super Kings,1,18,11.67,5,27.78,7,38.89
2014,A Nehra,Royal Challengers Bengaluru,0,6,10.0,2,33.33,1,16.67
2014,AB Dinda,Punjab Kings,1,6,9.0,3,50.0,2,33.33
2014,AB Dinda,Royal Challengers Bengaluru,2,42,9.0,18,42.86,9,21.43
2014,AD Russell,Kolkata Knight Riders,0,6,8.0,2,33.33,1,16.67
2014,AN Ahmed,Royal Challengers Bengaluru,0,24,6.75,7,29.17,3,12.5
2014,Ankit Sharma,Rajasthan Royals,2,24,5.0,10,41.67,1,4.17
2014,AR Patel,Delhi Capitals,0,6,8.0,2,33.33,1,16.67
2014,AR Patel,Punjab Kings,1,60,6.9,19,31.67,8,13.33
2014,AR Patel,Royal Challengers Bengaluru,1,6,5.0,2,33.33,0,0.0
2014,B Kumar,Delhi Capitals,0,12,7.5,5,41.67,2,16.67
2014,B Kumar,Punjab Kings,0,12,4.0,9,75.0,1,8.33
2014,B Kumar,Royal Challengers Bengaluru,2,18,2.33,15,83.33,1,5.56
2014,B Kumar,Sunrisers Hyderabad,3,108,6.28,57,52.78,16,14.81
2014,BCJ Cutting,Rajasthan Royals,0,12,8.5,2,16.67,2,16.67
2014,BE Hendricks,Delhi Capitals,0,12,11.5,5,41.67,4,33.33
2014,BE Hendricks,Punjab Kings,0,24,10.5,9,37.5,5,20.83
2014,BW Hilfenhaus,Chennai Super Kings,3,42,6.0,23,54.76,5,11.9
2014,BW Hilfenhaus,Delhi Capitals,0,6,9.0,4,66.67,2,33.33
2014,BW Hilfenhaus,Punjab Kings,1,12,5.5,6,50.0,1,8.33
2014,CJ Anderson,Delhi Capitals,1,6,5.0,2,33.33,0,0.0
2014,CJ Anderson,Mumbai Indians,1,42,12.0,16,38.1,16,38.1
2014,DJG Sammy,Sunrisers Hyderabad,1,18,9.33,5,27.78,5,27.78
2014,DR Smith,Punjab Kings,0,6,7.0,2,33.33,1,16.67
2014,DS Kulkarni,Delhi Capitals,0,6,6.0,3,50.0,1,16.67
2014,DS Kulkarni,Rajasthan Royals,3,66,6.55,39,59.09,11,16.67
2014,DW Steyn,Delhi Capitals,1,6,4.0,5,83.33,1,16.67
2014,DW Steyn,Punjab Kings,0,6,12.0,3,50.0,3,50.0
2014,DW Steyn,Royal Challengers Bengaluru,0,6,8.0,4,66.67,2,33.33
2014,DW Steyn,Sunrisers Hyderabad,3,114,6.95,60,52.63,19,16.67
2014,Harbhajan Singh,Delhi Capitals,0,12,4.5,8,66.67,1,8.33
2014,Harbhajan Singh,Mumbai Indians,4,66,6.09,32,48.48,9,13.64
2014,Harbhajan Singh,Royal Challengers Bengaluru,0,6,4.0,4,66.67,0,0.0
2014,HV Patel,Royal Challengers Bengaluru,2,24,11.0,9,37.5,6,25.0
2014,I Sharma,Royal Challengers Bengaluru,0,6,16.0,3,50.0,3,50.0
2014,I Sharma,Sunrisers Hyderabad,1,12,7.5,5,41.67,2,16.67
2014,IC Pandey,Chennai Super Kings,3,126,7.76,63,50.0,26,20.63
2014,IC Pandey,Delhi Capitals,0,18,8.67,10,55.56,4,22.22
2014,IC Pandey,Punjab Kings,0,6,12.0,3,50.0,3,50.0
2014,IK Pathan,Punjab Kings,0,6,16.0,1,16.67,3,50.0
2014,IK Pathan,Sunrisers Hyderabad,0,6,16.0,3,50.0,3,50.0
2014,Imran Tahir,Delhi Capitals,1,18,7.67,5,27.78,1,5.56
2014,Iqbal Abdulla,Rajasthan Royals,0,6,9.0,1,16.67,1,16.67
2014,JA Morkel,Delhi Capitals,1,18,6.0,7,38.89,2,11.11
2014,JA Morkel,Punjab Kings,0,6,10.0,1,16.67,1,16.67
2014,JA Morkel,Royal Challengers Bengaluru,2,48,9.25,18,37.5,12,25.0
2014,JD Unadkat,Delhi Capitals,2,54,7.44,21,38.89,7,12.96
2014,JD Unadkat,Punjab Kings,1,12,1.5,10,83.33,0,0.0
2014,JDS Neesham,Delhi Capitals,0,12,11.0,2,16.67,3,25.0
2014,JDS Neesham,Punjab Kings,0,6,18.0,2,33.33,4,66.67
2014,JH Kallis,Delhi Capitals,0,6,6.0,3,50.0,1,16.67
2014,JH Kallis,Kolkata Knight Riders,2,24,7.75,8,33.33,3,12.5
2014,JJ Bumrah,Mumbai Indians,0,84,6.64,46,54.76,15,17.86
2014,JJ Bumrah,Punjab Kings,0,6,9.0,3,50.0,2,33.33
2014,JJ Bumrah,Royal Challengers Bengaluru,0,6,6.0,1,16.67,0,0.0
2014,JO Holder,Sunrisers Hyderabad,1,12,10.5,6,50.0,0,0.0
2014,JP Duminy,Delhi Capitals,0,30,6.8,7,23.33,2,6.67
2014,JP Duminy,Punjab Kings,0,6,12.0,2,33.33,1,16.67
2014,JP Duminy,Royal Challengers Bengaluru,0,12,8.0,5,41.67,2,16.67
2014,JP Faulkner,Delhi Capitals,1,6,2.0,4,66.67,0,0.0
2014,JP Faulkner,Punjab Kings,1,6,6.0,3,50.0,1,16.67
2014,JP Faulkner,Rajasthan Royals,3,78,10.38,21,26.92,17,21.79
2014,JP Faulkner,Royal Challengers Bengaluru,0,6,7.0,2,33.33,1,16.67
2014,JW Hastings,Chennai Super Kings,0,12,13.0,5,41.67,6,50.0
2014,K Santokie,Mumbai Indians,1,12,9.5,5,41.67,2,16.67
2014,K Santokie,Punjab Kings,0,6,12.0,2,33.33,2,33.33
2014,KA Pollard,Mumbai Indians,0,6,11.0,3,50.0,2,33.33
2014,Karanveer Singh,Punjab Kings,1,18,5.67,7,38.89,1,5.56
2014,KK Cooper,Punjab Kings,0,6,7.0,3,50.0,1,16.67
2014,KK Cooper,Rajasthan Royals,2,30,6.0,13,43.33,3,10.0
2014,KV Sharma,Delhi Capitals,0,6,14.0,1,16.67,2,33.33
2014,KV Sharma,Punjab Kings,0,6,5.0,4,66.67,1,16.67
2014,KV Sharma,Royal Challengers Bengaluru,1,6,2.0,4,66.67,0,0.0
2014,KV Sharma,Sunrisers Hyderabad,3,60,6.4,26,43.33,8,13.33
2014,KW Richardson,Delhi Capitals,0,6,7.0,2,33.33,1,16.67
2014,KW Richardson,Rajasthan Royals,3,54,5.89,24,44.44,6,11.11
2014,KW Richardson,Royal Challengers Bengaluru,1,6,1.0,5,83.33,0,0.0
2014,L Balaji,Punjab Kings,4,48,7.5,23,47.92,9,18.75
2014,L Balaji,Royal Challengers Bengaluru,0,6,8.0,4,66.67,2,33.33
2014,LR Shukla,Delhi Capitals,0,8,14.25,1,12.5,2,25.0
2014,M de Lange,Mumbai Indians,0,6,14.0,1,16.67,3,50.0
2014,M Kartik,Punjab Kings,1,12,10.5,5,41.67,4,33.33
2014,M Morkel,Kolkata Knight Riders,2,108,7.67,62,57.41,20,18.52
2014,M Morkel,Punjab Kings,3,30,5.2,22,73.33,4,13.33
2014,M Morkel,Royal Challengers Bengaluru,0,18,10.0,7,38.89,6,33.33
2014,M Muralitharan,Royal Challengers Bengaluru,0,30,8.8,14,46.67,6,20.0
2014,MA Starc,Delhi Capitals,1,6,8.0,3,50.0,1,16.67
2014,MA Starc,Punjab Kings,0,6,2.0,4,66.67,0,0.0
2014,MA Starc,Royal Challengers Bengaluru,4,108,7.33,52,48.15,19,17.59
2014,MC Henriques,Delhi Capitals,0,6,15.0,2,33.33,3,50.0
2014,MC Henriques,Sunrisers Hyderabad,1,18,13.67,5,27.78,8,44.44
2014,MG Johnson,Punjab Kings,4,156,8.65,69,44.23,32,20.51
2014,MG Johnson,Royal Challengers Bengaluru,0,12,4.5,9,75.0,2,16.67
2014,MM Sharma,Chennai Super Kings,2,90,9.4,39,43.33,25,27.78
2014,MM Sharma,Delhi Capitals,1,6,3.0,4,66.67,0,0.0
2014,MM Sharma,Punjab Kings,1,12,3.0,9,75.0,1,8.33
2014,MM Sharma,Royal Challengers Bengaluru,1,6,3.0,4,66.67,0,0.0
2014,Mohammed Shami,Delhi Capitals,1,102,8.53,42,41.18,23,22.55
2014,Mohammed Shami,Punjab Kings,1,12,8.5,6,50.0,2,16.67
2014,Mohammed Shami,Royal Challengers Bengaluru,0,12,7.0,6,50.0,2,16.67
2014,NM Coulter-Nile,Delhi Capitals,1,12,1.5,9,75.0,0,0.0
2014,P Awana,Punjab Kings,3,72,11.83,23,31.94,22,30.56
2014,P Kumar,Mumbai Indians,1,24,4.0,11,45.83,1,4.17
2014,P Kumar,Punjab Kings,0,12,1.0,10,83.33,0,0.0
2014,P Negi,Chennai Super Kings,0,6,8.0,1,16.67,0,0.0
2014,P Suyal,Mumbai Indians,0,6,28.0,0,0.0,5,83.33
2014,Parvez Rasool,Sunrisers Hyderabad,0,18,9.33,5,27.78,3,16.67
2014,PJ Cummins,Kolkata Knight Riders,1,12,8.0,9,75.0,3,25.0
2014,PP Chawla,Kolkata Knight Riders,0,6,10.0,3,50.0,2,33.33
2014,PP Ojha,Delhi Capitals,0,6,6.0,3,50.0,1,16.67
2014,PP Ojha,Mumbai Indians,3,84,7.86,35,41.67,13,15.48
2014,PP Ojha,Punjab Kings,0,6,14.0,3,50.0,2,33.33
2014,PV Tambe,Delhi Capitals,0,6,11.0,2,33.33,2,33.33
2014,PV Tambe,Rajasthan Royals,1,36,7.5,14,38.89,5,13.89
2014,PV Tambe,Royal Challengers Bengaluru,0,6,9.0,3,50.0,2,33.33
2014,R Ashwin,Chennai Super Kings,5,96,6.13,46,47.92,11,11.46
2014,R Ashwin,Royal Challengers Bengaluru,1,6,3.0,3,50.0,0,0.0
2014,R Bhatia,Delhi Capitals,0,6,4.0,2,33.33,0,0.0
2014,R Bhatia,Rajasthan Royals,1,18,7.67,5,27.78,2,11.11
2014,R Dhawan,Delhi Capitals,0,6,11.0,2,33.33,2,33.33
2014,R Dhawan,Punjab Kings,0,36,9.33,10,27.78,8,22.22
2014,R Rampaul,Royal Challengers Bengaluru,1,30,6.2,15,50.0,4,13.33
2014,R Sharma,Delhi Capitals,0,6,9.0,1,16.67,1,16.67
2014,R Shukla,Delhi Capitals,1,18,10.67,6,33.33,6,33.33
2014,R Shukla,Royal Challengers Bengaluru,1,6,1.0,5,83.33,0,0.0
2014,R Tewatia,Punjab Kings,0,6,3.0,3,50.0,0,0.0
2014,R Tewatia,Royal Challengers Bengaluru,0,6,2.0,4,66.67,0,0.0
2014,R Vinay Kumar,Kolkata Knight Riders,1,54,7.67,22,40.74,8,14.81
2014,R Vinay Kumar,Royal Challengers Bengaluru,0,6,12.0,1,16.67,2,33.33
2014,RA Jadeja,Chennai Super Kings,4,30,5.6,17,56.67,3,10.0
2014,RA Jadeja,Delhi Capitals,0,6,3.0,4,66.67,0,0.0
2014,S Badree,Chennai Super Kings,1,42,7.43,21,50.0,6,14.29
2014,S Badree,Royal Challengers Bengaluru,0,12,8.0,8,66.67,4,33.33
2014,S Gopal,Mumbai Indians,1,6,4.0,5,83.33,1,16.67
2014,S Gopal,Punjab Kings,0,6,11.0,1,16.67,1,16.67
2014,S Kaul,Delhi Capitals,1,36,9.83,12,33.33,8,22.22
2014,S Kaul,Royal Challengers Bengaluru,0,6,5.0,4,66.67,1,16.67
2014,S Nadeem,Delhi Capitals,2,42,7.57,14,33.33,6,14.29
2014,Sandeep Sharma,Delhi Capitals,1,12,9.0,5,41.67,2,16.67
2014,Sandeep Sharma,Punjab Kings,8,108,8.5,53,49.07,23,21.3
2014,Sandeep Sharma,Royal Challengers Bengaluru,3,12,6.5,8,66.67,2,16.67
2014,SB Jakati,Royal Challengers Bengaluru,0,6,15.0,0,0.0,2,33.33
2014,Shakib Al Hasan,Delhi Capitals,0,12,2.5,7,58.33,0,0.0
2014,Shakib Al Hasan,Kolkata Knight Riders,2,66,5.82,32,48.48,8,12.12
2014,Shakib Al Hasan,Punjab Kings,0,6,15.0,1,16.67,2,33.33
2014,Shivam Sharma,Punjab Kings,0,6,2.0,5,83.33,0,0.0
2014,SK Raina,Chennai Super Kings,0,6,10.0,2,33.33,1,16.67
2014,SK Raina,Royal Challengers Bengaluru,0,6,5.0,4,66.67,0,0.0
2014,SL Malinga,Delhi Capitals,0,7,6.86,5,71.43,0,0.0
2014,SL Malinga,Mumbai Indians,2,54,4.78,28,51.85,3,5.56
2014,SL Malinga,Royal Challengers Bengaluru,1,12,6.0,7,58.33,2,16.67
2014,SP Narine,Delhi Capitals,0,6,6.0,3,50.0,1,16.67
2014,SP Narine,Kolkata Knight Riders,3,72,5.83,43,59.72,10,13.89
2014,SP Narine,Punjab Kings,0,18,6.0,6,33.33,2,11.11
2014,SP Narine,Royal Challengers Bengaluru,0,6,1.0,5,83.33,0,0.0
2014,SR Watson,Delhi Capitals,0,6,11.0,2,33.33,1,16.67
2014,SR Watson,Punjab Kings,0,12,8.0,8,66.67,3,25.0
2014,SR Watson,Rajasthan Royals,2,30,8.6,15,50.0,8,26.67
2014,SR Watson,Royal Challengers Bengaluru,0,12,5.0,8,66.67,2,16.67
2014,STR Binny,Rajasthan Royals,0,6,12.0,1,16.67,2,33.33
2014,TG Southee,Rajasthan Royals,0,36,6.5,19,52.78,5,13.89
2014,UT Yadav,Delhi Capitals,1,12,7.0,6,50.0,2,16.67
2014,UT Yadav,Kolkata Knight Riders,3,84,7.36,37,44.05,15,17.86
2014,UT Yadav,Punjab Kings,1,18,8.33,5,27.78,3,16.67
2014,UT Yadav,Royal Challengers Bengaluru,0,6,10.0,2,33.33,2,33.33
2014,VR Aaron,Delhi Capitals,1,12,2.5,10,83.33,0,0.0
2014,VR Aaron,Punjab Kings,1,12,5.0,6,50.0,1,8.33
2014,VR Aaron,Royal Challengers Bengaluru,3,72,7.5,31,43.06,10,13.89
2014,VS Malik,Punjab Kings,0,6,9.0,3,50.0,2,33.33
2014,WD Parnell,Delhi Capitals,2,78,8.46,40,51.28,19,24.36
2014,Y Venugopal Rao,Sunrisers Hyderabad,0,6,9.0,1,16.67,1,16.67
2014,YS Chahal,Punjab Kings,0,6,7.0,1,16.67,0,0.0
2014,YS Chahal,Royal Challengers Bengaluru,1,30,6.8,5,16.67,3,10.0
2014,Yuvraj Singh,Royal Challengers Bengaluru,0,18,9.33,5,27.78,3,16.67
2014,Z Khan,Delhi Capitals,0,6,2.0,4,66.67,0,0.0
2014,Z Khan,Mumbai Indians,2,42,7.43,16,38.1,6,14.29
2014,Z Khan,Royal Challengers Bengaluru,2,12,3.5,8,66.67,1,8.33
2015,A Mishra,Delhi Capitals,0,18,7.67,6,33.33,3,16.67
2015,A Nehra,Chennai Super Kings,7,192,8.0,84,43.75,39,20.31
2015,A Nehra,Punjab Kings,1,6,4.0,5,83.33,1,16.67
2015,A Nehra,Royal Challengers Bengaluru,2,18,3.33,9,50.0,0,0.0
2015,AB Dinda,Royal Challengers Bengaluru,0,24,11.25,3,12.5,4,16.67
2015,AD Mathews,Delhi Capitals,4,48,9.63,19,39.58,14,29.17
2015,AD Mathews,Punjab Kings,1,12,6.5,6,50.0,2,16.67
2015,AD Russell,Delhi Capitals,0,6,8.0,1,16.67,1,16.67
2015,AD Russell,Kolkata Knight Riders,0,36,6.83,18,50.0,6,16.67
2015,AD Russell,Punjab Kings,1,6,14.0,1,16.67,3,50.0
2015,AN Ahmed,Royal Challengers Bengaluru,0,30,7.0,15,50.0,6,20.0
2015,Ankit Sharma,Rajasthan Royals,2,18,3.67,11,61.11,1,5.56
2015,Ankit Sharma,Royal Challengers Bengaluru,0,6,3.0,3,50.0,0,0.0
2015,Anureet Singh,Delhi Capitals,0,12,5.5,5,41.67,1,8.33
2015,Anureet Singh,Punjab Kings,6,108,8.22,50,46.3,22,20.37
2015,Anureet Singh,Royal Challengers Bengaluru,0,12,5.0,5,41.67,1,8.33
2015,AR Patel,Punjab Kings,2,30,7.4,10,33.33,4,13.33
2015,Azhar Mahmood,Kolkata Knight Riders,0,6,14.0,1,16.67,2,33.33
2015,B Kumar,Delhi Capitals,1,6,2.0,4,66.67,0,0.0
2015,B Kumar,Punjab Kings,1,12,4.5,7,58.33,1,8.33
2015,B Kumar,Royal Challengers Bengaluru,0,12,7.0,7,58.33,3,25.0
2015,B Kumar,Sunrisers Hyderabad,2,101,9.09,47,46.53,23,22.77
2015,BB Sran,Rajasthan Royals,0,12,10.5,5,41.67,3,25.0
2015,BE Hendricks,Punjab Kings,1,30,10.6,8,26.67,7,23.33
2015,Bipul Sharma,Sunrisers Hyderabad,2,12,6.5,7,58.33,2,16.67
2015,CH Morris,Delhi Capitals,0,6,5.0,4,66.67,1,16.67
2015,CH Morris,Punjab Kings,0,6,10.0,3,50.0,1,16.67
2015,CH Morris,Rajasthan Royals,2,66,7.45,39,59.09,13,19.7
2015,CH Morris,Royal Challengers Bengaluru,0,6,10.0,3,50.0,2,33.33
2015,CJ Anderson,Mumbai Indians,1,12,10.5,5,41.67,3,25.0
2015,D Wiese,Delhi Capitals,1,6,4.0,4,66.67,0,0.0
2015,D Wiese,Punjab Kings,1,12,8.5,4,33.33,2,16.67
2015,D Wiese,Royal Challengers Bengaluru,4,66,7.82,24,36.36,11,16.67
2015,DJ Hooda,Delhi Capitals,0,6,5.0,1,16.67,0,0.0
2015,DJ Hooda,Rajasthan Royals,0,12,8.5,5,41.67,3,25.0
2015,DJ Muthuswami,Delhi Capitals,3,48,8.38,25,52.08,12,25.0
2015,DJ Muthuswami,Punjab Kings,0,18,8.67,7,38.89,3,16.67
2015,DJG Sammy,Royal Challengers Bengaluru,0,6,8.0,1,16.67,1,16.67
2015,DS Kulkarni,Delhi Capitals,0,6,18.0,1,16.67,4,66.67
2015,DS Kulkarni,Punjab Kings,0,12,6.0,7,58.33,2,16.67
2015,DS Kulkarni,Rajasthan Royals,5,78,7.31,41,52.56,16,20.51
2015,DS Kulkarni,Royal Challengers Bengaluru,1,24,8.5,13,54.17,7,29.17
2015,DW Steyn,Sunrisers Hyderabad,1,54,9.0,19,35.19,13,24.07
2015,GB Hogg,Kolkata Knight Riders,3,24,3.25,14,58.33,1,4.17
2015,GB Hogg,Royal Challengers Bengaluru,1,12,11.5,4,33.33,3,25.0
2015,GJ Maxwell,Punjab Kings,1,12,5.0,8,66.67,1,8.33
2015,GS Sandhu,Delhi Capitals,0,6,7.0,3,50.0,1,16.67
2015,Gurkeerat Singh,Punjab Kings,0,18,7.67,6,33.33,3,16.67
2015,Harbhajan Singh,Delhi Capitals,0,12,6.0,3,25.0,1,8.33
2015,Harbhajan Singh,Mumbai Indians,3,36,10.17,12,33.33,10,27.78
2015,Harbhajan Singh,Royal Challengers Bengaluru,1,12,7.0,6,50.0,2,16.67
2015,HH Pandya,Mumbai Indians,0,6,7.0,2,33.33,1,16.67
2015,HV Patel,Delhi Capitals,0,6,4.0,2,33.33,0,0.0
2015,HV Patel,Punjab Kings,2,6,7.0,2,33.33,1,16.67
2015,HV Patel,Royal Challengers Bengaluru,4,108,8.06,44,40.74,22,20.37
2015,I Sharma,Delhi Capitals,0,12,11.5,6,50.0,5,41.67
2015,I Sharma,Sunrisers Hyderabad,1,36,8.17,18,50.0,8,22.22
2015,IC Pandey,Chennai Super Kings,3,60,8.5,30,50.0,15,25.0
2015,IC Pandey,Delhi Capitals,2,18,7.33,10,55.56,4,22.22
2015,IC Pandey,Punjab Kings,1,18,7.33,8,44.44,3,16.67
2015,Imran Tahir,Delhi Capitals,0,18,6.0,6,33.33,2,11.11
2015,Iqbal Abdulla,Royal Challengers Bengaluru,0,24,8.0,8,33.33,4,16.67
2015,J Botha,Kolkata Knight Riders,0,30,6.4,9,30.0,3,10.0
2015,J Suchith,Mumbai Indians,1,54,9.67,17,31.48,12,22.22
2015,J Suchith,Punjab Kings,1,12,7.0,2,16.67,1,8.33
2015,J Theron,Rajasthan Royals,0,6,12.0,1,16.67,2,33.33
2015,J Yadav,Delhi Capitals,0,6,6.0,1,16.67,0,0.0
2015,JA Morkel,Delhi Capitals,0,18,9.33,6,33.33,4,22.22
2015,JD Unadkat,Delhi Capitals,0,6,13.0,1,16.67,2,33.33
2015,JJ Bumrah,Delhi Capitals,0,6,14.0,3,50.0,2,33.33
2015,JJ Bumrah,Mumbai Indians,0,18,7.33,5,27.78,2,11.11
2015,JJ Bumrah,Royal Challengers Bengaluru,0,6,7.0,4,66.67,0,0.0
2015,JP Duminy,Delhi Capitals,3,42,7.71,13,30.95,7,16.67
2015,JP Faulkner,Punjab Kings,1,12,4.5,7,58.33,1,8.33
2015,JP Faulkner,Rajasthan Royals,0,42,8.43,16,38.1,8,19.05
2015,JP Faulkner,Royal Challengers Bengaluru,0,12,9.5,3,25.0,3,25.0
2015,Karanveer Singh,Punjab Kings,0,12,15.5,2,16.67,4,33.33
2015,KC Cariappa,Kolkata Knight Riders,0,6,12.0,2,33.33,2,33.33
2015,KV Sharma,Punjab Kings,0,6,6.0,1,16.67,0,0.0
2015,KV Sharma,Sunrisers Hyderabad,1,36,8.0,10,27.78,3,8.33
2015,M de Lange,Mumbai Indians,0,12,2.5,12,100.0,0,0.0
2015,M Morkel,Delhi Capitals,1,12,6.0,8,66.67,2,16.67
2015,M Morkel,Kolkata Knight Riders,4,72,8.33,30,41.67,14,19.44
2015,M Morkel,Punjab Kings,1,18,6.67,9,50.0,3,16.67
2015,M Vijay,Punjab Kings,0,6,5.0,1,16.67,0,0.0
2015,MA Starc,Delhi Capitals,0,6,7.0,3,50.0,1,16.67
2015,MA Starc,Royal Challengers Bengaluru,0,48,8.38,21,43.75,12,25.0
2015,MC Henriques,Delhi Capitals,0,6,7.0,2,33.33,1,16.67
2015,MC Henriques,Sunrisers Hyderabad,4,30,5.8,17,56.67,4,13.33
2015,MG Johnson,Punjab Kings,2,54,9.56,24,44.44,15,27.78
2015,MG Johnson,Royal Challengers Bengaluru,0,18,12.0,9,50.0,6,33.33
2015,MJ McClenaghan,Delhi Capitals,0,6,10.0,4,66.67,2,33.33
2015,MJ McClenaghan,Mumbai Indians,4,96,8.13,47,48.96,21,21.88
2015,MJ McClenaghan,Punjab Kings,0,6,12.0,2,33.33,2,33.33
2015,MJ McClenaghan,Royal Challengers Bengaluru,0,6,8.0,4,66.67,2,33.33
2015,MM Sharma,Chennai Super Kings,4,132,8.95,52,39.39,27,20.45
2015,MM Sharma,Delhi Capitals,0,12,8.5,4,33.33,3,25.0
2015,MM Sharma,Royal Challengers Bengaluru,0,18,8.67,7,38.89,3,16.67
2015,NLTC Perera,Delhi Capitals,0,6,9.0,0,0.0,1,16.67
2015,NLTC Perera,Punjab Kings,1,6,7.0,2,33.33,1,16.67
2015,NM Coulter-Nile,Delhi Capitals,6,120,6.9,60,50.0,19,15.83
2015,NM Coulter-Nile,Punjab Kings,0,6,5.0,5,83.33,1,16.67
2015,P Kumar,Delhi Capitals,0,6,13.0,2,33.33,3,50.0
2015,P Kumar,Punjab Kings,0,6,15.0,2,33.33,3,50.0
2015,P Kumar,Royal Challengers Bengaluru,1,6,8.0,4,66.67,2,33.33
2015,P Kumar,Sunrisers Hyderabad,3,72,8.25,35,48.61,15,20.83
2015,P Negi,Chennai Super Kings,0,24,6.5,4,16.67,1,4.17
2015,P Negi,Punjab Kings,1,6,10.0,1,16.67,1,16.67
2015,P Suyal,Mumbai Indians,0,30,9.6,11,36.67,7,23.33
2015,Parvez Rasool,Delhi Capitals,0,6,6.0,2,33.33,0,0.0
2015,PJ Cummins,Kolkata Knight Riders,0,12,14.0,4,33.33,5,41.67
2015,PJ Cummins,Royal Challengers Bengaluru,0,6,14.0,0,0.0,2,33.33
2015,PP Chawla,Delhi Capitals,0,6,9.0,2,33.33,0,0.0
2015,PP Chawla,Kolkata Knight Riders,2,18,8.67,9,50.0,5,27.78
2015,PP Chawla,Royal Challengers Bengaluru,1,12,10.5,3,25.0,3,25.0
2015,PP Ojha,Mumbai Indians,0,6,11.0,1,16.67,1,16.67
2015,PV Tambe,Delhi Capitals,1,12,2.5,7,58.33,0,0.0
2015,PV Tambe,Rajasthan Royals,1,30,8.0,12,40.0,4,13.33
2015,PV Tambe,Royal Challengers Bengaluru,0,6,15.0,1,16.67,3,50.0
2015,R Ashwin,Chennai Super Kings,1,48,6.63,25,52.08,6,12.5
2015,R Ashwin,Delhi Capitals,0,6,4.0,5,83.33,1,16.67
2015,R Ashwin,Punjab Kings,0,6,2.0,4,66.67,0,0.0
2015,R Dhawan,Punjab Kings,0,24,7.5,5,20.83,2,8.33
2015,R Tewatia,Rajasthan Royals,0,6,7.0,3,50.0,1,16.67
2015,R Vinay Kumar,Mumbai Indians,4,120,7.7,53,44.17,24,20.0
2015,R Vinay Kumar,Punjab Kings,0,12,4.0,7,58.33,1,8.33
2015,RA Jadeja,Chennai Super Kings,1,36,6.5,18,50.0,6,16.67
2015,RG More,Chennai Super Kings,0,6,15.0,0,0.0,3,50.0
2015,RS Bopara,Royal Challengers Bengaluru,0,6,10.0,1,16.67,0,0.0
2015,RS Bopara,Sunrisers Hyderabad,0,6,6.0,1,16.67,0,0.0
2015,S Aravind,Punjab Kings,0,12,15.5,2,16.67,5,41.67
2015,S Aravind,Royal Challengers Bengaluru,5,60,5.1,29,48.33,5,8.33
2015,S Nadeem,Delhi Capitals,0,18,6.0,9,50.0,2,11.11
2015,SA Abbott,Royal Challengers Bengaluru,0,6,9.0,2,33.33,1,16.67
2015,Sandeep Sharma,Delhi Capitals,0,12,4.5,8,66.67,1,8.33
2015,Sandeep Sharma,Punjab Kings,5,132,7.95,61,46.21,28,21.21
2015,Sandeep Sharma,Royal Challengers Bengaluru,0,6,24.0,0,0.0,4,66.67
2015,Shakib Al Hasan,Kolkata Knight Riders,3,30,8.0,15,50.0,6,20.0
2015,SK Raina,Chennai Super Kings,0,6,4.0,3,50.0,0,0.0
2015,SL Malinga,Delhi Capitals,0,12,4.5,8,66.67,1,8.33
2015,SL Malinga,Mumbai Indians,2,78,7.54,34,43.59,14,17.95
2015,SL Malinga,Punjab Kings,1,6,7.0,3,50.0,1,16.67
2015,SL Malinga,Royal Challengers Bengaluru,0,12,2.0,8,66.67,0,0.0
2015,SN Thakur,Delhi Capitals,0,6,19.0,2,33.33,3,50.0
2015,SP Narine,Delhi Capitals,1,6,4.0,5,83.33,1,16.67
2015,SP Narine,Kolkata Knight Riders,1,48,5.0,26,54.17,6,12.5
2015,SP Narine,Punjab Kings,0,6,2.0,4,66.67,0,0.0
2015,SR Watson,Rajasthan Royals,3,30,5.8,16,53.33,4,13.33
2015,SR Watson,Royal Challengers Bengaluru,0,12,4.5,6,50.0,0,0.0
2015,STR Binny,Rajasthan Royals,2,36,7.33,19,52.78,6,16.67
2015,TA Boult,Punjab Kings,1,12,4.0,7,58.33,0,0.0
2015,TA Boult,Royal Challengers Bengaluru,0,12,7.0,9,75.0,2,16.67
2015,TA Boult,Sunrisers Hyderabad,0,42,8.29,19,45.24,10,23.81
2015,TG Southee,Delhi Capitals,0,6,13.0,1,16.67,2,33.33
2015,TG Southee,Punjab Kings,0,6,11.0,2,33.33,2,33.33
2015,TG Southee,Rajasthan Royals,0,24,5.75,15,62.5,3,12.5
2015,TG Southee,Royal Challengers Bengaluru,1,6,6.0,3,50.0,1,16.67
2015,UT Yadav,Delhi Capitals,0,6,7.0,2,33.33,1,16.67
2015,UT Yadav,Kolkata Knight Riders,1,66,9.36,30,45.45,20,30.3
2015,UT Yadav,Punjab Kings,0,6,12.0,3,50.0,2,33.33
2015,UT Yadav,Royal Challengers Bengaluru,0,6,18.0,2,33.33,3,50.0
2015,VR Aaron,Delhi Capitals,2,18,7.67,9,50.0,3,16.67
2015,VR Aaron,Royal Challengers Bengaluru,0,48,10.5,23,47.92,15,31.25
2015,YK Pathan,Kolkata Knight Riders,0,12,13.0,3,25.0,4,33.33
2015,YS Chahal,Punjab Kings,1,6,16.0,1,16.67,2,33.33
2015,YS Chahal,Royal Challengers Bengaluru,3,48,10.13,15,31.25,13,27.08
2015,Yuvraj Singh,Delhi Capitals,0,6,5.0,2,33.33,0,0.0
2015,Z Khan,Delhi Capitals,4,78,5.23,50,64.1,10,12.82
2015,Z Khan,Royal Challengers Bengaluru,0,1,0.0,1,100.0,0,0.0
2016,A Mishra,Delhi Capitals,2,30,5.2,13,43.33,2,6.67
2016,A Mishra,Gujarat Titans,0,6,4.0,2,33.33,0,0.0
2016,A Nehra,Lucknow Super Giants,0,12,7.0,7,58.33,3,25.0
2016,A Nehra,Punjab Kings,0,12,11.5,3,25.0,4,33.33
2016,A Nehra,Royal Challengers Bengaluru,0,6,15.0,3,50.0,3,50.0
2016,A Nehra,Sunrisers Hyderabad,4,66,6.45,37,56.06,10,15.15
2016,A Zampa,Lucknow Super Giants,0,6,9.0,2,33.33,0,0.0
2016,A Zampa,Royal Challengers Bengaluru,0,6,4.0,2,33.33,0,0.0
2016,AB Dinda,Delhi Capitals,1,12,9.5,5,41.67,2,16.67
2016,AB Dinda,Lucknow Super Giants,4,72,7.17,37,51.39,13,18.06
2016,AB Dinda,Royal Challengers Bengaluru,0,12,7.5,3,25.0,1,8.33
2016,AD Russell,Delhi Capitals,0,12,7.5,5,41.67,2,16.67
2016,AD Russell,Kolkata Knight Riders,5,42,8.86,20,47.62,9,21.43
2016,AD Russell,Lucknow Super Giants,0,12,8.0,3,25.0,2,16.67
2016,AD Russell,Royal Challengers Bengaluru,0,12,4.5,5,41.67,0,0.0
2016,AF Milne,Royal Challengers Bengaluru,0,6,13.0,1,16.67,2,33.33
2016,Ankit Sharma,Lucknow Super Giants,0,6,8.0,1,16.67,1,16.67
2016,Ankit Sharma,Punjab Kings,0,12,8.5,4,33.33,2,16.67
2016,Anureet Singh,Punjab Kings,0,18,6.67,5,27.78,2,11.11
2016,AR Patel,Delhi Capitals,0,6,8.0,2,33.33,1,16.67
2016,AR Patel,Gujarat Titans,3,12,4.5,7,58.33,1,8.33
2016,AR Patel,Lucknow Super Giants,1,6,3.0,3,50.0,0,0.0
2016,AR Patel,Punjab Kings,0,54,8.33,14,25.93,9,16.67
2016,AR Patel,Royal Challengers Bengaluru,0,6,10.0,2,33.33,2,33.33
2016,AS Rajpoot,Gujarat Titans,0,12,12.0,3,25.0,2,16.67
2016,AS Rajpoot,Kolkata Knight Riders,0,18,6.33,7,38.89,2,11.11
2016,B Kumar,Delhi Capitals,0,6,4.0,5,83.33,1,16.67
2016,B Kumar,Gujarat Titans,0,12,6.5,6,50.0,2,16.67
2016,B Kumar,Lucknow Super Giants,0,12,2.5,7,58.33,0,0.0
2016,B Kumar,Punjab Kings,0,6,3.0,3,50.0,0,0.0
2016,B Kumar,Royal Challengers Bengaluru,1,18,9.0,7,38.89,4,22.22
2016,B Kumar,Sunrisers Hyderabad,3,72,7.5,27,37.5,12,16.67
2016,BB Sran,Delhi Capitals,1,12,8.0,6,50.0,3,25.0
2016,BB Sran,Gujarat Titans,0,18,11.0,6,33.33,5,27.78
2016,BB Sran,Lucknow Super Giants,0,6,5.0,4,66.67,1,16.67
2016,BB Sran,Royal Challengers Bengaluru,0,12,14.5,5,41.67,4,33.33
2016,BB Sran,Sunrisers Hyderabad,4,90,8.0,41,45.56,16,17.78
2016,BCJ Cutting,Gujarat Titans,0,6,8.0,1,16.67,1,16.67
2016,BCJ Cutting,Punjab Kings,0,6,10.0,2,33.33,2,33.33
2016,BCJ Cutting,Royal Challengers Bengaluru,0,6,13.0,1,16.67,2,33.33
2016,Bipul Sharma,Gujarat Titans,0,6,6.0,3,50.0,1,16.67
2016,Bipul Sharma,Sunrisers Hyderabad,0,6,17.0,0,0.0,3,50.0
2016,CH Gayle,Royal Challengers Bengaluru,0,18,8.0,8,44.44,3,16.67
2016,CH Morris,Delhi Capitals,1,72,7.5,36,50.0,11,15.28
2016,CH Morris,Gujarat Titans,0,12,6.0,7,58.33,2,16.67
2016,CH Morris,Lucknow Super Giants,1,12,6.5,7,58.33,2,16.67
2016,CH Morris,Punjab Kings,1,12,8.5,5,41.67,3,25.0
2016,CH Morris,Royal Challengers Bengaluru,0,12,9.0,4,33.33,3,25.0
2016,CJ Jordan,Delhi Capitals,0,6,8.0,3,50.0,1,16.67
2016,CJ Jordan,Gujarat Titans,0,6,10.0,2,33.33,1,16.67
2016,CJ Jordan,Punjab Kings,0,6,13.0,0,0.0,2,33.33
2016,CJ Jordan,Royal Challengers Bengaluru,2,24,9.0,10,41.67,6,25.0
2016,CR Brathwaite,Delhi Capitals,0,24,6.75,10,41.67,4,16.67
2016,DJ Bravo,Delhi Capitals,0,6,6.0,1,16.67,0,0.0
2016,DJ Bravo,Gujarat Titans,0,12,10.5,4,33.33,3,25.0
2016,DJ Hooda,Gujarat Titans,0,6,9.0,1,16.67,1,16.67
2016,DJ Hooda,Sunrisers Hyderabad,1,24,5.25,12,50.0,2,8.33
2016,DL Chahar,Lucknow Super Giants,0,24,8.75,11,45.83,5,20.83
2016,DR Smith,Gujarat Titans,6,36,5.83,20,55.56,5,13.89
2016,DS Kulkarni,Delhi Capitals,3,18,4.0,12,66.67,2,11.11
2016,DS Kulkarni,Gujarat Titans,10,150,7.08,73,48.67,29,19.33
2016,DS Kulkarni,Lucknow Super Giants,0,18,8.33,4,22.22,3,16.67
2016,DS Kulkarni,Royal Challengers Bengaluru,1,12,5.5,7,58.33,2,16.67
2016,DW Steyn,Gujarat Titans,0,6,7.0,2,33.33,0,0.0
2016,GB Hogg,Kolkata Knight Riders,0,12,6.5,6,50.0,2,16.67
2016,GJ Maxwell,Punjab Kings,0,12,11.0,5,41.67,4,33.33
2016,Harbhajan Singh,Mumbai Indians,1,42,8.14,15,35.71,7,16.67
2016,HH Pandya,Delhi Capitals,1,6,7.0,2,33.33,1,16.67
2016,HH Pandya,Mumbai Indians,0,24,10.25,4,16.67,4,16.67
2016,HV Patel,Lucknow Super Giants,0,12,7.5,5,41.67,2,16.67
2016,HV Patel,Royal Challengers Bengaluru,0,24,11.0,11,45.83,6,25.0
2016,I Sharma,Gujarat Titans,0,12,8.5,4,33.33,3,25.0
2016,I Sharma,Lucknow Super Giants,2,30,8.4,19,63.33,6,20.0
2016,I Sharma,Punjab Kings,0,12,11.5,6,50.0,5,41.67
2016,IK Pathan,Lucknow Super Giants,0,12,3.0,6,50.0,0,0.0
2016,Iqbal Abdulla,Gujarat Titans,2,18,8.33,8,44.44,5,27.78
2016,Iqbal Abdulla,Royal Challengers Bengaluru,1,12,6.5,5,41.67,2,16.67
2016,J Yadav,Delhi Capitals,0,36,8.5,15,41.67,8,22.22
2016,JA Morkel,Lucknow Super Giants,0,12,17.0,2,16.67,6,50.0
2016,JD Unadkat,Kolkata Knight Riders,0,6,19.0,1,16.67,4,66.67
2016,JJ Bumrah,Delhi Capitals,0,6,7.0,3,50.0,1,16.67
2016,JJ Bumrah,Gujarat Titans,0,12,13.5,4,33.33,5,41.67
2016,JJ Bumrah,Lucknow Super Giants,0,6,10.0,3,50.0,2,33.33
2016,JJ Bumrah,Mumbai Indians,1,72,6.42,33,45.83,8,11.11
2016,JJ Bumrah,Punjab Kings,1,6,5.0,1,16.67,0,0.0
2016,JJ Bumrah,Royal Challengers Bengaluru,0,6,1.0,5,83.33,0,0.0
2016,JO Holder,Delhi Capitals,0,12,9.0,5,41.67,3,25.0
2016,JO Holder,Kolkata Knight Riders,0,12,3.5,5,41.67,0,0.0
2016,JP Faulkner,Punjab Kings,0,6,14.0,2,33.33,3,50.0
2016,JW Hastings,Kolkata Knight Riders,1,24,6.0,15,62.5,4,16.67
2016,KC Cariappa,Gujarat Titans,0,6,2.0,4,66.67,0,0.0
2016,KC Cariappa,Punjab Kings,0,12,8.5,4,33.33,2,16.67
2016,KC Cariappa,Royal Challengers Bengaluru,0,12,18.5,3,25.0,5,41.67
2016,KH Pandya,Delhi Capitals,0,6,6.0,1,16.67,0,0.0
2016,KH Pandya,Gujarat Titans,0,12,14.0,2,16.67,5,41.67
2016,KH Pandya,Lucknow Super Giants,0,12,14.0,4,33.33,4,33.33
2016,KH Pandya,Mumbai Indians,0,12,6.0,6,50.0,2,16.67
2016,KH Pandya,Punjab Kings,0,6,10.0,1,16.67,1,16.67
2016,KH Pandya,Royal Challengers Bengaluru,0,12,5.0,4,33.33,0,0.0
2016,KJ Abbott,Lucknow Super Giants,0,6,7.0,2,33.33,1,16.67
2016,KJ Abbott,Punjab Kings,0,30,9.6,9,30.0,7,23.33
2016,KJ Abbott,Royal Challengers Bengaluru,0,6,18.0,2,33.33,3,50.0
2016,KS Williamson,Sunrisers Hyderabad,0,6,7.0,2,33.33,1,16.67
2016,KV Sharma,Punjab Kings,0,6,4.0,2,33.33,0,0.0
2016,KV Sharma,Sunrisers Hyderabad,0,12,6.0,2,16.67,0,0.0
2016,KW Richardson,Gujarat Titans,1,12,18.5,4,33.33,6,50.0
2016,KW Richardson,Lucknow Super Giants,1,12,3.0,9,75.0,1,8.33
2016,KW Richardson,Royal Challengers Bengaluru,2,18,6.33,10,55.56,3,16.67
2016,M Ashwin,Gujarat Titans,0,6,20.0,1,16.67,4,66.67
2016,M Ashwin,Lucknow Super Giants,0,6,13.0,3,50.0,2,33.33
2016,M Morkel,Gujarat Titans,1,12,10.5,4,33.33,3,25.0
2016,M Morkel,Kolkata Knight Riders,3,78,8.08,43,55.13,20,25.64
2016,M Morkel,Lucknow Super Giants,0,6,11.0,3,50.0,2,33.33
2016,M Morkel,Punjab Kings,1,12,7.5,5,41.67,2,16.67
2016,M Morkel,Royal Challengers Bengaluru,1,12,9.5,4,33.33,2,16.67
2016,M Vijay,Punjab Kings,0,6,8.0,2,33.33,1,16.67
2016,MC Henriques,Delhi Capitals,0,6,8.0,2,33.33,1,16.67
2016,MC Henriques,Gujarat Titans,0,6,5.0,1,16.67,0,0.0
2016,MC Henriques,Lucknow Super Giants,0,6,5.0,1,16.67,0,0.0
2016,MC Henriques,Royal Challengers Bengaluru,0,12,6.5,6,50.0,1,8.33
2016,MC Henriques,Sunrisers Hyderabad,0,30,6.2,11,36.67,3,10.0
2016,MG Johnson,Delhi Capitals,0,12,5.5,4,33.33,1,8.33
2016,MG Johnson,Punjab Kings,0,24,10.75,9,37.5,8,33.33
2016,MJ McClenaghan,Delhi Capitals,1,12,6.5,7,58.33,2,16.67
2016,MJ McClenaghan,Gujarat Titans,0,6,18.0,2,33.33,4,66.67
2016,MJ McClenaghan,Lucknow Super Giants,1,12,7.5,7,58.33,2,16.67
2016,MJ McClenaghan,Mumbai Indians,2,96,7.94,43,44.79,19,19.79
2016,MJ McClenaghan,Punjab Kings,0,12,8.0,3,25.0,2,16.67
2016,MJ McClenaghan,Royal Challengers Bengaluru,1,12,4.5,6,50.0,1,8.33
2016,MM Sharma,Delhi Capitals,0,6,3.0,4,66.67,0,0.0
2016,MM Sharma,Gujarat Titans,2,12,6.5,4,33.33,1,8.33
2016,MM Sharma,Lucknow Super Giants,0,12,11.5,5,41.67,4,33.33
2016,MM Sharma,Punjab Kings,1,78,7.85,28,35.9,15,19.23
2016,MM Sharma,Royal Challengers Bengaluru,0,6,6.0,3,50.0,1,16.67
2016,Mohammed Shami,Delhi Capitals,0,48,10.25,11,22.92,14,29.17
2016,Mohammed Shami,Gujarat Titans,0,6,8.0,3,50.0,1,16.67
2016,Mohammed Shami,Punjab Kings,0,6,10.0,2,33.33,2,33.33
2016,Mohammed Shami,Royal Challengers Bengaluru,0,6,16.0,1,16.67,3,50.0
2016,MP Stoinis,Gujarat Titans,0,6,4.0,5,83.33,1,16.67
2016,MP Stoinis,Punjab Kings,1,48,10.5,11,22.92,13,27.08
2016,MR Marsh,Lucknow Super Giants,3,30,2.8,22,73.33,1,3.33
2016,Mustafizur Rahman,Delhi Capitals,0,12,4.5,7,58.33,1,8.33
2016,Mustafizur Rahman,Gujarat Titans,0,6,2.0,4,66.67,0,0.0
2016,Mustafizur Rahman,Punjab Kings,1,6,4.0,3,50.0,0,0.0
2016,Mustafizur Rahman,Royal Challengers Bengaluru,0,18,4.67,9,50.0,1,5.56
2016,Mustafizur Rahman,Sunrisers Hyderabad,2,54,5.67,27,50.0,6,11.11
2016,NLTC Perera,Delhi Capitals,0,6,9.0,3,50.0,2,33.33
2016,NLTC Perera,Lucknow Super Giants,1,66,7.18,27,40.91,11,16.67
2016,NLTC Perera,Royal Challengers Bengaluru,0,6,9.0,2,33.33,1,16.67
2016,NM Coulter-Nile,Delhi Capitals,0,24,8.75,9,37.5,6,25.0
2016,NM Coulter-Nile,Lucknow Super Giants,0,12,7.0,6,50.0,2,16.67
2016,P Kumar,Delhi Capitals,0,12,4.0,6,50.0,0,0.0
2016,P Kumar,Gujarat Titans,3,102,7.82,48,47.06,19,18.63
2016,P Kumar,Lucknow Super Giants,0,12,9.0,4,33.33,3,25.0
2016,P Kumar,Punjab Kings,0,6,7.0,2,33.33,1,16.67
2016,P Kumar,Royal Challengers Bengaluru,0,6,7.0,2,33.33,1,16.67
2016,P Negi,Delhi Capitals,0,18,11.33,4,22.22,6,33.33
2016,P Negi,Royal Challengers Bengaluru,0,6,9.0,0,0.0,1,16.67
2016,P Sahu,Delhi Capitals,0,6,10.0,1,16.67,1,16.67
2016,P Sahu,Punjab Kings,0,12,9.0,4,33.33,3,25.0
2016,Parvez Rasool,Royal Challengers Bengaluru,1,42,8.86,16,38.1,10,23.81
2016,PJ Sangwan,Gujarat Titans,0,6,16.0,2,33.33,2,33.33
2016,PJ Sangwan,Punjab Kings,0,12,10.5,6,50.0,4,33.33
2016,PP Chawla,Kolkata Knight Riders,0,18,5.67,7,38.89,1,5.56
2016,PV Tambe,Gujarat Titans,1,18,7.67,5,27.78,3,16.67
2016,PV Tambe,Royal Challengers Bengaluru,0,6,11.0,3,50.0,2,33.33
2016,R Ashwin,Delhi Capitals,0,6,6.0,0,0.0,0,0.0
2016,R Ashwin,Gujarat Titans,0,6,4.0,4,66.67,0,0.0
2016,R Ashwin,Lucknow Super Giants,0,30,11.8,10,33.33,8,26.67
2016,R Ashwin,Punjab Kings,0,12,5.5,4,33.33,1,8.33
2016,R Bhatia,Gujarat Titans,0,6,13.0,3,50.0,2,33.33
2016,R Bhatia,Lucknow Super Giants,1,24,6.0,7,29.17,1,4.17
2016,R Dhawan,Punjab Kings,0,6,10.0,0,0.0,1,16.67
2016,R Vinay Kumar,Gujarat Titans,0,6,7.0,2,33.33,1,16.67
2016,R Vinay Kumar,Mumbai Indians,1,18,8.67,8,44.44,4,22.22
2016,RA Jadeja,Gujarat Titans,2,36,8.67,10,27.78,6,16.67
2016,RA Jadeja,Lucknow Super Giants,0,6,7.0,1,16.67,0,0.0
2016,RA Jadeja,Punjab Kings,0,6,5.0,2,33.33,0,0.0
2016,RP Singh,Gujarat Titans,0,6,14.0,2,33.33,2,33.33
2016,RP Singh,Lucknow Super Giants,1,24,7.75,13,54.17,4,16.67
2016,RP Singh,Royal Challengers Bengaluru,0,12,9.0,4,33.33,2,16.67
2016,S Aravind,Delhi Capitals,1,12,7.5,5,41.67,2,16.67
2016,S Aravind,Gujarat Titans,0,6,2.0,4,66.67,0,0.0
2016,S Aravind,Royal Challengers Bengaluru,4,72,7.75,30,41.67,13,18.06
2016,S Kaushik,Gujarat Titans,0,12,2.0,8,66.67,0,0.0
2016,S Kaushik,Royal Challengers Bengaluru,0,12,10.0,4,33.33,3,25.0
2016,S Ladda,Punjab Kings,0,6,7.0,2,33.33,1,16.67
2016,S Nadeem,Delhi Capitals,0,24,10.5,5,20.83,5,20.83
2016,S Nadeem,Gujarat Titans,2,6,7.0,3,50.0,1,16.67
2016,S Nadeem,Punjab Kings,0,12,8.0,3,25.0,2,16.67
2016,Sandeep Sharma,Delhi Capitals,1,6,0.0,6,100.0,0,0.0
2016,Sandeep Sharma,Lucknow Super Giants,1,12,4.0,7,58.33,1,8.33
2016,Sandeep Sharma,Punjab Kings,2,54,7.56,26,48.15,9,16.67
2016,Sandeep Sharma,Royal Challengers Bengaluru,0,6,6.0,3,50.0,1,16.67
2016,SB Jakati,Gujarat Titans,0,24,9.5,6,25.0,6,25.0
2016,Shakib Al Hasan,Kolkata Knight Riders,3,54,7.56,23,42.59,10,18.52
2016,Shakib Al Hasan,Lucknow Super Giants,1,12,5.0,5,41.67,1,8.33
2016,Shakib Al Hasan,Punjab Kings,0,12,7.5,5,41.67,2,16.67
2016,SK Raina,Gujarat Titans,0,30,6.4,10,33.33,3,10.0
2016,SM Boland,Delhi Capitals,1,12,9.0,4,33.33,3,25.0
2016,SM Boland,Lucknow Super Giants,0,6,4.0,5,83.33,1,16.67
2016,SP Narine,Delhi Capitals,1,12,4.0,7,58.33,1,8.33
2016,SP Narine,Gujarat Titans,1,12,7.0,6,50.0,1,8.33
2016,SP Narine,Kolkata Knight Riders,1,30,9.0,12,40.0,7,23.33
2016,SP Narine,Lucknow Super Giants,0,6,4.0,2,33.33,0,0.0
2016,SP Narine,Punjab Kings,0,6,3.0,3,50.0,0,0.0
2016,SP Narine,Royal Challengers Bengaluru,0,6,10.0,2,33.33,2,33.33
2016,SR Watson,Delhi Capitals,0,6,8.0,4,66.67,1,16.67
2016,SR Watson,Gujarat Titans,1,18,3.33,11,61.11,1,5.56
2016,SR Watson,Lucknow Super Giants,0,6,4.0,2,33.33,0,0.0
2016,SR Watson,Punjab Kings,1,6,7.0,3,50.0,1,16.67
2016,SR Watson,Royal Challengers Bengaluru,2,72,8.0,27,37.5,12,16.67
2016,STR Binny,Delhi Capitals,0,6,5.0,1,16.67,0,0.0
2016,STR Binny,Punjab Kings,0,6,11.0,0,0.0,1,16.67
2016,STR Binny,Royal Challengers Bengaluru,0,12,8.5,4,33.33,2,16.67
2016,Swapnil Singh,Punjab Kings,0,6,3.0,3,50.0,0,0.0
2016,T Shamsi,Gujarat Titans,0,6,6.0,0,0.0,0,0.0
2016,T Shamsi,Lucknow Super Giants,0,6,5.0,1,16.67,0,0.0
2016,T Shamsi,Royal Challengers Bengaluru,0,12,11.5,2,16.67,3,25.0
2016,TA Boult,Gujarat Titans,1,12,6.5,9,75.0,3,25.0
2016,TG Southee,Delhi Capitals,0,6,5.0,3,50.0,0,0.0
2016,TG Southee,Lucknow Super Giants,0,6,14.0,1,16.67,3,50.0
2016,TG Southee,Mumbai Indians,0,60,9.3,18,30.0,14,23.33
2016,TG Southee,Punjab Kings,1,12,9.0,4,33.33,2,16.67
2016,TG Southee,Royal Challengers Bengaluru,1,6,5.0,4,66.67,1,16.67
2016,UT Yadav,Kolkata Knight Riders,3,54,7.89,21,38.89,10,18.52
2016,UT Yadav,Punjab Kings,0,6,6.0,2,33.33,0,0.0
2016,UT Yadav,Royal Challengers Bengaluru,0,6,11.0,1,16.67,2,33.33
2016,VR Aaron,Punjab Kings,0,6,7.0,2,33.33,1,16.67
2016,VR Aaron,Royal Challengers Bengaluru,0,36,10.33,13,36.11,8,22.22
2016,YK Pathan,Kolkata Knight Riders,0,12,6.5,4,33.33,1,8.33
2016,YS Chahal,Delhi Capitals,1,6,2.0,4,66.67,0,0.0
2016,YS Chahal,Gujarat Titans,0,6,16.0,1,16.67,1,16.67
2016,YS Chahal,Punjab Kings,0,12,7.0,4,33.33,2,16.67
2016,YS Chahal,Royal Challengers Bengaluru,4,48,8.75,18,37.5,11,22.92
2016,Z Khan,Delhi Capitals,3,84,6.64,38,45.24,13,15.48
2016,Z Khan,Gujarat Titans,1,6,3.0,3,50.0,0,0.0
2016,Z Khan,Lucknow Super Giants,0,12,7.5,6,50.0,3,25.0
2016,Z Khan,Punjab Kings,0,6,4.0,3,50.0,0,0.0
2016,Z Khan,Royal Challengers Bengaluru,0,12,10.5,1,8.33,3,25.0
2017,A Choudhary,Royal Challengers Bengaluru,2,30,5.2,18,60.0,3,10.0
2017,A Mishra,Delhi Capitals,0,30,7.8,8,26.67,5,16.67
2017,A Mishra,Gujarat Titans,1,6,12.0,1,16.67,2,33.33
2017,A Mishra,Punjab Kings,0,6,9.0,2,33.33,1,16.67
2017,A Nehra,Punjab Kings,1,12,12.0,5,41.67,5,41.67
2017,A Nehra,Sunrisers Hyderabad,1,43,9.21,18,41.86,11,25.58
2017,A Zampa,Delhi Capitals,0,6,9.0,1,16.67,1,16.67
2017,A Zampa,Lucknow Super Giants,0,6,9.0,1,16.67,1,16.67
2017,AB Dinda,Lucknow Super Giants,0,12,12.5,3,25.0,5,41.67
2017,AB Dinda,Punjab Kings,1,6,8.0,3,50.0,1,16.67
2017,AD Mathews,Delhi Capitals,0,6,16.0,1,16.67,2,33.33
2017,AF Milne,Gujarat Titans,0,6,10.0,1,16.67,1,16.67
2017,AF Milne,Lucknow Super Giants,0,6,9.0,3,50.0,2,33.33
2017,AF Milne,Royal Challengers Bengaluru,0,12,17.0,1,8.33,7,58.33
2017,AJ Tye,Gujarat Titans,1,30,7.8,13,43.33,5,16.67
2017,AJ Tye,Royal Challengers Bengaluru,2,6,1.0,5,83.33,0,0.0
2017,Ankit Soni,Gujarat Titans,0,6,3.0,4,66.67,0,0.0
2017,Ankit Soni,Lucknow Super Giants,0,6,4.0,3,50.0,0,0.0
2017,Anureet Singh,Punjab Kings,0,6,10.0,2,33.33,2,33.33
2017,AR Patel,Delhi Capitals,0,6,5.0,1,16.67,0,0.0
2017,AR Patel,Lucknow Super Giants,1,6,7.0,2,33.33,1,16.67
2017,AR Patel,Punjab Kings,1,48,8.38,17,35.42,8,16.67
2017,Avesh Khan,Delhi Capitals,0,6,4.0,5,83.33,1,16.67
2017,B Kumar,Delhi Capitals,0,6,12.0,2,33.33,2,33.33
2017,B Kumar,Lucknow Super Giants,0,6,10.0,3,50.0,2,33.33
2017,B Kumar,Punjab Kings,1,6,3.0,3,50.0,0,0.0
2017,B Kumar,Sunrisers Hyderabad,3,54,6.67,23,42.59,7,12.96
2017,B Stanlake,Punjab Kings,0,12,9.5,2,16.67,2,16.67
2017,B Stanlake,Royal Challengers Bengaluru,1,12,7.0,6,50.0,2,16.67
2017,BA Stokes,Delhi Capitals,0,6,14.0,1,16.67,3,50.0
2017,BA Stokes,Gujarat Titans,0,6,2.0,4,66.67,0,0.0
2017,BA Stokes,Lucknow Super Giants,3,66,6.55,39,59.09,12,18.18
2017,BA Stokes,Punjab Kings,0,12,6.5,5,41.67,2,16.67
2017,BA Stokes,Royal Challengers Bengaluru,1,6,3.0,3,50.0,0,0.0
2017,Basil Thampi,Delhi Capitals,0,12,10.0,4,33.33,2,16.67
2017,Basil Thampi,Gujarat Titans,0,48,10.75,18,37.5,15,31.25
2017,Basil Thampi,Lucknow Super Giants,1,12,5.0,6,50.0,1,8.33
2017,Basil Thampi,Punjab Kings,0,6,8.0,1,16.67,1,16.67
2017,Basil Thampi,Royal Challengers Bengaluru,1,18,8.0,10,55.56,4,22.22
2017,BB Sran,Sunrisers Hyderabad,0,6,9.0,3,50.0,2,33.33
2017,BCJ Cutting,Sunrisers Hyderabad,0,18,8.33,5,27.78,3,16.67
2017,Bipul Sharma,Lucknow Super Giants,1,12,6.5,5,41.67,2,16.67
2017,Bipul Sharma,Sunrisers Hyderabad,1,14,8.14,3,21.43,2,14.29
2017,C de Grandhomme,Kolkata Knight Riders,0,12,8.0,7,58.33,3,25.0
2017,C de Grandhomme,Lucknow Super Giants,0,6,5.0,1,16.67,0,0.0
2017,C de Grandhomme,Punjab Kings,0,6,3.0,3,50.0,0,0.0
2017,CH Morris,Delhi Capitals,2,60,6.6,30,50.0,9,15.0
2017,CH Morris,Lucknow Super Giants,1,12,9.5,5,41.67,3,25.0
2017,CH Morris,Punjab Kings,0,12,6.5,6,50.0,1,8.33
2017,CH Morris,Royal Challengers Bengaluru,1,12,6.5,8,66.67,3,25.0
2017,CJ Anderson,Delhi Capitals,0,5,8.4,1,20.0,1,20.0
2017,CJ Jordan,Sunrisers Hyderabad,1,6,10.0,2,33.33,1,16.67
2017,CR Woakes,Delhi Capitals,0,6,9.0,0,0.0,1,16.67
2017,CR Woakes,Gujarat Titans,0,6,12.0,2,33.33,2,33.33
2017,CR Woakes,Kolkata Knight Riders,4,54,9.22,23,42.59,12,22.22
2017,CR Woakes,Lucknow Super Giants,0,12,10.0,3,25.0,3,25.0
2017,CR Woakes,Punjab Kings,0,6,4.0,2,33.33,0,0.0
2017,CR Woakes,Royal Challengers Bengaluru,0,12,10.0,5,41.67,3,25.0
2017,DJ Hooda,Punjab Kings,0,6,17.0,1,16.67,3,50.0
2017,DJ Hooda,Sunrisers Hyderabad,1,6,7.0,4,66.67,1,16.67
2017,DL Chahar,Lucknow Super Giants,1,36,11.83,10,27.78,13,36.11
2017,DR Smith,Gujarat Titans,0,12,20.0,2,16.67,8,66.67
2017,DS Kulkarni,Gujarat Titans,0,36,10.0,12,33.33,11,30.56
2017,DS Kulkarni,Punjab Kings,0,12,4.5,5,41.67,0,0.0
2017,DT Christian,Lucknow Super Giants,0,12,6.5,5,41.67,2,16.67
2017,DT Christian,Punjab Kings,0,12,12.0,4,33.33,4,33.33
2017,DT Christian,Royal Challengers Bengaluru,0,6,4.0,3,50.0,0,0.0
2017,GJ Maxwell,Punjab Kings,0,6,18.0,0,0.0,4,66.67
2017,Harbhajan Singh,Delhi Capitals,1,12,3.5,8,66.67,1,8.33
2017,Harbhajan Singh,Gujarat Titans,0,6,10.0,2,33.33,2,33.33
2017,Harbhajan Singh,Mumbai Indians,0,24,5.75,11,45.83,2,8.33
2017,Harbhajan Singh,Punjab Kings,0,6,6.0,3,50.0,1,16.67
2017,Harbhajan Singh,Royal Challengers Bengaluru,0,18,5.33,11,61.11,2,11.11
2017,HH Pandya,Lucknow Super Giants,0,12,9.5,2,16.67,3,25.0
2017,HH Pandya,Mumbai Indians,1,12,5.0,4,33.33,0,0.0
2017,HH Pandya,Punjab Kings,0,6,11.0,1,16.67,2,33.33
2017,HV Patel,Delhi Capitals,0,6,15.0,1,16.67,3,50.0
2017,I Sharma,Lucknow Super Giants,0,6,12.0,1,16.67,2,33.33
2017,I Sharma,Punjab Kings,0,66,9.27,23,34.85,14,21.21
2017,IK Pathan,Gujarat Titans,0,6,16.0,2,33.33,3,50.0
2017,Imran Tahir,Gujarat Titans,0,6,15.0,2,33.33,3,50.0
2017,Imran Tahir,Lucknow Super Giants,4,36,6.17,14,38.89,5,13.89
2017,Imran Tahir,Punjab Kings,1,6,8.0,1,16.67,1,16.67
2017,Imran Tahir,Royal Challengers Bengaluru,0,6,7.0,1,16.67,0,0.0
2017,Iqbal Abdulla,Punjab Kings,0,6,8.0,2,33.33,1,16.67
2017,Iqbal Abdulla,Royal Challengers Bengaluru,0,6,11.0,0,0.0,1,16.67
2017,J Yadav,Delhi Capitals,0,12,8.0,3,25.0,1,8.33
2017,JD Unadkat,Delhi Capitals,1,6,2.0,4,66.67,0,0.0
2017,JD Unadkat,Lucknow Super Giants,3,60,7.5,21,35.0,8,13.33
2017,JD Unadkat,Royal Challengers Bengaluru,0,6,7.0,4,66.67,1,16.67
2017,JJ Bumrah,Delhi Capitals,1,6,6.0,3,50.0,1,16.67
2017,JJ Bumrah,Gujarat Titans,1,6,1.0,5,83.33,0,0.0
2017,JJ Bumrah,Lucknow Super Giants,0,6,4.0,2,33.33,0,0.0
2017,JJ Bumrah,Mumbai Indians,4,84,6.29,41,48.81,9,10.71
2017,JP Faulkner,Delhi Capitals,0,6,5.0,2,33.33,0,0.0
2017,JP Faulkner,Gujarat Titans,0,18,14.0,3,16.67,8,44.44
2017,JP Faulkner,Lucknow Super Giants,0,6,6.0,3,50.0,1,16.67
2017,JP Faulkner,Punjab Kings,0,6,15.0,0,0.0,2,33.33
2017,K Rabada,Delhi Capitals,3,54,9.22,18,33.33,11,20.37
2017,K Rabada,Punjab Kings,0,12,9.0,5,41.67,3,25.0
2017,KC Cariappa,Delhi Capitals,1,6,6.0,2,33.33,0,0.0
2017,KC Cariappa,Gujarat Titans,0,12,7.5,4,33.33,2,16.67
2017,KC Cariappa,Punjab Kings,0,12,11.5,2,16.67,3,25.0
2017,KH Pandya,Gujarat Titans,0,6,3.0,3,50.0,0,0.0
2017,KH Pandya,Mumbai Indians,2,24,4.25,11,45.83,1,4.17
2017,KH Pandya,Punjab Kings,0,6,6.0,1,16.67,0,0.0
2017,Kuldeep Yadav,Delhi Capitals,0,6,9.0,2,33.33,1,16.67
2017,Kuldeep Yadav,Gujarat Titans,0,6,12.0,2,33.33,2,33.33
2017,Kuldeep Yadav,Kolkata Knight Riders,0,24,7.0,9,37.5,3,12.5
2017,KV Sharma,Mumbai Indians,6,78,7.31,31,39.74,11,14.1
2017,LH Ferguson,Gujarat Titans,0,12,11.0,5,41.67,4,33.33
2017,LH Ferguson,Lucknow Super Giants,1,24,8.75,12,50.0,6,25.0
2017,MC Henriques,Delhi Capitals,0,6,16.0,1,16.67,3,50.0
2017,MC Henriques,Punjab Kings,0,6,8.0,1,16.67,1,16.67
2017,MC Henriques,Sunrisers Hyderabad,0,17,6.71,6,35.29,2,11.76
2017,MG Johnson,Mumbai Indians,1,42,7.57,19,45.24,8,19.05
2017,MJ Henry,Punjab Kings,0,18,12.0,6,33.33,7,38.89
2017,MJ McClenaghan,Delhi Capitals,0,6,14.0,3,50.0,3,50.0
2017,MJ McClenaghan,Gujarat Titans,0,6,15.0,2,33.33,3,50.0
2017,MJ McClenaghan,Lucknow Super Giants,1,12,10.0,4,33.33,3,25.0
2017,MJ McClenaghan,Mumbai Indians,5,78,9.08,35,44.87,20,25.64
2017,MJ McClenaghan,Punjab Kings,1,12,7.0,5,41.67,2,16.67
2017,MJ McClenaghan,Royal Challengers Bengaluru,0,12,5.5,5,41.67,1,8.33
2017,MM Patel,Gujarat Titans,0,12,6.0,3,25.0,1,8.33
2017,MM Sharma,Delhi Capitals,0,12,8.5,6,50.0,3,25.0
2017,MM Sharma,Gujarat Titans,1,12,7.5,5,41.67,2,16.67
2017,MM Sharma,Lucknow Super Giants,0,6,6.0,3,50.0,1,16.67
2017,MM Sharma,Punjab Kings,2,72,9.75,27,37.5,19,26.39
2017,Mohammad Nabi,Gujarat Titans,0,12,7.5,5,41.67,2,16.67
2017,Mohammad Nabi,Sunrisers Hyderabad,1,24,5.0,14,58.33,2,8.33
2017,Mohammed Shami,Delhi Capitals,1,48,10.0,17,35.42,12,25.0
2017,Mohammed Shami,Gujarat Titans,0,12,9.0,7,58.33,3,25.0
2017,Mohammed Shami,Punjab Kings,0,6,11.0,2,33.33,2,33.33
2017,Mohammed Siraj,Delhi Capitals,1,12,9.5,4,33.33,3,25.0
2017,Mohammed Siraj,Gujarat Titans,0,12,11.0,4,33.33,4,33.33
2017,Mohammed Siraj,Lucknow Super Giants,0,6,13.0,2,33.33,2,33.33
2017,Mohammed Siraj,Sunrisers Hyderabad,2,36,10.17,15,41.67,11,30.56
2017,MP Stoinis,Punjab Kings,1,6,14.0,1,16.67,2,33.33
2017,MS Gony,Gujarat Titans,0,6,17.0,2,33.33,3,50.0
2017,Mustafizur Rahman,Sunrisers Hyderabad,0,6,19.0,1,16.67,4,66.67
2017,NB Singh,Gujarat Titans,1,12,4.0,7,58.33,1,8.33
2017,NB Singh,Royal Challengers Bengaluru,0,6,7.0,3,50.0,1,16.67
2017,NM Coulter-Nile,Delhi Capitals,1,6,6.0,3,50.0,1,16.67
2017,NM Coulter-Nile,Kolkata Knight Riders,3,42,12.71,16,38.1,17,40.48
2017,P Kumar,Gujarat Titans,3,42,10.14,17,40.48,10,23.81
2017,P Negi,Gujarat Titans,0,6,11.0,3,50.0,2,33.33
2017,P Negi,Lucknow Super Giants,0,6,8.0,0,0.0,0,0.0
2017,P Negi,Royal Challengers Bengaluru,1,12,5.0,3,25.0,0,0.0
2017,PJ Cummins,Delhi Capitals,2,60,9.4,17,28.33,16,26.67
2017,PJ Cummins,Gujarat Titans,1,6,11.0,1,16.67,2,33.33
2017,PJ Cummins,Lucknow Super Giants,0,6,7.0,1,16.67,0,0.0
2017,PJ Cummins,Royal Challengers Bengaluru,1,12,8.0,6,50.0,3,25.0
2017,PJ Sangwan,Delhi Capitals,1,12,13.5,3,25.0,4,33.33
2017,PJ Sangwan,Gujarat Titans,1,24,8.25,12,50.0,7,29.17
2017,PJ Sangwan,Lucknow Super Giants,0,12,9.5,6,50.0,3,25.0
2017,PJ Sangwan,Punjab Kings,0,6,10.0,2,33.33,2,33.33
2017,PP Chawla,Gujarat Titans,1,12,7.5,6,50.0,2,16.67
2017,PP Chawla,Kolkata Knight Riders,3,18,3.67,12,66.67,1,5.56
2017,R Tewatia,Lucknow Super Giants,0,6,6.0,5,83.33,1,16.67
2017,R Vinay Kumar,Mumbai Indians,1,6,10.0,3,50.0,1,16.67
2017,RA Jadeja,Gujarat Titans,0,36,6.83,7,19.44,3,8.33
2017,RA Jadeja,Punjab Kings,0,6,10.0,0,0.0,1,16.67
2017,RA Jadeja,Royal Challengers Bengaluru,0,6,10.0,0,0.0,1,16.67
2017,Rashid Khan,Delhi Capitals,0,6,8.0,1,16.67,1,16.67
2017,Rashid Khan,Lucknow Super Giants,0,6,3.0,3,50.0,0,0.0
2017,Rashid Khan,Sunrisers Hyderabad,5,72,6.67,32,44.44,8,11.11
2017,RD Chahar,Gujarat Titans,0,6,10.0,3,50.0,2,33.33
2017,S Aravind,Gujarat Titans,0,6,19.0,0,0.0,3,50.0
2017,S Aravind,Lucknow Super Giants,0,6,7.0,4,66.67,1,16.67
2017,S Aravind,Royal Challengers Bengaluru,1,78,9.0,28,35.9,18,23.08
2017,S Badree,Lucknow Super Giants,1,12,5.5,5,41.67,1,8.33
2017,S Badree,Royal Challengers Bengaluru,6,54,8.11,24,44.44,10,18.52
2017,S Kaul,Delhi Capitals,0,6,12.0,2,33.33,2,33.33
2017,S Kaul,Gujarat Titans,0,12,12.5,2,16.67,3,25.0
2017,S Kaul,Lucknow Super Giants,0,6,18.0,1,16.67,3,50.0
2017,S Kaul,Punjab Kings,1,6,5.0,4,66.67,1,16.67
2017,S Kaul,Sunrisers Hyderabad,3,48,7.75,16,33.33,6,12.5
2017,S Kaushik,Gujarat Titans,0,24,11.5,9,37.5,9,37.5
2017,S Nadeem,Delhi Capitals,2,18,9.0,9,50.0,5,27.78
2017,S Nadeem,Lucknow Super Giants,1,6,2.0,4,66.67,0,0.0
2017,S Nadeem,Royal Challengers Bengaluru,0,12,3.0,7,58.33,0,0.0
2017,Sandeep Sharma,Delhi Capitals,0,6,5.0,4,66.67,1,16.67
2017,Sandeep Sharma,Gujarat Titans,0,6,11.0,1,16.67,2,33.33
2017,Sandeep Sharma,Lucknow Super Giants,0,6,9.0,1,16.67,1,16.67
2017,Sandeep Sharma,Punjab Kings,3,84,7.71,34,40.48,16,19.05
2017,Sandeep Sharma,Royal Challengers Bengaluru,2,18,5.0,12,66.67,2,11.11
2017,SB Jakati,Gujarat Titans,0,6,12.0,2,33.33,2,33.33
2017,Shakib Al Hasan,Kolkata Knight Riders,0,12,12.5,2,16.67,4,33.33
2017,SK Raina,Delhi Capitals,0,6,10.0,1,16.67,1,16.67
2017,SK Raina,Gujarat Titans,1,36,9.0,10,27.78,6,16.67
2017,SL Malinga,Delhi Capitals,2,12,3.0,9,75.0,1,8.33
2017,SL Malinga,Gujarat Titans,2,12,7.5,7,58.33,2,16.67
2017,SL Malinga,Mumbai Indians,1,78,8.23,32,41.03,12,15.38
2017,SL Malinga,Punjab Kings,0,6,7.0,4,66.67,1,16.67
2017,SN Thakur,Delhi Capitals,0,12,10.0,4,33.33,3,25.0
2017,SN Thakur,Gujarat Titans,0,6,6.0,3,50.0,1,16.67
2017,SN Thakur,Lucknow Super Giants,3,72,7.75,29,40.28,13,18.06
2017,SN Thakur,Royal Challengers Bengaluru,1,12,10.5,5,41.67,4,33.33
2017,SP Narine,Delhi Capitals,0,12,4.0,4,33.33,0,0.0
2017,SP Narine,Gujarat Titans,0,12,8.5,5,41.67,3,25.0
2017,SP Narine,Kolkata Knight Riders,1,72,7.92,35,48.61,10,13.89
2017,SP Narine,Lucknow Super Giants,0,12,10.0,2,16.67,3,25.0
2017,SP Narine,Punjab Kings,1,12,5.5,7,58.33,2,16.67
2017,SP Narine,Royal Challengers Bengaluru,1,12,7.0,5,41.67,2,16.67
2017,SR Watson,Delhi Capitals,1,6,2.0,4,66.67,0,0.0
2017,SR Watson,Punjab Kings,0,6,17.0,0,0.0,3,50.0
2017,SR Watson,Royal Challengers Bengaluru,0,24,9.75,9,37.5,8,33.33
2017,STR Binny,Royal Challengers Bengaluru,2,12,6.0,6,50.0,2,16.67
2017,Swapnil Singh,Lucknow Super Giants,0,6,6.0,1,16.67,0,0.0
2017,T Natarajan,Gujarat Titans,0,6,11.0,1,16.67,1,16.67
2017,T Natarajan,Punjab Kings,1,18,4.67,12,66.67,2,11.11
2017,T Natarajan,Royal Challengers Bengaluru,0,6,15.0,2,33.33,3,50.0
2017,TA Boult,Kolkata Knight Riders,1,42,7.71,18,42.86,9,21.43
2017,Tejas Baroka,Gujarat Titans,0,6,8.0,4,66.67,2,33.33
2017,TG Southee,Lucknow Super Giants,0,6,12.0,2,33.33,2,33.33
2017,TG Southee,Mumbai Indians,0,6,19.0,1,16.67,3,50.0
2017,TG Southee,Royal Challengers Bengaluru,0,6,17.0,1,16.67,3,50.0
2017,TM Head,Delhi Capitals,0,6,5.0,3,50.0,0,0.0
2017,TS Mills,Punjab Kings,1,6,12.0,2,33.33,2,33.33
2017,TS Mills,Royal Challengers Bengaluru,2,30,7.8,14,46.67,4,13.33
2017,UT Yadav,Delhi Capitals,0,6,17.0,1,16.67,4,66.67
2017,UT Yadav,Kolkata Knight Riders,4,102,8.65,42,41.18,22,21.57
2017,UT Yadav,Lucknow Super Giants,0,6,11.0,2,33.33,2,33.33
2017,UT Yadav,Punjab Kings,1,12,9.5,3,25.0,2,16.67
2017,UT Yadav,Royal Challengers Bengaluru,1,12,7.0,6,50.0,2,16.67
2017,VR Aaron,Delhi Capitals,0,6,14.0,1,16.67,3,50.0
2017,VR Aaron,Punjab Kings,2,24,10.0,9,37.5,6,25.0
2017,VR Aaron,Royal Challengers Bengaluru,0,12,6.5,8,66.67,3,25.0
2017,Washington Sundar,Delhi Capitals,0,6,15.0,2,33.33,3,50.0
2017,Washington Sundar,Lucknow Super Giants,3,108,6.56,51,47.22,16,14.81
2017,YK Pathan,Kolkata Knight Riders,1,18,8.67,7,38.89,4,22.22
2017,YS Chahal,Delhi Capitals,0,12,9.5,5,41.67,3,25.0
2017,YS Chahal,Gujarat Titans,2,18,8.67,6,33.33,3,16.67
2017,YS Chahal,Lucknow Super Giants,0,6,12.0,0,0.0,2,33.33
2017,YS Chahal,Punjab Kings,0,6,5.0,2,33.33,0,0.0
2017,YS Chahal,Royal Challengers Bengaluru,0,54,9.33,17,31.48,11,20.37
2017,Z Khan,Delhi Capitals,2,67,6.36,24,35.82,8,11.94
2017,Z Khan,Gujarat Titans,0,12,7.0,4,33.33,2,16.67
2017,Z Khan,Lucknow Super Giants,2,12,7.0,4,33.33,1,8.33
2018,A Dananjaya,Mumbai Indians,0,6,12.0,2,33.33,2,33.33
2018,A Mishra,Delhi Capitals,3,42,7.43,19,45.24,7,16.67
2018,AD Russell,Kolkata Knight Riders,4,89,10.18,32,35.96,25,28.09
2018,AJ Tye,Delhi Capitals,0,6,6.0,4,66.67,1,16.67
2018,AJ Tye,Punjab Kings,7,96,7.44,46,47.92,17,17.71
2018,Ankit Sharma,Rajasthan Royals,0,6,11.0,1,16.67,2,33.33
2018,AR Patel,Delhi Capitals,1,12,13.0,2,16.67,4,33.33
2018,AR Patel,Punjab Kings,1,30,7.8,5,16.67,3,10.0
2018,AS Rajpoot,Punjab Kings,6,84,8.93,46,54.76,23,27.38
2018,Avesh Khan,Delhi Capitals,1,60,12.5,24,40.0,21,35.0
2018,Avesh Khan,Punjab Kings,1,18,8.67,7,38.89,4,22.22
2018,B Kumar,Delhi Capitals,0,12,5.5,7,58.33,2,16.67
2018,B Kumar,Punjab Kings,0,6,5.0,4,66.67,1,16.67
2018,B Kumar,Sunrisers Hyderabad,2,78,7.85,36,46.15,15,19.23
2018,B Laughlin,Rajasthan Royals,3,36,10.17,9,25.0,8,22.22
2018,B Stanlake,Sunrisers Hyderabad,1,48,7.88,27,56.25,10,20.83
2018,BA Stokes,Delhi Capitals,0,6,6.0,1,16.67,0,0.0
2018,BA Stokes,Rajasthan Royals,3,66,8.27,26,39.39,15,22.73
2018,Basil Thampi,Sunrisers Hyderabad,0,12,13.0,3,25.0,4,33.33
2018,BB Sran,Punjab Kings,0,54,9.78,20,37.04,14,25.93
2018,BCJ Cutting,Mumbai Indians,0,6,10.0,0,0.0,1,16.67
2018,CH Morris,Delhi Capitals,1,36,8.33,18,50.0,7,19.44
2018,CJ Dala,Delhi Capitals,0,6,17.0,2,33.33,3,50.0
2018,CJ Jordan,Punjab Kings,0,12,9.0,6,50.0,3,25.0
2018,CR Brathwaite,Sunrisers Hyderabad,0,6,4.0,3,50.0,0,0.0
2018,CR Woakes,Delhi Capitals,0,6,6.0,1,16.67,0,0.0
2018,CR Woakes,Royal Challengers Bengaluru,2,36,9.33,18,50.0,10,27.78
2018,DJ Bravo,Chennai Super Kings,1,6,4.0,3,50.0,0,0.0
2018,DJ Hooda,Punjab Kings,0,6,2.0,4,66.67,0,0.0
2018,DJ Willey,Chennai Super Kings,0,6,10.0,2,33.33,2,33.33
2018,DJ Willey,Royal Challengers Bengaluru,0,6,9.0,2,33.33,1,16.67
2018,DL Chahar,Chennai Super Kings,6,85,5.86,42,49.41,8,9.41
2018,DL Chahar,Delhi Capitals,1,12,9.0,6,50.0,3,25.0
2018,DL Chahar,Punjab Kings,1,30,10.2,12,40.0,8,26.67
2018,DL Chahar,Royal Challengers Bengaluru,0,6,15.0,0,0.0,2,33.33
2018,DS Kulkarni,Delhi Capitals,0,6,16.0,3,50.0,3,50.0
2018,DS Kulkarni,Rajasthan Royals,0,72,10.25,27,37.5,22,30.56
2018,DT Christian,Delhi Capitals,0,6,18.0,2,33.33,4,66.67
2018,DT Christian,Punjab Kings,0,6,8.0,1,16.67,1,16.67
2018,GJ Maxwell,Delhi Capitals,2,36,8.33,15,41.67,6,16.67
2018,Harbhajan Singh,Chennai Super Kings,2,41,8.78,14,34.15,9,21.95
2018,Harbhajan Singh,Punjab Kings,0,12,12.0,5,41.67,5,41.67
2018,Harbhajan Singh,Royal Challengers Bengaluru,0,12,12.0,6,50.0,4,33.33
2018,HH Pandya,Delhi Capitals,0,6,10.0,2,33.33,2,33.33
2018,HH Pandya,Mumbai Indians,4,78,9.23,36,46.15,20,25.64
2018,HH Pandya,Punjab Kings,0,6,16.0,0,0.0,3,50.0
2018,HV Patel,Delhi Capitals,1,30,9.6,9,30.0,8,26.67
2018,Imran Tahir,Chennai Super Kings,0,6,12.0,2,33.33,2,33.33
2018,Imran Tahir,Punjab Kings,0,6,17.0,1,16.67,3,50.0
2018,IS Sodhi,Rajasthan Royals,0,30,4.6,13,43.33,2,6.67
2018,JC Archer,Delhi Capitals,0,6,5.0,4,66.67,1,16.67
2018,JC Archer,Rajasthan Royals,4,84,8.0,43,51.19,16,19.05
2018,JD Unadkat,Delhi Capitals,0,6,15.0,2,33.33,3,50.0
2018,JD Unadkat,Rajasthan Royals,2,84,9.29,34,40.48,21,25.0
2018,JJ Bumrah,Delhi Capitals,1,12,8.5,6,50.0,3,25.0
2018,JJ Bumrah,Mumbai Indians,0,66,6.27,30,45.45,10,15.15
2018,JJ Bumrah,Punjab Kings,0,12,5.5,6,50.0,1,8.33
2018,JJ Bumrah,Royal Challengers Bengaluru,0,6,3.0,3,50.0,0,0.0
2018,JP Duminy,Royal Challengers Bengaluru,0,6,22.0,0,0.0,4,66.67
2018,JPR Scantlebury-Searles,Kolkata Knight Riders,0,12,12.0,1,8.33,3,25.0
2018,K Gowtham,Delhi Capitals,0,6,11.0,1,16.67,2,33.33
2018,K Gowtham,Rajasthan Royals,5,90,7.27,34,37.78,15,16.67
2018,K Khejroliya,Punjab Kings,0,12,9.5,4,33.33,3,25.0
2018,K Khejroliya,Royal Challengers Bengaluru,0,6,13.0,1,16.67,2,33.33
2018,KH Pandya,Mumbai Indians,2,72,8.92,25,34.72,15,20.83
2018,KH Pandya,Royal Challengers Bengaluru,0,6,5.0,3,50.0,0,0.0
2018,KK Ahmed,Sunrisers Hyderabad,0,12,12.5,5,41.67,4,33.33
2018,KM Asif,Chennai Super Kings,3,24,9.0,15,62.5,7,29.17
2018,Kuldeep Yadav,Delhi Capitals,0,6,10.0,1,16.67,1,16.67
2018,Kuldeep Yadav,Kolkata Knight Riders,0,36,7.17,14,38.89,5,13.89
2018,Kuldeep Yadav,Royal Challengers Bengaluru,0,18,9.67,4,22.22,2,11.11
2018,KV Sharma,Chennai Super Kings,0,6,9.0,1,16.67,1,16.67
2018,L Ngidi,Chennai Super Kings,1,36,6.67,17,47.22,7,19.44
2018,L Ngidi,Delhi Capitals,0,6,4.0,3,50.0,0,0.0
2018,L Ngidi,Punjab Kings,2,18,2.67,11,61.11,0,0.0
2018,L Ngidi,Royal Challengers Bengaluru,1,18,7.67,10,55.56,4,22.22
2018,LE Plunkett,Delhi Capitals,0,48,11.38,8,16.67,11,22.92
2018,LE Plunkett,Punjab Kings,1,6,6.0,3,50.0,1,16.67
2018,M Markande,Delhi Capitals,0,6,14.0,0,0.0,2,33.33
2018,M Markande,Mumbai Indians,3,42,6.57,13,30.95,5,11.9
2018,M Markande,Punjab Kings,1,6,5.0,4,66.67,1,16.67
2018,M Markande,Royal Challengers Bengaluru,0,6,7.0,2,33.33,1,16.67
2018,M Prasidh Krishna,Kolkata Knight Riders,0,66,9.55,23,34.85,16,24.24
2018,MG Johnson,Delhi Capitals,0,6,6.0,3,50.0,1,16.67
2018,MG Johnson,Kolkata Knight Riders,0,18,16.67,3,16.67,9,50.0
2018,MG Johnson,Royal Challengers Bengaluru,0,6,14.0,1,16.67,2,33.33
2018,MJ McClenaghan,Mumbai Indians,7,84,8.29,36,42.86,17,20.24
2018,MJ McClenaghan,Punjab Kings,0,12,6.5,8,66.67,2,16.67
2018,MJ McClenaghan,Royal Challengers Bengaluru,1,12,3.5,9,75.0,1,8.33
2018,MM Ali,Delhi Capitals,0,6,4.0,3,50.0,0,0.0
2018,MM Ali,Royal Challengers Bengaluru,0,6,10.0,2,33.33,1,16.67
2018,MM Sharma,Delhi Capitals,0,6,5.0,1,16.67,0,0.0
2018,MM Sharma,Punjab Kings,4,72,10.08,24,33.33,20,27.78
2018,Mohammad Nabi,Sunrisers Hyderabad,1,24,8.75,11,45.83,6,25.0
2018,Mohammed Shami,Delhi Capitals,0,18,11.0,7,38.89,6,33.33
2018,Mohammed Siraj,Delhi Capitals,0,6,4.0,2,33.33,0,0.0
2018,Mohammed Siraj,Punjab Kings,1,6,6.0,3,50.0,1,16.67
2018,Mohammed Siraj,Royal Challengers Bengaluru,1,48,9.13,20,41.67,9,18.75
2018,MP Stoinis,Punjab Kings,1,12,8.5,2,16.67,2,16.67
2018,Mujeeb Ur Rahman,Delhi Capitals,1,12,5.5,6,50.0,1,8.33
2018,Mujeeb Ur Rahman,Punjab Kings,3,62,5.9,26,41.94,7,11.29
2018,Mustafizur Rahman,Delhi Capitals,0,12,5.0,6,50.0,1,8.33
2018,Mustafizur Rahman,Mumbai Indians,1,36,7.67,13,36.11,7,19.44
2018,N Rana,Kolkata Knight Riders,1,7,6.0,3,42.86,1,14.29
2018,PJ Sangwan,Mumbai Indians,0,6,13.0,2,33.33,3,50.0
2018,PP Chawla,Delhi Capitals,0,6,18.0,0,0.0,4,66.67
2018,PP Chawla,Kolkata Knight Riders,3,90,9.87,32,35.56,25,27.78
2018,PP Chawla,Royal Challengers Bengaluru,1,24,6.75,12,50.0,4,16.67
2018,R Ashwin,Punjab Kings,1,58,7.66,17,29.31,8,13.79
2018,R Tewatia,Delhi Capitals,0,18,7.33,4,22.22,2,11.11
2018,RA Jadeja,Chennai Super Kings,3,48,7.63,18,37.5,7,14.58
2018,RA Jadeja,Delhi Capitals,0,12,7.0,3,25.0,1,8.33
2018,RA Jadeja,Royal Challengers Bengaluru,1,12,7.5,4,33.33,1,8.33
2018,Rashid Khan,Punjab Kings,0,6,13.0,3,50.0,2,33.33
2018,Rashid Khan,Royal Challengers Bengaluru,1,12,6.0,6,50.0,2,16.67
2018,Rashid Khan,Sunrisers Hyderabad,0,36,6.17,16,44.44,4,11.11
2018,S Gopal,Delhi Capitals,0,6,14.0,2,33.33,2,33.33
2018,S Gopal,Rajasthan Royals,0,30,7.0,9,30.0,3,10.0
2018,S Kaul,Delhi Capitals,0,12,17.5,1,8.33,7,58.33
2018,S Kaul,Punjab Kings,0,6,11.0,1,16.67,2,33.33
2018,S Kaul,Royal Challengers Bengaluru,0,6,5.0,4,66.67,1,16.67
2018,S Kaul,Sunrisers Hyderabad,6,96,8.81,39,40.63,23,23.96
2018,S Lamichhane,Delhi Capitals,1,18,5.0,10,55.56,2,11.11
2018,S Nadeem,Delhi Capitals,0,48,10.75,14,29.17,14,29.17
2018,Sandeep Sharma,Delhi Capitals,0,24,8.0,8,33.33,4,16.67
2018,Sandeep Sharma,Royal Challengers Bengaluru,0,6,9.0,3,50.0,2,33.33
2018,Sandeep Sharma,Sunrisers Hyderabad,3,78,8.46,37,47.44,18,23.08
2018,Shakib Al Hasan,Delhi Capitals,2,24,6.5,7,29.17,2,8.33
2018,Shakib Al Hasan,Royal Challengers Bengaluru,0,12,9.5,2,16.67,3,25.0
2018,Shakib Al Hasan,Sunrisers Hyderabad,3,78,7.08,31,39.74,12,15.38
2018,Shivam Mavi,Delhi Capitals,1,12,5.5,7,58.33,2,16.67
2018,Shivam Mavi,Kolkata Knight Riders,1,48,12.13,11,22.92,16,33.33
2018,Shivam Mavi,Royal Challengers Bengaluru,0,6,4.0,2,33.33,0,0.0
2018,SN Thakur,Chennai Super Kings,2,66,7.36,33,50.0,11,16.67
2018,SN Thakur,Delhi Capitals,0,6,6.0,4,66.67,1,16.67
2018,SN Thakur,Punjab Kings,0,6,14.0,1,16.67,3,50.0
2018,SN Thakur,Royal Challengers Bengaluru,1,18,5.33,10,55.56,2,11.11
2018,SP Narine,Delhi Capitals,0,6,11.0,3,50.0,2,33.33
2018,SP Narine,Kolkata Knight Riders,2,90,7.33,41,45.56,17,18.89
2018,SP Narine,Royal Challengers Bengaluru,0,18,5.67,10,55.56,3,16.67
2018,SR Watson,Chennai Super Kings,1,72,9.17,31,43.06,17,23.61
2018,TA Boult,Delhi Capitals,6,102,8.71,43,42.16,23,22.55
2018,TA Boult,Punjab Kings,0,6,14.0,1,16.67,3,50.0
2018,TG Southee,Delhi Capitals,0,12,6.0,6,50.0,1,8.33
2018,TG Southee,Punjab Kings,0,12,10.0,6,50.0,4,33.33
2018,TG Southee,Royal Challengers Bengaluru,1,54,9.22,17,31.48,11,20.37
2018,TK Curran,Kolkata Knight Riders,1,12,11.5,3,25.0,4,33.33
2018,UT Yadav,Delhi Capitals,1,24,8.5,11,45.83,6,25.0
2018,UT Yadav,Punjab Kings,5,30,7.0,18,60.0,6,20.0
2018,UT Yadav,Royal Challengers Bengaluru,6,114,7.47,56,49.12,21,18.42
2018,Washington Sundar,Royal Challengers Bengaluru,0,30,15.2,5,16.67,11,36.67
2018,YS Chahal,Delhi Capitals,2,18,5.0,10,55.56,2,11.11
2018,YS Chahal,Punjab Kings,1,12,7.0,4,33.33,1,8.33
2018,YS Chahal,Royal Challengers Bengaluru,3,66,5.73,36,54.55,9,13.64
2019,A Mishra,Delhi Capitals,3,36,6.17,16,44.44,3,8.33
2019,A Mishra,Punjab Kings,0,6,11.0,0,0.0,1,16.67
2019,Abhishek Sharma,Sunrisers Hyderabad,0,6,11.0,0,0.0,1,16.67
2019,AD Russell,Kolkata Knight Riders,3,60,9.9,23,38.33,18,30.0
2019,AD Russell,Punjab Kings,0,6,13.0,2,33.33,2,33.33
2019,AD Russell,Royal Challengers Bengaluru,0,6,5.0,2,33.33,0,0.0
2019,AJ Tye,Punjab Kings,1,30,11.6,9,30.0,10,33.33
2019,AR Patel,Delhi Capitals,0,78,7.46,34,43.59,14,17.95
2019,AR Patel,Royal Challengers Bengaluru,0,6,2.0,4,66.67,0,0.0
2019,Arshdeep Singh,Punjab Kings,1,30,13.2,6,20.0,10,33.33
2019,AS Joseph,Mumbai Indians,2,24,7.25,14,58.33,5,20.83
2019,AS Joseph,Punjab Kings,0,12,11.0,4,33.33,3,25.0
2019,AS Rajpoot,Punjab Kings,0,24,9.75,8,33.33,6,25.0
2019,AS Rajpoot,Royal Challengers Bengaluru,0,12,11.0,5,41.67,3,25.0
2019,Avesh Khan,Punjab Kings,0,6,12.0,3,50.0,3,50.0
2019,B Kumar,Sunrisers Hyderabad,2,96,7.25,53,55.21,18,18.75
2019,BA Stokes,Punjab Kings,0,6,9.0,2,33.33,1,16.67
2019,BA Stokes,Rajasthan Royals,1,12,15.5,4,33.33,7,58.33
2019,Basil Thampi,Sunrisers Hyderabad,0,6,2.0,4,66.67,0,0.0
2019,BB Sran,Mumbai Indians,0,6,17.0,1,16.67,3,50.0
2019,CH Morris,Delhi Capitals,0,42,10.14,18,42.86,14,33.33
2019,CH Morris,Punjab Kings,1,12,10.0,6,50.0,4,33.33
2019,CH Morris,Royal Challengers Bengaluru,1,12,9.0,4,33.33,2,16.67
2019,CV Varun,Punjab Kings,0,12,17.0,3,25.0,6,50.0
2019,DJ Bravo,Chennai Super Kings,0,6,8.0,3,50.0,1,16.67
2019,DJ Hooda,Sunrisers Hyderabad,0,6,8.0,1,16.67,1,16.67
2019,DL Chahar,Chennai Super Kings,10,186,8.29,84,45.16,42,22.58
2019,DL Chahar,Royal Challengers Bengaluru,1,30,4.8,17,56.67,2,6.67
2019,DS Kulkarni,Punjab Kings,0,18,8.33,8,44.44,4,22.22
2019,DS Kulkarni,Rajasthan Royals,1,78,9.38,28,35.9,20,25.64
2019,DS Kulkarni,Royal Challengers Bengaluru,0,12,8.0,6,50.0,3,25.0
2019,DW Steyn,Royal Challengers Bengaluru,1,24,7.75,10,41.67,5,20.83
2019,GC Viljoen,Punjab Kings,2,36,9.17,12,33.33,8,22.22
2019,Harbhajan Singh,Chennai Super Kings,7,138,7.78,61,44.2,24,17.39
2019,Harbhajan Singh,Royal Challengers Bengaluru,2,18,6.33,7,38.89,1,5.56
2019,Harpreet Brar,Punjab Kings,0,18,10.33,4,22.22,4,22.22
2019,HF Gurney,Kolkata Knight Riders,2,36,6.17,14,38.89,4,11.11
2019,HF Gurney,Punjab Kings,0,12,8.0,5,41.67,1,8.33
2019,HF Gurney,Royal Challengers Bengaluru,0,6,4.0,3,50.0,0,0.0
2019,HH Pandya,Mumbai Indians,2,36,7.83,18,50.0,7,19.44
2019,HH Pandya,Royal Challengers Bengaluru,1,6,4.0,2,33.33,0,0.0
2019,HV Patel,Delhi Capitals,1,6,6.0,3,50.0,1,16.67
2019,I Sharma,Delhi Capitals,7,132,7.91,55,41.67,29,21.97
2019,I Sharma,Punjab Kings,0,12,8.0,7,58.33,3,25.0
2019,I Sharma,Royal Challengers Bengaluru,0,12,6.0,4,33.33,1,8.33
2019,Imran Tahir,Chennai Super Kings,2,36,8.5,10,27.78,7,19.44
2019,IS Sodhi,Punjab Kings,0,6,11.0,1,16.67,1,16.67
2019,IS Sodhi,Rajasthan Royals,2,12,8.5,8,66.67,3,25.0
2019,J Suchith,Delhi Capitals,1,18,4.67,8,44.44,1,5.56
2019,J Yadav,Mumbai Indians,1,18,7.33,9,50.0,3,16.67
2019,JC Archer,Punjab Kings,1,24,2.25,18,75.0,1,4.17
2019,JC Archer,Rajasthan Royals,2,66,5.36,42,63.64,9,13.64
2019,JC Archer,Royal Challengers Bengaluru,0,6,14.0,1,16.67,3,50.0
2019,JD Unadkat,Punjab Kings,0,6,12.0,4,66.67,2,33.33
2019,JD Unadkat,Rajasthan Royals,1,36,6.33,13,36.11,4,11.11
2019,JD Unadkat,Royal Challengers Bengaluru,1,6,9.0,2,33.33,1,16.67
2019,JJ Bumrah,Mumbai Indians,2,96,6.81,46,47.92,15,15.63
2019,JJ Bumrah,Punjab Kings,0,12,5.0,5,41.67,1,8.33
2019,JJ Bumrah,Royal Challengers Bengaluru,0,12,3.0,9,75.0,1,8.33
2019,JP Behrendorff,Mumbai Indians,1,24,11.25,11,45.83,9,37.5
2019,JP Behrendorff,Punjab Kings,0,12,15.0,3,25.0,5,41.67
2019,JP Behrendorff,Royal Challengers Bengaluru,1,12,13.5,3,25.0,5,41.67
2019,K Gowtham,Punjab Kings,0,12,6.5,5,41.67,1,8.33
2019,K Gowtham,Rajasthan Royals,0,18,17.0,2,11.11,10,55.56
2019,K Gowtham,Royal Challengers Bengaluru,0,12,4.0,5,41.67,0,0.0
2019,K Khejroliya,Royal Challengers Bengaluru,0,12,12.5,3,25.0,4,33.33
2019,K Rabada,Delhi Capitals,2,84,8.29,33,39.29,19,22.62
2019,K Rabada,Punjab Kings,1,12,5.5,8,66.67,2,16.67
2019,K Rabada,Royal Challengers Bengaluru,1,6,4.0,3,50.0,0,0.0
2019,KC Cariappa,Kolkata Knight Riders,0,6,20.0,1,16.67,3,50.0
2019,KH Pandya,Mumbai Indians,4,72,7.0,36,50.0,14,19.44
2019,KK Ahmed,Sunrisers Hyderabad,7,108,9.11,44,40.74,27,25.0
2019,KMA Paul,Delhi Capitals,0,12,16.5,2,16.67,3,25.0
2019,Kuldeep Yadav,Kolkata Knight Riders,0,30,5.4,8,26.67,1,3.33
2019,Kuldeep Yadav,Royal Challengers Bengaluru,0,6,7.0,1,16.67,0,0.0
2019,LH Ferguson,Kolkata Knight Riders,1,36,9.17,17,47.22,9,25.0
2019,LH Ferguson,Royal Challengers Bengaluru,0,6,13.0,2,33.33,3,50.0
2019,M Ashwin,Punjab Kings,2,36,5.5,15,41.67,3,8.33
2019,M Ashwin,Royal Challengers Bengaluru,1,6,5.0,4,66.67,1,16.67
2019,M Markande,Mumbai Indians,1,12,11.0,3,25.0,3,25.0
2019,M Prasidh Krishna,Kolkata Knight Riders,3,84,7.86,41,48.81,17,20.24
2019,M Prasidh Krishna,Royal Challengers Bengaluru,0,12,11.0,4,33.33,4,33.33
2019,MJ McClenaghan,Mumbai Indians,2,36,10.33,12,33.33,9,25.0
2019,MJ Santner,Chennai Super Kings,2,30,9.2,16,53.33,5,16.67
2019,MM Ali,Royal Challengers Bengaluru,0,12,1.5,9,75.0,0,0.0
2019,MM Sharma,Chennai Super Kings,0,6,1.0,5,83.33,0,0.0
2019,Mohammad Nabi,Sunrisers Hyderabad,5,84,5.36,34,40.48,7,8.33
2019,Mohammed Shami,Punjab Kings,2,108,8.11,43,39.81,24,22.22
2019,Mohammed Shami,Royal Challengers Bengaluru,1,18,12.0,6,33.33,7,38.89
2019,Mohammed Siraj,Punjab Kings,0,6,24.0,1,16.67,5,83.33
2019,Mohammed Siraj,Royal Challengers Bengaluru,0,48,7.5,26,54.17,11,22.92
2019,MP Stoinis,Royal Challengers Bengaluru,0,6,2.0,4,66.67,0,0.0
2019,Mujeeb Ur Rahman,Punjab Kings,1,54,9.44,23,42.59,10,18.52
2019,Navdeep Saini,Punjab Kings,0,12,5.0,8,66.67,2,16.67
2019,Navdeep Saini,Royal Challengers Bengaluru,3,144,8.88,71,49.31,37,25.69
2019,O Thomas,Rajasthan Royals,0,30,10.0,9,30.0,8,26.67
2019,O Thomas,Royal Challengers Bengaluru,2,6,8.0,2,33.33,1,16.67
2019,P Negi,Royal Challengers Bengaluru,0,12,5.5,4,33.33,1,8.33
2019,P Ray Barman,Royal Challengers Bengaluru,0,6,6.0,1,16.67,0,0.0
2019,PP Chawla,Kolkata Knight Riders,2,48,7.63,22,45.83,9,18.75
2019,PP Chawla,Royal Challengers Bengaluru,0,12,7.5,3,25.0,1,8.33
2019,R Ashwin,Punjab Kings,1,72,7.58,23,31.94,10,13.89
2019,R Parag,Rajasthan Royals,0,30,7.6,8,26.67,3,10.0
2019,R Parag,Royal Challengers Bengaluru,1,6,10.0,1,16.67,1,16.67
2019,R Tewatia,Delhi Capitals,1,6,2.0,4,66.67,0,0.0
2019,RA Jadeja,Chennai Super Kings,0,48,5.75,19,39.58,5,10.42
2019,RA Jadeja,Royal Challengers Bengaluru,1,6,9.0,3,50.0,1,16.67
2019,Rashid Khan,Sunrisers Hyderabad,2,48,7.13,22,45.83,7,14.58
2019,Rasikh Salam,Mumbai Indians,0,12,7.5,6,50.0,2,16.67
2019,RD Chahar,Mumbai Indians,4,72,7.08,35,48.61,13,18.06
2019,S Gopal,Rajasthan Royals,2,54,5.56,27,50.0,6,11.11
2019,S Gopal,Royal Challengers Bengaluru,4,12,9.5,6,50.0,3,25.0
2019,S Kaul,Sunrisers Hyderabad,0,36,8.5,10,27.78,6,16.67
2019,S Lamichhane,Delhi Capitals,1,24,8.75,10,41.67,6,25.0
2019,S Lamichhane,Punjab Kings,2,24,10.25,9,37.5,7,29.17
2019,S Nadeem,Sunrisers Hyderabad,0,24,11.5,4,16.67,6,25.0
2019,S Sandeep Warrier,Kolkata Knight Riders,0,24,6.5,12,50.0,3,12.5
2019,S Sandeep Warrier,Punjab Kings,2,12,6.0,7,58.33,2,16.67
2019,Sandeep Sharma,Sunrisers Hyderabad,2,90,8.67,34,37.78,20,22.22
2019,SC Kuggeleijn,Chennai Super Kings,0,12,7.5,4,33.33,1,8.33
2019,Shakib Al Hasan,Sunrisers Hyderabad,1,30,6.8,13,43.33,4,13.33
2019,SL Malinga,Mumbai Indians,1,96,8.94,39,40.63,22,22.92
2019,SL Malinga,Royal Challengers Bengaluru,0,6,5.0,1,16.67,0,0.0
2019,SM Curran,Punjab Kings,1,48,10.0,14,29.17,13,27.08
2019,SN Thakur,Chennai Super Kings,3,78,9.46,35,44.87,23,29.49
2019,SN Thakur,Royal Challengers Bengaluru,0,18,10.67,6,33.33,5,27.78
2019,SP Narine,Kolkata Knight Riders,5,60,4.9,36,60.0,6,10.0
2019,SP Narine,Punjab Kings,0,6,3.0,3,50.0,0,0.0
2019,SP Narine,Royal Challengers Bengaluru,1,24,6.25,7,29.17,2,8.33
2019,TA Boult,Delhi Capitals,0,30,9.2,10,33.33,6,20.0
2019,TG Southee,Royal Challengers Bengaluru,0,24,11.0,10,41.67,10,41.67
2019,UT Yadav,Punjab Kings,0,12,12.0,3,25.0,4,33.33
2019,UT Yadav,Royal Challengers Bengaluru,4,72,9.5,30,41.67,19,26.39
2019,VR Aaron,Rajasthan Royals,1,24,6.75,10,41.67,3,12.5
2019,Washington Sundar,Royal Challengers Bengaluru,0,6,10.0,2,33.33,2,33.33
2019,Y Prithvi Raj,Kolkata Knight Riders,0,12,16.5,3,25.0,6,50.0
2019,YK Pathan,Sunrisers Hyderabad,0,6,8.0,1,16.67,1,16.67
2019,YS Chahal,Punjab Kings,1,6,9.0,3,50.0,1,16.67
2019,YS Chahal,Royal Challengers Bengaluru,3,80,7.43,37,46.25,13,16.25
2020,A Mishra,Delhi Capitals,0,18,6.33,7,38.89,1,5.56
2020,A Nortje,Delhi Capitals,6,138,8.52,62,44.93,31,22.46
2020,A Nortje,Royal Challengers Bengaluru,0,12,9.0,5,41.67,3,25.0
2020,A Zampa,Royal Challengers Bengaluru,0,12,4.5,6,50.0,1,8.33
2020,Abdul Samad,Sunrisers Hyderabad,0,6,11.0,1,16.67,1,16.67
2020,Abhishek Sharma,Sunrisers Hyderabad,1,24,9.75,4,16.67,4,16.67
2020,AD Russell,Kolkata Knight Riders,0,24,8.25,9,37.5,5,20.83
2020,AD Russell,Royal Challengers Bengaluru,0,6,6.0,3,50.0,1,16.67
2020,AJ Tye,Rajasthan Royals,0,6,8.0,2,33.33,1,16.67
2020,AR Patel,Delhi Capitals,4,96,6.31,34,35.42,10,10.42
2020,Arshdeep Singh,Punjab Kings,2,60,7.4,27,45.0,11,18.33
2020,Arshdeep Singh,Royal Challengers Bengaluru,1,12,10.0,3,25.0,3,25.0
2020,AS Rajpoot,Punjab Kings,0,13,11.54,3,23.08,4,30.77
2020,AS Rajpoot,Rajasthan Royals,0,48,11.38,19,39.58,15,31.25
2020,Avesh Khan,Delhi Capitals,0,6,12.0,2,33.33,2,33.33
2020,B Kumar,Royal Challengers Bengaluru,0,6,7.0,3,50.0,1,16.67
2020,B Kumar,Sunrisers Hyderabad,1,18,6.67,9,50.0,3,16.67
2020,BA Stokes,Rajasthan Royals,0,24,13.0,7,29.17,8,33.33
2020,Basil Thampi,Sunrisers Hyderabad,0,12,10.0,2,16.67,3,25.0
2020,CH Morris,Royal Challengers Bengaluru,2,48,7.63,21,43.75,6,12.5
2020,CJ Green,Kolkata Knight Riders,0,6,9.0,3,50.0,2,33.33
2020,CJ Jordan,Punjab Kings,1,30,10.8,13,43.33,9,30.0
2020,CV Varun,Kolkata Knight Riders,1,54,6.44,20,37.04,7,12.96
2020,CV Varun,Royal Challengers Bengaluru,0,6,11.0,0,0.0,1,16.67
2020,DJ Bravo,Chennai Super Kings,0,6,5.0,2,33.33,0,0.0
2020,DJ Bravo,Punjab Kings,0,6,9.0,2,33.33,1,16.67
2020,DJ Bravo,Royal Challengers Bengaluru,0,6,10.0,1,16.67,1,16.67
2020,DL Chahar,Chennai Super Kings,4,108,8.22,36,33.33,20,18.52
2020,DL Chahar,Punjab Kings,0,18,7.67,7,38.89,3,16.67
2020,DL Chahar,Royal Challengers Bengaluru,1,18,5.33,8,44.44,1,5.56
2020,DR Sams,Delhi Capitals,0,6,5.0,3,50.0,0,0.0
2020,DR Sams,Royal Challengers Bengaluru,0,6,6.0,4,66.67,1,16.67
2020,DS Kulkarni,Mumbai Indians,0,6,10.0,2,33.33,2,33.33
2020,DW Steyn,Punjab Kings,0,12,8.5,4,33.33,3,25.0
2020,DW Steyn,Royal Challengers Bengaluru,0,18,9.0,7,38.89,3,16.67
2020,GJ Maxwell,Punjab Kings,0,24,7.25,8,33.33,3,12.5
2020,Harpreet Brar,Punjab Kings,0,6,7.0,2,33.33,1,16.67
2020,HV Patel,Delhi Capitals,0,24,9.75,6,25.0,6,25.0
2020,I Sharma,Delhi Capitals,0,6,3.0,3,50.0,0,0.0
2020,I Udana,Royal Challengers Bengaluru,2,42,10.43,14,33.33,12,28.57
2020,Imran Tahir,Chennai Super Kings,0,6,5.0,1,16.67,0,0.0
2020,J Yadav,Mumbai Indians,1,24,4.0,11,45.83,0,0.0
2020,JC Archer,Punjab Kings,0,18,6.67,10,55.56,4,22.22
2020,JC Archer,Rajasthan Royals,5,78,4.62,52,66.67,8,10.26
2020,JD Unadkat,Punjab Kings,0,6,17.0,1,16.67,2,33.33
2020,JD Unadkat,Rajasthan Royals,1,42,8.43,17,40.48,8,19.05
2020,JDS Neesham,Punjab Kings,1,24,9.25,11,45.83,6,25.0
2020,JJ Bumrah,Mumbai Indians,7,90,6.0,56,62.22,14,15.56
2020,JJ Bumrah,Royal Challengers Bengaluru,0,12,7.5,7,58.33,3,25.0
2020,JL Pattinson,Mumbai Indians,4,78,8.46,34,43.59,17,21.79
2020,JL Pattinson,Royal Challengers Bengaluru,0,24,9.75,9,37.5,6,25.0
2020,JO Holder,Punjab Kings,0,6,10.0,2,33.33,2,33.33
2020,JO Holder,Royal Challengers Bengaluru,2,24,6.25,12,50.0,3,12.5
2020,JO Holder,Sunrisers Hyderabad,0,48,10.13,18,37.5,14,29.17
2020,JR Hazlewood,Chennai Super Kings,1,42,5.57,24,57.14,6,14.29
2020,K Gowtham,Punjab Kings,0,12,8.0,3,25.0,2,16.67
2020,K Rabada,Delhi Capitals,2,108,8.61,43,39.81,22,20.37
2020,K Rabada,Royal Challengers Bengaluru,1,6,6.0,3,50.0,1,16.67
2020,KA Pollard,Mumbai Indians,0,24,7.0,7,29.17,2,8.33
2020,Kartik Tyagi,Punjab Kings,0,6,14.0,3,50.0,3,50.0
2020,Kartik Tyagi,Rajasthan Royals,3,72,10.25,27,37.5,18,25.0
2020,KH Pandya,Mumbai Indians,2,90,5.6,42,46.67,7,7.78
2020,KH Pandya,Royal Challengers Bengaluru,0,18,8.0,5,27.78,3,16.67
2020,KK Ahmed,Punjab Kings,0,12,7.5,5,41.67,2,16.67
2020,KK Ahmed,Sunrisers Hyderabad,4,78,9.08,37,47.44,19,24.36
2020,KL Nagarkoti,Kolkata Knight Riders,0,24,7.25,11,45.83,4,16.67
2020,Kuldeep Yadav,Kolkata Knight Riders,0,6,5.0,2,33.33,0,0.0
2020,KV Sharma,Chennai Super Kings,0,6,12.0,0,0.0,1,16.67
2020,L Ngidi,Chennai Super Kings,0,18,10.67,7,38.89,5,27.78
2020,L Ngidi,Punjab Kings,1,6,9.0,3,50.0,2,33.33
2020,LH Ferguson,Kolkata Knight Riders,2,24,5.25,14,58.33,3,12.5
2020,M Ashwin,Punjab Kings,0,42,7.43,16,38.1,7,16.67
2020,M Ashwin,Royal Challengers Bengaluru,1,6,6.0,3,50.0,1,16.67
2020,M Prasidh Krishna,Kolkata Knight Riders,0,61,9.84,22,36.07,16,26.23
2020,M Prasidh Krishna,Royal Challengers Bengaluru,0,12,10.5,2,16.67,3,25.0
2020,MJ Santner,Chennai Super Kings,0,6,15.0,2,33.33,3,50.0
2020,MJ Santner,Royal Challengers Bengaluru,1,12,6.0,3,25.0,1,8.33
2020,MM Ali,Royal Challengers Bengaluru,0,6,5.0,1,16.67,0,0.0
2020,MM Sharma,Delhi Capitals,1,12,7.0,6,50.0,1,8.33
2020,Mohammed Shami,Punjab Kings,7,162,7.48,87,53.7,31,19.14
2020,Mohammed Shami,Royal Challengers Bengaluru,0,12,10.5,2,16.67,3,25.0
2020,Mohammed Siraj,Royal Challengers Bengaluru,7,84,8.07,44,52.38,19,22.62
2020,Monu Kumar,Royal Challengers Bengaluru,0,6,7.0,4,66.67,1,16.67
2020,MP Stoinis,Delhi Capitals,3,36,7.0,11,30.56,4,11.11
2020,MR Marsh,Royal Challengers Bengaluru,0,4,9.0,1,25.0,1,25.0
2020,Mujeeb Ur Rahman,Punjab Kings,0,18,8.33,6,33.33,2,11.11
2020,Navdeep Saini,Punjab Kings,0,12,8.0,5,41.67,2,16.67
2020,Navdeep Saini,Royal Challengers Bengaluru,3,102,7.0,52,50.98,17,16.67
2020,NM Coulter-Nile,Mumbai Indians,1,42,7.29,24,57.14,8,19.05
2020,P Dubey,Delhi Capitals,0,6,4.0,2,33.33,0,0.0
2020,PJ Cummins,Kolkata Knight Riders,6,138,7.35,66,47.83,23,16.67
2020,PJ Cummins,Royal Challengers Bengaluru,0,12,6.0,6,50.0,2,16.67
2020,PP Chawla,Chennai Super Kings,1,12,8.0,3,25.0,2,16.67
2020,R Ashwin,Delhi Capitals,7,96,6.81,40,41.67,13,13.54
2020,R Ashwin,Royal Challengers Bengaluru,0,12,6.0,4,33.33,1,8.33
2020,R Tewatia,Rajasthan Royals,1,30,6.8,12,40.0,3,10.0
2020,RA Jadeja,Chennai Super Kings,0,30,9.8,5,16.67,6,20.0
2020,Rashid Khan,Punjab Kings,0,6,9.0,2,33.33,1,16.67
2020,Rashid Khan,Royal Challengers Bengaluru,0,6,6.0,0,0.0,0,0.0
2020,Rashid Khan,Sunrisers Hyderabad,3,18,5.0,8,44.44,1,5.56
2020,Ravi Bishnoi,Punjab Kings,1,42,9.29,21,50.0,10,23.81
2020,Ravi Bishnoi,Royal Challengers Bengaluru,0,6,8.0,2,33.33,1,16.67
2020,RD Chahar,Mumbai Indians,1,36,6.67,17,47.22,5,13.89
2020,RD Chahar,Royal Challengers Bengaluru,0,6,14.0,1,16.67,3,50.0
2020,S Gopal,Punjab Kings,0,12,8.5,1,8.33,1,8.33
2020,S Gopal,Rajasthan Royals,2,90,7.0,31,34.44,12,13.33
2020,S Kaul,Sunrisers Hyderabad,1,12,14.0,3,25.0,6,50.0
2020,S Nadeem,Royal Challengers Bengaluru,0,12,6.5,2,16.67,1,8.33
2020,S Nadeem,Sunrisers Hyderabad,1,24,9.25,10,41.67,5,20.83
2020,S Sandeep Warrier,Kolkata Knight Riders,0,6,16.0,2,33.33,4,66.67
2020,Sandeep Sharma,Punjab Kings,1,12,8.5,6,50.0,2,16.67
2020,Sandeep Sharma,Royal Challengers Bengaluru,2,36,5.83,16,44.44,4,11.11
2020,Sandeep Sharma,Sunrisers Hyderabad,4,84,7.64,34,40.48,16,19.05
2020,Shivam Mavi,Kolkata Knight Riders,5,84,7.29,39,46.43,14,16.67
2020,SM Curran,Chennai Super Kings,2,96,6.5,47,48.96,15,15.63
2020,SM Curran,Punjab Kings,0,24,8.75,5,20.83,5,20.83
2020,SM Curran,Royal Challengers Bengaluru,1,24,7.0,7,29.17,2,8.33
2020,SN Thakur,Chennai Super Kings,1,30,9.2,12,40.0,7,23.33
2020,SN Thakur,Punjab Kings,0,18,7.0,6,33.33,3,16.67
2020,SN Thakur,Royal Challengers Bengaluru,0,6,11.0,2,33.33,2,33.33
2020,SP Narine,Kolkata Knight Riders,0,42,8.43,9,21.43,6,14.29
2020,SS Cottrell,Punjab Kings,2,48,8.5,24,50.0,11,22.92
2020,T Natarajan,Royal Challengers Bengaluru,0,18,7.33,8,44.44,4,22.22
2020,T Natarajan,Sunrisers Hyderabad,3,96,6.5,47,48.96,15,15.63
2020,TA Boult,Mumbai Indians,8,114,7.84,61,53.51,29,25.44
2020,TA Boult,Royal Challengers Bengaluru,0,12,10.0,6,50.0,3,25.0
2020,TK Curran,Rajasthan Royals,0,24,10.25,11,45.83,7,29.17
2020,TU Deshpande,Delhi Capitals,0,24,13.0,8,33.33,10,41.67
2020,UT Yadav,Punjab Kings,0,6,9.0,3,50.0,2,33.33
2020,UT Yadav,Royal Challengers Bengaluru,0,12,11.0,6,50.0,4,33.33
2020,V Shankar,Royal Challengers Bengaluru,0,2,30.0,1,50.0,0,0.0
2020,V Shankar,Sunrisers Hyderabad,0,12,4.5,6,50.0,1,8.33
2020,VR Aaron,Punjab Kings,0,18,11.0,9,50.0,4,22.22
2020,VR Aaron,Rajasthan Royals,0,18,14.0,5,27.78,7,38.89
2020,Washington Sundar,Royal Challengers Bengaluru,4,126,6.48,55,43.65,15,11.9
2020,YS Chahal,Punjab Kings,1,6,7.0,2,33.33,1,16.67
2020,YS Chahal,Royal Challengers Bengaluru,3,54,7.22,18,33.33,7,12.96
2021,A Mishra,Delhi Capitals,0,12,8.0,4,33.33,2,16.67
2021,A Mishra,Royal Challengers Bengaluru,0,6,11.0,0,0.0,1,16.67
2021,A Nortje,Delhi Capitals,3,42,4.0,20,47.62,0,0.0
2021,Abhishek Sharma,Sunrisers Hyderabad,0,12,9.5,4,33.33,3,25.0
2021,AD Russell,Royal Challengers Bengaluru,0,6,6.0,1,16.67,0,0.0
2021,AF Milne,Mumbai Indians,2,42,9.71,16,38.1,10,23.81
2021,AF Milne,Royal Challengers Bengaluru,0,6,13.0,1,16.67,2,33.33
2021,AK Markram,Punjab Kings,0,12,6.0,3,25.0,1,8.33
2021,Akash Singh,Rajasthan Royals,0,6,8.0,2,33.33,1,16.67
2021,AR Patel,Delhi Capitals,3,66,6.91,28,42.42,9,13.64
2021,Arshdeep Singh,Punjab Kings,8,102,6.47,41,40.2,12,11.76
2021,Arshdeep Singh,Royal Challengers Bengaluru,0,12,13.0,5,41.67,4,33.33
2021,AU Rashid,Punjab Kings,0,6,11.0,3,50.0,2,33.33
2021,Avesh Khan,Delhi Capitals,5,120,6.95,58,48.33,20,16.67
2021,Avesh Khan,Royal Challengers Bengaluru,1,12,5.5,8,66.67,2,16.67
2021,B Kumar,Royal Challengers Bengaluru,1,6,4.0,3,50.0,0,0.0
2021,B Kumar,Sunrisers Hyderabad,2,102,6.53,54,52.94,16,15.69
2021,C Sakariya,Rajasthan Royals,3,120,7.3,53,44.17,19,15.83
2021,CH Morris,Rajasthan Royals,2,84,8.21,31,36.9,15,17.86
2021,CJ Jordan,Punjab Kings,1,12,10.0,4,33.33,3,25.0
2021,CR Woakes,Delhi Capitals,3,24,6.25,14,58.33,5,20.83
2021,CV Varun,Kolkata Knight Riders,3,102,6.65,42,41.18,14,13.73
2021,CV Varun,Royal Challengers Bengaluru,2,12,5.0,3,25.0,0,0.0
2021,DJ Bravo,Chennai Super Kings,1,12,4.0,7,58.33,0,0.0
2021,DJ Hooda,Punjab Kings,1,24,6.0,10,41.67,3,12.5
2021,DL Chahar,Chennai Super Kings,9,156,8.85,65,41.67,38,24.36
2021,DL Chahar,Royal Challengers Bengaluru,0,6,10.0,2,33.33,2,33.33
2021,DR Sams,Royal Challengers Bengaluru,0,12,6.5,6,50.0,2,16.67
2021,DS Kulkarni,Mumbai Indians,0,12,8.5,6,50.0,3,25.0
2021,DT Christian,Royal Challengers Bengaluru,0,12,13.0,2,16.67,5,41.67
2021,FA Allen,Punjab Kings,0,12,9.0,6,50.0,3,25.0
2021,GHS Garton,Royal Challengers Bengaluru,1,54,11.67,14,25.93,15,27.78
2021,GJ Maxwell,Royal Challengers Bengaluru,0,18,10.67,4,22.22,4,22.22
2021,Harbhajan Singh,Kolkata Knight Riders,0,6,14.0,2,33.33,3,50.0
2021,Harbhajan Singh,Royal Challengers Bengaluru,0,6,3.0,4,66.67,0,0.0
2021,Harpreet Brar,Punjab Kings,1,24,6.5,11,45.83,2,8.33
2021,Harpreet Brar,Royal Challengers Bengaluru,0,6,2.0,4,66.67,0,0.0
2021,HV Patel,Royal Challengers Bengaluru,1,42,7.29,14,33.33,5,11.9
2021,I Sharma,Delhi Capitals,0,18,10.0,3,16.67,4,22.22
2021,I Sharma,Royal Challengers Bengaluru,1,12,4.5,7,58.33,1,8.33
2021,IC Porel,Punjab Kings,0,12,13.0,4,33.33,5,41.67
2021,J Suchith,Sunrisers Hyderabad,0,12,8.0,4,33.33,2,16.67
2021,J Yadav,Mumbai Indians,1,42,9.86,16,38.1,10,23.81
2021,JA Richardson,Punjab Kings,0,24,10.25,12,50.0,7,29.17
2021,Jalaj S Saxena,Punjab Kings,0,6,10.0,2,33.33,2,33.33
2021,JD Unadkat,Rajasthan Royals,3,72,7.83,30,41.67,14,19.44
2021,JDS Neesham,Mumbai Indians,2,12,5.5,5,41.67,1,8.33
2021,JJ Bumrah,Mumbai Indians,2,114,7.05,57,50.0,18,15.79
2021,JJ Bumrah,Royal Challengers Bengaluru,1,12,9.5,5,41.67,3,25.0
2021,JO Holder,Royal Challengers Bengaluru,0,12,8.0,5,41.67,2,16.67
2021,JO Holder,Sunrisers Hyderabad,3,60,7.6,28,46.67,12,20.0
2021,JR Hazlewood,Chennai Super Kings,4,108,9.0,50,46.3,28,25.93
2021,JR Hazlewood,Royal Challengers Bengaluru,0,18,7.33,6,33.33,2,11.11
2021,K Rabada,Delhi Capitals,4,96,7.5,44,45.83,16,16.67
2021,K Rabada,Royal Challengers Bengaluru,0,6,10.0,2,33.33,2,33.33
2021,K Yadav,Rajasthan Royals,0,12,8.5,4,33.33,3,25.0
2021,KA Jamieson,Royal Challengers Bengaluru,4,96,9.19,45,46.88,25,26.04
2021,KA Pollard,Mumbai Indians,2,6,8.0,2,33.33,1,16.67
2021,Kartik Tyagi,Rajasthan Royals,1,36,9.0,18,50.0,7,19.44
2021,KH Pandya,Mumbai Indians,3,78,7.08,28,35.9,9,11.54
2021,KH Pandya,Royal Challengers Bengaluru,0,6,4.0,2,33.33,0,0.0
2021,KK Ahmed,Sunrisers Hyderabad,2,60,8.0,26,43.33,12,20.0
2021,KM Asif,Chennai Super Kings,1,6,8.0,2,33.33,1,16.67
2021,KW Richardson,Royal Challengers Bengaluru,0,6,10.0,3,50.0,2,33.33
2021,L Ngidi,Chennai Super Kings,1,18,11.0,7,38.89,5,27.78
2021,Lalit Yadav,Delhi Capitals,1,18,7.33,5,27.78,2,11.11
2021,LH Ferguson,Kolkata Knight Riders,3,54,6.0,26,48.15,7,12.96
2021,LH Ferguson,Royal Challengers Bengaluru,2,24,7.5,7,29.17,4,16.67
2021,LI Meriwala,Delhi Capitals,0,12,14.0,4,33.33,4,33.33
2021,M Ashwin,Punjab Kings,0,12,7.5,3,25.0,1,8.33
2021,M Jansen,Mumbai Indians,0,18,10.33,6,33.33,5,27.78
2021,M Prasidh Krishna,Kolkata Knight Riders,1,42,8.57,22,52.38,8,19.05
2021,M Prasidh Krishna,Royal Challengers Bengaluru,1,18,8.0,10,55.56,3,16.67
2021,MC Henriques,Punjab Kings,0,18,5.0,11,61.11,2,11.11
2021,MK Lomror,Rajasthan Royals,1,12,5.5,7,58.33,2,16.67
2021,MM Ali,Chennai Super Kings,0,6,4.0,2,33.33,0,0.0
2021,Mohammad Nabi,Sunrisers Hyderabad,0,12,10.0,4,33.33,4,33.33
2021,Mohammed Shami,Punjab Kings,2,126,6.52,68,53.97,23,18.25
2021,Mohammed Shami,Royal Challengers Bengaluru,0,12,7.0,3,25.0,1,8.33
2021,Mohammed Siraj,Royal Challengers Bengaluru,4,138,6.96,67,48.55,24,17.39
2021,MP Stoinis,Delhi Capitals,1,24,8.0,4,16.67,3,12.5
2021,Mujeeb Ur Rahman,Sunrisers Hyderabad,0,6,13.0,1,16.67,2,33.33
2021,Mustafizur Rahman,Rajasthan Royals,5,108,7.83,45,41.67,18,16.67
2021,Navdeep Saini,Royal Challengers Bengaluru,0,18,13.33,3,16.67,6,33.33
2021,NM Coulter-Nile,Mumbai Indians,2,30,8.2,12,40.0,7,23.33
2021,NT Ellis,Punjab Kings,0,18,6.0,10,55.56,3,16.67
2021,PJ Cummins,Kolkata Knight Riders,1,48,8.0,22,45.83,10,20.83
2021,PJ Cummins,Royal Challengers Bengaluru,0,6,9.0,2,33.33,1,16.67
2021,PP Chawla,Mumbai Indians,0,6,16.0,1,16.67,3,50.0
2021,PWH de Silva,Royal Challengers Bengaluru,0,12,9.5,4,33.33,3,25.0
2021,R Ashwin,Delhi Capitals,1,102,7.35,39,38.24,15,14.71
2021,R Tewatia,Rajasthan Royals,1,30,7.8,7,23.33,5,16.67
2021,RA Jadeja,Chennai Super Kings,1,36,5.83,10,27.78,2,5.56
2021,RA Jadeja,Royal Challengers Bengaluru,0,6,6.0,3,50.0,1,16.67
2021,Rashid Khan,Sunrisers Hyderabad,4,48,6.88,20,41.67,7,14.58
2021,Ravi Bishnoi,Punjab Kings,3,30,5.0,11,36.67,1,3.33
2021,Ravi Bishnoi,Royal Challengers Bengaluru,0,6,10.0,3,50.0,2,33.33
2021,RD Chahar,Mumbai Indians,0,18,5.0,5,27.78,0,0.0
2021,RD Chahar,Royal Challengers Bengaluru,0,6,10.0,3,50.0,1,16.67
2021,RP Meredith,Punjab Kings,1,30,8.8,12,40.0,8,26.67
2021,S Gopal,Rajasthan Royals,0,18,10.33,5,27.78,5,27.78
2021,S Kaul,Sunrisers Hyderabad,1,54,9.78,20,37.04,15,27.78
2021,S Nadeem,Royal Challengers Bengaluru,1,12,5.5,6,50.0,1,8.33
2021,S Sandeep Warrier,Kolkata Knight Riders,0,6,10.0,2,33.33,2,33.33
2021,Sandeep Sharma,Sunrisers Hyderabad,0,54,7.0,25,46.3,11,20.37
2021,Shahbaz Ahmed,Royal Challengers Bengaluru,0,24,9.25,6,25.0,5,20.83
2021,Shakib Al Hasan,Kolkata Knight Riders,1,54,8.11,16,29.63,8,14.81
2021,Shakib Al Hasan,Royal Challengers Bengaluru,0,18,9.33,4,22.22,4,22.22
2021,Shivam Mavi,Kolkata Knight Riders,4,78,5.77,43,55.13,11,14.1
2021,Shivam Mavi,Royal Challengers Bengaluru,0,12,11.5,4,33.33,3,25.0
2021,SM Curran,Chennai Super Kings,4,114,8.26,47,41.23,22,19.3
2021,SN Thakur,Chennai Super Kings,6,84,8.21,39,46.43,19,22.62
2021,SN Thakur,Royal Challengers Bengaluru,0,6,10.0,1,16.67,1,16.67
2021,SP Narine,Kolkata Knight Riders,1,90,9.27,26,28.89,17,18.89
2021,SP Narine,Royal Challengers Bengaluru,0,6,7.0,2,33.33,1,16.67
2021,T Natarajan,Royal Challengers Bengaluru,0,6,11.0,1,16.67,2,33.33
2021,T Natarajan,Sunrisers Hyderabad,0,6,12.0,2,33.33,2,33.33
2021,T Shamsi,Rajasthan Royals,0,6,6.0,0,0.0,0,0.0
2021,TA Boult,Mumbai Indians,3,90,8.47,39,43.33,20,22.22
2021,TA Boult,Royal Challengers Bengaluru,0,6,5.0,4,66.67,1,16.67
2021,TG Southee,Kolkata Knight Riders,0,24,8.5,11,45.83,6,25.0
2021,TK Curran,Delhi Capitals,0,6,3.0,3,50.0,0,0.0
2021,Umran Malik,Sunrisers Hyderabad,1,24,9.75,8,33.33,6,25.0
2021,V Shankar,Sunrisers Hyderabad,1,18,9.67,8,44.44,3,16.67
2021,Washington Sundar,Royal Challengers Bengaluru,1,24,7.0,11,45.83,4,16.67
2021,YS Chahal,Royal Challengers Bengaluru,3,84,7.5,33,39.29,13,15.48
2022,A Nortje,Delhi Capitals,3,60,9.4,26,43.33,16,26.67
2022,AD Russell,Kolkata Knight Riders,3,30,6.8,16,53.33,4,13.33
2022,AF Milne,Chennai Super Kings,0,12,6.0,9,75.0,2,16.67
2022,AJ Tye,Lucknow Super Giants,0,24,9.25,10,41.67,7,29.17
2022,AK Markram,Sunrisers Hyderabad,0,6,7.0,2,33.33,1,16.67
2022,Akash Deep,Royal Challengers Bengaluru,2,42,9.29,14,33.33,8,19.05
2022,Aman Hakim Khan,Kolkata Knight Riders,0,6,13.0,1,16.67,2,33.33
2022,AR Patel,Delhi Capitals,3,78,6.15,33,42.31,8,10.26
2022,AR Patel,Royal Challengers Bengaluru,0,6,7.0,2,33.33,1,16.67
2022,Arshdeep Singh,Punjab Kings,3,84,8.43,36,42.86,19,22.62
2022,Arshdeep Singh,Royal Challengers Bengaluru,0,12,8.5,6,50.0,1,8.33
2022,AS Joseph,Gujarat Titans,1,60,9.6,28,46.67,16,26.67
2022,AS Joseph,Royal Challengers Bengaluru,0,6,13.0,2,33.33,3,50.0
2022,AS Roy,Kolkata Knight Riders,0,24,7.75,7,29.17,3,12.5
2022,Avesh Khan,Lucknow Super Giants,8,96,7.69,52,54.17,23,23.96
2022,Avesh Khan,Royal Challengers Bengaluru,0,18,6.0,11,61.11,3,16.67
2022,B Kumar,Royal Challengers Bengaluru,0,18,5.0,8,44.44,1,5.56
2022,B Kumar,Sunrisers Hyderabad,2,78,7.0,35,44.87,11,14.1
2022,Basil Thampi,Mumbai Indians,0,24,11.25,11,45.83,7,29.17
2022,C Sakariya,Delhi Capitals,2,24,6.25,11,45.83,2,8.33
2022,CJ Jordan,Chennai Super Kings,0,24,5.75,13,54.17,2,8.33
2022,CV Varun,Kolkata Knight Riders,0,48,7.63,18,37.5,7,14.58
2022,DJ Bravo,Chennai Super Kings,1,24,8.0,12,50.0,5,20.83
2022,DJ Mitchell,Rajasthan Royals,0,6,20.0,0,0.0,4,66.67
2022,DJ Willey,Royal Challengers Bengaluru,1,42,7.0,14,33.33,5,11.9
2022,DR Sams,Mumbai Indians,5,90,8.53,36,40.0,17,18.89
2022,FA Allen,Mumbai Indians,1,6,11.0,3,50.0,2,33.33
2022,Fazalhaq Farooqi,Royal Challengers Bengaluru,0,6,6.0,3,50.0,1,16.67
2022,Fazalhaq Farooqi,Sunrisers Hyderabad,1,18,7.0,7,38.89,2,11.11
2022,GJ Maxwell,Royal Challengers Bengaluru,2,42,5.14,24,57.14,3,7.14
2022,Harpreet Brar,Punjab Kings,0,18,12.0,6,33.33,6,33.33
2022,Harshit Rana,Kolkata Knight Riders,1,12,11.5,6,50.0,4,33.33
2022,HH Pandya,Gujarat Titans,2,72,5.33,36,50.0,8,11.11
2022,HR Shokeen,Mumbai Indians,1,36,7.0,22,61.11,7,19.44
2022,HV Patel,Royal Challengers Bengaluru,1,36,6.0,14,38.89,4,11.11
2022,J Suchith,Royal Challengers Bengaluru,0,18,8.67,7,38.89,2,11.11
2022,J Suchith,Sunrisers Hyderabad,1,12,9.0,4,33.33,2,16.67
2022,JD Unadkat,Mumbai Indians,0,36,7.67,18,50.0,6,16.67
2022,JJ Bumrah,Mumbai Indians,5,120,7.05,64,53.33,20,16.67
2022,JO Holder,Lucknow Super Giants,1,66,10.0,24,36.36,17,25.76
2022,JR Hazlewood,Royal Challengers Bengaluru,7,150,6.88,77,51.33,26,17.33
2022,K Gowtham,Lucknow Super Giants,0,12,11.0,5,41.67,5,41.67
2022,K Kartikeya,Mumbai Indians,1,12,10.5,3,25.0,3,25.0
2022,K Rabada,Punjab Kings,10,156,8.38,72,46.15,35,22.44
2022,KA Pollard,Mumbai Indians,0,6,7.0,2,33.33,1,16.67
2022,Kartik Tyagi,Royal Challengers Bengaluru,0,6,17.0,1,16.67,3,50.0
2022,Kartik Tyagi,Sunrisers Hyderabad,0,6,11.0,3,50.0,2,33.33
2022,KH Pandya,Lucknow Super Giants,0,48,8.13,13,27.08,8,16.67
2022,KH Pandya,Royal Challengers Bengaluru,1,24,8.75,6,25.0,5,20.83
2022,KK Ahmed,Delhi Capitals,4,84,6.5,42,50.0,11,13.1
2022,KK Ahmed,Royal Challengers Bengaluru,1,12,5.5,7,58.33,2,16.67
2022,KL Nagarkoti,Delhi Capitals,0,6,16.0,2,33.33,3,50.0
2022,KR Sen,Rajasthan Royals,4,42,8.43,19,45.24,9,21.43
2022,Kuldeep Yadav,Delhi Capitals,1,18,5.67,8,44.44,2,11.11
2022,Lalit Yadav,Delhi Capitals,1,42,6.86,18,42.86,6,14.29
2022,LH Ferguson,Gujarat Titans,6,78,8.46,33,42.31,18,23.08
2022,M Ashwin,Mumbai Indians,2,72,7.75,28,38.89,12,16.67
2022,M Jansen,Royal Challengers Bengaluru,3,18,6.0,12,66.67,3,16.67
2022,M Jansen,Sunrisers Hyderabad,2,108,7.78,51,47.22,18,16.67
2022,M Markande,Mumbai Indians,0,12,4.5,4,33.33,0,0.0
2022,M Prasidh Krishna,Rajasthan Royals,9,198,6.88,116,58.59,36,18.18
2022,M Prasidh Krishna,Royal Challengers Bengaluru,1,18,7.33,11,61.11,5,27.78
2022,M Theekshana,Chennai Super Kings,6,84,8.36,27,32.14,15,17.86
2022,M Theekshana,Royal Challengers Bengaluru,0,6,6.0,0,0.0,0,0.0
2022,MJ Santner,Chennai Super Kings,0,48,7.25,21,43.75,9,18.75
2022,MK Lomror,Royal Challengers Bengaluru,0,12,9.0,3,25.0,2,16.67
2022,MM Ali,Chennai Super Kings,0,6,6.0,3,50.0,1,16.67
2022,Mohammed Shami,Gujarat Titans,9,138,7.35,78,56.52,27,19.57
2022,Mohammed Shami,Royal Challengers Bengaluru,0,6,8.0,3,50.0,1,16.67
2022,Mohammed Siraj,Royal Challengers Bengaluru,4,150,11.04,57,38.0,42,28.0
2022,Mohsin Khan,Lucknow Super Giants,3,42,6.86,22,52.38,7,16.67
2022,Mohsin Khan,Royal Challengers Bengaluru,0,6,7.0,3,50.0,1,16.67
2022,MP Stoinis,Lucknow Super Giants,1,6,5.0,3,50.0,0,0.0
2022,MR Marsh,Delhi Capitals,1,24,3.75,12,50.0,1,4.17
2022,Mukesh Choudhary,Chennai Super Kings,6,120,9.45,53,44.17,30,25.0
2022,Mukesh Choudhary,Royal Challengers Bengaluru,0,12,12.0,5,41.67,4,33.33
2022,Mustafizur Rahman,Delhi Capitals,1,42,7.14,16,38.1,6,14.29
2022,Mustafizur Rahman,Royal Challengers Bengaluru,0,6,10.0,2,33.33,2,33.33
2022,Navdeep Saini,Rajasthan Royals,1,6,16.0,3,50.0,2,33.33
2022,NM Coulter-Nile,Rajasthan Royals,0,6,7.0,3,50.0,1,16.67
2022,NT Ellis,Punjab Kings,0,12,8.5,7,58.33,3,25.0
2022,OC McCoy,Rajasthan Royals,0,18,6.0,7,38.89,2,11.11
2022,OC McCoy,Royal Challengers Bengaluru,0,6,6.0,1,16.67,0,0.0
2022,OF Smith,Punjab Kings,1,12,9.5,5,41.67,3,25.0
2022,OF Smith,Royal Challengers Bengaluru,0,12,6.0,7,58.33,2,16.67
2022,PH Solanki,Chennai Super Kings,0,6,6.0,0,0.0,0,0.0
2022,PJ Cummins,Kolkata Knight Riders,1,48,11.0,16,33.33,14,29.17
2022,PJ Sangwan,Gujarat Titans,0,18,11.33,5,27.78,6,33.33
2022,PJ Sangwan,Royal Challengers Bengaluru,1,18,4.0,9,50.0,1,5.56
2022,PVD Chameera,Lucknow Super Giants,4,120,8.0,62,51.67,25,20.83
2022,PVD Chameera,Royal Challengers Bengaluru,0,18,12.0,6,33.33,7,38.89
2022,PWH de Silva,Royal Challengers Bengaluru,2,42,7.71,18,42.86,8,19.05
2022,R Ashwin,Rajasthan Royals,3,90,8.07,30,33.33,15,16.67
2022,R Dhawan,Punjab Kings,4,48,7.38,20,41.67,7,14.58
2022,R Parag,Rajasthan Royals,1,6,12.0,2,33.33,2,33.33
2022,R Sai Kishore,Gujarat Titans,0,6,6.0,1,16.67,0,0.0
2022,R Sanjay Yadav,Mumbai Indians,0,6,8.0,4,66.67,2,33.33
2022,R Shepherd,Sunrisers Hyderabad,2,18,5.67,12,66.67,3,16.67
2022,R Tewatia,Gujarat Titans,0,6,9.0,2,33.33,1,16.67
2022,RA Jadeja,Chennai Super Kings,1,42,6.86,13,30.95,3,7.14
2022,RA Jadeja,Royal Challengers Bengaluru,0,6,5.0,1,16.67,0,0.0
2022,Rashid Khan,Gujarat Titans,0,54,8.78,14,25.93,8,14.81
2022,Rashid Khan,Royal Challengers Bengaluru,0,6,5.0,1,16.67,0,0.0
2022,Rasikh Salam,Kolkata Knight Riders,0,18,6.67,7,38.89,3,16.67
2022,Ravi Bishnoi,Lucknow Super Giants,1,54,7.33,21,38.89,9,16.67
2022,Ravi Bishnoi,Royal Challengers Bengaluru,0,6,15.0,1,16.67,2,33.33
2022,RD Chahar,Punjab Kings,3,30,7.6,13,43.33,3,10.0
2022,RD Chahar,Royal Challengers Bengaluru,1,6,9.0,2,33.33,1,16.67
2022,RP Meredith,Mumbai Indians,1,48,7.13,26,54.17,8,16.67
2022,S Gopal,Sunrisers Hyderabad,0,6,1.0,5,83.33,0,0.0
2022,SA Abbott,Sunrisers Hyderabad,1,12,8.5,5,41.67,3,25.0
2022,Sandeep Sharma,Punjab Kings,1,54,4.33,32,59.26,4,7.41
2022,Sandeep Sharma,Royal Challengers Bengaluru,0,6,11.0,3,50.0,2,33.33
2022,Shahbaz Ahmed,Royal Challengers Bengaluru,1,60,9.3,19,31.67,13,21.67
2022,Shivam Mavi,Kolkata Knight Riders,1,54,10.11,22,40.74,14,25.93
2022,Simarjeet Singh,Chennai Super Kings,3,78,8.15,39,50.0,17,21.79
2022,Simarjeet Singh,Royal Challengers Bengaluru,0,12,10.5,6,50.0,3,25.0
2022,SN Thakur,Delhi Capitals,3,90,9.6,28,31.11,21,23.33
2022,SN Thakur,Royal Challengers Bengaluru,1,12,4.5,7,58.33,1,8.33
2022,SP Narine,Kolkata Knight Riders,0,78,6.08,30,38.46,7,8.97
2022,T Natarajan,Royal Challengers Bengaluru,1,6,5.0,6,100.0,0,0.0
2022,T Natarajan,Sunrisers Hyderabad,5,60,9.9,26,43.33,18,30.0
2022,TA Boult,Rajasthan Royals,5,150,7.96,75,50.0,33,22.0
2022,TA Boult,Royal Challengers Bengaluru,0,12,8.0,6,50.0,3,25.0
2022,TG Southee,Kolkata Knight Riders,3,72,7.92,34,47.22,15,20.83
2022,Tilak Varma,Mumbai Indians,0,6,6.0,3,50.0,1,16.67
2022,TS Mills,Mumbai Indians,3,30,9.6,14,46.67,8,26.67
2022,TU Deshpande,Chennai Super Kings,0,24,9.5,11,45.83,8,33.33
2022,Umran Malik,Sunrisers Hyderabad,1,36,10.67,17,47.22,9,25.0
2022,UT Yadav,Kolkata Knight Riders,4,114,7.89,53,46.49,23,20.18
2022,VG Arora,Punjab Kings,3,54,7.44,25,46.3,11,20.37
2022,VR Aaron,Gujarat Titans,1,12,9.5,4,33.33,3,25.0
2022,Washington Sundar,Sunrisers Hyderabad,3,72,7.33,28,38.89,11,15.28
2022,Yash Dayal,Gujarat Titans,6,96,9.19,46,47.92,26,27.08
2022,YS Chahal,Rajasthan Royals,1,54,7.67,15,27.78,8,14.81
2023,A Badoni,Lucknow Super Giants,0,1,0.0,1,100.0,0,0.0
2023,A Mishra,Lucknow Super Giants,0,12,10.5,3,25.0,3,25.0
2023,A Mishra,Royal Challengers Bengaluru,0,6,7.0,0,0.0,0,0.0
2023,A Nortje,Delhi Capitals,5,78,8.85,41,52.56,20,25.64
2023,A Zampa,Rajasthan Royals,2,36,7.5,12,33.33,6,16.67
2023,A Zampa,Royal Challengers Bengaluru,0,12,7.5,5,41.67,2,16.67
2023,Abhishek Sharma,Sunrisers Hyderabad,0,6,12.0,1,16.67,2,33.33
2023,AD Russell,Kolkata Knight Riders,4,48,11.13,18,37.5,13,27.08
2023,AJ Hosein,Sunrisers Hyderabad,0,18,10.33,4,22.22,5,27.78
2023,AK Markram,Sunrisers Hyderabad,0,24,8.75,6,25.0,5,20.83
2023,Akash Deep,Royal Challengers Bengaluru,1,12,12.5,5,41.67,2,16.67
2023,Akash Madhwal,Mumbai Indians,3,30,7.2,15,50.0,6,20.0
2023,Akash Singh,Chennai Super Kings,1,60,10.6,25,41.67,17,28.33
2023,AR Patel,Delhi Capitals,4,78,7.31,33,42.31,13,16.67
2023,AR Patel,Royal Challengers Bengaluru,0,24,5.25,12,50.0,2,8.33
2023,Arjun Tendulkar,Mumbai Indians,2,24,9.75,9,37.5,5,20.83
2023,Arshad Khan,Mumbai Indians,1,42,12.86,14,33.33,16,38.1
2023,Arshdeep Singh,Punjab Kings,6,108,11.0,48,44.44,38,35.19
2023,Arshdeep Singh,Royal Challengers Bengaluru,0,6,11.0,2,33.33,2,33.33
2023,AS Joseph,Gujarat Titans,0,24,10.25,12,50.0,7,29.17
2023,AS Roy,Kolkata Knight Riders,1,12,4.5,7,58.33,1,8.33
2023,AU Rashid,Sunrisers Hyderabad,0,12,9.0,3,25.0,2,16.67
2023,Avesh Khan,Lucknow Super Giants,0,66,10.27,26,39.39,20,30.3
2023,Avesh Khan,Royal Challengers Bengaluru,0,12,10.5,6,50.0,4,33.33
2023,B Kumar,Sunrisers Hyderabad,2,84,9.07,36,42.86,20,23.81
2023,BA Stokes,Chennai Super Kings,0,6,18.0,0,0.0,3,50.0
2023,C Green,Mumbai Indians,2,66,9.27,22,33.33,13,19.7
2023,C Green,Royal Challengers Bengaluru,0,6,9.0,3,50.0,2,33.33
2023,C Sakariya,Delhi Capitals,1,18,4.67,10,55.56,1,5.56
2023,CJ Jordan,Mumbai Indians,1,36,9.33,14,38.89,8,22.22
2023,CJ Jordan,Royal Challengers Bengaluru,0,6,16.0,1,16.67,2,33.33
2023,CV Varun,Kolkata Knight Riders,5,96,8.63,39,40.63,22,22.92
2023,D Jansen,Mumbai Indians,0,6,16.0,2,33.33,2,33.33
2023,D Wiese,Kolkata Knight Riders,0,12,11.5,3,25.0,3,25.0
2023,DG Nalkande,Gujarat Titans,0,12,11.0,5,41.67,3,25.0
2023,DJ Willey,Royal Challengers Bengaluru,2,60,6.1,28,46.67,8,13.33
2023,DL Chahar,Chennai Super Kings,8,102,10.35,36,35.29,28,27.45
2023,Fazalhaq Farooqi,Sunrisers Hyderabad,2,42,9.29,20,47.62,12,28.57
2023,GD Phillips,Sunrisers Hyderabad,1,6,4.0,5,83.33,1,16.67
2023,GJ Maxwell,Royal Challengers Bengaluru,1,30,7.0,11,36.67,4,13.33
2023,Gurnoor Brar,Punjab Kings,0,6,16.0,2,33.33,3,50.0
2023,H Sharma,Royal Challengers Bengaluru,0,6,8.0,1,16.67,1,16.67
2023,Harpreet Brar,Punjab Kings,1,48,8.13,18,37.5,10,20.83
2023,Harpreet Brar,Royal Challengers Bengaluru,0,12,11.5,4,33.33,3,25.0
2023,Harshit Rana,Kolkata Knight Riders,4,66,9.45,30,45.45,18,27.27
2023,HH Pandya,Gujarat Titans,3,108,10.44,48,44.44,34,31.48
2023,HR Shokeen,Mumbai Indians,1,42,9.14,19,45.24,10,23.81
2023,HV Patel,Royal Challengers Bengaluru,0,18,10.0,2,11.11,4,22.22
2023,I Sharma,Delhi Capitals,6,78,8.46,36,46.15,20,25.64
2023,I Sharma,Royal Challengers Bengaluru,0,6,7.0,3,50.0,1,16.67
2023,J Little,Gujarat Titans,3,78,8.0,35,44.87,15,19.23
2023,J Yadav,Gujarat Titans,0,12,8.0,3,25.0,2,16.67
2023,JC Archer,Mumbai Indians,0,54,9.0,20,37.04,10,18.52
2023,JD Unadkat,Lucknow Super Giants,0,18,10.0,6,33.33,4,22.22
2023,JE Root,Rajasthan Royals,0,6,7.0,0,0.0,0,0.0
2023,JO Holder,Rajasthan Royals,0,30,9.0,12,40.0,8,26.67
2023,JP Behrendorff,Mumbai Indians,5,96,9.0,36,37.5,21,21.88
2023,JP Behrendorff,Royal Challengers Bengaluru,1,12,12.0,5,41.67,5,41.67
2023,JR Hazlewood,Royal Challengers Bengaluru,2,36,8.5,20,55.56,9,25.0
2023,K Gowtham,Lucknow Super Giants,2,36,9.33,18,50.0,9,25.0
2023,K Kartikeya,Mumbai Indians,0,24,8.0,6,25.0,2,8.33
2023,K Khejroliya,Kolkata Knight Riders,0,12,13.5,3,25.0,5,41.67
2023,K Rabada,Punjab Kings,4,72,9.5,36,50.0,18,25.0
2023,K Yadav,Rajasthan Royals,0,12,6.5,5,41.67,1,8.33
2023,Kartik Tyagi,Sunrisers Hyderabad,1,18,16.33,4,22.22,8,44.44
2023,KH Pandya,Lucknow Super Giants,2,84,8.79,31,36.9,20,23.81
2023,KH Pandya,Royal Challengers Bengaluru,0,24,6.5,6,25.0,2,8.33
2023,KK Ahmed,Delhi Capitals,1,48,7.75,23,47.92,10,20.83
2023,KK Ahmed,Royal Challengers Bengaluru,0,6,15.0,0,0.0,2,33.33
2023,KM Asif,Rajasthan Royals,0,18,11.67,8,44.44,6,33.33
2023,KM Asif,Royal Challengers Bengaluru,1,6,8.0,2,33.33,1,16.67
2023,KR Mayers,Lucknow Super Giants,0,18,8.33,8,44.44,4,22.22
2023,KR Sen,Rajasthan Royals,0,6,3.0,3,50.0,0,0.0
2023,Kuldeep Yadav,Delhi Capitals,1,18,6.33,7,38.89,2,11.11
2023,Kuldeep Yadav,Royal Challengers Bengaluru,0,6,7.0,2,33.33,1,16.67
2023,KV Sharma,Royal Challengers Bengaluru,1,12,6.0,4,33.33,1,8.33
2023,Lalit Yadav,Delhi Capitals,0,24,9.0,8,33.33,5,20.83
2023,Lalit Yadav,Royal Challengers Bengaluru,0,6,4.0,2,33.33,0,0.0
2023,LH Ferguson,Kolkata Knight Riders,0,12,10.5,5,41.67,2,16.67
2023,LS Livingstone,Punjab Kings,0,6,11.0,1,16.67,2,33.33
2023,M Jansen,Sunrisers Hyderabad,7,114,9.0,54,47.37,26,22.81
2023,M Markande,Sunrisers Hyderabad,0,24,10.75,3,12.5,6,25.0
2023,M Theekshana,Chennai Super Kings,3,84,8.79,26,30.95,18,21.43
2023,MA Wood,Lucknow Super Giants,3,24,6.75,15,62.5,4,16.67
2023,MA Wood,Royal Challengers Bengaluru,0,6,14.0,0,0.0,2,33.33
2023,Mayank Dagar,Sunrisers Hyderabad,0,12,11.0,6,50.0,4,33.33
2023,MG Bracewell,Royal Challengers Bengaluru,5,30,5.4,15,50.0,3,10.0
2023,MJ Santner,Chennai Super Kings,1,18,6.67,7,38.89,3,16.67
2023,MM Ali,Chennai Super Kings,2,24,5.75,10,41.67,1,4.17
2023,MM Sharma,Gujarat Titans,2,24,8.25,11,45.83,6,25.0
2023,Mohammed Shami,Gujarat Titans,13,162,8.93,80,49.38,39,24.07
2023,Mohammed Shami,Royal Challengers Bengaluru,0,6,16.0,2,33.33,4,66.67
2023,Mohammed Siraj,Royal Challengers Bengaluru,5,96,8.13,51,53.13,23,23.96
2023,Mohsin Khan,Lucknow Super Giants,0,18,14.33,4,22.22,7,38.89
2023,MP Stoinis,Lucknow Super Giants,0,11,12.0,4,36.36,3,27.27
2023,MP Stoinis,Royal Challengers Bengaluru,0,6,11.0,0,0.0,1,16.67
2023,MR Marsh,Delhi Capitals,1,12,6.0,4,33.33,0,0.0
2023,MR Marsh,Royal Challengers Bengaluru,1,12,8.0,2,16.67,2,16.67
2023,Mukesh Kumar,Delhi Capitals,1,66,8.36,27,40.91,13,19.7
2023,Mukesh Kumar,Royal Challengers Bengaluru,0,6,13.0,2,33.33,3,50.0
2023,Mustafizur Rahman,Delhi Capitals,0,6,13.0,2,33.33,3,50.0
2023,Mustafizur Rahman,Royal Challengers Bengaluru,0,6,10.0,2,33.33,2,33.33
2023,MW Short,Punjab Kings,0,6,3.0,3,50.0,0,0.0
2023,Navdeep Saini,Rajasthan Royals,2,12,8.5,6,50.0,3,25.0
2023,Naveen-ul-Haq,Lucknow Super Giants,2,48,8.0,19,39.58,9,18.75
2023,Naveen-ul-Haq,Royal Challengers Bengaluru,0,6,12.0,2,33.33,2,33.33
2023,Nithish Kumar Reddy,Sunrisers Hyderabad,0,18,9.0,7,38.89,4,22.22
2023,Noor Ahmad,Gujarat Titans,2,42,8.14,15,35.71,7,16.67
2023,Noor Ahmad,Royal Challengers Bengaluru,0,6,9.0,1,16.67,1,16.67
2023,NT Ellis,Punjab Kings,4,60,6.8,24,40.0,9,15.0
2023,NT Ellis,Royal Challengers Bengaluru,0,6,10.0,2,33.33,2,33.33
2023,P Dubey,Delhi Capitals,0,6,4.0,2,33.33,0,0.0
2023,PP Chawla,Mumbai Indians,6,96,7.5,32,33.33,15,15.63
2023,PP Chawla,Royal Challengers Bengaluru,0,12,10.0,4,33.33,4,33.33
2023,PWH de Silva,Royal Challengers Bengaluru,4,36,7.5,18,50.0,7,19.44
2023,R Ashwin,Rajasthan Royals,1,84,7.57,26,30.95,11,13.1
2023,R Ashwin,Royal Challengers Bengaluru,0,12,10.0,4,33.33,3,25.0
2023,R Dhawan,Punjab Kings,0,18,9.67,8,44.44,5,27.78
2023,RA Jadeja,Chennai Super Kings,3,72,6.67,22,30.56,5,6.94
2023,Rashid Khan,Gujarat Titans,6,96,8.25,35,36.46,18,18.75
2023,Rashid Khan,Royal Challengers Bengaluru,0,12,7.5,1,8.33,1,8.33
2023,Ravi Bishnoi,Lucknow Super Giants,0,18,6.67,5,27.78,2,11.11
2023,Ravi Bishnoi,Royal Challengers Bengaluru,0,12,5.5,3,25.0,0,0.0
2023,RD Chahar,Punjab Kings,0,54,6.56,18,33.33,6,11.11
2023,RD Chahar,Royal Challengers Bengaluru,0,6,4.0,3,50.0,0,0.0
2023,RJW Topley,Royal Challengers Bengaluru,1,12,7.0,7,58.33,3,25.0
2023,RP Meredith,Mumbai Indians,0,24,10.75,11,45.83,8,33.33
2023,RS Hangargekar,Chennai Super Kings,1,6,12.0,2,33.33,2,33.33
2023,Sandeep Sharma,Rajasthan Royals,2,108,7.61,46,42.59,20,18.52
2023,Sandeep Sharma,Royal Challengers Bengaluru,0,18,10.33,7,38.89,5,27.78
2023,Shahbaz Ahmed,Royal Challengers Bengaluru,0,18,17.33,1,5.56,8,44.44
2023,Sikandar Raza,Punjab Kings,0,12,14.0,4,33.33,5,41.67
2023,SM Curran,Punjab Kings,0,78,9.0,26,33.33,18,23.08
2023,SM Curran,Royal Challengers Bengaluru,0,6,10.0,0,0.0,1,16.67
2023,SN Thakur,Kolkata Knight Riders,1,30,12.8,6,20.0,11,36.67
2023,SP Narine,Kolkata Knight Riders,2,72,9.0,28,38.89,16,22.22
2023,SSB Magala,Chennai Super Kings,0,12,14.0,1,8.33,5,41.67
2023,Suyash Sharma,Kolkata Knight Riders,3,36,8.0,11,30.56,7,19.44
2023,Swapnil Singh,Lucknow Super Giants,0,6,11.0,1,16.67,2,33.33
2023,T Natarajan,Sunrisers Hyderabad,2,72,8.67,26,36.11,16,22.22
2023,TA Boult,Rajasthan Royals,2,84,8.14,41,48.81,19,22.62
2023,TA Boult,Royal Challengers Bengaluru,1,12,11.0,3,25.0,4,33.33
2023,TG Southee,Kolkata Knight Riders,1,24,12.75,9,37.5,9,37.5
2023,TU Deshpande,Chennai Super Kings,7,192,8.16,88,45.83,38,19.79
2023,Umran Malik,Sunrisers Hyderabad,0,12,25.0,0,0.0,10,83.33
2023,UT Yadav,Kolkata Knight Riders,0,42,10.57,17,40.48,11,26.19
2023,VG Arora,Kolkata Knight Riders,2,42,7.0,17,40.48,4,9.52
2023,Vijaykumar Vyshak,Royal Challengers Bengaluru,1,36,9.5,13,36.11,8,22.22
2023,Washington Sundar,Sunrisers Hyderabad,0,42,10.14,13,30.95,11,26.19
2023,WD Parnell,Royal Challengers Bengaluru,6,102,8.35,45,44.12,23,22.55
2023,Yash Dayal,Gujarat Titans,1,18,10.33,6,33.33,5,27.78
2023,Yash Dayal,Royal Challengers Bengaluru,0,12,10.5,4,33.33,4,33.33
2023,Yash Thakur,Lucknow Super Giants,2,42,9.0,16,38.1,7,16.67
2023,YS Chahal,Rajasthan Royals,2,36,6.0,13,36.11,3,8.33
2023,YS Chahal,Royal Challengers Bengaluru,0,12,7.5,3,25.0,1,8.33
2023,Yuvraj Singh,Lucknow Super Giants,2,30,10.6,14,46.67,9,30.0
2024,A Badoni,Lucknow Super Giants,0,6,19.0,0,0.0,3,50.0
2024,A Kamboj,Mumbai Indians,1,36,11.83,11,30.56,10,27.78
2024,A Nortje,Delhi Capitals,2,36,11.67,13,36.11,13,36.11
2024,AD Russell,Kolkata Knight Riders,0,6,14.0,2,33.33,2,33.33
2024,Akash Deep,Royal Challengers Bengaluru,0,6,9.0,3,50.0,1,16.67
2024,Akash Madhwal,Mumbai Indians,3,48,7.5,23,47.92,11,22.92
2024,AR Patel,Delhi Capitals,4,66,8.36,23,34.85,11,16.67
2024,Arjun Tendulkar,Mumbai Indians,0,12,5.0,7,58.33,1,8.33
2024,Arshad Khan,Lucknow Super Giants,0,24,11.25,9,37.5,8,33.33
2024,Arshdeep Singh,Punjab Kings,6,150,9.04,61,40.67,36,24.0
2024,AS Joseph,Royal Challengers Bengaluru,0,18,11.67,8,44.44,5,27.78
2024,AS Roy,Kolkata Knight Riders,0,30,10.8,12,40.0,10,33.33
2024,Avesh Khan,Rajasthan Royals,5,96,10.88,27,28.13,27,28.13
2024,Azmatullah Omarzai,Gujarat Titans,2,72,10.67,27,37.5,22,30.56
2024,B Kumar,Sunrisers Hyderabad,8,168,10.07,69,41.07,50,29.76
2024,C Green,Royal Challengers Bengaluru,1,18,8.0,7,38.89,2,11.11
2024,CV Varun,Kolkata Knight Riders,2,30,7.4,12,40.0,5,16.67
2024,DL Chahar,Chennai Super Kings,4,78,9.62,32,41.03,21,26.92
2024,G Coetzee,Mumbai Indians,2,54,11.22,24,44.44,17,31.48
2024,GJ Maxwell,Royal Challengers Bengaluru,2,30,7.6,11,36.67,4,13.33
2024,Harpreet Brar,Punjab Kings,0,48,7.0,14,29.17,5,10.42
2024,Harshit Rana,Kolkata Knight Riders,6,90,9.07,43,47.78,21,23.33
2024,HH Pandya,Mumbai Indians,2,54,11.89,21,38.89,20,37.04
2024,HV Patel,Punjab Kings,1,42,10.14,19,45.24,11,26.19
2024,I Sharma,Delhi Capitals,6,96,9.44,47,48.96,24,25.0
2024,J Little,Gujarat Titans,1,12,17.0,4,33.33,7,58.33
2024,JA Richardson,Delhi Capitals,0,6,13.0,3,50.0,2,33.33
2024,JD Unadkat,Sunrisers Hyderabad,0,30,10.4,4,13.33,5,16.67
2024,JJ Bumrah,Mumbai Indians,6,126,6.1,77,61.11,18,14.29
2024,K Gowtham,Lucknow Super Giants,0,6,22.0,2,33.33,4,66.67
2024,K Rabada,Punjab Kings,4,96,9.75,41,42.71,28,29.17
2024,KA Maharaj,Rajasthan Royals,0,6,8.0,3,50.0,1,16.67
2024,Kartik Tyagi,Gujarat Titans,0,6,10.0,2,33.33,1,16.67
2024,KH Pandya,Lucknow Super Giants,0,54,8.56,13,24.07,8,14.81
2024,KK Ahmed,Delhi Capitals,6,126,9.33,55,43.65,33,26.19
2024,KR Sen,Rajasthan Royals,0,12,14.5,1,8.33,5,41.67
2024,KT Maphaka,Mumbai Indians,0,12,17.5,2,16.67,7,58.33
2024,Kuldeep Yadav,Delhi Capitals,2,36,10.5,10,27.78,7,19.44
2024,KV Sharma,Royal Challengers Bengaluru,1,12,9.0,3,25.0,2,16.67
2024,L Wood,Mumbai Indians,0,6,7.0,2,33.33,1,16.67
2024,Lalit Yadav,Delhi Capitals,0,18,19.0,2,11.11,10,55.56
2024,LB Williams,Delhi Capitals,0,12,9.5,6,50.0,3,25.0
2024,LH Ferguson,Royal Challengers Bengaluru,2,30,14.0,7,23.33,13,43.33
2024,LS Livingstone,Punjab Kings,0,6,6.0,4,66.67,1,16.67
2024,M Jansen,Sunrisers Hyderabad,1,36,13.5,13,36.11,12,33.33
2024,M Markande,Sunrisers Hyderabad,3,24,9.0,4,16.67,3,12.5
2024,M Siddharth,Lucknow Super Giants,1,31,9.68,10,32.26,6,19.35
2024,M Theekshana,Chennai Super Kings,0,48,7.5,21,43.75,8,16.67
2024,MA Starc,Kolkata Knight Riders,9,120,10.8,48,40.0,37,30.83
2024,Mayank Dagar,Royal Challengers Bengaluru,1,12,12.0,4,33.33,4,33.33
2024,MJ Henry,Lucknow Super Giants,0,42,10.43,12,28.57,9,21.43
2024,MJ Santner,Chennai Super Kings,0,12,2.0,8,66.67,0,0.0
2024,MJ Suthar,Gujarat Titans,0,12,13.0,4,33.33,4,33.33
2024,MM Ali,Chennai Super Kings,0,6,6.0,0,0.0,0,0.0
2024,MM Sharma,Gujarat Titans,1,24,11.0,7,29.17,8,33.33
2024,Mohammad Nabi,Mumbai Indians,0,24,6.75,6,25.0,2,8.33
2024,Mohammed Siraj,Royal Challengers Bengaluru,5,144,9.54,56,38.89,35,24.31
2024,Mohsin Khan,Lucknow Super Giants,5,114,9.21,49,42.98,29,25.44
2024,MP Stoinis,Lucknow Super Giants,2,18,6.67,8,44.44,2,11.11
2024,MP Yadav,Lucknow Super Giants,1,18,9.0,9,50.0,5,27.78
2024,MR Marsh,Delhi Capitals,0,12,8.0,3,25.0,2,16.67
2024,Mukesh Choudhary,Chennai Super Kings,0,6,27.0,2,33.33,4,66.67
2024,Mukesh Kumar,Delhi Capitals,4,72,10.25,30,41.67,23,31.94
2024,Mustafizur Rahman,Chennai Super Kings,3,73,8.38,32,43.84,18,24.66
2024,N Burger,Rajasthan Royals,4,66,10.45,30,45.45,20,30.3
2024,N Thushara,Mumbai Indians,2,48,11.25,13,27.08,16,33.33
2024,N Wadhera,Mumbai Indians,0,6,7.0,2,33.33,1,16.67
2024,Naman Dhir,Mumbai Indians,0,6,6.0,3,50.0,1,16.67
2024,Naveen-ul-Haq,Lucknow Super Giants,3,78,11.54,25,32.05,27,34.62
2024,Nithish Kumar Reddy,Sunrisers Hyderabad,0,12,11.0,3,25.0,4,33.33
2024,Noor Ahmad,Gujarat Titans,4,42,7.0,15,35.71,6,14.29
2024,NT Ellis,Punjab Kings,1,12,3.0,6,50.0,0,0.0
2024,PJ Cummins,Sunrisers Hyderabad,6,120,9.65,54,45.0,32,26.67
2024,PP Chawla,Mumbai Indians,2,36,10.17,13,36.11,8,22.22
2024,PVD Chameera,Kolkata Knight Riders,0,6,23.0,1,16.67,4,66.67
2024,R Ashwin,Rajasthan Royals,2,102,7.59,27,26.47,11,10.78
2024,R Dhawan,Punjab Kings,0,18,13.0,4,22.22,6,33.33
2024,R Parag,Rajasthan Royals,0,6,6.0,3,50.0,1,16.67
2024,R Sai Kishore,Gujarat Titans,1,24,6.75,9,37.5,2,8.33
2024,R Shepherd,Mumbai Indians,1,12,11.0,4,33.33,3,25.0
2024,RA Jadeja,Chennai Super Kings,2,72,8.67,11,15.28,10,13.89
2024,Rashid Khan,Gujarat Titans,3,60,6.6,25,41.67,8,13.33
2024,Rasikh Salam,Delhi Capitals,0,18,14.33,4,22.22,9,50.0
2024,Ravi Bishnoi,Lucknow Super Giants,1,42,7.71,13,30.95,6,14.29
2024,RD Chahar,Punjab Kings,0,24,8.0,4,16.67,3,12.5
2024,RJ Gleeson,Chennai Super Kings,1,18,9.67,8,44.44,5,27.78
2024,RJW Topley,Royal Challengers Bengaluru,0,24,11.5,5,20.83,7,29.17
2024,S Gopal,Mumbai Indians,1,12,10.0,1,8.33,1,8.33
2024,S Joseph,Lucknow Super Giants,0,12,7.5,6,50.0,2,16.67
2024,S Sandeep Warrier,Gujarat Titans,6,60,10.8,28,46.67,16,26.67
2024,Sandeep Sharma,Rajasthan Royals,4,90,7.73,38,42.22,18,20.0
2024,SH Johnson,Gujarat Titans,1,36,9.33,15,41.67,9,25.0
2024,Shahbaz Ahmed,Sunrisers Hyderabad,2,60,9.0,18,30.0,11,18.33
2024,Simarjeet Singh,Chennai Super Kings,1,12,8.0,5,41.67,1,8.33
2024,SM Curran,Punjab Kings,2,90,8.8,36,40.0,20,22.22
2024,SN Thakur,Chennai Super Kings,0,54,10.89,15,27.78,17,31.48
2024,SP Narine,Kolkata Knight Riders,2,96,7.38,37,38.54,13,13.54
2024,Sumit Kumar,Delhi Capitals,0,6,5.0,1,16.67,0,0.0
2024,Swapnil Singh,Royal Challengers Bengaluru,2,30,11.8,3,10.0,8,26.67
2024,SZ Mulani,Mumbai Indians,0,12,10.5,3,25.0,2,16.67
2024,T Natarajan,Sunrisers Hyderabad,4,96,8.69,41,42.71,22,22.92
2024,TA Boult,Rajasthan Royals,5,138,8.43,56,40.58,30,21.74
2024,TU Deshpande,Chennai Super Kings,5,126,9.57,51,40.48,31,24.6
2024,Umran Malik,Sunrisers Hyderabad,0,6,15.0,2,33.33,2,33.33
2024,UT Yadav,Gujarat Titans,4,84,9.71,37,44.05,24,28.57
2024,V Kaverappa,Punjab Kings,2,18,8.33,8,44.44,3,16.67
2024,V Viyaskanth,Sunrisers Hyderabad,0,12,5.5,5,41.67,1,8.33
2024,VG Arora,Kolkata Knight Riders,9,127,9.21,58,45.67,26,20.47
2024,Vijaykumar Vyshak,Royal Challengers Bengaluru,0,12,11.5,4,33.33,4,33.33
2024,Washington Sundar,Sunrisers Hyderabad,0,12,18.0,1,8.33,6,50.0
2024,WG Jacks,Royal Challengers Bengaluru,0,24,12.5,3,12.5,6,25.0
2024,Yash Dayal,Royal Challengers Bengaluru,6,180,9.23,76,42.22,45,25.0
2024,Yash Thakur,Lucknow Super Giants,5,54,9.67,26,48.15,17,31.48
2024,YS Chahal,Rajasthan Royals,1,24,6.75,8,33.33,3,12.5
2024,Yuvraj Singh,Lucknow Super Giants,0,6,16.0,2,33.33,3,50.0
2025,A Kamboj,Chennai Super Kings,7,126,8.1,54,42.86,25,19.84
2025,A Nortje,Kolkata Knight Riders,0,18,13.33,7,38.89,7,38.89
2025,A Zampa,Sunrisers Hyderabad,0,6,19.0,1,16.67,3,50.0
2025,Abhishek Sharma,Sunrisers Hyderabad,0,24,10.0,10,41.67,6,25.0
2025,AD Russell,Kolkata Knight Riders,2,12,14.5,2,16.67,4,33.33
2025,AK Markram,Lucknow Super Giants,1,12,12.0,4,33.33,3,25.0
2025,Akash Deep,Lucknow Super Giants,2,66,12.0,23,34.85,24,36.36
2025,Akash Madhwal,Rajasthan Royals,0,6,13.0,1,16.67,2,33.33
2025,Akash Singh,Lucknow Super Giants,2,25,8.4,10,40.0,6,24.0
2025,AR Patel,Delhi Capitals,2,96,8.38,30,31.25,17,17.71
2025,Arshad Khan,Gujarat Titans,5,102,10.0,41,40.2,27,26.47
2025,Arshdeep Singh,Punjab Kings,5,108,9.11,47,43.52,28,25.93
2025,AS Roy,Kolkata Knight Riders,0,12,6.0,4,33.33,1,8.33
2025,Ashwani Kumar,Mumbai Indians,3,30,12.2,10,33.33,10,33.33
2025,Avesh Khan,Lucknow Super Giants,1,83,11.93,24,28.92,26,31.33
2025,Azmatullah Omarzai,Punjab Kings,0,54,10.89,18,33.33,14,25.93
2025,B Kumar,Royal Challengers Bengaluru,8,126,9.24,58,46.03,32,25.4
2025,C Bosch,Mumbai Indians,0,6,11.0,3,50.0,2,33.33
2025,C Sakariya,Kolkata Knight Riders,0,12,10.5,3,25.0,3,25.0
2025,CV Varun,Kolkata Knight Riders,2,78,7.31,33,42.31,14,17.95
2025,DL Chahar,Mumbai Indians,7,180,9.57,75,41.67,44,24.44
2025,DS Rathi,Lucknow Super Giants,3,120,8.35,34,28.33,20,16.67
2025,E Malinga,Sunrisers Hyderabad,2,42,9.14,14,33.33,10,23.81
2025,Fazalhaq Farooqi,Rajasthan Royals,0,54,10.33,18,33.33,14,25.93
2025,G Coetzee,Gujarat Titans,0,6,14.0,1,16.67,3,50.0
2025,GJ Maxwell,Punjab Kings,3,48,8.25,15,31.25,8,16.67
2025,Harpreet Brar,Punjab Kings,3,48,9.88,12,25.0,12,25.0
2025,Harsh Dubey,Sunrisers Hyderabad,1,18,11.0,7,38.89,5,27.78
2025,Harshit Rana,Kolkata Knight Riders,7,114,10.58,49,42.98,32,28.07
2025,HH Pandya,Mumbai Indians,1,18,7.67,6,33.33,3,16.67
2025,HV Patel,Sunrisers Hyderabad,3,66,9.55,25,37.88,16,24.24
2025,I Sharma,Gujarat Titans,1,54,11.67,21,38.89,18,33.33
2025,J Overton,Chennai Super Kings,0,30,14.0,7,23.33,9,30.0
2025,JC Archer,Rajasthan Royals,3,84,9.71,31,36.9,22,26.19
2025,JD Unadkat,Sunrisers Hyderabad,3,78,8.0,25,32.05,15,19.23
2025,JJ Bumrah,Mumbai Indians,4,102,7.65,50,49.02,18,17.65
2025,JR Hazlewood,Royal Challengers Bengaluru,9,126,7.43,66,52.38,26,20.63
2025,K Kartikeya,Rajasthan Royals,1,18,4.33,9,50.0,1,5.56
2025,K Khejroliya,Gujarat Titans,1,6,8.0,2,33.33,1,16.67
2025,K Rabada,Gujarat Titans,1,48,11.5,15,31.25,14,29.17
2025,KA Jamieson,Punjab Kings,2,48,8.63,20,41.67,11,22.92
2025,KH Pandya,Royal Challengers Bengaluru,4,54,8.0,18,33.33,9,16.67
2025,KK Ahmed,Chennai Super Kings,5,144,9.79,67,46.53,40,27.78
2025,KT Maphaka,Rajasthan Royals,1,18,10.33,8,44.44,6,33.33
2025,Kuldeep Yadav,Delhi Capitals,1,12,10.0,3,25.0,2,16.67
2025,L Ngidi,Royal Challengers Bengaluru,2,18,10.0,8,44.44,5,27.78
2025,LH Ferguson,Punjab Kings,1,20,7.5,10,50.0,3,15.0
2025,LS Livingstone,Royal Challengers Bengaluru,0,6,10.0,0,0.0,1,16.67
2025,M Jansen,Punjab Kings,4,114,9.68,50,43.86,30,26.32
2025,M Prasidh Krishna,Gujarat Titans,4,114,8.89,41,35.96,24,21.05
2025,M Siddharth,Lucknow Super Giants,1,18,11.0,6,33.33,5,27.78
2025,M Theekshana,Rajasthan Royals,1,96,9.38,29,30.21,21,21.88
2025,MA Starc,Delhi Capitals,5,90,13.33,35,38.89,35,38.89
2025,MJ Santner,Mumbai Indians,0,54,9.22,16,29.63,12,22.22
2025,MM Ali,Kolkata Knight Riders,4,66,7.45,22,33.33,8,12.12
2025,MM Sharma,Delhi Capitals,0,18,8.33,7,38.89,4,22.22
2025,Mohammed Shami,Sunrisers Hyderabad,4,84,12.29,27,32.14,29,34.52
2025,Mohammed Siraj,Gujarat Titans,5,150,9.04,69,46.0,36,24.0
2025,MP Stoinis,Punjab Kings,1,16,13.13,5,31.25,4,25.0
2025,MP Yadav,Lucknow Super Giants,1,18,16.33,8,44.44,8,44.44
2025,Mujeeb Ur Rahman,Mumbai Indians,0,6,15.0,2,33.33,3,50.0
2025,Mukesh Choudhary,Chennai Super Kings,1,24,12.0,7,29.17,9,37.5
2025,Mukesh Kumar,Delhi Capitals,3,114,8.79,43,37.72,24,21.05
2025,Mustafizur Rahman,Delhi Capitals,2,36,7.83,13,36.11,5,13.89
2025,N Thushara,Royal Challengers Bengaluru,1,12,6.0,7,58.33,2,16.67
2025,Noor Ahmad,Chennai Super Kings,1,24,8.75,8,33.33,5,20.83
2025,NT Ellis,Chennai Super Kings,0,6,9.0,1,16.67,1,16.67
2025,PJ Cummins,Sunrisers Hyderabad,6,126,9.81,49,38.89,32,25.4
2025,Prince Yadav,Lucknow Super Giants,0,24,8.25,14,58.33,6,25.0
2025,PVD Chameera,Delhi Capitals,0,36,13.5,10,27.78,11,30.56
2025,PVSN Raju,Mumbai Indians,0,6,13.0,0,0.0,2,33.33
2025,PWH de Silva,Rajasthan Royals,2,18,5.67,7,38.89,2,11.11
2025,R Ashwin,Chennai Super Kings,1,78,11.0,23,29.49,22,28.21
2025,R Parag,Rajasthan Royals,0,24,8.25,5,20.83,3,12.5
2025,R Sai Kishore,Gujarat Titans,0,12,12.0,4,33.33,4,33.33
2025,R Shepherd,Royal Challengers Bengaluru,0,6,15.0,2,33.33,3,50.0
2025,RA Jadeja,Chennai Super Kings,2,54,6.89,22,40.74,7,12.96
2025,Rashid Khan,Gujarat Titans,2,42,6.0,16,38.1,4,9.52
2025,Rasikh Salam,Royal Challengers Bengaluru,0,12,13.0,5,41.67,5,41.67
2025,Ravi Bishnoi,Lucknow Super Giants,1,54,11.33,20,37.04,16,29.63
2025,RJ Gleeson,Mumbai Indians,0,6,11.0,2,33.33,2,33.33
2025,RJW Topley,Mumbai Indians,0,12,10.5,4,33.33,3,25.0
2025,Sandeep Sharma,Rajasthan Royals,2,78,7.31,28,35.9,12,15.38
2025,SH Johnson,Kolkata Knight Riders,0,36,12.83,12,33.33,13,36.11
2025,Shahbaz Ahmed,Lucknow Super Giants,0,12,10.0,3,25.0,3,25.0
2025,Simarjeet Singh,Sunrisers Hyderabad,2,30,15.2,11,36.67,14,46.67
2025,SM Curran,Chennai Super Kings,0,18,9.67,6,33.33,4,22.22
2025,SN Thakur,Lucknow Super Giants,3,48,12.63,14,29.17,17,35.42
2025,SP Narine,Kolkata Knight Riders,1,30,9.4,11,36.67,6,20.0
2025,Suyash Sharma,Royal Challengers Bengaluru,0,36,5.83,13,36.11,3,8.33
2025,T Natarajan,Delhi Capitals,0,12,12.0,4,33.33,4,33.33
2025,TA Boult,Mumbai Indians,7,120,9.6,54,45.0,30,25.0
2025,TU Deshpande,Rajasthan Royals,3,72,10.92,22,30.56,23,31.94
2025,V Nigam,Delhi Capitals,6,90,11.27,30,33.33,24,26.67
2025,V Puthur,Mumbai Indians,1,6,7.0,4,66.67,1,16.67
2025,VG Arora,Kolkata Knight Riders,3,90,11.13,30,33.33,27,30.0
2025,Vijaykumar Vyshak,Punjab Kings,1,18,5.67,8,44.44,1,5.56
2025,W O'Rourke,Lucknow Super Giants,2,24,13.0,10,41.67,11,45.83
2025,Washington Sundar,Gujarat Titans,0,6,21.0,1,16.67,4,66.67
2025,WG Jacks,Mumbai Indians,3,30,10.4,8,26.67,8,26.67
2025,XC Bartlett,Punjab Kings,2,48,9.0,25,52.08,12,25.0
2025,Yash Dayal,Royal Challengers Bengaluru,5,144,10.04,54,37.5,35,24.31
2025,Yash Thakur,Punjab Kings,0,18,13.67,7,38.89,7,38.89
2025,YS Chahal,Punjab Kings,2,36,7.83,5,13.89,4,11.11
2025,Yuvraj Singh,Rajasthan Royals,3,37,11.35,16,43.24,13,35.14
2025,Zeeshan Ansari,Sunrisers Hyderabad,1,30,7.8,9,30.0,3,10.0
