Unnamed: 0,id,name,country,age,height,role,bat_style,bowl_style,t20_no,t20_runs,t20_avg,t20_sr,t20_50,t20_4s,t20_6s,ipl_no,ipl_runs,ipl_avg,ipl_sr,ipl_50,ipl_4s,ipl_6s,t20_wkts,t20_bowl_econ,t20_bowl_avg,t20_bowl_sr,ipl_wkts,ipl_bowl_econ,ipl_bowl_avg,ipl_bowl_sr,team,year,price,inflation,adj_price
294,181,Yuvraj Singh,india,34.0,,batting-allrounder,left-handed-bat,left-arm-orthodox,9,1177,28.02,136.39,8,77,74,15,2750,24.77,129.72,13,217,149,28,7.06,17.82,15.14,36,7.44,29.92,24.14,Delhi Capitals,2015,160000000,1.6363864,261821824.0
295,135,Yuvraj Singh,india,33.0,,batting-allrounder,left-handed-bat,left-arm-orthodox,9,1177,28.02,136.39,8,77,74,15,2750,24.77,129.72,13,217,149,28,7.06,17.82,15.14,36,7.44,29.92,24.14,Royal Challengers Bengaluru,2014,140000000,1.745533373,244374672.2
1052,49,KD Karthik,india,29.0,,wk-batsman,right-handed-bat,,22,686,26.38,142.62,1,71,28,50,4842,26.32,135.37,22,466,161,0,18.0,0.0,0.0,0,0.0,0.0,0.0,Delhi Capitals,2014,125000000,1.745533373,218191671.6
588,361,BA Stokes,england,26.0,,batting-allrounder,left-handed-bat,right-arm-fast-medium,9,585,21.67,128.01,1,42,22,6,935,24.61,133.96,2,81,32,26,8.39,32.92,23.54,28,8.64,35.43,24.61,Lucknow Super Giants,2017,145000000,1.492346163,216390193.6
202,1015,PJ Cummins,australia,31.0,6.29952,bowler,right-handed-bat,right-arm-fast,12,158,10.53,118.8,0,11,7,15,515,19.81,149.71,3,33,34,66,7.44,23.58,19.0,63,8.75,30.52,20.94,Sunrisers Hyderabad,2024,205000000,1.0495,215147500.0
204,599,PJ Cummins,australia,27.0,6.29952,bowler,right-handed-bat,right-arm-fast,12,158,10.53,118.8,0,11,7,15,515,19.81,149.71,3,33,34,66,7.44,23.58,19.0,63,8.75,30.52,20.94,Kolkata Knight Riders,2020,155000000,1.326116584,205548070.6
725,919,SM Curran,england,25.0,,bowling-allrounder,left-handed-bat,left-arm-fast-medium,9,356,14.24,124.48,1,21,15,13,883,25.23,136.48,5,74,37,54,8.41,27.07,19.31,58,9.65,32.76,20.36,Punjab Kings,2023,185000000,1.10879675,205127398.8
1043,672,CH Morris,south africa,34.0,,bowling-allrounder,right-handed-bat,right-arm-fast-medium,4,133,14.78,130.4,1,12,5,23,618,22.07,155.28,2,41,35,34,8.4,20.5,14.65,95,8.01,24.16,18.11,Rajasthan Royals,2021,162500000,1.243778451,202113998.3
948,911,CJ Green,australia,24.0,,batting-allrounder,right-handed-bat,right-arm-fast-medium,2,263,26.3,152.91,3,21,16,11,707,41.59,153.7,2,62,32,12,8.9,23.25,15.67,16,9.08,41.5,27.44,Mumbai Indians,2023,175000000,1.10879675,194039431.3
848,679,KA Jamieson,new zealand,27.0,,bowler,right-handed-bat,right-arm-fast-medium,3,49,24.5,148.49,0,7,0,3,65,16.25,118.19,0,5,3,10,9.29,41.2,26.6,9,9.61,29.89,18.67,Royal Challengers Bengaluru,2021,150000000,1.243778451,186566767.6
587,472,BA Stokes,england,27.0,,batting-allrounder,left-handed-bat,right-arm-fast-medium,9,585,21.67,128.01,1,42,22,6,935,24.61,133.96,2,81,32,26,8.39,32.92,23.54,28,8.64,35.43,24.61,Rajasthan Royals,2018,125000000,1.444252553,180531569.1
457,781,Ishan Kishan,india,24.0,,wk-batsman,left-handed-bat,,1,796,25.68,124.38,6,79,36,6,2644,28.43,135.87,16,255,119,0,0.0,0.0,0.0,0,0.0,0.0,0.0,Mumbai Indians,2022,152500000,1.183086132,180420635.2
586,880,BA Stokes,england,32.0,,batting-allrounder,left-handed-bat,right-arm-fast-medium,9,585,21.67,128.01,1,42,22,6,935,24.61,133.96,2,81,32,26,8.39,32.92,23.54,28,8.64,35.43,24.61,Chennai Super Kings,2023,162500000,1.10879675,180179471.9
606,370,TS Mills,england,25.0,,bowler,right-handed-bat,left-arm-fast,2,8,2.0,66.67,0,0,1,1,8,2.0,57.15,0,0,1,14,8.83,33.86,23.0,11,9.85,31.18,19.0,Royal Challengers Bengaluru,2017,120000000,1.492346163,179081539.6
578,900,N Pooran,west indies,28.0,,wk-batsman,left-handed-bat,right-arm-offbreak,10,2275,26.15,136.4,13,152,149,18,1769,32.16,162.3,9,112,127,0,0.0,0.0,0.0,0,0.0,0.0,0.0,Lucknow Super Giants,2023,160000000,1.10879675,177407480.0
833,663,JA Richardson,australia,25.0,,bowler,right-handed-bat,right-arm-fast,5,45,15.0,88.24,0,3,1,0,17,5.67,65.39,0,2,0,19,8.42,29.26,20.84,3,10.47,52.33,30.0,Punjab Kings,2021,140000000,1.243778451,174128983.1
101,218,KD Karthik,india,30.0,,wk-batsman,right-handed-bat,,22,686,26.38,142.62,1,71,28,50,4842,26.32,135.37,22,466,161,0,18.0,0.0,0.0,0,0.0,0.0,0.0,Royal Challengers Bengaluru,2015,105000000,1.6363864,171820572.0
35,473,JD Unadkat,india,27.0,,bowler,right-handed-bat,left-arm-fast-medium,0,0,0.0,0.0,0,0,0,16,197,12.31,118.68,0,16,7,14,8.68,21.5,14.86,99,8.98,32.21,21.53,Rajasthan Royals,2018,115000000,1.444252553,166089043.6
510,690,DL Chahar,india,30.0,,bowler,right-handed-bat,right-arm-fast-medium,5,53,26.5,189.29,0,4,4,6,80,11.43,135.6,0,2,6,31,8.3,24.1,17.42,77,7.98,28.84,21.68,Chennai Super Kings,2022,140000000,1.183086132,165632058.5
348,418,KL Rahul,india,26.0,,wk-batsman,right-handed-bat,,8,2265,37.75,139.13,22,191,99,20,4683,45.47,134.61,37,400,187,0,0.0,0.0,0.0,0,0.0,0.0,0.0,Punjab Kings,2018,110000000,1.444252553,158867780.8
104,50,KP Pietersen,england,34.0,6.4,batsman,right-handed-bat,right-arm-offbreak,5,1176,37.94,141.52,7,119,32,8,1001,35.75,134.73,4,91,40,1,10.6,53.0,30.0,7,7.41,30.71,24.86,Delhi Capitals,2014,90000000,1.745533373,157098003.5
516,305,SR Watson,australia,35.0,6.00423,batting-allrounder,right-handed-bat,right-arm-fast-medium,6,1462,29.24,145.33,10,115,83,16,3874,30.99,137.92,21,376,190,48,7.66,24.73,19.38,92,7.93,29.15,22.05,Royal Challengers Bengaluru,2016,95000000,1.55980021,148181019.9
910,949,DJ Mitchell,new zealand,33.0,,batting-allrounder,right-handed-bat,right-arm-medium,13,1411,26.62,139.29,8,98,53,2,351,27.0,131.47,2,28,10,9,10.6,21.0,11.89,1,12.13,97.0,48.0,Chennai Super Kings,2024,140000000,1.0495,146930000.0
974,937,HC Brook,england,24.0,,batsman,right-handed-bat,right-arm-medium,9,798,28.5,146.16,4,65,34,2,190,21.11,123.38,0,23,4,0,0.0,0.0,0.0,0,0.0,0.0,0.0,Sunrisers Hyderabad,2023,132500000,1.10879675,146915569.4
200,437,CA Lynn,australia,28.0,,batsman,right-handed-bat,left-arm-orthodox,1,291,19.4,131.68,0,28,14,3,1329,34.08,140.64,10,132,66,0,0.0,0.0,0.0,0,0.0,0.0,0.0,Kolkata Knight Riders,2018,96000000,1.444252553,138648245.1
749,806,LS Livingstone,england,29.0,,batting-allrounder,right-handed-bat,right-arm-legbreak,9,955,25.13,148.99,2,54,59,6,939,28.45,162.46,6,66,66,33,8.73,25.39,17.45,11,9.14,35.73,23.45,Punjab Kings,2022,115000000,1.183086132,136054905.2
1044,621,CH Morris,south africa,33.0,,bowling-allrounder,right-handed-bat,right-arm-fast-medium,4,133,14.78,130.4,1,12,5,23,618,22.07,155.28,2,41,35,34,8.4,20.5,14.65,95,8.01,24.16,18.11,Royal Challengers Bengaluru,2020,100000000,1.326116584,132611658.4
99,234,P Negi,india,23.0,,bowling-allrounder,left-handed-bat,left-arm-orthodox,0,0,0.0,0.0,0,0,0,9,365,14.04,126.3,0,27,16,1,5.33,16.0,18.0,34,7.87,27.62,21.06,Delhi Capitals,2016,85000000,1.55980021,132583017.8
609,512,Rashid Khan,afghanistan,20.0,,bowling-allrounder,right-handed-bat,right-arm-legbreak,25,467,13.74,126.22,0,31,28,23,545,14.73,161.73,1,39,38,161,6.08,13.8,13.61,149,6.82,21.83,19.19,Sunrisers Hyderabad,2018,90000000,1.444252553,129982729.8
174,710,SN Thakur,india,31.0,,bowling-allrounder,right-handed-bat,right-arm-fast-medium,3,69,23.0,181.58,0,5,4,12,307,12.28,138.92,1,27,13,33,9.15,23.39,15.33,94,9.23,30.52,19.85,Delhi Capitals,2022,107500000,1.183086132,127181759.2
309,840,HV Patel,india,32.0,,bowler,right-handed-bat,right-arm-fast-medium,4,77,12.83,135.09,0,9,3,15,249,9.22,122.67,0,16,15,29,9.18,26.55,17.34,135,8.74,23.33,16.01,Royal Challengers Bengaluru,2022,107500000,1.183086132,127181759.2
579,857,N Pooran,west indies,27.0,,wk-batsman,left-handed-bat,right-arm-offbreak,10,2275,26.15,136.4,13,152,149,18,1769,32.16,162.3,9,112,127,0,0.0,0.0,0.0,0,0.0,0.0,0.0,Sunrisers Hyderabad,2022,107500000,1.183086132,127181759.2
918,839,PWH de Silva,sri lanka,25.0,,bowling-allrounder,right-handed-bat,right-arm-legbreak,14,712,13.43,128.99,2,71,16,4,72,7.2,98.64,0,7,1,131,6.99,15.41,13.24,35,8.13,21.37,15.77,Royal Challengers Bengaluru,2022,107500000,1.183086132,127181759.2
489,452,KH Pandya,india,27.0,,batting-allrounder,left-handed-bat,left-arm-orthodox,5,124,24.8,130.53,0,8,6,36,1647,21.96,132.83,1,144,61,15,8.11,36.93,27.33,76,7.37,34.29,27.92,Mumbai Indians,2018,88000000,1.444252553,127094224.7
308,999,HV Patel,india,34.0,,bowler,right-handed-bat,right-arm-fast-medium,4,77,12.83,135.09,0,9,3,15,249,9.22,122.67,0,16,15,29,9.18,26.55,17.34,135,8.74,23.33,16.01,Punjab Kings,2024,117500000,1.0495,123316250.0
373,182,AD Mathews,sri lanka,28.0,,batting-allrounder,right-handed-bat,right-arm-fast-medium,22,1416,27.76,120.52,6,92,50,11,724,23.35,125.92,1,44,29,45,7.13,30.87,25.98,27,8.18,39.96,29.3,Delhi Capitals,2015,75000000,1.6363864,122728980.0
872,1008,AS Joseph,west indies,28.0,,bowler,right-handed-bat,right-arm-fast,9,121,17.29,104.32,0,9,5,6,27,27.0,84.38,0,3,0,54,8.68,22.5,15.56,21,9.55,32.9,20.67,Royal Challengers Bengaluru,2024,115000000,1.0495,120692500.0
591,732,LH Ferguson,new zealand,31.0,,bowler,right-handed-bat,right-arm-fast,7,29,3.63,80.56,0,0,2,7,68,22.67,147.83,0,6,2,64,7.1,16.98,14.36,46,8.96,31.0,20.76,Gujarat Titans,2022,100000000,1.183086132,118308613.2
646,768,Arshad Khan,india,26.0,,bowler,right-handed-bat,right-arm-fast,3,27,13.5,135.0,0,3,1,8,41,20.5,164.0,0,3,3,27,9.04,27.85,18.48,74,8.87,26.68,18.04,Lucknow Super Giants,2022,100000000,1.183086132,118308613.2
908,822,M Prasidh Krishna,india,26.0,,bowler,right-handed-bat,right-arm-fast,0,0,0.0,0.0,0,0,0,7,9,3.0,37.5,0,0,0,8,11.0,27.5,15.0,49,8.92,34.76,23.37,Rajasthan Royals,2022,100000000,1.183086132,118308613.2
34,565,JD Unadkat,india,28.0,,bowler,right-handed-bat,left-arm-fast-medium,0,0,0.0,0.0,0,0,0,16,197,12.31,118.68,0,16,7,14,8.68,21.5,14.86,99,8.98,32.21,21.53,Rajasthan Royals,2019,84000000,1.389372345,116707277.0
723,541,CV Varun,india,28.0,,bowler,right-handed-bat,right-arm-legbreak,1,1,0.5,16.67,0,0,0,8,25,6.25,54.35,0,2,0,33,7.02,14.58,12.45,83,7.56,24.12,19.13,Punjab Kings,2019,84000000,1.389372345,116707277.0
435,474,SV Samson,india,24.0,,wk-batsman,right-handed-bat,,4,861,25.32,152.39,2,71,49,19,4419,30.69,138.97,25,352,206,0,0.0,0.0,0.0,0,0.0,0.0,0.0,Rajasthan Royals,2018,80000000,1.444252553,115540204.2
575,636,K Gowtham,india,33.0,,bowling-allrounder,right-handed-bat,right-arm-offbreak,0,0,0.0,0.0,0,0,0,9,247,13.72,166.9,0,15,17,0,0.0,0.0,0.0,21,8.24,38.48,28.0,Chennai Super Kings,2021,92500000,1.243778451,115049506.7
150,70,MG Johnson,australia,33.0,6.20109,bowler,left-handed-bat,left-arm-fast,7,109,10.9,114.74,0,8,3,17,167,12.85,101.83,0,10,7,38,7.29,20.97,17.26,61,8.29,27.9,20.2,Punjab Kings,2014,65000000,1.745533373,113459669.2
776,594,SS Cottrell,west indies,31.0,,bowler,right-handed-bat,left-arm-fast-medium,6,18,4.5,62.07,0,2,0,0,0,0.0,0.0,0,0,0,52,8.13,23.92,17.65,6,8.8,29.33,20.0,Punjab Kings,2020,85000000,1.326116584,112719909.7
651,419,R Ashwin,india,32.0,,bowling-allrounder,right-handed-bat,right-arm-offbreak,12,184,26.29,115.0,0,17,4,34,800,13.33,118.52,1,61,28,72,6.91,23.22,20.17,180,7.12,29.83,25.13,Punjab Kings,2018,76000000,1.444252553,109763194.0
534,800,K Rabada,south africa,27.0,,bowler,left-handed-bat,right-arm-fast,15,156,17.33,110.64,0,14,5,14,206,12.12,106.74,0,16,8,71,8.3,27.15,19.62,117,8.48,21.97,15.54,Punjab Kings,2022,92500000,1.183086132,109435467.2
293,316,Yuvraj Singh,india,35.0,,batting-allrounder,left-handed-bat,left-arm-orthodox,9,1177,28.02,136.39,8,77,74,15,2750,24.77,129.72,13,217,149,28,7.06,17.82,15.14,36,7.44,29.92,24.14,Sunrisers Hyderabad,2016,70000000,1.55980021,109186014.7
1045,235,CH Morris,south africa,29.0,,bowling-allrounder,right-handed-bat,right-arm-fast-medium,4,133,14.78,130.4,1,12,5,23,618,22.07,155.28,2,41,35,34,8.4,20.5,14.65,95,8.01,24.16,18.11,Delhi Capitals,2016,70000000,1.55980021,109186014.7
363,438,KD Karthik,india,33.0,,wk-batsman,right-handed-bat,,22,686,26.38,142.62,1,71,28,50,4842,26.32,135.37,22,466,161,0,18.0,0.0,0.0,0,0.0,0.0,0.0,Kolkata Knight Riders,2018,74000000,1.444252553,106874688.9
561,493,CR Woakes,england,29.0,,bowling-allrounder,right-handed-bat,right-arm-fast-medium,8,146,16.22,124.79,0,9,7,6,78,13.0,101.3,0,7,2,31,8.07,26.52,19.71,30,8.97,21.93,14.67,Royal Challengers Bengaluru,2018,74000000,1.444252553,106874688.9
276,734,R Tewatia,india,29.0,,batting-allrounder,left-handed-bat,right-arm-legbreak,0,0,0.0,0.0,0,0,0,25,1013,25.33,134.71,1,84,47,0,0.0,0.0,0.0,32,7.91,34.72,26.34,Gujarat Titans,2022,90000000,1.183086132,106477751.9
837,803,SN Khan,india,27.0,,batting-allrounder,right-handed-bat,right-arm-offbreak,0,0,0.0,0.0,0,0,0,10,553,19.75,141.44,1,35,37,0,0.0,0.0,0.0,0,7.5,0.0,0.0,Punjab Kings,2022,90000000,1.183086132,106477751.9
15,607,NM Coulter-Nile,australia,33.0,,bowler,right-handed-bat,right-arm-fast,4,150,13.64,125.0,0,10,10,6,82,6.83,113.89,0,7,4,34,8.27,23.59,17.12,48,7.7,22.92,17.85,Mumbai Indians,2020,80000000,1.326116584,106089326.7
989,963,SH Johnson,australia,29.0,,bowler,left-handed-bat,left-arm-fast,0,0,0.0,0.0,0,0,0,3,6,0.0,85.72,0,1,0,14,8.96,17.07,11.43,4,9.44,37.75,24.0,Gujarat Titans,2024,100000000,1.0495,104950000.0
364,420,AJ Tye,australia,32.0,,bowler,right-handed-bat,right-arm-fast-medium,7,83,10.38,109.22,0,5,4,4,91,10.11,119.74,0,6,5,47,8.76,21.21,14.53,42,8.59,23.31,16.29,Punjab Kings,2018,72000000,1.444252553,103986183.8
3,780,JO Holder,west indies,31.0,,bowling-allrounder,right-handed-bat,right-arm-fast-medium,14,491,16.37,129.22,0,31,27,6,259,12.33,123.34,0,13,18,66,8.58,28.88,20.2,53,8.81,27.57,18.77,Lucknow Super Giants,2022,87500000,1.183086132,103520036.6
701,856,Washington Sundar,india,23.0,,bowling-allrounder,left-handed-bat,right-arm-offbreak,8,193,13.79,121.39,1,16,9,13,378,14.0,116.31,0,32,9,48,6.94,23.5,20.31,37,7.54,35.81,28.49,Sunrisers Hyderabad,2022,87500000,1.183086132,103520036.6
755,586,SO Hetmyer,west indies,24.0,,batsman,left-handed-bat,,5,942,20.04,118.5,5,63,47,26,1243,31.08,153.08,4,76,82,0,0.0,0.0,0.0,0,0.0,0.0,0.0,Delhi Capitals,2020,77500000,1.326116584,102774035.3
78,267,MM Sharma,india,28.0,,bowler,right-handed-bat,right-arm-fast-medium,2,3,0.0,42.86,0,0,0,14,124,7.29,93.24,0,8,4,6,8.04,30.83,23.0,132,8.67,24.67,17.07,Punjab Kings,2016,65000000,1.55980021,101387013.6
601,860,RA Tripathi,india,31.0,,batsman,right-handed-bat,right-arm-medium,0,97,19.4,144.78,0,11,5,10,2236,26.94,139.32,12,223,84,0,0.0,0.0,0.0,0,12.0,0.0,0.0,Sunrisers Hyderabad,2022,85000000,1.183086132,100562321.2
754,820,SO Hetmyer,west indies,26.0,,batsman,left-handed-bat,,5,942,20.04,118.5,5,63,47,26,1243,31.08,153.08,4,76,82,0,0.0,0.0,0.0,0,0.0,0.0,0.0,Rajasthan Royals,2022,85000000,1.183086132,100562321.2
727,542,SM Curran,england,21.0,,bowling-allrounder,left-handed-bat,left-arm-fast-medium,9,356,14.24,124.48,1,21,15,13,883,25.23,136.48,5,74,37,54,8.41,27.07,19.31,58,9.65,32.76,20.36,Punjab Kings,2019,72000000,1.389372345,100034808.9
835,664,RP Meredith,australia,25.0,,bowler,right-handed-bat,right-arm-fast,0,0,0.0,0.0,0,0,0,3,0,0.0,0.0,0,0,0,9,9.72,24.67,15.22,19,9.46,32.21,20.42,Punjab Kings,2021,80000000,1.243778451,99502276.06
488,767,KH Pandya,india,31.0,,batting-allrounder,left-handed-bat,left-arm-orthodox,5,124,24.8,130.53,0,8,6,36,1647,21.96,132.83,1,144,61,15,8.11,36.93,27.33,76,7.37,34.29,27.92,Lucknow Super Giants,2022,82500000,1.183086132,97604605.91
888,791,TH David,australia,26.0,,batsman,right-handed-bat,right-arm-offbreak,12,1201,33.36,161.21,6,101,65,12,659,28.65,170.29,0,38,46,5,9.33,51.0,32.8,0,0.0,0.0,0.0,Mumbai Indians,2022,82500000,1.183086132,97604605.91
180,86,JH Kallis,south africa,39.0,5.11,batting-allrounder,right-handed-bat,right-arm-fast-medium,4,666,35.05,119.36,5,56,20,11,2427,28.55,109.23,17,255,44,12,7.24,27.75,23.0,65,7.9,35.28,26.8,Kolkata Knight Riders,2014,55000000,1.745533373,96004335.5
323,151,DA Warner,australia,28.0,5.5777,batsman,left-handed-bat,,12,3277,33.44,142.48,28,338,122,22,6565,40.52,139.78,62,664,235,0,0.0,0.0,0.0,0,0.0,0.0,0.0,Sunrisers Hyderabad,2014,55000000,1.745533373,96004335.5
404,748,N Rana,india,29.0,,batsman,left-handed-bat,right-arm-offbreak,0,15,7.5,55.56,0,0,0,8,2636,28.34,135.05,18,234,132,0,0.0,0.0,0.0,10,8.4,25.2,18.0,Kolkata Knight Riders,2022,80000000,1.183086132,94646890.58
183,439,RV Uthappa,india,33.0,,wk-batsman,right-handed-bat,right-arm-medium,2,249,24.9,118.01,1,26,6,17,4952,27.51,130.36,27,481,182,0,0.0,0.0,0.0,0,0.0,0.0,0.0,Kolkata Knight Riders,2018,64000000,1.444252553,92432163.39
622,381,DM Bravo,west indies,35.0,,batting-allrounder,right-handed-bat,right-arm-fast-medium,17,1255,22.02,115.14,4,73,55,44,1560,22.61,129.57,5,121,66,78,8.12,26.1,19.29,183,8.39,23.83,17.04,Chennai Super Kings,2018,64000000,1.444252553,92432163.39
231,842,JR Hazlewood,australia,31.0,6.43076,bowler,left-handed-bat,right-arm-fast-medium,7,29,9.67,107.41,0,2,1,6,19,0.0,67.86,0,1,0,67,7.49,22.1,17.7,35,8.06,23.14,17.23,Royal Challengers Bengaluru,2022,77500000,1.183086132,91689175.25
763,821,D Padikkal,india,22.0,,batsman,left-handed-bat,right-arm-offbreak,0,38,19.0,100.0,0,2,1,2,1559,25.15,123.15,9,169,42,0,0.0,0.0,0.0,0,0.0,0.0,0.0,Rajasthan Royals,2022,77500000,1.183086132,91689175.25
928,867,R Shepherd,west indies,28.0,,bowling-allrounder,right-handed-bat,right-arm-fast-medium,14,537,26.85,139.12,0,25,39,4,115,23.0,182.54,0,7,10,56,9.8,27.54,16.86,4,12.24,64.25,31.5,Sunrisers Hyderabad,2022,77500000,1.183086132,91689175.25
122,946,MA Agarwal,india,32.0,,batsman,right-handed-bat,right-arm-offbreak,0,0,0.0,0.0,0,0,0,4,2665,22.78,133.25,13,264,98,0,0.0,0.0,0.0,0,0.0,0.0,0.0,Sunrisers Hyderabad,2023,82500000,1.10879675,91475731.88
329,421,AJ Finch,australia,32.0,5.70894,batsman,right-handed-bat,left-arm-orthodox,12,3120,34.29,142.54,19,309,125,6,2091,24.89,128.21,15,214,78,0,13.5,0.0,0.0,1,9.35,67.0,43.0,Punjab Kings,2018,62000000,1.444252553,89543658.29
381,422,MP Stoinis,australia,29.0,,batting-allrounder,right-handed-bat,right-arm-medium,22,1245,31.92,148.57,5,99,63,22,1866,28.27,142.01,9,150,91,45,8.73,24.24,16.67,43,9.52,29.63,18.67,Punjab Kings,2018,62000000,1.444252553,89543658.29
458,453,Ishan Kishan,india,20.0,,wk-batsman,left-handed-bat,,1,796,25.68,124.38,6,79,36,6,2644,28.43,135.87,16,255,119,0,0.0,0.0,0.0,0,0.0,0.0,0.0,Mumbai Indians,2018,62000000,1.444252553,89543658.29
576,475,K Gowtham,india,30.0,,bowling-allrounder,right-handed-bat,right-arm-offbreak,0,0,0.0,0.0,0,0,0,9,247,13.72,166.9,0,15,17,0,0.0,0.0,0.0,21,8.24,38.48,28.0,Rajasthan Royals,2018,62000000,1.444252553,89543658.29
716,531,CA Ingram,south africa,34.0,,batsman,left-handed-bat,right-arm-legbreak,1,210,26.25,129.63,1,23,7,3,205,17.08,113.89,0,22,5,0,0.0,0.0,0.0,0,0.0,0.0,0.0,Delhi Capitals,2019,64000000,1.389372345,88919830.1
980,950,Sameer Rizvi,india,21.0,,batsman,right-handed-bat,right-arm-offbreak,0,0,0.0,0.0,0,0,0,1,51,12.75,118.61,0,4,2,0,0.0,0.0,0.0,0,0.0,0.0,0.0,Chennai Super Kings,2024,84000000,1.0495,88158000.0
107,51,M Vijay,india,30.0,,batsman,right-handed-bat,right-arm-offbreak,0,169,18.78,109.75,0,13,8,5,2619,25.93,121.88,13,247,91,0,4.5,0.0,0.0,0,8.17,0.0,0.0,Delhi Capitals,2014,50000000,1.745533373,87276668.64
184,87,RV Uthappa,india,29.0,,wk-batsman,right-handed-bat,right-arm-medium,2,249,24.9,118.01,1,26,6,17,4952,27.51,130.36,27,481,182,0,0.0,0.0,0.0,0,0.0,0.0,0.0,Kolkata Knight Riders,2014,50000000,1.745533373,87276668.64
218,102,MEK Hussey,australia,39.0,5.9058,batsman,left-handed-bat,right-arm-medium,11,721,37.95,136.3,4,58,25,7,1977,38.76,122.65,15,198,52,0,5.0,0.0,0.0,0,0.0,0.0,0.0,Mumbai Indians,2014,50000000,1.745533373,87276668.64
705,637,MM Ali,england,34.0,,batting-allrounder,left-handed-bat,right-arm-offbreak,17,1229,21.19,142.42,7,88,68,6,1162,22.78,141.54,6,95,67,51,8.31,27.14,19.59,35,7.07,25.51,21.66,Chennai Super Kings,2021,70000000,1.243778451,87064491.56
320,494,YS Chahal,india,28.0,,bowler,right-handed-bat,right-arm-legbreak,4,6,3.0,46.16,0,0,0,13,37,5.29,43.03,0,0,0,96,8.19,25.09,18.38,205,7.84,22.45,17.18,Royal Challengers Bengaluru,2018,60000000,1.444252553,86655153.18
71,317,A Nehra,india,37.0,,bowler,right-handed-bat,left-arm-fast-medium,0,28,5.6,71.8,0,1,2,15,41,5.86,66.13,0,3,1,34,7.73,22.29,17.29,106,7.85,23.54,18.0,Sunrisers Hyderabad,2016,55000000,1.55980021,85789011.53
203,746,PJ Cummins,australia,29.0,6.29952,bowler,right-handed-bat,right-arm-fast,12,158,10.53,118.8,0,11,7,15,515,19.81,149.71,3,33,34,66,7.44,23.58,19.0,63,8.75,30.52,20.94,Kolkata Knight Riders,2022,72500000,1.183086132,85773744.59
668,751,Shivam Mavi,india,24.0,,bowler,right-handed-bat,right-arm-fast-medium,0,28,14.0,155.56,0,2,2,3,51,5.67,91.08,0,4,2,7,8.79,17.57,12.0,30,8.71,31.4,21.63,Kolkata Knight Riders,2022,72500000,1.183086132,85773744.59
936,997,RR Rossouw,south africa,35.0,,batsman,left-handed-bat,right-arm-offbreak,5,767,34.86,159.8,3,69,39,2,473,23.65,153.58,2,45,25,0,0.0,0.0,0.0,0,0.0,0.0,0.0,Punjab Kings,2024,80000000,1.0495,83960000.0
214,440,Kuldeep Yadav,india,22.0,,bowler,left-handed-bat,left-arm-fast-medium,0,0,0.0,0.0,0,0,0,1,0,0.0,0.0,0,0,0,0,0.0,0.0,0.0,2,9.33,42.0,27.0,Kolkata Knight Riders,2018,58000000,1.444252553,83766648.07
67,35,F du Plessis,south africa,30.0,,batsman,right-handed-bat,right-arm-legbreak,7,1528,35.53,134.39,10,140,50,11,4571,35.99,136.37,37,421,166,0,2.25,0.0,0.0,0,16.0,0.0,0.0,Chennai Super Kings,2014,47500000,1.745533373,82912835.2
284,152,A Mishra,india,32.0,,bowler,right-handed-bat,right-arm-legbreak,0,0,0.0,0.0,0,0,0,25,381,11.91,90.94,0,31,5,16,6.32,15.0,14.25,174,7.38,23.82,19.37,Sunrisers Hyderabad,2014,47500000,1.745533373,82912835.2
65,838,F du Plessis,south africa,38.0,,batsman,right-handed-bat,right-arm-legbreak,7,1528,35.53,134.39,10,140,50,11,4571,35.99,136.37,37,421,166,0,2.25,0.0,0.0,0,16.0,0.0,0.0,Royal Challengers Bengaluru,2022,70000000,1.183086132,82816029.26
265,423,KK Nair,india,27.0,,batsman,right-handed-bat,right-arm-offbreak,0,0,0.0,0.0,0,0,0,5,1496,23.75,127.76,10,161,39,0,0.0,0.0,0.0,0,0.0,0.0,0.0,Punjab Kings,2018,56000000,1.444252553,80878142.97
60,766,Q de Kock,south africa,30.0,,wk-batsman,left-handed-bat,,9,2584,31.51,138.33,16,264,103,6,3157,31.26,134.23,23,316,123,0,0.0,0.0,0.0,0,0.0,0.0,0.0,Lucknow Super Giants,2022,67500000,1.183086132,79858313.93
765,801,JM Bairstow,england,33.0,,wk-batsman,right-handed-bat,right-arm-medium,16,1671,29.84,137.54,10,148,76,4,1589,34.54,144.46,9,166,69,0,0.0,0.0,0.0,0,0.0,0.0,0.0,Punjab Kings,2022,67500000,1.183086132,79858313.93
25,18,KW Richardson,australia,22.0,,bowler,right-handed-bat,right-arm-fast-medium,3,17,4.25,100.0,0,0,0,1,36,12.0,92.31,0,2,1,45,8.4,23.53,16.8,19,8.45,24.84,17.63,Lucknow Super Giants,2013,40600000,1.937018384,78642946.38
70,36,DR Smith,west indies,31.0,,batting-allrounder,right-handed-bat,right-arm-medium,0,582,18.19,122.27,3,62,31,5,2385,28.39,135.21,17,245,117,7,8.96,30.29,20.29,26,9.02,31.15,20.73,Chennai Super Kings,2014,45000000,1.745533373,78549001.77
220,103,CJ Anderson,united states of america,24.0,,batting-allrounder,left-handed-bat,left-arm-fast-medium,6,697,24.03,126.04,3,40,35,7,538,24.45,127.19,3,40,31,16,8.13,36.56,27.0,11,10.46,47.09,27.0,Mumbai Indians,2014,45000000,1.745533373,78549001.77
205,455,PJ Cummins,australia,25.0,6.29952,bowler,right-handed-bat,right-arm-fast,12,158,10.53,118.8,0,11,7,15,515,19.81,149.71,3,33,34,66,7.44,23.58,19.0,63,8.75,30.52,20.94,Mumbai Indians,2018,54000000,1.444252553,77989637.86
672,454,KA Pollard,west indies,31.0,,batting-allrounder,right-handed-bat,right-arm-medium,21,1569,25.31,135.15,6,94,99,52,3412,28.67,147.33,16,218,223,42,8.33,28.29,20.38,69,8.79,31.59,21.57,Mumbai Indians,2018,54000000,1.444252553,77989637.86
565,1001,R Powell,west indies,31.0,,batsman,right-handed-bat,right-arm-fast-medium,11,1747,25.69,140.33,8,99,117,3,360,18.95,147.55,1,21,28,5,9.94,43.4,26.2,1,11.67,35.0,18.0,Rajasthan Royals,2024,74000000,1.0495,77663000.0
836,968,SN Khan,india,29.0,,batting-allrounder,right-handed-bat,right-arm-offbreak,0,0,0.0,0.0,0,0,0,10,553,19.75,141.44,1,35,37,0,0.0,0.0,0.0,0,7.5,0.0,0.0,Gujarat Titans,2024,74000000,1.0495,77663000.0
319,823,YS Chahal,india,32.0,,bowler,right-handed-bat,right-arm-legbreak,4,6,3.0,46.16,0,0,0,13,37,5.29,43.03,0,0,0,96,8.19,25.09,18.38,205,7.84,22.45,17.18,Rajasthan Royals,2022,65000000,1.183086132,76900598.6
495,708,MR Marsh,australia,31.0,,batting-allrounder,right-handed-bat,right-arm-fast-medium,11,1629,31.94,135.42,9,139,76,2,665,19.56,127.64,3,48,38,17,7.74,22.76,17.65,37,8.52,21.49,15.14,Delhi Capitals,2022,65000000,1.183086132,76900598.6
27,19,AM Nayar,india,30.0,,batting-allrounder,left-handed-bat,right-arm-medium,0,0,0.0,0.0,0,0,0,12,672,17.68,116.47,0,55,20,0,0.0,0.0,0.0,9,8.44,35.78,25.44,Lucknow Super Giants,2013,39150000,1.937018384,75834269.72
52,29,NLTC Perera,sri lanka,24.0,6.1,bowling-allrounder,left-handed-bat,right-arm-fast-medium,22,1204,23.15,151.64,3,88,64,8,422,19.18,137.46,0,23,26,51,9.35,33.67,21.61,31,8.73,32.77,22.52,Sunrisers Hyderabad,2013,39150000,1.937018384,75834269.72
986,959,Kumar Kushagra,india,20.0,,wk-batsman,right-handed-bat,,0,0,0.0,0.0,0,0,0,0,3,1.0,42.86,0,0,0,0,0.0,0.0,0.0,0,0.0,0.0,0.0,Delhi Capitals,2024,72000000,1.0495,75564000.0
497,288,MR Marsh,australia,25.0,,batting-allrounder,right-handed-bat,right-arm-fast-medium,11,1629,31.94,135.42,9,139,76,2,665,19.56,127.64,3,48,38,17,7.74,22.76,17.65,37,8.52,21.49,15.14,Lucknow Super Giants,2016,48000000,1.55980021,74870410.06
536,323,K Rabada,south africa,22.0,,bowler,left-handed-bat,right-arm-fast,15,156,17.33,110.64,0,14,5,14,206,12.12,106.74,0,16,8,71,8.3,27.15,19.62,117,8.48,21.97,15.54,Delhi Capitals,2017,50000000,1.492346163,74617308.15
18,53,NM Coulter-Nile,australia,27.0,,bowler,right-handed-bat,right-arm-fast,4,150,13.64,125.0,0,10,10,6,82,6.83,113.89,0,7,4,34,8.27,23.59,17.12,48,7.7,22.92,17.85,Delhi Capitals,2014,42500000,1.745533373,74185168.34
113,52,Mohammed Shami,india,24.0,,bowler,right-handed-bat,right-arm-fast,3,7,3.5,70.0,0,0,1,12,74,5.69,93.68,0,6,2,27,8.95,28.19,18.89,127,8.44,26.86,19.1,Delhi Capitals,2014,42500000,1.745533373,74185168.34
327,153,B Kumar,india,24.0,,bowler,right-handed-bat,right-arm-fast-medium,13,67,8.38,71.28,0,0,0,33,306,8.74,93.87,0,30,3,90,6.96,23.1,19.9,181,7.56,27.23,21.6,Sunrisers Hyderabad,2014,42500000,1.745533373,74185168.34
110,727,Mohammed Shami,india,32.0,,bowler,right-handed-bat,right-arm-fast,3,7,3.5,70.0,0,0,1,12,74,5.69,93.68,0,6,2,27,8.95,28.19,18.89,127,8.44,26.86,19.1,Gujarat Titans,2022,62500000,1.183086132,73942883.27
322,707,DA Warner,australia,36.0,5.5777,batsman,left-handed-bat,,12,3277,33.44,142.48,28,338,122,22,6565,40.52,139.78,62,664,235,0,0.0,0.0,0.0,0,0.0,0.0,0.0,Delhi Capitals,2022,62500000,1.183086132,73942883.27
726,583,SM Curran,england,22.0,,bowling-allrounder,left-handed-bat,left-arm-fast-medium,9,356,14.24,124.48,1,21,15,13,883,25.23,136.48,5,74,37,54,8.41,27.07,19.31,58,9.65,32.76,20.36,Chennai Super Kings,2020,55000000,1.326116584,72936412.14
158,513,WP Saha,india,34.0,,wk-batsman,right-handed-bat,,0,0,0.0,0.0,0,0,0,24,2934,24.25,127.57,13,296,87,0,0.0,0.0,0.0,0,0.0,0.0,0.0,Sunrisers Hyderabad,2018,50000000,1.444252553,72212627.65
336,382,KV Sharma,india,31.0,,bowler,left-handed-bat,right-arm-legbreak,0,0,0.0,0.0,0,0,0,14,351,13.5,119.39,0,20,17,1,7.0,28.0,24.0,76,8.38,27.46,19.67,Chennai Super Kings,2018,50000000,1.444252553,72212627.65
376,1016,TM Head,australia,31.0,,batsman,left-handed-bat,right-arm-offbreak,4,1093,33.12,160.5,5,114,53,4,772,36.76,173.88,5,76,40,1,9.33,56.0,36.0,2,11.69,56.5,29.0,Sunrisers Hyderabad,2024,68000000,1.0495,71366000.0
896,807,OF Smith,west indies,26.0,,bowling-allrounder,right-handed-bat,right-arm-medium,7,193,14.85,139.86,0,13,12,3,51,17.0,115.91,0,1,5,27,10.29,28.59,16.67,6,11.87,29.67,15.0,Punjab Kings,2022,60000000,1.183086132,70985167.94
11,11,SMSM Senanayake,sri lanka,28.0,,bowler,right-handed-bat,right-arm-offbreak,6,56,9.33,84.85,0,3,1,3,10,10.0,58.83,0,0,0,25,6.78,21.96,19.44,9,6.53,23.22,21.33,Kolkata Knight Riders,2013,36250000,1.937018384,70216916.41
1047,1,CH Morris,south africa,26.0,,bowling-allrounder,right-handed-bat,right-arm-fast-medium,4,133,14.78,130.4,1,12,5,23,618,22.07,155.28,2,41,35,34,8.4,20.5,14.65,95,8.01,24.16,18.11,Chennai Super Kings,2013,36250000,1.937018384,70216916.41
503,289,M Ashwin,india,26.0,,bowler,right-handed-bat,right-arm-legbreak,0,0,0.0,0.0,0,0,0,4,35,3.89,70.0,0,2,1,0,0.0,0.0,0.0,35,8.01,33.2,24.86,Lucknow Super Giants,2016,45000000,1.55980021,70191009.43
247,117,SPD Smith,australia,25.0,,batsman,right-handed-bat,right-arm-legbreak,11,1094,24.86,125.46,5,96,26,21,2485,34.51,128.1,11,225,60,17,7.79,22.24,17.12,0,0.0,0.0,0.0,Rajasthan Royals,2014,40000000,1.745533373,69821334.91
332,154,AJ Finch,australia,28.0,5.70894,batsman,right-handed-bat,left-arm-orthodox,12,3120,34.29,142.54,19,309,125,6,2091,24.89,128.21,15,214,78,0,13.5,0.0,0.0,1,9.35,67.0,43.0,Sunrisers Hyderabad,2014,40000000,1.745533373,69821334.91
429,600,EJG Morgan,england,34.0,5.9,batsman,left-handed-bat,right-arm-medium,20,2458,28.58,136.18,14,186,120,13,1405,22.66,122.61,5,112,64,0,0.0,0.0,0.0,0,0.0,0.0,0.0,Kolkata Knight Riders,2020,52500000,1.326116584,69621120.68
76,529,MM Sharma,india,31.0,,bowler,right-handed-bat,right-arm-fast-medium,2,3,0.0,42.86,0,0,0,14,124,7.29,93.24,0,8,4,6,8.04,30.83,23.0,132,8.67,24.67,17.07,Chennai Super Kings,2019,50000000,1.389372345,69468617.27
171,532,AR Patel,india,25.0,,bowling-allrounder,left-handed-bat,left-arm-orthodox,15,535,18.45,139.33,1,41,23,36,1653,21.47,130.88,3,107,79,71,7.3,22.13,18.18,123,7.28,30.55,25.2,Delhi Capitals,2019,50000000,1.389372345,69468617.27
437,552,CR Brathwaite,west indies,31.0,,bowling-allrounder,right-handed-bat,right-arm-fast-medium,6,310,14.76,113.14,0,13,22,1,181,13.92,163.07,0,10,16,31,8.57,32.68,22.87,13,8.95,29.15,19.54,Kolkata Knight Riders,2019,50000000,1.389372345,69468617.27
1048,2,DP Nannes,australia,37.0,6.16828,bowler,right-handed-bat,left-arm-fast,3,22,11.0,122.23,0,1,1,2,4,4.0,30.77,0,0,0,28,7.52,16.39,13.07,28,7.3,28.04,23.04,Chennai Super Kings,2013,34800000,1.937018384,67408239.75
666,981,Shivam Mavi,india,26.0,,bowler,right-handed-bat,right-arm-fast-medium,0,28,14.0,155.56,0,2,2,3,51,5.67,91.08,0,4,2,7,8.79,17.57,12.0,30,8.71,31.4,21.63,Lucknow Super Giants,2024,64000000,1.0495,67168000.0
206,324,PJ Cummins,australia,24.0,6.29952,bowler,right-handed-bat,right-arm-fast,12,158,10.53,118.8,0,11,7,15,515,19.81,149.71,3,33,34,66,7.44,23.58,19.0,63,8.75,30.52,20.94,Delhi Capitals,2017,45000000,1.492346163,67155577.34
111,543,Mohammed Shami,india,29.0,,bowler,right-handed-bat,right-arm-fast,3,7,3.5,70.0,0,0,1,12,74,5.69,93.68,0,6,2,27,8.95,28.19,18.89,127,8.44,26.86,19.1,Punjab Kings,2019,48000000,1.389372345,66689872.57
667,885,Shivam Mavi,india,25.0,,bowler,right-handed-bat,right-arm-fast-medium,0,28,14.0,155.56,0,2,2,3,51,5.67,91.08,0,4,2,7,8.79,17.57,12.0,30,8.71,31.4,21.63,Gujarat Titans,2023,60000000,1.10879675,66527805.0
436,236,SV Samson,india,22.0,,wk-batsman,right-handed-bat,,4,861,25.32,152.39,2,71,49,19,4419,30.69,138.97,25,352,206,0,0.0,0.0,0.0,0,0.0,0.0,0.0,Delhi Capitals,2016,42000000,1.55980021,65511608.8
439,237,CR Brathwaite,west indies,28.0,,bowling-allrounder,right-handed-bat,right-arm-fast-medium,6,310,14.76,113.14,0,13,22,1,181,13.92,163.07,0,10,16,31,8.57,32.68,22.87,13,8.95,29.15,19.54,Delhi Capitals,2016,42000000,1.55980021,65511608.8
338,155,KV Sharma,india,27.0,,bowler,left-handed-bat,right-arm-legbreak,0,0,0.0,0.0,0,0,0,14,351,13.5,119.39,0,20,17,1,7.0,28.0,24.0,76,8.38,27.46,19.67,Sunrisers Hyderabad,2014,37500000,1.745533373,65457501.48
223,183,Z Khan,india,37.0,,bowler,right-handed-bat,left-arm-fast-medium,2,13,6.5,130.0,0,0,1,18,117,8.36,82.98,0,11,2,17,7.64,26.35,20.71,102,7.59,27.27,21.57,Delhi Capitals,2015,40000000,1.6363864,65455456.0
789,642,TK Curran,england,26.0,,bowling-allrounder,right-handed-bat,right-arm-fast-medium,7,64,10.67,114.29,0,1,4,5,127,25.4,118.7,1,10,3,29,9.26,31.28,20.28,13,10.84,33.08,18.31,Delhi Capitals,2021,52500000,1.243778451,65298368.67
838,665,SN Khan,india,26.0,,batting-allrounder,right-handed-bat,right-arm-offbreak,0,0,0.0,0.0,0,0,0,10,553,19.75,141.44,1,35,37,0,0.0,0.0,0.0,0,7.5,0.0,0.0,Punjab Kings,2021,52500000,1.243778451,65298368.67
69,841,KD Karthik,india,37.0,,wk-batsman,right-handed-bat,,22,686,26.38,142.62,1,71,28,50,4842,26.32,135.37,22,466,161,0,18.0,0.0,0.0,0,0.0,0.0,0.0,Royal Challengers Bengaluru,2022,55000000,1.183086132,65069737.28
2,921,JO Holder,west indies,32.0,,bowling-allrounder,right-handed-bat,right-arm-fast-medium,14,491,16.37,129.22,0,31,27,6,259,12.33,123.34,0,13,18,66,8.58,28.88,20.2,53,8.81,27.57,18.77,Rajasthan Royals,2023,57500000,1.10879675,63755813.13
380,587,MP Stoinis,australia,31.0,,batting-allrounder,right-handed-bat,right-arm-medium,22,1245,31.92,148.57,5,99,63,22,1866,28.27,142.01,9,150,91,45,8.73,24.24,16.67,43,9.52,29.63,18.67,Delhi Capitals,2020,48000000,1.326116584,63653596.05
482,476,JC Buttler,england,28.0,,wk-batsman,right-handed-bat,,23,3535,35.35,146.62,26,322,152,12,3582,38.11,147.53,19,355,161,0,0.0,0.0,0.0,0,0.0,0.0,0.0,Rajasthan Royals,2018,44000000,1.444252553,63547112.33
562,347,CR Woakes,england,28.0,,bowling-allrounder,right-handed-bat,right-arm-fast-medium,8,146,16.22,124.79,0,9,7,6,78,13.0,101.3,0,7,2,31,8.07,26.52,19.71,30,8.97,21.93,14.67,Kolkata Knight Riders,2017,42000000,1.492346163,62678538.85
266,238,KK Nair,india,25.0,,batsman,right-handed-bat,right-arm-offbreak,0,0,0.0,0.0,0,0,0,5,1496,23.75,127.76,10,161,39,0,0.0,0.0,0.0,0,0.0,0.0,0.0,Delhi Capitals,2016,40000000,1.55980021,62392008.38
14,657,NM Coulter-Nile,australia,34.0,,bowler,right-handed-bat,right-arm-fast,4,150,13.64,125.0,0,10,10,6,82,6.83,113.89,0,7,4,34,8.27,23.59,17.12,48,7.7,22.92,17.85,Mumbai Indians,2021,50000000,1.243778451,62188922.54
451,717,KK Ahmed,india,25.0,,bowler,right-handed-bat,left-arm-fast-medium,2,1,0.0,50.0,0,0,0,0,1,0.2,14.29,0,0,0,16,8.52,35.13,24.75,74,8.84,25.42,17.24,Delhi Capitals,2022,52500000,1.183086132,62112021.95
595,802,RD Chahar,india,23.0,,bowler,right-handed-bat,right-arm-legbreak,0,5,5.0,100.0,0,1,0,8,129,8.06,104.04,0,13,5,7,7.59,23.86,18.86,75,7.72,28.55,22.19,Punjab Kings,2022,52500000,1.183086132,62112021.95
55,156,DJG Sammy,west indies,31.0,,batting-allrounder,right-handed-bat,right-arm-medium,18,587,17.26,147.49,0,45,31,5,295,19.67,122.41,1,15,18,44,7.31,25.36,20.82,11,8.9,31.82,21.45,Sunrisers Hyderabad,2014,35000000,1.745533373,61093668.04
62,54,Q de Kock,south africa,22.0,,wk-batsman,left-handed-bat,,9,2584,31.51,138.33,16,264,103,6,3157,31.26,134.23,23,316,123,0,0.0,0.0,0.0,0,0.0,0.0,0.0,Delhi Capitals,2014,35000000,1.745533373,61093668.04
939,884,Mukesh Kumar,india,30.0,,bowler,right-handed-bat,right-arm-fast-medium,3,5,5.0,100.0,0,1,0,4,10,10.0,55.56,0,0,0,20,9.02,24.35,16.2,24,10.44,28.92,16.63,Delhi Capitals,2023,55000000,1.10879675,60983821.25
194,969,UT Yadav,india,37.0,,bowler,right-handed-bat,right-arm-fast,1,22,22.0,104.77,0,2,0,31,208,9.9,103.49,0,16,9,12,9.33,23.33,15.0,144,8.49,29.98,21.18,Gujarat Titans,2024,58000000,1.0495,60871000.0
1014,1000,SB Dubey,india,30.0,,batsman,left-handed-bat,right-arm-offbreak,0,0,0.0,0.0,0,0,0,1,33,16.5,173.69,0,3,2,0,0.0,0.0,0.0,0,0.0,0.0,0.0,Rajasthan Royals,2024,58000000,1.0495,60871000.0
197,495,UT Yadav,india,31.0,,bowler,right-handed-bat,right-arm-fast,1,22,22.0,104.77,0,2,0,31,208,9.9,103.49,0,16,9,12,9.33,23.33,15.0,144,8.49,29.98,21.18,Royal Challengers Bengaluru,2018,42000000,1.444252553,60658607.23
535,400,K Rabada,south africa,23.0,,bowler,left-handed-bat,right-arm-fast,15,156,17.33,110.64,0,14,5,14,206,12.12,106.74,0,16,8,71,8.3,27.15,19.62,117,8.48,21.97,15.54,Delhi Capitals,2018,42000000,1.444252553,60658607.23
46,680,DT Christian,australia,38.0,,bowling-allrounder,right-handed-bat,right-arm-fast-medium,6,118,14.75,126.89,0,7,6,9,460,14.38,115.58,0,23,19,13,8.56,30.62,21.46,38,8.1,31.37,23.24,Royal Challengers Bengaluru,2021,48000000,1.243778451,59701365.64
610,374,Rashid Khan,afghanistan,19.0,,bowling-allrounder,right-handed-bat,right-arm-legbreak,25,467,13.74,126.22,0,31,28,23,545,14.73,161.73,1,39,38,161,6.08,13.8,13.61,149,6.82,21.83,19.19,Sunrisers Hyderabad,2017,40000000,1.492346163,59693846.52
342,290,I Sharma,india,28.0,,bowler,right-handed-bat,right-arm-fast-medium,2,8,8.0,88.89,0,1,0,22,57,9.5,82.61,0,4,2,8,8.63,50.0,34.75,92,8.24,34.48,25.1,Lucknow Super Giants,2016,38000000,1.55980021,59272407.96
483,281,JC Buttler,england,26.0,,wk-batsman,right-handed-bat,,23,3535,35.35,146.62,26,322,152,12,3582,38.11,147.53,19,355,161,0,0.0,0.0,0.0,0,0.0,0.0,0.0,Mumbai Indians,2016,38000000,1.55980021,59272407.96
650,819,R Ashwin,india,36.0,,bowling-allrounder,right-handed-bat,right-arm-offbreak,12,184,26.29,115.0,0,17,4,34,800,13.33,118.52,1,61,28,72,6.91,23.22,20.17,180,7.12,29.83,25.13,Rajasthan Royals,2022,50000000,1.183086132,59154306.61
40,24,JD Unadkat,india,22.0,,bowler,right-handed-bat,left-arm-fast-medium,0,0,0.0,0.0,0,0,0,16,197,12.31,118.68,0,16,7,14,8.68,21.5,14.86,99,8.98,32.21,21.53,Royal Challengers Bengaluru,2013,30450000,1.937018384,58982209.78
580,544,N Pooran,west indies,24.0,,wk-batsman,left-handed-bat,right-arm-offbreak,10,2275,26.15,136.4,13,152,149,18,1769,32.16,162.3,9,112,127,0,0.0,0.0,0.0,0,0.0,0.0,0.0,Punjab Kings,2019,42000000,1.389372345,58353638.5
756,573,SO Hetmyer,west indies,23.0,,batsman,left-handed-bat,,5,942,20.04,118.5,5,63,47,26,1243,31.08,153.08,4,76,82,0,0.0,0.0,0.0,0,0.0,0.0,0.0,Royal Challengers Bengaluru,2019,42000000,1.389372345,58353638.5
328,622,AJ Finch,australia,34.0,5.70894,batsman,right-handed-bat,left-arm-orthodox,12,3120,34.29,142.54,19,309,125,6,2091,24.89,128.21,15,214,78,0,13.5,0.0,0.0,1,9.35,67.0,43.0,Royal Challengers Bengaluru,2020,44000000,1.326116584,58349129.71
760,938,H Klaasen,south africa,32.0,,wk-batsman,right-handed-bat,right-arm-offbreak,10,1000,23.26,141.85,5,72,52,6,993,38.19,168.31,6,56,64,0,14.0,0.0,0.0,0,0.0,0.0,0.0,Sunrisers Hyderabad,2023,52500000,1.10879675,58211829.38
281,401,A Mishra,india,36.0,,bowler,right-handed-bat,right-arm-legbreak,0,0,0.0,0.0,0,0,0,25,381,11.91,90.94,0,31,5,16,6.32,15.0,14.25,174,7.38,23.82,19.37,Delhi Capitals,2018,40000000,1.444252553,57770102.12
515,383,SR Watson,australia,37.0,6.00423,batting-allrounder,right-handed-bat,right-arm-fast-medium,6,1462,29.24,145.33,10,115,83,16,3874,30.99,137.92,21,376,190,48,7.66,24.73,19.38,92,7.93,29.15,22.05,Chennai Super Kings,2018,40000000,1.444252553,57770102.12
654,424,Mujeeb Ur Rahman,afghanistan,17.0,,bowler,right-handed-bat,right-arm-offbreak,8,54,9.0,122.73,0,6,3,4,12,4.0,80.0,0,2,0,63,6.34,18.11,17.14,19,8.18,31.16,22.84,Punjab Kings,2018,40000000,1.444252553,57770102.12
690,477,AM Rahane,india,30.0,,batsman,right-handed-bat,right-arm-medium,2,375,20.83,113.3,1,32,6,17,4642,30.14,123.43,30,478,103,0,0.0,0.0,0.0,1,5.0,5.0,6.0,Rajasthan Royals,2018,40000000,1.444252553,57770102.12
691,478,DJM Short,australia,28.0,,batsman,left-handed-bat,left-arm-wrist-spin,2,642,30.57,118.89,4,71,15,0,115,16.43,116.17,0,11,5,3,7.95,50.33,38.0,1,6.33,19.0,18.0,Rajasthan Royals,2018,40000000,1.444252553,57770102.12
283,184,A Mishra,india,33.0,,bowler,right-handed-bat,right-arm-legbreak,0,0,0.0,0.0,0,0,0,25,381,11.91,90.94,0,31,5,16,6.32,15.0,14.25,174,7.38,23.82,19.37,Delhi Capitals,2015,35000000,1.6363864,57273524.0
151,71,GJ Bailey,australia,32.0,5.84018,batsman,right-handed-bat,right-arm-medium,7,473,24.89,136.71,2,37,20,10,663,24.56,121.88,2,59,19,0,0.0,0.0,0.0,0,0.0,0.0,0.0,Punjab Kings,2014,32500000,1.745533373,56729834.61
186,88,YK Pathan,india,32.0,,batting-allrounder,right-handed-bat,right-arm-offbreak,5,236,18.15,146.59,0,11,17,44,3204,29.13,142.98,13,262,158,13,8.62,33.69,23.46,42,7.4,33.69,27.31,Kolkata Knight Riders,2014,32500000,1.745533373,56729834.61
222,104,PP Ojha,india,28.0,,bowler,left-handed-bat,left-arm-orthodox,1,10,0.0,166.67,0,0,1,11,16,1.33,35.56,0,0,0,10,6.29,13.2,12.6,89,7.37,26.2,21.34,Mumbai Indians,2014,32500000,1.745533373,56729834.61
9,9,MS Gony,india,29.0,,bowler,right-handed-bat,right-arm-fast-medium,0,0,0.0,0.0,0,0,0,7,99,9.9,139.44,0,6,8,0,0.0,0.0,0.0,37,8.7,34.78,24.0,Punjab Kings,2013,29000000,1.937018384,56173533.13
152,72,V Sehwag,india,36.0,,batsman,right-handed-bat,right-arm-offbreak,0,394,21.89,145.39,2,43,16,5,2728,27.56,155.45,16,334,106,0,20.0,0.0,0.0,6,10.37,39.17,22.67,Punjab Kings,2014,32000000,1.745533373,55857067.93
137,514,S Kaul,india,28.0,,bowler,right-handed-bat,right-arm-fast-medium,0,0,0.0,0.0,0,0,0,8,20,5.0,55.56,0,1,0,4,8.69,21.0,14.5,58,8.63,29.98,20.84,Sunrisers Hyderabad,2018,38000000,1.444252553,54881597.01
674,456,E Lewis,west indies,27.0,,batsman,left-handed-bat,,3,1643,28.82,151.99,12,125,124,2,654,27.25,137.11,4,62,36,0,0.0,0.0,0.0,0,0.0,0.0,0.0,Mumbai Indians,2018,38000000,1.444252553,54881597.01
102,291,KP Pietersen,england,36.0,6.4,batsman,right-handed-bat,right-arm-offbreak,5,1176,37.94,141.52,7,119,32,8,1001,35.75,134.73,4,91,40,1,10.6,53.0,30.0,7,7.41,30.71,24.86,Lucknow Super Giants,2016,35000000,1.55980021,54593007.34
427,248,P Kumar,india,30.0,,bowler,right-handed-bat,right-arm-fast-medium,0,7,2.33,43.75,0,0,0,21,340,8.95,108.29,0,22,17,8,7.42,24.13,19.5,90,7.73,36.12,28.04,Gujarat Titans,2016,35000000,1.55980021,54593007.34
22,623,KW Richardson,australia,29.0,,bowler,right-handed-bat,right-arm-fast-medium,3,17,4.25,100.0,0,0,0,1,36,12.0,92.31,0,2,1,45,8.4,23.53,16.8,19,8.45,24.84,17.63,Royal Challengers Bengaluru,2020,40000000,1.326116584,53044663.37
722,601,CV Varun,india,29.0,,bowler,right-handed-bat,right-arm-legbreak,1,1,0.5,16.67,0,0,0,8,25,6.25,54.35,0,2,0,33,7.02,14.58,12.45,83,7.56,24.12,19.13,Kolkata Knight Riders,2020,40000000,1.326116584,53044663.37
831,956,JA Richardson,australia,28.0,,bowler,right-handed-bat,right-arm-fast,5,45,15.0,88.24,0,3,1,0,17,5.67,65.39,0,2,0,19,8.42,29.26,20.84,3,10.47,52.33,30.0,Delhi Capitals,2024,50000000,1.0495,52475000.0
869,1010,Yash Dayal,india,27.0,,bowler,right-handed-bat,left-arm-fast-medium,0,0,0.0,0.0,0,0,0,0,0,0.0,0.0,0,0,0,0,0.0,0.0,0.0,28,9.57,32.86,20.61,Royal Challengers Bengaluru,2024,50000000,1.0495,52475000.0
1009,991,G Coetzee,south africa,24.0,,bowler,right-handed-bat,right-arm-fast,2,81,11.57,135.0,0,4,6,1,14,3.5,63.64,0,0,1,12,10.57,30.25,17.17,13,10.18,26.23,15.46,Mumbai Indians,2024,50000000,1.0495,52475000.0
155,73,R Dhawan,india,24.0,,bowling-allrounder,right-handed-bat,right-arm-fast-medium,1,1,0.0,50.0,0,0,0,13,210,19.09,112.3,0,18,7,1,10.5,42.0,24.0,25,8.08,35.64,26.48,Punjab Kings,2014,30000000,1.745533373,52366001.18
331,203,AJ Finch,australia,29.0,5.70894,batsman,right-handed-bat,left-arm-orthodox,12,3120,34.29,142.54,19,309,125,6,2091,24.89,128.21,15,214,78,0,13.5,0.0,0.0,1,9.35,67.0,43.0,Mumbai Indians,2015,32000000,1.6363864,52364364.8
41,666,MC Henriques,australia,34.0,6.13547,batting-allrounder,right-handed-bat,right-arm-fast-medium,4,355,20.88,124.57,2,17,15,18,1000,27.78,126.91,5,87,28,7,8.43,27.71,19.71,42,8.14,30.69,22.62,Punjab Kings,2021,42000000,1.243778451,52238694.93
17,348,NM Coulter-Nile,australia,30.0,,bowler,right-handed-bat,right-arm-fast,4,150,13.64,125.0,0,10,10,6,82,6.83,113.89,0,7,4,34,8.27,23.59,17.12,48,7.7,22.92,17.85,Kolkata Knight Riders,2017,35000000,1.492346163,52232115.71
621,689,DM Bravo,west indies,39.0,,batting-allrounder,right-handed-bat,right-arm-fast-medium,17,1255,22.02,115.14,4,73,55,44,1560,22.61,129.57,5,121,66,78,8.12,26.1,19.29,183,8.39,23.83,17.04,Chennai Super Kings,2022,44000000,1.183086132,52055789.82
937,883,RR Rossouw,south africa,34.0,,batsman,left-handed-bat,right-arm-offbreak,5,767,34.86,159.8,3,69,39,2,473,23.65,153.58,2,45,25,0,0.0,0.0,0.0,0,0.0,0.0,0.0,Delhi Capitals,2023,46000000,1.10879675,51004650.5
7,6,J Botha,south africa,31.0,,bowling-allrounder,right-handed-bat,right-arm-offbreak,9,201,18.27,121.82,0,15,9,8,409,20.45,113.93,1,39,5,37,6.38,22.24,20.92,25,6.92,32.0,27.76,Delhi Capitals,2013,26100000,1.937018384,50556179.81
19,13,NM Coulter-Nile,australia,26.0,,bowler,right-handed-bat,right-arm-fast,4,150,13.64,125.0,0,10,10,6,82,6.83,113.89,0,7,4,34,8.27,23.59,17.12,48,7.7,22.92,17.85,Mumbai Indians,2013,26100000,1.937018384,50556179.81
1007,990,N Thushara,sri lanka,30.0,,bowler,right-handed-bat,right-arm-fast-medium,5,9,4.5,52.95,0,1,0,0,0,0.0,0.0,0,0,0,26,7.65,16.73,13.12,8,9.88,32.13,19.5,Mumbai Indians,2024,48000000,1.0495,50376000.0
464,574,AD Nath,india,26.0,,batting-allrounder,right-handed-bat,right-arm-fast-medium,0,0,0.0,0.0,0,0,0,0,90,9.0,91.84,0,7,2,0,0.0,0.0,0.0,0,0.0,0.0,0.0,Royal Challengers Bengaluru,2019,36000000,1.389372345,50017404.43
486,282,NB Singh,india,21.0,,bowler,right-handed-bat,right-arm-fast-medium,0,0,0.0,0.0,0,0,0,0,0,0.0,0.0,0,0,0,0,0.0,0.0,0.0,1,3.75,15.0,24.0,Mumbai Indians,2016,32000000,1.55980021,49913606.71
326,858,B Kumar,india,32.0,,bowler,right-handed-bat,right-arm-fast-medium,13,67,8.38,71.28,0,0,0,33,306,8.74,93.87,0,30,3,90,6.96,23.1,19.9,181,7.56,27.23,21.6,Sunrisers Hyderabad,2022,42000000,1.183086132,49689617.56
826,866,M Jansen,south africa,22.0,,bowling-allrounder,right-handed-bat,left-arm-fast,3,166,18.44,149.55,1,13,11,6,66,9.43,100.0,0,5,2,16,8.14,31.63,23.31,20,9.53,35.75,22.5,Sunrisers Hyderabad,2022,42000000,1.183086132,49689617.56
842,719,C Sakariya,india,24.0,,bowler,left-handed-bat,left-arm-fast-medium,1,5,0.0,55.56,0,0,0,2,20,3.33,64.52,0,3,0,1,9.27,34.0,22.0,20,8.44,29.95,21.3,Delhi Capitals,2022,42000000,1.183086132,49689617.56
405,441,N Rana,india,25.0,,batsman,left-handed-bat,right-arm-offbreak,0,15,7.5,55.56,0,0,0,8,2636,28.34,135.05,18,234,132,0,0.0,0.0,0.0,10,8.4,25.2,18.0,Kolkata Knight Riders,2018,34000000,1.444252553,49104586.8
603,479,RA Tripathi,india,27.0,,batsman,right-handed-bat,right-arm-medium,0,97,19.4,144.78,0,11,5,10,2236,26.94,139.32,12,223,84,0,0.0,0.0,0.0,0,12.0,0.0,0.0,Rajasthan Royals,2018,34000000,1.444252553,49104586.8
106,194,M Vijay,india,31.0,,batsman,right-handed-bat,right-arm-offbreak,0,169,18.78,109.75,0,13,8,5,2619,25.93,121.88,13,247,91,0,4.5,0.0,0.0,0,8.17,0.0,0.0,Punjab Kings,2015,30000000,1.6363864,49091592.0
39,56,JD Unadkat,india,23.0,,bowler,right-handed-bat,left-arm-fast-medium,0,0,0.0,0.0,0,0,0,16,197,12.31,118.68,0,16,7,14,8.68,21.5,14.86,99,8.98,32.21,21.53,Delhi Capitals,2014,28000000,1.745533373,48874934.44
116,55,MK Tiwary,india,29.0,,batsman,right-handed-bat,right-arm-legbreak,0,15,15.0,88.24,0,0,0,26,1695,28.73,116.98,7,156,40,0,0.0,0.0,0.0,1,11.86,83.0,42.0,Delhi Capitals,2014,28000000,1.745533373,48874934.44
190,89,Shakib Al Hasan,bangladesh,27.0,,batting-allrounder,left-handed-bat,left-arm-orthodox,16,2551,23.19,121.25,13,258,53,12,793,19.83,124.49,2,73,21,149,6.81,20.91,18.42,63,7.44,29.19,23.56,Kolkata Knight Riders,2014,28000000,1.745533373,48874934.44
191,90,M Morkel,south africa,30.0,,bowler,left-handed-bat,right-arm-fast,5,22,7.33,122.23,0,3,1,12,126,11.45,140.0,0,11,5,47,7.51,25.34,20.26,77,7.69,27.13,21.16,Kolkata Knight Riders,2014,28000000,1.745533373,48874934.44
193,91,Ashwani Kumar,india,30.0,,bowler,right-handed-bat,right-arm-fast-medium,1,2,0.0,50.0,0,0,0,18,310,11.07,113.14,0,21,9,10,7.84,24.7,18.9,105,8.39,28.25,20.2,Kolkata Knight Riders,2014,28000000,1.745533373,48874934.44
941,889,J Little,ireland,24.0,,bowler,right-handed-bat,left-arm-fast-medium,19,131,10.92,85.63,0,11,3,0,0,0.0,0.0,0,0,0,78,7.51,24.49,19.56,11,8.92,30.82,20.73,Gujarat Titans,2023,44000000,1.10879675,48787057.0
337,355,KV Sharma,india,30.0,,bowler,left-handed-bat,right-arm-legbreak,0,0,0.0,0.0,0,0,0,14,351,13.5,119.39,0,20,17,1,7.0,28.0,24.0,76,8.38,27.46,19.67,Mumbai Indians,2017,32000000,1.492346163,47755077.22
56,30,DJG Sammy,west indies,30.0,,batting-allrounder,right-handed-bat,right-arm-medium,18,587,17.26,147.49,0,45,31,5,295,19.67,122.41,1,15,18,44,7.31,25.36,20.82,11,8.9,31.82,21.45,Sunrisers Hyderabad,2013,24650000,1.937018384,47747503.16
786,862,Kartik Tyagi,india,22.0,,bowler,right-handed-bat,right-arm-fast,0,0,0.0,0.0,0,0,0,3,13,3.25,81.25,0,1,0,0,0.0,0.0,0.0,15,10.14,47.53,28.13,Sunrisers Hyderabad,2022,40000000,1.183086132,47323445.29
92,403,V Shankar,india,27.0,,batting-allrounder,right-handed-bat,right-arm-medium,0,101,25.25,138.36,0,11,5,16,1115,25.34,129.81,6,80,45,5,9.1,38.2,25.2,9,8.67,38.22,26.44,Delhi Capitals,2018,32000000,1.444252553,46216081.7
134,402,S Nadeem,india,29.0,,bowler,right-handed-bat,left-arm-orthodox,0,0,0.0,0.0,0,0,0,8,39,2.79,44.83,0,2,0,0,0.0,0.0,0.0,48,7.56,37.17,29.48,Delhi Capitals,2018,32000000,1.444252553,46216081.7
209,457,SA Yadav,india,28.0,,batsman,right-handed-bat,right-arm-offbreak,11,2598,38.21,167.08,21,237,146,23,3594,32.09,145.33,24,385,130,2,5.0,2.5,3.0,0,8.0,0.0,0.0,Mumbai Indians,2018,32000000,1.444252553,46216081.7
665,442,KL Nagarkoti,india,19.0,,bowler,right-handed-bat,right-arm-fast,0,0,0.0,0.0,0,0,0,3,22,5.5,66.67,0,1,0,0,0.0,0.0,0.0,5,9.5,57.0,36.0,Kolkata Knight Riders,2018,32000000,1.444252553,46216081.7
702,496,Washington Sundar,india,19.0,,bowling-allrounder,left-handed-bat,right-arm-offbreak,8,193,13.79,121.39,1,16,9,13,378,14.0,116.31,0,32,9,48,6.94,23.5,20.31,37,7.54,35.81,28.49,Royal Challengers Bengaluru,2018,32000000,1.444252553,46216081.7
54,219,DJG Sammy,west indies,32.0,,batting-allrounder,right-handed-bat,right-arm-medium,18,587,17.26,147.49,0,45,31,5,295,19.67,122.41,1,15,18,44,7.31,25.36,20.82,11,8.9,31.82,21.45,Royal Challengers Bengaluru,2015,28000000,1.6363864,45818819.2
418,220,D Wiese,namibia,30.0,,batting-allrounder,right-handed-bat,right-arm-fast-medium,14,624,24.0,127.87,3,35,30,6,148,29.6,146.54,0,12,7,59,7.19,22.02,18.37,16,8.92,27.5,18.5,Royal Challengers Bengaluru,2015,28000000,1.6363864,45818819.2
198,92,UT Yadav,india,27.0,,bowler,right-handed-bat,right-arm-fast,1,22,22.0,104.77,0,2,0,31,208,9.9,103.49,0,16,9,12,9.33,23.33,15.0,144,8.49,29.98,21.18,Kolkata Knight Riders,2014,26000000,1.745533373,45383867.69
224,105,Z Khan,india,36.0,,bowler,right-handed-bat,left-arm-fast-medium,2,13,6.5,130.0,0,0,1,18,117,8.36,82.98,0,11,2,17,7.64,26.35,20.71,102,7.59,27.27,21.57,Mumbai Indians,2014,26000000,1.745533373,45383867.69
343,157,I Sharma,india,26.0,,bowler,right-handed-bat,right-arm-fast-medium,2,8,8.0,88.89,0,1,0,22,57,9.5,82.61,0,4,2,8,8.63,50.0,34.75,92,8.24,34.48,25.1,Sunrisers Hyderabad,2014,26000000,1.745533373,45383867.69
752,824,R Parag,india,21.0,,batting-allrounder,right-handed-bat,right-arm-legbreak,0,106,17.67,151.43,0,3,9,10,1173,24.44,135.14,6,84,60,4,6.73,20.75,18.5,4,10.53,76.75,43.75,Rajasthan Royals,2022,38000000,1.183086132,44957273.03
20,14,RT Ponting,australia,39.0,5.84018,batsman,right-handed-bat,right-arm-medium,2,401,28.64,132.79,2,41,11,0,91,10.11,71.1,0,5,2,0,0.0,0.0,0.0,0,0.0,0.0,0.0,Mumbai Indians,2013,23200000,1.937018384,44938826.5
28,21,JP Faulkner,australia,23.0,6.10266,bowling-allrounder,right-handed-bat,left-arm-fast-medium,7,159,14.45,115.22,0,7,5,20,527,21.08,135.83,0,36,23,36,7.97,19.0,14.31,59,8.69,30.14,20.8,Rajasthan Royals,2013,23200000,1.937018384,44938826.5
559,992,CR Woakes,england,35.0,,bowling-allrounder,right-handed-bat,right-arm-fast-medium,8,146,16.22,124.79,0,9,7,6,78,13.0,101.3,0,7,2,31,8.07,26.52,19.71,30,8.97,21.93,14.67,Punjab Kings,2024,42000000,1.0495,44079000.0
112,405,Mohammed Shami,india,28.0,,bowler,right-handed-bat,right-arm-fast,3,7,3.5,70.0,0,0,1,12,74,5.69,93.68,0,6,2,27,8.95,28.19,18.89,127,8.44,26.86,19.1,Delhi Capitals,2018,30000000,1.444252553,43327576.59
165,516,Sandeep Sharma,india,25.0,,bowler,right-handed-bat,right-arm-fast-medium,1,1,0.0,100.0,0,0,0,21,54,9.0,77.15,0,4,0,1,10.43,73.0,42.0,137,7.89,27.07,20.6,Sunrisers Hyderabad,2018,30000000,1.444252553,43327576.59
277,404,R Tewatia,india,25.0,,batting-allrounder,left-handed-bat,right-arm-legbreak,0,0,0.0,0.0,0,0,0,25,1013,25.33,134.71,1,84,47,0,0.0,0.0,0.0,32,7.91,34.72,26.34,Delhi Capitals,2018,30000000,1.444252553,43327576.59
452,515,KK Ahmed,india,21.0,,bowler,right-handed-bat,left-arm-fast-medium,2,1,0.0,50.0,0,0,0,0,1,0.2,14.29,0,0,0,16,8.52,35.13,24.75,74,8.84,25.42,17.24,Sunrisers Hyderabad,2018,30000000,1.444252553,43327576.59
477,425,Arshdeep Singh,india,,,bowler,right-handed-bat,right-arm-offbreak,0,0,0.0,0.0,0,0,0,0,0,0.0,0.0,0,0,0,0,0.0,0.0,0.0,0,0.0,0.0,0.0,Punjab Kings,2018,30000000,1.444252553,43327576.59
539,497,NA Saini,india,26.0,,bowler,right-handed-bat,right-arm-fast,3,12,0.0,109.1,0,2,0,3,33,8.25,89.19,0,3,0,13,7.16,18.08,15.15,23,8.88,42.35,28.61,Royal Challengers Bengaluru,2018,30000000,1.444252553,43327576.59
658,426,DA Miller,south africa,29.0,,batsman,left-handed-bat,,36,2593,33.24,140.78,8,168,130,43,2924,36.1,139.24,13,207,134,0,0.0,0.0,0.0,0,0.0,0.0,0.0,Punjab Kings,2018,30000000,1.444252553,43327576.59
669,443,Shivam Mavi,india,20.0,,bowler,right-handed-bat,right-arm-fast-medium,0,28,14.0,155.56,0,2,2,3,51,5.67,91.08,0,4,2,7,8.79,17.57,12.0,30,8.71,31.4,21.63,Kolkata Knight Riders,2018,30000000,1.444252553,43327576.59
611,695,CJ Jordan,england,34.0,6.2,bowler,right-handed-bat,right-arm-fast-medium,25,439,13.72,129.12,0,31,21,3,81,8.1,105.2,0,3,3,108,8.74,26.35,18.08,30,9.61,35.67,22.27,Chennai Super Kings,2022,36000000,1.183086132,42591100.76
173,952,SN Thakur,india,33.0,,bowling-allrounder,right-handed-bat,right-arm-fast-medium,3,69,23.0,181.58,0,5,4,12,307,12.28,138.92,1,27,13,33,9.15,23.39,15.33,94,9.23,30.52,19.85,Chennai Super Kings,2024,40000000,1.0495,41980000.0
973,961,HC Brook,england,25.0,,batsman,right-handed-bat,right-arm-medium,9,798,28.5,146.16,4,65,34,2,190,21.11,123.38,0,23,4,0,0.0,0.0,0.0,0,0.0,0.0,0.0,Delhi Capitals,2024,40000000,1.0495,41980000.0
248,118,BJ Hodge,australia,40.0,5.84018,batting-allrounder,right-handed-bat,right-arm-offbreak,4,183,26.14,127.09,0,9,7,21,1400,33.33,125.23,6,122,43,1,8.6,43.0,30.0,17,7.77,17.82,13.76,Rajasthan Royals,2014,24000000,1.745533373,41892800.94
346,158,IK Pathan,india,30.0,,bowling-allrounder,left-handed-bat,left-arm-fast-medium,7,172,24.57,119.45,0,9,7,29,1139,21.49,120.41,1,87,37,28,8.03,22.07,16.5,80,7.78,33.11,25.54,Sunrisers Hyderabad,2014,24000000,1.745533373,41892800.94
298,341,VR Aaron,india,28.0,,bowler,right-handed-bat,right-arm-fast,0,0,0.0,0.0,0,0,0,8,50,10.0,69.45,0,2,2,0,0.0,0.0,0.0,44,8.94,33.66,22.59,Punjab Kings,2017,28000000,1.492346163,41785692.56
61,498,Q de Kock,south africa,26.0,,wk-batsman,left-handed-bat,,9,2584,31.51,138.33,16,264,103,6,3157,31.26,134.23,23,316,123,0,0.0,0.0,0.0,0,0.0,0.0,0.0,Royal Challengers Bengaluru,2018,28000000,1.444252553,40439071.48
642,406,G Gambhir,india,37.0,,batsman,left-handed-bat,right-arm-legbreak,2,932,27.41,119.03,7,109,10,16,4218,31.01,123.92,36,491,59,0,0.0,0.0,0.0,0,0.0,0.0,0.0,Delhi Capitals,2018,28000000,1.444252553,40439071.48
791,844,Anuj Rawat,india,23.0,,wk-batsman,left-handed-bat,,0,0,0.0,0.0,0,0,0,5,318,19.88,119.11,1,26,14,0,0.0,0.0,0.0,0,0.0,0.0,0.0,Royal Challengers Bengaluru,2022,34000000,1.183086132,40224928.5
188,649,Shakib Al Hasan,bangladesh,34.0,,batting-allrounder,left-handed-bat,left-arm-orthodox,16,2551,23.19,121.25,13,258,53,12,793,19.83,124.49,2,73,21,149,6.81,20.91,18.42,63,7.44,29.19,23.56,Kolkata Knight Riders,2021,32000000,1.243778451,39800910.43
422,658,AF Milne,new zealand,29.0,,bowler,right-handed-bat,right-arm-fast,11,83,8.3,96.52,0,1,6,2,23,5.75,79.32,0,0,1,61,8.43,25.0,17.79,7,9.48,46.71,29.57,Mumbai Indians,2021,32000000,1.243778451,39800910.43
33,612,JD Unadkat,india,29.0,,bowler,right-handed-bat,left-arm-fast-medium,0,0,0.0,0.0,0,0,0,16,197,12.31,118.68,0,16,7,14,8.68,21.5,14.86,99,8.98,32.21,21.53,Rajasthan Royals,2020,30000000,1.326116584,39783497.53
182,611,RV Uthappa,india,35.0,,wk-batsman,right-handed-bat,right-arm-medium,2,249,24.9,118.01,1,26,6,17,4952,27.51,130.36,27,481,182,0,0.0,0.0,0.0,0,0.0,0.0,0.0,Rajasthan Royals,2020,30000000,1.326116584,39783497.53
612,595,CJ Jordan,england,32.0,6.2,bowler,right-handed-bat,right-arm-fast-medium,25,439,13.72,129.12,0,31,21,3,81,8.1,105.2,0,3,3,108,8.74,26.35,18.08,30,9.61,35.67,22.27,Punjab Kings,2020,30000000,1.326116584,39783497.53
394,197,KC Cariappa,india,21.0,,bowler,right-handed-bat,right-arm-legbreak,0,0,0.0,0.0,0,0,0,2,24,8.0,114.29,0,0,2,0,0.0,0.0,0.0,8,9.67,43.5,27.0,Kolkata Knight Riders,2015,24000000,1.6363864,39273273.6
253,283,TG Southee,new zealand,28.0,,bowler,right-handed-bat,right-arm-fast-medium,23,303,11.22,139.0,0,20,18,7,120,9.23,112.15,0,8,4,164,8.0,22.38,16.79,47,8.67,37.06,25.66,Mumbai Indians,2016,25000000,1.55980021,38995005.24
118,57,JP Duminy,south africa,30.0,,batting-allrounder,left-handed-bat,right-arm-offbreak,25,1934,38.68,126.25,11,138,71,26,2029,39.78,124.03,14,126,79,21,7.76,28.52,22.05,23,7.38,36.26,29.48,Delhi Capitals,2014,22000000,1.745533373,38401734.2
159,74,WP Saha,india,30.0,,wk-batsman,right-handed-bat,,0,0,0.0,0.0,0,0,0,24,2934,24.25,127.57,13,296,87,0,0.0,0.0,0.0,0,0.0,0.0,0.0,Punjab Kings,2014,22000000,1.745533373,38401734.2
870,740,Yash Dayal,india,25.0,,bowler,right-handed-bat,left-arm-fast-medium,0,0,0.0,0.0,0,0,0,0,0,0.0,0.0,0,0,0,0,0.0,0.0,0.0,28,9.57,32.86,20.61,Gujarat Titans,2022,32000000,1.183086132,37858756.23
993,965,R Minz,india,22.0,,wk-batsman,left-handed-bat,right-arm-offbreak,0,0,0.0,0.0,0,0,0,0,0,0.0,0.0,0,0,0,0,0.0,0.0,0.0,0,0.0,0.0,0.0,Gujarat Titans,2024,36000000,1.0495,37782000.0
175,384,SN Thakur,india,27.0,,bowling-allrounder,right-handed-bat,right-arm-fast-medium,3,69,23.0,181.58,0,5,4,12,307,12.28,138.92,1,27,13,33,9.15,23.39,15.33,94,9.23,30.52,19.85,Chennai Super Kings,2018,26000000,1.444252553,37550566.38
428,226,P Kumar,india,29.0,,bowler,right-handed-bat,right-arm-fast-medium,0,7,2.33,43.75,0,0,0,21,340,8.95,108.29,0,22,17,8,7.42,24.13,19.5,90,7.73,36.12,28.04,Sunrisers Hyderabad,2015,22000000,1.6363864,36000500.8
68,251,DR Smith,west indies,33.0,,batting-allrounder,right-handed-bat,right-arm-medium,0,582,18.19,122.27,3,62,31,5,2385,28.39,135.21,17,245,117,7,8.96,30.29,20.29,26,9.02,31.15,20.73,Gujarat Titans,2016,23000000,1.55980021,35875404.82
455,249,DW Steyn,south africa,33.0,,bowler,right-handed-bat,right-arm-fast,6,21,3.5,80.77,0,2,0,15,167,7.59,104.38,0,14,3,64,6.95,18.36,15.86,97,6.92,25.86,22.43,Gujarat Titans,2016,23000000,1.55980021,35875404.82
511,250,KD Karthik,india,31.0,,wk-batsman,right-handed-bat,,22,686,26.38,142.62,1,71,28,50,4842,26.32,135.37,22,466,161,0,18.0,0.0,0.0,0,0.0,0.0,0.0,Gujarat Titans,2016,23000000,1.55980021,35875404.82
656,728,DA Miller,south africa,33.0,,batsman,left-handed-bat,,36,2593,33.24,140.78,8,168,130,43,2924,36.1,139.24,13,207,134,0,0.0,0.0,0.0,0,0.0,0.0,0.0,Gujarat Titans,2022,30000000,1.183086132,35492583.97
768,735,R Sai Kishore,india,26.0,,bowling-allrounder,left-handed-bat,left-arm-orthodox,0,0,0.0,0.0,0,0,0,1,13,13.0,216.67,0,0,2,4,5.25,15.75,18.0,13,8.32,19.85,14.31,Gujarat Titans,2022,30000000,1.183086132,35492583.97
884,782,D Brevis,south africa,19.0,,batsman,right-handed-bat,right-arm-legbreak,0,5,2.5,71.43,0,0,0,0,230,23.0,133.73,0,17,16,0,0.0,0.0,0.0,1,0.0,8.0,3.0,Mumbai Indians,2022,30000000,1.183086132,35492583.97
967,933,WG Jacks,england,25.0,,batting-allrounder,right-handed-bat,right-arm-offbreak,0,383,18.24,136.79,0,40,15,1,230,32.86,175.58,1,16,18,1,13.67,41.0,18.0,2,11.11,50.0,27.0,Royal Challengers Bengaluru,2023,32000000,1.10879675,35481496.0
72,37,A Nehra,india,35.0,,bowler,right-handed-bat,left-arm-fast-medium,0,28,5.6,71.8,0,1,2,15,41,5.86,66.13,0,3,1,34,7.73,22.29,17.29,106,7.85,23.54,18.0,Chennai Super Kings,2014,20000000,1.745533373,34910667.45
79,38,MM Sharma,india,26.0,,bowler,right-handed-bat,right-arm-fast-medium,2,3,0.0,42.86,0,0,0,14,124,7.29,93.24,0,8,4,6,8.04,30.83,23.0,132,8.67,24.67,17.07,Chennai Super Kings,2014,20000000,1.745533373,34910667.45
119,58,LRPL Taylor,new zealand,30.0,,batsman,right-handed-bat,right-arm-offbreak,19,1909,25.45,122.38,7,122,71,14,1017,25.43,123.73,3,66,46,0,0.0,0.0,0.0,0,12.0,0.0,0.0,Delhi Capitals,2014,20000000,1.745533373,34910667.45
299,137,VR Aaron,india,25.0,,bowler,right-handed-bat,right-arm-fast,0,0,0.0,0.0,0,0,0,8,50,10.0,69.45,0,2,2,0,0.0,0.0,0.0,44,8.94,33.66,22.59,Royal Challengers Bengaluru,2014,20000000,1.745533373,34910667.45
77,427,MM Sharma,india,30.0,,bowler,right-handed-bat,right-arm-fast-medium,2,3,0.0,42.86,0,0,0,14,124,7.29,93.24,0,8,4,6,8.04,30.83,23.0,132,8.67,24.67,17.07,Punjab Kings,2018,24000000,1.444252553,34662061.27
10,10,LA Pomersbach,australia,29.0,5.84018,batsman,left-handed-bat,right-arm-offbreak,0,15,15.0,214.29,0,1,1,5,302,27.45,122.77,1,25,13,0,0.0,0.0,0.0,0,0.0,0.0,0.0,Punjab Kings,2013,17400000,1.937018384,33704119.88
44,25,MC Henriques,australia,26.0,6.13547,batting-allrounder,right-handed-bat,right-arm-fast-medium,4,355,20.88,124.57,2,17,15,18,1000,27.78,126.91,5,87,28,7,8.43,27.71,19.71,42,8.14,30.69,22.62,Royal Challengers Bengaluru,2013,17400000,1.937018384,33704119.88
297,566,VR Aaron,india,30.0,,bowler,right-handed-bat,right-arm-fast,0,0,0.0,0.0,0,0,0,8,50,10.0,69.45,0,2,2,0,0.0,0.0,0.0,44,8.94,33.66,22.59,Rajasthan Royals,2019,24000000,1.389372345,33344936.29
121,59,RG Sharma,india,28.0,,bowler,right-handed-bat,right-arm-legbreak,0,0,0.0,0.0,0,0,0,6,66,4.71,88.0,0,5,3,3,7.64,18.67,14.67,40,7.02,27.15,23.2,Delhi Capitals,2014,19000000,1.745533373,33165134.08
161,75,CA Pujara,india,26.0,,batsman,right-handed-bat,right-arm-legbreak,0,0,0.0,0.0,0,0,0,3,390,20.53,99.75,1,50,4,0,0.0,0.0,0.0,0,0.0,0.0,0.0,Punjab Kings,2014,19000000,1.745533373,33165134.08
566,724,R Powell,west indies,29.0,,batsman,right-handed-bat,right-arm-fast-medium,11,1747,25.69,140.33,8,99,117,3,360,18.95,147.55,1,21,28,5,9.94,43.4,26.2,1,11.67,35.0,18.0,Delhi Capitals,2022,28000000,1.183086132,33126411.7
360,268,KJ Abbott,south africa,29.0,,bowler,right-handed-bat,right-arm-fast-medium,4,23,11.5,115.0,0,2,0,2,13,13.0,162.5,0,0,1,26,7.97,22.27,16.77,2,11.06,88.5,48.0,Punjab Kings,2016,21000000,1.55980021,32755804.4
103,227,KP Pietersen,england,35.0,6.4,batsman,right-handed-bat,right-arm-offbreak,5,1176,37.94,141.52,7,119,32,8,1001,35.75,134.73,4,91,40,1,10.6,53.0,30.0,7,7.41,30.71,24.86,Sunrisers Hyderabad,2015,20000000,1.6363864,32727728.0
770,588,AT Carey,australia,29.0,,wk-batsman,left-handed-bat,,5,233,11.1,108.38,0,19,7,1,32,16.0,110.35,0,0,1,0,0.0,0.0,0.0,0,0.0,0.0,0.0,Delhi Capitals,2020,24000000,1.326116584,31826798.02
784,613,YBK Jaiswal,india,19.0,,batsman,left-handed-bat,right-arm-legbreak,2,723,36.15,164.32,5,82,38,2,1607,32.14,150.61,9,198,64,0,11.0,0.0,0.0,0,0.0,0.0,0.0,Rajasthan Royals,2020,24000000,1.326116584,31826798.02
16,499,NM Coulter-Nile,australia,31.0,,bowler,right-handed-bat,right-arm-fast,4,150,13.64,125.0,0,10,10,6,82,6.83,113.89,0,7,4,34,8.27,23.59,17.12,48,7.7,22.92,17.85,Royal Challengers Bengaluru,2018,22000000,1.444252553,31773556.17
259,458,BCJ Cutting,australia,31.0,6.29952,bowling-allrounder,right-handed-bat,right-arm-fast-medium,1,40,10.0,148.15,0,2,3,6,238,21.64,168.8,0,15,19,3,10.24,71.67,42.0,10,9.16,42.9,28.1,Mumbai Indians,2018,22000000,1.444252553,31773556.17
501,501,M Ashwin,india,28.0,,bowler,right-handed-bat,right-arm-legbreak,0,0,0.0,0.0,0,0,0,4,35,3.89,70.0,0,2,1,0,0.0,0.0,0.0,35,8.01,33.2,24.86,Royal Challengers Bengaluru,2018,22000000,1.444252553,31773556.17
530,459,Mujeeb Ur Rahman,bangladesh,23.0,,bowler,left-handed-bat,left-arm-fast-medium,13,87,4.58,74.36,0,3,5,8,13,13.0,56.53,0,0,1,132,7.52,21.62,17.26,61,8.14,28.89,21.28,Mumbai Indians,2018,22000000,1.444252553,31773556.17
703,500,C de Grandhomme,new zealand,32.0,,batting-allrounder,right-handed-bat,right-arm-fast-medium,7,503,15.72,137.81,3,27,30,5,303,18.94,134.67,0,18,18,12,8.62,38.42,26.75,6,8.86,53.17,36.0,Royal Challengers Bengaluru,2018,22000000,1.444252553,31773556.17
162,76,BE Hendricks,south africa,24.0,,bowler,left-handed-bat,left-arm-fast-medium,2,18,6.0,78.27,0,0,1,2,1,1.0,33.34,0,0,0,25,9.2,25.08,16.36,9,9.4,26.11,16.67,Punjab Kings,2014,18000000,1.745533373,31419600.71
163,77,L Balaji,india,33.0,,bowler,right-handed-bat,right-arm-fast-medium,0,0,0.0,0.0,0,0,0,7,36,4.5,73.47,0,2,1,10,7.56,12.1,9.6,76,8.05,26.7,19.91,Punjab Kings,2014,18000000,1.745533373,31419600.71
23,307,KW Richardson,australia,25.0,,bowler,right-handed-bat,right-arm-fast-medium,3,17,4.25,100.0,0,0,0,1,36,12.0,92.31,0,2,1,45,8.4,23.53,16.8,19,8.45,24.84,17.63,Royal Challengers Bengaluru,2016,20000000,1.55980021,31196004.19
256,252,DS Kulkarni,india,28.0,,bowler,right-handed-bat,right-arm-fast-medium,1,1,0.0,100.0,0,0,0,14,104,11.56,96.3,0,7,2,3,6.88,18.33,16.0,86,8.31,28.77,20.78,Gujarat Titans,2016,20000000,1.55980021,31196004.19
490,284,KH Pandya,india,25.0,,batting-allrounder,left-handed-bat,left-arm-orthodox,5,124,24.8,130.53,0,8,6,36,1647,21.96,132.83,1,144,61,15,8.11,36.93,27.33,76,7.37,34.29,27.92,Mumbai Indians,2016,20000000,1.55980021,31196004.19
518,306,STR Binny,india,32.0,,batting-allrounder,right-handed-bat,right-arm-medium,0,35,17.5,120.69,0,2,1,22,880,19.13,128.85,0,66,35,1,10.8,54.0,30.0,22,7.66,34.45,27.0,Royal Challengers Bengaluru,2016,20000000,1.55980021,31196004.19
538,828,NA Saini,india,30.0,,bowler,right-handed-bat,right-arm-fast,3,12,0.0,109.1,0,2,0,3,33,8.25,89.19,0,3,0,13,7.16,18.08,15.15,23,8.88,42.35,28.61,Rajasthan Royals,2022,26000000,1.183086132,30760239.44
868,733,A Manohar,india,28.0,,batsman,right-handed-bat,right-arm-legbreak,0,0,0.0,0.0,0,0,0,1,231,16.5,132.76,0,21,10,0,0.0,0.0,0.0,0,0.0,0.0,0.0,Gujarat Titans,2022,26000000,1.183086132,30760239.44
886,789,DR Sams,australia,30.0,,bowling-allrounder,right-handed-bat,left-arm-fast-medium,3,106,26.5,170.97,0,8,6,4,44,4.89,100.0,0,1,3,7,10.17,43.57,25.71,14,8.72,37.36,25.71,Mumbai Indians,2022,26000000,1.183086132,30760239.44
925,865,AK Markram,south africa,28.0,,batsman,right-handed-bat,right-arm-offbreak,8,1367,30.38,143.9,9,123,56,9,995,30.15,129.73,5,73,35,13,8.54,37.46,26.31,2,8.53,86.0,60.5,Sunrisers Hyderabad,2022,26000000,1.183086132,30760239.44
766,581,JM Bairstow,england,30.0,,wk-batsman,right-handed-bat,right-arm-medium,16,1671,29.84,137.54,10,148,76,4,1589,34.54,144.46,9,166,69,0,0.0,0.0,0.0,0,0.0,0.0,0.0,Sunrisers Hyderabad,2019,22000000,1.389372345,30566191.6
149,357,MG Johnson,australia,36.0,6.20109,bowler,left-handed-bat,left-arm-fast,7,109,10.9,114.74,0,8,3,17,167,12.85,101.83,0,10,7,38,7.29,20.97,17.26,61,8.29,27.9,20.2,Mumbai Indians,2017,20000000,1.492346163,29846923.26
372,325,AD Mathews,sri lanka,30.0,,batting-allrounder,right-handed-bat,right-arm-fast-medium,22,1416,27.76,120.52,6,92,50,11,724,23.35,125.92,1,44,29,45,7.13,30.87,25.98,27,8.18,39.96,29.3,Delhi Capitals,2017,20000000,1.492346163,29846923.26
430,342,EJG Morgan,england,31.0,5.9,batsman,left-handed-bat,right-arm-medium,20,2458,28.58,136.18,14,186,120,13,1405,22.66,122.61,5,112,64,0,0.0,0.0,0.0,0,0.0,0.0,0.0,Punjab Kings,2017,20000000,1.492346163,29846923.26
577,356,K Gowtham,india,29.0,,bowling-allrounder,right-handed-bat,right-arm-offbreak,0,0,0.0,0.0,0,0,0,9,247,13.72,166.9,0,15,17,0,0.0,0.0,0.0,21,8.24,38.48,28.0,Mumbai Indians,2017,20000000,1.492346163,29846923.26
608,371,A Choudhary,india,27.0,,bowler,right-handed-bat,left-arm-fast-medium,0,0,0.0,0.0,0,0,0,2,25,25.0,125.0,0,1,1,0,0.0,0.0,0.0,5,8.55,28.8,20.2,Royal Challengers Bengaluru,2017,20000000,1.492346163,29846923.26
250,119,R Bhatia,india,35.0,,bowling-allrounder,right-handed-bat,right-arm-medium,0,0,0.0,0.0,0,0,0,19,342,11.4,120.43,0,24,13,0,0.0,0.0,0.0,71,7.41,28.45,23.04,Rajasthan Royals,2014,17000000,1.745533373,29674067.34
441,239,RR Pant,india,19.0,,wk-batsman,left-handed-bat,,14,1209,23.25,127.4,3,111,44,17,3284,35.31,148.94,18,296,154,0,0.0,0.0,0.0,0,0.0,0.0,0.0,Delhi Capitals,2016,19000000,1.55980021,29636203.98
105,385,M Vijay,india,34.0,,batsman,right-handed-bat,right-arm-offbreak,0,169,18.78,109.75,0,13,8,5,2619,25.93,121.88,13,247,91,0,4.5,0.0,0.0,0,8.17,0.0,0.0,Chennai Super Kings,2018,20000000,1.444252553,28885051.06
148,444,MG Johnson,australia,37.0,6.20109,bowler,left-handed-bat,left-arm-fast,7,109,10.9,114.74,0,8,3,17,167,12.85,101.83,0,10,7,38,7.29,20.97,17.26,61,8.29,27.9,20.2,Kolkata Knight Riders,2018,20000000,1.444252553,28885051.06
189,518,Shakib Al Hasan,bangladesh,31.0,,batting-allrounder,left-handed-bat,left-arm-orthodox,16,2551,23.19,121.25,13,258,53,12,793,19.83,124.49,2,73,21,149,6.81,20.91,18.42,63,7.44,29.19,23.56,Sunrisers Hyderabad,2018,20000000,1.444252553,28885051.06
291,428,Yuvraj Singh,india,37.0,,batting-allrounder,left-handed-bat,left-arm-orthodox,9,1177,28.02,136.39,8,77,74,15,2750,24.77,129.72,13,217,149,28,7.06,17.82,15.14,36,7.44,29.92,24.14,Punjab Kings,2018,20000000,1.444252553,28885051.06
438,517,CR Brathwaite,west indies,30.0,,bowling-allrounder,right-handed-bat,right-arm-fast-medium,6,310,14.76,113.14,0,13,22,1,181,13.92,163.07,0,10,16,31,8.57,32.68,22.87,13,8.95,29.15,19.54,Sunrisers Hyderabad,2018,20000000,1.444252553,28885051.06
624,386,Harmeet Singh,india,38.0,,bowler,right-handed-bat,right-arm-offbreak,5,108,13.5,124.14,0,11,4,35,833,15.15,137.92,1,79,42,25,6.21,25.32,24.48,150,7.08,26.87,22.77,Chennai Super Kings,2018,20000000,1.444252553,28885051.06
659,429,CH Gayle,west indies,39.0,,batsman,left-handed-bat,right-arm-offbreak,7,1899,27.93,137.51,14,158,124,16,4965,39.72,148.97,31,405,357,20,6.93,22.0,19.05,18,7.9,40.5,30.78,Punjab Kings,2018,20000000,1.444252553,28885051.06
977,943,Vivrant Sharma,india,24.0,,batting-allrounder,left-handed-bat,right-arm-legbreak,0,0,0.0,0.0,0,0,0,0,69,69.0,146.81,1,9,2,0,0.0,0.0,0.0,0,12.33,0.0,0.0,Sunrisers Hyderabad,2023,26000000,1.10879675,28828715.5
419,870,SA Abbott,australia,30.0,,bowler,right-handed-bat,right-arm-fast-medium,2,25,5.0,92.6,0,1,1,0,22,7.33,122.23,0,1,2,26,8.91,20.96,14.12,1,11.56,104.0,54.0,Sunrisers Hyderabad,2022,24000000,1.183086132,28394067.18
799,843,Shahbaz Ahmed,india,28.0,,bowling-allrounder,left-handed-bat,left-arm-orthodox,0,0,0.0,0.0,0,0,0,9,536,19.14,121.82,1,28,25,2,7.69,20.5,16.0,21,9.35,39.86,25.57,Royal Challengers Bengaluru,2022,24000000,1.183086132,28394067.18
866,731,MS Wade,australia,35.0,5.5777,wk-batsman,left-handed-bat,,22,1202,26.13,134.16,3,95,46,0,183,13.07,103.39,0,23,2,0,0.0,0.0,0.0,0,0.0,0.0,0.0,Gujarat Titans,2022,24000000,1.183086132,28394067.18
873,743,AS Joseph,west indies,26.0,,bowler,right-handed-bat,right-arm-fast,9,121,17.29,104.32,0,9,5,6,27,27.0,84.38,0,3,0,54,8.68,22.5,15.56,21,9.55,32.9,20.67,Gujarat Titans,2022,24000000,1.183086132,28394067.18
51,78,NLTC Perera,sri lanka,25.0,6.1,bowling-allrounder,left-handed-bat,right-arm-fast-medium,22,1204,23.15,151.64,3,88,64,8,422,19.18,137.46,0,23,26,51,9.35,33.67,21.61,31,8.73,32.77,22.52,Punjab Kings,2014,16000000,1.745533373,27928533.96
124,60,MA Agarwal,india,23.0,,batsman,right-handed-bat,right-arm-offbreak,0,0,0.0,0.0,0,0,0,4,2665,22.78,133.25,13,264,98,0,0.0,0.0,0.0,0,0.0,0.0,0.0,Delhi Capitals,2014,16000000,1.745533373,27928533.96
374,185,GS Sandhu,australia,22.0,,bowler,left-handed-bat,right-arm-fast-medium,0,0,0.0,0.0,0,0,0,0,0,0.0,0.0,0,0,0,0,0.0,0.0,0.0,1,10.25,82.0,48.0,Delhi Capitals,2015,17000000,1.6363864,27818568.8
433,533,GH Vihari,india,26.0,,batting-allrounder,right-handed-bat,right-arm-offbreak,0,0,0.0,0.0,0,0,0,3,284,14.2,88.48,0,23,1,0,0.0,0.0,0.0,1,6.71,47.0,42.0,Delhi Capitals,2019,20000000,1.389372345,27787446.91
720,534,SE Rutherford,west indies,21.0,,batting-allrounder,left-handed-bat,right-arm-fast-medium,6,428,25.18,143.15,2,26,29,2,106,15.14,101.93,0,3,8,1,10.29,72.0,42.0,1,8.63,59.0,41.0,Delhi Capitals,2019,20000000,1.389372345,27787446.91
738,560,SL Malinga,sri lanka,36.0,,bowler,right-handed-bat,right-arm-fast,12,136,6.48,84.48,0,9,5,9,88,5.5,88.89,0,6,5,107,7.42,20.79,16.81,170,7.14,19.79,16.63,Mumbai Indians,2019,20000000,1.389372345,27787446.91
185,519,YK Pathan,india,36.0,,batting-allrounder,right-handed-bat,right-arm-offbreak,5,236,18.15,146.59,0,11,17,44,3204,29.13,142.98,13,262,158,13,8.62,33.69,23.46,42,7.4,33.69,27.31,Sunrisers Hyderabad,2018,19000000,1.444252553,27440798.51
596,460,RD Chahar,india,19.0,,bowler,right-handed-bat,right-arm-legbreak,0,5,5.0,100.0,0,1,0,8,129,8.06,104.04,0,13,5,7,7.59,23.86,18.86,75,7.72,28.55,22.19,Mumbai Indians,2018,19000000,1.444252553,27440798.51
643,407,C Munro,new zealand,31.0,,batsman,left-handed-bat,right-arm-medium,7,1724,31.35,156.45,11,132,107,0,177,14.75,125.54,0,19,8,4,9.46,46.5,29.5,0,7.5,0.0,0.0,Delhi Capitals,2018,19000000,1.444252553,27440798.51
246,643,SPD Smith,australia,32.0,,batsman,right-handed-bat,right-arm-legbreak,11,1094,24.86,125.46,5,96,26,21,2485,34.51,128.1,11,225,60,17,7.79,22.24,17.12,0,0.0,0.0,0.0,Delhi Capitals,2021,22000000,1.243778451,27363125.92
199,608,CA Lynn,australia,30.0,,batsman,right-handed-bat,left-arm-orthodox,1,291,19.4,131.68,0,28,14,3,1329,34.08,140.64,10,132,66,0,0.0,0.0,0.0,0,0.0,0.0,0.0,Mumbai Indians,2020,20000000,1.326116584,26522331.69
232,584,JR Hazlewood,australia,29.0,6.43076,bowler,left-handed-bat,right-arm-fast-medium,7,29,9.67,107.41,0,2,1,6,19,0.0,67.86,0,1,0,67,7.49,22.1,17.7,35,8.06,23.14,17.23,Chennai Super Kings,2020,20000000,1.326116584,26522331.69
454,624,DW Steyn,south africa,37.0,,bowler,right-handed-bat,right-arm-fast,6,21,3.5,80.77,0,2,0,15,167,7.59,104.38,0,14,3,64,6.95,18.36,15.86,97,6.92,25.86,22.43,Royal Challengers Bengaluru,2020,20000000,1.326116584,26522331.69
496,629,MR Marsh,australia,29.0,,batting-allrounder,right-handed-bat,right-arm-fast-medium,11,1629,31.94,135.42,9,139,76,2,665,19.56,127.64,3,48,38,17,7.74,22.76,17.65,37,8.52,21.49,15.14,Sunrisers Hyderabad,2020,20000000,1.326116584,26522331.69
81,39,IC Pandey,india,25.0,,bowler,right-handed-bat,right-arm-fast-medium,0,0,0.0,0.0,0,0,0,0,0,0.0,0.0,0,0,0,0,0.0,0.0,0.0,18,7.68,32.83,25.67,Chennai Super Kings,2014,15000000,1.745533373,26183000.59
126,61,LR Shukla,india,33.0,,batting-allrounder,right-handed-bat,right-arm-medium,0,0,0.0,0.0,0,0,0,7,405,15.0,115.72,0,33,15,0,0.0,0.0,0.0,15,8.54,29.8,20.93,Delhi Capitals,2014,15000000,1.745533373,26183000.59
301,138,AB Dinda,india,30.0,,bowler,right-handed-bat,right-arm-fast-medium,1,22,22.0,91.67,0,1,0,7,26,2.6,54.17,0,2,0,17,8.17,14.41,10.59,69,8.2,30.04,21.97,Royal Challengers Bengaluru,2014,15000000,1.745533373,26183000.59
670,445,Shubman Gill,india,19.0,,batsman,right-handed-bat,right-arm-offbreak,2,578,30.42,139.28,3,60,22,15,3216,37.84,135.7,20,310,95,0,0.0,0.0,0.0,0,0.0,0.0,0.0,Kolkata Knight Riders,2018,18000000,1.444252553,25996545.95
803,630,PK Garg,india,20.0,,batsman,right-handed-bat,right-arm-medium,0,0,0.0,0.0,0,0,0,1,273,15.17,113.28,1,16,9,0,0.0,0.0,0.0,0,0.0,0.0,0.0,Sunrisers Hyderabad,2020,19000000,1.326116584,25196215.1
804,631,Virat Singh,india,23.0,,batsman,left-handed-bat,right-arm-offbreak,0,0,0.0,0.0,0,0,0,0,15,7.5,57.7,0,1,0,0,0.0,0.0,0.0,0,0.0,0.0,0.0,Sunrisers Hyderabad,2020,19000000,1.326116584,25196215.1
781,980,M Siddharth,india,26.0,,bowler,right-handed-bat,left-arm-orthodox,0,0,0.0,0.0,0,0,0,0,0,0.0,0.0,0,0,0,0,0.0,0.0,0.0,1,7.89,71.0,54.0,Lucknow Super Giants,2024,24000000,1.0495,25188000.0
37,275,JD Unadkat,india,25.0,,bowler,right-handed-bat,left-arm-fast-medium,0,0,0.0,0.0,0,0,0,16,197,12.31,118.68,0,16,7,14,8.68,21.5,14.86,99,8.98,32.21,21.53,Kolkata Knight Riders,2016,16000000,1.55980021,24956803.35
443,644,SW Billings,england,30.0,,wk-batsman,right-handed-bat,,5,478,17.07,129.9,2,41,16,1,503,19.35,129.64,3,40,20,0,0.0,0.0,0.0,0,0.0,0.0,0.0,Delhi Capitals,2021,20000000,1.243778451,24875569.02
623,650,Harmeet Singh,india,41.0,,bowler,right-handed-bat,right-arm-offbreak,5,108,13.5,124.14,0,11,4,35,833,15.15,137.92,1,79,42,25,6.21,25.32,24.48,150,7.08,26.87,22.77,Kolkata Knight Riders,2021,20000000,1.243778451,24875569.02
302,502,PA Patel,india,33.0,,wk-batsman,left-handed-bat,,0,36,18.0,112.5,0,4,1,11,2848,22.6,120.79,13,365,49,0,0.0,0.0,0.0,0,0.0,0.0,0.0,Royal Challengers Bengaluru,2018,17000000,1.444252553,24552293.4
706,503,MM Ali,england,31.0,,batting-allrounder,left-handed-bat,right-arm-offbreak,17,1229,21.19,142.42,7,88,68,6,1162,22.78,141.54,6,95,67,51,8.31,27.14,19.59,35,7.07,25.51,21.66,Royal Challengers Bengaluru,2018,17000000,1.444252553,24552293.4
217,173,MEK Hussey,australia,40.0,5.9058,batsman,left-handed-bat,right-arm-medium,11,721,37.95,136.3,4,58,25,7,1977,38.76,122.65,15,198,52,0,5.0,0.0,0.0,0,0.0,0.0,0.0,Chennai Super Kings,2015,15000000,1.6363864,24545796.0
345,174,IK Pathan,india,31.0,,bowling-allrounder,left-handed-bat,left-arm-fast-medium,7,172,24.57,119.45,0,9,7,29,1139,21.49,120.41,1,87,37,28,8.03,22.07,16.5,80,7.78,33.11,25.54,Chennai Super Kings,2015,15000000,1.6363864,24545796.0
431,228,EJG Morgan,england,29.0,5.9,batsman,left-handed-bat,right-arm-medium,20,2458,28.58,136.18,14,186,120,13,1405,22.66,122.61,5,112,64,0,0.0,0.0,0.0,0,0.0,0.0,0.0,Sunrisers Hyderabad,2015,15000000,1.6363864,24545796.0
303,139,PA Patel,india,29.0,,wk-batsman,left-handed-bat,,0,36,18.0,112.5,0,4,1,11,2848,22.6,120.79,13,365,49,0,0.0,0.0,0.0,0,0.0,0.0,0.0,Royal Challengers Bengaluru,2014,14000000,1.745533373,24437467.22
13,827,NM Coulter-Nile,australia,35.0,,bowler,right-handed-bat,right-arm-fast,4,150,13.64,125.0,0,10,10,6,82,6.83,113.89,0,7,4,34,8.27,23.59,17.12,48,7.7,22.92,17.85,Rajasthan Royals,2022,20000000,1.183086132,23661722.65
181,688,RV Uthappa,india,37.0,,wk-batsman,right-handed-bat,right-arm-medium,2,249,24.9,118.01,1,26,6,17,4952,27.51,130.36,27,481,182,0,0.0,0.0,0.0,0,0.0,0.0,0.0,Chennai Super Kings,2022,20000000,1.183086132,23661722.65
195,750,UT Yadav,india,35.0,,bowler,right-handed-bat,right-arm-fast,1,22,22.0,104.77,0,2,0,31,208,9.9,103.49,0,16,9,12,9.33,23.33,15.0,144,8.49,29.98,21.18,Kolkata Knight Riders,2022,20000000,1.183086132,23661722.65
386,715,KS Bharat,india,29.0,,wk-batsman,right-handed-bat,,0,0,0.0,0.0,0,0,0,2,199,28.43,122.09,1,12,8,0,0.0,0.0,0.0,0,0.0,0.0,0.0,Delhi Capitals,2022,20000000,1.183086132,23661722.65
442,749,SW Billings,england,31.0,,wk-batsman,right-handed-bat,,5,478,17.07,129.9,2,41,16,1,503,19.35,129.64,3,40,20,0,0.0,0.0,0.0,0,0.0,0.0,0.0,Kolkata Knight Riders,2022,20000000,1.183086132,23661722.65
528,709,Mujeeb Ur Rahman,bangladesh,27.0,,bowler,left-handed-bat,left-arm-fast-medium,13,87,4.58,74.36,0,3,5,8,13,13.0,56.53,0,0,1,132,7.52,21.62,17.26,61,8.14,28.89,21.28,Delhi Capitals,2022,20000000,1.183086132,23661722.65
545,729,JJ Roy,england,32.0,,batsman,right-handed-bat,,0,1522,23.78,137.62,8,153,69,2,614,32.32,138.61,4,75,21,0,0.0,0.0,0.0,0,0.0,0.0,0.0,Gujarat Titans,2022,20000000,1.183086132,23661722.65
673,774,E Lewis,west indies,31.0,,batsman,left-handed-bat,,3,1643,28.82,151.99,12,125,124,2,654,27.25,137.11,4,62,36,0,0.0,0.0,0.0,0,0.0,0.0,0.0,Lucknow Super Giants,2022,20000000,1.183086132,23661722.65
694,771,PVD Chameera,sri lanka,30.0,,bowler,right-handed-bat,right-arm-fast,13,101,6.73,89.39,0,9,1,4,43,10.75,153.58,0,3,3,55,8.09,28.87,21.42,9,9.19,48.0,31.33,Lucknow Super Giants,2022,20000000,1.183086132,23661722.65
823,814,VG Arora,india,25.0,,bowler,right-handed-bat,right-arm-fast-medium,0,0,0.0,0.0,0,0,0,6,9,4.5,56.25,0,0,0,0,0.0,0.0,0.0,19,9.18,30.84,20.16,Punjab Kings,2022,20000000,1.183086132,23661722.65
845,711,Kuldeep Yadav,india,28.0,,bowler,left-handed-bat,left-arm-wrist-spin,3,46,11.5,77.97,0,2,0,21,183,15.25,84.73,0,16,3,69,6.77,14.07,12.46,87,8.21,27.45,20.07,Delhi Capitals,2022,20000000,1.183086132,23661722.65
898,809,RA Bawa,india,20.0,,batting-allrounder,left-handed-bat,right-arm-fast-medium,0,0,0.0,0.0,0,0,0,0,11,5.5,78.58,0,1,0,0,0.0,0.0,0.0,0,0.0,0.0,0.0,Punjab Kings,2022,20000000,1.183086132,23661722.65
923,855,DJ Willey,england,32.0,,bowling-allrounder,left-handed-bat,left-arm-fast-medium,11,226,15.07,130.64,0,15,13,3,53,26.5,85.49,0,7,0,51,8.18,23.14,16.96,6,7.56,45.33,36.0,Royal Challengers Bengaluru,2022,20000000,1.183086132,23661722.65
478,276,Arshdeep Singh,india,,,bowler,right-handed-bat,right-arm-offbreak,0,0,0.0,0.0,0,0,0,0,0,0.0,0.0,0,0,0,0,0.0,0.0,0.0,0,0.0,0.0,0.0,Kolkata Knight Riders,2016,15000000,1.55980021,23397003.14
66,387,F du Plessis,south africa,34.0,,batsman,right-handed-bat,right-arm-legbreak,7,1528,35.53,134.39,10,140,50,11,4571,35.99,136.37,37,421,166,0,2.25,0.0,0.0,0,16.0,0.0,0.0,Chennai Super Kings,2018,16000000,1.444252553,23108040.85
994,966,A Mishra,india,24.0,,bowler,left-handed-bat,left-arm-fast-medium,0,0,0.0,0.0,0,0,0,0,0,0.0,0.0,0,0,0,0,0.0,0.0,0.0,0,0.0,0.0,0.0,Gujarat Titans,2024,22000000,1.0495,23089000.0
1046,213,CH Morris,south africa,28.0,,bowling-allrounder,right-handed-bat,right-arm-fast-medium,4,133,14.78,130.4,1,12,5,23,618,22.07,155.28,2,41,35,34,8.4,20.5,14.65,95,8.01,24.16,18.11,Rajasthan Royals,2015,14000000,1.6363864,22909409.6
201,93,CA Lynn,australia,24.0,,batsman,right-handed-bat,left-arm-orthodox,1,291,19.4,131.68,0,28,14,3,1329,34.08,140.64,10,132,66,0,0.0,0.0,0.0,0,0.0,0.0,0.0,Kolkata Knight Riders,2014,13000000,1.745533373,22691933.85
156,730,WP Saha,india,38.0,,wk-batsman,right-handed-bat,,0,0,0.0,0.0,0,0,0,24,2934,24.25,127.57,13,296,87,0,0.0,0.0,0.0,0,0.0,0.0,0.0,Gujarat Titans,2022,19000000,1.183086132,22478636.51
421,702,AF Milne,new zealand,30.0,,bowler,right-handed-bat,right-arm-fast,11,83,8.3,96.52,0,1,6,2,23,5.75,79.32,0,0,1,61,8.43,25.0,17.79,7,9.48,46.71,29.57,Chennai Super Kings,2022,19000000,1.183086132,22478636.51
627,701,MJ Santner,new zealand,30.0,,bowling-allrounder,left-handed-bat,left-arm-orthodox,31,725,16.86,120.24,1,55,24,5,70,11.67,98.6,0,4,3,120,7.04,22.18,18.9,15,6.92,28.13,24.4,Chennai Super Kings,2022,19000000,1.183086132,22478636.51
592,553,LH Ferguson,new zealand,28.0,,bowler,right-handed-bat,right-arm-fast,7,29,3.63,80.56,0,0,2,7,68,22.67,147.83,0,6,2,64,7.1,16.98,14.36,46,8.96,31.0,20.76,Kolkata Knight Riders,2019,16000000,1.389372345,22229957.52
935,881,PD Salt,england,27.0,,wk-batsman,right-handed-bat,right-arm-offbreak,5,1193,34.09,164.33,5,116,61,2,653,34.37,175.54,6,74,34,0,0.0,0.0,0.0,0,0.0,0.0,0.0,Delhi Capitals,2023,20000000,1.10879675,22175935.0
976,941,AU Rashid,england,35.0,5.8,bowler,right-handed-bat,right-arm-legbreak,20,155,7.38,88.58,0,12,1,0,22,11.0,137.5,0,2,1,131,7.36,24.35,19.85,2,9.1,45.5,30.0,Sunrisers Hyderabad,2023,20000000,1.10879675,22175935.0
531,318,Mujeeb Ur Rahman,bangladesh,21.0,,bowler,left-handed-bat,left-arm-fast-medium,13,87,4.58,74.36,0,3,5,8,13,13.0,56.53,0,0,1,132,7.52,21.62,17.26,61,8.14,28.89,21.28,Sunrisers Hyderabad,2016,14000000,1.55980021,21837202.93
47,408,DT Christian,australia,35.0,,bowling-allrounder,right-handed-bat,right-arm-fast-medium,6,118,14.75,126.89,0,7,6,9,460,14.38,115.58,0,23,19,13,8.56,30.62,21.46,38,8.1,31.37,23.24,Delhi Capitals,2018,15000000,1.444252553,21663788.3
462,461,PJ Sangwan,india,28.0,,bowler,right-handed-bat,left-arm-fast-medium,0,0,0.0,0.0,0,0,0,7,26,3.25,59.1,0,1,0,0,0.0,0.0,0.0,38,8.69,32.63,22.53,Mumbai Indians,2018,15000000,1.444252553,21663788.3
547,409,JJ Roy,england,28.0,,batsman,right-handed-bat,,0,1522,23.78,137.62,8,153,69,2,614,32.32,138.61,4,75,21,0,0.0,0.0,0.0,0,0.0,0.0,0.0,Delhi Capitals,2018,15000000,1.444252553,21663788.3
676,462,JP Behrendorff,australia,28.0,,bowler,right-handed-bat,left-arm-fast-medium,1,7,7.0,77.78,0,0,0,2,6,0.0,66.67,0,0,0,18,8.36,24.61,17.67,19,9.05,29.05,19.26,Mumbai Indians,2018,15000000,1.444252553,21663788.3
969,934,RJW Topley,england,29.0,6.7,bowler,right-handed-bat,left-arm-fast-medium,8,17,8.5,85.0,0,1,0,1,3,0.0,50.0,0,0,0,33,8.31,29.64,21.39,5,10.71,36.4,20.4,Royal Challengers Bengaluru,2023,19000000,1.10879675,21067138.25
527,948,Mujeeb Ur Rahman,bangladesh,29.0,,bowler,left-handed-bat,left-arm-fast-medium,13,87,4.58,74.36,0,3,5,8,13,13.0,56.53,0,0,1,132,7.52,21.62,17.26,61,8.14,28.89,21.28,Chennai Super Kings,2024,20000000,1.0495,20990000.0
590,1005,LH Ferguson,new zealand,33.0,,bowler,right-handed-bat,right-arm-fast,7,29,3.63,80.56,0,0,2,7,68,22.67,147.83,0,6,2,64,7.1,16.98,14.36,46,8.96,31.0,20.76,Royal Challengers Bengaluru,2024,20000000,1.0495,20990000.0
652,970,Mujeeb Ur Rahman,afghanistan,23.0,,bowler,right-handed-bat,right-arm-offbreak,8,54,9.0,122.73,0,6,3,4,12,4.0,80.0,0,2,0,63,6.34,18.11,17.14,19,8.18,31.16,22.84,Kolkata Knight Riders,2024,20000000,1.0495,20990000.0
922,979,DJ Willey,england,34.0,,bowling-allrounder,left-handed-bat,left-arm-fast-medium,11,226,15.07,130.64,0,15,13,3,53,26.5,85.49,0,7,0,51,8.18,23.14,16.96,6,7.56,45.33,36.0,Lucknow Super Giants,2024,20000000,1.0495,20990000.0
225,106,JJ Bumrah,india,21.0,,bowler,right-handed-bat,right-arm-fast,5,8,2.67,57.15,0,1,0,23,68,9.71,87.18,0,5,1,89,6.28,17.74,16.96,165,7.3,22.52,18.5,Mumbai Indians,2014,12000000,1.745533373,20946400.47
254,120,TG Southee,new zealand,26.0,,bowler,right-handed-bat,right-arm-fast-medium,23,303,11.22,139.0,0,20,18,7,120,9.23,112.15,0,8,4,164,8.0,22.38,16.79,47,8.67,37.06,25.66,Rajasthan Royals,2014,12000000,1.745533373,20946400.47
757,575,P Ray Barman,india,17.0,,batsman,right-handed-bat,right-arm-offbreak,0,0,0.0,0.0,0,0,0,0,19,19.0,79.17,0,2,0,0,0.0,0.0,0.0,0,14.0,0.0,0.0,Royal Challengers Bengaluru,2019,15000000,1.389372345,20840585.18
83,277,JW Hastings,australia,31.0,6.39795,bowling-allrounder,right-handed-bat,right-arm-fast-medium,2,46,11.5,124.33,0,3,1,0,0,0.0,0.0,0,0,0,7,7.97,35.29,26.57,3,6.83,22.0,19.33,Kolkata Knight Riders,2016,13000000,1.55980021,20277402.72
169,504,Mandeep Singh,india,27.0,,batsman,right-handed-bat,right-arm-medium,1,87,43.5,119.18,1,11,1,16,1706,20.8,122.92,6,176,38,0,0.0,0.0,0.0,0,13.0,0.0,0.0,Royal Challengers Bengaluru,2018,14000000,1.444252553,20219535.74
352,410,NV Ojha,india,35.0,,wk-batsman,right-handed-bat,,0,12,6.0,44.45,0,2,0,19,1554,20.72,118.36,6,121,79,0,0.0,0.0,0.0,0,0.0,0.0,0.0,Delhi Capitals,2018,14000000,1.444252553,20219535.74
142,738,J Yadav,india,32.0,,bowling-allrounder,right-handed-bat,right-arm-offbreak,0,0,0.0,0.0,0,0,0,1,40,10.0,111.12,0,2,1,0,0.0,0.0,0.0,8,6.85,55.63,48.75,Gujarat Titans,2022,17000000,1.183086132,20112464.25
661,947,Mayank Dagar,india,27.0,,bowling-allrounder,right-handed-bat,left-arm-orthodox,0,0,0.0,0.0,0,0,0,0,0,0.0,0.0,0,0,0,0,0.0,0.0,0.0,2,8.89,101.5,68.5,Sunrisers Hyderabad,2023,18000000,1.10879675,19958341.5
546,589,JJ Roy,england,30.0,,batsman,right-handed-bat,,0,1522,23.78,137.62,8,153,69,2,614,32.32,138.61,4,75,21,0,0.0,0.0,0.0,0,0.0,0.0,0.0,Delhi Capitals,2020,15000000,1.326116584,19891748.76
560,590,CR Woakes,england,31.0,,bowling-allrounder,right-handed-bat,right-arm-fast-medium,8,146,16.22,124.79,0,9,7,6,78,13.0,101.3,0,7,2,31,8.07,26.52,19.71,30,8.97,21.93,14.67,Delhi Capitals,2020,15000000,1.326116584,19891748.76
257,121,DS Kulkarni,india,26.0,,bowler,right-handed-bat,right-arm-fast-medium,1,1,0.0,100.0,0,0,0,14,104,11.56,96.3,0,7,2,3,6.88,18.33,16.0,86,8.31,28.77,20.78,Rajasthan Royals,2014,11000000,1.745533373,19200867.1
499,785,M Ashwin,india,32.0,,bowler,right-handed-bat,right-arm-legbreak,0,0,0.0,0.0,0,0,0,4,35,3.89,70.0,0,2,1,0,0.0,0.0,0.0,35,8.01,33.2,24.86,Mumbai Indians,2022,16000000,1.183086132,18929378.12
982,951,R Ravindra,new zealand,25.0,,batting-allrounder,left-handed-bat,left-arm-orthodox,6,309,17.17,127.69,2,19,14,0,222,22.2,160.87,1,22,12,13,6.59,20.77,18.92,0,3.5,0.0,0.0,Chennai Super Kings,2024,18000000,1.0495,18891000.0
653,686,Mujeeb Ur Rahman,afghanistan,20.0,,bowler,right-handed-bat,right-arm-offbreak,8,54,9.0,122.73,0,6,3,4,12,4.0,80.0,0,2,0,63,6.34,18.11,17.14,19,8.18,31.16,22.84,Sunrisers Hyderabad,2021,15000000,1.243778451,18656676.76
839,667,DJ Malan,england,34.0,6.0,batsman,left-handed-bat,right-arm-legbreak,8,1892,36.38,132.5,16,194,62,0,26,26.0,100.0,0,1,1,1,13.5,27.0,12.0,0,0.0,0.0,0.0,Punjab Kings,2021,15000000,1.243778451,18656676.76
38,186,JD Unadkat,india,24.0,,bowler,right-handed-bat,left-arm-fast-medium,0,0,0.0,0.0,0,0,0,16,197,12.31,118.68,0,16,7,14,8.68,21.5,14.86,99,8.98,32.21,21.53,Delhi Capitals,2015,11000000,1.6363864,18000250.4
127,826,JDS Neesham,new zealand,32.0,,batting-allrounder,left-handed-bat,right-arm-fast-medium,21,944,22.48,154.51,0,72,51,1,92,10.22,98.93,0,6,2,39,9.1,27.64,18.23,8,9.28,41.75,27.0,Rajasthan Royals,2022,15000000,1.183086132,17746291.98
251,758,TG Southee,new zealand,34.0,,bowler,right-handed-bat,right-arm-fast-medium,23,303,11.22,139.0,0,20,18,7,120,9.23,112.15,0,8,4,164,8.0,22.38,16.79,47,8.67,37.06,25.66,Kolkata Knight Riders,2022,15000000,1.183086132,17746291.98
605,790,TS Mills,england,30.0,,bowler,right-handed-bat,left-arm-fast,2,8,2.0,66.67,0,0,1,1,8,2.0,57.15,0,0,1,14,8.83,33.86,23.0,11,9.85,31.18,19.0,Mumbai Indians,2022,15000000,1.183086132,17746291.98
855,697,RS Hangargekar,india,20.0,,bowling-allrounder,right-handed-bat,right-arm-fast-medium,0,0,0.0,0.0,0,0,0,0,0,0.0,0.0,0,0,0,0,0.0,0.0,0.0,3,10.0,20.0,12.0,Chennai Super Kings,2022,15000000,1.183086132,17746291.98
874,756,AD Hales,england,33.0,,batsman,right-handed-bat,right-arm-medium,8,2074,30.96,138.36,12,226,69,0,148,24.67,125.43,0,13,6,0,0.0,0.0,0.0,0,0.0,0.0,0.0,Kolkata Knight Riders,2022,15000000,1.183086132,17746291.98
930,868,GD Phillips,new zealand,26.0,,batting-allrounder,right-handed-bat,right-arm-offbreak,12,1928,31.1,140.53,10,138,91,1,65,9.29,118.19,0,3,6,6,7.36,26.17,21.33,2,8.0,20.0,15.0,Sunrisers Hyderabad,2022,15000000,1.183086132,17746291.98
24,123,KW Richardson,australia,23.0,,bowler,right-handed-bat,right-arm-fast-medium,3,17,4.25,100.0,0,0,0,1,36,12.0,92.31,0,2,1,45,8.4,23.53,16.8,19,8.45,24.84,17.63,Rajasthan Royals,2014,10000000,1.745533373,17455333.73
26,122,AM Nayar,india,31.0,,batting-allrounder,left-handed-bat,right-arm-medium,0,0,0.0,0.0,0,0,0,12,672,17.68,116.47,0,55,20,0,0.0,0.0,0.0,9,8.44,35.78,25.44,Rajasthan Royals,2014,10000000,1.745533373,17455333.73
43,159,MC Henriques,australia,27.0,6.13547,batting-allrounder,right-handed-bat,right-arm-fast-medium,4,355,20.88,124.57,2,17,15,18,1000,27.78,126.91,5,87,28,7,8.43,27.71,19.71,42,8.14,30.69,22.62,Sunrisers Hyderabad,2014,10000000,1.745533373,17455333.73
82,40,BW Hilfenhaus,australia,31.0,6.10266,bowler,right-handed-bat,right-arm-fast-medium,1,2,1.0,20.0,0,0,0,1,0,0.0,0.0,0,0,0,9,6.19,17.89,17.33,22,7.73,21.77,16.91,Chennai Super Kings,2014,10000000,1.745533373,17455333.73
131,62,JDS Neesham,new zealand,24.0,,batting-allrounder,left-handed-bat,right-arm-fast-medium,21,944,22.48,154.51,0,72,51,1,92,10.22,98.93,0,6,2,39,9.1,27.64,18.23,8,9.28,41.75,27.0,Delhi Capitals,2014,10000000,1.745533373,17455333.73
132,63,WD Parnell,south africa,25.0,,bowler,left-handed-bat,left-arm-fast-medium,13,174,17.4,96.67,0,13,4,4,65,6.5,81.25,0,4,1,59,8.3,25.64,18.54,35,7.78,26.77,20.66,Delhi Capitals,2014,10000000,1.745533373,17455333.73
207,94,PJ Cummins,australia,21.0,6.29952,bowler,right-handed-bat,right-arm-fast,12,158,10.53,118.8,0,11,7,15,515,19.81,149.71,3,33,34,66,7.44,23.58,19.0,63,8.75,30.52,20.94,Kolkata Knight Riders,2014,10000000,1.745533373,17455333.73
208,95,RN ten Doeschate,netherlands,34.0,5.11,batting-allrounder,right-handed-bat,right-arm-fast-medium,10,533,41.0,132.92,3,27,19,8,326,23.29,138.73,1,26,15,13,7.0,18.85,16.15,2,7.23,47.0,39.0,Kolkata Knight Riders,2014,10000000,1.745533373,17455333.73
304,140,M Muralitharan,sri lanka,42.0,5.7,bowler,right-handed-bat,right-arm-offbreak,0,1,0.5,20.0,0,0,0,3,20,3.33,66.67,0,1,0,13,6.32,22.85,21.69,63,6.68,26.92,24.19,Royal Challengers Bengaluru,2014,10000000,1.745533373,17455333.73
349,160,KL Rahul,india,22.0,,wk-batsman,right-handed-bat,,8,2265,37.75,139.13,22,191,99,20,4683,45.47,134.61,37,400,187,0,0.0,0.0,0.0,0,0.0,0.0,0.0,Sunrisers Hyderabad,2014,10000000,1.745533373,17455333.73
644,411,PP Shaw,india,19.0,,batsman,right-handed-bat,right-arm-offbreak,0,0,0.0,0.0,0,0,0,0,1892,23.95,147.47,14,238,61,0,0.0,0.0,0.0,0,0.0,0.0,0.0,Delhi Capitals,2018,12000000,1.444252553,17331030.64
787,614,Kartik Tyagi,india,20.0,,bowler,right-handed-bat,right-arm-fast,0,0,0.0,0.0,0,0,0,3,13,3.25,81.25,0,1,0,0,0.0,0.0,0.0,15,10.14,47.53,28.13,Rajasthan Royals,2020,13000000,1.326116584,17239515.6
45,26,P Simran Singh,india,28.0,,bowler,right-handed-bat,right-arm-fast-medium,0,0,0.0,0.0,0,0,0,3,7,3.5,58.34,0,0,0,0,0.0,0.0,0.0,11,9.36,42.55,27.27,Royal Challengers Bengaluru,2013,8700000,1.937018384,16852059.94
30,1013,JD Unadkat,india,33.0,,bowler,right-handed-bat,left-arm-fast-medium,0,0,0.0,0.0,0,0,0,16,197,12.31,118.68,0,16,7,14,8.68,21.5,14.86,99,8.98,32.21,21.53,Sunrisers Hyderabad,2024,16000000,1.0495,16792000.0
157,582,WP Saha,india,35.0,,wk-batsman,right-handed-bat,,0,0,0.0,0.0,0,0,0,24,2934,24.25,127.57,13,296,87,0,0.0,0.0,0.0,0,0.0,0.0,0.0,Sunrisers Hyderabad,2019,12000000,1.389372345,16672468.14
187,892,Shakib Al Hasan,bangladesh,36.0,,batting-allrounder,left-handed-bat,left-arm-orthodox,16,2551,23.19,121.25,13,258,53,12,793,19.83,124.49,2,73,21,149,6.81,20.91,18.42,63,7.44,29.19,23.56,Kolkata Knight Riders,2023,15000000,1.10879675,16631951.25
507,922,A Zampa,australia,31.0,,bowler,right-handed-bat,right-arm-legbreak,10,68,5.67,89.48,0,7,0,0,15,3.0,62.5,0,1,0,117,7.17,21.01,17.58,29,7.99,19.24,14.45,Rajasthan Royals,2023,15000000,1.10879675,16631951.25
832,909,JA Richardson,australia,27.0,,bowler,right-handed-bat,right-arm-fast,5,45,15.0,88.24,0,3,1,0,17,5.67,65.39,0,2,0,19,8.42,29.26,20.84,3,10.47,52.33,30.0,Mumbai Indians,2023,15000000,1.10879675,16631951.25
350,161,Parvez Rasool,india,25.0,,bowling-allrounder,right-handed-bat,right-arm-offbreak,0,5,5.0,83.34,0,0,0,3,17,8.5,85.0,0,1,0,1,8.0,32.0,24.0,4,8.21,67.75,49.5,Sunrisers Hyderabad,2014,9500000,1.745533373,16582567.04
91,737,V Shankar,india,31.0,,batting-allrounder,right-handed-bat,right-arm-medium,0,101,25.25,138.36,0,11,5,16,1115,25.34,129.81,6,80,45,5,9.1,38.2,25.2,9,8.67,38.22,26.44,Gujarat Titans,2022,14000000,1.183086132,16563205.85
263,829,KK Nair,india,31.0,,batsman,right-handed-bat,right-arm-offbreak,0,0,0.0,0.0,0,0,0,5,1496,23.75,127.76,10,161,39,0,0.0,0.0,0.0,0,0.0,0.0,0.0,Rajasthan Royals,2022,14000000,1.183086132,16563205.85
420,221,SA Abbott,australia,23.0,,bowler,right-handed-bat,right-arm-fast-medium,2,25,5.0,92.6,0,1,1,0,22,7.33,122.23,0,1,2,26,8.91,20.96,14.12,1,11.56,104.0,54.0,Royal Challengers Bengaluru,2015,10000000,1.6363864,16363864.0
432,229,RS Bopara,england,30.0,5.1,batting-allrounder,right-handed-bat,right-arm-medium,10,711,28.44,118.7,3,54,17,4,531,29.5,117.22,3,39,16,16,7.21,24.19,20.13,11,8.5,26.55,18.73,Sunrisers Hyderabad,2015,10000000,1.6363864,16363864.0
709,505,M Vohra,india,25.0,,batsman,right-handed-bat,right-arm-medium,0,0,0.0,0.0,0,0,0,2,1083,22.1,130.64,3,104,43,0,0.0,0.0,0.0,0,0.0,0.0,0.0,Royal Challengers Bengaluru,2018,11000000,1.444252553,15886778.08
615,988,Mohammad Nabi,afghanistan,39.0,,bowling-allrounder,right-handed-bat,right-arm-offbreak,25,2237,22.6,136.24,6,156,109,3,215,13.44,143.34,0,18,11,97,7.31,28.14,23.11,15,7.44,34.47,27.8,Mumbai Indians,2024,15000000,1.0495,15742500.0
718,973,SE Rutherford,west indies,26.0,,batting-allrounder,left-handed-bat,right-arm-fast-medium,6,428,25.18,143.15,2,26,29,2,106,15.14,101.93,0,3,8,1,10.29,72.0,42.0,1,8.63,59.0,41.0,Kolkata Knight Riders,2024,15000000,1.0495,15742500.0
788,1006,TK Curran,england,29.0,,bowling-allrounder,right-handed-bat,right-arm-fast-medium,7,64,10.67,114.29,0,1,4,5,127,25.4,118.7,1,10,3,29,9.26,31.28,20.28,13,10.84,33.08,18.31,Royal Challengers Bengaluru,2024,15000000,1.0495,15742500.0
917,1014,PWH de Silva,sri lanka,27.0,,bowling-allrounder,right-handed-bat,right-arm-legbreak,14,712,13.43,128.99,2,71,16,4,72,7.2,98.64,0,7,1,131,6.99,15.41,13.24,35,8.13,21.37,15.77,Sunrisers Hyderabad,2024,15000000,1.0495,15742500.0
229,107,Jalaj S Saxena,india,28.0,,batting-allrounder,right-handed-bat,right-arm-offbreak,0,0,0.0,0.0,0,0,0,0,0,0.0,0.0,0,0,0,0,0.0,0.0,0.0,0,9.0,0.0,0.0,Mumbai Indians,2014,9000000,1.745533373,15709800.35
305,141,R Rampaul,west indies,30.0,,bowler,left-handed-bat,right-arm-fast-medium,5,15,7.5,51.73,0,0,0,2,51,10.2,102.0,0,3,2,31,8.38,25.9,18.55,14,6.82,21.29,18.71,Royal Challengers Bengaluru,2014,9000000,1.745533373,15709800.35
50,293,NLTC Perera,sri lanka,27.0,6.1,bowling-allrounder,left-handed-bat,right-arm-fast-medium,22,1204,23.15,151.64,3,88,64,8,422,19.18,137.46,0,23,26,51,9.35,33.67,21.61,31,8.73,32.77,22.52,Lucknow Super Giants,2016,10000000,1.55980021,15598002.1
330,253,AJ Finch,australia,30.0,5.70894,batsman,right-handed-bat,left-arm-orthodox,12,3120,34.29,142.54,19,309,125,6,2091,24.89,128.21,15,214,78,0,13.5,0.0,0.0,1,9.35,67.0,43.0,Gujarat Titans,2016,10000000,1.55980021,15598002.1
344,292,IK Pathan,india,32.0,,bowling-allrounder,left-handed-bat,left-arm-fast-medium,7,172,24.57,119.45,0,9,7,29,1139,21.49,120.41,1,87,37,28,8.03,22.07,16.5,80,7.78,33.11,25.54,Lucknow Super Giants,2016,10000000,1.55980021,15598002.1
370,254,ER Dwivedi,india,28.0,,wk-batsman,right-handed-bat,,0,0,0.0,0.0,0,0,0,0,24,12.0,171.43,0,2,2,0,0.0,0.0,0.0,0,0.0,0.0,0.0,Gujarat Titans,2016,10000000,1.55980021,15598002.1
32,786,JD Unadkat,india,31.0,,bowler,right-handed-bat,left-arm-fast-medium,0,0,0.0,0.0,0,0,0,16,197,12.31,118.68,0,16,7,14,8.68,21.5,14.86,99,8.98,32.21,21.53,Mumbai Indians,2022,13000000,1.183086132,15380119.72
341,535,I Sharma,india,31.0,,bowler,right-handed-bat,right-arm-fast-medium,2,8,8.0,88.89,0,1,0,22,57,9.5,82.61,0,4,2,8,8.63,50.0,34.75,92,8.24,34.48,25.1,Delhi Capitals,2019,11000000,1.389372345,15283095.8
843,673,C Sakariya,india,23.0,,bowler,left-handed-bat,left-arm-fast-medium,1,5,0.0,55.56,0,0,0,2,20,3.33,64.52,0,3,0,1,9.27,34.0,22.0,20,8.44,29.95,21.3,Rajasthan Royals,2021,12000000,1.243778451,14925341.41
48,362,DT Christian,australia,34.0,,bowling-allrounder,right-handed-bat,right-arm-fast-medium,6,118,14.75,126.89,0,7,6,9,460,14.38,115.58,0,23,19,13,8.56,30.62,21.46,38,8.1,31.37,23.24,Lucknow Super Giants,2017,10000000,1.492346163,14923461.63
98,372,P Negi,india,24.0,,bowling-allrounder,left-handed-bat,left-arm-orthodox,0,0,0.0,0.0,0,0,0,9,365,14.04,126.3,0,27,16,1,5.33,16.0,18.0,34,7.87,27.62,21.06,Royal Challengers Bengaluru,2017,10000000,1.492346163,14923461.63
219,326,CJ Anderson,united states of america,27.0,,batting-allrounder,left-handed-bat,left-arm-fast-medium,6,697,24.03,126.04,3,40,35,7,538,24.45,127.19,3,40,31,16,8.13,36.56,27.0,11,10.46,47.09,27.0,Delhi Capitals,2017,10000000,1.492346163,14923461.63
502,327,M Ashwin,india,27.0,,bowler,right-handed-bat,right-arm-legbreak,0,0,0.0,0.0,0,0,0,4,35,3.89,70.0,0,2,1,0,0.0,0.0,0.0,35,8.01,33.2,24.86,Delhi Capitals,2017,10000000,1.492346163,14923461.63
548,331,JJ Roy,england,27.0,,batsman,right-handed-bat,,0,1522,23.78,137.62,8,153,69,2,614,32.32,138.61,4,75,21,0,0.0,0.0,0.0,0,0.0,0.0,0.0,Gujarat Titans,2017,10000000,1.492346163,14923461.63
135,64,S Nadeem,india,25.0,,bowler,right-handed-bat,left-arm-orthodox,0,0,0.0,0.0,0,0,0,8,39,2.79,44.83,0,2,0,0,0.0,0.0,0.0,48,7.56,37.17,29.48,Delhi Capitals,2014,8500000,1.745533373,14837033.67
166,80,Sandeep Sharma,india,21.0,,bowler,right-handed-bat,right-arm-fast-medium,1,1,0.0,100.0,0,0,0,21,54,9.0,77.15,0,4,0,1,10.43,73.0,42.0,137,7.89,27.07,20.6,Punjab Kings,2014,8500000,1.745533373,14837033.67
97,506,P Negi,india,25.0,,bowling-allrounder,left-handed-bat,left-arm-orthodox,0,0,0.0,0.0,0,0,0,9,365,14.04,126.3,0,27,16,1,5.33,16.0,18.0,34,7.87,27.62,21.06,Royal Challengers Bengaluru,2018,10000000,1.444252553,14442525.53
114,432,MK Tiwary,india,33.0,,batsman,right-handed-bat,right-arm-legbreak,0,15,15.0,88.24,0,0,0,26,1695,28.73,116.98,7,156,40,0,0.0,0.0,0.0,1,11.86,83.0,42.0,Punjab Kings,2018,10000000,1.444252553,14442525.53
117,463,JP Duminy,south africa,34.0,,batting-allrounder,left-handed-bat,right-arm-offbreak,25,1934,38.68,126.25,11,138,71,26,2029,39.78,124.03,14,126,79,21,7.76,28.52,22.05,23,7.38,36.26,29.48,Mumbai Indians,2018,10000000,1.444252553,14442525.53
123,433,MA Agarwal,india,27.0,,batsman,right-handed-bat,right-arm-offbreak,0,0,0.0,0.0,0,0,0,4,2665,22.78,133.25,13,264,98,0,0.0,0.0,0.0,0,0.0,0.0,0.0,Punjab Kings,2018,10000000,1.444252553,14442525.53
192,446,Ashwani Kumar,india,34.0,,bowler,right-handed-bat,right-arm-fast-medium,1,2,0.0,50.0,0,0,0,18,310,11.07,113.14,0,21,9,10,7.84,24.7,18.9,105,8.39,28.25,20.2,Kolkata Knight Riders,2018,10000000,1.444252553,14442525.53
252,507,TG Southee,new zealand,30.0,,bowler,right-handed-bat,right-arm-fast-medium,23,303,11.22,139.0,0,20,18,7,120,9.23,112.15,0,8,4,164,8.0,22.38,16.79,47,8.67,37.06,25.66,Royal Challengers Bengaluru,2018,10000000,1.444252553,14442525.53
444,388,SW Billings,england,27.0,,wk-batsman,right-handed-bat,,5,478,17.07,129.9,2,41,16,1,503,19.35,129.64,3,40,20,0,0.0,0.0,0.0,0,0.0,0.0,0.0,Chennai Super Kings,2018,10000000,1.444252553,14442525.53
465,431,AD Nath,india,25.0,,batting-allrounder,right-handed-bat,right-arm-fast-medium,0,0,0.0,0.0,0,0,0,0,90,9.0,91.84,0,7,2,0,0.0,0.0,0.0,0,0.0,0.0,0.0,Punjab Kings,2018,10000000,1.444252553,14442525.53
613,522,CJ Jordan,england,30.0,6.2,bowler,right-handed-bat,right-arm-fast-medium,25,439,13.72,129.12,0,31,21,3,81,8.1,105.2,0,3,3,108,8.74,26.35,18.08,30,9.61,35.67,22.27,Sunrisers Hyderabad,2018,10000000,1.444252553,14442525.53
617,521,Mohammad Nabi,afghanistan,33.0,,bowling-allrounder,right-handed-bat,right-arm-offbreak,25,2237,22.6,136.24,6,156,109,3,215,13.44,143.34,0,18,11,97,7.31,28.14,23.11,15,7.44,34.47,27.8,Sunrisers Hyderabad,2018,10000000,1.444252553,14442525.53
625,389,Imran Tahir,south africa,39.0,,bowler,right-handed-bat,right-arm-legbreak,3,19,19.0,105.56,0,1,1,5,33,8.25,89.19,0,5,0,63,6.73,15.05,13.41,82,7.76,20.77,16.05,Chennai Super Kings,2018,10000000,1.444252553,14442525.53
712,520,SP Goswami,india,29.0,,wk-batsman,left-handed-bat,,0,0,0.0,0.0,0,0,0,1,293,14.65,99.33,1,32,3,0,0.0,0.0,0.0,0,0.0,0.0,0.0,Sunrisers Hyderabad,2018,10000000,1.444252553,14442525.53
863,705,PH Solanki,india,22.0,,bowler,right-handed-bat,right-arm-legbreak,0,0,0.0,0.0,0,0,0,0,0,0.0,0.0,0,0,0,0,0.0,0.0,0.0,2,6.33,19.0,18.0,Chennai Super Kings,2022,12000000,1.183086132,14197033.59
170,81,Mandeep Singh,india,23.0,,batsman,right-handed-bat,right-arm-medium,1,87,43.5,119.18,1,11,1,16,1706,20.8,122.92,6,176,38,0,0.0,0.0,0.0,0,13.0,0.0,0.0,Punjab Kings,2014,8000000,1.745533373,13964266.98
261,124,BCJ Cutting,australia,27.0,6.29952,bowling-allrounder,right-handed-bat,right-arm-fast-medium,1,40,10.0,148.15,0,2,3,6,238,21.64,168.8,0,15,19,3,10.24,71.67,42.0,10,9.16,42.9,28.1,Rajasthan Royals,2014,8000000,1.745533373,13964266.98
42,545,MC Henriques,australia,32.0,6.13547,batting-allrounder,right-handed-bat,right-arm-fast-medium,4,355,20.88,124.57,2,17,15,18,1000,27.78,126.91,5,87,28,7,8.43,27.71,19.71,42,8.14,30.69,22.62,Punjab Kings,2019,10000000,1.389372345,13893723.45
290,561,Yuvraj Singh,india,38.0,,batting-allrounder,left-handed-bat,left-arm-orthodox,9,1177,28.02,136.39,8,77,74,15,2750,24.77,129.72,13,217,149,28,7.06,17.82,15.14,36,7.44,29.92,24.14,Mumbai Indians,2019,10000000,1.389372345,13893723.45
734,554,JL Denly,england,33.0,6.0,batting-allrounder,right-handed-bat,right-arm-legbreak,2,125,12.5,105.94,0,15,1,0,0,0.0,0.0,0,0,0,7,7.75,13.29,10.29,0,0.0,0.0,0.0,Kolkata Knight Riders,2019,10000000,1.389372345,13893723.45
550,523,Basil Thampi,india,25.0,,bowler,right-handed-bat,right-arm-fast-medium,0,0,0.0,0.0,0,0,0,7,32,32.0,91.43,0,1,1,0,0.0,0.0,0.0,22,9.74,38.45,23.68,Sunrisers Hyderabad,2018,9500000,1.444252553,13720399.25
385,886,KS Bharat,india,30.0,,wk-batsman,right-handed-bat,,0,0,0.0,0.0,0,0,0,2,199,28.43,122.09,1,12,8,0,0.0,0.0,0.0,0,0.0,0.0,0.0,Gujarat Titans,2023,12000000,1.10879675,13305561.0
362,616,AJ Tye,australia,34.0,,bowler,right-handed-bat,right-arm-fast-medium,7,83,10.38,109.22,0,5,4,4,91,10.11,119.74,0,6,5,47,8.76,21.21,14.53,42,8.59,23.31,16.29,Rajasthan Royals,2020,10000000,1.326116584,13261165.84
790,615,TK Curran,england,25.0,,bowling-allrounder,right-handed-bat,right-arm-fast-medium,7,64,10.67,114.29,0,1,4,5,127,25.4,118.7,1,10,3,29,9.26,31.28,20.28,13,10.84,33.08,18.31,Rajasthan Royals,2020,10000000,1.326116584,13261165.84
5,162,JO Holder,west indies,23.0,,bowling-allrounder,right-handed-bat,right-arm-fast-medium,14,491,16.37,129.22,0,31,27,6,259,12.33,123.34,0,13,18,66,8.58,28.88,20.2,53,8.81,27.57,18.77,Sunrisers Hyderabad,2014,7500000,1.745533373,13091500.3
172,82,AR Patel,india,20.0,,bowling-allrounder,left-handed-bat,left-arm-orthodox,15,535,18.45,139.33,1,41,23,36,1653,21.47,130.88,3,107,79,71,7.3,22.13,18.18,123,7.28,30.55,25.2,Punjab Kings,2014,7500000,1.745533373,13091500.3
267,125,KK Nair,india,23.0,,batsman,right-handed-bat,right-arm-offbreak,0,0,0.0,0.0,0,0,0,5,1496,23.75,127.76,10,161,39,0,0.0,0.0,0.0,0,0.0,0.0,0.0,Rajasthan Royals,2014,7500000,1.745533373,13091500.3
168,716,Mandeep Singh,india,31.0,,batsman,right-handed-bat,right-arm-medium,1,87,43.5,119.18,1,11,1,16,1706,20.8,122.92,6,176,38,0,0.0,0.0,0.0,0,13.0,0.0,0.0,Delhi Capitals,2022,11000000,1.183086132,13013947.46
664,714,KL Nagarkoti,india,23.0,,bowler,right-handed-bat,right-arm-fast,0,0,0.0,0.0,0,0,0,3,22,5.5,66.67,0,1,0,0,0.0,0.0,0.0,5,9.5,57.0,36.0,Delhi Capitals,2022,11000000,1.183086132,13013947.46
551,332,Basil Thampi,india,24.0,,bowler,right-handed-bat,right-arm-fast-medium,0,0,0.0,0.0,0,0,0,7,32,32.0,91.43,0,1,1,0,0.0,0.0,0.0,22,9.74,38.45,23.68,Gujarat Titans,2017,8500000,1.492346163,12684942.39
393,269,KC Cariappa,india,22.0,,bowler,right-handed-bat,right-arm-legbreak,0,0,0.0,0.0,0,0,0,2,24,8.0,114.29,0,0,2,0,0.0,0.0,0.0,8,9.67,43.5,27.0,Punjab Kings,2016,8000000,1.55980021,12478401.68
196,645,UT Yadav,india,34.0,,bowler,right-handed-bat,right-arm-fast,1,22,22.0,104.77,0,2,0,31,208,9.9,103.49,0,16,9,12,9.33,23.33,15.0,144,8.49,29.98,21.18,Delhi Capitals,2021,10000000,1.243778451,12437784.51
529,674,Mujeeb Ur Rahman,bangladesh,26.0,,bowler,left-handed-bat,left-arm-fast-medium,13,87,4.58,74.36,0,3,5,8,13,13.0,56.53,0,0,1,132,7.52,21.62,17.26,61,8.14,28.89,21.28,Rajasthan Royals,2021,10000000,1.243778451,12437784.51
584,508,K Khejroliya,india,26.0,,bowler,left-handed-bat,left-arm-fast-medium,0,0,0.0,0.0,0,0,0,0,0,0.0,0.0,0,0,0,0,0.0,0.0,0.0,5,10.76,43.4,24.2,Royal Challengers Bengaluru,2018,8500000,1.444252553,12276146.7
375,187,DJ Muthuswami,india,34.0,,bowler,right-handed-bat,right-arm-medium,0,0,0.0,0.0,0,0,0,1,1,1.0,33.34,0,0,0,0,0.0,0.0,0.0,4,7.21,25.25,21.0,Delhi Capitals,2015,7500000,1.6363864,12272898.0
210,96,SA Yadav,india,24.0,,batsman,right-handed-bat,right-arm-offbreak,11,2598,38.21,167.08,21,237,146,23,3594,32.09,145.33,24,385,130,2,5.0,2.5,3.0,0,8.0,0.0,0.0,Kolkata Knight Riders,2014,7000000,1.745533373,12218733.61
616,747,Mohammad Nabi,afghanistan,37.0,,bowling-allrounder,right-handed-bat,right-arm-offbreak,25,2237,22.6,136.24,6,156,109,3,215,13.44,143.34,0,18,11,97,7.31,28.14,23.11,15,7.44,34.47,27.8,Kolkata Knight Riders,2022,10000000,1.183086132,11830861.32
689,753,AM Rahane,india,34.0,,batsman,right-handed-bat,right-arm-medium,2,375,20.83,113.3,1,32,6,17,4642,30.14,123.43,30,478,103,0,0.0,0.0,0.0,1,5.0,5.0,6.0,Kolkata Knight Riders,2022,10000000,1.183086132,11830861.32
719,848,SE Rutherford,west indies,24.0,,batting-allrounder,left-handed-bat,right-arm-fast-medium,6,428,25.18,143.15,2,26,29,2,106,15.14,101.93,0,3,8,1,10.29,72.0,42.0,1,8.63,59.0,41.0,Royal Challengers Bengaluru,2022,10000000,1.183086132,11830861.32
834,795,RP Meredith,australia,26.0,,bowler,right-handed-bat,right-arm-fast,0,0,0.0,0.0,0,0,0,3,0,0.0,0.0,0,0,0,9,9.72,24.67,15.22,19,9.46,32.21,20.42,Mumbai Indians,2022,10000000,1.183086132,11830861.32
859,699,DP Conway,new zealand,31.0,,wk-batsman,left-handed-bat,right-arm-medium,9,1408,38.05,127.77,10,135,37,3,924,48.63,141.29,9,99,30,0,0.0,0.0,0.0,0,0.0,0.0,0.0,Chennai Super Kings,2022,10000000,1.183086132,11830861.32
909,830,HE van der Dussen,south africa,33.0,,batsman,right-handed-bat,right-arm-legbreak,9,1257,33.97,129.46,9,73,60,1,22,11.0,91.67,0,2,0,0,0.0,0.0,0.0,0,0.0,0.0,0.0,Rajasthan Royals,2022,10000000,1.183086132,11830861.32
512,390,DL Chahar,india,26.0,,bowler,right-handed-bat,right-arm-fast-medium,5,53,26.5,189.29,0,4,4,6,80,11.43,135.6,0,2,6,31,8.3,24.1,17.42,77,7.98,28.84,21.68,Chennai Super Kings,2018,8000000,1.444252553,11554020.42
557,447,RK Singh,india,21.0,,batsman,left-handed-bat,right-arm-offbreak,11,546,42.0,161.07,3,45,31,11,893,30.79,143.34,4,67,46,2,3.0,1.5,3.0,0,0.0,0.0,0.0,Kolkata Knight Riders,2018,8000000,1.444252553,11554020.42
423,222,AF Milne,new zealand,23.0,,bowler,right-handed-bat,right-arm-fast,11,83,8.3,96.52,0,1,6,2,23,5.75,79.32,0,0,1,61,8.43,25.0,17.79,7,9.48,46.71,29.57,Royal Challengers Bengaluru,2015,7000000,1.6363864,11454704.8
269,126,Iqbal Abdulla,india,25.0,,bowler,left-handed-bat,left-arm-orthodox,0,0,0.0,0.0,0,0,0,11,88,44.0,104.77,0,9,1,0,0.0,0.0,0.0,40,7.23,27.73,23.0,Rajasthan Royals,2014,6500000,1.745533373,11345966.92
447,847,MK Lomror,india,23.0,,batting-allrounder,left-handed-bat,left-arm-orthodox,0,0,0.0,0.0,0,0,0,6,527,18.17,141.29,1,33,30,0,0.0,0.0,0.0,1,8.47,127.0,90.0,Royal Challengers Bengaluru,2022,9500000,1.183086132,11239318.26
49,27,DT Christian,australia,30.0,,bowling-allrounder,right-handed-bat,right-arm-fast-medium,6,118,14.75,126.89,0,7,6,9,460,14.38,115.58,0,23,19,13,8.56,30.62,21.46,38,8.1,31.37,23.24,Royal Challengers Bengaluru,2013,5800000,1.937018384,11234706.63
57,31,Kartik Tyagi,india,26.0,,bowler,right-handed-bat,right-arm-fast-medium,0,0,0.0,0.0,0,0,0,2,3,3.0,75.0,0,0,0,0,10.5,0.0,0.0,6,8.47,49.17,34.83,Sunrisers Hyderabad,2013,5800000,1.937018384,11234706.63
58,33,BB McCullum,new zealand,33.0,,bowling-allrounder,right-handed-bat,right-arm-offbreak,15,299,11.5,100.68,0,19,8,1,26,26.0,118.19,0,0,1,58,6.83,22.03,19.36,0,6.8,0.0,0.0,Sunrisers Hyderabad,2013,5800000,1.937018384,11234706.63
369,375,ER Dwivedi,india,29.0,,wk-batsman,right-handed-bat,,0,0,0.0,0.0,0,0,0,0,24,12.0,171.43,0,2,2,0,0.0,0.0,0.0,0,0.0,0.0,0.0,Sunrisers Hyderabad,2017,7500000,1.492346163,11192596.22
741,562,Arshdeep Singh,india,21.0,,batsman,right-handed-bat,right-arm-offbreak,0,0,0.0,0.0,0,0,0,0,139,15.44,120.87,0,19,3,0,0.0,0.0,0.0,0,0.0,0.0,0.0,Mumbai Indians,2019,8000000,1.389372345,11114978.76
417,895,D Wiese,namibia,38.0,,batting-allrounder,right-handed-bat,right-arm-fast-medium,14,624,24.0,127.87,3,35,30,6,148,29.6,146.54,0,12,7,59,7.19,22.02,18.37,16,8.92,27.5,18.5,Kolkata Knight Riders,2023,10000000,1.10879675,11087967.5
847,876,KA Jamieson,new zealand,29.0,,bowler,right-handed-bat,right-arm-fast-medium,3,49,24.5,148.49,0,7,0,3,65,16.25,118.19,0,5,3,10,9.29,41.2,26.6,9,9.61,29.89,18.67,Chennai Super Kings,2023,10000000,1.10879675,11087967.5
975,939,AJ Hosein,west indies,30.0,,bowler,left-handed-bat,left-arm-orthodox,13,244,15.25,107.97,0,14,12,1,16,0.0,160.0,0,1,1,60,7.16,26.98,22.6,1,10.0,40.0,24.0,Sunrisers Hyderabad,2023,10000000,1.10879675,11087967.5
4,278,JO Holder,west indies,25.0,,bowling-allrounder,right-handed-bat,right-arm-fast-medium,14,491,16.37,129.22,0,31,27,6,259,12.33,123.34,0,13,18,66,8.58,28.88,20.2,53,8.81,27.57,18.77,Kolkata Knight Riders,2016,7000000,1.55980021,10918601.47
255,480,DS Kulkarni,india,30.0,,bowler,right-handed-bat,right-arm-fast-medium,1,1,0.0,100.0,0,0,0,14,104,11.56,96.3,0,7,2,3,6.88,18.33,16.0,86,8.31,28.77,20.78,Rajasthan Royals,2018,7500000,1.444252553,10831894.15
574,770,K Gowtham,india,34.0,,bowling-allrounder,right-handed-bat,right-arm-offbreak,0,0,0.0,0.0,0,0,0,9,247,13.72,166.9,0,15,17,0,0.0,0.0,0.0,21,8.24,38.48,28.0,Lucknow Super Giants,2022,9000000,1.183086132,10647775.19
792,617,Anuj Rawat,india,21.0,,wk-batsman,left-handed-bat,,0,0,0.0,0.0,0,0,0,5,318,19.88,119.11,1,26,14,0,0.0,0.0,0.0,0,0.0,0.0,0.0,Rajasthan Royals,2020,8000000,1.326116584,10608932.67
746,978,AJ Turner,australia,31.0,,batting-allrounder,right-handed-bat,right-arm-offbreak,5,110,12.22,83.97,0,4,2,1,24,4.8,85.72,0,0,2,4,6.31,20.5,19.5,0,0.0,0.0,0.0,Lucknow Super Giants,2024,10000000,1.0495,10495000.0
983,954,Sumit Kumar,india,29.0,,wk-batsman,right-handed-bat,,0,0,0.0,0.0,0,0,0,0,0,0.0,0.0,0,0,0,0,0.0,0.0,0.0,0,0.0,0.0,0.0,Delhi Capitals,2024,10000000,1.0495,10495000.0
211,97,AD Russell,west indies,26.0,,bowling-allrounder,right-handed-bat,right-arm-fast,24,1063,22.15,164.05,3,63,89,20,2484,29.22,174.93,11,170,209,60,9.27,30.68,19.85,115,9.36,23.01,14.76,Kolkata Knight Riders,2014,6000000,1.745533373,10473200.24
212,98,MS Bisla,india,30.0,,wk-batsman,right-handed-bat,,0,0,0.0,0.0,0,0,0,1,798,21.0,113.68,4,93,23,0,0.0,0.0,0.0,0,0.0,0.0,0.0,Kolkata Knight Riders,2014,6000000,1.745533373,10473200.24
728,546,GC Viljoen,south africa,30.0,,bowler,right-handed-bat,right-arm-fast-medium,0,0,0.0,0.0,0,0,0,1,3,1.5,42.86,0,0,0,0,0.0,0.0,0.0,7,9.65,31.71,19.71,Punjab Kings,2019,7500000,1.389372345,10420292.59
735,555,HF Gurney,england,33.0,,bowler,right-handed-bat,left-arm-fast-medium,0,0,0.0,0.0,0,0,0,1,1,0.0,20.0,0,0,0,3,6.88,18.33,16.0,7,8.81,34.0,23.14,Kolkata Knight Riders,2019,7500000,1.389372345,10420292.59
647,413,Arshad Khan,india,22.0,,bowler,right-handed-bat,right-arm-fast,3,27,13.5,135.0,0,3,1,8,41,20.5,164.0,0,3,3,27,9.04,27.85,18.48,74,8.87,26.68,18.04,Delhi Capitals,2018,7000000,1.444252553,10109767.87
635,894,N Jagadeesan,india,28.0,,wk-batsman,right-handed-bat,,0,0,0.0,0.0,0,0,0,1,162,18.0,110.21,0,21,2,0,0.0,0.0,0.0,0,0.0,0.0,0.0,Kolkata Knight Riders,2023,9000000,1.10879675,9979170.75
657,618,DA Miller,south africa,31.0,,batsman,left-handed-bat,,36,2593,33.24,140.78,8,168,130,43,2924,36.1,139.24,13,207,134,0,0.0,0.0,0.0,0,0.0,0.0,0.0,Rajasthan Royals,2020,7500000,1.326116584,9945874.382
351,163,Y Venugopal Rao,india,32.0,,batsman,right-handed-bat,right-arm-offbreak,0,0,0.0,0.0,0,0,0,10,985,22.39,117.83,3,77,37,0,0.0,0.0,0.0,6,9.36,56.17,36.0,Sunrisers Hyderabad,2014,5500000,1.745533373,9600433.55
249,294,R Bhatia,india,37.0,,bowling-allrounder,right-handed-bat,right-arm-medium,0,0,0.0,0.0,0,0,0,19,342,11.4,120.43,0,24,13,0,0.0,0.0,0.0,71,7.41,28.45,23.04,Lucknow Super Giants,2016,6000000,1.55980021,9358801.258
258,651,BCJ Cutting,australia,34.0,6.29952,bowling-allrounder,right-handed-bat,right-arm-fast-medium,1,40,10.0,148.15,0,2,3,6,238,21.64,168.8,0,15,19,3,10.24,71.67,42.0,10,9.16,42.9,28.1,Kolkata Knight Riders,2021,7500000,1.243778451,9328338.381
750,675,LS Livingstone,england,28.0,,batting-allrounder,right-handed-bat,right-arm-legbreak,9,955,25.13,148.99,2,54,59,6,939,28.45,162.46,6,66,66,33,8.73,25.39,17.45,11,9.14,35.73,23.45,Rajasthan Royals,2021,7500000,1.243778451,9328338.381
806,668,FA Allen,west indies,26.0,,batting-allrounder,right-handed-bat,left-arm-orthodox,9,272,15.11,136.69,0,16,21,2,14,7.0,73.69,0,1,0,24,7.55,30.46,24.21,2,9.07,68.0,45.0,Punjab Kings,2021,7500000,1.243778451,9328338.381
759,576,Harmeet Singh,india,23.0,,batsman,right-handed-bat,right-arm-offbreak,0,0,0.0,0.0,0,0,0,0,0,0.0,0.0,0,0,0,0,0.0,0.0,0.0,0,0.0,0.0,0.0,Royal Challengers Bengaluru,2019,6500000,1.389372345,9030920.244
8,333,MS Gony,india,33.0,,bowler,right-handed-bat,right-arm-fast-medium,0,0,0.0,0.0,0,0,0,7,99,9.9,139.44,0,6,8,0,0.0,0.0,0.0,37,8.7,34.78,24.0,Gujarat Titans,2017,6000000,1.492346163,8954076.978
136,850,S Kaul,india,32.0,,bowler,right-handed-bat,right-arm-fast-medium,0,0,0.0,0.0,0,0,0,8,20,5.0,55.56,0,1,0,4,8.69,21.0,14.5,58,8.63,29.98,20.84,Royal Challengers Bengaluru,2022,7500000,1.183086132,8873145.992
243,863,S Gopal,india,29.0,,bowler,right-handed-bat,right-arm-legbreak,0,0,0.0,0.0,0,0,0,8,180,12.86,106.51,0,19,2,0,0.0,0.0,0.0,52,8.16,25.92,19.06,Sunrisers Hyderabad,2022,7500000,1.183086132,8873145.992
675,849,JP Behrendorff,australia,32.0,,bowler,right-handed-bat,left-arm-fast-medium,1,7,7.0,77.78,0,0,0,2,6,0.0,66.67,0,0,0,18,8.36,24.61,17.67,19,9.05,29.05,19.26,Royal Challengers Bengaluru,2022,7500000,1.183086132,8873145.992
805,794,FA Allen,west indies,27.0,,batting-allrounder,right-handed-bat,left-arm-orthodox,9,272,15.11,136.69,0,16,21,2,14,7.0,73.69,0,1,0,24,7.55,30.46,24.21,2,9.07,68.0,45.0,Mumbai Indians,2022,7500000,1.183086132,8873145.992
900,811,NT Ellis,australia,28.0,,bowler,right-handed-bat,right-arm-fast-medium,3,18,6.0,47.37,0,0,0,1,19,4.75,76.0,0,0,1,32,7.66,16.91,13.25,18,8.61,28.22,19.67,Punjab Kings,2022,7500000,1.183086132,8873145.992
911,831,DJ Mitchell,new zealand,31.0,,batting-allrounder,right-handed-bat,right-arm-medium,13,1411,26.62,139.29,8,98,53,2,351,27.0,131.47,2,28,10,9,10.6,21.0,11.89,1,12.13,97.0,48.0,Rajasthan Royals,2022,7500000,1.183086132,8873145.992
912,832,OC McCoy,west indies,25.0,,bowler,left-handed-bat,left-arm-fast-medium,6,68,9.71,106.25,0,7,4,0,8,8.0,160.0,0,0,1,52,8.72,22.4,15.42,11,9.32,22.73,14.64,Rajasthan Royals,2022,7500000,1.183086132,8873145.992
84,41,JW Hastings,australia,29.0,6.39795,bowling-allrounder,right-handed-bat,right-arm-fast-medium,2,46,11.5,124.33,0,3,1,0,0,0.0,0.0,0,0,0,7,7.97,35.29,26.57,3,6.83,22.0,19.33,Chennai Super Kings,2014,5000000,1.745533373,8727666.863
233,108,JR Hazlewood,australia,23.0,6.43076,bowler,left-handed-bat,right-arm-fast-medium,7,29,9.67,107.41,0,2,1,6,19,0.0,67.86,0,1,0,67,7.49,22.1,17.7,35,8.06,23.14,17.23,Mumbai Indians,2014,5000000,1.745533373,8727666.863
306,142,NJ Maddinson,australia,23.0,,batsman,left-handed-bat,left-arm-orthodox,0,45,11.25,128.58,0,6,1,0,20,6.67,95.24,0,4,0,0,0.0,0.0,0.0,0,0.0,0.0,0.0,Royal Challengers Bengaluru,2014,5000000,1.745533373,8727666.863
353,164,NV Ojha,india,31.0,,wk-batsman,right-handed-bat,,0,12,6.0,44.45,0,2,0,19,1554,20.72,118.36,6,121,79,0,0.0,0.0,0.0,0,0.0,0.0,0.0,Sunrisers Hyderabad,2014,5000000,1.745533373,8727666.863
692,481,Z Khan,afghanistan,20.0,,bowler,left-handed-bat,left-arm-wrist-spin,0,0,0.0,0.0,0,0,0,0,0,0.0,0.0,0,0,0,3,6.25,16.67,16.0,0,0.0,0.0,0.0,Rajasthan Royals,2018,6000000,1.444252553,8665515.318
382,270,MP Stoinis,australia,27.0,,batting-allrounder,right-handed-bat,right-arm-medium,22,1245,31.92,148.57,5,99,63,22,1866,28.27,142.01,9,150,91,45,8.73,24.24,16.67,43,9.52,29.63,18.67,Punjab Kings,2016,5500000,1.55980021,8578901.153
885,902,DR Sams,australia,31.0,,bowling-allrounder,right-handed-bat,left-arm-fast-medium,3,106,26.5,170.97,0,8,6,4,44,4.89,100.0,0,1,3,7,10.17,43.57,25.71,14,8.72,37.36,25.71,Lucknow Super Giants,2023,7500000,1.10879675,8315975.625
853,696,M Theekshana,sri lanka,22.0,,bowler,right-handed-bat,right-arm-offbreak,9,66,3.88,64.08,0,4,2,1,7,7.0,100.0,0,0,1,58,6.88,26.57,23.17,25,7.66,31.88,24.96,Chennai Super Kings,2022,7000000,1.183086132,8281602.926
154,349,R Dhawan,india,27.0,,bowling-allrounder,right-handed-bat,right-arm-fast-medium,1,1,0.0,50.0,0,0,0,13,210,19.09,112.3,0,18,7,1,10.5,42.0,24.0,25,8.08,35.64,26.48,Kolkata Knight Riders,2017,5500000,1.492346163,8207903.897
130,198,JDS Neesham,new zealand,25.0,,batting-allrounder,left-handed-bat,right-arm-fast-medium,21,944,22.48,154.51,0,72,51,1,92,10.22,98.93,0,6,2,39,9.1,27.64,18.23,8,9.28,41.75,27.0,Kolkata Knight Riders,2015,5000000,1.6363864,8181932.0
221,204,PP Ojha,india,29.0,,bowler,left-handed-bat,left-arm-orthodox,1,10,0.0,166.67,0,0,1,11,16,1.33,35.56,0,0,0,10,6.29,13.2,12.6,89,7.37,26.2,21.34,Mumbai Indians,2015,5000000,1.6363864,8181932.0
395,199,GB Hogg,australia,44.0,6.00423,bowler,left-handed-bat,left-arm-wrist-spin,0,55,13.75,141.03,0,3,3,3,22,7.33,100.0,0,1,0,7,7.61,53.29,42.0,23,7.47,24.78,19.91,Kolkata Knight Riders,2015,5000000,1.6363864,8181932.0
426,223,SN Khan,india,18.0,,batsman,right-handed-bat,right-arm-legbreak,0,0,0.0,0.0,0,0,0,11,585,22.5,130.59,1,63,14,0,0.0,0.0,0.0,0,0.0,0.0,0.0,Royal Challengers Bengaluru,2015,5000000,1.6363864,8181932.0
602,602,RA Tripathi,india,29.0,,batsman,right-handed-bat,right-arm-medium,0,97,19.4,144.78,0,11,5,10,2236,26.94,139.32,12,223,84,0,0.0,0.0,0.0,0,12.0,0.0,0.0,Kolkata Knight Riders,2020,6000000,1.326116584,7956699.506
984,957,SD Hope,west indies,31.0,,wk-batsman,right-handed-bat,,5,847,26.47,138.4,5,69,44,1,183,22.88,150.0,0,12,12,0,0.0,0.0,0.0,0,0.0,0.0,0.0,Delhi Capitals,2024,7500000,1.0495,7871250.0
139,65,S Kaul,india,24.0,,bowler,right-handed-bat,right-arm-fast-medium,0,0,0.0,0.0,0,0,0,8,20,5.0,55.56,0,1,0,4,8.69,21.0,14.5,58,8.63,29.98,20.84,Delhi Capitals,2014,4500000,1.745533373,7854900.177
85,308,S Badree,west indies,35.0,,bowler,right-handed-bat,right-arm-legbreak,10,43,7.17,66.16,0,1,1,0,13,2.6,56.53,0,0,0,56,6.18,21.07,20.46,11,7.42,29.0,23.45,Royal Challengers Bengaluru,2016,5000000,1.55980021,7799001.048
260,319,BCJ Cutting,australia,29.0,6.29952,bowling-allrounder,right-handed-bat,right-arm-fast-medium,1,40,10.0,148.15,0,2,3,6,238,21.64,168.8,0,15,19,3,10.24,71.67,42.0,10,9.16,42.9,28.1,Sunrisers Hyderabad,2016,5000000,1.55980021,7799001.048
300,295,AB Dinda,india,32.0,,bowler,right-handed-bat,right-arm-fast-medium,1,22,22.0,91.67,0,1,0,7,26,2.6,54.17,0,2,0,17,8.17,14.41,10.59,69,8.2,30.04,21.97,Lucknow Super Giants,2016,5000000,1.55980021,7799001.048
365,255,AJ Tye,australia,30.0,,bowler,right-handed-bat,right-arm-fast-medium,7,83,10.38,109.22,0,5,4,4,91,10.11,119.74,0,6,5,47,8.76,21.21,14.53,42,8.59,23.31,16.29,Gujarat Titans,2016,5000000,1.55980021,7799001.048
377,309,TM Head,australia,23.0,,batsman,left-handed-bat,right-arm-offbreak,4,1093,33.12,160.5,5,114,53,4,772,36.76,173.88,5,76,40,1,9.33,56.0,36.0,2,11.69,56.5,29.0,Royal Challengers Bengaluru,2016,5000000,1.55980021,7799001.048
504,296,SM Boland,australia,27.0,,bowler,right-handed-bat,right-arm-fast-medium,0,0,0.0,0.0,0,0,0,0,0,0.0,0.0,0,0,0,3,8.18,30.0,22.0,2,7.71,27.0,21.0,Lucknow Super Giants,2016,5000000,1.55980021,7799001.048
970,935,R Vinay Kumar,india,27.0,,bowler,left-handed-bat,left-arm-fast-medium,0,0,0.0,0.0,0,0,0,0,0,0.0,0.0,0,0,0,0,0.0,0.0,0.0,0,0.0,0.0,0.0,Royal Challengers Bengaluru,2023,7000000,1.10879675,7761577.25
679,787,M Markande,india,25.0,,bowler,right-handed-bat,right-arm-legbreak,0,0,0.0,0.0,0,0,0,8,48,16.0,114.29,0,5,1,0,7.75,0.0,0.0,37,8.91,28.89,19.46,Mumbai Indians,2022,6500000,1.183086132,7690059.86
774,723,Lalit Yadav,india,25.0,,batting-allrounder,right-handed-bat,right-arm-offbreak,0,0,0.0,0.0,0,0,0,5,305,19.06,105.18,0,27,7,0,0.0,0.0,0.0,10,8.85,42.5,28.8,Delhi Capitals,2022,6500000,1.183086132,7690059.86
87,343,MJ Henry,new zealand,26.0,,bowler,right-handed-bat,right-arm-fast-medium,3,24,6.0,88.89,0,2,1,0,0,0.0,0.0,0,0,0,27,8.3,23.67,17.11,2,10.65,90.5,51.0,Punjab Kings,2017,5000000,1.492346163,7461730.815
115,363,MK Tiwary,india,32.0,,batsman,right-handed-bat,right-arm-legbreak,0,15,15.0,88.24,0,0,0,26,1695,28.73,116.98,7,156,40,0,0.0,0.0,0.0,1,11.86,83.0,42.0,Lucknow Super Giants,2017,5000000,1.492346163,7461730.815
485,334,NB Singh,india,22.0,,bowler,right-handed-bat,right-arm-fast-medium,0,0,0.0,0.0,0,0,0,0,0,0.0,0.0,0,0,0,0,0.0,0.0,0.0,1,3.75,15.0,24.0,Gujarat Titans,2017,5000000,1.492346163,7461730.815
563,350,DM Bravo,west indies,28.0,,batsman,left-handed-bat,right-arm-fast-medium,3,405,21.32,106.87,0,32,14,1,6,0.0,120.0,0,1,0,0,0.0,0.0,0.0,0,0.0,0.0,0.0,Kolkata Knight Riders,2017,5000000,1.492346163,7461730.815
593,364,LH Ferguson,new zealand,26.0,,bowler,right-handed-bat,right-arm-fast,7,29,3.63,80.56,0,0,2,7,68,22.67,147.83,0,6,2,64,7.1,16.98,14.36,46,8.96,31.0,20.76,Lucknow Super Giants,2017,5000000,1.492346163,7461730.815
614,376,CJ Jordan,england,29.0,6.2,bowler,right-handed-bat,right-arm-fast-medium,25,439,13.72,129.12,0,31,21,3,81,8.1,105.2,0,3,3,108,8.74,26.35,18.08,30,9.61,35.67,22.27,Sunrisers Hyderabad,2017,5000000,1.492346163,7461730.815
0,465,A Dananjaya,sri lanka,25.0,,bowler,left-handed-bat,right-arm-offbreak,8,65,8.13,90.28,0,7,0,1,4,0.0,80.0,0,0,0,30,8.26,32.17,23.37,0,11.75,0.0,0.0,Mumbai Indians,2018,5000000,1.444252553,7221262.765
143,414,J Yadav,india,28.0,,bowling-allrounder,right-handed-bat,right-arm-offbreak,0,0,0.0,0.0,0,0,0,1,40,10.0,111.12,0,2,1,0,0.0,0.0,0.0,8,6.85,55.63,48.75,Delhi Capitals,2018,5000000,1.444252553,7221262.765
517,483,STR Binny,india,34.0,,batting-allrounder,right-handed-bat,right-arm-medium,0,35,17.5,120.69,0,2,1,22,880,19.13,128.85,0,66,35,1,10.8,54.0,30.0,22,7.66,34.45,27.0,Rajasthan Royals,2018,5000000,1.444252553,7221262.765
628,391,MJ Santner,new zealand,26.0,,bowling-allrounder,left-handed-bat,left-arm-orthodox,31,725,16.86,120.24,1,55,24,5,70,11.67,98.6,0,4,3,120,7.04,22.18,18.9,15,6.92,28.13,24.4,Chennai Super Kings,2018,5000000,1.444252553,7221262.765
631,392,L Ngidi,south africa,22.0,,bowler,right-handed-bat,right-arm-fast,8,41,8.2,78.85,0,4,0,0,0,0.0,0.0,0,0,0,63,9.24,20.95,13.6,25,8.3,17.92,12.96,Chennai Super Kings,2018,5000000,1.444252553,7221262.765
695,484,PVD Chameera,sri lanka,26.0,,bowler,right-handed-bat,right-arm-fast,13,101,6.73,89.39,0,9,1,4,43,10.75,153.58,0,3,3,55,8.09,28.87,21.42,9,9.19,48.0,31.33,Rajasthan Royals,2018,5000000,1.444252553,7221262.765
1049,482,B Laughlin,australia,36.0,,bowler,right-handed-bat,right-arm-fast-medium,0,0,0.0,0.0,0,0,0,2,5,2.5,38.47,0,0,0,2,9.97,59.0,35.5,10,10.13,28.2,16.7,Rajasthan Royals,2018,5000000,1.444252553,7221262.765
396,752,SP Jackson,india,36.0,,wk-batsman,right-handed-bat,,0,0,0.0,0.0,0,0,0,2,61,10.17,107.02,0,5,1,0,0.0,0.0,0.0,0,0.0,0.0,0.0,Kolkata Knight Riders,2022,6000000,1.183086132,7098516.794
140,66,R Shukla,india,24.0,,bowler,right-handed-bat,right-arm-fast-medium,0,0,0.0,0.0,0,0,0,3,19,19.0,82.61,0,2,0,0,0.0,0.0,0.0,5,10.4,41.6,24.0,Delhi Capitals,2014,4000000,1.745533373,6982133.491
213,99,Virat Singh,india,22.0,,bowler,right-handed-bat,right-arm-medium,0,0,0.0,0.0,0,0,0,0,0,0.0,0.0,0,0,0,0,0.0,0.0,0.0,10,8.71,29.6,20.4,Kolkata Knight Riders,2014,4000000,1.745533373,6982133.491
215,100,Kuldeep Yadav,india,18.0,,bowler,left-handed-bat,left-arm-fast-medium,0,0,0.0,0.0,0,0,0,1,0,0.0,0.0,0,0,0,0,0.0,0.0,0.0,2,9.33,42.0,27.0,Kolkata Knight Riders,2014,4000000,1.745533373,6982133.491
311,143,HV Patel,india,24.0,,bowler,right-handed-bat,right-arm-fast-medium,4,77,12.83,135.09,0,9,3,15,249,9.22,122.67,0,16,15,29,9.18,26.55,17.34,135,8.74,23.33,16.01,Royal Challengers Bengaluru,2014,4000000,1.745533373,6982133.491
721,536,KMA Paul,west indies,21.0,,bowling-allrounder,right-handed-bat,right-arm-fast-medium,8,187,20.78,112.66,0,10,11,1,18,3.6,75.0,0,1,1,25,9.09,28.0,18.48,9,8.72,26.33,18.11,Delhi Capitals,2019,5000000,1.389372345,6946861.727
747,567,AJ Turner,australia,26.0,,batting-allrounder,right-handed-bat,right-arm-offbreak,5,110,12.22,83.97,0,4,2,1,24,4.8,85.72,0,0,2,4,6.31,20.5,19.5,0,0.0,0.0,0.0,Rajasthan Royals,2019,5000000,1.389372345,6946861.727
751,568,LS Livingstone,england,26.0,,batting-allrounder,right-handed-bat,right-arm-legbreak,9,955,25.13,148.99,2,54,59,6,939,28.45,162.46,6,66,66,33,8.73,25.39,17.45,11,9.14,35.73,23.45,Rajasthan Royals,2019,5000000,1.389372345,6946861.727
761,578,H Klaasen,south africa,28.0,,wk-batsman,right-handed-bat,right-arm-offbreak,10,1000,23.26,141.85,5,72,52,6,993,38.19,168.31,6,56,64,0,14.0,0.0,0.0,0,0.0,0.0,0.0,Royal Challengers Bengaluru,2019,5000000,1.389372345,6946861.727
822,893,VG Arora,india,26.0,,bowler,right-handed-bat,right-arm-fast-medium,0,0,0.0,0.0,0,0,0,6,9,4.5,56.25,0,0,0,0,0.0,0.0,0.0,19,9.18,30.84,20.16,Kolkata Knight Riders,2023,6000000,1.10879675,6652780.5
963,931,Arshdeep Singh,india,25.0,,bowler,right-handed-bat,right-arm-fast-medium,0,0,0.0,0.0,0,0,0,0,0,0.0,0.0,0,0,0,0,0.0,0.0,0.0,0,0.0,0.0,0.0,Royal Challengers Bengaluru,2023,6000000,1.10879675,6652780.5
75,591,MM Sharma,india,32.0,,bowler,right-handed-bat,right-arm-fast-medium,2,3,0.0,42.86,0,0,0,14,124,7.29,93.24,0,8,4,6,8.04,30.83,23.0,132,8.67,24.67,17.07,Delhi Capitals,2020,5000000,1.326116584,6630582.922
129,596,JDS Neesham,new zealand,30.0,,batting-allrounder,left-handed-bat,right-arm-fast-medium,21,944,22.48,154.51,0,72,51,1,92,10.22,98.93,0,6,2,39,9.1,27.64,18.23,8,9.28,41.75,27.0,Punjab Kings,2020,5000000,1.326116584,6630582.922
797,625,I Udana,sri lanka,32.0,,bowling-allrounder,right-handed-bat,left-arm-fast-medium,11,256,18.29,137.64,1,16,14,1,15,5.0,136.37,0,1,1,27,8.7,33.89,23.37,8,9.72,35.25,21.75,Royal Challengers Bengaluru,2020,5000000,1.326116584,6630582.922
807,632,FA Allen,west indies,25.0,,batting-allrounder,right-handed-bat,left-arm-orthodox,9,272,15.11,136.69,0,16,21,2,14,7.0,73.69,0,1,0,24,7.55,30.46,24.21,2,9.07,68.0,45.0,Sunrisers Hyderabad,2020,5000000,1.326116584,6630582.922
153,810,R Dhawan,india,32.0,,bowling-allrounder,right-handed-bat,right-arm-fast-medium,1,1,0.0,50.0,0,0,0,13,210,19.09,112.3,0,18,7,1,10.5,42.0,24.0,25,8.08,35.64,26.48,Punjab Kings,2022,5500000,1.183086132,6506973.728
556,754,RK Singh,india,25.0,,batsman,left-handed-bat,right-arm-offbreak,11,546,42.0,161.07,3,45,31,11,893,30.79,143.34,4,67,46,2,3.0,1.5,3.0,0,0.0,0.0,0.0,Kolkata Knight Riders,2022,5500000,1.183086132,6506973.728
880,765,Abhishek Sharma,india,20.0,,bowler,right-handed-bat,right-arm-fast-medium,0,0,0.0,0.0,0,0,0,0,0,0.0,0.0,0,0,0,0,0.0,0.0,0.0,0,0.0,0.0,0.0,Kolkata Knight Riders,2022,5500000,1.183086132,6506973.728
785,962,Kartik Tyagi,india,24.0,,bowler,right-handed-bat,right-arm-fast,0,0,0.0,0.0,0,0,0,3,13,3.25,81.25,0,1,0,0,0.0,0.0,0.0,15,10.14,47.53,28.13,Gujarat Titans,2024,6000000,1.0495,6297000.0
96,653,P Negi,india,28.0,,bowling-allrounder,left-handed-bat,left-arm-orthodox,0,0,0.0,0.0,0,0,0,9,365,14.04,126.3,0,27,16,1,5.33,16.0,18.0,34,7.87,27.62,21.06,Kolkata Knight Riders,2021,5000000,1.243778451,6218892.254
128,659,JDS Neesham,new zealand,31.0,,batting-allrounder,left-handed-bat,right-arm-fast-medium,21,944,22.48,154.51,0,72,51,1,92,10.22,98.93,0,6,2,39,9.1,27.64,18.23,8,9.28,41.75,27.0,Mumbai Indians,2021,5000000,1.243778451,6218892.254
160,638,CA Pujara,india,33.0,,batsman,right-handed-bat,right-arm-legbreak,0,0,0.0,0.0,0,0,0,3,390,20.53,99.75,1,50,4,0,0.0,0.0,0.0,0,0.0,0.0,0.0,Chennai Super Kings,2021,5000000,1.243778451,6218892.254
264,652,KK Nair,india,30.0,,batsman,right-handed-bat,right-arm-offbreak,0,0,0.0,0.0,0,0,0,5,1496,23.75,127.76,10,161,39,0,0.0,0.0,0.0,0,0.0,0.0,0.0,Kolkata Knight Riders,2021,5000000,1.243778451,6218892.254
133,772,S Nadeem,india,33.0,,bowler,right-handed-bat,left-arm-orthodox,0,0,0.0,0.0,0,0,0,8,39,2.79,44.83,0,2,0,0,0.0,0.0,0.0,48,7.56,37.17,29.48,Lucknow Super Giants,2022,5000000,1.183086132,5915430.661
164,808,Sandeep Sharma,india,29.0,,bowler,right-handed-bat,right-arm-fast-medium,1,1,0.0,100.0,0,0,0,21,54,9.0,77.15,0,4,0,1,10.43,73.0,42.0,137,7.89,27.07,20.6,Punjab Kings,2022,5000000,1.183086132,5915430.661
296,744,VR Aaron,india,33.0,,bowler,right-handed-bat,right-arm-fast,0,0,0.0,0.0,0,0,0,8,50,10.0,69.45,0,2,2,0,0.0,0.0,0.0,44,8.94,33.66,22.59,Gujarat Titans,2022,5000000,1.183086132,5915430.661
334,846,KV Sharma,india,35.0,,bowler,left-handed-bat,right-arm-legbreak,0,0,0.0,0.0,0,0,0,14,351,13.5,119.39,0,20,17,1,7.0,28.0,24.0,76,8.38,27.46,19.67,Royal Challengers Bengaluru,2022,5000000,1.183086132,5915430.661
476,769,Arshdeep Singh,india,,,bowler,right-handed-bat,right-arm-offbreak,0,0,0.0,0.0,0,0,0,0,0,0.0,0.0,0,0,0,0,0.0,0.0,0.0,0,0.0,0.0,0.0,Lucknow Super Giants,2022,5000000,1.183086132,5915430.661
520,726,P Dubey,india,29.0,,bowling-allrounder,right-handed-bat,right-arm-legbreak,0,0,0.0,0.0,0,0,0,1,23,23.0,69.7,0,2,0,0,0.0,0.0,0.0,1,8.27,91.0,66.0,Delhi Capitals,2022,5000000,1.183086132,5915430.661
569,788,SA Yadav,india,27.0,,bowling-allrounder,left-handed-bat,left-arm-orthodox,0,0,0.0,0.0,0,0,0,0,0,0.0,0.0,0,0,0,0,0.0,0.0,0.0,0,11.5,0.0,0.0,Mumbai Indians,2022,5000000,1.183086132,5915430.661
630,718,L Ngidi,south africa,26.0,,bowler,right-handed-bat,right-arm-fast,8,41,8.2,78.85,0,4,0,0,0,0.0,0.0,0,0,0,63,9.24,20.95,13.6,25,8.3,17.92,12.96,Delhi Capitals,2022,5000000,1.183086132,5915430.661
817,861,Vishnu Vinod,india,29.0,,wk-batsman,right-handed-bat,,0,0,0.0,0.0,0,0,0,0,56,9.33,98.25,0,3,3,0,0.0,0.0,0.0,0,0.0,0.0,0.0,Sunrisers Hyderabad,2022,5000000,1.183086132,5915430.661
860,700,D Pretorius,south africa,33.0,,bowling-allrounder,right-handed-bat,right-arm-fast-medium,5,261,21.75,164.16,1,22,15,1,44,11.0,157.15,0,3,3,35,8.29,19.89,14.4,6,9.52,39.67,25.0,Chennai Super Kings,2022,5000000,1.183086132,5915430.661
864,720,YV Dhull,india,20.0,,batsman,right-handed-bat,right-arm-offbreak,0,0,0.0,0.0,0,0,0,0,16,5.33,69.57,0,1,0,0,0.0,0.0,0.0,0,0.0,0.0,0.0,Delhi Capitals,2022,5000000,1.183086132,5915430.661
865,725,TL Seifert,new zealand,28.0,,wk-batsman,right-handed-bat,,7,1291,25.31,134.76,9,111,58,0,26,8.67,113.05,0,4,0,0,0.0,0.0,0.0,0,0.0,0.0,0.0,Delhi Capitals,2022,5000000,1.183086132,5915430.661
883,778,KR Mayers,west indies,30.0,,batting-allrounder,left-handed-bat,right-arm-medium,2,762,21.77,138.3,3,68,51,0,379,29.15,144.11,4,38,22,0,9.5,0.0,0.0,0,8.43,0.0,0.0,Lucknow Super Giants,2022,5000000,1.183086132,5915430.661
905,815,PBB Rajapaksa,sri lanka,31.0,,wk-batsman,left-handed-bat,right-arm-medium,7,733,22.91,132.79,3,63,31,0,277,21.31,145.03,1,22,15,0,0.0,0.0,0.0,0,0.0,0.0,0.0,Punjab Kings,2022,5000000,1.183086132,5915430.661
932,869,Fazalhaq Farooqi,afghanistan,22.0,,bowler,right-handed-bat,left-arm-fast-medium,9,12,4.0,63.16,0,1,0,2,3,0.0,23.08,0,0,0,54,6.71,19.09,17.07,6,8.96,37.83,25.33,Sunrisers Hyderabad,2022,5000000,1.183086132,5915430.661
634,393,KM Asif,india,25.0,,bowler,right-handed-bat,right-arm-fast-medium,0,0,0.0,0.0,0,0,0,0,0,0.0,0.0,0,0,0,0,0.0,0.0,0.0,7,10.42,33.0,19.0,Chennai Super Kings,2018,4000000,1.444252553,5777010.212
12,12,R McLaren,south africa,30.0,,bowling-allrounder,left-handed-bat,right-arm-fast-medium,3,9,9.0,69.24,0,0,0,5,159,19.88,92.99,1,14,1,17,7.57,19.53,15.47,12,9.19,45.17,29.5,Kolkata Knight Riders,2013,2900000,1.937018384,5617353.313
21,16,JDP Oram,new zealand,35.0,6.49638,bowling-allrounder,left-handed-bat,right-arm-fast-medium,7,474,20.61,139.83,2,38,22,4,106,13.25,98.15,0,6,5,19,8.73,41.79,28.74,9,8.84,38.78,26.33,Mumbai Indians,2013,2900000,1.937018384,5617353.313
31,908,JD Unadkat,india,32.0,,bowler,right-handed-bat,left-arm-fast-medium,0,0,0.0,0.0,0,0,0,16,197,12.31,118.68,0,16,7,14,8.68,21.5,14.86,99,8.98,32.21,21.53,Lucknow Super Giants,2023,5000000,1.10879675,5543983.75
74,888,MM Sharma,india,35.0,,bowler,right-handed-bat,right-arm-fast-medium,2,3,0.0,42.86,0,0,0,14,124,7.29,93.24,0,8,4,6,8.04,30.83,23.0,132,8.67,24.67,17.07,Gujarat Titans,2023,5000000,1.10879675,5543983.75
167,896,Mandeep Singh,india,32.0,,batsman,right-handed-bat,right-arm-medium,1,87,43.5,119.18,1,11,1,16,1706,20.8,122.92,6,176,38,0,0.0,0.0,0.0,0,13.0,0.0,0.0,Kolkata Knight Riders,2023,5000000,1.10879675,5543983.75
280,899,A Mishra,india,41.0,,bowler,right-handed-bat,right-arm-legbreak,0,0,0.0,0.0,0,0,0,25,381,11.91,90.94,0,31,5,16,6.32,15.0,14.25,174,7.38,23.82,19.37,Lucknow Super Giants,2023,5000000,1.10879675,5543983.75
340,882,I Sharma,india,35.0,,bowler,right-handed-bat,right-arm-fast-medium,2,8,8.0,88.89,0,1,0,22,57,9.5,82.61,0,4,2,8,8.63,50.0,34.75,92,8.24,34.48,25.1,Delhi Capitals,2023,5000000,1.10879675,5543983.75
678,940,M Markande,india,26.0,,bowler,right-handed-bat,right-arm-legbreak,0,0,0.0,0.0,0,0,0,8,48,16.0,114.29,0,5,1,0,7.75,0.0,0.0,37,8.91,28.89,19.46,Sunrisers Hyderabad,2023,5000000,1.10879675,5543983.75
688,874,AM Rahane,india,35.0,,batsman,right-handed-bat,right-arm-medium,2,375,20.83,113.3,1,32,6,17,4642,30.14,123.43,30,478,103,0,0.0,0.0,0.0,1,5.0,5.0,6.0,Chennai Super Kings,2023,5000000,1.10879675,5543983.75
895,890,OF Smith,west indies,27.0,,bowling-allrounder,right-handed-bat,right-arm-medium,7,193,14.85,139.86,0,13,12,3,51,17.0,115.91,0,1,5,27,10.29,28.59,16.67,6,11.87,29.67,15.0,Gujarat Titans,2023,5000000,1.10879675,5543983.75
927,901,R Shepherd,west indies,29.0,,bowling-allrounder,right-handed-bat,right-arm-fast-medium,14,537,26.85,139.12,0,25,39,4,115,23.0,182.54,0,7,10,56,9.8,27.54,16.86,4,12.24,64.25,31.5,Lucknow Super Giants,2023,5000000,1.10879675,5543983.75
942,897,Liton Das,bangladesh,29.0,,wk-batsman,right-handed-bat,,3,2021,22.46,124.84,11,210,58,0,4,4.0,100.0,0,1,0,0,0.0,0.0,0.0,0,0.0,0.0,0.0,Kolkata Knight Riders,2023,5000000,1.10879675,5543983.75
956,920,Sikandar Raza,zimbabwe,37.0,,batting-allrounder,right-handed-bat,right-arm-offbreak,7,2347,26.08,137.18,14,176,115,2,182,26.0,133.83,1,12,8,79,6.89,22.78,19.85,3,10.07,47.0,28.0,Punjab Kings,2023,5000000,1.10879675,5543983.75
958,925,D Ferreira,south africa,25.0,,wk-batsman,right-handed-bat,right-arm-offbreak,0,79,15.8,158.0,0,2,6,0,8,4.0,72.73,0,0,0,0,12.33,0.0,0.0,0,0.0,0.0,0.0,Rajasthan Royals,2023,5000000,1.10879675,5543983.75
93,320,V Shankar,india,25.0,,batting-allrounder,right-handed-bat,right-arm-medium,0,101,25.25,138.36,0,11,5,16,1115,25.34,129.81,6,80,45,5,9.1,38.2,25.2,9,8.67,38.22,26.44,Sunrisers Hyderabad,2016,3500000,1.55980021,5459300.734
459,256,Ishan Kishan,india,18.0,,wk-batsman,left-handed-bat,,1,796,25.68,124.38,6,79,36,6,2644,28.43,135.87,16,255,119,0,0.0,0.0,0.0,0,0.0,0.0,0.0,Gujarat Titans,2016,3500000,1.55980021,5459300.734
522,310,P Dubey,india,23.0,,bowling-allrounder,right-handed-bat,right-arm-legbreak,0,0,0.0,0.0,0,0,0,1,23,23.0,69.7,0,2,0,0,0.0,0.0,0.0,1,8.27,91.0,66.0,Royal Challengers Bengaluru,2016,3500000,1.55980021,5459300.734
384,975,KS Bharat,india,31.0,,wk-batsman,right-handed-bat,,0,0,0.0,0.0,0,0,0,2,199,28.43,122.09,1,12,8,0,0.0,0.0,0.0,0,0.0,0.0,0.0,Kolkata Knight Riders,2024,5000000,1.0495,5247500.0
841,976,C Sakariya,india,26.0,,bowler,left-handed-bat,left-arm-fast-medium,1,5,0.0,55.56,0,0,0,2,20,3.33,64.52,0,3,0,1,9.27,34.0,22.0,20,8.44,29.95,21.3,Kolkata Knight Riders,2024,5000000,1.0495,5247500.0
987,960,T Stubbs,south africa,24.0,,wk-batsman,right-handed-bat,right-arm-offbreak,6,670,29.13,134.81,2,57,28,6,405,36.82,173.82,3,26,26,0,20.5,0.0,0.0,4,7.25,7.25,6.0,Delhi Capitals,2024,5000000,1.0495,5247500.0
996,967,Azmatullah Omarzai,afghanistan,24.0,,bowling-allrounder,right-handed-bat,right-arm-fast-medium,4,474,14.36,111.01,0,30,18,0,42,10.5,127.28,0,2,2,31,8.37,30.16,21.61,4,8.86,46.5,31.5,Gujarat Titans,2024,5000000,1.0495,5247500.0
1015,1003,N Burger,south africa,29.0,,bowler,left-handed-bat,left-arm-fast-medium,0,1,1.0,33.34,0,0,0,0,0,0.0,0.0,0,0,0,1,12.29,86.0,42.0,7,8.53,20.71,14.57,Rajasthan Royals,2024,5000000,1.0495,5247500.0
86,42,S Badree,west indies,33.0,,bowler,right-handed-bat,right-arm-legbreak,10,43,7.17,66.16,0,1,1,0,13,2.6,56.53,0,0,0,56,6.18,21.07,20.46,11,7.42,29.0,23.45,Chennai Super Kings,2014,3000000,1.745533373,5236600.118
88,43,MJ Henry,new zealand,23.0,,bowler,right-handed-bat,right-arm-fast-medium,3,24,6.0,88.89,0,2,1,0,0,0.0,0.0,0,0,0,27,8.3,23.67,17.11,2,10.65,90.5,51.0,Chennai Super Kings,2014,3000000,1.745533373,5236600.118
89,44,M Manhas,india,35.0,,batting-allrounder,right-handed-bat,right-arm-offbreak,0,0,0.0,0.0,0,0,0,15,514,22.35,109.37,0,43,10,0,0.0,0.0,0.0,0,6.0,0.0,0.0,Chennai Super Kings,2014,3000000,1.745533373,5236600.118
109,127,DH Yagnik,india,31.0,,wk-batsman,left-handed-bat,,0,0,0.0,0.0,0,0,0,7,170,17.0,124.09,0,23,2,0,0.0,0.0,0.0,0,0.0,0.0,0.0,Rajasthan Royals,2014,3000000,1.745533373,5236600.118
234,109,M de Lange,south africa,24.0,,bowler,right-handed-bat,right-arm-fast,0,0,0.0,0.0,0,0,0,0,1,1.0,50.0,0,0,0,7,9.77,32.57,20.0,5,9.39,33.8,21.6,Mumbai Indians,2014,3000000,1.745533373,5236600.118
235,110,K Santokie,west indies,30.0,,bowler,left-handed-bat,left-arm-medium,1,0,0.0,0.0,0,0,0,0,0,0.0,0.0,0,0,0,18,6.81,15.44,13.61,3,11.25,30.0,16.0,Mumbai Indians,2014,3000000,1.745533373,5236600.118
270,128,KK Cooper,west indies,25.0,,bowling-allrounder,right-handed-bat,right-arm-fast-medium,0,0,0.0,0.0,0,0,0,5,116,12.89,170.59,0,9,8,0,0.0,0.0,0.0,33,7.89,22.94,17.45,Rajasthan Royals,2014,3000000,1.745533373,5236600.118
354,165,LRPL Taylor,zimbabwe,28.0,,wk-batsman,right-handed-bat,right-arm-offbreak,6,934,23.95,118.23,6,93,24,0,0,0.0,0.0,0,0,0,1,3.4,17.0,30.0,0,0.0,0.0,0.0,Sunrisers Hyderabad,2014,3000000,1.745533373,5236600.118
946,906,Yash Thakur,india,25.0,,bowler,right-handed-bat,right-arm-fast-medium,0,0,0.0,0.0,0,0,0,0,0,0.0,0.0,0,0,0,0,0.0,0.0,0.0,24,10.26,28.79,16.83,Lucknow Super Giants,2023,4500000,1.10879675,4989585.375
120,175,RG Sharma,india,29.0,,bowler,right-handed-bat,right-arm-legbreak,0,0,0.0,0.0,0,0,0,6,66,4.71,88.0,0,5,3,3,7.64,18.67,14.67,40,7.02,27.15,23.2,Chennai Super Kings,2015,3000000,1.6363864,4909159.2
125,230,LR Shukla,india,34.0,,batting-allrounder,right-handed-bat,right-arm-medium,0,0,0.0,0.0,0,0,0,7,405,15.0,115.72,0,33,15,0,0.0,0.0,0.0,15,8.54,29.8,20.93,Sunrisers Hyderabad,2015,3000000,1.6363864,4909159.2
324,195,NS Naik,india,21.0,,batsman,right-handed-bat,right-arm-offbreak,0,0,0.0,0.0,0,0,0,0,31,7.75,62.0,0,2,0,0,0.0,0.0,0.0,0,0.0,0.0,0.0,Punjab Kings,2015,3000000,1.6363864,4909159.2
361,176,KJ Abbott,south africa,28.0,,bowler,right-handed-bat,right-arm-fast-medium,4,23,11.5,115.0,0,2,0,2,13,13.0,162.5,0,0,1,26,7.97,22.27,16.77,2,11.06,88.5,48.0,Chennai Super Kings,2015,3000000,1.6363864,4909159.2
378,189,TM Head,australia,22.0,,batsman,left-handed-bat,right-arm-offbreak,4,1093,33.12,160.5,5,114,53,4,772,36.76,173.88,5,76,40,1,9.33,56.0,36.0,2,11.69,56.5,29.0,Delhi Capitals,2015,3000000,1.6363864,4909159.2
400,205,A Mithun,india,26.0,,bowler,right-handed-bat,right-arm-medium,0,0,0.0,0.0,0,0,0,3,34,6.8,130.77,0,4,1,0,0.0,0.0,0.0,7,9.83,67.43,41.14,Mumbai Indians,2015,3000000,1.6363864,4909159.2
401,206,MJ McClenaghan,new zealand,29.0,,bowler,left-handed-bat,left-arm-fast-medium,4,24,6.0,104.35,0,1,2,11,85,6.54,121.43,0,5,7,30,7.79,26.3,20.27,71,8.49,25.39,17.94,Mumbai Indians,2015,3000000,1.6363864,4909159.2
412,214,J Theron,united states of america,30.0,,bowler,right-handed-bat,right-arm-fast-medium,7,41,0.0,151.86,0,4,1,2,10,5.0,83.34,0,1,0,24,7.64,19.83,15.58,9,8.14,32.56,24.0,Rajasthan Royals,2015,3000000,1.6363864,4909159.2
876,761,A Tomar,india,27.0,,batsman,right-handed-bat,right-arm-offbreak,0,0,0.0,0.0,0,0,0,0,4,4.0,50.0,0,1,0,0,0.0,0.0,0.0,0,0.0,0.0,0.0,Kolkata Knight Riders,2022,4000000,1.183086132,4732344.529
399,321,A Mithun,india,27.0,,bowler,right-handed-bat,right-arm-medium,0,0,0.0,0.0,0,0,0,3,34,6.8,130.77,0,4,1,0,0.0,0.0,0.0,7,9.83,67.43,41.14,Sunrisers Hyderabad,2016,3000000,1.55980021,4679400.629
445,241,SW Billings,england,25.0,,wk-batsman,right-handed-bat,,5,478,17.07,129.9,2,41,16,1,503,19.35,129.64,3,40,20,0,0.0,0.0,0.0,0,0.0,0.0,0.0,Delhi Capitals,2016,3000000,1.55980021,4679400.629
471,271,F Behardien,south africa,33.0,,batting-allrounder,right-handed-bat,right-arm-fast-medium,14,518,32.38,128.22,1,37,16,1,14,7.0,107.7,0,2,0,3,5.4,9.0,10.0,0,0.0,0.0,0.0,Punjab Kings,2016,3000000,1.55980021,4679400.629
505,297,PSP Handscomb,australia,25.0,,wk-batsman,right-handed-bat,,1,33,33.0,100.0,0,1,0,0,6,6.0,50.0,0,0,0,0,0.0,0.0,0.0,0,0.0,0.0,0.0,Lucknow Super Giants,2016,3000000,1.55980021,4679400.629
508,298,A Zampa,australia,24.0,,bowler,right-handed-bat,right-arm-legbreak,10,68,5.67,89.48,0,7,0,0,15,3.0,62.5,0,1,0,117,7.17,21.01,17.58,29,7.99,19.24,14.45,Lucknow Super Giants,2016,3000000,1.55980021,4679400.629
36,365,JD Unadkat,india,26.0,,bowler,right-handed-bat,left-arm-fast-medium,0,0,0.0,0.0,0,0,0,16,197,12.31,118.68,0,16,7,14,8.68,21.5,14.86,99,8.98,32.21,21.53,Lucknow Super Giants,2017,3000000,1.492346163,4477038.489
53,344,DJG Sammy,west indies,34.0,,batting-allrounder,right-handed-bat,right-arm-medium,18,587,17.26,147.49,0,45,31,5,295,19.67,122.41,1,15,18,44,7.31,25.36,20.82,11,8.9,31.82,21.45,Punjab Kings,2017,3000000,1.492346163,4477038.489
552,335,MM Patel,india,34.0,,bowler,right-handed-bat,right-arm-fast-medium,0,0,0.0,0.0,0,0,0,9,39,6.5,95.13,0,5,0,4,8.6,21.5,15.0,74,7.52,22.95,18.31,Gujarat Titans,2017,3000000,1.492346163,4477038.489
567,351,R Powell,west indies,24.0,,batsman,right-handed-bat,right-arm-fast-medium,11,1747,25.69,140.33,8,99,117,3,360,18.95,147.55,1,21,28,5,9.94,43.4,26.2,1,11.67,35.0,18.0,Kolkata Knight Riders,2017,3000000,1.492346163,4477038.489
581,359,N Pooran,west indies,22.0,,wk-batsman,left-handed-bat,right-arm-offbreak,10,2275,26.15,136.4,13,152,149,18,1769,32.16,162.3,9,112,127,0,0.0,0.0,0.0,0,0.0,0.0,0.0,Mumbai Indians,2017,3000000,1.492346163,4477038.489
618,377,Mohammad Nabi,afghanistan,32.0,,bowling-allrounder,right-handed-bat,right-arm-offbreak,25,2237,22.6,136.24,6,156,109,3,215,13.44,143.34,0,18,11,97,7.31,28.14,23.11,15,7.44,34.47,27.8,Sunrisers Hyderabad,2017,3000000,1.492346163,4477038.489
1050,378,B Laughlin,australia,35.0,,bowler,right-handed-bat,right-arm-fast-medium,0,0,0.0,0.0,0,0,0,2,5,2.5,38.47,0,0,0,2,9.97,59.0,35.5,10,10.13,28.2,16.7,Sunrisers Hyderabad,2017,3000000,1.492346163,4477038.489
951,915,R Bhatia,india,32.0,,batsman,left-handed-bat,right-arm-medium,0,0,0.0,0.0,0,0,0,1,123,17.57,103.37,0,10,3,0,0.0,0.0,0.0,0,0.0,0.0,0.0,Punjab Kings,2023,4000000,1.10879675,4435187.0
177,485,Arshdeep Singh,india,30.0,,bowler,right-handed-bat,right-arm-medium,0,0,0.0,0.0,0,0,0,4,36,9.0,76.6,0,2,1,0,0.0,0.0,0.0,18,9.07,34.61,22.89,Rajasthan Royals,2018,3000000,1.444252553,4332757.659
607,509,A Choudhary,india,28.0,,bowler,right-handed-bat,left-arm-fast-medium,0,0,0.0,0.0,0,0,0,2,25,25.0,125.0,0,1,1,0,0.0,0.0,0.0,5,8.55,28.8,20.2,Royal Challengers Bengaluru,2018,3000000,1.444252553,4332757.659
671,449,JPR Scantlebury-Searles,west indies,32.0,,bowling-allrounder,right-handed-bat,right-arm-fast-medium,0,0,0.0,0.0,0,0,0,1,8,8.0,133.34,0,0,1,0,0.0,0.0,0.0,2,12.71,44.5,21.0,Kolkata Knight Riders,2018,3000000,1.444252553,4332757.659
696,486,UA Birla,india,21.0,,batsman,left-handed-bat,left-arm-orthodox,0,0,0.0,0.0,0,0,0,0,0,0.0,0.0,0,0,0,0,0.0,0.0,0.0,0,0.0,0.0,0.0,Rajasthan Royals,2018,3000000,1.444252553,4332757.659
1016,1004,T Kohler-Cadmore,england,30.0,,wk-batsman,right-handed-bat,right-arm-offbreak,0,0,0.0,0.0,0,0,0,0,48,16.0,88.89,0,7,1,0,0.0,0.0,0.0,0,0.0,0.0,0.0,Rajasthan Royals,2024,4000000,1.0495,4198000.0
543,569,Simarjeet Singh,india,28.0,,batting-allrounder,right-handed-bat,right-arm-medium,0,0,0.0,0.0,0,0,0,7,423,35.25,161.46,2,33,25,0,0.0,0.0,0.0,1,8.33,25.0,18.0,Rajasthan Royals,2019,3000000,1.389372345,4168117.036
731,547,DG Nalkande,india,21.0,,bowling-allrounder,right-handed-bat,right-arm-fast-medium,0,0,0.0,0.0,0,0,0,0,12,6.0,100.0,0,0,1,0,0.0,0.0,0.0,6,10.57,24.67,14.0,Punjab Kings,2019,3000000,1.389372345,4168117.036
383,190,MP Stoinis,australia,26.0,,batting-allrounder,right-handed-bat,right-arm-medium,22,1245,31.92,148.57,5,99,63,22,1866,28.27,142.01,9,150,91,45,8.73,24.24,16.67,43,9.52,29.63,18.67,Delhi Capitals,2015,2500000,1.6363864,4090966.0
226,669,Jalaj S Saxena,india,35.0,,batting-allrounder,right-handed-bat,right-arm-offbreak,0,0,0.0,0.0,0,0,0,0,0,0.0,0.0,0,0,0,0,0.0,0.0,0.0,0,9.0,0.0,0.0,Punjab Kings,2021,3000000,1.243778451,3731335.352
410,687,J Suchith,india,27.0,,bowler,left-handed-bat,left-arm-orthodox,0,0,0.0,0.0,0,0,0,6,70,17.5,114.76,0,6,3,0,0.0,0.0,0.0,19,8.6,31.68,22.11,Sunrisers Hyderabad,2021,3000000,1.243778451,3731335.352
278,345,R Tewatia,india,24.0,,batting-allrounder,left-handed-bat,right-arm-legbreak,0,0,0.0,0.0,0,0,0,25,1013,25.33,134.71,1,84,47,0,0.0,0.0,0.0,32,7.91,34.72,26.34,Punjab Kings,2017,2500000,1.492346163,3730865.407
391,825,KC Cariappa,india,28.0,,bowler,right-handed-bat,right-arm-legbreak,0,0,0.0,0.0,0,0,0,2,24,8.0,114.29,0,0,2,0,0.0,0.0,0.0,8,9.67,43.5,27.0,Rajasthan Royals,2022,3000000,1.183086132,3549258.397
549,784,Basil Thampi,india,29.0,,bowler,right-handed-bat,right-arm-fast-medium,0,0,0.0,0.0,0,0,0,7,32,32.0,91.43,0,1,1,0,0.0,0.0,0.0,22,9.74,38.45,23.68,Mumbai Indians,2022,3000000,1.183086132,3549258.397
829,799,Arjun Tendulkar,india,23.0,,bowling-allrounder,left-handed-bat,left-arm-fast-medium,0,0,0.0,0.0,0,0,0,0,13,13.0,144.45,0,0,1,0,0.0,0.0,0.0,3,9.37,38.0,24.33,Mumbai Indians,2022,3000000,1.183086132,3549258.397
850,851,SS Prabhudessai,india,25.0,,batting-allrounder,right-handed-bat,right-arm-medium,0,0,0.0,0.0,0,0,0,0,126,12.6,118.87,0,11,4,0,0.0,0.0,0.0,0,0.0,0.0,0.0,Royal Challengers Bengaluru,2022,3000000,1.183086132,3549258.397
176,83,SN Thakur,india,23.0,,bowling-allrounder,right-handed-bat,right-arm-fast-medium,3,69,23.0,181.58,0,5,4,12,307,12.28,138.92,1,27,13,33,9.15,23.39,15.33,94,9.23,30.52,19.85,Punjab Kings,2014,2000000,1.745533373,3491066.745
178,84,Arshdeep Singh,india,26.0,,bowler,right-handed-bat,right-arm-medium,0,0,0.0,0.0,0,0,0,4,36,9.0,76.6,0,2,1,0,0.0,0.0,0.0,18,9.07,34.61,22.89,Punjab Kings,2014,2000000,1.745533373,3491066.745
216,101,DB Das,india,28.0,,batsman,right-handed-bat,right-arm-legbreak,0,0,0.0,0.0,0,0,0,8,304,21.71,116.48,0,23,16,0,0.0,0.0,0.0,0,0.0,0.0,0.0,Kolkata Knight Riders,2014,2000000,1.745533373,3491066.745
236,111,BR Dunk,australia,27.0,,wk-batsman,left-handed-bat,right-arm-offbreak,0,99,19.8,143.48,0,8,6,0,40,13.33,114.29,0,7,0,0,0.0,0.0,0.0,0,0.0,0.0,0.0,Mumbai Indians,2014,2000000,1.745533373,3491066.745
238,112,CM Gautam,india,28.0,,wk-batsman,right-handed-bat,,0,0,0.0,0.0,0,0,0,3,169,16.9,112.67,0,17,6,0,0.0,0.0,0.0,0,0.0,0.0,0.0,Mumbai Indians,2014,2000000,1.745533373,3491066.745
272,129,VS Malik,india,31.0,,bowler,right-handed-bat,right-arm-medium,0,0,0.0,0.0,0,0,0,1,7,7.0,100.0,0,1,0,0,0.0,0.0,0.0,6,7.64,43.5,34.17,Rajasthan Royals,2014,2000000,1.745533373,3491066.745
312,145,S Rana,india,30.0,,batting-allrounder,right-handed-bat,,0,0,0.0,0.0,0,0,0,4,91,22.75,112.35,0,9,1,0,0.0,0.0,0.0,0,6.75,0.0,0.0,Royal Challengers Bengaluru,2014,2000000,1.745533373,3491066.745
314,146,SB Jakati,india,34.0,,bowler,left-handed-bat,left-arm-orthodox,0,0,0.0,0.0,0,0,0,7,28,28.0,96.56,0,3,0,0,0.0,0.0,0.0,47,8.02,30.87,23.09,Royal Challengers Bengaluru,2014,2000000,1.745533373,3491066.745
355,168,A Ashish Reddy,india,23.0,,bowling-allrounder,right-handed-bat,right-arm-medium,0,0,0.0,0.0,0,0,0,8,280,18.67,145.08,0,17,14,0,0.0,0.0,0.0,18,9.07,22.0,14.56,Sunrisers Hyderabad,2014,2000000,1.745533373,3491066.745
356,169,S Anirudha,india,27.0,,batsman,right-handed-bat,,0,0,0.0,0.0,0,0,0,3,130,16.25,118.19,1,8,7,0,0.0,0.0,0.0,0,0.0,0.0,0.0,Sunrisers Hyderabad,2014,2000000,1.745533373,3491066.745
425,548,SN Khan,india,22.0,,batsman,right-handed-bat,right-arm-legbreak,0,0,0.0,0.0,0,0,0,11,585,22.5,130.59,1,63,14,0,0.0,0.0,0.0,0,0.0,0.0,0.0,Punjab Kings,2019,2500000,1.389372345,3473430.863
632,928,KM Asif,india,30.0,,bowler,right-handed-bat,right-arm-fast-medium,0,0,0.0,0.0,0,0,0,0,0,0.0,0.0,0,0,0,0,0.0,0.0,0.0,7,10.42,33.0,19.0,Rajasthan Royals,2023,3000000,1.10879675,3326390.25
237,191,CM Gautam,india,29.0,,wk-batsman,right-handed-bat,,0,0,0.0,0.0,0,0,0,3,169,16.9,112.67,0,17,6,0,0.0,0.0,0.0,0,0.0,0.0,0.0,Delhi Capitals,2015,2000000,1.6363864,3272772.8
366,177,AJ Tye,australia,29.0,,bowler,right-handed-bat,right-arm-fast-medium,7,83,10.38,109.22,0,5,4,4,91,10.11,119.74,0,6,5,47,8.76,21.21,14.53,42,8.59,23.31,16.29,Chennai Super Kings,2015,2000000,1.6363864,3272772.8
80,299,IC Pandey,india,27.0,,bowler,right-handed-bat,right-arm-fast-medium,0,0,0.0,0.0,0,0,0,0,0,0.0,0.0,0,0,0,0,0.0,0.0,0.0,18,7.68,32.83,25.67,Lucknow Super Giants,2016,2000000,1.55980021,3119600.419
271,311,VS Malik,india,33.0,,bowler,right-handed-bat,right-arm-medium,0,0,0.0,0.0,0,0,0,1,7,7.0,100.0,0,1,0,0,0.0,0.0,0.0,6,7.64,43.5,34.17,Royal Challengers Bengaluru,2016,2000000,1.55980021,3119600.419
288,259,PV Tambe,india,45.0,,bowler,right-handed-bat,right-arm-legbreak,0,0,0.0,0.0,0,0,0,4,18,9.0,46.16,0,1,0,0,0.0,0.0,0.0,28,7.75,30.46,23.57,Gujarat Titans,2016,2000000,1.55980021,3119600.419
313,258,SB Jakati,india,36.0,,bowler,left-handed-bat,left-arm-orthodox,0,0,0.0,0.0,0,0,0,7,28,28.0,96.56,0,3,0,0,0.0,0.0,0.0,47,8.02,30.87,23.09,Gujarat Titans,2016,2000000,1.55980021,3119600.419
460,257,OA Shah,india,33.0,,batsman,left-handed-bat,right-arm-offbreak,0,0,0.0,0.0,0,0,0,0,0,0.0,0.0,0,0,0,0,0.0,0.0,0.0,0,0.0,0.0,0.0,Gujarat Titans,2016,2000000,1.55980021,3119600.419
463,260,PJ Sangwan,india,26.0,,bowler,right-handed-bat,left-arm-fast-medium,0,0,0.0,0.0,0,0,0,7,26,3.25,59.1,0,1,0,0,0.0,0.0,0.0,38,8.69,32.63,22.53,Gujarat Titans,2016,2000000,1.55980021,3119600.419
479,279,R Sathish,india,35.0,,batsman,right-handed-bat,right-arm-medium,0,0,0.0,0.0,0,0,0,8,270,15.88,116.89,0,22,6,0,0.0,0.0,0.0,3,10.01,77.33,46.33,Kolkata Knight Riders,2016,2000000,1.55980021,3119600.419
777,805,IC Porel,india,24.0,,bowler,right-handed-bat,right-arm-fast-medium,0,0,0.0,0.0,0,0,0,0,0,0.0,0.0,0,0,0,0,0.0,0.0,0.0,1,9.75,39.0,24.0,Punjab Kings,2022,2500000,1.183086132,2957715.331
244,488,S Gopal,india,25.0,,bowler,right-handed-bat,right-arm-legbreak,0,0,0.0,0.0,0,0,0,8,180,12.86,106.51,0,19,2,0,0.0,0.0,0.0,52,8.16,25.92,19.06,Rajasthan Royals,2018,2000000,1.444252553,2888505.106
273,491,Abhishek Sharma,india,27.0,,bowler,left-handed-bat,left-arm-orthodox,0,0,0.0,0.0,0,0,0,3,87,12.43,129.86,0,7,4,0,0.0,0.0,0.0,12,7.36,37.5,30.58,Rajasthan Royals,2018,2000000,1.444252553,2888505.106
310,415,HV Patel,india,28.0,,bowler,right-handed-bat,right-arm-fast-medium,4,77,12.83,135.09,0,9,3,15,249,9.22,122.67,0,16,15,29,9.18,26.55,17.34,135,8.74,23.33,16.01,Delhi Capitals,2018,2000000,1.444252553,2888505.106
357,527,RK Bhui,india,22.0,,batsman,right-handed-bat,right-arm-legbreak,0,0,0.0,0.0,0,0,0,0,10,2.5,38.47,0,0,0,0,0.0,0.0,0.0,0,0.0,0.0,0.0,Sunrisers Hyderabad,2018,2000000,1.444252553,2888505.106
407,467,SD Lad,india,26.0,,batsman,right-handed-bat,right-arm-offbreak,0,0,0.0,0.0,0,0,0,0,15,15.0,115.39,0,1,1,0,0.0,0.0,0.0,0,0.0,0.0,0.0,Mumbai Indians,2018,2000000,1.444252553,2888505.106
414,435,P Sahu,india,33.0,,batting-allrounder,right-handed-bat,right-arm-legbreak,0,0,0.0,0.0,0,0,0,1,19,19.0,146.16,0,1,1,0,0.0,0.0,0.0,3,8.34,48.67,35.0,Punjab Kings,2018,2000000,1.444252553,2888505.106
448,492,MK Lomror,india,19.0,,batting-allrounder,left-handed-bat,left-arm-orthodox,0,0,0.0,0.0,0,0,0,6,527,18.17,141.29,1,33,30,0,0.0,0.0,0.0,1,8.47,127.0,90.0,Rajasthan Royals,2018,2000000,1.444252553,2888505.106
525,524,Sachin Baby,india,30.0,,batsman,left-handed-bat,right-arm-offbreak,0,0,0.0,0.0,0,0,0,2,144,16.0,122.04,0,11,5,0,0.0,0.0,0.0,2,4.8,4.0,5.0,Sunrisers Hyderabad,2018,2000000,1.444252553,2888505.106
572,451,IR Jaggi,india,29.0,,batsman,right-handed-bat,right-arm-legbreak,0,0,0.0,0.0,0,0,0,2,76,15.2,78.36,0,6,0,0,0.0,0.0,0.0,0,0.0,0.0,0.0,Kolkata Knight Riders,2018,2000000,1.444252553,2888505.106
619,528,MA Agarwal,india,23.0,,batsman,left-handed-bat,right-arm-legbreak,0,0,0.0,0.0,0,0,0,0,0,0.0,0.0,0,0,0,0,0.0,0.0,0.0,0,0.0,0.0,0.0,Sunrisers Hyderabad,2018,2000000,1.444252553,2888505.106
637,394,N Jagadeesan,india,23.0,,wk-batsman,right-handed-bat,,0,0,0.0,0.0,0,0,0,1,162,18.0,110.21,0,21,2,0,0.0,0.0,0.0,0,0.0,0.0,0.0,Chennai Super Kings,2018,2000000,1.444252553,2888505.106
638,396,Mandeep Singh,india,28.0,,wk-batsman,right-handed-bat,,0,0,0.0,0.0,0,0,0,0,0,0.0,0.0,0,0,0,0,0.0,0.0,0.0,0,0.0,0.0,0.0,Chennai Super Kings,2018,2000000,1.444252553,2888505.106
639,397,DR Shorey,india,26.0,,batsman,right-handed-bat,right-arm-offbreak,0,0,0.0,0.0,0,0,0,0,13,6.5,76.48,0,0,1,0,0.0,0.0,0.0,0,0.0,0.0,0.0,Chennai Super Kings,2018,2000000,1.444252553,2888505.106
640,398,KV Sharma,india,28.0,,batsman,right-handed-bat,right-arm-medium,0,0,0.0,0.0,0,0,0,0,0,0.0,0.0,0,0,0,0,0.0,0.0,0.0,0,0.0,0.0,0.0,Chennai Super Kings,2018,2000000,1.444252553,2888505.106
641,399,Ravi Bishnoi,united states of america,24.0,,batting-allrounder,left-handed-bat,left-arm-orthodox,0,0,0.0,0.0,0,0,0,0,0,0.0,0.0,0,0,0,0,0.0,0.0,0.0,0,0.0,0.0,0.0,Chennai Super Kings,2018,2000000,1.444252553,2888505.106
648,416,S Lamichhane,nepal,18.0,,bowler,right-handed-bat,right-arm-legbreak,9,74,6.17,90.25,0,3,2,0,0,0.0,0.0,0,0,0,108,6.15,12.52,12.21,13,8.34,22.46,16.15,Delhi Capitals,2018,2000000,1.444252553,2888505.106
660,434,RM Patidar,india,25.0,,batsman,right-handed-bat,right-arm-medium,0,0,0.0,0.0,0,0,0,0,0,0.0,0.0,0,0,0,0,0.0,0.0,0.0,0,0.0,0.0,0.0,Punjab Kings,2018,2000000,1.444252553,2888505.106
662,436,Mayank Dagar,india,22.0,,bowling-allrounder,right-handed-bat,left-arm-orthodox,0,0,0.0,0.0,0,0,0,0,0,0.0,0.0,0,0,0,0,0.0,0.0,0.0,2,8.89,101.5,68.5,Punjab Kings,2018,2000000,1.444252553,2888505.106
680,468,M Markande,india,21.0,,bowler,right-handed-bat,right-arm-legbreak,0,0,0.0,0.0,0,0,0,8,48,16.0,114.29,0,5,1,0,7.75,0.0,0.0,37,8.91,28.89,19.46,Mumbai Indians,2018,2000000,1.444252553,2888505.106
683,470,AS Roy,india,20.0,,batting-allrounder,left-handed-bat,left-arm-orthodox,0,0,0.0,0.0,0,0,0,3,26,8.67,108.34,0,3,0,0,0.0,0.0,0.0,5,8.43,38.2,27.2,Mumbai Indians,2018,2000000,1.444252553,2888505.106
686,471,M Shahrukh Khan,india,20.0,,bowler,left-handed-bat,left-arm-fast-medium,0,0,0.0,0.0,0,0,0,2,25,8.33,104.17,0,2,1,0,0.0,0.0,0.0,27,8.51,25.52,18.0,Mumbai Indians,2018,2000000,1.444252553,2888505.106
697,487,S Midhun,india,24.0,,bowler,right-handed-bat,right-arm-legbreak,0,0,0.0,0.0,0,0,0,0,0,0.0,0.0,0,0,0,0,0.0,0.0,0.0,0,13.5,0.0,0.0,Rajasthan Royals,2018,2000000,1.444252553,2888505.106
698,489,P Chopra,india,26.0,,wk-batsman,right-handed-bat,right-arm-legbreak,0,0,0.0,0.0,0,0,0,0,8,8.0,133.34,0,2,0,0,0.0,0.0,0.0,0,0.0,0.0,0.0,Rajasthan Royals,2018,2000000,1.444252553,2888505.106
699,490,Jalaj S Saxena,india,36.0,,batting-allrounder,right-handed-bat,right-arm-legbreak,0,0,0.0,0.0,0,0,0,0,0,0.0,0.0,0,0,0,0,0.0,0.0,0.0,0,0.0,0.0,0.0,Rajasthan Royals,2018,2000000,1.444252553,2888505.106
711,510,TU Deshpande,india,29.0,,batting-allrounder,left-handed-bat,right-arm-offbreak,0,0,0.0,0.0,0,0,0,0,0,0.0,0.0,0,0,0,0,0.0,0.0,0.0,0,0.0,0.0,0.0,Royal Challengers Bengaluru,2018,2000000,1.444252553,2888505.106
713,525,Bipul Sharma,india,35.0,,bowler,left-handed-bat,left-arm-orthodox,0,0,0.0,0.0,0,0,0,9,187,23.38,152.04,0,11,9,0,0.0,0.0,0.0,17,8.06,33.65,25.06,Sunrisers Hyderabad,2018,2000000,1.444252553,2888505.106
714,526,Shakib Al Hasan,bangladesh,24.0,,batting-allrounder,right-handed-bat,right-arm-offbreak,10,362,12.93,101.69,0,27,11,0,0,0.0,0.0,0,0,0,46,6.53,25.61,23.52,0,0.0,0.0,0.0,Sunrisers Hyderabad,2018,2000000,1.444252553,2888505.106
146,580,Mukesh Kumar,united states of america,28.0,,batting-allrounder,right-handed-bat,right-arm-offbreak,4,172,24.57,96.09,0,12,0,0,0,0.0,0.0,0,0,0,6,8.64,20.17,14.0,0,0.0,0.0,0.0,Royal Challengers Bengaluru,2019,2000000,1.389372345,2778744.691
227,537,Jalaj S Saxena,india,33.0,,batting-allrounder,right-handed-bat,right-arm-offbreak,0,0,0.0,0.0,0,0,0,0,0,0.0,0.0,0,0,0,0,0.0,0.0,0.0,0,9.0,0.0,0.0,Delhi Capitals,2019,2000000,1.389372345,2778744.691
390,556,NS Naik,india,25.0,,batsman,right-handed-bat,right-arm-offbreak,0,0,0.0,0.0,0,0,0,0,31,7.75,62.0,0,2,0,0,0.0,0.0,0.0,0,0.0,0.0,0.0,Kolkata Knight Riders,2019,2000000,1.389372345,2778744.691
484,539,NB Singh,india,24.0,,bowler,right-handed-bat,right-arm-fast-medium,0,0,0.0,0.0,0,0,0,0,0,0.0,0.0,0,0,0,0,0.0,0.0,0.0,1,3.75,15.0,24.0,Delhi Capitals,2019,2000000,1.389372345,2778744.691
500,551,M Ashwin,india,29.0,,bowler,right-handed-bat,right-arm-legbreak,0,0,0.0,0.0,0,0,0,4,35,3.89,70.0,0,2,1,0,0.0,0.0,0.0,35,8.01,33.2,24.86,Punjab Kings,2019,2000000,1.389372345,2778744.691
708,571,M Vohra,india,26.0,,batsman,right-handed-bat,right-arm-medium,0,0,0.0,0.0,0,0,0,2,1083,22.1,130.64,3,104,43,0,0.0,0.0,0.0,0,0.0,0.0,0.0,Rajasthan Royals,2019,2000000,1.389372345,2778744.691
715,530,RD Gaikwad,india,22.0,,batsman,right-handed-bat,right-arm-offbreak,4,633,39.56,143.54,4,65,24,8,2380,41.75,136.87,18,217,91,0,0.0,0.0,0.0,0,0.0,0.0,0.0,Chennai Super Kings,2019,2000000,1.389372345,2778744.691
733,549,Arshdeep Singh,india,20.0,,bowler,left-handed-bat,left-arm-fast-medium,13,71,8.88,116.4,0,6,3,7,29,5.8,72.5,0,4,0,99,8.3,18.3,13.23,76,9.03,27.0,17.95,Punjab Kings,2019,2000000,1.389372345,2778744.691
737,559,A Nortje,south africa,26.0,,bowler,right-handed-bat,right-arm-fast,6,17,2.83,48.58,0,1,0,9,49,8.17,100.0,0,6,0,53,7.01,19.17,16.4,60,8.96,26.23,17.57,Kolkata Knight Riders,2019,2000000,1.389372345,2778744.691
745,564,Rasikh Salam,india,19.0,,bowler,right-handed-bat,right-arm-fast-medium,0,0,0.0,0.0,0,0,0,1,40,8.0,100.0,0,5,0,0,0.0,0.0,0.0,9,10.43,37.67,21.67,Mumbai Indians,2019,2000000,1.389372345,2778744.691
753,570,R Parag,india,18.0,,batting-allrounder,right-handed-bat,right-arm-legbreak,0,106,17.67,151.43,0,3,9,10,1173,24.44,135.14,6,84,60,4,6.73,20.75,18.5,4,10.53,76.75,43.75,Rajasthan Royals,2019,2000000,1.389372345,2778744.691
764,579,D Padikkal,india,19.0,,batsman,left-handed-bat,right-arm-offbreak,0,38,19.0,100.0,0,2,1,2,1559,25.15,123.15,9,169,42,0,0.0,0.0,0.0,0,0.0,0.0,0.0,Royal Challengers Bengaluru,2019,2000000,1.389372345,2778744.691
286,605,PV Tambe,india,49.0,,bowler,right-handed-bat,right-arm-legbreak,0,0,0.0,0.0,0,0,0,4,18,9.0,46.16,0,1,0,0,0.0,0.0,0.0,28,7.75,30.46,23.57,Kolkata Knight Riders,2020,2000000,1.326116584,2652233.169
389,604,NS Naik,india,26.0,,batsman,right-handed-bat,right-arm-offbreak,0,0,0.0,0.0,0,0,0,0,31,7.75,62.0,0,2,0,0,0.0,0.0,0.0,0,0.0,0.0,0.0,Kolkata Knight Riders,2020,2000000,1.326116584,2652233.169
570,634,SA Yadav,india,25.0,,bowling-allrounder,left-handed-bat,left-arm-orthodox,0,0,0.0,0.0,0,0,0,0,0,0.0,0.0,0,0,0,0,0.0,0.0,0.0,0,11.5,0.0,0.0,Sunrisers Hyderabad,2020,2000000,1.326116584,2652233.169
685,610,M Shahrukh Khan,india,22.0,,bowler,left-handed-bat,left-arm-fast-medium,0,0,0.0,0.0,0,0,0,2,25,8.33,104.17,0,2,1,0,0.0,0.0,0.0,27,8.51,25.52,18.0,Mumbai Indians,2020,2000000,1.326116584,2652233.169
710,628,TU Deshpande,india,31.0,,batting-allrounder,left-handed-bat,right-arm-offbreak,0,0,0.0,0.0,0,0,0,0,0,0.0,0.0,0,0,0,0,0.0,0.0,0.0,0,0.0,0.0,0.0,Royal Challengers Bengaluru,2020,2000000,1.326116584,2652233.169
769,585,R Sai Kishore,india,24.0,,bowling-allrounder,left-handed-bat,left-arm-orthodox,0,0,0.0,0.0,0,0,0,1,13,13.0,216.67,0,0,2,4,5.25,15.75,18.0,13,8.32,19.85,14.31,Chennai Super Kings,2020,2000000,1.326116584,2652233.169
773,592,TU Deshpande,india,25.0,,bowler,left-handed-bat,right-arm-fast-medium,0,0,0.0,0.0,0,0,0,3,21,21.0,150.0,0,2,1,2,9.33,28.0,18.0,42,9.65,29.6,18.4,Delhi Capitals,2020,2000000,1.326116584,2652233.169
775,593,Lalit Yadav,india,23.0,,batting-allrounder,right-handed-bat,right-arm-offbreak,0,0,0.0,0.0,0,0,0,5,305,19.06,105.18,0,27,7,0,0.0,0.0,0.0,10,8.85,42.5,28.8,Delhi Capitals,2020,2000000,1.326116584,2652233.169
778,598,IC Porel,india,22.0,,bowler,right-handed-bat,right-arm-fast-medium,0,0,0.0,0.0,0,0,0,0,0,0.0,0.0,0,0,0,0,0.0,0.0,0.0,1,9.75,39.0,24.0,Punjab Kings,2020,2000000,1.326116584,2652233.169
779,603,CJ Green,australia,27.0,,bowling-allrounder,right-handed-bat,right-arm-offbreak,1,2,0.0,66.67,0,0,0,0,0,0.0,0.0,0,0,0,0,9.0,0.0,0.0,0,8.47,0.0,0.0,Kolkata Knight Riders,2020,2000000,1.326116584,2652233.169
783,606,M Siddharth,india,22.0,,bowler,right-handed-bat,left-arm-orthodox,0,0,0.0,0.0,0,0,0,0,0,0.0,0.0,0,0,0,0,0.0,0.0,0.0,1,7.89,71.0,54.0,Kolkata Knight Riders,2020,2000000,1.326116584,2652233.169
796,620,Arshdeep Singh,india,18.0,,bowler,right-handed-bat,left-arm-fast-medium,0,0,0.0,0.0,0,0,0,0,0,0.0,0.0,0,0,0,0,0.0,0.0,0.0,5,9.87,45.4,27.6,Rajasthan Royals,2020,2000000,1.326116584,2652233.169
800,626,Shahbaz Ahmed,india,26.0,,bowling-allrounder,left-handed-bat,left-arm-orthodox,0,0,0.0,0.0,0,0,0,9,536,19.14,121.82,1,28,25,2,7.69,20.5,16.0,21,9.35,39.86,25.57,Royal Challengers Bengaluru,2020,2000000,1.326116584,2652233.169
801,627,JR Philippe,australia,23.0,,wk-batsman,right-handed-bat,,0,150,12.5,109.49,0,11,5,1,78,19.5,101.3,0,9,1,0,0.0,0.0,0.0,0,0.0,0.0,0.0,Royal Challengers Bengaluru,2020,2000000,1.326116584,2652233.169
809,635,Abdul Samad,india,19.0,,batting-allrounder,right-handed-bat,right-arm-legbreak,0,0,0.0,0.0,0,0,0,10,577,19.23,146.08,0,37,36,0,0.0,0.0,0.0,2,12.56,56.5,27.0,Sunrisers Hyderabad,2020,2000000,1.326116584,2652233.169
387,685,KS Bharat,india,28.0,,wk-batsman,right-handed-bat,,0,0,0.0,0.0,0,0,0,2,199,28.43,122.09,1,12,8,0,0.0,0.0,0.0,0,0.0,0.0,0.0,Royal Challengers Bengaluru,2021,2000000,1.243778451,2487556.902
392,676,KC Cariappa,india,27.0,,bowler,right-handed-bat,right-arm-legbreak,0,0,0.0,0.0,0,0,0,2,24,8.0,114.29,0,0,2,0,0.0,0.0,0.0,8,9.67,43.5,27.0,Rajasthan Royals,2021,2000000,1.243778451,2487556.902
524,681,Sachin Baby,india,33.0,,batsman,left-handed-bat,right-arm-offbreak,0,0,0.0,0.0,0,0,0,2,144,16.0,122.04,0,11,5,0,0.0,0.0,0.0,2,4.8,4.0,5.0,Royal Challengers Bengaluru,2021,2000000,1.243778451,2487556.902
568,655,SP Jackson,india,35.0,,wk-batsman,right-handed-bat,,0,0,0.0,0.0,0,0,0,2,61,10.17,107.02,0,5,1,0,0.0,0.0,0.0,0,0.0,0.0,0.0,Kolkata Knight Riders,2021,2000000,1.243778451,2487556.902
598,670,Sumit Kumar,india,28.0,,bowling-allrounder,left-handed-bat,left-arm-orthodox,0,0,0.0,0.0,0,0,0,0,0,0.0,0.0,0,0,0,0,0.0,0.0,0.0,0,0.0,0.0,0.0,Punjab Kings,2021,2000000,1.243778451,2487556.902
782,648,M Siddharth,india,23.0,,bowler,right-handed-bat,left-arm-orthodox,0,0,0.0,0.0,0,0,0,0,0,0.0,0.0,0,0,0,0,0.0,0.0,0.0,1,7.89,71.0,54.0,Delhi Capitals,2021,2000000,1.243778451,2487556.902
795,677,Arshdeep Singh,india,19.0,,bowler,right-handed-bat,left-arm-fast-medium,0,0,0.0,0.0,0,0,0,0,0,0.0,0.0,0,0,0,0,0.0,0.0,0.0,5,9.87,45.4,27.6,Rajasthan Royals,2021,2000000,1.243778451,2487556.902
812,639,Tilak Varma,india,23.0,,bowling-allrounder,right-handed-bat,right-arm-offbreak,0,0,0.0,0.0,0,0,0,0,0,0.0,0.0,0,0,0,0,0.0,0.0,0.0,0,0.0,0.0,0.0,Chennai Super Kings,2021,2000000,1.243778451,2487556.902
813,641,A Ashish Reddy,india,23.0,,bowler,right-handed-bat,right-arm-medium,0,0,0.0,0.0,0,0,0,0,0,0.0,0.0,0,0,0,0,0.0,0.0,0.0,0,0.0,0.0,0.0,Chennai Super Kings,2021,2000000,1.243778451,2487556.902
815,646,RV Patel,india,26.0,,batting-allrounder,right-handed-bat,right-arm-fast-medium,0,0,0.0,0.0,0,0,0,2,80,16.0,109.59,0,6,2,0,0.0,0.0,0.0,0,7.33,0.0,0.0,Delhi Capitals,2021,2000000,1.243778451,2487556.902
818,647,Vishnu Vinod,india,28.0,,wk-batsman,right-handed-bat,,0,0,0.0,0.0,0,0,0,0,56,9.33,98.25,0,3,3,0,0.0,0.0,0.0,0,0.0,0.0,0.0,Delhi Capitals,2021,2000000,1.243778451,2487556.902
820,654,VR Iyer,india,27.0,,batting-allrounder,left-handed-bat,right-arm-medium,3,133,33.25,162.2,0,15,5,7,1326,31.57,137.13,11,121,61,5,8.18,15.0,11.0,3,10.59,47.67,27.0,Kolkata Knight Riders,2021,2000000,1.243778451,2487556.902
824,656,VG Arora,india,24.0,,bowler,right-handed-bat,right-arm-fast-medium,0,0,0.0,0.0,0,0,0,6,9,4.5,56.25,0,0,0,0,0.0,0.0,0.0,19,9.18,30.84,20.16,Kolkata Knight Riders,2021,2000000,1.243778451,2487556.902
827,661,M Jansen,south africa,21.0,,bowling-allrounder,right-handed-bat,left-arm-fast,3,166,18.44,149.55,1,13,11,6,66,9.43,100.0,0,5,2,16,8.14,31.63,23.31,20,9.53,35.75,22.5,Mumbai Indians,2021,2000000,1.243778451,2487556.902
830,662,Arjun Tendulkar,india,22.0,,bowling-allrounder,left-handed-bat,left-arm-fast-medium,0,0,0.0,0.0,0,0,0,0,13,13.0,144.45,0,0,1,0,0.0,0.0,0.0,3,9.37,38.0,24.33,Mumbai Indians,2021,2000000,1.243778451,2487556.902
840,671,Karanveer Singh,india,23.0,,bowling-allrounder,left-handed-bat,right-arm-offbreak,0,0,0.0,0.0,0,0,0,0,0,0.0,0.0,0,0,0,0,0.0,0.0,0.0,0,0.0,0.0,0.0,Punjab Kings,2021,2000000,1.243778451,2487556.902
846,678,Kuldeep Yadav,india,27.0,,bowler,left-handed-bat,left-arm-wrist-spin,3,46,11.5,77.97,0,2,0,21,183,15.25,84.73,0,16,3,69,6.77,14.07,12.46,87,8.21,27.45,20.07,Rajasthan Royals,2021,2000000,1.243778451,2487556.902
849,682,RM Patidar,india,28.0,,batsman,right-handed-bat,right-arm-offbreak,0,0,0.0,0.0,0,0,0,1,799,34.74,158.85,7,51,54,0,0.0,0.0,0.0,0,0.0,0.0,0.0,Royal Challengers Bengaluru,2021,2000000,1.243778451,2487556.902
851,684,SS Prabhudessai,india,24.0,,batting-allrounder,right-handed-bat,right-arm-medium,0,0,0.0,0.0,0,0,0,0,126,12.6,118.87,0,11,4,0,0.0,0.0,0.0,0,0.0,0.0,0.0,Royal Challengers Bengaluru,2021,2000000,1.243778451,2487556.902
397,200,SP Jackson,india,29.0,,wk-batsman,right-handed-bat,,0,0,0.0,0.0,0,0,0,2,61,10.17,107.02,0,5,1,0,0.0,0.0,0.0,0,0.0,0.0,0.0,Kolkata Knight Riders,2015,1500000,1.6363864,2454579.6
335,779,KV Sharma,india,35.0,,bowler,left-handed-bat,right-arm-legbreak,0,0,0.0,0.0,0,0,0,14,351,13.5,119.39,0,20,17,1,7.0,28.0,24.0,76,8.38,27.46,19.67,Lucknow Super Giants,2022,2000000,1.183086132,2366172.265
409,864,J Suchith,india,28.0,,bowler,left-handed-bat,left-arm-orthodox,0,0,0.0,0.0,0,0,0,6,70,17.5,114.76,0,6,3,0,0.0,0.0,0.0,19,8.6,31.68,22.11,Sunrisers Hyderabad,2022,2000000,1.183086132,2366172.265
424,713,SN Khan,india,25.0,,batsman,right-handed-bat,right-arm-legbreak,0,0,0.0,0.0,0,0,0,11,585,22.5,130.59,1,63,14,0,0.0,0.0,0.0,0,0.0,0.0,0.0,Delhi Capitals,2022,2000000,1.183086132,2366172.265
461,745,PJ Sangwan,india,32.0,,bowler,right-handed-bat,left-arm-fast-medium,0,0,0.0,0.0,0,0,0,7,26,3.25,59.1,0,1,0,0,0.0,0.0,0.0,38,8.69,32.63,22.53,Gujarat Titans,2022,2000000,1.183086132,2366172.265
492,804,JM Sharma,india,29.0,,wk-batsman,right-handed-bat,,0,100,14.29,147.06,0,11,4,4,730,22.81,151.14,0,53,45,0,0.0,0.0,0.0,0,0.0,0.0,0.0,Punjab Kings,2022,2000000,1.183086132,2366172.265
542,872,Simarjeet Singh,india,31.0,,batting-allrounder,right-handed-bat,right-arm-medium,0,0,0.0,0.0,0,0,0,7,423,35.25,161.46,2,33,25,0,0.0,0.0,0.0,1,8.33,25.0,18.0,Sunrisers Hyderabad,2022,2000000,1.183086132,2366172.265
554,764,P Simran Singh,india,30.0,,batting-allrounder,left-handed-bat,right-arm-offbreak,0,0,0.0,0.0,0,0,0,0,0,0.0,0.0,0,0,0,0,0.0,0.0,0.0,0,0.0,0.0,0.0,Kolkata Knight Riders,2022,2000000,1.183086132,2366172.265
633,693,KM Asif,india,29.0,,bowler,right-handed-bat,right-arm-fast-medium,0,0,0.0,0.0,0,0,0,0,0,0.0,0.0,0,0,0,0,0.0,0.0,0.0,7,10.42,33.0,19.0,Chennai Super Kings,2022,2000000,1.183086132,2366172.265
636,692,N Jagadeesan,india,27.0,,wk-batsman,right-handed-bat,,0,0,0.0,0.0,0,0,0,1,162,18.0,110.21,0,21,2,0,0.0,0.0,0.0,0,0.0,0.0,0.0,Chennai Super Kings,2022,2000000,1.183086132,2366172.265
682,755,AS Roy,india,24.0,,batting-allrounder,left-handed-bat,left-arm-orthodox,0,0,0.0,0.0,0,0,0,3,26,8.67,108.34,0,3,0,0,0.0,0.0,0.0,5,8.43,38.2,27.2,Kolkata Knight Riders,2022,2000000,1.183086132,2366172.265
684,775,M Shahrukh Khan,india,24.0,,bowler,left-handed-bat,left-arm-fast-medium,0,0,0.0,0.0,0,0,0,2,25,8.33,104.17,0,2,1,0,0.0,0.0,0.0,27,8.51,25.52,18.0,Lucknow Super Giants,2022,2000000,1.183086132,2366172.265
707,773,M Vohra,india,29.0,,batsman,right-handed-bat,right-arm-medium,0,0,0.0,0.0,0,0,0,2,1083,22.1,130.64,3,104,43,0,0.0,0.0,0.0,0,0.0,0.0,0.0,Lucknow Super Giants,2022,2000000,1.183086132,2366172.265
730,739,DG Nalkande,india,24.0,,bowling-allrounder,right-handed-bat,right-arm-fast-medium,0,0,0.0,0.0,0,0,0,0,12,6.0,100.0,0,0,1,0,0.0,0.0,0.0,6,10.57,24.67,14.0,Gujarat Titans,2022,2000000,1.183086132,2366172.265
740,783,Arshdeep Singh,india,24.0,,batsman,right-handed-bat,right-arm-offbreak,0,0,0.0,0.0,0,0,0,0,139,15.44,120.87,0,19,3,0,0.0,0.0,0.0,0,0.0,0.0,0.0,Mumbai Indians,2022,2000000,1.183086132,2366172.265
744,757,Rasikh Salam,india,22.0,,bowler,right-handed-bat,right-arm-fast-medium,0,0,0.0,0.0,0,0,0,1,40,8.0,100.0,0,5,0,0,0.0,0.0,0.0,9,10.43,37.67,21.67,Kolkata Knight Riders,2022,2000000,1.183086132,2366172.265
772,694,TU Deshpande,india,27.0,,bowler,left-handed-bat,right-arm-fast-medium,0,0,0.0,0.0,0,0,0,3,21,21.0,150.0,0,2,1,2,9.33,28.0,18.0,42,9.65,29.6,18.4,Chennai Super Kings,2022,2000000,1.183086132,2366172.265
802,859,PK Garg,india,22.0,,batsman,right-handed-bat,right-arm-medium,0,0,0.0,0.0,0,0,0,1,273,15.17,113.28,1,16,9,0,0.0,0.0,0.0,0,0.0,0.0,0.0,Sunrisers Hyderabad,2022,2000000,1.183086132,2366172.265
811,706,Tilak Varma,india,24.0,,bowling-allrounder,right-handed-bat,right-arm-offbreak,0,0,0.0,0.0,0,0,0,0,0,0.0,0.0,0,0,0,0,0.0,0.0,0.0,0,0.0,0.0,0.0,Chennai Super Kings,2022,2000000,1.183086132,2366172.265
814,722,RV Patel,india,27.0,,batting-allrounder,right-handed-bat,right-arm-fast-medium,0,0,0.0,0.0,0,0,0,2,80,16.0,109.59,0,6,2,0,0.0,0.0,0.0,0,7.33,0.0,0.0,Delhi Capitals,2022,2000000,1.183086132,2366172.265
844,835,Kuldeep Yadav,india,28.0,,bowler,left-handed-bat,left-arm-wrist-spin,3,46,11.5,77.97,0,2,0,21,183,15.25,84.73,0,16,3,69,6.77,14.07,12.46,87,8.21,27.45,20.07,Rajasthan Royals,2022,2000000,1.183086132,2366172.265
857,698,Simarjeet Singh,india,24.0,,bowler,right-handed-bat,right-arm-fast-medium,0,0,0.0,0.0,0,0,0,2,7,7.0,87.5,0,0,0,0,0.0,0.0,0.0,9,8.63,28.78,20.0,Chennai Super Kings,2022,2000000,1.183086132,2366172.265
862,704,Mukesh Choudhary,india,26.0,,bowler,left-handed-bat,left-arm-fast-medium,0,0,0.0,0.0,0,0,0,1,6,6.0,100.0,0,1,0,0,0.0,0.0,0.0,16,9.7,28.19,17.44,Chennai Super Kings,2022,2000000,1.183086132,2366172.265
871,741,B Sai Sudharsan,india,21.0,,batsman,left-handed-bat,right-arm-legbreak,0,0,0.0,0.0,0,0,0,3,1034,47.0,139.17,6,95,31,0,0.0,0.0,0.0,0,0.0,0.0,0.0,Gujarat Titans,2022,2000000,1.183086132,2366172.265
875,759,B Indrajith,india,28.0,,wk-batsman,right-handed-bat,right-arm-legbreak,0,0,0.0,0.0,0,0,0,0,21,7.0,70.0,0,2,0,0,0.0,0.0,0.0,0,0.0,0.0,0.0,Kolkata Knight Riders,2022,2000000,1.183086132,2366172.265
877,762,Arshad Khan,india,26.0,,bowling-allrounder,right-handed-bat,right-arm-fast-medium,0,0,0.0,0.0,0,0,0,1,115,12.78,110.58,1,8,6,0,0.0,0.0,0.0,0,13.0,0.0,0.0,Kolkata Knight Riders,2022,2000000,1.183086132,2366172.265
878,763,R Vinay Kumar,india,23.0,,batsman,left-handed-bat,,0,0,0.0,0.0,0,0,0,0,0,0.0,0.0,0,0,0,0,0.0,0.0,0.0,0,0.0,0.0,0.0,Kolkata Knight Riders,2022,2000000,1.183086132,2366172.265
881,776,MP Yadav,india,20.0,,bowler,right-handed-bat,right-arm-fast,1,1,0.0,100.0,0,0,0,0,0,0.0,0.0,0,0,0,4,6.92,20.75,18.0,7,6.99,12.14,10.43,Lucknow Super Giants,2022,2000000,1.183086132,2366172.265
882,777,A Badoni,india,23.0,,batting-allrounder,right-handed-bat,right-arm-offbreak,0,0,0.0,0.0,0,0,0,9,634,24.38,134.04,4,46,24,0,0.0,0.0,0.0,2,8.64,18.0,12.5,Lucknow Super Giants,2022,2000000,1.183086132,2366172.265
890,792,RK Singh,india,25.0,,batting-allrounder,right-handed-bat,right-arm-medium,0,15,15.0,250.0,0,1,1,7,170,28.33,166.67,0,8,13,1,12.6,42.0,20.0,6,9.45,10.5,6.67,Mumbai Indians,2022,2000000,1.183086132,2366172.265
891,797,HR Shokeen,india,22.0,,bowling-allrounder,right-handed-bat,right-arm-offbreak,0,0,0.0,0.0,0,0,0,3,66,22.0,101.54,0,9,0,0,0.0,0.0,0.0,5,9.24,62.8,40.8,Mumbai Indians,2022,2000000,1.183086132,2366172.265
894,798,Arshad Khan,india,25.0,,bowling-allrounder,left-handed-bat,left-arm-medium,0,0,0.0,0.0,0,0,0,3,101,25.25,146.38,1,6,6,0,0.0,0.0,0.0,6,12.49,50.67,24.33,Mumbai Indians,2022,2000000,1.183086132,2366172.265
902,812,PN Mankad,india,28.0,,batting-allrounder,right-handed-bat,right-arm-medium,0,0,0.0,0.0,0,0,0,3,97,32.33,132.88,1,13,2,0,0.0,0.0,0.0,0,0.0,0.0,0.0,Punjab Kings,2022,2000000,1.183086132,2366172.265
904,813,Atharva Taide,india,22.0,,batsman,left-handed-bat,left-arm-orthodox,0,0,0.0,0.0,0,0,0,0,247,27.44,147.03,2,27,8,0,0.0,0.0,0.0,0,0.0,0.0,0.0,Punjab Kings,2022,2000000,1.183086132,2366172.265
906,818,AR Patel,india,20.0,,bowling-allrounder,right-handed-bat,left-arm-orthodox,0,0,0.0,0.0,0,0,0,0,0,0.0,0.0,0,0,0,0,11.0,0.0,0.0,0,0.0,0.0,0.0,Punjab Kings,2022,2000000,1.183086132,2366172.265
913,833,Dhruv Jurel,india,21.0,,wk-batsman,right-handed-bat,,0,12,4.0,52.18,0,1,0,7,347,23.13,151.53,2,29,16,0,0.0,0.0,0.0,0,0.0,0.0,0.0,Rajasthan Royals,2022,2000000,1.183086132,2366172.265
914,834,Tejas Baroka,india,26.0,,bowler,right-handed-bat,,0,0,0.0,0.0,0,0,0,0,0,0.0,0.0,0,0,0,0,0.0,0.0,0.0,0,9.43,0.0,0.0,Rajasthan Royals,2022,2000000,1.183086132,2366172.265
915,837,Arshdeep Singh,india,29.0,,bowling-allrounder,right-handed-bat,right-arm-medium,0,0,0.0,0.0,0,0,0,0,0,0.0,0.0,0,0,0,0,0.0,0.0,0.0,0,0.0,0.0,0.0,Rajasthan Royals,2022,2000000,1.183086132,2366172.265
920,845,Akash Deep,india,26.0,,bowler,right-handed-bat,right-arm-fast-medium,0,0,0.0,0.0,0,0,0,1,19,9.5,158.34,0,2,1,0,0.0,0.0,0.0,7,11.67,45.57,23.43,Royal Challengers Bengaluru,2022,2000000,1.183086132,2366172.265
921,854,CM Gautam,india,19.0,,batting-allrounder,left-handed-bat,left-arm-orthodox,0,0,0.0,0.0,0,0,0,0,0,0.0,0.0,0,0,0,0,0.0,0.0,0.0,0,0.0,0.0,0.0,Royal Challengers Bengaluru,2022,2000000,1.183086132,2366172.265
1055,873,SB Dubey,india,24.0,,bowler,right-handed-bat,left-arm-fast-medium,0,0,0.0,0.0,0,0,0,0,0,0.0,0.0,0,0,0,0,0.0,0.0,0.0,0,0.0,0.0,0.0,Sunrisers Hyderabad,2022,2000000,1.183086132,2366172.265
1,4,A Dananjaya,sri lanka,20.0,,bowler,left-handed-bat,right-arm-offbreak,8,65,8.13,90.28,0,7,0,1,4,0.0,80.0,0,0,0,30,8.26,32.17,23.37,0,11.75,0.0,0.0,Chennai Super Kings,2013,1160000,1.937018384,2246941.325
6,5,JO Holder,west indies,22.0,,bowling-allrounder,right-handed-bat,right-arm-fast-medium,14,491,16.37,129.22,0,31,27,6,259,12.33,123.34,0,13,18,66,8.58,28.88,20.2,53,8.81,27.57,18.77,Chennai Super Kings,2013,1160000,1.937018384,2246941.325
63,34,Q de Kock,south africa,21.0,,wk-batsman,left-handed-bat,,9,2584,31.51,138.33,16,264,103,6,3157,31.26,134.23,23,316,123,0,0.0,0.0,0.0,0,0.0,0.0,0.0,Sunrisers Hyderabad,2013,1160000,1.937018384,2246941.325
1051,3,B Laughlin,australia,31.0,,bowler,right-handed-bat,right-arm-fast-medium,0,0,0.0,0.0,0,0,0,2,5,2.5,38.47,0,0,0,2,9.97,59.0,35.5,10,10.13,28.2,16.7,Chennai Super Kings,2013,1160000,1.937018384,2246941.325
474,903,Simarjeet Singh,india,32.0,,bowling-allrounder,right-handed-bat,left-arm-orthodox,0,0,0.0,0.0,0,0,0,4,51,10.2,113.34,0,3,3,0,0.0,0.0,0.0,7,8.93,34.43,23.14,Lucknow Super Giants,2023,2000000,1.10879675,2217593.5
498,927,M Ashwin,india,33.0,,bowler,right-handed-bat,right-arm-legbreak,0,0,0.0,0.0,0,0,0,4,35,3.89,70.0,0,2,1,0,0.0,0.0,0.0,35,8.01,33.2,24.86,Rajasthan Royals,2023,2000000,1.10879675,2217593.5
583,891,K Khejroliya,india,31.0,,bowler,left-handed-bat,left-arm-fast-medium,0,0,0.0,0.0,0,0,0,0,0,0.0,0.0,0,0,0,0,0.0,0.0,0.0,5,10.76,43.4,24.2,Kolkata Knight Riders,2023,2000000,1.10879675,2217593.5
739,942,Arshdeep Singh,india,25.0,,batsman,right-handed-bat,right-arm-offbreak,0,0,0.0,0.0,0,0,0,0,139,15.44,120.87,0,19,3,0,0.0,0.0,0.0,0,0.0,0.0,0.0,Sunrisers Hyderabad,2023,2000000,1.10879675,2217593.5
810,875,Tilak Varma,india,25.0,,bowling-allrounder,right-handed-bat,right-arm-offbreak,0,0,0.0,0.0,0,0,0,0,0,0.0,0.0,0,0,0,0,0.0,0.0,0.0,0,0.0,0.0,0.0,Chennai Super Kings,2023,2000000,1.10879675,2217593.5
816,912,Vishnu Vinod,india,30.0,,wk-batsman,right-handed-bat,,0,0,0.0,0.0,0,0,0,0,56,9.33,98.25,0,3,3,0,0.0,0.0,0.0,0,0.0,0.0,0.0,Mumbai Indians,2023,2000000,1.10879675,2217593.5
901,905,PN Mankad,india,29.0,,batting-allrounder,right-handed-bat,right-arm-medium,0,0,0.0,0.0,0,0,0,3,97,32.33,132.88,1,13,2,0,0.0,0.0,0.0,0,0.0,0.0,0.0,Lucknow Super Giants,2023,2000000,1.10879675,2217593.5
933,879,SK Rasheed,india,19.0,,batsman,right-handed-bat,right-arm-legbreak,0,0,0.0,0.0,0,0,0,0,0,0.0,0.0,0,0,0,0,0.0,0.0,0.0,0,0.0,0.0,0.0,Chennai Super Kings,2023,2000000,1.10879675,2217593.5
940,887,Urvil Patel,india,25.0,,wk-batsman,right-handed-bat,,0,0,0.0,0.0,0,0,0,0,0,0.0,0.0,0,0,0,0,0.0,0.0,0.0,0,0.0,0.0,0.0,Gujarat Titans,2023,2000000,1.10879675,2217593.5
944,898,Sandeep Sharma,india,20.0,,bowler,right-handed-bat,right-arm-legbreak,0,0,0.0,0.0,0,0,0,0,0,0.0,0.0,0,0,0,0,0.0,0.0,0.0,10,8.65,37.2,25.8,Kolkata Knight Riders,2023,2000000,1.10879675,2217593.5
947,910,R Goyal,india,22.0,,bowler,left-handed-bat,left-arm-wrist-spin,0,0,0.0,0.0,0,0,0,0,0,0.0,0.0,0,0,0,0,0.0,0.0,0.0,0,8.25,0.0,0.0,Mumbai Indians,2023,2000000,1.10879675,2217593.5
949,913,D Jansen,south africa,23.0,,bowler,right-handed-bat,left-arm-fast,0,0,0.0,0.0,0,0,0,0,0,0.0,0.0,0,0,0,0,0.0,0.0,0.0,1,13.25,53.0,24.0,Mumbai Indians,2023,2000000,1.10879675,2217593.5
950,914,SZ Mulani,india,26.0,,batting-allrounder,left-handed-bat,left-arm-orthodox,0,0,0.0,0.0,0,0,0,1,1,0.0,100.0,0,0,0,0,0.0,0.0,0.0,0,11.4,0.0,0.0,Mumbai Indians,2023,2000000,1.10879675,2217593.5
952,916,Simarjeet Singh,india,27.0,,batsman,right-handed-bat,right-arm-offbreak,0,0,0.0,0.0,0,0,0,0,0,0.0,0.0,0,0,0,0,0.0,0.0,0.0,0,0.0,0.0,0.0,Punjab Kings,2023,2000000,1.10879675,2217593.5
953,917,V Kaverappa,india,24.0,,bowler,right-handed-bat,right-arm-fast-medium,0,0,0.0,0.0,0,0,0,0,0,0.0,0.0,0,0,0,0,0.0,0.0,0.0,2,9.0,18.0,12.0,Punjab Kings,2023,2000000,1.10879675,2217593.5
955,918,Mohit Rathee,india,24.0,,bowling-allrounder,right-handed-bat,right-arm-legbreak,0,0,0.0,0.0,0,0,0,1,1,0.0,50.0,0,0,0,0,0.0,0.0,0.0,0,14.5,0.0,0.0,Punjab Kings,2023,2000000,1.10879675,2217593.5
960,926,KS Rathore,india,21.0,,wk-batsman,left-handed-bat,right-arm-offbreak,0,0,0.0,0.0,0,0,0,0,0,0.0,0.0,0,0,0,0,0.0,0.0,0.0,0,0.0,0.0,0.0,Rajasthan Royals,2023,2000000,1.10879675,2217593.5
961,929,SA Yadav,india,24.0,,bowling-allrounder,right-handed-bat,right-arm-fast-medium,0,0,0.0,0.0,0,0,0,0,0,0.0,0.0,0,0,0,0,0.0,0.0,0.0,0,0.0,0.0,0.0,Royal Challengers Bengaluru,2023,2000000,1.10879675,2217593.5
962,930,H Sharma,india,25.0,,bowler,right-handed-bat,right-arm-legbreak,0,0,0.0,0.0,0,0,0,0,0,0.0,0.0,0,0,0,0,0.0,0.0,0.0,0,11.4,0.0,0.0,Royal Challengers Bengaluru,2023,2000000,1.10879675,2217593.5
965,932,MS Bhandage,india,25.0,,batting-allrounder,left-handed-bat,right-arm-fast-medium,0,0,0.0,0.0,0,0,0,0,0,0.0,0.0,0,0,0,0,0.0,0.0,0.0,0,0.0,0.0,0.0,Royal Challengers Bengaluru,2023,2000000,1.10879675,2217593.5
971,936,Simarjeet Singh,india,27.0,,batting-allrounder,right-handed-bat,right-arm-medium,0,0,0.0,0.0,0,0,0,3,25,12.5,119.05,0,2,1,0,0.0,0.0,0.0,0,0.0,0.0,0.0,Sunrisers Hyderabad,2023,2000000,1.10879675,2217593.5
978,945,Nithish Kumar Reddy,india,20.0,,batting-allrounder,right-handed-bat,right-arm-fast-medium,1,90,45.0,180.0,1,4,8,2,303,33.67,142.93,2,15,21,3,7.89,23.67,18.0,3,11.39,69.0,36.33,Sunrisers Hyderabad,2023,2000000,1.10879675,2217593.5
242,985,S Gopal,india,31.0,,bowler,right-handed-bat,right-arm-legbreak,0,0,0.0,0.0,0,0,0,8,180,12.86,106.51,0,19,2,0,0.0,0.0,0.0,52,8.16,25.92,19.06,Mumbai Indians,2024,2000000,1.0495,2099000.0
292,953,RK Bhui,india,28.0,,batsman,right-handed-bat,right-arm-legbreak,0,0,0.0,0.0,0,0,0,0,10,2.5,38.47,0,0,0,0,0.0,0.0,0.0,0,0.0,0.0,0.0,Delhi Capitals,2024,2000000,1.0495,2099000.0
473,1009,Simarjeet Singh,india,33.0,,bowling-allrounder,right-handed-bat,left-arm-orthodox,0,0,0.0,0.0,0,0,0,4,51,10.2,113.34,0,3,3,0,0.0,0.0,0.0,7,8.93,34.43,23.14,Royal Challengers Bengaluru,2024,2000000,1.0495,2099000.0
541,996,Simarjeet Singh,india,33.0,,batting-allrounder,right-handed-bat,right-arm-medium,0,0,0.0,0.0,0,0,0,7,423,35.25,161.46,2,33,25,0,0.0,0.0,0.0,1,8.33,25.0,18.0,Punjab Kings,2024,2000000,1.0495,2099000.0
743,958,Rasikh Salam,india,24.0,,bowler,right-handed-bat,right-arm-fast-medium,0,0,0.0,0.0,0,0,0,1,40,8.0,100.0,0,5,0,0,0.0,0.0,0.0,9,10.43,37.67,21.67,Delhi Capitals,2024,2000000,1.0495,2099000.0
794,1012,Arshdeep Singh,india,22.0,,bowler,right-handed-bat,left-arm-fast-medium,0,0,0.0,0.0,0,0,0,0,0,0.0,0.0,0,0,0,0,0.0,0.0,0.0,5,9.87,45.4,27.6,Sunrisers Hyderabad,2024,2000000,1.0495,2099000.0
889,974,RK Singh,india,27.0,,batting-allrounder,right-handed-bat,right-arm-medium,0,15,15.0,250.0,0,1,1,7,170,28.33,166.67,0,8,13,1,12.6,42.0,20.0,6,9.45,10.5,6.67,Kolkata Knight Riders,2024,2000000,1.0495,2099000.0
893,983,Arshad Khan,india,27.0,,bowling-allrounder,left-handed-bat,left-arm-medium,0,0,0.0,0.0,0,0,0,3,101,25.25,146.38,1,6,6,0,0.0,0.0,0.0,6,12.49,50.67,24.33,Lucknow Super Giants,2024,2000000,1.0495,2099000.0
991,964,MJ Suthar,india,22.0,,bowler,left-handed-bat,left-arm-orthodox,0,0,0.0,0.0,0,0,0,0,1,1.0,50.0,0,0,0,0,0.0,0.0,0.0,0,13.0,0.0,0.0,Gujarat Titans,2024,2000000,1.0495,2099000.0
998,972,A Raghuvanshi,india,20.0,,batsman,right-handed-bat,right-arm-offbreak,0,0,0.0,0.0,0,0,0,0,163,23.29,155.24,1,16,8,0,0.0,0.0,0.0,0,0.0,0.0,0.0,Kolkata Knight Riders,2024,2000000,1.0495,2099000.0
1000,982,AA Kulkarni,india,19.0,,batting-allrounder,right-handed-bat,right-arm-fast-medium,0,0,0.0,0.0,0,0,0,0,9,4.5,112.5,0,2,0,0,0.0,0.0,0.0,0,0.0,0.0,0.0,Lucknow Super Giants,2024,2000000,1.0495,2099000.0
1001,986,Sandeep Sharma,india,26.0,,batting-allrounder,left-handed-bat,right-arm-legbreak,0,0,0.0,0.0,0,0,0,0,0,0.0,0.0,0,0,0,0,0.0,0.0,0.0,0,0.0,0.0,0.0,Mumbai Indians,2024,2000000,1.0495,2099000.0
1003,987,A Kamboj,india,24.0,,bowling-allrounder,right-handed-bat,right-arm-fast-medium,0,0,0.0,0.0,0,0,0,1,2,0.0,100.0,0,0,0,0,0.0,0.0,0.0,2,11.4,57.0,30.0,Mumbai Indians,2024,2000000,1.0495,2099000.0
1005,989,Naman Dhir,india,25.0,,batsman,right-handed-bat,right-arm-offbreak,0,0,0.0,0.0,0,0,0,1,140,23.33,177.22,1,12,10,0,0.0,0.0,0.0,0,11.79,0.0,0.0,Mumbai Indians,2024,2000000,1.0495,2099000.0
1010,994,Virat Singh,india,26.0,,batsman,right-handed-bat,right-arm-offbreak,0,0,0.0,0.0,0,0,0,0,0,0.0,0.0,0,0,0,0,0.0,0.0,0.0,0,0.0,0.0,0.0,Punjab Kings,2024,2000000,1.0495,2099000.0
1012,995,Abhishek Sharma,india,26.0,,batting-allrounder,right-handed-bat,right-arm-medium,0,0,0.0,0.0,0,0,0,2,189,27.0,167.26,1,10,15,0,0.0,0.0,0.0,0,0.0,0.0,0.0,Punjab Kings,2024,2000000,1.0495,2099000.0
1017,1007,Saurav Chauhan,india,24.0,,wk-batsman,left-handed-bat,right-arm-offbreak,0,0,0.0,0.0,0,0,0,0,18,6.0,120.0,0,1,1,0,0.0,0.0,0.0,0,0.0,0.0,0.0,Royal Challengers Bengaluru,2024,2000000,1.0495,2099000.0
94,45,V Shankar,india,23.0,,batting-allrounder,right-handed-bat,right-arm-medium,0,101,25.25,138.36,0,11,5,16,1115,25.34,129.81,6,80,45,5,9.1,38.2,25.2,9,8.67,38.22,26.44,Chennai Super Kings,2014,1000000,1.745533373,1745533.373
95,46,RG More,india,22.0,,bowler,right-handed-bat,right-arm-medium,0,0,0.0,0.0,0,0,0,1,2,0.0,100.0,0,0,0,0,0.0,0.0,0.0,1,10.11,59.0,35.0,Chennai Super Kings,2014,1000000,1.745533373,1745533.373
100,48,P Negi,india,21.0,,bowling-allrounder,left-handed-bat,left-arm-orthodox,0,0,0.0,0.0,0,0,0,9,365,14.04,126.3,0,27,16,1,5.33,16.0,18.0,34,7.87,27.62,21.06,Chennai Super Kings,2014,1000000,1.745533373,1745533.373
144,67,J Yadav,india,24.0,,bowling-allrounder,right-handed-bat,right-arm-offbreak,0,0,0.0,0.0,0,0,0,1,40,10.0,111.12,0,2,1,0,0.0,0.0,0.0,8,6.85,55.63,48.75,Delhi Capitals,2014,1000000,1.745533373,1745533.373
145,68,BR Sharath,india,21.0,,bowler,right-handed-bat,right-arm-medium,0,0,0.0,0.0,0,0,0,0,0,0.0,0.0,0,0,0,0,0.0,0.0,0.0,0,0.0,0.0,0.0,Delhi Capitals,2014,1000000,1.745533373,1745533.373
147,69,Mukesh Kumar,united states of america,23.0,,batting-allrounder,right-handed-bat,right-arm-offbreak,4,172,24.57,96.09,0,12,0,0,0,0.0,0.0,0,0,0,6,8.64,20.17,14.0,0,0.0,0.0,0.0,Delhi Capitals,2014,1000000,1.745533373,1745533.373
179,85,Sandeep Sharma,india,21.0,,bowler,right-handed-bat,right-arm-offbreak,0,0,0.0,0.0,0,0,0,1,5,5.0,166.67,0,1,0,0,0.0,0.0,0.0,4,8.68,41.25,28.5,Punjab Kings,2014,1000000,1.745533373,1745533.373
240,114,P Suyal,india,25.0,,bowler,right-handed-bat,left-arm-medium,0,0,0.0,0.0,0,0,0,0,0,0.0,0.0,0,0,0,0,0.0,0.0,0.0,2,9.44,75.5,48.0,Mumbai Indians,2014,1000000,1.745533373,1745533.373
245,116,S Gopal,india,21.0,,bowler,right-handed-bat,right-arm-legbreak,0,0,0.0,0.0,0,0,0,8,180,12.86,106.51,0,19,2,0,0.0,0.0,0.0,52,8.16,25.92,19.06,Mumbai Indians,2014,1000000,1.745533373,1745533.373
275,130,Abhishek Sharma,india,23.0,,bowler,left-handed-bat,left-arm-orthodox,0,0,0.0,0.0,0,0,0,3,87,12.43,129.86,0,7,4,0,0.0,0.0,0.0,12,7.36,37.5,30.58,Rajasthan Royals,2014,1000000,1.745533373,1745533.373
279,131,R Tewatia,india,21.0,,batting-allrounder,left-handed-bat,right-arm-legbreak,0,0,0.0,0.0,0,0,0,25,1013,25.33,134.71,1,84,47,0,0.0,0.0,0.0,32,7.91,34.72,26.34,Rajasthan Royals,2014,1000000,1.745533373,1745533.373
285,133,A Mishra,india,32.0,,bowler,right-handed-bat,right-arm-legbreak,0,0,0.0,0.0,0,0,0,25,381,11.91,90.94,0,31,5,16,6.32,15.0,14.25,174,7.38,23.82,19.37,Rajasthan Royals,2014,1000000,1.745533373,1745533.373
289,134,PV Tambe,india,43.0,,bowler,right-handed-bat,right-arm-legbreak,0,0,0.0,0.0,0,0,0,4,18,9.0,46.16,0,1,0,0,0.0,0.0,0.0,28,7.75,30.46,23.57,Rajasthan Royals,2014,1000000,1.745533373,1745533.373
315,147,S Sandeep Warrier,india,23.0,,bowler,right-handed-bat,right-arm-fast-medium,0,0,0.0,0.0,0,0,0,0,0,0.0,0.0,0,0,0,0,7.67,0.0,0.0,8,9.04,31.63,21.0,Royal Challengers Bengaluru,2014,1000000,1.745533373,1745533.373
316,148,A Mishra,india,28.0,,batsman,right-handed-bat,right-arm-fast-medium,0,227,15.13,86.32,0,15,4,0,0,0.0,0.0,0,0,0,3,6.8,11.33,10.0,0,0.0,0.0,0.0,Royal Challengers Bengaluru,2014,1000000,1.745533373,1745533.373
317,149,YV Takawale,india,30.0,,wk-batsman,right-handed-bat,,0,0,0.0,0.0,0,0,0,2,192,24.0,107.87,0,26,3,0,0.0,0.0,0.0,0,0.0,0.0,0.0,Royal Challengers Bengaluru,2014,1000000,1.745533373,1745533.373
321,150,YS Chahal,india,24.0,,bowler,right-handed-bat,right-arm-legbreak,4,6,3.0,46.16,0,0,0,13,37,5.29,43.03,0,0,0,96,8.19,25.09,18.38,205,7.84,22.45,17.18,Royal Challengers Bengaluru,2014,1000000,1.745533373,1745533.373
358,170,RK Bhui,india,18.0,,batsman,right-handed-bat,right-arm-legbreak,0,0,0.0,0.0,0,0,0,0,10,2.5,38.47,0,0,0,0,0.0,0.0,0.0,0,0.0,0.0,0.0,Sunrisers Hyderabad,2014,1000000,1.745533373,1745533.373
359,172,MC Juneja,india,24.0,,batting-allrounder,right-handed-bat,right-arm-offbreak,0,0,0.0,0.0,0,0,0,0,125,17.86,97.66,0,11,1,0,0.0,0.0,0.0,0,0.0,0.0,0.0,Sunrisers Hyderabad,2014,1000000,1.745533373,1745533.373
138,233,S Kaul,india,25.0,,bowler,right-handed-bat,right-arm-fast-medium,0,0,0.0,0.0,0,0,0,8,20,5.0,55.56,0,1,0,4,8.69,21.0,14.5,58,8.63,29.98,20.84,Sunrisers Hyderabad,2015,1000000,1.6363864,1636386.4
228,224,Jalaj S Saxena,india,29.0,,batting-allrounder,right-handed-bat,right-arm-offbreak,0,0,0.0,0.0,0,0,0,0,0,0.0,0.0,0,0,0,0,0.0,0.0,0.0,0,9.0,0.0,0.0,Royal Challengers Bengaluru,2015,1000000,1.6363864,1636386.4
368,178,P Simran Singh,india,21.0,,bowler,right-handed-bat,right-arm-legbreak,0,0,0.0,0.0,0,0,0,0,0,0.0,0.0,0,0,0,0,0.0,0.0,0.0,0,0.0,0.0,0.0,Chennai Super Kings,2015,1000000,1.6363864,1636386.4
371,180,ER Dwivedi,india,27.0,,wk-batsman,right-handed-bat,,0,0,0.0,0.0,0,0,0,0,24,12.0,171.43,0,2,2,0,0.0,0.0,0.0,0,0.0,0.0,0.0,Chennai Super Kings,2015,1000000,1.6363864,1636386.4
388,192,KS Bharat,india,22.0,,wk-batsman,right-handed-bat,,0,0,0.0,0.0,0,0,0,2,199,28.43,122.09,1,12,8,0,0.0,0.0,0.0,0,0.0,0.0,0.0,Delhi Capitals,2015,1000000,1.6363864,1636386.4
398,201,S Narwal,india,33.0,,batting-allrounder,left-handed-bat,right-arm-medium,0,0,0.0,0.0,0,0,0,1,37,12.33,137.04,0,6,0,0,0.0,0.0,0.0,5,11.43,40.4,21.2,Kolkata Knight Riders,2015,1000000,1.6363864,1636386.4
402,208,HH Pandya,india,22.0,,batting-allrounder,right-handed-bat,right-arm-fast-medium,25,1812,27.88,141.68,5,135,95,40,2525,28.69,145.62,10,189,136,94,8.21,26.44,19.33,64,9.1,33.59,22.16,Mumbai Indians,2015,1000000,1.6363864,1636386.4
406,210,N Rana,india,22.0,,batsman,left-handed-bat,right-arm-offbreak,0,15,7.5,55.56,0,0,0,8,2636,28.34,135.05,18,234,132,0,0.0,0.0,0.0,10,8.4,25.2,18.0,Mumbai Indians,2015,1000000,1.6363864,1636386.4
408,211,SD Lad,india,23.0,,batsman,right-handed-bat,right-arm-offbreak,0,0,0.0,0.0,0,0,0,0,15,15.0,115.39,0,1,1,0,0.0,0.0,0.0,0,0.0,0.0,0.0,Mumbai Indians,2015,1000000,1.6363864,1636386.4
411,212,J Suchith,india,21.0,,bowler,left-handed-bat,left-arm-orthodox,0,0,0.0,0.0,0,0,0,6,70,17.5,114.76,0,6,3,0,0.0,0.0,0.0,19,8.6,31.68,22.11,Mumbai Indians,2015,1000000,1.6363864,1636386.4
413,216,SK Trivedi,india,24.0,,bowler,left-handed-bat,right-arm-medium,0,0,0.0,0.0,0,0,0,0,0,0.0,0.0,0,0,0,0,0.0,0.0,0.0,0,0.0,0.0,0.0,Rajasthan Royals,2015,1000000,1.6363864,1636386.4
416,217,P Sahu,india,30.0,,batting-allrounder,right-handed-bat,right-arm-legbreak,0,0,0.0,0.0,0,0,0,1,19,19.0,146.16,0,1,1,0,0.0,0.0,0.0,3,8.34,48.67,35.0,Rajasthan Royals,2015,1000000,1.6363864,1636386.4
434,232,GH Vihari,india,22.0,,batting-allrounder,right-handed-bat,right-arm-offbreak,0,0,0.0,0.0,0,0,0,3,284,14.2,88.48,0,23,1,0,0.0,0.0,0.0,1,6.71,47.0,42.0,Sunrisers Hyderabad,2015,1000000,1.6363864,1636386.4
239,247,P Suyal,india,27.0,,bowler,right-handed-bat,left-arm-medium,0,0,0.0,0.0,0,0,0,0,0,0.0,0.0,0,0,0,0,0.0,0.0,0.0,2,9.44,75.5,48.0,Delhi Capitals,2016,1000000,1.55980021,1559800.21
268,313,Iqbal Abdulla,india,27.0,,bowler,left-handed-bat,left-arm-orthodox,0,0,0.0,0.0,0,0,0,11,88,44.0,104.77,0,9,1,0,0.0,0.0,0.0,40,7.23,27.73,23.0,Royal Challengers Bengaluru,2016,1000000,1.55980021,1559800.21
274,304,Abhishek Sharma,india,25.0,,bowler,left-handed-bat,left-arm-orthodox,0,0,0.0,0.0,0,0,0,3,87,12.43,129.86,0,7,4,0,0.0,0.0,0.0,12,7.36,37.5,30.58,Lucknow Super Giants,2016,1000000,1.55980021,1559800.21
282,261,A Mishra,india,34.0,,bowler,right-handed-bat,right-arm-legbreak,0,0,0.0,0.0,0,0,0,25,381,11.91,90.94,0,31,5,16,6.32,15.0,14.25,174,7.38,23.82,19.37,Gujarat Titans,2016,1000000,1.55980021,1559800.21
367,243,P Simran Singh,india,22.0,,bowler,right-handed-bat,right-arm-legbreak,0,0,0.0,0.0,0,0,0,0,0,0.0,0.0,0,0,0,0,0.0,0.0,0.0,0,0.0,0.0,0.0,Delhi Capitals,2016,1000000,1.55980021,1559800.21
415,272,P Sahu,india,31.0,,batting-allrounder,right-handed-bat,right-arm-legbreak,0,0,0.0,0.0,0,0,0,1,19,19.0,146.16,0,1,1,0,0.0,0.0,0.0,3,8.34,48.67,35.0,Punjab Kings,2016,1000000,1.55980021,1559800.21
449,244,MK Lomror,india,17.0,,batting-allrounder,left-handed-bat,left-arm-orthodox,0,0,0.0,0.0,0,0,0,6,527,18.17,141.29,1,33,30,0,0.0,0.0,0.0,1,8.47,127.0,90.0,Delhi Capitals,2016,1000000,1.55980021,1559800.21
453,245,KK Ahmed,india,19.0,,bowler,right-handed-bat,left-arm-fast-medium,2,1,0.0,50.0,0,0,0,0,1,0.2,14.29,0,0,0,16,8.52,35.13,24.75,74,8.84,25.42,17.24,Delhi Capitals,2016,1000000,1.55980021,1559800.21
467,263,AD Nath,india,23.0,,batting-allrounder,right-handed-bat,right-arm-fast-medium,0,0,0.0,0.0,0,0,0,0,90,9.0,91.84,0,7,2,0,0.0,0.0,0.0,0,0.0,0.0,0.0,Gujarat Titans,2016,1000000,1.55980021,1559800.21
468,264,S Ladda,india,30.0,,bowler,right-handed-bat,right-arm-legbreak,0,0,0.0,0.0,0,0,0,1,0,0.0,0.0,0,0,0,0,0.0,0.0,0.0,5,9.74,44.8,27.6,Gujarat Titans,2016,1000000,1.55980021,1559800.21
469,265,MM Sharma,india,27.0,,batsman,right-handed-bat,right-arm-offbreak,0,0,0.0,0.0,0,0,0,0,0,0.0,0.0,0,0,0,0,0.0,0.0,0.0,0,0.0,0.0,0.0,Gujarat Titans,2016,1000000,1.55980021,1559800.21
470,266,P Dogra,india,32.0,,batsman,right-handed-bat,right-arm-legbreak,0,0,0.0,0.0,0,0,0,1,127,11.55,92.03,0,4,5,0,0.0,0.0,0.0,0,0.0,0.0,0.0,Gujarat Titans,2016,1000000,1.55980021,1559800.21
475,274,Simarjeet Singh,india,25.0,,bowling-allrounder,right-handed-bat,left-arm-orthodox,0,0,0.0,0.0,0,0,0,4,51,10.2,113.34,0,3,3,0,0.0,0.0,0.0,7,8.93,34.43,23.14,Punjab Kings,2016,1000000,1.55980021,1559800.21
480,280,MM Sharma,india,25.0,,bowling-allrounder,left-handed-bat,left-arm-orthodox,0,0,0.0,0.0,0,0,0,0,0,0.0,0.0,0,0,0,0,0.0,0.0,0.0,0,0.0,0.0,0.0,Kolkata Knight Riders,2016,1000000,1.55980021,1559800.21
493,287,JM Sharma,india,23.0,,wk-batsman,right-handed-bat,,0,100,14.29,147.06,0,11,4,4,730,22.81,151.14,0,53,45,0,0.0,0.0,0.0,0,0.0,0.0,0.0,Mumbai Indians,2016,1000000,1.55980021,1559800.21
513,300,DL Chahar,india,24.0,,bowler,right-handed-bat,right-arm-fast-medium,5,53,26.5,189.29,0,4,4,6,80,11.43,135.6,0,2,6,31,8.3,24.1,17.42,77,7.98,28.84,21.68,Lucknow Super Giants,2016,1000000,1.55980021,1559800.21
514,301,Arshdeep Singh,india,27.0,,bowler,right-handed-bat,,0,0,0.0,0.0,0,0,0,4,8,8.0,72.73,0,0,0,0,0.0,0.0,0.0,6,10.06,28.5,17.0,Lucknow Super Giants,2016,1000000,1.55980021,1559800.21
526,314,Sachin Baby,india,28.0,,batsman,left-handed-bat,right-arm-offbreak,0,0,0.0,0.0,0,0,0,2,144,16.0,122.04,0,11,5,0,0.0,0.0,0.0,2,4.8,4.0,5.0,Royal Challengers Bengaluru,2016,1000000,1.55980021,1559800.21
532,322,TL Suman,india,33.0,,batsman,right-handed-bat,right-arm-offbreak,0,0,0.0,0.0,0,0,0,8,676,21.13,117.57,2,55,26,0,0.0,0.0,0.0,6,7.88,32.83,25.0,Sunrisers Hyderabad,2016,1000000,1.55980021,1559800.21
287,379,PV Tambe,india,46.0,,bowler,right-handed-bat,right-arm-legbreak,0,0,0.0,0.0,0,0,0,4,18,9.0,46.16,0,1,0,0,0.0,0.0,0.0,28,7.75,30.46,23.57,Sunrisers Hyderabad,2017,1000000,1.492346163,1492346.163
466,336,AD Nath,india,24.0,,batting-allrounder,right-handed-bat,right-arm-fast-medium,0,0,0.0,0.0,0,0,0,0,90,9.0,91.84,0,7,2,0,0.0,0.0,0.0,0,0.0,0.0,0.0,Gujarat Titans,2017,1000000,1.492346163,1492346.163
521,373,P Dubey,india,24.0,,bowling-allrounder,right-handed-bat,right-arm-legbreak,0,0,0.0,0.0,0,0,0,1,23,23.0,69.7,0,2,0,0,0.0,0.0,0.0,1,8.27,91.0,66.0,Royal Challengers Bengaluru,2017,1000000,1.492346163,1492346.163
537,328,AR Bawne,india,25.0,,batsman,right-handed-bat,right-arm-offbreak,0,0,0.0,0.0,0,0,0,1,12,0.0,100.0,0,1,0,0,0.0,0.0,0.0,0,0.0,0.0,0.0,Delhi Capitals,2017,1000000,1.492346163,1492346.163
540,329,NA Saini,india,25.0,,bowler,right-handed-bat,right-arm-fast,3,12,0.0,109.1,0,2,0,3,33,8.25,89.19,0,3,0,13,7.16,18.08,15.15,23,8.88,42.35,28.61,Delhi Capitals,2017,1000000,1.492346163,1492346.163
544,330,Simarjeet Singh,india,26.0,,batting-allrounder,right-handed-bat,right-arm-medium,0,0,0.0,0.0,0,0,0,7,423,35.25,161.46,2,33,25,0,0.0,0.0,0.0,1,8.33,25.0,18.0,Delhi Capitals,2017,1000000,1.492346163,1492346.163
553,337,SS Agarwal,india,24.0,,bowler,right-handed-bat,right-arm-legbreak,0,0,0.0,0.0,0,0,0,0,0,0.0,0.0,0,0,0,0,0.0,0.0,0.0,1,10.5,42.0,24.0,Gujarat Titans,2017,1000000,1.492346163,1492346.163
555,339,P Simran Singh,india,25.0,,batting-allrounder,left-handed-bat,right-arm-offbreak,0,0,0.0,0.0,0,0,0,0,0,0.0,0.0,0,0,0,0,0.0,0.0,0.0,0,0.0,0.0,0.0,Gujarat Titans,2017,1000000,1.492346163,1492346.163
558,346,RK Singh,india,20.0,,batsman,left-handed-bat,right-arm-offbreak,11,546,42.0,161.07,3,45,31,11,893,30.79,143.34,4,67,46,2,3.0,1.5,3.0,0,0.0,0.0,0.0,Punjab Kings,2017,1000000,1.492346163,1492346.163
571,353,SA Yadav,india,22.0,,bowling-allrounder,left-handed-bat,left-arm-orthodox,0,0,0.0,0.0,0,0,0,0,0,0.0,0.0,0,0,0,0,0.0,0.0,0.0,0,11.5,0.0,0.0,Kolkata Knight Riders,2017,1000000,1.492346163,1492346.163
573,354,IR Jaggi,india,28.0,,batsman,right-handed-bat,right-arm-legbreak,0,0,0.0,0.0,0,0,0,2,76,15.2,78.36,0,6,0,0,0.0,0.0,0.0,0,0.0,0.0,0.0,Kolkata Knight Riders,2017,1000000,1.492346163,1492346.163
585,360,K Khejroliya,india,25.0,,bowler,left-handed-bat,left-arm-fast-medium,0,0,0.0,0.0,0,0,0,0,0,0.0,0.0,0,0,0,0,0.0,0.0,0.0,5,10.76,43.4,24.2,Mumbai Indians,2017,1000000,1.492346163,1492346.163
597,366,RD Chahar,india,18.0,,bowler,right-handed-bat,right-arm-legbreak,0,5,5.0,100.0,0,1,0,8,129,8.06,104.04,0,13,5,7,7.59,23.86,18.86,75,7.72,28.55,22.19,Lucknow Super Giants,2017,1000000,1.492346163,1492346.163
599,367,Sumit Kumar,india,24.0,,bowling-allrounder,left-handed-bat,left-arm-orthodox,0,0,0.0,0.0,0,0,0,0,0,0.0,0.0,0,0,0,0,0.0,0.0,0.0,0,0.0,0.0,0.0,Lucknow Super Giants,2017,1000000,1.492346163,1492346.163
604,369,RA Tripathi,india,26.0,,batsman,right-handed-bat,right-arm-medium,0,97,19.4,144.78,0,11,5,10,2236,26.94,139.32,12,223,84,0,0.0,0.0,0.0,0,12.0,0.0,0.0,Lucknow Super Giants,2017,1000000,1.492346163,1492346.163
620,380,MA Agarwal,india,22.0,,batsman,left-handed-bat,right-arm-legbreak,0,0,0.0,0.0,0,0,0,0,0,0.0,0.0,0,0,0,0,0.0,0.0,0.0,0,0.0,0.0,0.0,Sunrisers Hyderabad,2017,1000000,1.492346163,1492346.163
29,1178,JD Unadkat,india,34.0,,bowler,right-handed-bat,left-arm-fast-medium,0,0,0.0,0.0,0,0,0,16,197,12.31,118.68,0,16,7,14,8.68,21.5,14.86,99,8.98,32.21,21.53,Sunrisers Hyderabad,2025,10000000,,
59,1073,Q de Kock,south africa,33.0,,wk-batsman,left-handed-bat,,9,2584,31.51,138.33,16,264,103,6,3157,31.26,134.23,23,316,123,0,0.0,0.0,0.0,0,0.0,0.0,0.0,Kolkata Knight Riders,2025,36000000,,
64,1041,F du Plessis,south africa,41.0,,batsman,right-handed-bat,right-arm-legbreak,7,1528,35.53,134.39,10,140,50,11,4571,35.99,136.37,37,421,166,0,2.25,0.0,0.0,0,16.0,0.0,0.0,Delhi Capitals,2025,20000000,,
73,1040,MM Sharma,india,37.0,,bowler,right-handed-bat,right-arm-fast-medium,2,3,0.0,42.86,0,0,0,14,124,7.29,93.24,0,8,4,6,8.04,30.83,23.0,132,8.67,24.67,17.07,Delhi Capitals,2025,22000000,,
90,1027,V Shankar,india,34.0,,batting-allrounder,right-handed-bat,right-arm-medium,0,101,25.25,138.36,0,11,5,16,1115,25.34,129.81,6,80,45,5,9.1,38.2,25.2,9,8.67,38.22,26.44,Chennai Super Kings,2025,12000000,,
108,1170,Mohammed Shami,india,35.0,,bowler,right-handed-bat,right-arm-fast,3,7,3.5,70.0,0,0,1,12,74,5.69,93.68,0,6,2,27,8.95,28.19,18.89,127,8.44,26.86,19.1,Sunrisers Hyderabad,2025,100000000,,
141,1064,J Yadav,india,35.0,,bowling-allrounder,right-handed-bat,right-arm-offbreak,0,0,0.0,0.0,0,0,0,1,40,10.0,111.12,0,2,1,0,0.0,0.0,0.0,8,6.85,55.63,48.75,Gujarat Titans,2025,7500000,,
230,1150,JR Hazlewood,australia,34.0,6.43076,bowler,left-handed-bat,right-arm-fast-medium,7,29,9.67,107.41,0,2,1,6,19,0.0,67.86,0,1,0,67,7.49,22.1,17.7,35,8.06,23.14,17.23,Royal Challengers Bengaluru,2025,125000000,,
241,1030,S Gopal,india,32.0,,bowler,right-handed-bat,right-arm-legbreak,0,0,0.0,0.0,0,0,0,8,180,12.86,106.51,0,19,2,0,0.0,0.0,0.0,52,8.16,25.92,19.06,Chennai Super Kings,2025,3000000,,
262,1046,KK Nair,india,34.0,,batsman,right-handed-bat,right-arm-offbreak,0,0,0.0,0.0,0,0,0,5,1496,23.75,127.76,10,161,39,0,0.0,0.0,0.0,0,0.0,0.0,0.0,Delhi Capitals,2025,5000000,,
307,1171,HV Patel,india,35.0,,bowler,right-handed-bat,right-arm-fast-medium,4,77,12.83,135.09,0,9,3,15,249,9.22,122.67,0,16,15,29,9.18,26.55,17.34,135,8.74,23.33,16.01,Sunrisers Hyderabad,2025,80000000,,
318,1121,YS Chahal,india,35.0,,bowler,right-handed-bat,right-arm-legbreak,4,6,3.0,46.16,0,0,0,13,37,5.29,43.03,0,0,0,96,8.19,25.09,18.38,205,7.84,22.45,17.18,Punjab Kings,2025,180000000,,
325,1153,B Kumar,india,35.0,,bowler,right-handed-bat,right-arm-fast-medium,13,67,8.38,71.28,0,0,0,33,306,8.74,93.87,0,30,3,90,6.96,23.1,19.9,181,7.56,27.23,21.6,Royal Challengers Bengaluru,2025,107500000,,
333,1113,KV Sharma,india,38.0,,bowler,left-handed-bat,right-arm-legbreak,0,0,0.0,0.0,0,0,0,14,351,13.5,119.39,0,20,17,1,7.0,28.0,24.0,76,8.38,27.46,19.67,Mumbai Indians,2025,5000000,,
339,1065,I Sharma,india,37.0,,bowler,right-handed-bat,right-arm-fast-medium,2,8,8.0,88.89,0,1,0,22,57,9.5,82.61,0,4,2,8,8.63,50.0,34.75,92,8.24,34.48,25.1,Gujarat Titans,2025,7500000,,
347,1035,KL Rahul,india,33.0,,wk-batsman,right-handed-bat,,8,2265,37.75,139.13,22,191,99,20,4683,45.47,134.61,37,400,187,0,0.0,0.0,0.0,0,0.0,0.0,0.0,Delhi Capitals,2025,140000000,,
379,1123,MP Stoinis,australia,36.0,,batting-allrounder,right-handed-bat,right-arm-medium,22,1245,31.92,148.57,5,99,63,22,1866,28.27,142.01,9,150,91,45,8.73,24.24,16.67,43,9.52,29.63,18.67,Punjab Kings,2025,110000000,,
403,1141,N Rana,india,32.0,,batsman,left-handed-bat,right-arm-offbreak,0,15,7.5,55.56,0,0,0,8,2636,28.34,135.05,18,234,132,0,0.0,0.0,0.0,10,8.4,25.2,18.0,Rajasthan Royals,2025,42000000,,
440,1085,RR Pant,india,28.0,,wk-batsman,left-handed-bat,,14,1209,23.25,127.4,3,111,44,17,3284,35.31,148.94,18,296,154,0,0.0,0.0,0.0,0,0.0,0.0,0.0,Lucknow Super Giants,2025,270000000,,
446,1060,MK Lomror,india,26.0,,batting-allrounder,left-handed-bat,left-arm-orthodox,0,0,0.0,0.0,0,0,0,6,527,18.17,141.29,1,33,30,0,0.0,0.0,0.0,1,8.47,127.0,90.0,Gujarat Titans,2025,17000000,,
450,1019,KK Ahmed,india,28.0,,bowler,right-handed-bat,left-arm-fast-medium,2,1,0.0,50.0,0,0,0,0,1,0.2,14.29,0,0,0,16,8.52,35.13,24.75,74,8.84,25.42,17.24,Chennai Super Kings,2025,48000000,,
456,1169,Ishan Kishan,india,27.0,,wk-batsman,left-handed-bat,,1,796,25.68,124.38,6,79,36,6,2644,28.43,135.87,16,255,119,0,0.0,0.0,0.0,0,0.0,0.0,0.0,Sunrisers Hyderabad,2025,112500000,,
472,1164,Simarjeet Singh,india,34.0,,bowling-allrounder,right-handed-bat,left-arm-orthodox,0,0,0.0,0.0,0,0,0,4,51,10.2,113.34,0,3,3,0,0.0,0.0,0.0,7,8.93,34.43,23.14,Royal Challengers Bengaluru,2025,5000000,,
481,1052,JC Buttler,england,35.0,,wk-batsman,right-handed-bat,,23,3535,35.35,146.62,26,322,152,12,3582,38.11,147.53,19,355,161,0,0.0,0.0,0.0,0,0.0,0.0,0.0,Gujarat Titans,2025,157500000,,
487,1156,KH Pandya,india,34.0,,batting-allrounder,left-handed-bat,left-arm-orthodox,5,124,24.8,130.53,0,8,6,36,1647,21.96,132.83,1,144,61,15,8.11,36.93,27.33,76,7.37,34.29,27.92,Royal Challengers Bengaluru,2025,57500000,,
491,1152,JM Sharma,india,32.0,,wk-batsman,right-handed-bat,,0,100,14.29,147.06,0,11,4,4,730,22.81,151.14,0,53,45,0,0.0,0.0,0.0,0,0.0,0.0,0.0,Royal Challengers Bengaluru,2025,110000000,,
494,1090,MR Marsh,australia,34.0,,batting-allrounder,right-handed-bat,right-arm-fast-medium,11,1629,31.94,135.42,9,139,76,2,665,19.56,127.64,3,48,38,17,7.74,22.76,17.65,37,8.52,21.49,15.14,Lucknow Super Giants,2025,34000000,,
506,1174,A Zampa,australia,33.0,,bowler,right-handed-bat,right-arm-legbreak,10,68,5.67,89.48,0,7,0,0,15,3.0,62.5,0,1,0,117,7.17,21.01,17.58,29,7.99,19.24,14.45,Sunrisers Hyderabad,2025,24000000,,
509,1104,DL Chahar,india,33.0,,bowler,right-handed-bat,right-arm-fast-medium,5,53,26.5,189.29,0,4,4,6,80,11.43,135.6,0,2,6,31,8.3,24.1,17.42,77,7.98,28.84,21.68,Mumbai Indians,2025,92500000,,
519,1134,P Dubey,india,32.0,,bowling-allrounder,right-handed-bat,right-arm-legbreak,0,0,0.0,0.0,0,0,0,1,23,23.0,69.7,0,2,0,0,0.0,0.0,0.0,1,8.27,91.0,66.0,Punjab Kings,2025,3000000,,
523,1181,Sachin Baby,india,37.0,,batsman,left-handed-bat,right-arm-offbreak,0,0,0.0,0.0,0,0,0,2,144,16.0,122.04,0,11,5,0,0.0,0.0,0.0,2,4.8,4.0,5.0,Sunrisers Hyderabad,2025,3000000,,
533,1053,K Rabada,south africa,30.0,,bowler,left-handed-bat,right-arm-fast,15,156,17.33,110.64,0,14,5,14,206,12.12,106.74,0,16,8,71,8.3,27.15,19.62,117,8.48,21.97,15.54,Gujarat Titans,2025,107500000,,
564,1080,R Powell,west indies,32.0,,batsman,right-handed-bat,right-arm-fast-medium,11,1747,25.69,140.33,8,99,117,3,360,18.95,147.55,1,21,28,5,9.94,43.4,26.2,1,11.67,35.0,18.0,Kolkata Knight Riders,2025,15000000,,
582,1067,K Khejroliya,india,33.0,,bowler,left-handed-bat,left-arm-fast-medium,0,0,0.0,0.0,0,0,0,0,0,0.0,0.0,0,0,0,0,0.0,0.0,0.0,5,10.76,43.4,24.2,Gujarat Titans,2025,3000000,,
589,1128,LH Ferguson,new zealand,34.0,,bowler,right-handed-bat,right-arm-fast,7,29,3.63,80.56,0,0,2,7,68,22.67,147.83,0,6,2,64,7.1,16.98,14.36,46,8.96,31.0,20.76,Punjab Kings,2025,20000000,,
594,1173,RD Chahar,india,26.0,,bowler,right-handed-bat,right-arm-legbreak,0,5,5.0,100.0,0,1,0,8,129,8.06,104.04,0,13,5,7,7.59,23.86,18.86,75,7.72,28.55,22.19,Sunrisers Hyderabad,2025,32000000,,
600,1022,RA Tripathi,india,34.0,,batsman,right-handed-bat,right-arm-medium,0,97,19.4,144.78,0,11,5,10,2236,26.94,139.32,12,223,84,0,0.0,0.0,0.0,0,12.0,0.0,0.0,Chennai Super Kings,2025,34000000,,
626,1108,MJ Santner,new zealand,33.0,,bowling-allrounder,left-handed-bat,left-arm-orthodox,31,725,16.86,120.24,1,55,24,5,70,11.67,98.6,0,4,3,120,7.04,22.18,18.9,15,6.92,28.13,24.4,Mumbai Indians,2025,20000000,,
629,1163,L Ngidi,south africa,29.0,,bowler,right-handed-bat,right-arm-fast,8,41,8.2,78.85,0,4,0,0,0,0.0,0.0,0,0,0,63,9.24,20.95,13.6,25,8.3,17.92,12.96,Royal Challengers Bengaluru,2025,10000000,,
645,1086,Arshad Khan,india,29.0,,bowler,right-handed-bat,right-arm-fast,3,27,13.5,135.0,0,3,1,8,41,20.5,164.0,0,3,3,27,9.04,27.85,18.48,74,8.87,26.68,18.04,Lucknow Super Giants,2025,97500000,,
649,1017,R Ashwin,india,39.0,,bowling-allrounder,right-handed-bat,right-arm-offbreak,12,184,26.29,115.0,0,17,4,34,800,13.33,118.52,1,61,28,72,6.91,23.22,20.17,180,7.12,29.83,25.13,Chennai Super Kings,2025,97500000,,
655,1088,DA Miller,south africa,36.0,,batsman,left-handed-bat,,36,2593,33.24,140.78,8,168,130,43,2924,36.1,139.24,13,207,134,0,0.0,0.0,0.0,0,0.0,0.0,0.0,Lucknow Super Giants,2025,75000000,,
663,1032,KL Nagarkoti,india,26.0,,bowler,right-handed-bat,right-arm-fast,0,0,0.0,0.0,0,0,0,3,22,5.5,66.67,0,1,0,0,0.0,0.0,0.0,5,9.5,57.0,36.0,Chennai Super Kings,2025,3000000,,
677,1084,M Markande,india,28.0,,bowler,right-handed-bat,right-arm-legbreak,0,0,0.0,0.0,0,0,0,8,48,16.0,114.29,0,5,1,0,7.75,0.0,0.0,37,8.91,28.89,19.46,Kolkata Knight Riders,2025,3000000,,
681,1082,AS Roy,india,27.0,,batting-allrounder,left-handed-bat,left-arm-orthodox,0,0,0.0,0.0,0,0,0,3,26,8.67,108.34,0,3,0,0,0.0,0.0,0.0,5,8.43,38.2,27.2,Kolkata Knight Riders,2025,4000000,,
687,1079,AM Rahane,india,37.0,,batsman,right-handed-bat,right-arm-medium,2,375,20.83,113.3,1,32,6,17,4642,30.14,123.43,30,478,103,0,0.0,0.0,0.0,1,5.0,5.0,6.0,Kolkata Knight Riders,2025,15000000,,
693,1044,PVD Chameera,sri lanka,33.0,,bowler,right-handed-bat,right-arm-fast,13,101,6.73,89.39,0,9,1,4,43,10.75,153.58,0,3,3,55,8.09,28.87,21.42,9,9.19,48.0,31.33,Delhi Capitals,2025,7500000,,
700,1055,Washington Sundar,india,26.0,,bowling-allrounder,left-handed-bat,right-arm-offbreak,8,193,13.79,121.39,1,16,9,13,378,14.0,116.31,0,32,9,48,6.94,23.5,20.31,37,7.54,35.81,28.49,Gujarat Titans,2025,32000000,,
704,1076,MM Ali,england,38.0,,batting-allrounder,left-handed-bat,right-arm-offbreak,17,1229,21.19,142.42,7,88,68,6,1162,22.78,141.54,6,95,67,51,8.31,27.14,19.59,35,7.07,25.51,21.66,Kolkata Knight Riders,2025,20000000,,
717,1056,SE Rutherford,west indies,27.0,,batting-allrounder,left-handed-bat,right-arm-fast-medium,6,428,25.18,143.15,2,26,29,2,106,15.14,101.93,0,3,8,1,10.29,72.0,42.0,1,8.63,59.0,41.0,Gujarat Titans,2025,26000000,,
724,1023,SM Curran,england,27.0,,bowling-allrounder,left-handed-bat,left-arm-fast-medium,9,356,14.24,124.48,1,21,15,13,883,25.23,136.48,5,74,37,54,8.41,27.07,19.31,58,9.65,32.76,20.36,Chennai Super Kings,2025,24000000,,
729,1051,DG Nalkande,india,27.0,,bowling-allrounder,right-handed-bat,right-arm-fast-medium,0,0,0.0,0.0,0,0,0,0,12,6.0,100.0,0,0,1,0,0.0,0.0,0.0,6,10.57,24.67,14.0,Delhi Capitals,2025,3000000,,
732,1122,Arshdeep Singh,india,26.0,,bowler,left-handed-bat,left-arm-fast-medium,13,71,8.88,116.4,0,6,3,7,29,5.8,72.5,0,4,0,99,8.3,18.3,13.23,76,9.03,27.0,17.95,Punjab Kings,2025,180000000,,
736,1072,A Nortje,south africa,32.0,,bowler,right-handed-bat,right-arm-fast,6,17,2.83,48.58,0,1,0,9,49,8.17,100.0,0,6,0,53,7.01,19.17,16.4,60,8.96,26.23,17.57,Kolkata Knight Riders,2025,65000000,,
742,1155,Rasikh Salam,india,25.0,,bowler,right-handed-bat,right-arm-fast-medium,0,0,0.0,0.0,0,0,0,1,40,8.0,100.0,0,5,0,0,0.0,0.0,0.0,9,10.43,37.67,21.67,Royal Challengers Bengaluru,2025,60000000,,
748,1154,LS Livingstone,england,32.0,,batting-allrounder,right-handed-bat,right-arm-legbreak,9,955,25.13,148.99,2,54,59,6,939,28.45,162.46,6,66,66,33,8.73,25.39,17.45,11,9.14,35.73,23.45,Royal Challengers Bengaluru,2025,87500000,,
758,1102,Harmeet Singh,india,29.0,,batsman,right-handed-bat,right-arm-offbreak,0,0,0.0,0.0,0,0,0,0,0,0.0,0.0,0,0,0,0,0.0,0.0,0.0,0,0.0,0.0,0.0,Lucknow Super Giants,2025,3000000,,
762,1160,D Padikkal,india,25.0,,batsman,left-handed-bat,right-arm-offbreak,0,38,19.0,100.0,0,2,1,2,1559,25.15,123.15,9,169,42,0,0.0,0.0,0.0,0,0.0,0.0,0.0,Royal Challengers Bengaluru,2025,20000000,,
767,1059,R Sai Kishore,india,29.0,,bowling-allrounder,left-handed-bat,left-arm-orthodox,0,0,0.0,0.0,0,0,0,1,13,13.0,216.67,0,0,2,4,5.25,15.75,18.0,13,8.32,19.85,14.31,Gujarat Titans,2025,20000000,,
771,1138,TU Deshpande,india,30.0,,bowler,left-handed-bat,right-arm-fast-medium,0,0,0.0,0.0,0,0,0,3,21,21.0,150.0,0,2,1,2,9.33,28.0,18.0,42,9.65,29.6,18.4,Rajasthan Royals,2025,65000000,,
780,1095,M Siddharth,india,27.0,,bowler,right-handed-bat,left-arm-orthodox,0,0,0.0,0.0,0,0,0,0,0,0.0,0.0,0,0,0,0,0.0,0.0,0.0,1,7.89,71.0,54.0,Lucknow Super Giants,2025,7500000,,
793,1100,Arshdeep Singh,india,23.0,,bowler,right-handed-bat,left-arm-fast-medium,0,0,0.0,0.0,0,0,0,0,0,0.0,0.0,0,0,0,0,0.0,0.0,0.0,5,9.87,45.4,27.6,Lucknow Super Giants,2025,3000000,,
798,1091,Shahbaz Ahmed,india,31.0,,bowling-allrounder,left-handed-bat,left-arm-orthodox,0,0,0.0,0.0,0,0,0,9,536,19.14,121.82,1,28,25,2,7.69,20.5,16.0,21,9.35,39.86,25.57,Lucknow Super Giants,2025,24000000,,
808,1089,Abdul Samad,india,24.0,,batting-allrounder,right-handed-bat,right-arm-legbreak,0,0,0.0,0.0,0,0,0,10,577,19.23,146.08,0,37,36,0,0.0,0.0,0.0,2,12.56,56.5,27.0,Lucknow Super Giants,2025,42000000,,
819,1071,VR Iyer,india,31.0,,batting-allrounder,left-handed-bat,right-arm-medium,3,133,33.25,162.2,0,15,5,7,1326,31.57,137.13,11,121,61,5,8.18,15.0,11.0,3,10.59,47.67,27.0,Kolkata Knight Riders,2025,237500000,,
821,1078,VG Arora,india,28.0,,bowler,right-handed-bat,right-arm-fast-medium,0,0,0.0,0.0,0,0,0,6,9,4.5,56.25,0,0,0,0,0.0,0.0,0.0,19,9.18,30.84,20.16,Kolkata Knight Riders,2025,18000000,,
825,1124,M Jansen,south africa,25.0,,bowling-allrounder,right-handed-bat,left-arm-fast,3,166,18.44,149.55,1,13,11,6,66,9.43,100.0,0,5,2,16,8.14,31.63,23.31,20,9.53,35.75,22.5,Punjab Kings,2025,70000000,,
828,1115,Arjun Tendulkar,india,26.0,,bowling-allrounder,left-handed-bat,left-arm-fast-medium,0,0,0.0,0.0,0,0,0,0,13,13.0,144.45,0,0,1,0,0.0,0.0,0.0,3,9.37,38.0,24.33,Mumbai Indians,2025,3000000,,
852,1140,M Theekshana,sri lanka,25.0,,bowler,right-handed-bat,right-arm-offbreak,9,66,3.88,64.08,0,4,2,1,7,7.0,100.0,0,0,1,58,6.88,26.57,23.17,25,7.66,31.88,24.96,Rajasthan Royals,2025,44000000,,
854,1097,RS Hangargekar,india,23.0,,bowling-allrounder,right-handed-bat,right-arm-fast-medium,0,0,0.0,0.0,0,0,0,0,0,0.0,0.0,0,0,0,0,0.0,0.0,0.0,3,10.0,20.0,12.0,Lucknow Super Giants,2025,3000000,,
856,1175,Simarjeet Singh,india,27.0,,bowler,right-handed-bat,right-arm-fast-medium,0,0,0.0,0.0,0,0,0,2,7,7.0,87.5,0,0,0,0,0.0,0.0,0.0,9,8.63,28.78,20.0,Sunrisers Hyderabad,2025,15000000,,
858,1018,DP Conway,new zealand,34.0,,wk-batsman,left-handed-bat,right-arm-medium,9,1408,38.05,127.77,10,135,37,3,924,48.63,141.29,9,99,30,0,0.0,0.0,0.0,0,0.0,0.0,0.0,Chennai Super Kings,2025,62500000,,
861,1033,Mukesh Choudhary,india,29.0,,bowler,left-handed-bat,left-arm-fast-medium,0,0,0.0,0.0,0,0,0,1,6,6.0,100.0,0,1,0,0,0.0,0.0,0.0,16,9.7,28.19,17.44,Chennai Super Kings,2025,3000000,,
867,1172,A Manohar,india,31.0,,batsman,right-handed-bat,right-arm-legbreak,0,0,0.0,0.0,0,0,0,1,231,16.5,132.76,0,21,10,0,0.0,0.0,0.0,0,0.0,0.0,0.0,Sunrisers Hyderabad,2025,32000000,,
879,1148,Abhishek Sharma,india,23.0,,bowler,right-handed-bat,right-arm-fast-medium,0,0,0.0,0.0,0,0,0,0,0,0.0,0.0,0,0,0,0,0.0,0.0,0.0,0,0.0,0.0,0.0,Rajasthan Royals,2025,3000000,,
887,1157,TH David,australia,29.0,,batsman,right-handed-bat,right-arm-offbreak,12,1201,33.36,161.21,6,101,65,12,659,28.65,170.29,0,38,46,5,9.33,51.0,32.8,0,0.0,0.0,0.0,Royal Challengers Bengaluru,2025,30000000,,
892,1062,Arshad Khan,india,28.0,,bowling-allrounder,left-handed-bat,left-arm-medium,0,0,0.0,0.0,0,0,0,3,101,25.25,146.38,1,6,6,0,0.0,0.0,0.0,6,12.49,50.67,24.33,Gujarat Titans,2025,13000000,,
897,1118,RA Bawa,india,23.0,,batting-allrounder,left-handed-bat,right-arm-fast-medium,0,0,0.0,0.0,0,0,0,0,11,5.5,78.58,0,1,0,0,0.0,0.0,0.0,0,0.0,0.0,0.0,Mumbai Indians,2025,3000000,,
899,1025,NT Ellis,australia,31.0,,bowler,right-handed-bat,right-arm-fast-medium,3,18,6.0,47.37,0,0,0,1,19,4.75,76.0,0,0,1,32,7.66,16.91,13.25,18,8.61,28.22,19.67,Chennai Super Kings,2025,20000000,,
903,1183,Atharva Taide,india,25.0,,batsman,left-handed-bat,left-arm-orthodox,0,0,0.0,0.0,0,0,0,0,247,27.44,147.03,2,27,8,0,0.0,0.0,0.0,0,0.0,0.0,0.0,Sunrisers Hyderabad,2025,3000000,,
907,1054,M Prasidh Krishna,india,29.0,,bowler,right-handed-bat,right-arm-fast,0,0,0.0,0.0,0,0,0,7,9,3.0,37.5,0,0,0,8,11.0,27.5,15.0,49,8.92,34.76,23.37,Gujarat Titans,2025,95000000,,
916,1139,PWH de Silva,sri lanka,28.0,,bowling-allrounder,right-handed-bat,right-arm-legbreak,14,712,13.43,128.99,2,71,16,4,72,7.2,98.64,0,7,1,131,6.99,15.41,13.24,35,8.13,21.37,15.77,Rajasthan Royals,2025,52500000,,
919,1087,Akash Deep,india,29.0,,bowler,right-handed-bat,right-arm-fast-medium,0,0,0.0,0.0,0,0,0,1,19,9.5,158.34,0,2,1,0,0.0,0.0,0.0,7,11.67,45.57,23.43,Lucknow Super Giants,2025,80000000,,
924,1092,AK Markram,south africa,31.0,,batsman,right-handed-bat,right-arm-offbreak,8,1367,30.38,143.9,9,123,56,9,995,30.15,129.73,5,73,35,13,8.54,37.46,26.31,2,8.53,86.0,60.5,Lucknow Super Giants,2025,20000000,,
926,1162,R Shepherd,west indies,31.0,,bowling-allrounder,right-handed-bat,right-arm-fast-medium,14,537,26.85,139.12,0,25,39,4,115,23.0,182.54,0,7,10,56,9.8,27.54,16.86,4,12.24,64.25,31.5,Royal Challengers Bengaluru,2025,15000000,,
929,1058,GD Phillips,new zealand,29.0,,batting-allrounder,right-handed-bat,right-arm-offbreak,12,1928,31.1,140.53,10,138,91,1,65,9.29,118.19,0,3,6,6,7.36,26.17,21.33,2,8.0,20.0,15.0,Gujarat Titans,2025,20000000,,
931,1142,Fazalhaq Farooqi,afghanistan,25.0,,bowler,right-handed-bat,left-arm-fast-medium,9,12,4.0,63.16,0,1,0,2,3,0.0,23.08,0,0,0,54,6.71,19.09,17.07,6,8.96,37.83,25.33,Rajasthan Royals,2025,20000000,,
934,1151,PD Salt,england,29.0,,wk-batsman,right-handed-bat,right-arm-offbreak,5,1193,34.09,164.33,5,116,61,2,653,34.37,175.54,6,74,34,0,0.0,0.0,0.0,0,0.0,0.0,0.0,Royal Challengers Bengaluru,2025,115000000,,
938,1037,Mukesh Kumar,india,32.0,,bowler,right-handed-bat,right-arm-fast-medium,3,5,5.0,100.0,0,1,0,4,10,10.0,55.56,0,0,0,20,9.02,24.35,16.2,24,10.44,28.92,16.63,Delhi Capitals,2025,80000000,,
943,1159,Sandeep Sharma,india,22.0,,bowler,right-handed-bat,right-arm-legbreak,0,0,0.0,0.0,0,0,0,0,0,0.0,0.0,0,0,0,0,0.0,0.0,0.0,10,8.65,37.2,25.8,Royal Challengers Bengaluru,2025,26000000,,
945,1130,Yash Thakur,india,27.0,,bowler,right-handed-bat,right-arm-fast-medium,0,0,0.0,0.0,0,0,0,0,0,0.0,0.0,0,0,0,0,0.0,0.0,0.0,24,10.26,28.79,16.83,Punjab Kings,2025,16000000,,
954,1165,Mohit Rathee,india,26.0,,bowling-allrounder,right-handed-bat,right-arm-legbreak,0,0,0.0,0.0,0,0,0,1,1,0.0,50.0,0,0,0,0,0.0,0.0,0.0,0,14.5,0.0,0.0,Royal Challengers Bengaluru,2025,3000000,,
957,1043,D Ferreira,south africa,27.0,,wk-batsman,right-handed-bat,right-arm-offbreak,0,79,15.8,158.0,0,2,6,0,8,4.0,72.73,0,0,0,0,12.33,0.0,0.0,0,0.0,0.0,0.0,Delhi Capitals,2025,7500000,,
959,1149,KS Rathore,india,23.0,,wk-batsman,left-handed-bat,right-arm-offbreak,0,0,0.0,0.0,0,0,0,0,0,0.0,0.0,0,0,0,0,0.0,0.0,0.0,0,0.0,0.0,0.0,Rajasthan Royals,2025,3000000,,
964,1168,MS Bhandage,india,27.0,,batting-allrounder,left-handed-bat,right-arm-fast-medium,0,0,0.0,0.0,0,0,0,0,0,0.0,0.0,0,0,0,0,0.0,0.0,0.0,0,0.0,0.0,0.0,Royal Challengers Bengaluru,2025,3000000,,
966,1105,WG Jacks,england,27.0,,batting-allrounder,right-handed-bat,right-arm-offbreak,0,383,18.24,136.79,0,40,15,1,230,32.86,175.58,1,16,18,1,13.67,41.0,18.0,2,11.11,50.0,27.0,Mumbai Indians,2025,52500000,,
968,1111,RJW Topley,england,31.0,6.7,bowler,right-handed-bat,left-arm-fast-medium,8,17,8.5,85.0,0,1,0,1,3,0.0,50.0,0,0,0,33,8.31,29.64,21.39,5,10.71,36.4,20.4,Mumbai Indians,2025,7500000,,
972,1038,HC Brook,england,26.0,,batsman,right-handed-bat,right-arm-medium,9,798,28.5,146.16,4,65,34,2,190,21.11,123.38,0,23,4,0,0.0,0.0,0.0,0,0.0,0.0,0.0,Delhi Capitals,2025,62500000,,
979,1042,Sameer Rizvi,india,22.0,,batsman,right-handed-bat,right-arm-offbreak,0,0,0.0,0.0,0,0,0,1,51,12.75,118.61,0,4,2,0,0.0,0.0,0.0,0,0.0,0.0,0.0,Delhi Capitals,2025,9500000,,
981,1020,R Ravindra,new zealand,26.0,,batting-allrounder,left-handed-bat,left-arm-orthodox,6,309,17.17,127.69,2,19,14,0,222,22.2,160.87,1,22,12,13,6.59,20.77,18.92,0,3.5,0.0,0.0,Chennai Super Kings,2025,40000000,,
985,1066,Kumar Kushagra,india,21.0,,wk-batsman,right-handed-bat,,0,0,0.0,0.0,0,0,0,0,3,1.0,42.86,0,0,0,0,0.0,0.0,0.0,0,0.0,0.0,0.0,Gujarat Titans,2025,6500000,,
988,1075,SH Johnson,australia,30.0,,bowler,left-handed-bat,left-arm-fast,0,0,0.0,0.0,0,0,0,3,6,0.0,85.72,0,1,0,14,8.96,17.07,11.43,4,9.44,37.75,24.0,Kolkata Knight Riders,2025,28000000,,
990,1068,MJ Suthar,india,23.0,,bowler,left-handed-bat,left-arm-orthodox,0,0,0.0,0.0,0,0,0,0,1,1.0,50.0,0,0,0,0,0.0,0.0,0.0,0,13.0,0.0,0.0,Gujarat Titans,2025,3000000,,
992,1112,R Minz,india,23.0,,wk-batsman,left-handed-bat,right-arm-offbreak,0,0,0.0,0.0,0,0,0,0,0,0.0,0.0,0,0,0,0,0.0,0.0,0.0,0,0.0,0.0,0.0,Mumbai Indians,2025,6500000,,
995,1127,Azmatullah Omarzai,afghanistan,25.0,,bowling-allrounder,right-handed-bat,right-arm-fast-medium,4,474,14.36,111.01,0,30,18,0,42,10.5,127.28,0,2,2,31,8.37,30.16,21.61,4,8.86,46.5,31.5,Punjab Kings,2025,24000000,,
997,1074,A Raghuvanshi,india,21.0,,batsman,right-handed-bat,right-arm-offbreak,0,0,0.0,0.0,0,0,0,0,163,23.29,155.24,1,16,8,0,0.0,0.0,0.0,0,0.0,0.0,0.0,Kolkata Knight Riders,2025,30000000,,
999,1096,AA Kulkarni,india,20.0,,batting-allrounder,right-handed-bat,right-arm-fast-medium,0,0,0.0,0.0,0,0,0,0,9,4.5,112.5,0,2,0,0,0.0,0.0,0.0,0,0.0,0.0,0.0,Lucknow Super Giants,2025,3000000,,
1002,1021,A Kamboj,india,25.0,,bowling-allrounder,right-handed-bat,right-arm-fast-medium,0,0,0.0,0.0,0,0,0,1,2,0.0,100.0,0,0,0,0,0.0,0.0,0.0,2,11.4,57.0,30.0,Chennai Super Kings,2025,34000000,,
1004,1106,Naman Dhir,india,26.0,,batsman,right-handed-bat,right-arm-offbreak,0,0,0.0,0.0,0,0,0,1,140,23.33,177.22,1,12,10,0,0.0,0.0,0.0,0,11.79,0.0,0.0,Mumbai Indians,2025,52500000,,
1006,1161,N Thushara,sri lanka,31.0,,bowler,right-handed-bat,right-arm-fast-medium,5,9,4.5,52.95,0,1,0,0,0,0.0,0.0,0,0,0,26,7.65,16.73,13.12,8,9.88,32.13,19.5,Royal Challengers Bengaluru,2025,16000000,,
1008,1057,G Coetzee,south africa,25.0,,bowler,right-handed-bat,right-arm-fast,2,81,11.57,135.0,0,4,6,1,14,3.5,63.64,0,0,1,12,10.57,30.25,17.17,13,10.18,26.23,15.46,Gujarat Titans,2025,24000000,,
1011,1039,Abhishek Sharma,india,27.0,,batting-allrounder,right-handed-bat,right-arm-medium,0,0,0.0,0.0,0,0,0,2,189,27.0,167.26,1,10,15,0,0.0,0.0,0.0,0,0.0,0.0,0.0,Delhi Capitals,2025,38000000,,
1013,1146,SB Dubey,india,31.0,,batsman,left-handed-bat,right-arm-offbreak,0,0,0.0,0.0,0,0,0,1,33,16.5,173.69,0,3,2,0,0.0,0.0,0.0,0,0.0,0.0,0.0,Rajasthan Royals,2025,8000000,,
1018,1024,Gurkeerat Singh,india,27.0,,bowler,right-handed-bat,left-arm-fast-medium,0,0,0.0,0.0,0,0,0,0,0,0.0,0.0,0,0,0,0,0.0,0.0,0.0,0,0.0,0.0,0.0,Chennai Super Kings,2025,22000000,,
1019,1026,J Overton,england,31.0,,bowler,right-handed-bat,right-arm-fast,2,50,8.33,106.39,0,3,1,0,0,0.0,0.0,0,0,0,11,8.21,16.91,12.36,0,0.0,0.0,0.0,Chennai Super Kings,2025,15000000,,
1020,1029,MA Starc,india,19.0,,batsman,right-handed-bat,,0,0,0.0,0.0,0,0,0,0,0,0.0,0.0,0,0,0,0,0.0,0.0,0.0,0,0.0,0.0,0.0,Chennai Super Kings,2025,3000000,,
1021,1036,J Fraser-McGurk,australia,23.0,,batsman,right-handed-bat,right-arm-legbreak,0,113,16.14,143.04,1,16,3,0,330,36.67,234.05,4,32,28,0,0.0,0.0,0.0,0,0.0,0.0,0.0,Delhi Capitals,2025,90000000,,
1022,1045,V Nigam,india,21.0,,batting-allrounder,right-handed-bat,right-arm-legbreak,0,0,0.0,0.0,0,0,0,0,0,0.0,0.0,0,0,0,0,0.0,0.0,0.0,0,0.0,0.0,0.0,Delhi Capitals,2025,5000000,,
1023,1047,M Tiwari,india,22.0,,bowling-allrounder,right-handed-bat,right-arm-fast-medium,0,0,0.0,0.0,0,0,0,0,0,0.0,0.0,0,0,0,0,0.0,0.0,0.0,0,0.0,0.0,0.0,Delhi Capitals,2025,4000000,,
1024,1048,M Vijay,india,24.0,,batting-allrounder,right-handed-bat,right-arm-offbreak,0,0,0.0,0.0,0,0,0,0,0,0.0,0.0,0,0,0,0,0.0,0.0,0.0,0,0.0,0.0,0.0,Delhi Capitals,2025,3000000,,
1025,1049,MJ Guptill,india,21.0,,bowling-allrounder,left-handed-bat,right-arm-fast-medium,0,0,0.0,0.0,0,0,0,0,0,0.0,0.0,0,0,0,0,0.0,0.0,0.0,0,0.0,0.0,0.0,Delhi Capitals,2025,3000000,,
1026,1061,Gurnoor Brar,india,25.0,,bowler,left-handed-bat,right-arm-fast,0,0,0.0,0.0,0,0,0,0,0,0.0,0.0,0,0,0,0,0.0,0.0,0.0,0,14.0,0.0,0.0,Gujarat Titans,2025,13000000,,
1027,1063,Karim Janat,afghanistan,27.0,,bowling-allrounder,right-handed-bat,right-arm-fast-medium,9,691,17.72,115.94,4,49,28,0,0,0.0,0.0,0,0,0,42,8.19,27.14,19.88,0,0.0,0.0,0.0,Gujarat Titans,2025,7500000,,
1028,1077,Rahmanullah Gurbaz,afghanistan,24.0,,wk-batsman,right-handed-bat,,0,1683,25.5,134.43,10,128,95,0,289,22.23,133.8,2,24,19,0,0.0,0.0,0.0,0,0.0,0.0,0.0,Kolkata Knight Riders,2025,20000000,,
1029,1125,Priyansh Arya,india,24.0,,batsman,left-handed-bat,right-arm-offbreak,0,0,0.0,0.0,0,0,0,0,0,0.0,0.0,0,0,0,0,0.0,0.0,0.0,0,0.0,0.0,0.0,Punjab Kings,2025,38000000,,
1030,1126,JP Inglis,australia,30.0,,wk-batsman,right-handed-bat,,5,706,30.7,156.89,0,67,28,0,0,0.0,0.0,0,0,0,0,0.0,0.0,0.0,0,0.0,0.0,0.0,Punjab Kings,2025,26000000,,
1031,1129,Vijaykumar Vyshak,india,28.0,,bowler,right-handed-bat,right-arm-medium,0,0,0.0,0.0,0,0,0,2,14,7.0,116.67,0,0,1,0,0.0,0.0,0.0,13,10.26,30.38,17.77,Punjab Kings,2025,18000000,,
1032,1133,XC Bartlett,australia,27.0,,bowler,right-handed-bat,right-arm-fast-medium,0,5,2.5,50.0,0,1,0,0,0,0.0,0.0,0,0,0,11,6.85,14.73,12.91,0,0.0,0.0,0.0,Punjab Kings,2025,8000000,,
1033,1136,Suryansh Shedge,india,22.0,,batting-allrounder,right-handed-bat,right-arm-fast-medium,0,0,0.0,0.0,0,0,0,0,0,0.0,0.0,0,0,0,0,0.0,0.0,0.0,0,0.0,0.0,0.0,Punjab Kings,2025,3000000,,
1034,1137,M Shahrukh Khan,india,20.0,,batting-allrounder,right-handed-bat,left-arm-orthodox,0,0,0.0,0.0,0,0,0,0,0,0.0,0.0,0,0,0,0,0.0,0.0,0.0,0,0.0,0.0,0.0,Punjab Kings,2025,3000000,,
1035,1143,KT Maphaka,south africa,19.0,,bowler,left-handed-bat,left-arm-fast-medium,3,16,0.0,84.22,0,2,0,0,0,0.0,0.0,0,0,0,3,9.98,56.0,33.67,1,14.83,89.0,36.0,Rajasthan Royals,2025,15000000,,
1036,1144,Akash Madhwal,india,32.0,,bowler,right-handed-bat,right-arm-fast-medium,0,0,0.0,0.0,0,0,0,1,4,0.0,80.0,0,0,0,0,0.0,0.0,0.0,19,9.71,22.32,13.79,Rajasthan Royals,2025,12000000,,
1037,1145,V Suryavanshi,india,14.0,,batsman,left-handed-bat,left-arm-orthodox,0,0,0.0,0.0,0,0,0,0,0,0.0,0.0,0,0,0,0,0.0,0.0,0.0,0,0.0,0.0,0.0,Rajasthan Royals,2025,11000000,,
1038,1158,JG Bethell,england,22.0,,batting-allrounder,left-handed-bat,left-arm-orthodox,3,196,32.67,147.37,2,14,11,0,0,0.0,0.0,0,0,0,0,9.33,0.0,0.0,0,0.0,0.0,0.0,Royal Challengers Bengaluru,2025,26000000,,
1039,1166,Arshdeep Singh,india,28.0,,bowler,right-handed-bat,right-arm-fast-medium,0,0,0.0,0.0,0,0,0,0,0,0.0,0.0,0,0,0,0,0.0,0.0,0.0,0,0.0,0.0,0.0,Royal Challengers Bengaluru,2025,3000000,,
1040,1176,E Malinga,sri lanka,24.0,,bowler,left-handed-bat,right-arm-fast-medium,0,0,0.0,0.0,0,0,0,0,0,0.0,0.0,0,0,0,0,0.0,0.0,0.0,0,0.0,0.0,0.0,Sunrisers Hyderabad,2025,12000000,,
1041,1180,Zeeshan Ansari,india,26.0,,bowler,right-handed-bat,right-arm-legbreak,0,0,0.0,0.0,0,0,0,0,0,0.0,0.0,0,0,0,0,0.0,0.0,0.0,0,0.0,0.0,0.0,Sunrisers Hyderabad,2025,4000000,,
1042,1182,Aniket Verma,india,23.0,,batsman,right-handed-bat,right-arm-medium,0,0,0.0,0.0,0,0,0,0,0,0.0,0.0,0,0,0,0,0.0,0.0,0.0,0,0.0,0.0,0.0,Sunrisers Hyderabad,2025,3000000,,
1053,1069,Anuj Rawat,india,26.0,,wk-batsman,left-handed-bat,,0,0,0.0,0.0,0,0,0,5,318,19.88,119.11,1,26,14,0,0.0,0.0,0.0,0,0.0,0.0,0.0,Gujarat Titans,2025,3000000,,
1054,1132,Vishnu Vinod,india,32.0,,wk-batsman,right-handed-bat,,0,0,0.0,0.0,0,0,0,0,56,9.33,98.25,0,3,3,0,0.0,0.0,0.0,0,0.0,0.0,0.0,Punjab Kings,2025,9500000,,
1056,1034,SK Rasheed,india,21.0,,batsman,right-handed-bat,right-arm-legbreak,0,0,0.0,0.0,0,0,0,0,0,0.0,0.0,0,0,0,0,0.0,0.0,0.0,0,0.0,0.0,0.0,Chennai Super Kings,2025,3000000,,
1057,1081,Umran Malik,india,26.0,,bowler,right-handed-bat,right-arm-fast,2,5,0.0,250.0,0,1,0,4,23,11.5,143.75,0,1,2,11,10.49,22.09,12.64,29,9.4,26.62,17.0,Kolkata Knight Riders,2025,7500000,,
1058,1093,MP Breetzke,south africa,27.0,,wk-batsman,right-handed-bat,,1,151,16.78,122.77,1,13,6,0,0,0.0,0.0,0,0,0,0,0.0,0.0,0.0,0,0.0,0.0,0.0,Lucknow Super Giants,2025,7500000,,
1059,1094,S Joseph,west indies,26.0,,bowler,left-handed-bat,right-arm-fast,3,5,0.0,125.0,0,1,0,0,0,0.0,0.0,0,0,0,10,9.68,27.1,16.8,0,11.75,0.0,0.0,Lucknow Super Giants,2025,7500000,,
1060,1099,Prince Yadav,india,27.0,,bowler,right-handed-bat,right-arm-medium,0,0,0.0,0.0,0,0,0,0,0,0.0,0.0,0,0,0,0,0.0,0.0,0.0,0,0.0,0.0,0.0,Lucknow Super Giants,2025,3000000,,
1061,1101,Gurkeerat Singh,india,26.0,,bowling-allrounder,right-handed-bat,right-arm-legbreak,0,0,0.0,0.0,0,0,0,0,0,0.0,0.0,0,0,0,0,0.0,0.0,0.0,0,0.0,0.0,0.0,Lucknow Super Giants,2025,3000000,,
1062,1109,RD Rickelton,south africa,29.0,,wk-batsman,left-handed-bat,,0,263,20.23,134.88,1,18,16,0,0,0.0,0.0,0,0,0,0,0.0,0.0,0.0,0,0.0,0.0,0.0,Mumbai Indians,2025,10000000,,
1063,1110,LB Williams,south africa,32.0,,bowler,left-handed-bat,right-arm-fast-medium,3,6,1.5,35.3,0,0,0,1,1,0.0,50.0,0,0,0,20,9.5,24.55,15.5,1,12.0,72.0,36.0,Mumbai Indians,2025,7500000,,
1064,1114,V Puthur,india,24.0,,batting-allrounder,right-handed-bat,left-arm-wrist-spin,0,0,0.0,0.0,0,0,0,0,0,0.0,0.0,0,0,0,0,0.0,0.0,0.0,0,0.0,0.0,0.0,Mumbai Indians,2025,3000000,,
1065,1117,PVSN Raju,india,26.0,,bowler,right-handed-bat,right-arm-fast-medium,0,0,0.0,0.0,0,0,0,0,0,0.0,0.0,0,0,0,0,0.0,0.0,0.0,0,0.0,0.0,0.0,Mumbai Indians,2025,3000000,,
1066,1120,Ashwani Kumar,india,24.0,,bowler,left-handed-bat,left-arm-fast-medium,0,0,0.0,0.0,0,0,0,0,0,0.0,0.0,0,0,0,0,0.0,0.0,0.0,0,0.0,0.0,0.0,Mumbai Indians,2025,3000000,,
